{
"type": "FeatureCollection",
"name": "nivel5",
"crs": { "type": "name", "properties": { "name": "urn:ogc:def:crs:OGC:1.3:CRS84" } },
"features": [
{ "type": "Feature", "properties": { "wts_pk": 133578, "codigo_otto": "82451", "nivel_otto_declarado": 5, "area_m2_bho": 566.42648018060834, "nivel_otto": 5 }, "geometry": { "type": "MultiPolygon", "coordinates": [ [ [ [ -57.217564709568222, -30.024120847850973 ], [ -57.2171801, -30.0231881 ], [ -57.215749184044263, -30.022558627073998 ], [ -57.217564709568222, -30.024120847850973 ] ] ], [ [ [ -57.2148652, -30.0221536 ], [ -57.2135034, -30.0213539 ], [ -57.2129455, -30.02080010000001 ], [ -57.2128077, -30.0188882 ], [ -57.2123093, -30.0179661 ], [ -57.2124605, -30.0164718 ], [ -57.2121675, -30.0159818 ], [ -57.2110752, -30.0155525 ], [ -57.2107706, -30.0152806 ], [ -57.2104917, -30.0143163 ], [ -57.2095182, -30.0139542 ], [ -57.2075744, -30.0139294 ], [ -57.2075192, -30.0149016 ], [ -57.2069536, -30.0155578 ], [ -57.2065757, -30.0157804 ], [ -57.2058176, -30.0155612 ], [ -57.205403, -30.015187 ], [ -57.2053551, -30.0139117 ], [ -57.2049009, -30.013280399999989 ], [ -57.204716, -30.0124265 ], [ -57.204433, -30.0123547 ], [ -57.2038652, -30.0127744 ], [ -57.2035237, -30.0127334 ], [ -57.2031993, -30.0124987 ], [ -57.2026666, -30.0119106 ], [ -57.2024063, -30.0110991 ], [ -57.2025743, -30.0103183 ], [ -57.201848, -30.009964 ], [ -57.2013348, -30.0093083 ], [ -57.1998674, -30.0083149 ], [ -57.1996327, -30.0079847 ], [ -57.1996638, -30.0075935 ], [ -57.1991413, -30.0070508 ], [ -57.1984864, -30.0068217 ], [ -57.1978056, -30.0076841 ], [ -57.1967262, -30.0080691 ], [ -57.1951836, -30.0080888 ], [ -57.1946785, -30.0078362 ], [ -57.1945125, -30.0074219 ], [ -57.1945346, -30.006562 ], [ -57.1950104, -30.0057963 ], [ -57.1944269, -30.0048396 ], [ -57.1932576, -30.0041064 ], [ -57.1927546, -30.0031731 ], [ -57.1917409, -30.0022628 ], [ -57.1909076, -30.0022628 ], [ -57.1908359, -30.0025425 ], [ -57.1901508, -30.0022103 ], [ -57.1893418, -30.0013497 ], [ -57.1888671, -30.0001163 ], [ -57.1879871, -29.9989661 ], [ -57.1873257, -29.9984328 ], [ -57.1871262, -29.9978708 ], [ -57.1873866, -29.9973422 ], [ -57.18808, -29.9967037 ], [ -57.187652, -29.9958967 ], [ -57.1865868, -29.9956905 ], [ -57.1848331, -29.9960964 ], [ -57.1838186, -29.9959143 ], [ -57.1833944, -29.9961534 ], [ -57.1825101, -29.9958908 ], [ -57.1812509, -29.996318 ], [ -57.1806931, -29.9954527 ], [ -57.1804965, -29.9942396 ], [ -57.1802432, -29.9940154 ], [ -57.1790662, -29.9935693 ], [ -57.1783225, -29.9926911 ], [ -57.1780161, -29.9925549 ], [ -57.1773308, -29.9926423 ], [ -57.1767811, -29.9929967 ], [ -57.1764525, -29.993495 ], [ -57.1760852, -29.993633599999988 ], [ -57.1751183, -29.9932516 ], [ -57.1745753, -29.9923348 ], [ -57.1730557, -29.9921976 ], [ -57.1721841, -29.99181930000001 ], [ -57.1708592, -29.9919801 ], [ -57.1694214, -29.9917594 ], [ -57.1681296, -29.9925406 ], [ -57.1680222, -29.9921301 ], [ -57.167591, -29.9917299 ], [ -57.167587, -29.990644199999984 ], [ -57.1678215, -29.9900052 ], [ -57.1672893, -29.9895009 ], [ -57.1672847, -29.9873942 ], [ -57.1669518, -29.9860276 ], [ -57.1660588, -29.9845848 ], [ -57.1651508, -29.9840452 ], [ -57.165074, -29.9830962 ], [ -57.1641334, -29.982922399999985 ], [ -57.1634126, -29.9830516 ], [ -57.1628465, -29.9828527 ], [ -57.1620414, -29.9828113 ], [ -57.1603517, -29.9830962 ], [ -57.1603046, -29.982237 ], [ -57.159585, -29.9815621 ], [ -57.1591407, -29.9798418 ], [ -57.1583374, -29.9789847 ], [ -57.1575895, -29.9783717 ], [ -57.1572366, -29.979091899999986 ], [ -57.1570522, -29.979185899999983 ], [ -57.1564306, -29.9791802 ], [ -57.1559044, -29.9789772 ], [ -57.1552853, -29.979164 ], [ -57.1543829, -29.9788753 ], [ -57.1537204, -29.9781591 ], [ -57.1539635, -29.9770373 ], [ -57.1538808, -29.976040699999988 ], [ -57.1525158, -29.9755169 ], [ -57.152081, -29.9751103 ], [ -57.148376, -29.9750269 ], [ -57.1474474, -29.9747844 ], [ -57.1461385, -29.9747655 ], [ -57.1457093, -29.9748687 ], [ -57.1453516, -29.9753185 ], [ -57.1450912, -29.9753322 ], [ -57.1450469, -29.9755887 ], [ -57.1447234, -29.975587 ], [ -57.1443163, -29.9752579 ], [ -57.1439749, -29.9745377 ], [ -57.1440038, -29.9737599 ], [ -57.1445222, -29.973112 ], [ -57.1441829, -29.972864 ], [ -57.1432286, -29.9727863 ], [ -57.1425069, -29.9722608 ], [ -57.1413162, -29.9727695 ], [ -57.1404976, -29.9725888 ], [ -57.1395182, -29.9730963 ], [ -57.1387701, -29.9725948 ], [ -57.1375379, -29.9723018 ], [ -57.1361411, -29.972208499999986 ], [ -57.1358563, -29.9712902 ], [ -57.1353077, -29.9707253 ], [ -57.1338848, -29.9705354 ], [ -57.1330424, -29.9700028 ], [ -57.1329679, -29.9698147 ], [ -57.1333924, -29.9685321 ], [ -57.133407, -29.967263 ], [ -57.132158, -29.9675365 ], [ -57.1313839, -29.9674911 ], [ -57.1299551, -29.9665235 ], [ -57.1292907, -29.9662973 ], [ -57.1281245, -29.9653382 ], [ -57.1293374, -29.963173 ], [ -57.1302637, -29.9621011 ], [ -57.1307083, -29.960482 ], [ -57.1314626, -29.9600407 ], [ -57.1316282, -29.9591126 ], [ -57.1309678, -29.9585033 ], [ -57.1309207, -29.9572994 ], [ -57.131078, -29.956978499999988 ], [ -57.1316979, -29.956489399999988 ], [ -57.1322959, -29.9550407 ], [ -57.1316544, -29.9547952 ], [ -57.1296953, -29.9546106 ], [ -57.1292037, -29.954997299999988 ], [ -57.1282426, -29.9549649 ], [ -57.1262254, -29.953805 ], [ -57.1254508, -29.9530177 ], [ -57.1252162, -29.9523619 ], [ -57.124518, -29.9519852 ], [ -57.1243045, -29.9512888 ], [ -57.125544, -29.9502461 ], [ -57.1258557, -29.9496195 ], [ -57.125875, -29.9491463 ], [ -57.1255555, -29.9485307 ], [ -57.1249031, -29.9480123 ], [ -57.1247176, -29.9474175 ], [ -57.1243092, -29.946832699999984 ], [ -57.1241458, -29.9453931 ], [ -57.1232296, -29.9445654 ], [ -57.1231291, -29.9442074 ], [ -57.1221687, -29.9447451 ], [ -57.1200405, -29.9447785 ], [ -57.1190041, -29.9450101 ], [ -57.1181979, -29.9448895 ], [ -57.1171261, -29.9460399 ], [ -57.1160975, -29.9454364 ], [ -57.1153513, -29.9453186 ], [ -57.1151797, -29.9448843 ], [ -57.1144294, -29.9445727 ], [ -57.1135525, -29.9447431 ], [ -57.1127706, -29.9447156 ], [ -57.1121148, -29.9444125 ], [ -57.1113568, -29.943772899999985 ], [ -57.110629, -29.9436519 ], [ -57.1103027, -29.9440541 ], [ -57.1095092, -29.943964299999983 ], [ -57.1090276, -29.9442512 ], [ -57.1087451, -29.944630499999985 ], [ -57.1083545, -29.9460179 ], [ -57.1078849, -29.9463816 ], [ -57.1072687, -29.9463739 ], [ -57.106254, -29.945632 ], [ -57.1054861, -29.9456884 ], [ -57.1048763, -29.9471268 ], [ -57.1049282, -29.9479891 ], [ -57.1045349, -29.9480548 ], [ -57.1040858, -29.9479358 ], [ -57.1033194, -29.9481418 ], [ -57.1020339, -29.9489326 ], [ -57.1016974, -29.9481857 ], [ -57.1013894, -29.9478762 ], [ -57.1007378, -29.9475625 ], [ -57.1000734, -29.9475408 ], [ -57.0994745, -29.9468328 ], [ -57.0981887, -29.9460951 ], [ -57.0979871, -29.9457272 ], [ -57.0983179, -29.9454265 ], [ -57.0983825, -29.9450507 ], [ -57.0980248, -29.9445648 ], [ -57.096945, -29.9445305 ], [ -57.0957914, -29.9452298 ], [ -57.0953901, -29.9451986 ], [ -57.0951335, -29.9449178 ], [ -57.0948506, -29.9440668 ], [ -57.0947956, -29.9430964 ], [ -57.0942868, -29.9430184 ], [ -57.0931289, -29.94170750000001 ], [ -57.0920981, -29.941716099999983 ], [ -57.0919404, -29.9419691 ], [ -57.091328, -29.9420491 ], [ -57.0910932, -29.9424688 ], [ -57.0902216, -29.9430587 ], [ -57.0889622, -29.9430964 ], [ -57.0889622, -29.9433742 ], [ -57.0873762, -29.9446483 ], [ -57.0871759, -29.9457797 ], [ -57.0862061, -29.946154300000011 ], [ -57.0861282, -29.9455145 ], [ -57.0855423, -29.9439982 ], [ -57.0849591, -29.9434645 ], [ -57.0839515, -29.9431975 ], [ -57.0834536, -29.9422646 ], [ -57.0827592, -29.9427684 ], [ -57.0823584, -29.942818900000013 ], [ -57.0821199, -29.9427496 ], [ -57.0819363, -29.9423319 ], [ -57.0815441, -29.942005899999984 ], [ -57.0806288, -29.9419853 ], [ -57.080422, -29.9418027 ], [ -57.0798626, -29.9417146 ], [ -57.077046, -29.9416703 ], [ -57.0758574, -29.9404385 ], [ -57.0749937, -29.9403614 ], [ -57.074003, -29.940719200000011 ], [ -57.0734883, -29.9412223 ], [ -57.0732463, -29.9417543 ], [ -57.0733634, -29.9439889 ], [ -57.0724273, -29.945084 ], [ -57.0723082, -29.9454466 ], [ -57.0722955, -29.945874300000014 ], [ -57.0725657, -29.9459219 ], [ -57.0725733, -29.9467076 ], [ -57.0697309, -29.9473348 ], [ -57.0694143, -29.948299 ], [ -57.0689545, -29.9486231 ], [ -57.0674893, -29.9483927 ], [ -57.0665231, -29.948535499999988 ], [ -57.0647954, -29.9478187 ], [ -57.0635139, -29.9495703 ], [ -57.0633014, -29.9502358 ], [ -57.0623973, -29.9509582 ], [ -57.0618994, -29.9518758 ], [ -57.0597954, -29.9517077 ], [ -57.0593609, -29.9521712 ], [ -57.0586443, -29.9520456 ], [ -57.0580208, -29.9523019 ], [ -57.0571939, -29.95302 ], [ -57.0566301, -29.9532939 ], [ -57.0560284, -29.953348 ], [ -57.0554609, -29.953208 ], [ -57.0543434, -29.9534574 ], [ -57.0540443, -29.9537245 ], [ -57.0539635, -29.954098 ], [ -57.0540362, -29.9543977 ], [ -57.0547954, -29.9553188 ], [ -57.0547529, -29.9559672 ], [ -57.0544385, -29.9565525 ], [ -57.0534582, -29.9568411 ], [ -57.0525238, -29.9579649 ], [ -57.0510364, -29.9584782 ], [ -57.0506389, -29.9588633 ], [ -57.050351, -29.9589299 ], [ -57.0503219, -29.9591847 ], [ -57.0500901, -29.9592416 ], [ -57.0500732, -29.9597633 ], [ -57.0495545, -29.9597741 ], [ -57.0494938, -29.9600222 ], [ -57.0489985, -29.9600515 ], [ -57.0488044, -29.9603222 ], [ -57.0484065, -29.9603188 ], [ -57.0483891, -29.9591421 ], [ -57.0480212, -29.9587371 ], [ -57.0469419, -29.9585921 ], [ -57.0463502, -29.9583303 ], [ -57.0451416, -29.9573412 ], [ -57.044356, -29.9574202 ], [ -57.043165, -29.957057499999987 ], [ -57.0424543, -29.9574133 ], [ -57.04191, -29.9570867 ], [ -57.0415661, -29.9570818 ], [ -57.0404325, -29.9583202 ], [ -57.0398183, -29.9583382 ], [ -57.0389872, -29.9581047 ], [ -57.038351, -29.9581665 ], [ -57.0380297, -29.9590366 ], [ -57.0378166, -29.9591708 ], [ -57.0370469, -29.9591806 ], [ -57.0360785, -29.9587408 ], [ -57.0357249, -29.9587432 ], [ -57.0351757, -29.9592881 ], [ -57.0349837, -29.96015 ], [ -57.0346081, -29.9602426 ], [ -57.0337925, -29.9598932 ], [ -57.0339324, -29.9591105 ], [ -57.0338366, -29.9587558 ], [ -57.0333032, -29.958460199999987 ], [ -57.0324139, -29.9582816 ], [ -57.0321485, -29.9580667 ], [ -57.0315322, -29.9571069 ], [ -57.0313305, -29.9561829 ], [ -57.0307951, -29.9556844 ], [ -57.0301336, -29.955455 ], [ -57.0296569, -29.9548674 ], [ -57.0289278, -29.9547603 ], [ -57.0281056, -29.9550464 ], [ -57.0276259, -29.954507 ], [ -57.0267625, -29.954505 ], [ -57.0262459, -29.954677 ], [ -57.0257185, -29.9544252 ], [ -57.025064, -29.9537836 ], [ -57.0238477, -29.9534812 ], [ -57.0232336, -29.953837199999985 ], [ -57.0226853, -29.9537606 ], [ -57.0222038, -29.9539804 ], [ -57.0216928, -29.9546294 ], [ -57.0209063, -29.9550411 ], [ -57.0199199, -29.9551204 ], [ -57.0190192, -29.9558015 ], [ -57.0172374, -29.9562048 ], [ -57.0172582, -29.95722760000001 ], [ -57.0170118, -29.9575 ], [ -57.0166204, -29.9574394 ], [ -57.0161935, -29.9566088 ], [ -57.0154703, -29.9562256 ], [ -57.0146144, -29.9563802 ], [ -57.0135278, -29.9561735 ], [ -57.0120174, -29.9564301 ], [ -57.0117339, -29.9555331 ], [ -57.0120327, -29.9547096 ], [ -57.0121895, -29.9546072 ], [ -57.0126664, -29.9547228 ], [ -57.013079, -29.9546333 ], [ -57.0136498, -29.9537184 ], [ -57.0133723, -29.9522174 ], [ -57.0130927, -29.9518296 ], [ -57.0115402, -29.9508961 ], [ -57.011024, -29.9508743 ], [ -57.0104045, -29.9511399 ], [ -57.0090709, -29.9511836 ], [ -57.0089618, -29.9517078 ], [ -57.0077506, -29.9520416 ], [ -57.0068468, -29.9524911 ], [ -57.0064393, -29.9525085 ], [ -57.0057321, -29.9522801 ], [ -57.0045173, -29.9522634 ], [ -57.0038662, -29.9506723 ], [ -57.0033593, -29.9501708 ], [ -57.0026603, -29.9498796 ], [ -57.0022951, -29.948930099999984 ], [ -57.0018488, -29.9483502 ], [ -57.0014222, -29.9481653 ], [ -57.0007276, -29.9485093 ], [ -57.0002914, -29.9479698 ], [ -56.9996132, -29.9476534 ], [ -56.998877, -29.9457529 ], [ -56.9984993, -29.9456381 ], [ -56.9979936, -29.9457377 ], [ -56.9974549, -29.945141599999985 ], [ -56.996307, -29.944667 ], [ -56.9959049, -29.943144 ], [ -56.9956396, -29.9430725 ], [ -56.9956284, -29.942819 ], [ -56.9949505, -29.9428632 ], [ -56.9938738, -29.9433458 ], [ -56.9929769, -29.9428785 ], [ -56.9925728, -29.942819 ], [ -56.9925728, -29.9425412 ], [ -56.9917453, -29.9423155 ], [ -56.9910269, -29.9424295 ], [ -56.9899683, -29.9417883 ], [ -56.9895188, -29.9417459 ], [ -56.9885121, -29.9420632 ], [ -56.9873334, -29.9426644 ], [ -56.9865646, -29.9434631 ], [ -56.9863254, -29.9441836 ], [ -56.9859764, -29.9443815 ], [ -56.98434, -29.9432961 ], [ -56.9838717, -29.9417789 ], [ -56.9833091, -29.9409493 ], [ -56.9817403, -29.9403636 ], [ -56.9813238, -29.9404354 ], [ -56.9809934, -29.940779 ], [ -56.9807172, -29.9407826 ], [ -56.9799098, -29.940504 ], [ -56.9793826, -29.9398888 ], [ -56.9788273, -29.9404816 ], [ -56.9785531, -29.9405758 ], [ -56.9777195, -29.9405907 ], [ -56.9761838, -29.940319099999989 ], [ -56.9761664, -29.9412826 ], [ -56.9759327, -29.9415704 ], [ -56.9761527, -29.9418178 ], [ -56.9762287, -29.9425566 ], [ -56.976647, -29.943485 ], [ -56.9764238, -29.9440769 ], [ -56.9760042, -29.9447082 ], [ -56.9746057, -29.9452111 ], [ -56.9745592, -29.9456498 ], [ -56.9749973, -29.946297 ], [ -56.9749364, -29.9466024 ], [ -56.9740453, -29.9469268 ], [ -56.9729903, -29.9470955 ], [ -56.9720739, -29.948244 ], [ -56.9720171, -29.9500413 ], [ -56.9729708, -29.9503594 ], [ -56.9738271, -29.9509486 ], [ -56.9739616, -29.9525413 ], [ -56.9747275, -29.952868 ], [ -56.9752684, -29.9534543 ], [ -56.9753532, -29.9537901 ], [ -56.9752616, -29.9544039 ], [ -56.9743843, -29.9554915 ], [ -56.9737888, -29.955957599999987 ], [ -56.9736044, -29.956553 ], [ -56.9731906, -29.9571398 ], [ -56.9731312, -29.9584126 ], [ -56.9733537, -29.959214 ], [ -56.9731283, -29.9600413 ], [ -56.9735822, -29.9606772 ], [ -56.9737681, -29.9612711 ], [ -56.974663, -29.9617391 ], [ -56.9748962, -29.9624614 ], [ -56.9753506, -29.9630969 ], [ -56.9758419, -29.9634249 ], [ -56.9756951, -29.9638795 ], [ -56.9764617, -29.964485799999988 ], [ -56.9764745, -29.965184 ], [ -56.9767342, -29.9654942 ], [ -56.9767452, -29.9664859 ], [ -56.9780254, -29.966902 ], [ -56.978782, -29.9667965 ], [ -56.9796935, -29.9678897 ], [ -56.9795266, -29.9704657 ], [ -56.9803112, -29.9719445 ], [ -56.9805043, -29.9738215 ], [ -56.9803513, -29.9741893 ], [ -56.9804189, -29.9747027 ], [ -56.9811509, -29.9753132 ], [ -56.9825729, -29.9750413 ], [ -56.982932, -29.9757132 ], [ -56.9836338, -29.9760069 ], [ -56.984105, -29.9766679 ], [ -56.9846634, -29.9770898 ], [ -56.984892, -29.9776875 ], [ -56.9853507, -29.978096799999985 ], [ -56.9859394, -29.979142099999983 ], [ -56.9867396, -29.979208 ], [ -56.9867631, -29.9796656 ], [ -56.9870049, -29.9798984 ], [ -56.9870366, -29.9804984 ], [ -56.98728, -29.9807437 ], [ -56.9872952, -29.9808746 ], [ -56.9869996, -29.9809352 ], [ -56.9868135, -29.9811705 ], [ -56.9866792, -29.982116699999985 ], [ -56.9860584, -29.983559 ], [ -56.9855246, -29.9838592 ], [ -56.9850228, -29.9839177 ], [ -56.983756, -29.9834948 ], [ -56.9826407, -29.9842583 ], [ -56.9820322, -29.9850837 ], [ -56.9820174, -29.9875413 ], [ -56.9832999, -29.9879034 ], [ -56.9846615, -29.9892373 ], [ -56.9845833, -29.9904505 ], [ -56.9852099, -29.9913242 ], [ -56.9858079, -29.9915937 ], [ -56.9856285, -29.9922635 ], [ -56.9869376, -29.9933709 ], [ -56.9876525, -29.9933042 ], [ -56.9890413, -29.9927564 ], [ -56.9894275, -29.9921922 ], [ -56.9896242, -29.9915128 ], [ -56.9902411, -29.9907761 ], [ -56.9905261, -29.9901547 ], [ -56.9920291, -29.9908379 ], [ -56.9933772, -29.9906072 ], [ -56.9941252, -29.9906791 ], [ -56.9952235, -29.9914568 ], [ -56.9956086, -29.9922693 ], [ -56.9967093, -29.9919943 ], [ -56.9983892, -29.9922269 ], [ -56.998644, -29.9920536 ], [ -56.9991808, -29.9909406 ], [ -56.9999328, -29.9908882 ], [ -57.0007438, -29.9910781 ], [ -57.0020039, -29.9905952 ], [ -57.0032499, -29.9913368 ], [ -57.0040936, -29.9915535 ], [ -57.0044491, -29.9919076 ], [ -57.005889, -29.9917438 ], [ -57.0071109, -29.9924285 ], [ -57.0078509, -29.9925412 ], [ -57.0076251, -29.9937242 ], [ -57.0085912, -29.9941595 ], [ -57.0109409, -29.994224 ], [ -57.0115803, -29.9943693 ], [ -57.0120553, -29.9942827 ], [ -57.0130646, -29.9944811 ], [ -57.0146837, -29.9942358 ], [ -57.0157449, -29.9946437 ], [ -57.0163607, -29.994284699999987 ], [ -57.0166962, -29.9943363 ], [ -57.0174266, -29.995564 ], [ -57.01777, -29.9958044 ], [ -57.0184065, -29.9958745 ], [ -57.018847, -29.996298299999989 ], [ -57.0190187, -29.9968483 ], [ -57.0192849, -29.9971352 ], [ -57.0208334, -29.9977571 ], [ -57.0219057, -29.9979074 ], [ -57.0224704, -29.9984557 ], [ -57.0227195, -29.999370099999986 ], [ -57.0241193, -29.9995809 ], [ -57.0252393, -30.0003354 ], [ -57.0258416, -30.0012978 ], [ -57.0257825, -30.0022481 ], [ -57.0260879, -30.0024873 ], [ -57.0274397, -30.0029234 ], [ -57.0285001, -30.004625 ], [ -57.0299128, -30.0055044 ], [ -57.0313486, -30.00569 ], [ -57.0321544, -30.0065766 ], [ -57.0332004, -30.0064893 ], [ -57.0338969, -30.0071931 ], [ -57.0350734, -30.0072634 ], [ -57.0350886, -30.0077452 ], [ -57.0353348, -30.0078935 ], [ -57.0353841, -30.0083269 ], [ -57.0356289, -30.0083745 ], [ -57.0355542, -30.0089974 ], [ -57.0353177, -30.0091614 ], [ -57.0342874, -30.0093378 ], [ -57.0326427, -30.0107501 ], [ -57.0323963, -30.0112541 ], [ -57.03261, -30.0128689 ], [ -57.0329371, -30.0137693 ], [ -57.0336236, -30.0143573 ], [ -57.0337848, -30.015521 ], [ -57.0342624, -30.0158467 ], [ -57.03495, -30.0158468 ], [ -57.035829, -30.015627 ], [ -57.0364058, -30.0159211 ], [ -57.0367146, -30.0165231 ], [ -57.0363402, -30.0172535 ], [ -57.0376774, -30.0182912 ], [ -57.0388802, -30.0188096 ], [ -57.0394508, -30.0196396 ], [ -57.0396201, -30.020516 ], [ -57.0405552, -30.0216065 ], [ -57.0406051, -30.0219935 ], [ -57.0398801, -30.0214885 ], [ -57.0395991, -30.0215916 ], [ -57.0394484, -30.022379 ], [ -57.0387963, -30.0240326 ], [ -57.0396413, -30.0246726 ], [ -57.0404989, -30.0248865 ], [ -57.0397894, -30.0255787 ], [ -57.0403056, -30.0269297 ], [ -57.0402019, -30.0280028 ], [ -57.0408023, -30.028326599999986 ], [ -57.0435755, -30.0291258 ], [ -57.0446877, -30.029016199999987 ], [ -57.0452554, -30.0295575 ], [ -57.0456928, -30.0310174 ], [ -57.0459456, -30.031298 ], [ -57.0462136, -30.0313685 ], [ -57.0467729, -30.0312352 ], [ -57.0474822, -30.0313797 ], [ -57.0482389, -30.0312325 ], [ -57.0496362, -30.0320628 ], [ -57.049529, -30.032865299999987 ], [ -57.0496504, -30.033337 ], [ -57.0512378, -30.0346287 ], [ -57.0518719, -30.0348787 ], [ -57.0523585, -30.0354545 ], [ -57.0532599, -30.0357127 ], [ -57.0537909, -30.0371797 ], [ -57.054703, -30.0377164 ], [ -57.054963, -30.0390377 ], [ -57.0547975, -30.0397108 ], [ -57.0548462, -30.0406341 ], [ -57.0550076, -30.0408018 ], [ -57.0558506, -30.0410111 ], [ -57.0566456, -30.0417849 ], [ -57.0569843, -30.042838 ], [ -57.0567656, -30.0439271 ], [ -57.057058, -30.044368 ], [ -57.0576449, -30.0444332 ], [ -57.0582462, -30.0440311 ], [ -57.0595873, -30.0434984 ], [ -57.0604158, -30.0435731 ], [ -57.0609326, -30.0431427 ], [ -57.0622959, -30.0430966 ], [ -57.0622959, -30.0450411 ], [ -57.0612279, -30.0457237 ], [ -57.060768, -30.0463965 ], [ -57.0599443, -30.0471406 ], [ -57.0593806, -30.0471198 ], [ -57.0591016, -30.0474238 ], [ -57.0584595, -30.0476718 ], [ -57.0581292, -30.0483744 ], [ -57.0569151, -30.0478917 ], [ -57.0565612, -30.0479054 ], [ -57.0547787, -30.049889900000014 ], [ -57.0536147, -30.0498255 ], [ -57.0518933, -30.0507757 ], [ -57.0507058, -30.0510341 ], [ -57.0506289, -30.0523121 ], [ -57.0501525, -30.052613 ], [ -57.0500751, -30.0528296 ], [ -57.0502779, -30.0535157 ], [ -57.050145, -30.0538347 ], [ -57.0506321, -30.0545037 ], [ -57.0502681, -30.0549274 ], [ -57.046543, -30.0560939 ], [ -57.044633, -30.0565207 ], [ -57.0437241, -30.0571093 ], [ -57.042932, -30.0580769 ], [ -57.0415275, -30.058425799999988 ], [ -57.0411848, -30.059207800000017 ], [ -57.0402072, -30.0598688 ], [ -57.0399381, -30.0602119 ], [ -57.0386153, -30.0606672 ], [ -57.0382169, -30.06109 ], [ -57.0367403, -30.0619856 ], [ -57.0370223, -30.0627627 ], [ -57.0369326, -30.0638607 ], [ -57.0362846, -30.0649937 ], [ -57.035614, -30.0652834 ], [ -57.0346269, -30.065154199999988 ], [ -57.0342815, -30.0654476 ], [ -57.0340165, -30.0662159 ], [ -57.034445, -30.0668529 ], [ -57.0344795, -30.0673271 ], [ -57.0339625, -30.067819 ], [ -57.0332268, -30.0690075 ], [ -57.0330555, -30.0704488 ], [ -57.0324264, -30.0712074 ], [ -57.0338406, -30.0725755 ], [ -57.0339541, -30.0733298 ], [ -57.0335755, -30.073914 ], [ -57.0324276, -30.0746107 ], [ -57.0325292, -30.0752136 ], [ -57.0323313, -30.0764754 ], [ -57.0332665, -30.0774244 ], [ -57.03208, -30.0788026 ], [ -57.0320181, -30.080168 ], [ -57.0321905, -30.081048499999984 ], [ -57.0319866, -30.0817679 ], [ -57.0316783, -30.0822107 ], [ -57.030907, -30.082819 ], [ -57.0304096, -30.084081 ], [ -57.0301249, -30.0853204 ], [ -57.0304723, -30.0866091 ], [ -57.0314478, -30.0872652 ], [ -57.0319333, -30.0867562 ], [ -57.0329307, -30.0867559 ], [ -57.0341675, -30.0875994 ], [ -57.0350137, -30.0885821 ], [ -57.0361194, -30.0884966 ], [ -57.037591, -30.0894491 ], [ -57.0396862, -30.0895723 ], [ -57.0403333, -30.0901482 ], [ -57.0418672, -30.0921419 ], [ -57.0426664, -30.0920275 ], [ -57.0430819, -30.0921124 ], [ -57.043633, -30.0926712 ], [ -57.0441764, -30.0938038 ], [ -57.0445692, -30.095187 ], [ -57.04551, -30.0964917 ], [ -57.0454409, -30.0967326 ], [ -57.0450738, -30.0969856 ], [ -57.0451633, -30.0977306 ], [ -57.0459125, -30.0982452 ], [ -57.0467438, -30.0978811 ], [ -57.0474338, -30.0979649 ], [ -57.0477178, -30.0976594 ], [ -57.0487719, -30.0971995 ], [ -57.0491866, -30.0967751 ], [ -57.0503108, -30.0964825 ], [ -57.0505067, -30.0965517 ], [ -57.0504371, -30.097106799999988 ], [ -57.0508614, -30.0980952 ], [ -57.052333, -30.0981186 ], [ -57.0532431, -30.0983011 ], [ -57.0540767, -30.0976349 ], [ -57.0549781, -30.0973135 ], [ -57.0559372, -30.0970238 ], [ -57.0575332, -30.0968588 ], [ -57.0583041, -30.0960782 ], [ -57.0582606, -30.0951393 ], [ -57.0593807, -30.0942143 ], [ -57.0608289, -30.0951956 ], [ -57.0616339, -30.0962373 ], [ -57.0618035, -30.097118199999983 ], [ -57.0620671, -30.0974174 ], [ -57.0625151, -30.0975236 ], [ -57.0633775, -30.0973286 ], [ -57.0636483, -30.097395399999982 ], [ -57.0638999, -30.09768420000001 ], [ -57.064058, -30.0985751 ], [ -57.0645852, -30.0994327 ], [ -57.066885, -30.1004242 ], [ -57.067018034497345, -30.101423420953182 ], [ -57.0678, -30.1012 ], [ -57.0693, -30.0992 ], [ -57.0678, -30.0942 ], [ -57.0671, -30.0912 ], [ -57.0656, -30.09 ], [ -57.0638, -30.0903 ], [ -57.0615, -30.0896 ], [ -57.0616, -30.0876 ], [ -57.0639, -30.0861 ], [ -57.0665, -30.0853 ], [ -57.0691, -30.0856 ], [ -57.0714, -30.087 ], [ -57.0736, -30.09 ], [ -57.0783, -30.0915 ], [ -57.0829, -30.0953 ], [ -57.0841, -30.0983 ], [ -57.0872, -30.101 ], [ -57.0872, -30.105 ], [ -57.0877, -30.1066 ], [ -57.089, -30.1079 ], [ -57.0912, -30.109 ], [ -57.0922, -30.1105 ], [ -57.0921, -30.1127 ], [ -57.0894, -30.1134 ], [ -57.0879, -30.1127 ], [ -57.0872, -30.1106 ], [ -57.0859, -30.1103 ], [ -57.0846, -30.1122 ], [ -57.0848, -30.1145 ], [ -57.087, -30.1181 ], [ -57.0893, -30.1204 ], [ -57.0924, -30.1218 ], [ -57.0955, -30.1213 ], [ -57.0951, -30.1189 ], [ -57.0953, -30.115 ], [ -57.0987, -30.1144 ], [ -57.1015, -30.1152 ], [ -57.1063, -30.1153 ], [ -57.1082, -30.1167 ], [ -57.1116, -30.1149 ], [ -57.1152, -30.1137 ], [ -57.1156, -30.1125 ], [ -57.1214, -30.1092 ], [ -57.134, -30.0883 ], [ -57.1384, -30.0735 ], [ -57.1363, -30.0674 ], [ -57.1362, -30.0645 ], [ -57.1518, -30.0568 ], [ -57.1528, -30.0567 ], [ -57.1553, -30.0596 ], [ -57.1605, -30.0604 ], [ -57.1624, -30.0598 ], [ -57.1662, -30.0566 ], [ -57.1677, -30.0543 ], [ -57.1696, -30.0504 ], [ -57.1701, -30.0463 ], [ -57.1848, -30.0427 ], [ -57.2148652, -30.0221536 ] ] ] ] } },
{ "type": "Feature", "properties": { "wts_pk": 133625, "codigo_otto": "82513", "nivel_otto_declarado": 5, "area_m2_bho": 357.732292331785, "nivel_otto": 5 }, "geometry": { "type": "Polygon", "coordinates": [ [ [ -57.3234079, -29.9180955 ], [ -57.3216978, -29.9196353 ], [ -57.3204579, -29.9204012 ], [ -57.3194655, -29.9212943 ], [ -57.3183246, -29.9214848 ], [ -57.3179399, -29.9217808 ], [ -57.317843, -29.9224876 ], [ -57.3181205, -29.9236084 ], [ -57.3181404, -29.9267512 ], [ -57.3183897, -29.9277249 ], [ -57.3182923, -29.9280677 ], [ -57.3177101, -29.9285968 ], [ -57.3164957, -29.9286161 ], [ -57.3151176, -29.9281618 ], [ -57.3142848, -29.9283591 ], [ -57.3129754, -29.928354499999983 ], [ -57.3112639, -29.9275929 ], [ -57.3094498, -29.9276164 ], [ -57.3090969, -29.9283276 ], [ -57.3081938, -29.9293523 ], [ -57.3078898, -29.9303397 ], [ -57.3080672, -29.9310846 ], [ -57.3079454, -29.9313811 ], [ -57.306929, -29.931864199999989 ], [ -57.3066014, -29.9315453 ], [ -57.3061409, -29.9314536 ], [ -57.3032619, -29.9319609 ], [ -57.3018354, -29.931851499999983 ], [ -57.3015509, -29.9321936 ], [ -57.299926, -29.9329201 ], [ -57.2993732, -29.9343758 ], [ -57.2988123, -29.9344624 ], [ -57.2982394, -29.9343192 ], [ -57.2974227, -29.9345865 ], [ -57.297118499999989, -29.9351438 ], [ -57.2973975, -29.9357917 ], [ -57.2964634, -29.9358734 ], [ -57.295482, -29.9362537 ], [ -57.294582, -29.9374102 ], [ -57.2944422, -29.9387703 ], [ -57.2937655, -29.9391864 ], [ -57.2933781, -29.9391555 ], [ -57.2930737, -29.938943599999988 ], [ -57.2926399, -29.9381636 ], [ -57.2898276, -29.937552700000015 ], [ -57.2887181, -29.9377373 ], [ -57.2876828, -29.9376289 ], [ -57.2868404, -29.9382474 ], [ -57.2869572, -29.9390016 ], [ -57.2867037, -29.9393553 ], [ -57.2848189, -29.9400435 ], [ -57.2843805, -29.9397167 ], [ -57.2838691, -29.938705 ], [ -57.283409, -29.9384029 ], [ -57.2829456, -29.9385218 ], [ -57.2823575, -29.9394175 ], [ -57.2816003, -29.9394655 ], [ -57.2806287, -29.939262599999989 ], [ -57.2797564, -29.9396972 ], [ -57.2771837, -29.938609 ], [ -57.2764794, -29.938093 ], [ -57.2760065, -29.9383328 ], [ -57.2740867, -29.9384004 ], [ -57.2734399, -29.9385761 ], [ -57.2723039, -29.9384031 ], [ -57.2715441, -29.938804 ], [ -57.2709664, -29.9401912 ], [ -57.2710541, -29.9416504 ], [ -57.2704541, -29.9421515 ], [ -57.2700343, -29.9429703 ], [ -57.2692411, -29.9433735 ], [ -57.2672024, -29.9430351 ], [ -57.2664146, -29.9420925 ], [ -57.265646, -29.941705499999983 ], [ -57.2654203, -29.9418809 ], [ -57.2644424, -29.9420441 ], [ -57.2637545, -29.9424758 ], [ -57.2626816, -29.9426307 ], [ -57.2617629, -29.9433089 ], [ -57.260424, -29.9425374 ], [ -57.2601842, -29.9425982 ], [ -57.2593363, -29.9433578 ], [ -57.2578521, -29.9430958 ], [ -57.2574944, -29.9443211 ], [ -57.2559771, -29.945534599999988 ], [ -57.2563501, -29.9465359 ], [ -57.2560202, -29.9479302 ], [ -57.256352, -29.9488152 ], [ -57.255741, -29.9495675 ], [ -57.2555173, -29.9505106 ], [ -57.2549, -29.9510309 ], [ -57.2550428, -29.951967299999986 ], [ -57.2547542, -29.9526869 ], [ -57.2543382, -29.9530489 ], [ -57.2530539, -29.953397 ], [ -57.2524979, -29.9541465 ], [ -57.2518784, -29.9545933 ], [ -57.2516034, -29.955209399999983 ], [ -57.250398, -29.9561141 ], [ -57.2503572, -29.9576822 ], [ -57.2506736, -29.958709 ], [ -57.2512753, -29.9591359 ], [ -57.2522966, -29.9594847 ], [ -57.2522289, -29.9599267 ], [ -57.2519622, -29.9602734 ], [ -57.2515026, -29.9605692 ], [ -57.2499616, -29.960645399999986 ], [ -57.2495188, -29.9614292 ], [ -57.2489595, -29.9615803 ], [ -57.2479489, -29.9611837 ], [ -57.2465383, -29.9616434 ], [ -57.245558, -29.961769399999984 ], [ -57.2444071, -29.9624521 ], [ -57.2429682, -29.9626326 ], [ -57.2422489, -29.9635282 ], [ -57.2416445, -29.9638319 ], [ -57.2407244, -29.9637461 ], [ -57.2403599, -29.964233 ], [ -57.2403521, -29.9658737 ], [ -57.2399191, -29.9660599 ], [ -57.2393849, -29.9668926 ], [ -57.2383753, -29.967204 ], [ -57.2376374, -29.9665012 ], [ -57.2361444, -29.9664333 ], [ -57.2357494, -29.9665172 ], [ -57.2351435, -29.9669165 ], [ -57.2337749, -29.9673332 ], [ -57.2331658, -29.9676614 ], [ -57.2327074, -29.9681284 ], [ -57.2321161, -29.9694377 ], [ -57.2315063, -29.9696959 ], [ -57.2307918, -29.9695605 ], [ -57.230056, -29.969925 ], [ -57.2298026, -29.970339 ], [ -57.2297965, -29.9714293 ], [ -57.2295145, -29.9715734 ], [ -57.2277293, -29.9718691 ], [ -57.2270266, -29.9717743 ], [ -57.2265691, -29.97213 ], [ -57.2259162, -29.971761 ], [ -57.224342, -29.9719842 ], [ -57.2234211, -29.9717055 ], [ -57.2233152, -29.9719222 ], [ -57.2223654, -29.9723171 ], [ -57.2220187, -29.973096 ], [ -57.2213194, -29.973239 ], [ -57.2202813, -29.974706800000011 ], [ -57.2192903, -29.9754511 ], [ -57.2188222, -29.976043 ], [ -57.2184252, -29.9760805 ], [ -57.2179811, -29.9758885 ], [ -57.2178003, -29.9763884 ], [ -57.2173814, -29.9764598 ], [ -57.2171836, -29.9766921 ], [ -57.2167409, -29.9767071 ], [ -57.2165567, -29.978498300000012 ], [ -57.2177552, -29.979008 ], [ -57.2183598, -29.9797557 ], [ -57.2180398, -29.9813559 ], [ -57.2167409, -29.9833738 ], [ -57.2159074, -29.9831389 ], [ -57.2148711, -29.9836075 ], [ -57.2141596, -29.9836035 ], [ -57.2137073, -29.9832683 ], [ -57.2132704, -29.9825635 ], [ -57.2128549, -29.9822992 ], [ -57.212421, -29.9823464 ], [ -57.211903, -29.9827221 ], [ -57.2109076, -29.983053499999986 ], [ -57.2105385, -29.9830334 ], [ -57.2094753, -29.9826 ], [ -57.2090667, -29.9828888 ], [ -57.2088949, -29.9835003 ], [ -57.2085734, -29.9839141 ], [ -57.207286, -29.984455499999989 ], [ -57.2052708, -29.9841546 ], [ -57.2041829, -29.9834432 ], [ -57.2038122, -29.983410800000012 ], [ -57.2029002, -29.9845924 ], [ -57.2028386, -29.9853196 ], [ -57.2020831, -29.9850654 ], [ -57.2010759, -29.985242399999986 ], [ -57.1994382, -29.9849817 ], [ -57.1985651, -29.9846033 ], [ -57.1981947, -29.9846417 ], [ -57.1976728, -29.9841386 ], [ -57.1975028, -29.9835266 ], [ -57.1972233, -29.9832431 ], [ -57.1960627, -29.9830522 ], [ -57.1954265, -29.9825604 ], [ -57.1949429, -29.9825767 ], [ -57.1936853, -29.9830961 ], [ -57.1941415, -29.984094 ], [ -57.1937568, -29.9849116 ], [ -57.1935836, -29.9860719 ], [ -57.1926566, -29.9871259 ], [ -57.1927218, -29.9880732 ], [ -57.1920068, -29.9886174 ], [ -57.1908892, -29.9884208 ], [ -57.1904858, -29.9884821 ], [ -57.1904488, -29.9888402 ], [ -57.1910796, -29.9895989 ], [ -57.190841, -29.9901611 ], [ -57.1901543, -29.9906587 ], [ -57.1893938, -29.9915904 ], [ -57.1883256, -29.9914918 ], [ -57.1875742, -29.991985 ], [ -57.1880882, -29.9936513 ], [ -57.1876128, -29.9949771 ], [ -57.1875742, -29.9958739 ], [ -57.18808, -29.9967037 ], [ -57.1873866, -29.9973422 ], [ -57.1871125, -29.9979874 ], [ -57.1873653, -29.998494 ], [ -57.1879871, -29.9989661 ], [ -57.1888671, -30.0001163 ], [ -57.1893418, -30.0013497 ], [ -57.1901508, -30.0022103 ], [ -57.1908359, -30.0025425 ], [ -57.1909076, -30.0022628 ], [ -57.1917409, -30.0022628 ], [ -57.1927546, -30.0031731 ], [ -57.1932576, -30.0041064 ], [ -57.1944269, -30.0048396 ], [ -57.1950104, -30.0057963 ], [ -57.1945346, -30.006562 ], [ -57.1946381, -30.0077941 ], [ -57.1951836, -30.0080888 ], [ -57.1967262, -30.0080691 ], [ -57.1978056, -30.0076841 ], [ -57.1984864, -30.0068217 ], [ -57.1991413, -30.0070508 ], [ -57.1996638, -30.0075935 ], [ -57.1996327, -30.0079847 ], [ -57.1998674, -30.0083149 ], [ -57.2013348, -30.0093083 ], [ -57.201848, -30.009964 ], [ -57.2025743, -30.0103183 ], [ -57.2024063, -30.0110991 ], [ -57.2026666, -30.0119106 ], [ -57.2031993, -30.0124987 ], [ -57.2035237, -30.0127334 ], [ -57.2038652, -30.0127744 ], [ -57.204433, -30.0123547 ], [ -57.204716, -30.0124265 ], [ -57.2049009, -30.013280399999989 ], [ -57.2053551, -30.0139117 ], [ -57.205403, -30.015187 ], [ -57.2058176, -30.0155612 ], [ -57.2065757, -30.0157804 ], [ -57.2069536, -30.0155578 ], [ -57.2075192, -30.0149016 ], [ -57.2075744, -30.0139294 ], [ -57.2095182, -30.0139542 ], [ -57.2104917, -30.0143163 ], [ -57.2107706, -30.0152806 ], [ -57.2110752, -30.0155525 ], [ -57.2121675, -30.0159818 ], [ -57.2124605, -30.0164718 ], [ -57.2123093, -30.0179661 ], [ -57.2128077, -30.0188882 ], [ -57.2129785, -30.0208472 ], [ -57.2135034, -30.0213539 ], [ -57.214869919496863, -30.022157242486891 ], [ -57.2151, -30.022 ], [ -57.215749184044263, -30.022558627073998 ], [ -57.2171801, -30.0231881 ], [ -57.217564709568222, -30.024120847850973 ], [ -57.2194, -30.0257 ], [ -57.2287, -30.02 ], [ -57.2312, -30.0188 ], [ -57.2275, -30.0143 ], [ -57.237, -30.0083 ], [ -57.2433, -30.0047 ], [ -57.2438, -30.002 ], [ -57.2459, -29.9968 ], [ -57.2518, -29.9905 ], [ -57.2569, -29.9785 ], [ -57.2577, -29.9759 ], [ -57.2576, -29.9743 ], [ -57.2565, -29.9718 ], [ -57.2597, -29.9718 ], [ -57.2611, -29.9707 ], [ -57.2636, -29.9708 ], [ -57.2653, -29.9693 ], [ -57.2691, -29.9681 ], [ -57.2709, -29.9672 ], [ -57.2739, -29.9617 ], [ -57.2743, -29.9598 ], [ -57.2792, -29.9541 ], [ -57.2805, -29.9531 ], [ -57.2827, -29.9532 ], [ -57.2851, -29.9526 ], [ -57.2875, -29.9507 ], [ -57.2883, -29.951 ], [ -57.2917, -29.9494 ], [ -57.2936, -29.9495 ], [ -57.2953, -29.951 ], [ -57.2992, -29.9502 ], [ -57.3005, -29.9514 ], [ -57.3029, -29.9528 ], [ -57.3064, -29.953 ], [ -57.3077, -29.9522 ], [ -57.3082, -29.9501 ], [ -57.3089, -29.9495 ], [ -57.3108, -29.9498 ], [ -57.3104, -29.9537 ], [ -57.3115, -29.9563 ], [ -57.3156, -29.959 ], [ -57.319, -29.9654 ], [ -57.3204, -29.9675 ], [ -57.3227, -29.9692 ], [ -57.3257, -29.9709 ], [ -57.3281, -29.9719 ], [ -57.3255, -29.9545 ], [ -57.324, -29.9398 ], [ -57.3241, -29.9217 ], [ -57.324944952618104, -29.918095434149041 ], [ -57.3234079, -29.9180955 ] ] ] } },
{ "type": "Feature", "properties": { "wts_pk": 133626, "codigo_otto": "82514", "nivel_otto_declarado": 5, "area_m2_bho": 141.11008392594383, "nivel_otto": 5 }, "geometry": { "type": "Polygon", "coordinates": [ [ [ -57.1875724, -29.9920512 ], [ -57.188414, -29.9914784 ], [ -57.1893938, -29.9915904 ], [ -57.1901543, -29.9906587 ], [ -57.190841, -29.9901611 ], [ -57.1910796, -29.9895989 ], [ -57.1904488, -29.9888402 ], [ -57.1904858, -29.9884821 ], [ -57.1908892, -29.9884208 ], [ -57.1920068, -29.9886174 ], [ -57.1927218, -29.9880732 ], [ -57.1926566, -29.9871259 ], [ -57.1935836, -29.9860719 ], [ -57.1937568, -29.9849116 ], [ -57.1941415, -29.984094 ], [ -57.1936819, -29.9831591 ], [ -57.194017, -29.9829024 ], [ -57.1950054, -29.982561 ], [ -57.195488, -29.9825764 ], [ -57.1960627, -29.9830522 ], [ -57.1972233, -29.9832431 ], [ -57.1975028, -29.9835266 ], [ -57.1976728, -29.9841386 ], [ -57.1981947, -29.9846417 ], [ -57.1985651, -29.9846033 ], [ -57.1994382, -29.9849817 ], [ -57.2010759, -29.985242399999986 ], [ -57.2020831, -29.9850654 ], [ -57.2028386, -29.9853196 ], [ -57.2029002, -29.9845924 ], [ -57.2038122, -29.983410800000012 ], [ -57.2041829, -29.9834432 ], [ -57.2052708, -29.9841546 ], [ -57.207286, -29.984455499999989 ], [ -57.2085734, -29.9839141 ], [ -57.2088949, -29.9835003 ], [ -57.2090667, -29.9828888 ], [ -57.2094753, -29.9826 ], [ -57.2105385, -29.9830334 ], [ -57.2109076, -29.983053499999986 ], [ -57.211903, -29.9827221 ], [ -57.212421, -29.9823464 ], [ -57.2128549, -29.9822992 ], [ -57.2132704, -29.9825635 ], [ -57.2137073, -29.9832683 ], [ -57.2141596, -29.9836035 ], [ -57.2148711, -29.9836075 ], [ -57.2159074, -29.9831389 ], [ -57.2167409, -29.9833738 ], [ -57.2180398, -29.9813559 ], [ -57.2183598, -29.9797557 ], [ -57.2177552, -29.979008 ], [ -57.2165567, -29.978498300000012 ], [ -57.2167409, -29.9767071 ], [ -57.2171836, -29.9766921 ], [ -57.2173814, -29.9764598 ], [ -57.2178003, -29.9763884 ], [ -57.2179811, -29.9758885 ], [ -57.2184252, -29.9760805 ], [ -57.2188222, -29.976043 ], [ -57.2192903, -29.9754511 ], [ -57.2202813, -29.974706800000011 ], [ -57.2213194, -29.973239 ], [ -57.2220187, -29.973096 ], [ -57.2223654, -29.9723171 ], [ -57.2233152, -29.9719222 ], [ -57.2234211, -29.9717055 ], [ -57.224342, -29.9719842 ], [ -57.2259162, -29.971761 ], [ -57.2265691, -29.97213 ], [ -57.2270266, -29.9717743 ], [ -57.2277293, -29.9718691 ], [ -57.2295145, -29.9715734 ], [ -57.2297965, -29.9714293 ], [ -57.2298026, -29.970339 ], [ -57.230056, -29.969925 ], [ -57.2307918, -29.9695605 ], [ -57.2315063, -29.9696959 ], [ -57.2321161, -29.9694377 ], [ -57.2327074, -29.9681284 ], [ -57.2331658, -29.9676614 ], [ -57.2337749, -29.9673332 ], [ -57.2351435, -29.9669165 ], [ -57.2357494, -29.9665172 ], [ -57.2361444, -29.9664333 ], [ -57.2376374, -29.9665012 ], [ -57.2383753, -29.967204 ], [ -57.2393849, -29.9668926 ], [ -57.2399191, -29.9660599 ], [ -57.2403521, -29.9658737 ], [ -57.2403599, -29.964233 ], [ -57.2407244, -29.9637461 ], [ -57.2416445, -29.9638319 ], [ -57.2422489, -29.9635282 ], [ -57.2429682, -29.9626326 ], [ -57.2444071, -29.9624521 ], [ -57.245558, -29.961769399999984 ], [ -57.2465383, -29.9616434 ], [ -57.2479489, -29.9611837 ], [ -57.2489595, -29.9615803 ], [ -57.2495188, -29.9614292 ], [ -57.2499616, -29.960645399999986 ], [ -57.2517001, -29.960494 ], [ -57.2522289, -29.9599267 ], [ -57.2522966, -29.9594847 ], [ -57.2512753, -29.9591359 ], [ -57.2507063, -29.958775899999985 ], [ -57.2503677, -29.9577759 ], [ -57.250398, -29.9561141 ], [ -57.2516034, -29.955209399999983 ], [ -57.2518784, -29.9545933 ], [ -57.2524979, -29.9541465 ], [ -57.2530539, -29.953397 ], [ -57.2543382, -29.9530489 ], [ -57.2547542, -29.9526869 ], [ -57.2550428, -29.951967299999986 ], [ -57.2549, -29.9510309 ], [ -57.2555173, -29.9505106 ], [ -57.255741, -29.9495675 ], [ -57.256352, -29.9488152 ], [ -57.2560202, -29.9479302 ], [ -57.2563501, -29.9465359 ], [ -57.2559771, -29.945534599999988 ], [ -57.2574944, -29.9443211 ], [ -57.2578521, -29.9430958 ], [ -57.2593363, -29.9433578 ], [ -57.2601842, -29.9425982 ], [ -57.260424, -29.9425374 ], [ -57.2617629, -29.9433089 ], [ -57.2626816, -29.9426307 ], [ -57.2637545, -29.9424758 ], [ -57.2644424, -29.9420441 ], [ -57.2654203, -29.9418809 ], [ -57.265646, -29.941705499999983 ], [ -57.2664146, -29.9420925 ], [ -57.2672024, -29.9430351 ], [ -57.2692411, -29.9433735 ], [ -57.2700343, -29.9429703 ], [ -57.2704541, -29.9421515 ], [ -57.2710541, -29.9416504 ], [ -57.2709664, -29.9401912 ], [ -57.2715441, -29.938804 ], [ -57.2723039, -29.9384031 ], [ -57.2734399, -29.9385761 ], [ -57.2740867, -29.9384004 ], [ -57.2760065, -29.9383328 ], [ -57.2764794, -29.938093 ], [ -57.2771837, -29.938609 ], [ -57.2797564, -29.9396972 ], [ -57.2806287, -29.939262599999989 ], [ -57.2816003, -29.9394655 ], [ -57.2823575, -29.9394175 ], [ -57.2829456, -29.9385218 ], [ -57.283409, -29.9384029 ], [ -57.2838691, -29.938705 ], [ -57.2843805, -29.9397167 ], [ -57.2848189, -29.9400435 ], [ -57.2867037, -29.9393553 ], [ -57.2869572, -29.9390016 ], [ -57.2868404, -29.9382474 ], [ -57.2876828, -29.9376289 ], [ -57.2887181, -29.9377373 ], [ -57.2898276, -29.937552700000015 ], [ -57.2926399, -29.9381636 ], [ -57.2930198, -29.9388927 ], [ -57.2933781, -29.9391555 ], [ -57.2937267, -29.9392006 ], [ -57.2944422, -29.9387703 ], [ -57.294582, -29.9374102 ], [ -57.295482, -29.9362537 ], [ -57.2964634, -29.9358734 ], [ -57.2973975, -29.9357917 ], [ -57.297118499999989, -29.9351438 ], [ -57.2974227, -29.9345865 ], [ -57.2982394, -29.9343192 ], [ -57.2988123, -29.9344624 ], [ -57.2993732, -29.9343758 ], [ -57.299926, -29.9329201 ], [ -57.3015509, -29.9321936 ], [ -57.3018354, -29.931851499999983 ], [ -57.3032619, -29.9319609 ], [ -57.3061409, -29.9314536 ], [ -57.3066014, -29.9315453 ], [ -57.306929, -29.931864199999989 ], [ -57.3079454, -29.9313811 ], [ -57.3080672, -29.9310846 ], [ -57.3078898, -29.9303397 ], [ -57.3081938, -29.9293523 ], [ -57.3090969, -29.9283276 ], [ -57.3094498, -29.9276164 ], [ -57.3102309, -29.927688699999987 ], [ -57.3111671, -29.9275749 ], [ -57.3120998, -29.9278759 ], [ -57.3128713, -29.9283383 ], [ -57.3142848, -29.9283591 ], [ -57.3151176, -29.9281618 ], [ -57.3167887, -29.9286436 ], [ -57.3176167, -29.9286463 ], [ -57.3183242, -29.928021 ], [ -57.3183807, -29.9275648 ], [ -57.3181404, -29.9267512 ], [ -57.3181125, -29.9235124 ], [ -57.317848399999988, -29.9225829 ], [ -57.317903, -29.9218514 ], [ -57.3183246, -29.9214848 ], [ -57.3194655, -29.9212943 ], [ -57.3204579, -29.9204012 ], [ -57.3216978, -29.9196353 ], [ -57.323413, -29.9181154 ], [ -57.3229911, -29.9177747 ], [ -57.3212824, -29.9152413 ], [ -57.3206301, -29.9139289 ], [ -57.319758, -29.9132239 ], [ -57.3186007, -29.9133037 ], [ -57.3178101, -29.9126104 ], [ -57.3162999, -29.9130174 ], [ -57.3151959, -29.9128402 ], [ -57.3142412, -29.913095599999988 ], [ -57.3141421, -29.9127355 ], [ -57.3129453, -29.9116332 ], [ -57.3129159, -29.9112914 ], [ -57.3138622, -29.909093 ], [ -57.3135856, -29.9084493 ], [ -57.3129987, -29.9079338 ], [ -57.313552799999989, -29.907212 ], [ -57.3135497, -29.9067676 ], [ -57.3141031, -29.9063051 ], [ -57.3139618, -29.9053356 ], [ -57.314051, -29.9042777 ], [ -57.3143347, -29.9037235 ], [ -57.315245, -29.9027092 ], [ -57.314951, -29.9009729 ], [ -57.3132987, -29.9002665 ], [ -57.3124545, -29.899590699999983 ], [ -57.3116597, -29.8998193 ], [ -57.3110778, -29.9002208 ], [ -57.3107346, -29.9002236 ], [ -57.309068, -29.8991244 ], [ -57.3083627, -29.8982238 ], [ -57.3074598, -29.89763060000001 ], [ -57.3045559, -29.8964344 ], [ -57.3024956, -29.896484 ], [ -57.3016157, -29.8971642 ], [ -57.3007513, -29.8973638 ], [ -57.3000336, -29.898035 ], [ -57.2984207, -29.897538599999983 ], [ -57.2978329, -29.8979818 ], [ -57.2974615, -29.8980314 ], [ -57.2950579, -29.8970141 ], [ -57.2944635, -29.8970568 ], [ -57.2940192, -29.8974665 ], [ -57.2934936, -29.8975337 ], [ -57.2908752, -29.8970146 ], [ -57.2898244, -29.8970153 ], [ -57.2879172, -29.8978692 ], [ -57.2876331, -29.89823470000001 ], [ -57.2871563, -29.8997181 ], [ -57.2863606, -29.9001908 ], [ -57.2855634, -29.8998888 ], [ -57.2851499, -29.8999152 ], [ -57.2843985, -29.8993072 ], [ -57.2836077, -29.8991475 ], [ -57.2832458, -29.898911 ], [ -57.2826972, -29.8979402 ], [ -57.2818561, -29.8977269 ], [ -57.2815208, -29.8973945 ], [ -57.2813917, -29.895196599999984 ], [ -57.2805541, -29.8947387 ], [ -57.2802256, -29.8942569 ], [ -57.2795792, -29.8937736 ], [ -57.2792954, -29.8932358 ], [ -57.2793691, -29.892853 ], [ -57.2802835, -29.8922062 ], [ -57.2806002, -29.8917513 ], [ -57.2805988, -29.8911125 ], [ -57.2800989, -29.889864 ], [ -57.2803169, -29.8891706 ], [ -57.2803959, -29.8880379 ], [ -57.2809075, -29.8875401 ], [ -57.2808645, -29.8871521 ], [ -57.2795979, -29.8858107 ], [ -57.2785966, -29.883536 ], [ -57.2771143, -29.882180599999987 ], [ -57.2770293, -29.8815714 ], [ -57.2772638, -29.880613199999988 ], [ -57.2769622, -29.8796245 ], [ -57.2766146, -29.8790293 ], [ -57.2760055, -29.8785738 ], [ -57.2753508, -29.8772791 ], [ -57.2759309, -29.8765828 ], [ -57.2763451, -29.876598 ], [ -57.2766671, -29.8763745 ], [ -57.2777196, -29.8752872 ], [ -57.2783518, -29.874348 ], [ -57.2789636, -29.8725565 ], [ -57.2786392, -29.8715571 ], [ -57.2783318, -29.871022599999989 ], [ -57.2781041, -29.8709086 ], [ -57.2767734, -29.8706705 ], [ -57.2761764, -29.8708312 ], [ -57.2757586, -29.8707719 ], [ -57.2754014, -29.8701858 ], [ -57.275308, -29.8692208 ], [ -57.2750734, -29.8686676 ], [ -57.2752136, -29.8681242 ], [ -57.274123, -29.8662444 ], [ -57.2734987, -29.865921 ], [ -57.2718772, -29.8656052 ], [ -57.2710178, -29.8657384 ], [ -57.2708114, -29.8651229 ], [ -57.2702399, -29.8645012 ], [ -57.2698668, -29.8642712 ], [ -57.2688356, -29.8640879 ], [ -57.2686201, -29.863248 ], [ -57.2683013, -29.8629017 ], [ -57.2664667, -29.8627783 ], [ -57.2656295, -29.8625401 ], [ -57.2651981, -29.8634248 ], [ -57.2652955, -29.8640031 ], [ -57.2650256, -29.8646279 ], [ -57.2640797, -29.8655199 ], [ -57.2629385, -29.8653348 ], [ -57.2613145, -29.865576099999984 ], [ -57.2601481, -29.8650903 ], [ -57.2593575, -29.8651216 ], [ -57.2584521, -29.8657225 ], [ -57.2577833, -29.8665703 ], [ -57.2568369, -29.8668702 ], [ -57.2568773, -29.8671474 ], [ -57.257519, -29.8673951 ], [ -57.2580326, -29.8679852 ], [ -57.2575522, -29.8685316 ], [ -57.2568244, -29.8688835 ], [ -57.2556584, -29.868902 ], [ -57.2536083, -29.8683108 ], [ -57.2525425, -29.8675627 ], [ -57.2518633, -29.8675425 ], [ -57.251449, -29.8677036 ], [ -57.2512157, -29.8680352 ], [ -57.2510161, -29.8695933 ], [ -57.2512089, -29.8711137 ], [ -57.252101, -29.8726617 ], [ -57.2530549, -29.8735081 ], [ -57.2528695, -29.8746214 ], [ -57.2533837, -29.8764672 ], [ -57.2534057, -29.8780613 ], [ -57.2531122, -29.8783598 ], [ -57.2513302, -29.878415 ], [ -57.2503723, -29.8792097 ], [ -57.2496253, -29.878698600000011 ], [ -57.248397, -29.8786151 ], [ -57.2476841, -29.878382 ], [ -57.2465919, -29.8783997 ], [ -57.24578, -29.8787787 ], [ -57.2454319, -29.878441 ], [ -57.2437956, -29.8780088 ], [ -57.2421226, -29.87718 ], [ -57.2413491, -29.876519 ], [ -57.2407452, -29.8763364 ], [ -57.2400739, -29.8758736 ], [ -57.2395802, -29.8748903 ], [ -57.2391409, -29.873173 ], [ -57.2384103, -29.8721481 ], [ -57.2378516, -29.8720118 ], [ -57.2373617, -29.8722978 ], [ -57.2370483, -29.8727583 ], [ -57.2370183, -29.8750403 ], [ -57.235069, -29.8750664 ], [ -57.2343189, -29.8753905 ], [ -57.2340722, -29.8756483 ], [ -57.2342785, -29.8762834 ], [ -57.234759, -29.8770061 ], [ -57.2347835, -29.8790541 ], [ -57.2345458, -29.8793225 ], [ -57.2345183, -29.8797625 ], [ -57.2338452, -29.8805029 ], [ -57.2330874, -29.8810256 ], [ -57.2307742, -29.8814039 ], [ -57.2286181, -29.8814961 ], [ -57.2279453, -29.8824828 ], [ -57.2257235, -29.883315300000014 ], [ -57.2245437, -29.8831129 ], [ -57.2217103, -29.8830851 ], [ -57.2210568, -29.8829509 ], [ -57.2206294, -29.8830959 ], [ -57.2206478, -29.8826144 ], [ -57.2208523, -29.8823248 ], [ -57.2215812, -29.8817991 ], [ -57.2229805, -29.8813882 ], [ -57.2233056, -29.8810471 ], [ -57.2224771, -29.8792837 ], [ -57.2210331, -29.8779692 ], [ -57.2216694, -29.8768497 ], [ -57.2214627, -29.8761514 ], [ -57.220161, -29.8764033 ], [ -57.2189009, -29.8760815 ], [ -57.2184032, -29.8752288 ], [ -57.2174406, -29.874720300000011 ], [ -57.2172402, -29.8738901 ], [ -57.2169844, -29.8736828 ], [ -57.2159423, -29.8736791 ], [ -57.2150642, -29.874148599999987 ], [ -57.2140821, -29.87404320000001 ], [ -57.2135764, -29.8751735 ], [ -57.2131399, -29.8755439 ], [ -57.2130095, -29.876304 ], [ -57.21243, -29.8768715 ], [ -57.2118716, -29.8770895 ], [ -57.211513, -29.8776828 ], [ -57.2114836, -29.8788909 ], [ -57.2119618, -29.8803143 ], [ -57.2112522, -29.8810217 ], [ -57.2111849, -29.8819848 ], [ -57.2095489, -29.8825196 ], [ -57.208988, -29.8822822 ], [ -57.2081293, -29.8822626 ], [ -57.2083559, -29.883369 ], [ -57.2080308, -29.8855177 ], [ -57.2074318, -29.886594899999984 ], [ -57.2057858, -29.887303 ], [ -57.2054028, -29.887692099999985 ], [ -57.2053853, -29.8884092 ], [ -57.2058801, -29.8893046 ], [ -57.2054534, -29.8910453 ], [ -57.2061849, -29.8925404 ], [ -57.2057779, -29.8926322 ], [ -57.2054553, -29.8928956 ], [ -57.2052518, -29.8935726 ], [ -57.2036849, -29.895596 ], [ -57.2027376, -29.89526 ], [ -57.2021725, -29.894868799999987 ], [ -57.2012773, -29.8951916 ], [ -57.2009071, -29.8939293 ], [ -57.1994003, -29.8934696 ], [ -57.198788, -29.8937245 ], [ -57.1971318, -29.8949657 ], [ -57.1949426, -29.8945049 ], [ -57.1927836, -29.894549 ], [ -57.1918802, -29.8958381 ], [ -57.1907082, -29.8965964 ], [ -57.1906349, -29.897313499999985 ], [ -57.1908525, -29.8980998 ], [ -57.190736, -29.8983272 ], [ -57.1901776, -29.898608499999984 ], [ -57.1879966, -29.8989989 ], [ -57.1862895, -29.899999299999987 ], [ -57.1856192, -29.9000251 ], [ -57.1848206, -29.8997584 ], [ -57.1841885, -29.8998563 ], [ -57.1838293, -29.9005696 ], [ -57.1831105, -29.9012777 ], [ -57.1821371, -29.9012463 ], [ -57.1813354, -29.901882 ], [ -57.1807716, -29.9020976 ], [ -57.1805517, -29.903219399999987 ], [ -57.1801969, -29.9037694 ], [ -57.1802253, -29.9041558 ], [ -57.1797571, -29.9046375 ], [ -57.1787792, -29.9049817 ], [ -57.177573, -29.9048089 ], [ -57.1765459, -29.90526 ], [ -57.1753065, -29.9053214 ], [ -57.1749463, -29.9056484 ], [ -57.1746487, -29.9063131 ], [ -57.1738183, -29.9067395 ], [ -57.1736212, -29.9084991 ], [ -57.1726676, -29.909562 ], [ -57.1720745, -29.9107989 ], [ -57.1733442, -29.9124619 ], [ -57.1728906, -29.9131484 ], [ -57.1727953, -29.9154488 ], [ -57.1722751, -29.9163209 ], [ -57.1707421, -29.917721900000011 ], [ -57.171211, -29.9182537 ], [ -57.1717441, -29.9185076 ], [ -57.1727151, -29.9184787 ], [ -57.1732999, -29.9193107 ], [ -57.173407, -29.9197628 ], [ -57.1725592, -29.9200198 ], [ -57.1718686, -29.9200254 ], [ -57.1708825, -29.9195215 ], [ -57.1679835, -29.9194631 ], [ -57.1665049, -29.9190001 ], [ -57.1659789, -29.9194016 ], [ -57.1655452, -29.9194362 ], [ -57.1645181, -29.9192072 ], [ -57.1638738, -29.9184395 ], [ -57.1630269, -29.9181653 ], [ -57.1625786, -29.9183486 ], [ -57.1614601, -29.9183644 ], [ -57.1601148, -29.9178767 ], [ -57.1592442, -29.9186166 ], [ -57.1588804, -29.9186081 ], [ -57.1581619, -29.9182809 ], [ -57.1580793, -29.9193522 ], [ -57.1573856, -29.9199939 ], [ -57.1568615, -29.9199571 ], [ -57.1557065, -29.919256 ], [ -57.1551104, -29.9193263 ], [ -57.1548428, -29.9198194 ], [ -57.1553165, -29.9208271 ], [ -57.1553384, -29.921664 ], [ -57.1552305, -29.9218875 ], [ -57.1545181, -29.9222628 ], [ -57.1533908, -29.9220198 ], [ -57.1513912, -29.9219195 ], [ -57.1507684, -29.9208928 ], [ -57.1502108, -29.9204346 ], [ -57.1485809, -29.9221806 ], [ -57.1468539, -29.9232776 ], [ -57.1457052, -29.923804399999984 ], [ -57.1451402, -29.9249165 ], [ -57.1450105, -29.9257231 ], [ -57.1447588, -29.926029899999985 ], [ -57.1435713, -29.9266177 ], [ -57.1423774, -29.9268644 ], [ -57.1418037, -29.9276834 ], [ -57.1412447, -29.9293528 ], [ -57.1411847, -29.930874 ], [ -57.1393582, -29.9308448 ], [ -57.1388105, -29.9304167 ], [ -57.1383511, -29.9303297 ], [ -57.1379967, -29.9304163 ], [ -57.13738, -29.9310953 ], [ -57.1358863, -29.9311566 ], [ -57.1354474, -29.9306568 ], [ -57.1344052, -29.9305503 ], [ -57.13379, -29.9302352 ], [ -57.133599, -29.9290136 ], [ -57.1334069, -29.9286518 ], [ -57.1331291, -29.9286518 ], [ -57.1328126, -29.929358 ], [ -57.131342, -29.9302303 ], [ -57.1307455, -29.9302881 ], [ -57.12996, -29.930120199999983 ], [ -57.1289389, -29.9312725 ], [ -57.1279969, -29.9312676 ], [ -57.1277725, -29.9320956 ], [ -57.1273699, -29.9326981 ], [ -57.1271128, -29.9338775 ], [ -57.1259484, -29.9344218 ], [ -57.1251339, -29.9339851 ], [ -57.1244126, -29.934005700000011 ], [ -57.1245027, -29.9352804 ], [ -57.1241087, -29.936053 ], [ -57.1232293, -29.9361503 ], [ -57.1221771, -29.9359496 ], [ -57.1215434, -29.9364957 ], [ -57.1212316, -29.9372576 ], [ -57.1217297, -29.9382266 ], [ -57.1214711, -29.9392611 ], [ -57.122223, -29.9398208 ], [ -57.1229029, -29.9407452 ], [ -57.1238444, -29.9413255 ], [ -57.1237206, -29.9425833 ], [ -57.1242337, -29.9438577 ], [ -57.1231626, -29.9439564 ], [ -57.1231505, -29.9444088 ], [ -57.1241458, -29.9453931 ], [ -57.1243092, -29.946832699999984 ], [ -57.1247176, -29.9474175 ], [ -57.1249031, -29.9480123 ], [ -57.1255555, -29.9485307 ], [ -57.125875, -29.9491463 ], [ -57.1258557, -29.9496195 ], [ -57.125544, -29.9502461 ], [ -57.1243045, -29.9512888 ], [ -57.124518, -29.9519852 ], [ -57.1252162, -29.9523619 ], [ -57.1254508, -29.9530177 ], [ -57.1262254, -29.953805 ], [ -57.1282426, -29.9549649 ], [ -57.1292037, -29.954997299999988 ], [ -57.1296953, -29.9546106 ], [ -57.1316544, -29.9547952 ], [ -57.1322959, -29.9550407 ], [ -57.1316979, -29.956489399999988 ], [ -57.131078, -29.956978499999988 ], [ -57.1309207, -29.9572994 ], [ -57.1309678, -29.9585033 ], [ -57.1316282, -29.9591126 ], [ -57.1314626, -29.9600407 ], [ -57.1307083, -29.960482 ], [ -57.1302637, -29.9621011 ], [ -57.1293374, -29.963173 ], [ -57.1281245, -29.9653382 ], [ -57.1292907, -29.9662973 ], [ -57.1299551, -29.9665235 ], [ -57.1313839, -29.9674911 ], [ -57.132158, -29.9675365 ], [ -57.133407, -29.967263 ], [ -57.1333924, -29.9685321 ], [ -57.1329679, -29.9698147 ], [ -57.1330424, -29.9700028 ], [ -57.1338848, -29.9705354 ], [ -57.1353077, -29.9707253 ], [ -57.1358563, -29.9712902 ], [ -57.1361411, -29.972208499999986 ], [ -57.1375379, -29.9723018 ], [ -57.1387701, -29.9725948 ], [ -57.1395182, -29.9730963 ], [ -57.1404976, -29.9725888 ], [ -57.1413162, -29.9727695 ], [ -57.1425069, -29.9722608 ], [ -57.1432286, -29.9727863 ], [ -57.1441829, -29.972864 ], [ -57.1445222, -29.973112 ], [ -57.1440038, -29.9737599 ], [ -57.1439749, -29.9745377 ], [ -57.1443163, -29.9752579 ], [ -57.1447234, -29.975587 ], [ -57.1450469, -29.9755887 ], [ -57.1450912, -29.9753322 ], [ -57.1453516, -29.9753185 ], [ -57.1457093, -29.9748687 ], [ -57.1461385, -29.9747655 ], [ -57.1474474, -29.9747844 ], [ -57.148376, -29.9750269 ], [ -57.152081, -29.9751103 ], [ -57.1525158, -29.9755169 ], [ -57.1538808, -29.976040699999988 ], [ -57.1539635, -29.9770373 ], [ -57.1537204, -29.9781591 ], [ -57.1543829, -29.9788753 ], [ -57.1552853, -29.979164 ], [ -57.1559044, -29.9789772 ], [ -57.1564306, -29.9791802 ], [ -57.1570522, -29.979185899999983 ], [ -57.1572366, -29.979091899999986 ], [ -57.1575895, -29.9783717 ], [ -57.1583374, -29.9789847 ], [ -57.1591407, -29.9798418 ], [ -57.159585, -29.9815621 ], [ -57.1603046, -29.982237 ], [ -57.1603517, -29.9830962 ], [ -57.1620414, -29.9828113 ], [ -57.1628465, -29.9828527 ], [ -57.1634126, -29.9830516 ], [ -57.1641334, -29.982922399999985 ], [ -57.165074, -29.9830962 ], [ -57.1651508, -29.9840452 ], [ -57.1660588, -29.9845848 ], [ -57.1669518, -29.9860276 ], [ -57.1672847, -29.9873942 ], [ -57.1672893, -29.9895009 ], [ -57.1678215, -29.9900052 ], [ -57.167587, -29.990644199999984 ], [ -57.167591, -29.9917299 ], [ -57.1680222, -29.9921301 ], [ -57.1681296, -29.9925406 ], [ -57.1694214, -29.9917594 ], [ -57.1708592, -29.9919801 ], [ -57.1721841, -29.99181930000001 ], [ -57.1730557, -29.9921976 ], [ -57.1745753, -29.9923348 ], [ -57.1751183, -29.9932516 ], [ -57.1760852, -29.993633599999988 ], [ -57.1764525, -29.993495 ], [ -57.1767811, -29.9929967 ], [ -57.1773308, -29.9926423 ], [ -57.1781115, -29.992573 ], [ -57.1790662, -29.9935693 ], [ -57.1802432, -29.9940154 ], [ -57.1804965, -29.9942396 ], [ -57.1807226, -29.9955296 ], [ -57.1809951, -29.9960909 ], [ -57.1813404, -29.9963318 ], [ -57.1825101, -29.9958908 ], [ -57.1833944, -29.9961534 ], [ -57.1838186, -29.9959143 ], [ -57.1848331, -29.9960964 ], [ -57.1865868, -29.9956905 ], [ -57.1875742, -29.9958739 ], [ -57.1876128, -29.9949771 ], [ -57.1880831, -29.9937239 ], [ -57.1875724, -29.9920512 ] ] ] } },
{ "type": "Feature", "properties": { "wts_pk": 133637, "codigo_otto": "82526", "nivel_otto_declarado": 5, "area_m2_bho": 29.772053453726681, "nivel_otto": 5 }, "geometry": { "type": "Polygon", "coordinates": [ [ [ -57.0948274, -29.943971099999988 ], [ -57.0951335, -29.9449178 ], [ -57.095513, -29.9452548 ], [ -57.0957914, -29.9452298 ], [ -57.096945, -29.9445305 ], [ -57.09762, -29.9444837 ], [ -57.0980913, -29.9446068 ], [ -57.0983825, -29.9450507 ], [ -57.0983179, -29.9454265 ], [ -57.0979871, -29.9457272 ], [ -57.0981887, -29.9460951 ], [ -57.0994745, -29.9468328 ], [ -57.1000734, -29.9475408 ], [ -57.1007378, -29.9475625 ], [ -57.1013894, -29.9478762 ], [ -57.1016974, -29.9481857 ], [ -57.1020339, -29.9489326 ], [ -57.1033194, -29.9481418 ], [ -57.1040858, -29.9479358 ], [ -57.1045349, -29.9480548 ], [ -57.1049282, -29.9479891 ], [ -57.1048763, -29.9471268 ], [ -57.1054861, -29.9456884 ], [ -57.106254, -29.945632 ], [ -57.1072687, -29.9463739 ], [ -57.1078849, -29.9463816 ], [ -57.1083545, -29.9460179 ], [ -57.1087451, -29.944630499999985 ], [ -57.1090276, -29.9442512 ], [ -57.1095092, -29.943964299999983 ], [ -57.1103027, -29.9440541 ], [ -57.110629, -29.9436519 ], [ -57.1113568, -29.943772899999985 ], [ -57.1121148, -29.9444125 ], [ -57.1127706, -29.9447156 ], [ -57.1135525, -29.9447431 ], [ -57.1144294, -29.9445727 ], [ -57.1151797, -29.9448843 ], [ -57.1153513, -29.9453186 ], [ -57.1160975, -29.9454364 ], [ -57.1171261, -29.9460399 ], [ -57.1182419, -29.9448776 ], [ -57.1190041, -29.9450101 ], [ -57.1199248, -29.9447884 ], [ -57.1223719, -29.9447044 ], [ -57.1228462, -29.9442781 ], [ -57.1231291, -29.9442074 ], [ -57.1231626, -29.9439564 ], [ -57.1241846, -29.943914 ], [ -57.1242402, -29.9436518 ], [ -57.1237206, -29.9425833 ], [ -57.1238056, -29.9412291 ], [ -57.1229029, -29.9407452 ], [ -57.122223, -29.9398208 ], [ -57.1214711, -29.9392611 ], [ -57.1217297, -29.9382266 ], [ -57.1212549, -29.9373965 ], [ -57.1212711, -29.9370511 ], [ -57.1215434, -29.9364957 ], [ -57.1221108, -29.9359703 ], [ -57.1233521, -29.936155 ], [ -57.124165, -29.936004 ], [ -57.1245027, -29.9352804 ], [ -57.1244126, -29.934005700000011 ], [ -57.1251339, -29.9339851 ], [ -57.1259484, -29.9344218 ], [ -57.1271667, -29.9338316 ], [ -57.1273699, -29.9326981 ], [ -57.1277725, -29.9320956 ], [ -57.1279969, -29.9312676 ], [ -57.1289389, -29.9312725 ], [ -57.12996, -29.930120199999983 ], [ -57.1307455, -29.9302881 ], [ -57.131342, -29.9302303 ], [ -57.1328126, -29.929358 ], [ -57.1331291, -29.9286518 ], [ -57.1334069, -29.9286518 ], [ -57.133599, -29.9290136 ], [ -57.13379, -29.9302352 ], [ -57.1344052, -29.9305503 ], [ -57.1354474, -29.9306568 ], [ -57.1358863, -29.9311566 ], [ -57.13738, -29.9310953 ], [ -57.1379967, -29.9304163 ], [ -57.1383511, -29.9303297 ], [ -57.1388105, -29.9304167 ], [ -57.1393582, -29.9308448 ], [ -57.1411847, -29.930874 ], [ -57.1412447, -29.9293528 ], [ -57.1418037, -29.9276834 ], [ -57.1423774, -29.9268644 ], [ -57.1435713, -29.9266177 ], [ -57.1447588, -29.926029899999985 ], [ -57.1450105, -29.9257231 ], [ -57.1451402, -29.9249165 ], [ -57.1457052, -29.923804399999984 ], [ -57.1468539, -29.9232776 ], [ -57.1485809, -29.9221806 ], [ -57.1501747, -29.920450399999986 ], [ -57.1507684, -29.9208928 ], [ -57.1513912, -29.9219195 ], [ -57.1533908, -29.9220198 ], [ -57.1545181, -29.9222628 ], [ -57.1552305, -29.9218875 ], [ -57.1553384, -29.921664 ], [ -57.1553165, -29.9208271 ], [ -57.1548428, -29.9198194 ], [ -57.1551104, -29.9193263 ], [ -57.1557884, -29.9192819 ], [ -57.1568615, -29.9199571 ], [ -57.157208, -29.9200166 ], [ -57.1575293, -29.9199303 ], [ -57.1580793, -29.9193522 ], [ -57.1581292, -29.9183739 ], [ -57.1570885, -29.9174777 ], [ -57.1563796, -29.9165733 ], [ -57.1559728, -29.916895 ], [ -57.1544306, -29.9173308 ], [ -57.1536418, -29.9177593 ], [ -57.1532367, -29.9174696 ], [ -57.1529705, -29.9168377 ], [ -57.1521125, -29.9165353 ], [ -57.1517525, -29.9146269 ], [ -57.1517402, -29.9128184 ], [ -57.1502609, -29.9120565 ], [ -57.149605, -29.9119163 ], [ -57.1489624, -29.9114295 ], [ -57.1492172, -29.9107006 ], [ -57.1487878, -29.9084204 ], [ -57.1480055, -29.9081089 ], [ -57.1473155, -29.9081361 ], [ -57.1467249, -29.908333 ], [ -57.1463132, -29.908266399999988 ], [ -57.1461802, -29.9077883 ], [ -57.1463473, -29.9070965 ], [ -57.1459068, -29.9064295 ], [ -57.1452163, -29.9058898 ], [ -57.1436846, -29.905874 ], [ -57.1433273, -29.905429 ], [ -57.1407328, -29.9038475 ], [ -57.1390342, -29.9024836 ], [ -57.1387549, -29.9021053 ], [ -57.1386012, -29.9013124 ], [ -57.1380246, -29.9009384 ], [ -57.1371341, -29.9009431 ], [ -57.1362014, -29.9019888 ], [ -57.1353112, -29.9019406 ], [ -57.1348571, -29.901658 ], [ -57.1342983, -29.901 ], [ -57.1340699, -29.8999352 ], [ -57.1342346, -29.8991622 ], [ -57.1341798, -29.8974114 ], [ -57.1324296, -29.8955635 ], [ -57.1321946, -29.8942866 ], [ -57.1310773, -29.8931088 ], [ -57.1307497, -29.8929252 ], [ -57.1282294, -29.8932728 ], [ -57.1277482, -29.893058 ], [ -57.1272955, -29.8922629 ], [ -57.1262882, -29.8919031 ], [ -57.1246971, -29.8909518 ], [ -57.1236844, -29.8905963 ], [ -57.1235553, -29.889805 ], [ -57.1222004, -29.8881714 ], [ -57.1214488, -29.887851 ], [ -57.119375, -29.8877117 ], [ -57.1175056, -29.8854361 ], [ -57.1159573, -29.8857986 ], [ -57.1152169, -29.885348 ], [ -57.1130928, -29.885334 ], [ -57.1122471, -29.8855349 ], [ -57.1114029, -29.885070199999983 ], [ -57.1109184, -29.8850502 ], [ -57.1108891, -29.885790799999988 ], [ -57.1103816, -29.8862108 ], [ -57.110351, -29.8867074 ], [ -57.1099567, -29.8868027 ], [ -57.1078947, -29.8882235 ], [ -57.1074299, -29.8891673 ], [ -57.1066023, -29.8898006 ], [ -57.106157, -29.8904822 ], [ -57.1054877, -29.8909826 ], [ -57.1050143, -29.8915712 ], [ -57.103774, -29.8918609 ], [ -57.1037496, -29.8921789 ], [ -57.1042399, -29.8930963 ], [ -57.1039205, -29.8937997 ], [ -57.1035687, -29.8941161 ], [ -57.1027651, -29.8942615 ], [ -57.1021472, -29.8945876 ], [ -57.1019085, -29.895232499999988 ], [ -57.1007702, -29.8964759 ], [ -57.1005282, -29.8971133 ], [ -57.0993519, -29.8970675 ], [ -57.098812, -29.8973594 ], [ -57.0980763, -29.8982399 ], [ -57.0970664, -29.8985059 ], [ -57.096244, -29.899361599999988 ], [ -57.0963326, -29.9005416 ], [ -57.0960684, -29.9007797 ], [ -57.095226, -29.9009913 ], [ -57.0949664, -29.9019004 ], [ -57.0944056, -29.9025188 ], [ -57.0939773, -29.9028206 ], [ -57.0934432, -29.9025839 ], [ -57.0927569, -29.9025874 ], [ -57.0920748, -29.9031438 ], [ -57.091848, -29.9034797 ], [ -57.0919961, -29.9043415 ], [ -57.0917722, -29.9050925 ], [ -57.0916524, -29.9065428 ], [ -57.0908445, -29.9068659 ], [ -57.0902088, -29.9068362 ], [ -57.0899316, -29.9074222 ], [ -57.0890936, -29.9081286 ], [ -57.0887482, -29.9094165 ], [ -57.0888912, -29.9101837 ], [ -57.0881223, -29.9108539 ], [ -57.0883982, -29.9121275 ], [ -57.0883472, -29.9143351 ], [ -57.0868736, -29.9159074 ], [ -57.0863622, -29.9168219 ], [ -57.0857042, -29.917205 ], [ -57.0861386, -29.9180492 ], [ -57.0861822, -29.9186999 ], [ -57.0858407, -29.920167 ], [ -57.0853985, -29.9210954 ], [ -57.0855011, -29.921934499999988 ], [ -57.0851293, -29.9227448 ], [ -57.0853523, -29.9235899 ], [ -57.0853045, -29.9251839 ], [ -57.084874, -29.9255403 ], [ -57.0835527, -29.9257119 ], [ -57.0832664, -29.92667 ], [ -57.0821887, -29.9277373 ], [ -57.080882, -29.9278191 ], [ -57.0800732, -29.9275409 ], [ -57.0799718, -29.9282674 ], [ -57.0793234, -29.9292801 ], [ -57.0793677, -29.9297312 ], [ -57.0807855, -29.931328 ], [ -57.0801461, -29.9321363 ], [ -57.079817, -29.9334237 ], [ -57.0798105, -29.9346202 ], [ -57.079958, -29.9351511 ], [ -57.0797941, -29.9359133 ], [ -57.0798524, -29.936837899999986 ], [ -57.0807837, -29.9375912 ], [ -57.0814819, -29.9384733 ], [ -57.0821445, -29.938945 ], [ -57.0820967, -29.9396233 ], [ -57.0823629, -29.940446 ], [ -57.0827803, -29.9410302 ], [ -57.0829525, -29.9418391 ], [ -57.0835212, -29.9423329 ], [ -57.0839515, -29.9431975 ], [ -57.0849591, -29.9434645 ], [ -57.0855423, -29.9439982 ], [ -57.0861282, -29.9455145 ], [ -57.0861845, -29.946152 ], [ -57.0871759, -29.9457797 ], [ -57.0873762, -29.9446483 ], [ -57.0889622, -29.9433742 ], [ -57.0889622, -29.9430964 ], [ -57.0902216, -29.9430587 ], [ -57.0910932, -29.9424688 ], [ -57.091328, -29.9420491 ], [ -57.0919404, -29.9419691 ], [ -57.0920981, -29.941716099999983 ], [ -57.0931289, -29.94170750000001 ], [ -57.0942868, -29.9430184 ], [ -57.0947956, -29.9430964 ], [ -57.0948274, -29.943971099999988 ] ] ] } },
{ "type": "Feature", "properties": { "wts_pk": 133633, "codigo_otto": "82522", "nivel_otto_declarado": 5, "area_m2_bho": 30.804776423036532, "nivel_otto": 5 }, "geometry": { "type": "Polygon", "coordinates": [ [ [ -57.1626503, -29.9183351 ], [ -57.1629904, -29.9181611 ], [ -57.1638195, -29.9184158 ], [ -57.1645181, -29.9192072 ], [ -57.1655452, -29.9194362 ], [ -57.1659789, -29.9194016 ], [ -57.1665049, -29.9190001 ], [ -57.1679835, -29.9194631 ], [ -57.1708825, -29.9195215 ], [ -57.1718686, -29.9200254 ], [ -57.1725592, -29.9200198 ], [ -57.173407, -29.9197628 ], [ -57.1732999, -29.9193107 ], [ -57.1727151, -29.9184787 ], [ -57.1717441, -29.9185076 ], [ -57.171211, -29.9182537 ], [ -57.1707421, -29.917721900000011 ], [ -57.1722751, -29.9163209 ], [ -57.1727953, -29.9154488 ], [ -57.1728906, -29.9131484 ], [ -57.1733442, -29.9124619 ], [ -57.1720745, -29.9107989 ], [ -57.1726676, -29.909562 ], [ -57.1736212, -29.9084991 ], [ -57.173783, -29.9067848 ], [ -57.1740717, -29.9065157 ], [ -57.1746487, -29.9063131 ], [ -57.1749463, -29.9056484 ], [ -57.1753065, -29.9053214 ], [ -57.1765459, -29.90526 ], [ -57.177573, -29.9048089 ], [ -57.1785962, -29.9050014 ], [ -57.1796918, -29.9046795 ], [ -57.1802253, -29.9041558 ], [ -57.1801969, -29.9037694 ], [ -57.1805517, -29.903219399999987 ], [ -57.1807716, -29.9020976 ], [ -57.1813354, -29.901882 ], [ -57.1821371, -29.9012463 ], [ -57.1831105, -29.9012777 ], [ -57.1838638, -29.9005231 ], [ -57.1841079, -29.8999161 ], [ -57.1847959, -29.8997627 ], [ -57.1846991, -29.8974296 ], [ -57.183836, -29.8971231 ], [ -57.1841233, -29.8965955 ], [ -57.1838706, -29.8962325 ], [ -57.1826776, -29.8957931 ], [ -57.181905, -29.8953308 ], [ -57.1817249, -29.8943421 ], [ -57.1818004, -29.8938047 ], [ -57.18223, -29.8932304 ], [ -57.1827078, -29.8920178 ], [ -57.1830154, -29.8917489 ], [ -57.1843081, -29.8913593 ], [ -57.184472, -29.8911853 ], [ -57.1845155, -29.8900057 ], [ -57.1843076, -29.8890604 ], [ -57.1846132, -29.8882328 ], [ -57.1850788, -29.8878378 ], [ -57.1843874, -29.8865325 ], [ -57.1824769, -29.8848999 ], [ -57.1817964, -29.8855281 ], [ -57.1811206, -29.8856106 ], [ -57.1804856, -29.885503 ], [ -57.1801221, -29.8849039 ], [ -57.1800405, -29.880821499999989 ], [ -57.1797809, -29.8798445 ], [ -57.179533, -29.8796923 ], [ -57.1794965, -29.8792534 ], [ -57.1789624, -29.8792071 ], [ -57.1789426, -29.8776776 ], [ -57.1787038, -29.8768799 ], [ -57.1787794, -29.8765082 ], [ -57.1799675, -29.8749287 ], [ -57.1790547, -29.8735806 ], [ -57.1786815, -29.872003300000014 ], [ -57.179107, -29.8718735 ], [ -57.1797392, -29.8710275 ], [ -57.1800631, -29.8697132 ], [ -57.1799909, -29.8684841 ], [ -57.1796658, -29.8676476 ], [ -57.1777697, -29.867481 ], [ -57.1766177, -29.8666267 ], [ -57.1768961, -29.86593 ], [ -57.1766172, -29.865364 ], [ -57.1761796, -29.8650207 ], [ -57.1782805, -29.8633456 ], [ -57.1786212, -29.8626599 ], [ -57.1787801, -29.8618445 ], [ -57.1803513, -29.8617071 ], [ -57.1803625, -29.8614537 ], [ -57.1806178, -29.861405 ], [ -57.1808994, -29.860648399999985 ], [ -57.1808822, -29.8599249 ], [ -57.1797957, -29.8586516 ], [ -57.1806694, -29.8586075 ], [ -57.1817019, -29.8582508 ], [ -57.181957, -29.8579462 ], [ -57.1823467, -29.8565546 ], [ -57.1826703, -29.8562495 ], [ -57.183935, -29.8563838 ], [ -57.184987, -29.8557045 ], [ -57.1851175, -29.8541658 ], [ -57.1855623, -29.8531639 ], [ -57.1854386, -29.8524816 ], [ -57.1858388, -29.8519806 ], [ -57.1856407, -29.851111 ], [ -57.1859068, -29.8503182 ], [ -57.1849544, -29.849579 ], [ -57.1838202, -29.8493776 ], [ -57.1832996, -29.8481807 ], [ -57.1820939, -29.8471099 ], [ -57.1814814, -29.8458312 ], [ -57.1816231, -29.8436965 ], [ -57.1813413, -29.8431978 ], [ -57.1807415, -29.8427313 ], [ -57.1805022, -29.8420855 ], [ -57.1798415, -29.841747 ], [ -57.1789623, -29.8417071 ], [ -57.1786375, -29.8421903 ], [ -57.1782557, -29.8422314 ], [ -57.1779264, -29.8419307 ], [ -57.177763, -29.8415002 ], [ -57.1770178, -29.8411516 ], [ -57.1771799, -29.8395353 ], [ -57.1756751, -29.8367092 ], [ -57.1729603, -29.8366208 ], [ -57.1715999, -29.8357648 ], [ -57.1713286, -29.835071899999988 ], [ -57.1707861, -29.8347739 ], [ -57.1687044, -29.8347946 ], [ -57.1677313, -29.8355028 ], [ -57.1661671, -29.835841 ], [ -57.165643, -29.8358417 ], [ -57.1644389, -29.835539 ], [ -57.1635599, -29.8348591 ], [ -57.1626408, -29.834428799999987 ], [ -57.1624103, -29.8340961 ], [ -57.1624613, -29.8334542 ], [ -57.1616177, -29.8329762 ], [ -57.1611398, -29.8321129 ], [ -57.1599384, -29.8315915 ], [ -57.1594668, -29.8309919 ], [ -57.1587993, -29.8306583 ], [ -57.1585331, -29.8306973 ], [ -57.1580463, -29.8313602 ], [ -57.157604, -29.8316542 ], [ -57.1572954, -29.8317072 ], [ -57.1572596, -29.8314394 ], [ -57.1564621, -29.831429399999987 ], [ -57.1561849, -29.8312171 ], [ -57.155916, -29.8314508 ], [ -57.1558167, -29.8318363 ], [ -57.1542765, -29.8324845 ], [ -57.1540375, -29.8323869 ], [ -57.1533586, -29.8312663 ], [ -57.1527554, -29.830989 ], [ -57.1522234, -29.8315692 ], [ -57.1515158, -29.83145 ], [ -57.1509638, -29.8315593 ], [ -57.1504938, -29.8321534 ], [ -57.1493729, -29.8328511 ], [ -57.1487305, -29.8337931 ], [ -57.148481, -29.8345448 ], [ -57.1491247, -29.8352029 ], [ -57.1487621, -29.835749 ], [ -57.1484535, -29.8369309 ], [ -57.1485037, -29.8373783 ], [ -57.1488094, -29.8377018 ], [ -57.1485097, -29.8379913 ], [ -57.1483214, -29.838757 ], [ -57.1479525, -29.8391049 ], [ -57.1477058, -29.8396606 ], [ -57.1468201, -29.8399258 ], [ -57.1446708, -29.8387496 ], [ -57.1438062, -29.8385503 ], [ -57.1431145, -29.8378646 ], [ -57.1426765, -29.8378871 ], [ -57.1418162, -29.838242 ], [ -57.1414651, -29.839060299999986 ], [ -57.1416191, -29.8409893 ], [ -57.1415202, -29.8414334 ], [ -57.1421976, -29.8423431 ], [ -57.142213, -29.842751299999989 ], [ -57.14189, -29.8432658 ], [ -57.1413096, -29.8434762 ], [ -57.1404667, -29.8441281 ], [ -57.1402097, -29.8440885 ], [ -57.1398564, -29.8437286 ], [ -57.1392123, -29.8436592 ], [ -57.1377669, -29.8439812 ], [ -57.1374887, -29.8441865 ], [ -57.137294, -29.8447794 ], [ -57.1375384, -29.8453245 ], [ -57.1377394, -29.8468738 ], [ -57.1373405, -29.8474826 ], [ -57.1370226, -29.8487948 ], [ -57.1372327, -29.8491297 ], [ -57.1383113, -29.8493805 ], [ -57.1386585, -29.8509195 ], [ -57.1387698, -29.8526498 ], [ -57.1393701, -29.8531396 ], [ -57.1396561, -29.8538932 ], [ -57.140808, -29.8551185 ], [ -57.1409588, -29.8567391 ], [ -57.1421955, -29.8581751 ], [ -57.1423777, -29.8596025 ], [ -57.1426671, -29.859742 ], [ -57.1434066, -29.859762799999988 ], [ -57.1434066, -29.8608739 ], [ -57.1444466, -29.861300499999988 ], [ -57.1452859, -29.862969099999983 ], [ -57.1454532, -29.8641272 ], [ -57.1463955, -29.8651875 ], [ -57.1462616, -29.866293099999989 ], [ -57.1470065, -29.8679535 ], [ -57.146753, -29.8690638 ], [ -57.1467758, -29.8698081 ], [ -57.1472282, -29.8707503 ], [ -57.1473642, -29.8717422 ], [ -57.14773, -29.8721698 ], [ -57.1470889, -29.8732425 ], [ -57.1472508, -29.8745447 ], [ -57.1465042, -29.87609 ], [ -57.146735, -29.8772057 ], [ -57.1467021, -29.8781411 ], [ -57.1459067, -29.8786517 ], [ -57.1459301, -29.8791094 ], [ -57.146172, -29.8793421 ], [ -57.1462036, -29.8799421 ], [ -57.1464569, -29.8802255 ], [ -57.1464544, -29.8810066 ], [ -57.1461208, -29.8813791 ], [ -57.1456467, -29.8815362 ], [ -57.1455907, -29.8825159 ], [ -57.1451183, -29.884218 ], [ -57.1455086, -29.8847255 ], [ -57.1460109, -29.8849319 ], [ -57.1463875, -29.8848916 ], [ -57.1474325, -29.8854278 ], [ -57.1478047, -29.8863711 ], [ -57.1477046, -29.8872071 ], [ -57.1479706, -29.8874446 ], [ -57.1487468, -29.8876137 ], [ -57.1489122, -29.8877821 ], [ -57.1489698, -29.8884151 ], [ -57.1487016, -29.8893465 ], [ -57.1486845, -29.8908739 ], [ -57.1479656, -29.8915261 ], [ -57.1479119, -29.891779 ], [ -57.1483349, -29.8924683 ], [ -57.1481393, -29.8932374 ], [ -57.1482073, -29.8937605 ], [ -57.1493921, -29.894518 ], [ -57.149777, -29.8954137 ], [ -57.149654, -29.895754 ], [ -57.149024, -29.8961254 ], [ -57.1491309, -29.897155899999987 ], [ -57.1488681, -29.8980164 ], [ -57.1485739, -29.8982839 ], [ -57.1474162, -29.8987469 ], [ -57.1470739, -29.899351299999989 ], [ -57.1467566, -29.9010136 ], [ -57.1469553, -29.9019831 ], [ -57.1467515, -29.9027713 ], [ -57.1467236, -29.90528 ], [ -57.1459033, -29.9064108 ], [ -57.1463473, -29.9070965 ], [ -57.1462262, -29.9081405 ], [ -57.1466335, -29.9083395 ], [ -57.1473155, -29.9081361 ], [ -57.1481145, -29.9081207 ], [ -57.1488422, -29.9084658 ], [ -57.1490073, -29.910082 ], [ -57.1492172, -29.9107006 ], [ -57.1489624, -29.9114295 ], [ -57.149605, -29.9119163 ], [ -57.1502609, -29.9120565 ], [ -57.1517402, -29.9128184 ], [ -57.1517525, -29.9146269 ], [ -57.1520754, -29.9164664 ], [ -57.1522357, -29.916633799999985 ], [ -57.1529705, -29.9168377 ], [ -57.1535093, -29.9177264 ], [ -57.1538485, -29.9177275 ], [ -57.1544306, -29.9173308 ], [ -57.1559728, -29.916895 ], [ -57.1563478, -29.9165612 ], [ -57.1579971, -29.9183179 ], [ -57.1582757, -29.9182545 ], [ -57.1588804, -29.9186081 ], [ -57.1594044, -29.9185652 ], [ -57.1601148, -29.9178767 ], [ -57.1613396, -29.9183488 ], [ -57.1626503, -29.9183351 ] ] ] } },
{ "type": "Feature", "properties": { "wts_pk": 133579, "codigo_otto": "82452", "nivel_otto_declarado": 5, "area_m2_bho": 280.42550722333101, "nivel_otto": 5 }, "geometry": { "type": "Polygon", "coordinates": [ [ [ -57.067002875438916, -30.101427752100172 ], [ -57.066798, -30.1014541 ], [ -57.066513858157428, -30.101567469776061 ], [ -57.067002875438916, -30.101427752100172 ] ] ] } },
{ "type": "Feature", "properties": { "wts_pk": 133580, "codigo_otto": "82453", "nivel_otto_declarado": 5, "area_m2_bho": 6.0436064884618519, "nivel_otto": 5 }, "geometry": { "type": "Polygon", "coordinates": [ [ [ -57.0664, -30.1016 ], [ -57.067018034497345, -30.101423420953182 ], [ -57.066885, -30.1004242 ], [ -57.0645852, -30.0994327 ], [ -57.064058, -30.0985751 ], [ -57.0638999, -30.09768420000001 ], [ -57.0636483, -30.097395399999982 ], [ -57.0633775, -30.0973286 ], [ -57.0625151, -30.0975236 ], [ -57.0620671, -30.0974174 ], [ -57.0618035, -30.097118199999983 ], [ -57.0616339, -30.0962373 ], [ -57.0608289, -30.0951956 ], [ -57.0593807, -30.0942143 ], [ -57.0582606, -30.0951393 ], [ -57.0583041, -30.0960782 ], [ -57.0575332, -30.0968588 ], [ -57.0559372, -30.0970238 ], [ -57.0549781, -30.0973135 ], [ -57.0540767, -30.0976349 ], [ -57.0532431, -30.0983011 ], [ -57.052333, -30.0981186 ], [ -57.0508614, -30.0980952 ], [ -57.0504371, -30.097106799999988 ], [ -57.0505182, -30.0965954 ], [ -57.0503753, -30.0964837 ], [ -57.0491866, -30.0967751 ], [ -57.0487719, -30.0971995 ], [ -57.0477178, -30.0976594 ], [ -57.0474338, -30.0979649 ], [ -57.0466584, -30.0978988 ], [ -57.0460135, -30.0982715 ], [ -57.0455186, -30.0980732 ], [ -57.0451633, -30.0977306 ], [ -57.0450692, -30.0972095 ], [ -57.0450738, -30.0969856 ], [ -57.0454409, -30.0967326 ], [ -57.04551, -30.0964917 ], [ -57.0445692, -30.095187 ], [ -57.0441453, -30.0937272 ], [ -57.0433374, -30.092311 ], [ -57.042852, -30.0920339 ], [ -57.0418672, -30.0921419 ], [ -57.0403333, -30.0901482 ], [ -57.0396862, -30.0895723 ], [ -57.037591, -30.0894491 ], [ -57.0361194, -30.0884966 ], [ -57.0350137, -30.0885821 ], [ -57.0341675, -30.0875994 ], [ -57.0329307, -30.0867559 ], [ -57.0319333, -30.0867562 ], [ -57.0314478, -30.0872652 ], [ -57.0305253, -30.0866555 ], [ -57.0301295, -30.0852481 ], [ -57.0304096, -30.084081 ], [ -57.0308889, -30.083023 ], [ -57.0308086, -30.0824594 ], [ -57.0291271, -30.0817973 ], [ -57.027966, -30.0816173 ], [ -57.02644, -30.0799187 ], [ -57.0257372, -30.0799329 ], [ -57.024967, -30.0792803 ], [ -57.0243491, -30.0789928 ], [ -57.0238204, -30.0792283 ], [ -57.0235492, -30.0797228 ], [ -57.0228088, -30.0804701 ], [ -57.0218392, -30.0809526 ], [ -57.021316, -30.0814606 ], [ -57.0208483, -30.0831431 ], [ -57.0198936, -30.0837295 ], [ -57.0193776, -30.0852086 ], [ -57.0165874, -30.0855876 ], [ -57.0162258, -30.0854832 ], [ -57.0154304, -30.0847843 ], [ -57.0150391, -30.0848107 ], [ -57.0141353, -30.0850837 ], [ -57.0138163, -30.0853498 ], [ -57.0135071, -30.086655499999985 ], [ -57.0129478, -30.08694 ], [ -57.0121314, -30.0870765 ], [ -57.0114577, -30.0875216 ], [ -57.0139, -30.0875 ], [ -57.0183, -30.0878 ], [ -57.0208, -30.0873 ], [ -57.0239, -30.0875 ], [ -57.0289, -30.0928 ], [ -57.0301, -30.0953 ], [ -57.03, -30.099 ], [ -57.0303, -30.1006 ], [ -57.0313, -30.1021 ], [ -57.0335, -30.1031 ], [ -57.0358, -30.1035 ], [ -57.0403, -30.105 ], [ -57.0448, -30.1057 ], [ -57.0465, -30.1054 ], [ -57.0489, -30.1037 ], [ -57.0499, -30.1018 ], [ -57.0509, -30.101 ], [ -57.0534, -30.1006 ], [ -57.0579, -30.0986 ], [ -57.0609, -30.0993 ], [ -57.064, -30.101 ], [ -57.0664, -30.1016 ] ] ] } },
{ "type": "Feature", "properties": { "wts_pk": 133581, "codigo_otto": "82454", "nivel_otto_declarado": 5, "area_m2_bho": 272.10130466525277, "nivel_otto": 5 }, "geometry": { "type": "Polygon", "coordinates": [ [ [ -57.0118788, -30.0872204 ], [ -57.0135071, -30.086655499999985 ], [ -57.0138163, -30.0853498 ], [ -57.0141353, -30.0850837 ], [ -57.0150391, -30.0848107 ], [ -57.0154304, -30.0847843 ], [ -57.0162258, -30.0854832 ], [ -57.0165874, -30.0855876 ], [ -57.0193776, -30.0852086 ], [ -57.0198936, -30.0837295 ], [ -57.0208483, -30.0831431 ], [ -57.021316, -30.0814606 ], [ -57.0218392, -30.0809526 ], [ -57.0230577, -30.080261499999988 ], [ -57.0241313, -30.078997499999986 ], [ -57.024967, -30.0792803 ], [ -57.0257372, -30.0799329 ], [ -57.02644, -30.0799187 ], [ -57.027966, -30.0816173 ], [ -57.0290351, -30.0817702 ], [ -57.0305487, -30.0822939 ], [ -57.0308086, -30.0824594 ], [ -57.030907, -30.082819 ], [ -57.0313521, -30.0825195 ], [ -57.031927, -30.0819068 ], [ -57.0321905, -30.081048499999984 ], [ -57.0320181, -30.080168 ], [ -57.03208, -30.0788026 ], [ -57.0332665, -30.0774244 ], [ -57.0323313, -30.0764754 ], [ -57.0325292, -30.0752136 ], [ -57.0324276, -30.0746107 ], [ -57.0336206, -30.0738755 ], [ -57.0339642, -30.0732384 ], [ -57.0338406, -30.0725755 ], [ -57.0324264, -30.0712074 ], [ -57.0330555, -30.0704488 ], [ -57.0332268, -30.0690075 ], [ -57.0339625, -30.067819 ], [ -57.0344795, -30.0673271 ], [ -57.034445, -30.0668529 ], [ -57.0340165, -30.0662159 ], [ -57.0342815, -30.0654476 ], [ -57.0346269, -30.065154199999988 ], [ -57.035614, -30.0652834 ], [ -57.0362846, -30.0649937 ], [ -57.0369326, -30.0638607 ], [ -57.0370223, -30.0627627 ], [ -57.0367403, -30.0619856 ], [ -57.0382169, -30.06109 ], [ -57.0386153, -30.0606672 ], [ -57.0399381, -30.0602119 ], [ -57.0402072, -30.0598688 ], [ -57.0411848, -30.059207800000017 ], [ -57.0415275, -30.058425799999988 ], [ -57.042932, -30.0580769 ], [ -57.0437241, -30.0571093 ], [ -57.044633, -30.0565207 ], [ -57.046543, -30.0560939 ], [ -57.0502681, -30.0549274 ], [ -57.0506321, -30.0545037 ], [ -57.050145, -30.0538347 ], [ -57.0502779, -30.0535157 ], [ -57.0500751, -30.0528296 ], [ -57.0501525, -30.052613 ], [ -57.0506289, -30.0523121 ], [ -57.0507058, -30.0510341 ], [ -57.0518933, -30.0507757 ], [ -57.0536147, -30.0498255 ], [ -57.0547787, -30.049889900000014 ], [ -57.0565612, -30.0479054 ], [ -57.0569151, -30.0478917 ], [ -57.0581292, -30.0483744 ], [ -57.0584595, -30.0476718 ], [ -57.0591016, -30.0474238 ], [ -57.0593806, -30.0471198 ], [ -57.0599443, -30.0471406 ], [ -57.060768, -30.0463965 ], [ -57.0612279, -30.0457237 ], [ -57.0622959, -30.0450411 ], [ -57.0622959, -30.0430966 ], [ -57.0609326, -30.0431427 ], [ -57.0604158, -30.0435731 ], [ -57.0595873, -30.0434984 ], [ -57.0582462, -30.0440311 ], [ -57.0576449, -30.0444332 ], [ -57.057058, -30.044368 ], [ -57.0567656, -30.0439271 ], [ -57.0569843, -30.042838 ], [ -57.0566456, -30.0417849 ], [ -57.0558506, -30.0410111 ], [ -57.0550076, -30.0408018 ], [ -57.0548462, -30.0406341 ], [ -57.0547975, -30.0397108 ], [ -57.054963, -30.0390377 ], [ -57.054703, -30.0377164 ], [ -57.0537909, -30.0371797 ], [ -57.0532599, -30.0357127 ], [ -57.0523585, -30.0354545 ], [ -57.0518719, -30.0348787 ], [ -57.0512378, -30.0346287 ], [ -57.0496504, -30.033337 ], [ -57.049529, -30.032865299999987 ], [ -57.0496362, -30.0320628 ], [ -57.0482389, -30.0312325 ], [ -57.0474822, -30.0313797 ], [ -57.0467729, -30.0312352 ], [ -57.0462136, -30.0313685 ], [ -57.0459456, -30.031298 ], [ -57.0456928, -30.0310174 ], [ -57.0452554, -30.0295575 ], [ -57.0446877, -30.029016199999987 ], [ -57.0435755, -30.0291258 ], [ -57.0408023, -30.028326599999986 ], [ -57.0402019, -30.0280028 ], [ -57.0403056, -30.0269297 ], [ -57.0397894, -30.0255787 ], [ -57.0404989, -30.0248865 ], [ -57.0396413, -30.0246726 ], [ -57.0387963, -30.0240326 ], [ -57.0394484, -30.022379 ], [ -57.0395991, -30.0215916 ], [ -57.0398801, -30.0214885 ], [ -57.0406051, -30.0219935 ], [ -57.0405552, -30.0216065 ], [ -57.0396201, -30.020516 ], [ -57.0394508, -30.0196396 ], [ -57.0388802, -30.0188096 ], [ -57.0376774, -30.0182912 ], [ -57.0363402, -30.0172535 ], [ -57.0367146, -30.0165231 ], [ -57.0364058, -30.0159211 ], [ -57.035829, -30.015627 ], [ -57.03495, -30.0158468 ], [ -57.0342624, -30.0158467 ], [ -57.0337848, -30.015521 ], [ -57.0336236, -30.0143573 ], [ -57.0329371, -30.0137693 ], [ -57.03261, -30.0128689 ], [ -57.0323963, -30.0112541 ], [ -57.0326427, -30.0107501 ], [ -57.0342874, -30.0093378 ], [ -57.0353177, -30.0091614 ], [ -57.0355542, -30.0089974 ], [ -57.0356289, -30.0083745 ], [ -57.0353841, -30.0083269 ], [ -57.0353348, -30.0078935 ], [ -57.0350886, -30.0077452 ], [ -57.0350734, -30.0072634 ], [ -57.0338969, -30.0071931 ], [ -57.0332004, -30.0064893 ], [ -57.0321544, -30.0065766 ], [ -57.0313486, -30.00569 ], [ -57.0299128, -30.0055044 ], [ -57.0285001, -30.004625 ], [ -57.0274397, -30.0029234 ], [ -57.0260879, -30.0024873 ], [ -57.0257825, -30.0022481 ], [ -57.0258416, -30.0012978 ], [ -57.0252393, -30.0003354 ], [ -57.0241193, -29.9995809 ], [ -57.0227195, -29.999370099999986 ], [ -57.0224704, -29.9984557 ], [ -57.0219057, -29.9979074 ], [ -57.0208334, -29.9977571 ], [ -57.0192849, -29.9971352 ], [ -57.0190187, -29.9968483 ], [ -57.018847, -29.996298299999989 ], [ -57.0184065, -29.9958745 ], [ -57.01777, -29.9958044 ], [ -57.0174266, -29.995564 ], [ -57.0166962, -29.9943363 ], [ -57.0163607, -29.994284699999987 ], [ -57.0157449, -29.9946437 ], [ -57.0146837, -29.9942358 ], [ -57.0130646, -29.9944811 ], [ -57.0120553, -29.9942827 ], [ -57.0115803, -29.9943693 ], [ -57.0109409, -29.994224 ], [ -57.0085912, -29.9941595 ], [ -57.0076251, -29.9937242 ], [ -57.0078509, -29.9925412 ], [ -57.0071109, -29.9924285 ], [ -57.005889, -29.9917438 ], [ -57.0044491, -29.9919076 ], [ -57.0040936, -29.9915535 ], [ -57.0032499, -29.9913368 ], [ -57.0020039, -29.9905952 ], [ -57.0007438, -29.9910781 ], [ -56.9999328, -29.9908882 ], [ -56.9991808, -29.9909406 ], [ -56.998644, -29.9920536 ], [ -56.9983892, -29.9922269 ], [ -56.9967093, -29.9919943 ], [ -56.9956086, -29.9922693 ], [ -56.9952235, -29.9914568 ], [ -56.9941252, -29.9906791 ], [ -56.9933772, -29.9906072 ], [ -56.9920291, -29.9908379 ], [ -56.9905261, -29.9901547 ], [ -56.9902411, -29.9907761 ], [ -56.9896242, -29.9915128 ], [ -56.9894275, -29.9921922 ], [ -56.9890413, -29.9927564 ], [ -56.9876525, -29.9933042 ], [ -56.9869376, -29.9933709 ], [ -56.9856285, -29.9922635 ], [ -56.9858079, -29.9915937 ], [ -56.9852099, -29.9913242 ], [ -56.9845833, -29.9904505 ], [ -56.9846615, -29.9892373 ], [ -56.9832999, -29.9879034 ], [ -56.9820174, -29.9875413 ], [ -56.9820208, -29.9851776 ], [ -56.9821108, -29.9848369 ], [ -56.9826407, -29.9842583 ], [ -56.983756, -29.9834948 ], [ -56.9850228, -29.9839177 ], [ -56.9855246, -29.9838592 ], [ -56.9860584, -29.983559 ], [ -56.9866792, -29.982116699999985 ], [ -56.9868135, -29.9811705 ], [ -56.9869996, -29.9809352 ], [ -56.9872952, -29.9808746 ], [ -56.9870366, -29.9804984 ], [ -56.9869956, -29.979864 ], [ -56.9867631, -29.9796656 ], [ -56.9867396, -29.979208 ], [ -56.986034, -29.9791948 ], [ -56.9856849, -29.978885599999984 ], [ -56.9855908, -29.9784471 ], [ -56.984943, -29.9777689 ], [ -56.9847095, -29.977146 ], [ -56.984105, -29.9766679 ], [ -56.9836338, -29.9760069 ], [ -56.982932, -29.9757132 ], [ -56.9825729, -29.9750413 ], [ -56.9811509, -29.9753132 ], [ -56.9804189, -29.9747027 ], [ -56.9803513, -29.9741893 ], [ -56.9805043, -29.9738215 ], [ -56.9803112, -29.9719445 ], [ -56.9795266, -29.9704657 ], [ -56.9796935, -29.9678897 ], [ -56.978782, -29.9667965 ], [ -56.9780254, -29.966902 ], [ -56.9767452, -29.9664859 ], [ -56.9767342, -29.9654942 ], [ -56.9764745, -29.965184 ], [ -56.9764617, -29.964485799999988 ], [ -56.9756951, -29.9638795 ], [ -56.9758419, -29.9634249 ], [ -56.9753506, -29.9630969 ], [ -56.9748962, -29.9624614 ], [ -56.974663, -29.9617391 ], [ -56.9737681, -29.9612711 ], [ -56.9735822, -29.9606772 ], [ -56.9731244, -29.9600227 ], [ -56.9733537, -29.959214 ], [ -56.9731312, -29.9584126 ], [ -56.9731906, -29.9571398 ], [ -56.9736044, -29.956553 ], [ -56.9737888, -29.955957599999987 ], [ -56.9743843, -29.9554915 ], [ -56.9752616, -29.9544039 ], [ -56.9753532, -29.9537901 ], [ -56.9752684, -29.9534543 ], [ -56.9747275, -29.952868 ], [ -56.9739616, -29.9525413 ], [ -56.9738271, -29.9509486 ], [ -56.9729708, -29.9503594 ], [ -56.9720171, -29.9500413 ], [ -56.9720182, -29.9485071 ], [ -56.9721106, -29.9481707 ], [ -56.9729903, -29.9470955 ], [ -56.9740453, -29.9469268 ], [ -56.9749364, -29.9466024 ], [ -56.9749973, -29.946297 ], [ -56.9745592, -29.9456498 ], [ -56.9746057, -29.9452111 ], [ -56.9760631, -29.9446662 ], [ -56.9766307, -29.9436013 ], [ -56.9762044, -29.942469 ], [ -56.9761527, -29.9418178 ], [ -56.9759327, -29.9415704 ], [ -56.9761745, -29.9412421 ], [ -56.976196, -29.939337899999988 ], [ -56.9765115, -29.9377735 ], [ -56.9770014, -29.9368811 ], [ -56.9768868, -29.9364694 ], [ -56.9760486, -29.9360373 ], [ -56.9759157, -29.935742899999983 ], [ -56.9764132, -29.9324853 ], [ -56.9758042, -29.9320703 ], [ -56.9749418, -29.9318705 ], [ -56.9744628, -29.931288 ], [ -56.9735026, -29.9305205 ], [ -56.9733007, -29.9298454 ], [ -56.9728476, -29.929226 ], [ -56.9727901, -29.927965699999987 ], [ -56.9721083, -29.9271884 ], [ -56.971768, -29.9264742 ], [ -56.9717924, -29.9257477 ], [ -56.9721921, -29.924923099999983 ], [ -56.972017, -29.924208 ], [ -56.9715422, -29.924199 ], [ -56.9714242, -29.9239596 ], [ -56.9711892, -29.9239258 ], [ -56.9704921, -29.9239405 ], [ -56.9696511, -29.9242033 ], [ -56.9683223, -29.9241616 ], [ -56.9678665, -29.9238262 ], [ -56.9669501, -29.9225942 ], [ -56.9660858, -29.922063 ], [ -56.9634257, -29.921945 ], [ -56.9634042, -29.920859 ], [ -56.9638006, -29.9199128 ], [ -56.9641116, -29.9195871 ], [ -56.9635913, -29.9192857 ], [ -56.9632306, -29.9192459 ], [ -56.9621956, -29.9196789 ], [ -56.9615157, -29.9184524 ], [ -56.9618216, -29.9168714 ], [ -56.9624383, -29.916335 ], [ -56.9622947, -29.9158747 ], [ -56.9628533, -29.9158076 ], [ -56.962797, -29.9153164 ], [ -56.9618377, -29.9141253 ], [ -56.9613221, -29.9130481 ], [ -56.9617171, -29.9124044 ], [ -56.9616877, -29.910741 ], [ -56.9611354, -29.9098943 ], [ -56.9601941, -29.9096674 ], [ -56.9590953, -29.9088975 ], [ -56.958901, -29.9076882 ], [ -56.9586117, -29.9071351 ], [ -56.9571377, -29.9063347 ], [ -56.9567391, -29.9053191 ], [ -56.9560451, -29.9054947 ], [ -56.9542447, -29.9052893 ], [ -56.95294, -29.9045634 ], [ -56.951739, -29.9044858 ], [ -56.9513877, -29.905261 ], [ -56.9507406, -29.9053575 ], [ -56.9502121, -29.9058431 ], [ -56.9499346, -29.9058662 ], [ -56.9479308, -29.9050954 ], [ -56.9468283, -29.9048256 ], [ -56.9452693, -29.9049874 ], [ -56.9441838, -29.9037753 ], [ -56.9430217, -29.903482 ], [ -56.9429011, -29.9036528 ], [ -56.9430834, -29.9045461 ], [ -56.9427635, -29.9052576 ], [ -56.9424116, -29.9055006 ], [ -56.9418331, -29.9052647 ], [ -56.9412696, -29.9048871 ], [ -56.940838, -29.903520900000018 ], [ -56.9402259, -29.9026395 ], [ -56.9387918, -29.9019001 ], [ -56.9380799, -29.901283 ], [ -56.9363845, -29.901096 ], [ -56.9349973, -29.9005308 ], [ -56.9346755, -29.8998497 ], [ -56.9341843, -29.899508 ], [ -56.933018, -29.899477 ], [ -56.9325498, -29.8992045 ], [ -56.9320167, -29.8994859 ], [ -56.9317466, -29.8986017 ], [ -56.9317229, -29.8966849 ], [ -56.9314611, -29.8958747 ], [ -56.9307514, -29.8958046 ], [ -56.9303776, -29.8954132 ], [ -56.9304575, -29.895136 ], [ -56.9314052, -29.8943655 ], [ -56.9311833, -29.8933747 ], [ -56.9303183, -29.8933239 ], [ -56.9290637, -29.8930159 ], [ -56.928507, -29.892739 ], [ -56.9279864, -29.8920976 ], [ -56.927446, -29.891866 ], [ -56.927081, -29.8915014 ], [ -56.9253631, -29.8913955 ], [ -56.9243425, -29.8910706 ], [ -56.9240221, -29.8907255 ], [ -56.9236312, -29.8893418 ], [ -56.9233071, -29.8890081 ], [ -56.9222329, -29.8885757 ], [ -56.9217928, -29.8881741 ], [ -56.9207501, -29.8880002 ], [ -56.9199508, -29.8873595 ], [ -56.919074, -29.8871743 ], [ -56.9180039, -29.8865281 ], [ -56.917136, -29.8863353 ], [ -56.916065, -29.8854062 ], [ -56.9154707, -29.8853457 ], [ -56.91475, -29.8855318 ], [ -56.914121, -29.885291 ], [ -56.9137327, -29.8849063 ], [ -56.9136832, -29.8839304 ], [ -56.9133043, -29.8837457 ], [ -56.912852, -29.8837026 ], [ -56.9120657, -29.8839044 ], [ -56.9108365, -29.8837298 ], [ -56.910231, -29.8843882 ], [ -56.9088855, -29.8845442 ], [ -56.9080418, -29.8848213 ], [ -56.907447, -29.8852205 ], [ -56.9065815, -29.885415 ], [ -56.9057898, -29.8860667 ], [ -56.904886, -29.8863819 ], [ -56.9044279, -29.886365 ], [ -56.9039787, -29.8858693 ], [ -56.9020164, -29.8858748 ], [ -56.9016105, -29.8850696 ], [ -56.9013381, -29.8848608 ], [ -56.9004992, -29.8846456 ], [ -56.9001964, -29.8837738 ], [ -56.899662, -29.8835375 ], [ -56.8991444, -29.8827086 ], [ -56.8985024, -29.882372099999987 ], [ -56.8979865, -29.8807085 ], [ -56.8963813, -29.8805428 ], [ -56.8957468, -29.880225 ], [ -56.8944165, -29.878176 ], [ -56.8937324, -29.8776877 ], [ -56.8932627, -29.8770255 ], [ -56.8926572, -29.8765481 ], [ -56.8922941, -29.8753193 ], [ -56.8914242, -29.8752721 ], [ -56.8905355, -29.8749878 ], [ -56.8896872, -29.8742849 ], [ -56.8891404, -29.8740285 ], [ -56.888511, -29.8741013 ], [ -56.888028, -29.8738867 ], [ -56.887729, -29.872688799999988 ], [ -56.8869807, -29.8715456 ], [ -56.8861645, -29.8711888 ], [ -56.8850977, -29.871361 ], [ -56.8848598, -29.8712557 ], [ -56.8847731, -29.8706481 ], [ -56.8849089, -29.870148 ], [ -56.8860153, -29.8695738 ], [ -56.8869703, -29.869355899999988 ], [ -56.8878132, -29.8684399 ], [ -56.887592, -29.8674047 ], [ -56.8875718, -29.8658749 ], [ -56.8866727, -29.8650812 ], [ -56.8862618, -29.8648086 ], [ -56.8857507, -29.8647819 ], [ -56.884866, -29.8652627 ], [ -56.8842566, -29.8652923 ], [ -56.8835092, -29.8648208 ], [ -56.8825718, -29.864486 ], [ -56.8825577, -29.862541600000011 ], [ -56.8822264, -29.861841 ], [ -56.8817166, -29.8615142 ], [ -56.8814606, -29.8608749 ], [ -56.8805822, -29.8601698 ], [ -56.8790965, -29.8599341 ], [ -56.8783645, -29.8585873 ], [ -56.8781234, -29.8584019 ], [ -56.8773419, -29.8581596 ], [ -56.8761054, -29.8583698 ], [ -56.8747599, -29.8581702 ], [ -56.8737717, -29.8591568 ], [ -56.871066, -29.8592157 ], [ -56.8708171, -29.8594566 ], [ -56.8705401, -29.859489 ], [ -56.8703494, -29.8594861 ], [ -56.8701871, -29.8586346 ], [ -56.8694098, -29.8581719 ], [ -56.8687607, -29.8581081 ], [ -56.8676962, -29.8582553 ], [ -56.8669662, -29.8573986 ], [ -56.8657239, -29.8569097 ], [ -56.8652028, -29.8564 ], [ -56.864999, -29.8554778 ], [ -56.8642949, -29.8543399 ], [ -56.8641439, -29.8534002 ], [ -56.8635848, -29.8538531 ], [ -56.8629464, -29.8540072 ], [ -56.8618406, -29.854567 ], [ -56.8617383, -29.855597199999984 ], [ -56.8614605, -29.8555972 ], [ -56.8607075, -29.8569241 ], [ -56.8597819, -29.8572325 ], [ -56.8577701, -29.8573219 ], [ -56.8568962, -29.8580025 ], [ -56.8554915, -29.8584873 ], [ -56.8552369, -29.8591194 ], [ -56.8546194, -29.8598456 ], [ -56.8544287, -29.8604356 ], [ -56.853984, -29.8609531 ], [ -56.8539605, -29.8628194 ], [ -56.8531983, -29.8626457 ], [ -56.8526681, -29.8631674 ], [ -56.8523369, -29.8644381 ], [ -56.8522325, -29.8657285 ], [ -56.8511613, -29.86771 ], [ -56.8502485, -29.8685731 ], [ -56.8487466, -29.8692589 ], [ -56.8484281, -29.8697192 ], [ -56.8484049, -29.8705973 ], [ -56.8480108, -29.8708359 ], [ -56.8460898, -29.8708549 ], [ -56.8453494, -29.8703195 ], [ -56.8455618, -29.8715739 ], [ -56.8439958, -29.8733112 ], [ -56.8442383, -29.8750417 ], [ -56.842376, -29.8755668 ], [ -56.8411813, -29.8748961 ], [ -56.8404466, -29.8753825 ], [ -56.8400716, -29.8767084 ], [ -56.8389605, -29.8767084 ], [ -56.8384833, -29.876002699999983 ], [ -56.8385515, -29.8751623 ], [ -56.835313, -29.8753097 ], [ -56.8328718, -29.8747605 ], [ -56.8324251, -29.8748224 ], [ -56.8316884, -29.8753206 ], [ -56.8311019, -29.8752997 ], [ -56.8306489, -29.8750585 ], [ -56.8297937, -29.8750418 ], [ -56.8299634, -29.8768768 ], [ -56.8296373, -29.8784901 ], [ -56.8296878, -29.8791327 ], [ -56.8287604, -29.8798235 ], [ -56.8279977, -29.8807728 ], [ -56.8267317, -29.8816108 ], [ -56.8261375, -29.8826924 ], [ -56.8248874, -29.8832658 ], [ -56.8249437, -29.884089299999989 ], [ -56.8245265, -29.8849908 ], [ -56.8247707, -29.8859231 ], [ -56.8247444, -29.886560799999987 ], [ -56.8243539, -29.88728 ], [ -56.8239303, -29.8875073 ], [ -56.8234049, -29.8875418 ], [ -56.823163, -29.8880497 ], [ -56.824026, -29.889434 ], [ -56.8249014, -29.8898723 ], [ -56.8250716, -29.8903196 ], [ -56.8261064, -29.89076 ], [ -56.8262384, -29.8923954 ], [ -56.8265992, -29.8929877 ], [ -56.8271982, -29.893265499999984 ], [ -56.8275785, -29.8945625 ], [ -56.8275716, -29.8953196 ], [ -56.8268097, -29.895665900000012 ], [ -56.8265331, -29.8960081 ], [ -56.8268165, -29.8969179 ], [ -56.8271289, -29.8974692 ], [ -56.8275533, -29.8977445 ], [ -56.8275508, -29.8980217 ], [ -56.8263161, -29.8992387 ], [ -56.8263556, -29.9002445 ], [ -56.825171, -29.9012306 ], [ -56.8249806, -29.902126 ], [ -56.8245135, -29.9025606 ], [ -56.8246759, -29.9031879 ], [ -56.824611, -29.9038596 ], [ -56.8251751, -29.9049626 ], [ -56.8257788, -29.9054285 ], [ -56.8258788, -29.9056993 ], [ -56.8254087, -29.9067087 ], [ -56.825872, -29.9080764 ], [ -56.8254127, -29.9088113 ], [ -56.8253558, -29.9093489 ], [ -56.8254427, -29.9096811 ], [ -56.8263707, -29.9109607 ], [ -56.8264466, -29.9113356 ], [ -56.8261139, -29.9119301 ], [ -56.8252112, -29.9123932 ], [ -56.8255763, -29.9130447 ], [ -56.8256317, -29.9137946 ], [ -56.8251756, -29.9154888 ], [ -56.8258129, -29.9174501 ], [ -56.8256186, -29.9178413 ], [ -56.8264211, -29.9183235 ], [ -56.8264261, -29.9187089 ], [ -56.8259678, -29.9196285 ], [ -56.8259349, -29.920020299999987 ], [ -56.826246, -29.921558 ], [ -56.8270177, -29.9228025 ], [ -56.8262687, -29.923444 ], [ -56.8259184, -29.924255 ], [ -56.8259351, -29.9255403 ], [ -56.8263731, -29.9260485 ], [ -56.8264684, -29.9265914 ], [ -56.826122, -29.9290611 ], [ -56.8255792, -29.9296335 ], [ -56.8246525, -29.930077199999989 ], [ -56.8240303, -29.9315568 ], [ -56.8243256, -29.932202399999987 ], [ -56.8248979, -29.9325068 ], [ -56.8255643, -29.9325916 ], [ -56.8258959, -29.9329904 ], [ -56.8259, -29.9363734 ], [ -56.8256846, -29.937339 ], [ -56.8260194, -29.9385056 ], [ -56.8264477, -29.9391348 ], [ -56.8264607, -29.9417085 ], [ -56.8274849, -29.9415177 ], [ -56.8277326, -29.9418143 ], [ -56.8276464, -29.9424037 ], [ -56.8279536, -29.9427318 ], [ -56.8296853, -29.943294600000012 ], [ -56.8302789, -29.9432224 ], [ -56.8311068, -29.9438504 ], [ -56.8333155, -29.9440049 ], [ -56.8336012, -29.9442794 ], [ -56.8336851, -29.9446108 ], [ -56.8334303, -29.9459025 ], [ -56.8335234, -29.9463329 ], [ -56.8341445, -29.9466569 ], [ -56.8349532, -29.9468012 ], [ -56.8360774, -29.9476906 ], [ -56.8361497, -29.9484231 ], [ -56.8354165, -29.9493592 ], [ -56.8353036, -29.9506442 ], [ -56.8346049, -29.9517799 ], [ -56.8345797, -29.952124 ], [ -56.8349995, -29.9527402 ], [ -56.8350719, -29.9533752 ], [ -56.8366945, -29.9537804 ], [ -56.8382674, -29.9554909 ], [ -56.8387932, -29.9558716 ], [ -56.8389361, -29.9561705 ], [ -56.838896, -29.956556 ], [ -56.8384758, -29.9571922 ], [ -56.8386583, -29.9583271 ], [ -56.8381332, -29.9599967 ], [ -56.8384713, -29.9612047 ], [ -56.8388352, -29.9616627 ], [ -56.8380372, -29.9624249 ], [ -56.8372942, -29.9625418 ], [ -56.837313, -29.9627453 ], [ -56.8381868, -29.9635136 ], [ -56.8390302, -29.9637202 ], [ -56.8392152, -29.9639788 ], [ -56.8392733, -29.9652673 ], [ -56.8395073, -29.966296 ], [ -56.8391535, -29.9673843 ], [ -56.8387575, -29.9677779 ], [ -56.8389609, -29.9683752 ], [ -56.8396591, -29.9685195 ], [ -56.8410059, -29.9699414 ], [ -56.8419671, -29.9697834 ], [ -56.8425228, -29.9698882 ], [ -56.8427988, -29.9701693 ], [ -56.8432282, -29.9712605 ], [ -56.8436015, -29.9715999 ], [ -56.8436747, -29.972404 ], [ -56.8434047, -29.9735097 ], [ -56.8436188, -29.974768299999987 ], [ -56.8434359, -29.9753416 ], [ -56.8434919, -29.9757983 ], [ -56.8442388, -29.9764307 ], [ -56.8454439, -29.9767561 ], [ -56.8458419, -29.9770366 ], [ -56.8465524, -29.978588 ], [ -56.847031, -29.9790598 ], [ -56.84837, -29.9789774 ], [ -56.8490407, -29.979629 ], [ -56.8497017, -29.9795809 ], [ -56.8504986, -29.9800678 ], [ -56.8506385, -29.9809603 ], [ -56.8504699, -29.9821556 ], [ -56.850783, -29.9826562 ], [ -56.8507958, -29.9846729 ], [ -56.8521441, -29.9848782 ], [ -56.8526943, -29.9855002 ], [ -56.853546, -29.9857057 ], [ -56.8539611, -29.9864307 ], [ -56.8543525, -29.9866161 ], [ -56.8559829, -29.9867643 ], [ -56.8570353, -29.9872249 ], [ -56.858848, -29.9873534 ], [ -56.8624406, -29.9901511 ], [ -56.8625388, -29.9905047 ], [ -56.8624083, -29.9910503 ], [ -56.86261, -29.9912985 ], [ -56.8635101, -29.9912363 ], [ -56.8648792, -29.9914854 ], [ -56.8652975, -29.9917602 ], [ -56.865572, -29.9922469 ], [ -56.8651112, -29.992871 ], [ -56.8650682, -29.9945997 ], [ -56.8654469, -29.9962882 ], [ -56.8662299, -29.997142 ], [ -56.8669513, -29.9969918 ], [ -56.8678473, -29.9970119 ], [ -56.8697946, -29.997819499999988 ], [ -56.870575, -29.999065 ], [ -56.8710075, -30.0002391 ], [ -56.8719314, -30.0010406 ], [ -56.8720804, -30.002393500000011 ], [ -56.8725724, -30.0030973 ], [ -56.8730609, -30.0031189 ], [ -56.8732538, -30.0033697 ], [ -56.8747433, -30.0034338 ], [ -56.8754635, -30.0041061 ], [ -56.8767749, -30.0037138 ], [ -56.8784058, -30.0042084 ], [ -56.8784908, -30.005255 ], [ -56.8787699, -30.0058157 ], [ -56.8793369, -30.0063421 ], [ -56.8804345, -30.0060935 ], [ -56.8810326, -30.0057043 ], [ -56.881961, -30.006204099999984 ], [ -56.8822359, -30.0065694 ], [ -56.8822034, -30.0069066 ], [ -56.8819152, -30.0071705 ], [ -56.8812367, -30.007398 ], [ -56.8804181, -30.0082336 ], [ -56.8804408, -30.0084928 ], [ -56.8810855, -30.00900870000001 ], [ -56.8813612, -30.0095929 ], [ -56.8806833, -30.0113032 ], [ -56.8810991, -30.0119228 ], [ -56.8828504, -30.0120654 ], [ -56.883082, -30.012255499999984 ], [ -56.883128, -30.0125417 ], [ -56.8846971, -30.012623 ], [ -56.8848037, -30.0134319 ], [ -56.8845505, -30.014243 ], [ -56.8847947, -30.0150417 ], [ -56.8856344, -30.0148116 ], [ -56.8866636, -30.0152006 ], [ -56.8882452, -30.014407099999985 ], [ -56.8882656, -30.0139887 ], [ -56.8888005, -30.0132082 ], [ -56.8896606, -30.0132953 ], [ -56.8902162, -30.013102 ], [ -56.8908497, -30.0135186 ], [ -56.8906295, -30.0146331 ], [ -56.8907649, -30.0152052 ], [ -56.8916794, -30.0154577 ], [ -56.8924396, -30.0159799 ], [ -56.8929733, -30.0166121 ], [ -56.8941027, -30.0168218 ], [ -56.8946366, -30.0173413 ], [ -56.8946779, -30.0177988 ], [ -56.8956359, -30.0189035 ], [ -56.8965652, -30.0191318 ], [ -56.8972139, -30.0187308 ], [ -56.8981208, -30.018787099999987 ], [ -56.8985516, -30.018552 ], [ -56.8991492, -30.0178822 ], [ -56.9006088, -30.0180622 ], [ -56.9020965, -30.0175623 ], [ -56.9023547, -30.019069399999989 ], [ -56.9029021, -30.0198695 ], [ -56.9044568, -30.019670899999984 ], [ -56.9049236, -30.022235200000011 ], [ -56.9057263, -30.022742 ], [ -56.9066471, -30.0229401 ], [ -56.9069869, -30.02326930000001 ], [ -56.9069779, -30.0238486 ], [ -56.9062065, -30.024602 ], [ -56.9061838, -30.0253194 ], [ -56.9072213, -30.025816099999989 ], [ -56.9085499, -30.0258929 ], [ -56.9088742, -30.0260366 ], [ -56.9093301, -30.0273774 ], [ -56.9103261, -30.0282091 ], [ -56.910722, -30.0290417 ], [ -56.9119355, -30.0304853 ], [ -56.9120172, -30.031430499999985 ], [ -56.9132733, -30.0315353 ], [ -56.9140642, -30.033294 ], [ -56.9146422, -30.0341107 ], [ -56.9160015, -30.0349478 ], [ -56.9169162, -30.0348609 ], [ -56.9175728, -30.0355972 ], [ -56.918772, -30.035573899999989 ], [ -56.9195478, -30.0350557 ], [ -56.9203506, -30.0355971 ], [ -56.9203982, -30.0375814 ], [ -56.9205718, -30.0377473 ], [ -56.9216043, -30.0379403 ], [ -56.921748, -30.0385122 ], [ -56.9215783, -30.038932599999988 ], [ -56.9201931, -30.0400758 ], [ -56.9201067, -30.040653 ], [ -56.9207081, -30.0415499 ], [ -56.9213949, -30.0421312 ], [ -56.921698, -30.043050599999987 ], [ -56.9218009, -30.0440606 ], [ -56.9222053, -30.0445272 ], [ -56.9226267, -30.0447425 ], [ -56.9234062, -30.0447638 ], [ -56.9235066, -30.04403610000001 ], [ -56.924164, -30.043238 ], [ -56.9239947, -30.0422821 ], [ -56.9243634, -30.041252900000011 ], [ -56.9249309, -30.0407047 ], [ -56.9255061, -30.0405006 ], [ -56.9263052, -30.0398595 ], [ -56.9271548, -30.039653 ], [ -56.9281284, -30.0386527 ], [ -56.9283328, -30.0386534 ], [ -56.9284431, -30.0389196 ], [ -56.9289618, -30.0389304 ], [ -56.9290867, -30.0394498 ], [ -56.9305475, -30.03955 ], [ -56.9307107, -30.03997660000001 ], [ -56.931184, -30.0403193 ], [ -56.9313166, -30.0411098 ], [ -56.9322101, -30.0420688 ], [ -56.9322163, -30.0426533 ], [ -56.9318286, -30.0429763 ], [ -56.9312055, -30.0439515 ], [ -56.9312697, -30.0444065 ], [ -56.9318204, -30.0451603 ], [ -56.9330789, -30.0454532 ], [ -56.9335826, -30.0459653 ], [ -56.9338693, -30.046619 ], [ -56.9341247, -30.0466111 ], [ -56.9347186, -30.0462167 ], [ -56.9356493, -30.0461573 ], [ -56.9377407, -30.0467949 ], [ -56.9385522, -30.0473679 ], [ -56.9388255, -30.0480587 ], [ -56.9402654, -30.0497111 ], [ -56.9407855, -30.0496795 ], [ -56.9415345, -30.0490614 ], [ -56.9425562, -30.04916260000001 ], [ -56.9435272, -30.0487533 ], [ -56.9442261, -30.04941470000001 ], [ -56.9445873, -30.0494865 ], [ -56.9466659, -30.0487108 ], [ -56.9476476, -30.0485807 ], [ -56.9482539, -30.0482135 ], [ -56.9492739, -30.0485863 ], [ -56.9501953, -30.0478372 ], [ -56.9507998, -30.047835 ], [ -56.9514491, -30.0480993 ], [ -56.9517086, -30.0480721 ], [ -56.9529522, -30.0474899 ], [ -56.9532479, -30.0470801 ], [ -56.9540619, -30.0465086 ], [ -56.9545224, -30.0464302 ], [ -56.9550731, -30.0464304 ], [ -56.9550927, -30.0473116 ], [ -56.9553924, -30.047695199999986 ], [ -56.9569245, -30.048316 ], [ -56.9585921, -30.048102 ], [ -56.9599142, -30.0485398 ], [ -56.9607403, -30.0482084 ], [ -56.9620706, -30.0484456 ], [ -56.9626979, -30.0491089 ], [ -56.963913, -30.0493394 ], [ -56.964571, -30.050222 ], [ -56.9650732, -30.050597 ], [ -56.9649231, -30.0510639 ], [ -56.9653423, -30.0525929 ], [ -56.9649053, -30.0535453 ], [ -56.965804, -30.0547102 ], [ -56.9663746, -30.0549768 ], [ -56.9670176, -30.0550414 ], [ -56.9669929, -30.057096 ], [ -56.9666611, -30.0574792 ], [ -56.9662811, -30.0576531 ], [ -56.9661843, -30.058097 ], [ -56.9665855, -30.0581866 ], [ -56.9669136, -30.0584488 ], [ -56.9674385, -30.060206799999989 ], [ -56.9687358, -30.060403 ], [ -56.9693031, -30.0610301 ], [ -56.969611, -30.0611237 ], [ -56.9699843, -30.0610038 ], [ -56.9704818, -30.0601323 ], [ -56.9711465, -30.0598156 ], [ -56.9716326, -30.060114699999989 ], [ -56.9718744, -30.0607737 ], [ -56.9724035, -30.0610513 ], [ -56.9735183, -30.0607117 ], [ -56.974236, -30.0608299 ], [ -56.975351, -30.060597 ], [ -56.9755981, -30.0613298 ], [ -56.9753734, -30.062250599999985 ], [ -56.9757133, -30.0632125 ], [ -56.9772942, -30.0638242 ], [ -56.9775664, -30.064153 ], [ -56.9775999, -30.0650834 ], [ -56.977938, -30.0658061 ], [ -56.978292, -30.0661114 ], [ -56.9794698, -30.0665608 ], [ -56.9802625, -30.0673336 ], [ -56.9806289, -30.0680969 ], [ -56.9810563, -30.068180899999984 ], [ -56.9808996, -30.0688877 ], [ -56.9809763, -30.0697063 ], [ -56.9812613, -30.06998 ], [ -56.9819659, -30.0701927 ], [ -56.9822007, -30.070751 ], [ -56.9830301, -30.0709529 ], [ -56.9838368, -30.0714575 ], [ -56.9844539, -30.072400199999986 ], [ -56.984283, -30.0731974 ], [ -56.9847609, -30.0733079 ], [ -56.9854516, -30.0731305 ], [ -56.9865575, -30.0731824 ], [ -56.9868806, -30.0738821 ], [ -56.9875734, -30.0744858 ], [ -56.9882086, -30.0745561 ], [ -56.9888004, -30.0748042 ], [ -56.9904564, -30.0757911 ], [ -56.9918333, -30.0756561 ], [ -56.9927437, -30.0759553 ], [ -56.9931143, -30.0762564 ], [ -56.9936359, -30.0771351 ], [ -56.9936709, -30.077773399999987 ], [ -56.9926854, -30.0795848 ], [ -56.9938593, -30.0803976 ], [ -56.9941339, -30.081938 ], [ -56.9948109, -30.0822468 ], [ -56.9967723, -30.0822134 ], [ -56.9983015, -30.081621 ], [ -56.9993492, -30.0809669 ], [ -56.9997023, -30.0809578 ], [ -57.0003031, -30.0812714 ], [ -57.0010202, -30.0821736 ], [ -57.0032799, -30.0823699 ], [ -57.00358, -30.0829228 ], [ -57.0035119, -30.083579 ], [ -57.0043325, -30.0841345 ], [ -57.0047999, -30.0841794 ], [ -57.0056291, -30.0839302 ], [ -57.0058026, -30.084365 ], [ -57.0067446, -30.084722 ], [ -57.0071629, -30.0846412 ], [ -57.0074936, -30.084292899999987 ], [ -57.0078127, -30.08433530000001 ], [ -57.008063, -30.0846162 ], [ -57.0084698, -30.0860094 ], [ -57.0087032, -30.0863227 ], [ -57.0090728, -30.0866208 ], [ -57.0097402, -30.0868445 ], [ -57.0104846, -30.0874558 ], [ -57.0114625, -30.0875413 ], [ -57.0118788, -30.0872204 ] ] ] } },
{ "type": "Feature", "properties": { "wts_pk": 133639, "codigo_otto": "82528", "nivel_otto_declarado": 5, "area_m2_bho": 63.816751597314905, "nivel_otto": 5 }, "geometry": { "type": "Polygon", "coordinates": [ [ [ -56.9838342, -29.9008747 ], [ -56.9826585, -29.9006686 ], [ -56.9815417, -29.9013722 ], [ -56.9809918, -29.9014868 ], [ -56.9806709, -29.901788 ], [ -56.9805643, -29.902213 ], [ -56.9799459, -29.9027874 ], [ -56.9787641, -29.9030772 ], [ -56.9778885, -29.9027006 ], [ -56.9774295, -29.9017481 ], [ -56.9767934, -29.9012947 ], [ -56.9759887, -29.9003736 ], [ -56.9737359, -29.9001496 ], [ -56.9732187, -29.9004989 ], [ -56.973128, -29.9008746 ], [ -56.9714038, -29.9008523 ], [ -56.9705039, -29.9006633 ], [ -56.9698365, -29.9009932 ], [ -56.9693825, -29.9018787 ], [ -56.9688724, -29.902193 ], [ -56.9668189, -29.9030263 ], [ -56.9655756, -29.903189 ], [ -56.9647542, -29.9040836 ], [ -56.9638616, -29.9044086 ], [ -56.9618264, -29.9044811 ], [ -56.9606581, -29.9042195 ], [ -56.9588073, -29.904223 ], [ -56.9584494, -29.9043336 ], [ -56.9577352, -29.9049503 ], [ -56.9567824, -29.9052238 ], [ -56.9567718, -29.9056157 ], [ -56.9570873, -29.9062819 ], [ -56.9586508, -29.9071968 ], [ -56.958901, -29.9076882 ], [ -56.9590953, -29.9088975 ], [ -56.9601941, -29.9096674 ], [ -56.9611354, -29.9098943 ], [ -56.9616877, -29.910741 ], [ -56.9617171, -29.9124044 ], [ -56.9613221, -29.9130481 ], [ -56.9618377, -29.9141253 ], [ -56.9627509, -29.9152379 ], [ -56.9628554, -29.915577 ], [ -56.9628226, -29.915867 ], [ -56.9622947, -29.9158747 ], [ -56.9624383, -29.916335 ], [ -56.9617899, -29.9169465 ], [ -56.9615112, -29.91838 ], [ -56.9617799, -29.9190869 ], [ -56.9622605, -29.9196928 ], [ -56.9632306, -29.9192459 ], [ -56.9640877, -29.9195455 ], [ -56.9634042, -29.920859 ], [ -56.9634446, -29.9219619 ], [ -56.9660858, -29.922063 ], [ -56.9669501, -29.9225942 ], [ -56.9678665, -29.9238262 ], [ -56.9683223, -29.9241616 ], [ -56.9696511, -29.9242033 ], [ -56.9704921, -29.9239405 ], [ -56.9711892, -29.9239258 ], [ -56.9714242, -29.9239596 ], [ -56.9715422, -29.924199 ], [ -56.972017, -29.924208 ], [ -56.9721921, -29.924923099999983 ], [ -56.9717924, -29.9257477 ], [ -56.971768, -29.9264742 ], [ -56.9721083, -29.9271884 ], [ -56.9727901, -29.927965699999987 ], [ -56.9728476, -29.929226 ], [ -56.9733007, -29.9298454 ], [ -56.9735026, -29.9305205 ], [ -56.9744628, -29.931288 ], [ -56.9749418, -29.9318705 ], [ -56.9758042, -29.9320703 ], [ -56.9764132, -29.9324853 ], [ -56.9759157, -29.935742899999983 ], [ -56.9760486, -29.9360373 ], [ -56.9768868, -29.9364694 ], [ -56.9770014, -29.9368811 ], [ -56.9765115, -29.9377735 ], [ -56.976196, -29.939337899999988 ], [ -56.9761838, -29.940319099999989 ], [ -56.9777195, -29.9405907 ], [ -56.9785531, -29.9405758 ], [ -56.9788273, -29.9404816 ], [ -56.9793452, -29.939885 ], [ -56.9799098, -29.940504 ], [ -56.9807172, -29.9407826 ], [ -56.9810522, -29.9407504 ], [ -56.9815595, -29.9403643 ], [ -56.9827481, -29.940670299999987 ], [ -56.9836325, -29.941285 ], [ -56.9843761, -29.943340899999988 ], [ -56.9860218, -29.9443891 ], [ -56.9863588, -29.9441393 ], [ -56.9865978, -29.9434153 ], [ -56.9873334, -29.9426644 ], [ -56.9885121, -29.9420632 ], [ -56.9895188, -29.9417459 ], [ -56.9899683, -29.9417883 ], [ -56.9910269, -29.9424295 ], [ -56.9917453, -29.9423155 ], [ -56.9925728, -29.9425412 ], [ -56.9925728, -29.942819 ], [ -56.9929769, -29.9428785 ], [ -56.9938738, -29.9433458 ], [ -56.9949505, -29.9428632 ], [ -56.9956284, -29.942819 ], [ -56.9956396, -29.9430725 ], [ -56.9959049, -29.943144 ], [ -56.996307, -29.944667 ], [ -56.9974549, -29.945141599999985 ], [ -56.9979936, -29.9457377 ], [ -56.9984993, -29.9456381 ], [ -56.998877, -29.9457529 ], [ -56.9996132, -29.9476534 ], [ -57.0002914, -29.9479698 ], [ -57.0007276, -29.9485093 ], [ -57.0014222, -29.9481653 ], [ -57.0018488, -29.9483502 ], [ -57.0022951, -29.948930099999984 ], [ -57.0026603, -29.9498796 ], [ -57.0033593, -29.9501708 ], [ -57.0038662, -29.9506723 ], [ -57.0045173, -29.9522634 ], [ -57.0057321, -29.9522801 ], [ -57.0064393, -29.9525085 ], [ -57.0068468, -29.9524911 ], [ -57.0077506, -29.9520416 ], [ -57.0089618, -29.9517078 ], [ -57.0090709, -29.9511836 ], [ -57.0104045, -29.9511399 ], [ -57.011024, -29.9508743 ], [ -57.0115402, -29.9508961 ], [ -57.0130927, -29.9518296 ], [ -57.0133723, -29.9522174 ], [ -57.0136498, -29.9537184 ], [ -57.013079, -29.9546333 ], [ -57.0126664, -29.9547228 ], [ -57.0121895, -29.9546072 ], [ -57.0120327, -29.9547096 ], [ -57.0117339, -29.9555331 ], [ -57.0120174, -29.9564301 ], [ -57.0135278, -29.9561735 ], [ -57.0146144, -29.9563802 ], [ -57.0154703, -29.9562256 ], [ -57.0161935, -29.9566088 ], [ -57.0166204, -29.9574394 ], [ -57.0170118, -29.9575 ], [ -57.0172582, -29.95722760000001 ], [ -57.0172374, -29.9562048 ], [ -57.0190192, -29.9558015 ], [ -57.0199199, -29.9551204 ], [ -57.0209063, -29.9550411 ], [ -57.0216928, -29.9546294 ], [ -57.0222038, -29.9539804 ], [ -57.0226853, -29.9537606 ], [ -57.0232336, -29.953837199999985 ], [ -57.0238477, -29.9534812 ], [ -57.025064, -29.9537836 ], [ -57.0257185, -29.9544252 ], [ -57.0262459, -29.954677 ], [ -57.0267625, -29.954505 ], [ -57.0276259, -29.954507 ], [ -57.0281056, -29.9550464 ], [ -57.0289278, -29.9547603 ], [ -57.0296569, -29.9548674 ], [ -57.0301336, -29.955455 ], [ -57.0307951, -29.9556844 ], [ -57.0313305, -29.9561829 ], [ -57.0315322, -29.9571069 ], [ -57.0321485, -29.9580667 ], [ -57.0324139, -29.9582816 ], [ -57.0333032, -29.958460199999987 ], [ -57.0338366, -29.9587558 ], [ -57.0339324, -29.9591105 ], [ -57.0337925, -29.9598932 ], [ -57.0346081, -29.9602426 ], [ -57.0349837, -29.96015 ], [ -57.0351757, -29.9592881 ], [ -57.0357249, -29.9587432 ], [ -57.0360785, -29.9587408 ], [ -57.0370469, -29.9591806 ], [ -57.0378166, -29.9591708 ], [ -57.0380297, -29.9590366 ], [ -57.038351, -29.9581665 ], [ -57.0389872, -29.9581047 ], [ -57.0398183, -29.9583382 ], [ -57.0404325, -29.9583202 ], [ -57.0415661, -29.9570818 ], [ -57.04191, -29.9570867 ], [ -57.0424543, -29.9574133 ], [ -57.043165, -29.957057499999987 ], [ -57.044356, -29.9574202 ], [ -57.0451416, -29.9573412 ], [ -57.0463502, -29.9583303 ], [ -57.0469419, -29.9585921 ], [ -57.0480212, -29.9587371 ], [ -57.0483891, -29.9591421 ], [ -57.0484065, -29.9603188 ], [ -57.048909, -29.9603134 ], [ -57.0489985, -29.9600515 ], [ -57.0494938, -29.9600222 ], [ -57.0495545, -29.9597741 ], [ -57.0500732, -29.9597633 ], [ -57.0500823, -29.9592561 ], [ -57.0503335, -29.959174 ], [ -57.050351, -29.9589299 ], [ -57.0506389, -29.9588633 ], [ -57.0511091, -29.9584404 ], [ -57.0524611, -29.958008 ], [ -57.0534582, -29.9568411 ], [ -57.0544385, -29.9565525 ], [ -57.0547529, -29.9559672 ], [ -57.0547954, -29.9553188 ], [ -57.0540362, -29.9543977 ], [ -57.0539635, -29.954098 ], [ -57.0540443, -29.9537245 ], [ -57.0543434, -29.9534574 ], [ -57.0554609, -29.953208 ], [ -57.0560284, -29.953348 ], [ -57.0566301, -29.9532939 ], [ -57.0571939, -29.95302 ], [ -57.0580208, -29.9523019 ], [ -57.0586443, -29.9520456 ], [ -57.0593609, -29.9521712 ], [ -57.0597954, -29.9517077 ], [ -57.0618994, -29.9518758 ], [ -57.0623973, -29.9509582 ], [ -57.0633014, -29.9502358 ], [ -57.0635139, -29.9495703 ], [ -57.0647954, -29.9478187 ], [ -57.0665231, -29.948535499999988 ], [ -57.0674893, -29.9483927 ], [ -57.0689545, -29.9486231 ], [ -57.0694143, -29.948299 ], [ -57.0697309, -29.9473348 ], [ -57.0725733, -29.9467076 ], [ -57.0725728, -29.9459579 ], [ -57.0722955, -29.945874300000014 ], [ -57.0723258, -29.9453389 ], [ -57.0733424, -29.9440611 ], [ -57.0732491, -29.9432073 ], [ -57.0733864, -29.9424931 ], [ -57.0732333, -29.9418123 ], [ -57.0734883, -29.9412223 ], [ -57.0740684, -29.9406771 ], [ -57.0749937, -29.9403614 ], [ -57.0757078, -29.9403677 ], [ -57.076114, -29.940644 ], [ -57.0769522, -29.941642 ], [ -57.0798626, -29.9417146 ], [ -57.080422, -29.9418027 ], [ -57.0806288, -29.9419853 ], [ -57.0815441, -29.942005899999984 ], [ -57.0822895, -29.942811 ], [ -57.0827592, -29.9427684 ], [ -57.0834066, -29.9422631 ], [ -57.0829525, -29.9418391 ], [ -57.0827803, -29.9410302 ], [ -57.0823629, -29.940446 ], [ -57.0820838, -29.9395531 ], [ -57.0821445, -29.938945 ], [ -57.0814819, -29.9384733 ], [ -57.0807837, -29.9375912 ], [ -57.0798524, -29.936837899999986 ], [ -57.0797941, -29.9359133 ], [ -57.079958, -29.9351511 ], [ -57.0798105, -29.9346202 ], [ -57.079817, -29.9334237 ], [ -57.0801461, -29.9321363 ], [ -57.0807855, -29.931328 ], [ -57.0801837, -29.930796 ], [ -57.0793365, -29.9296866 ], [ -57.0792869, -29.9294148 ], [ -57.0799718, -29.9282674 ], [ -57.0800732, -29.9275409 ], [ -57.080882, -29.9278191 ], [ -57.0821887, -29.9277373 ], [ -57.0832664, -29.92667 ], [ -57.0835527, -29.9257119 ], [ -57.084874, -29.9255403 ], [ -57.0853045, -29.9251839 ], [ -57.0853523, -29.9235899 ], [ -57.0851293, -29.9227448 ], [ -57.0855011, -29.921934499999988 ], [ -57.0853985, -29.9210954 ], [ -57.0858407, -29.920167 ], [ -57.0861822, -29.9186999 ], [ -57.0861386, -29.9180492 ], [ -57.0857042, -29.917205 ], [ -57.0863622, -29.9168219 ], [ -57.0868736, -29.9159074 ], [ -57.0883111, -29.9144095 ], [ -57.0884044, -29.9122258 ], [ -57.0881287, -29.9108742 ], [ -57.0877763, -29.9103776 ], [ -57.0869348, -29.9095507 ], [ -57.0859065, -29.9092075 ], [ -57.0859649, -29.9071324 ], [ -57.0863005, -29.9067993 ], [ -57.0869195, -29.9065305 ], [ -57.0871283, -29.9054012 ], [ -57.0878641, -29.904861 ], [ -57.0880106, -29.9045443 ], [ -57.0874974, -29.9038129 ], [ -57.0868458, -29.9032916 ], [ -57.0864082, -29.9021204 ], [ -57.0851732, -29.8999698 ], [ -57.0852799, -29.8991403 ], [ -57.0848073, -29.898243 ], [ -57.0850168, -29.8969836 ], [ -57.0847953, -29.8955964 ], [ -57.0838089, -29.8955169 ], [ -57.0820911, -29.8945956 ], [ -57.0821006, -29.8930344 ], [ -57.0827428, -29.8923739 ], [ -57.0822242, -29.891577 ], [ -57.0815501, -29.89095 ], [ -57.0812863, -29.8909621 ], [ -57.0810487, -29.8911719 ], [ -57.0807685, -29.8919443 ], [ -57.0799274, -29.892651 ], [ -57.079226, -29.893505 ], [ -57.0782055, -29.8928646 ], [ -57.0772352, -29.8928774 ], [ -57.0764167, -29.894081 ], [ -57.0749936, -29.8949274 ], [ -57.0746117, -29.8947013 ], [ -57.0736152, -29.8928614 ], [ -57.0732957, -29.8926187 ], [ -57.0728536, -29.8925718 ], [ -57.0721213, -29.8928895 ], [ -57.070251, -29.8944067 ], [ -57.0696034, -29.8947103 ], [ -57.0683746, -29.895014 ], [ -57.0672717, -29.895033800000011 ], [ -57.0668769, -29.8949263 ], [ -57.066349, -29.8943023 ], [ -57.0660961, -29.8942933 ], [ -57.0655259, -29.8952393 ], [ -57.0649087, -29.8955238 ], [ -57.0643289, -29.8954602 ], [ -57.0639619, -29.896152 ], [ -57.0635596, -29.8963337 ], [ -57.0627992, -29.8954302 ], [ -57.0618056, -29.8951873 ], [ -57.0617396, -29.8942076 ], [ -57.0612383, -29.8939923 ], [ -57.0601427, -29.8940509 ], [ -57.0596988, -29.8948799 ], [ -57.0594233, -29.8950067 ], [ -57.058062, -29.8944163 ], [ -57.0577087, -29.8940403 ], [ -57.0566444, -29.8934159 ], [ -57.0556576, -29.8936244 ], [ -57.0546474, -29.8935008 ], [ -57.054113, -29.8943917 ], [ -57.0536262, -29.8946529 ], [ -57.052658, -29.8942672 ], [ -57.0517378, -29.8941992 ], [ -57.0508259, -29.8942733 ], [ -57.0501772, -29.8946554 ], [ -57.0483177, -29.8935904 ], [ -57.0479734, -29.8926589 ], [ -57.0471656, -29.8922445 ], [ -57.0472951, -29.8908743 ], [ -57.0470203, -29.8907294 ], [ -57.0465811, -29.890702 ], [ -57.0457712, -29.8911363 ], [ -57.0449339, -29.8911305 ], [ -57.0442012, -29.8909446 ], [ -57.042599, -29.8911865 ], [ -57.0415696, -29.8919389 ], [ -57.0401927, -29.8923579 ], [ -57.039393, -29.8929984 ], [ -57.0385861, -29.8933702 ], [ -57.0382964, -29.8941209 ], [ -57.0374402, -29.8948048 ], [ -57.0371431, -29.8954765 ], [ -57.0366145, -29.8957173 ], [ -57.0361235, -29.8965674 ], [ -57.0354453, -29.8968835 ], [ -57.0349761, -29.8985757 ], [ -57.0344704, -29.8990781 ], [ -57.0337735, -29.8993711 ], [ -57.0334061, -29.9003188 ], [ -57.032987, -29.9002185 ], [ -57.0315786, -29.8993931 ], [ -57.0306283, -29.8978188 ], [ -57.0275875, -29.8978474 ], [ -57.0270807, -29.8981468 ], [ -57.0262556, -29.8989866 ], [ -57.0254526, -29.900267799999988 ], [ -57.0247745, -29.9005658 ], [ -57.0232346, -29.9006813 ], [ -57.0224112, -29.9009708 ], [ -57.0218148, -29.9013739 ], [ -57.0212049, -29.9013986 ], [ -57.0197198, -29.9010926 ], [ -57.0188489, -29.9006774 ], [ -57.0183279, -29.9006006 ], [ -57.0163841, -29.9009324 ], [ -57.014791, -29.9013886 ], [ -57.0139616, -29.9011522 ], [ -57.0141364, -29.9018647 ], [ -57.0138405, -29.9035554 ], [ -57.0123771, -29.904153 ], [ -57.0112903, -29.904292 ], [ -57.0103654, -29.9047651 ], [ -57.009748, -29.9040544 ], [ -57.0082926, -29.9034776 ], [ -57.0069891, -29.9044432 ], [ -57.0045404, -29.9045224 ], [ -57.0030488, -29.9048237 ], [ -57.0017344, -29.905276 ], [ -57.0012961, -29.905226 ], [ -57.0007808, -29.9048812 ], [ -56.9999534, -29.9048741 ], [ -56.9994475, -29.905319499999987 ], [ -56.9974804, -29.9047975 ], [ -56.9955121, -29.9052478 ], [ -56.9943429, -29.9046847 ], [ -56.9919121, -29.9028974 ], [ -56.9908073, -29.9023483 ], [ -56.9904554, -29.9023569 ], [ -56.9896908, -29.9030201 ], [ -56.9891223, -29.9033062 ], [ -56.9884308, -29.903340800000013 ], [ -56.9881866, -29.903139 ], [ -56.9880221, -29.9023504 ], [ -56.987689, -29.9020263 ], [ -56.98655, -29.9014784 ], [ -56.9850725, -29.9014301 ], [ -56.9850725, -29.9008746 ], [ -56.9838342, -29.9008747 ] ] ] } },
{ "type": "Feature", "properties": { "wts_pk": 133638, "codigo_otto": "82527", "nivel_otto_declarado": 5, "area_m2_bho": 7.0929219728271979, "nivel_otto": 5 }, "geometry": { "type": "Polygon", "coordinates": [ [ [ -57.0828953, -29.8795796 ], [ -57.0838949, -29.8800938 ], [ -57.0846982, -29.8812287 ], [ -57.0848806, -29.8838628 ], [ -57.0851977, -29.8843896 ], [ -57.0860913, -29.884846 ], [ -57.0863633, -29.885152899999987 ], [ -57.0858434, -29.8860952 ], [ -57.085225, -29.8866114 ], [ -57.0846499, -29.8868233 ], [ -57.084521, -29.8871238 ], [ -57.0846064, -29.8877304 ], [ -57.0853101, -29.88861 ], [ -57.0853835, -29.889991 ], [ -57.0855986, -29.890696799999986 ], [ -57.0853729, -29.891569199999989 ], [ -57.0855147, -29.892430299999987 ], [ -57.0851388, -29.8944202 ], [ -57.0852399, -29.8949349 ], [ -57.0847919, -29.895578 ], [ -57.0850168, -29.8969836 ], [ -57.0847996, -29.8981501 ], [ -57.0852638, -29.8990729 ], [ -57.0851372, -29.8998346 ], [ -57.0853979, -29.900461 ], [ -57.0864082, -29.9021204 ], [ -57.0868458, -29.9032916 ], [ -57.0874974, -29.9038129 ], [ -57.0880254, -29.9045971 ], [ -57.0871283, -29.9054012 ], [ -57.0869195, -29.9065305 ], [ -57.0863005, -29.9067993 ], [ -57.0859649, -29.9071324 ], [ -57.0859065, -29.9092075 ], [ -57.0869712, -29.9095775 ], [ -57.0881126, -29.9108785 ], [ -57.0888912, -29.9101837 ], [ -57.0887482, -29.9094165 ], [ -57.0890936, -29.9081286 ], [ -57.0899316, -29.9074222 ], [ -57.0902088, -29.9068362 ], [ -57.0908445, -29.9068659 ], [ -57.0916524, -29.9065428 ], [ -57.0917722, -29.9050925 ], [ -57.0919961, -29.9043415 ], [ -57.091848, -29.9034797 ], [ -57.0920748, -29.9031438 ], [ -57.0927569, -29.9025874 ], [ -57.0934432, -29.9025839 ], [ -57.0939773, -29.9028206 ], [ -57.0944056, -29.9025188 ], [ -57.0949664, -29.9019004 ], [ -57.095226, -29.9009913 ], [ -57.0960684, -29.9007797 ], [ -57.0963326, -29.9005416 ], [ -57.096244, -29.899361599999988 ], [ -57.0970664, -29.8985059 ], [ -57.0980763, -29.8982399 ], [ -57.098812, -29.8973594 ], [ -57.0993519, -29.8970675 ], [ -57.1005282, -29.8971133 ], [ -57.1007702, -29.8964759 ], [ -57.1019085, -29.895232499999988 ], [ -57.1021472, -29.8945876 ], [ -57.1027651, -29.8942615 ], [ -57.1035687, -29.8941161 ], [ -57.1039205, -29.8937997 ], [ -57.1042399, -29.8930963 ], [ -57.1037496, -29.8921789 ], [ -57.103774, -29.8918609 ], [ -57.1050143, -29.8915712 ], [ -57.1054877, -29.8909826 ], [ -57.106157, -29.8904822 ], [ -57.1066023, -29.8898006 ], [ -57.1074299, -29.8891673 ], [ -57.1078947, -29.8882235 ], [ -57.1099567, -29.8868027 ], [ -57.110351, -29.8867074 ], [ -57.1103816, -29.8862108 ], [ -57.1108984, -29.8857635 ], [ -57.1109132, -29.885056 ], [ -57.1111843, -29.8850407 ], [ -57.1111102, -29.8847922 ], [ -57.1106551, -29.8847074 ], [ -57.1106184, -29.8840396 ], [ -57.1103484, -29.8839197 ], [ -57.1108885, -29.8832515 ], [ -57.1108842, -29.8829411 ], [ -57.1106602, -29.8826776 ], [ -57.1109098, -29.8822729 ], [ -57.1100542, -29.8820251 ], [ -57.1085988, -29.8819357 ], [ -57.1081421, -29.8816042 ], [ -57.1071987, -29.8798394 ], [ -57.1060098, -29.8791257 ], [ -57.1057974, -29.8784603 ], [ -57.1045873, -29.8768308 ], [ -57.1044117, -29.875678799999985 ], [ -57.1034976, -29.8751395 ], [ -57.1034228, -29.8746231 ], [ -57.1036251, -29.8739288 ], [ -57.1035057, -29.8737027 ], [ -57.1029402, -29.8734283 ], [ -57.1018614, -29.8732789 ], [ -57.1003369, -29.8724627 ], [ -57.0996954, -29.8715666 ], [ -57.0990784, -29.8721907 ], [ -57.0978691, -29.8719564 ], [ -57.096299, -29.8709093 ], [ -57.0957932, -29.8707092 ], [ -57.094907, -29.870786099999989 ], [ -57.0935125, -29.8702353 ], [ -57.0928508, -29.869763 ], [ -57.0923254, -29.8697974 ], [ -57.0919126, -29.8700326 ], [ -57.0916795, -29.8710154 ], [ -57.0912764, -29.8713823 ], [ -57.090743, -29.8713586 ], [ -57.0896266, -29.8706369 ], [ -57.0887371, -29.8703281 ], [ -57.0877392, -29.8706379 ], [ -57.0868544, -29.8713241 ], [ -57.0843559, -29.870783 ], [ -57.0835702, -29.8701309 ], [ -57.0824035, -29.86973 ], [ -57.0818907, -29.8692205 ], [ -57.0813108, -29.869218 ], [ -57.0809063, -29.8694853 ], [ -57.0809448, -29.8717548 ], [ -57.0812766, -29.8730236 ], [ -57.0822285, -29.8743549 ], [ -57.0820699, -29.875571 ], [ -57.0825086, -29.8761613 ], [ -57.0818003, -29.8774168 ], [ -57.0817655, -29.8784208 ], [ -57.0820737, -29.878880299999985 ], [ -57.0828953, -29.8795796 ] ] ] } },
{ "type": "Feature", "properties": { "wts_pk": 133640, "codigo_otto": "82529", "nivel_otto_declarado": 5, "area_m2_bho": 129.76391884163164, "nivel_otto": 5 }, "geometry": { "type": "Polygon", "coordinates": [ [ [ -56.9528262, -29.9045287 ], [ -56.9541477, -29.9052696 ], [ -56.9560451, -29.9054947 ], [ -56.9577352, -29.9049503 ], [ -56.9584494, -29.9043336 ], [ -56.9588073, -29.904223 ], [ -56.9606581, -29.9042195 ], [ -56.9618264, -29.9044811 ], [ -56.96377, -29.9044363 ], [ -56.9647542, -29.9040836 ], [ -56.9655756, -29.903189 ], [ -56.9668189, -29.9030263 ], [ -56.9688724, -29.902193 ], [ -56.9693825, -29.9018787 ], [ -56.9698365, -29.9009932 ], [ -56.9704348, -29.9006823 ], [ -56.9715186, -29.9008608 ], [ -56.973128, -29.9008746 ], [ -56.9732773, -29.9004293 ], [ -56.9737834, -29.900142 ], [ -56.9760715, -29.9004061 ], [ -56.9767934, -29.9012947 ], [ -56.9774295, -29.9017481 ], [ -56.9778885, -29.9027006 ], [ -56.9787641, -29.9030772 ], [ -56.9799459, -29.9027874 ], [ -56.9805643, -29.902213 ], [ -56.9806709, -29.901788 ], [ -56.9809918, -29.9014868 ], [ -56.9815417, -29.9013722 ], [ -56.9826585, -29.9006686 ], [ -56.9835423, -29.900859 ], [ -56.9850725, -29.9008746 ], [ -56.9850725, -29.9014301 ], [ -56.98655, -29.9014784 ], [ -56.9877529, -29.9020638 ], [ -56.9880221, -29.9023504 ], [ -56.9883461, -29.9033126 ], [ -56.9891223, -29.9033062 ], [ -56.9896908, -29.9030201 ], [ -56.9904554, -29.9023569 ], [ -56.9908073, -29.9023483 ], [ -56.9919121, -29.9028974 ], [ -56.9943429, -29.9046847 ], [ -56.9955121, -29.9052478 ], [ -56.9974804, -29.9047975 ], [ -56.9994475, -29.905319499999987 ], [ -56.9999534, -29.9048741 ], [ -57.0007808, -29.9048812 ], [ -57.0012961, -29.905226 ], [ -57.0017344, -29.905276 ], [ -57.0030488, -29.9048237 ], [ -57.0045404, -29.9045224 ], [ -57.0069891, -29.9044432 ], [ -57.0082926, -29.9034776 ], [ -57.009748, -29.9040544 ], [ -57.0103654, -29.9047651 ], [ -57.0112903, -29.904292 ], [ -57.0123771, -29.904153 ], [ -57.0138405, -29.9035554 ], [ -57.0141364, -29.9018647 ], [ -57.0139616, -29.9011522 ], [ -57.014791, -29.9013886 ], [ -57.0163841, -29.9009324 ], [ -57.0183279, -29.9006006 ], [ -57.0188489, -29.9006774 ], [ -57.0197198, -29.9010926 ], [ -57.0212049, -29.9013986 ], [ -57.0218148, -29.9013739 ], [ -57.0224112, -29.9009708 ], [ -57.0232346, -29.9006813 ], [ -57.0247745, -29.9005658 ], [ -57.0254526, -29.900267799999988 ], [ -57.0262556, -29.8989866 ], [ -57.0270807, -29.8981468 ], [ -57.0275875, -29.8978474 ], [ -57.0306283, -29.8978188 ], [ -57.0315786, -29.8993931 ], [ -57.032987, -29.9002185 ], [ -57.0334061, -29.9003188 ], [ -57.0337735, -29.8993711 ], [ -57.0344704, -29.8990781 ], [ -57.0349761, -29.8985757 ], [ -57.0354453, -29.8968835 ], [ -57.0361235, -29.8965674 ], [ -57.0366145, -29.8957173 ], [ -57.0371431, -29.8954765 ], [ -57.0374402, -29.8948048 ], [ -57.0382964, -29.8941209 ], [ -57.0384751, -29.8935215 ], [ -57.0387352, -29.8932297 ], [ -57.039393, -29.8929984 ], [ -57.0401927, -29.8923579 ], [ -57.0415696, -29.8919389 ], [ -57.0424993, -29.8912096 ], [ -57.0442012, -29.8909446 ], [ -57.0449339, -29.8911305 ], [ -57.0457712, -29.8911363 ], [ -57.0467494, -29.8906731 ], [ -57.0472951, -29.8908743 ], [ -57.0471145, -29.8921553 ], [ -57.048025, -29.8927198 ], [ -57.0482639, -29.8935449 ], [ -57.0501318, -29.8946484 ], [ -57.0508259, -29.8942733 ], [ -57.0517378, -29.8941992 ], [ -57.052658, -29.8942672 ], [ -57.0536262, -29.8946529 ], [ -57.054113, -29.8943917 ], [ -57.0546474, -29.8935008 ], [ -57.0556576, -29.8936244 ], [ -57.0566444, -29.8934159 ], [ -57.0577087, -29.8940403 ], [ -57.058062, -29.8944163 ], [ -57.0594233, -29.8950067 ], [ -57.0596988, -29.8948799 ], [ -57.0601427, -29.8940509 ], [ -57.0611196, -29.8939737 ], [ -57.0617396, -29.8942076 ], [ -57.0618056, -29.8951873 ], [ -57.0627992, -29.8954302 ], [ -57.0635596, -29.8963337 ], [ -57.0639619, -29.896152 ], [ -57.0643289, -29.8954602 ], [ -57.0649087, -29.8955238 ], [ -57.0655259, -29.8952393 ], [ -57.0660961, -29.8942933 ], [ -57.066349, -29.8943023 ], [ -57.0668769, -29.8949263 ], [ -57.0672717, -29.895033800000011 ], [ -57.0683746, -29.895014 ], [ -57.0696034, -29.8947103 ], [ -57.070251, -29.8944067 ], [ -57.0721213, -29.8928895 ], [ -57.0728536, -29.8925718 ], [ -57.0732957, -29.8926187 ], [ -57.0736152, -29.8928614 ], [ -57.0746117, -29.8947013 ], [ -57.0749936, -29.8949274 ], [ -57.0764167, -29.894081 ], [ -57.0772352, -29.8928774 ], [ -57.0782055, -29.8928646 ], [ -57.079226, -29.893505 ], [ -57.0799274, -29.892651 ], [ -57.0807685, -29.8919443 ], [ -57.0810487, -29.8911719 ], [ -57.0814845, -29.890935499999987 ], [ -57.0821757, -29.8915201 ], [ -57.0827428, -29.8923739 ], [ -57.0821006, -29.8930344 ], [ -57.0820911, -29.8945956 ], [ -57.0838089, -29.8955169 ], [ -57.0847953, -29.8955964 ], [ -57.0852399, -29.8949349 ], [ -57.0851388, -29.8944202 ], [ -57.0855147, -29.892430299999987 ], [ -57.0853729, -29.891569199999989 ], [ -57.0855986, -29.890696799999986 ], [ -57.0853835, -29.889991 ], [ -57.0853101, -29.88861 ], [ -57.0846064, -29.8877304 ], [ -57.084521, -29.8871238 ], [ -57.0846499, -29.8868233 ], [ -57.085225, -29.8866114 ], [ -57.0858434, -29.8860952 ], [ -57.0863633, -29.885152899999987 ], [ -57.0860913, -29.884846 ], [ -57.0851977, -29.8843896 ], [ -57.0848806, -29.8838628 ], [ -57.0847584, -29.8813868 ], [ -57.0841501, -29.8803894 ], [ -57.0836463, -29.8798855 ], [ -57.0829594, -29.8796193 ], [ -57.0824029, -29.8791872 ], [ -57.0817898, -29.8785019 ], [ -57.081774, -29.8774969 ], [ -57.0825086, -29.8761613 ], [ -57.0820699, -29.875571 ], [ -57.0822285, -29.8743549 ], [ -57.0812766, -29.8730236 ], [ -57.0809448, -29.8717548 ], [ -57.0808625, -29.869304699999986 ], [ -57.0805225, -29.8689585 ], [ -57.0795067, -29.868928 ], [ -57.0792761, -29.8690075 ], [ -57.0791017, -29.8694515 ], [ -57.0787396, -29.8694623 ], [ -57.0779464, -29.8691318 ], [ -57.0773641, -29.8685975 ], [ -57.0768839, -29.8676463 ], [ -57.0757268, -29.8666298 ], [ -57.0748655, -29.865162 ], [ -57.0747043, -29.8643803 ], [ -57.0742919, -29.8639677 ], [ -57.0742377, -29.862802 ], [ -57.0744206, -29.862148 ], [ -57.0738262, -29.8618768 ], [ -57.0726306, -29.860447 ], [ -57.0726102, -29.8591623 ], [ -57.0730586, -29.858501 ], [ -57.0733456, -29.8576151 ], [ -57.0731412, -29.8568515 ], [ -57.0731808, -29.8560219 ], [ -57.0742453, -29.8550613 ], [ -57.0734856, -29.8541447 ], [ -57.0733301, -29.8534343 ], [ -57.0725728, -29.8528186 ], [ -57.0714655, -29.8533454 ], [ -57.069887, -29.8528651 ], [ -57.0689675, -29.8527913 ], [ -57.0685156, -29.8525272 ], [ -57.067861, -29.8517111 ], [ -57.0678617, -29.850876599999985 ], [ -57.0681283, -29.8497631 ], [ -57.0663397, -29.8492717 ], [ -57.0657574, -29.8495976 ], [ -57.0655483, -29.8501418 ], [ -57.0653653, -29.8501756 ], [ -57.0651429, -29.8499054 ], [ -57.0649814, -29.8490082 ], [ -57.0644808, -29.8482183 ], [ -57.0638508, -29.8479064 ], [ -57.0626593, -29.8476492 ], [ -57.0624632, -29.8467941 ], [ -57.0617394, -29.846152 ], [ -57.0617599, -29.8454736 ], [ -57.0619762, -29.8451142 ], [ -57.061679, -29.8448154 ], [ -57.0612785, -29.844696 ], [ -57.0611838, -29.8444853 ], [ -57.060315, -29.8444373 ], [ -57.0591729, -29.8441381 ], [ -57.0586232, -29.8435146 ], [ -57.0580058, -29.8432509 ], [ -57.057699, -29.842658 ], [ -57.0561481, -29.84248 ], [ -57.0558592, -29.8418355 ], [ -57.0546888, -29.8412308 ], [ -57.0540856, -29.841177 ], [ -57.0530255, -29.8414305 ], [ -57.0521292, -29.8413477 ], [ -57.0511348, -29.8398944 ], [ -57.0490006, -29.83935730000001 ], [ -57.0487348, -29.8390594 ], [ -57.0486832, -29.838612 ], [ -57.0488895, -29.837816199999988 ], [ -57.0487668, -29.8371231 ], [ -57.0494146, -29.8363152 ], [ -57.0491203, -29.8354262 ], [ -57.0481402, -29.835041 ], [ -57.0472528, -29.835084 ], [ -57.046831, -29.8353919 ], [ -57.0463696, -29.8363633 ], [ -57.0458137, -29.8368982 ], [ -57.043471, -29.8367223 ], [ -57.0413255, -29.8373094 ], [ -57.0411837, -29.8380965 ], [ -57.0401584, -29.8381225 ], [ -57.0397387, -29.8386078 ], [ -57.0392392, -29.8386521 ], [ -57.0386409, -29.8393666 ], [ -57.037734, -29.8399259 ], [ -57.0367637, -29.8398089 ], [ -57.0359736, -29.8402618 ], [ -57.0354287, -29.8403133 ], [ -57.0349993, -29.8402583 ], [ -57.0343005, -29.8398781 ], [ -57.0323179, -29.8408786 ], [ -57.0316473, -29.8401137 ], [ -57.0310611, -29.8399841 ], [ -57.030801, -29.8395683 ], [ -57.0298319, -29.8392089 ], [ -57.0287609, -29.8402752 ], [ -57.0281563, -29.840272799999983 ], [ -57.0276282, -29.8398353 ], [ -57.0272177, -29.8398337 ], [ -57.0268458, -29.8406967 ], [ -57.0270057, -29.8412918 ], [ -57.0269478, -29.8418213 ], [ -57.025628, -29.842541 ], [ -57.0238561, -29.84194 ], [ -57.0234912, -29.8416322 ], [ -57.0234224, -29.8406429 ], [ -57.0239008, -29.8398809 ], [ -57.0239511, -29.8392522 ], [ -57.0237986, -29.8389229 ], [ -57.0232189, -29.8384862 ], [ -57.0229266, -29.837841899999987 ], [ -57.0212911, -29.837733799999988 ], [ -57.0194638, -29.8362857 ], [ -57.0188012, -29.8360549 ], [ -57.0179584, -29.835384 ], [ -57.0176763, -29.8353948 ], [ -57.0170168, -29.8358744 ], [ -57.0168336, -29.83631 ], [ -57.0168811, -29.8368467 ], [ -57.0162881, -29.8371628 ], [ -57.0161265, -29.8381383 ], [ -57.0158836, -29.8383348 ], [ -57.0149125, -29.8382247 ], [ -57.0142422, -29.8383279 ], [ -57.0132147, -29.8378756 ], [ -57.0126634, -29.8378148 ], [ -57.0109057, -29.8378188 ], [ -57.0107062, -29.8379964 ], [ -57.009133, -29.838378 ], [ -57.0080492, -29.8383201 ], [ -57.0070512, -29.8378932 ], [ -57.0063364, -29.8380727 ], [ -57.0058407, -29.838030299999986 ], [ -57.0051271, -29.8371288 ], [ -57.0046887, -29.8359582 ], [ -57.0040678, -29.8352345 ], [ -57.0038661, -29.834103 ], [ -57.0032784, -29.8338057 ], [ -57.0027395, -29.833205500000012 ], [ -57.0021302, -29.8332609 ], [ -57.0018706, -29.8330639 ], [ -57.0016651, -29.8318636 ], [ -57.0009839, -29.8310154 ], [ -57.0010039, -29.8307578 ], [ -57.0014262, -29.830272 ], [ -57.0014281, -29.8294431 ], [ -57.0009746, -29.8284979 ], [ -57.0008344, -29.827698599999984 ], [ -57.0004184, -29.8271101 ], [ -57.0002753, -29.8261712 ], [ -57.00009, -29.8259354 ], [ -56.9997945, -29.8258744 ], [ -56.999519, -29.825063 ], [ -56.9995402, -29.8243534 ], [ -57.0000274, -29.8238095 ], [ -57.0000555, -29.8233029 ], [ -56.9995308, -29.8229493 ], [ -56.9991095, -29.8223656 ], [ -56.9984857, -29.8221206 ], [ -56.9979039, -29.8212816 ], [ -56.99785, -29.8205967 ], [ -56.9971847, -29.8205736 ], [ -56.9967938, -29.8203303 ], [ -56.9955112, -29.8203012 ], [ -56.995121, -29.820042 ], [ -56.9952631, -29.8207831 ], [ -56.994971, -29.8210533 ], [ -56.9935579, -29.8206178 ], [ -56.9905858, -29.8206019 ], [ -56.9899317, -29.8209812 ], [ -56.9894014, -29.8216193 ], [ -56.9883611, -29.8214998 ], [ -56.987959, -29.821719 ], [ -56.9877004, -29.8220338 ], [ -56.9877304, -29.8224933 ], [ -56.9873586, -29.823309 ], [ -56.9862908, -29.823373 ], [ -56.9852376, -29.8231764 ], [ -56.9843915, -29.823835 ], [ -56.9836207, -29.8240225 ], [ -56.9832619, -29.824366799999989 ], [ -56.9829525, -29.8241387 ], [ -56.9827489, -29.8234628 ], [ -56.9822283, -29.822872399999987 ], [ -56.9818187, -29.8226003 ], [ -56.980958, -29.8224071 ], [ -56.9797479, -29.821431899999986 ], [ -56.9794182, -29.8221856 ], [ -56.9788136, -29.8226444 ], [ -56.9783206, -29.823494299999989 ], [ -56.9773504, -29.82435509999998 ], [ -56.9773774, -29.8248742 ], [ -56.9777701, -29.8251999 ], [ -56.9780669, -29.8257366 ], [ -56.9780017, -29.8261206 ], [ -56.9768189, -29.8269258 ], [ -56.9750107, -29.8270601 ], [ -56.9746937, -29.8279231 ], [ -56.9745049, -29.8280635 ], [ -56.9738519, -29.8282646 ], [ -56.973282, -29.8281225 ], [ -56.972713, -29.8282037 ], [ -56.971808, -29.8291443 ], [ -56.9722588, -29.8305426 ], [ -56.9721184, -29.8310938 ], [ -56.9712967, -29.831518 ], [ -56.9705104, -29.832175 ], [ -56.9694002, -29.8327092 ], [ -56.9666991, -29.8322026 ], [ -56.9661832, -29.8319857 ], [ -56.9648811, -29.8337292 ], [ -56.9645662, -29.8344149 ], [ -56.9648925, -29.8352416 ], [ -56.9655083, -29.8357764 ], [ -56.965122, -29.8366441 ], [ -56.9652185, -29.8374267 ], [ -56.9650721, -29.837819 ], [ -56.9647943, -29.837819 ], [ -56.9641215, -29.8370717 ], [ -56.9635739, -29.8367852 ], [ -56.962969, -29.8367344 ], [ -56.9624166, -29.836862 ], [ -56.9616239, -29.8364567 ], [ -56.959715, -29.8367807 ], [ -56.9590229, -29.8371488 ], [ -56.9587187, -29.8367869 ], [ -56.9583205, -29.8351754 ], [ -56.9578656, -29.834761 ], [ -56.9572665, -29.8352853 ], [ -56.9557729, -29.835475899999985 ], [ -56.9552307, -29.83542 ], [ -56.9552738, -29.8360185 ], [ -56.9549099, -29.836592099999983 ], [ -56.9526812, -29.836346499999987 ], [ -56.950514, -29.8354089 ], [ -56.9496241, -29.835234 ], [ -56.948243, -29.8343043 ], [ -56.9478498, -29.834208 ], [ -56.9472353, -29.831824 ], [ -56.9467935, -29.8315578 ], [ -56.9467147, -29.8311972 ], [ -56.9464728, -29.8310909 ], [ -56.9463747, -29.8293775 ], [ -56.9454914, -29.8288914 ], [ -56.9452431, -29.8281811 ], [ -56.9439839, -29.8271527 ], [ -56.9426321, -29.825168599999987 ], [ -56.9425748, -29.8239736 ], [ -56.94285, -29.8233138 ], [ -56.9425902, -29.8230031 ], [ -56.9424627, -29.8222723 ], [ -56.9414448, -29.8223259 ], [ -56.9404877, -29.823544800000011 ], [ -56.9399395, -29.8237765 ], [ -56.9395195, -29.824314599999987 ], [ -56.9392028, -29.824428599999987 ], [ -56.9379794, -29.8235406 ], [ -56.9374563, -29.8229256 ], [ -56.9366402, -29.8235713 ], [ -56.9357899, -29.8239137 ], [ -56.9352725, -29.823882 ], [ -56.9343974, -29.8234727 ], [ -56.9336153, -29.823307 ], [ -56.9329377, -29.8224411 ], [ -56.9328496, -29.821708 ], [ -56.9323459, -29.8220883 ], [ -56.9318893, -29.82274 ], [ -56.9313526, -29.822999199999987 ], [ -56.9305256, -29.8223417 ], [ -56.9298643, -29.8220962 ], [ -56.9287569, -29.822473 ], [ -56.9276843, -29.8226293 ], [ -56.9273585, -29.8229709 ], [ -56.9271597, -29.823824 ], [ -56.9259597, -29.8243437 ], [ -56.9252419, -29.825234 ], [ -56.9242514, -29.8255971 ], [ -56.9240595, -29.8253916 ], [ -56.9221073, -29.8246916 ], [ -56.9220162, -29.8236525 ], [ -56.9211449, -29.8235916 ], [ -56.9202413, -29.8232021 ], [ -56.9195889, -29.823586899999984 ], [ -56.9182352, -29.8238238 ], [ -56.9171415, -29.823208799999986 ], [ -56.9164543, -29.82395 ], [ -56.916958, -29.824706 ], [ -56.9168908, -29.8254676 ], [ -56.9162891, -29.8259516 ], [ -56.9155584, -29.8272088 ], [ -56.9126116, -29.8287766 ], [ -56.9118352, -29.8295624 ], [ -56.9113332, -29.8304962 ], [ -56.9104571, -29.8309598 ], [ -56.9097479, -29.8318569 ], [ -56.908019, -29.8328882 ], [ -56.9076154, -29.8333706 ], [ -56.9066018, -29.8330988 ], [ -56.9058675, -29.8331302 ], [ -56.9052104, -29.8333571 ], [ -56.9044762, -29.833121 ], [ -56.9034051, -29.833097 ], [ -56.903042, -29.8338693 ], [ -56.9024593, -29.8343993 ], [ -56.9015268, -29.8343336 ], [ -56.9005132, -29.8349256 ], [ -56.8998262, -29.8347792 ], [ -56.8988829, -29.8348097 ], [ -56.8978495, -29.8353193 ], [ -56.8974983, -29.8360251 ], [ -56.8970838, -29.8362802 ], [ -56.8969604, -29.8371455 ], [ -56.8964628, -29.8379354 ], [ -56.8964954, -29.8381992 ], [ -56.8974909, -29.8393645 ], [ -56.8975038, -29.8396256 ], [ -56.8965572, -29.8406763 ], [ -56.8964619, -29.8414814 ], [ -56.8966157, -29.8422154 ], [ -56.8954097, -29.8438034 ], [ -56.8951022, -29.8451416 ], [ -56.8952872, -29.8462862 ], [ -56.8942635, -29.8473799 ], [ -56.8939606, -29.8480971 ], [ -56.8937317, -29.8481268 ], [ -56.893648, -29.8483473 ], [ -56.8914762, -29.8483876 ], [ -56.8904741, -29.84889140000001 ], [ -56.8899866, -29.8489369 ], [ -56.889554, -29.8488404 ], [ -56.8892384, -29.8483749 ], [ -56.8878112, -29.8481544 ], [ -56.8866258, -29.8488393 ], [ -56.8857452, -29.8490248 ], [ -56.8846277, -29.8499621 ], [ -56.8837819, -29.8498151 ], [ -56.8825415, -29.850026 ], [ -56.881119, -29.8497671 ], [ -56.8799742, -29.849994 ], [ -56.8793485, -29.8498792 ], [ -56.8782925, -29.8502014 ], [ -56.8777349, -29.8501179 ], [ -56.8768555, -29.8504058 ], [ -56.8760826, -29.851075 ], [ -56.8754283, -29.8513817 ], [ -56.8744926, -29.8514217 ], [ -56.8737911, -29.8512622 ], [ -56.8726849, -29.8515204 ], [ -56.8710793, -29.8521574 ], [ -56.8683184, -29.8523151 ], [ -56.8674337, -29.852652 ], [ -56.8671603, -29.8530648 ], [ -56.866726, -29.8533452 ], [ -56.8642383, -29.853375 ], [ -56.8642949, -29.8543399 ], [ -56.864999, -29.8554778 ], [ -56.8652028, -29.8564 ], [ -56.8657239, -29.8569097 ], [ -56.8669662, -29.8573986 ], [ -56.8676962, -29.8582553 ], [ -56.8687607, -29.8581081 ], [ -56.8694098, -29.8581719 ], [ -56.8701871, -29.8586346 ], [ -56.8703494, -29.8594861 ], [ -56.8705401, -29.859489 ], [ -56.8708171, -29.8594566 ], [ -56.871066, -29.8592157 ], [ -56.8737717, -29.8591568 ], [ -56.8747599, -29.8581702 ], [ -56.8761054, -29.8583698 ], [ -56.8773419, -29.8581596 ], [ -56.8781234, -29.8584019 ], [ -56.8783645, -29.8585873 ], [ -56.8790965, -29.8599341 ], [ -56.8805822, -29.8601698 ], [ -56.8814606, -29.8608749 ], [ -56.8817166, -29.8615142 ], [ -56.8822264, -29.861841 ], [ -56.8825577, -29.862541600000011 ], [ -56.8825718, -29.864486 ], [ -56.8835092, -29.8648208 ], [ -56.8842566, -29.8652923 ], [ -56.884866, -29.8652627 ], [ -56.8857507, -29.8647819 ], [ -56.8862618, -29.8648086 ], [ -56.8866727, -29.8650812 ], [ -56.8875718, -29.8658749 ], [ -56.887592, -29.8674047 ], [ -56.8878132, -29.8684399 ], [ -56.8869703, -29.869355899999988 ], [ -56.8860153, -29.8695738 ], [ -56.8849089, -29.870148 ], [ -56.8847731, -29.8706481 ], [ -56.8848598, -29.8712557 ], [ -56.8850977, -29.871361 ], [ -56.8861645, -29.8711888 ], [ -56.8869807, -29.8715456 ], [ -56.887729, -29.872688799999988 ], [ -56.888028, -29.8738867 ], [ -56.888511, -29.8741013 ], [ -56.8891404, -29.8740285 ], [ -56.8896872, -29.8742849 ], [ -56.8905355, -29.8749878 ], [ -56.8914242, -29.8752721 ], [ -56.8922941, -29.8753193 ], [ -56.8926572, -29.8765481 ], [ -56.8932627, -29.8770255 ], [ -56.8937324, -29.8776877 ], [ -56.8944165, -29.878176 ], [ -56.8957468, -29.880225 ], [ -56.8963813, -29.8805428 ], [ -56.8979865, -29.8807085 ], [ -56.8985024, -29.882372099999987 ], [ -56.8991444, -29.8827086 ], [ -56.899662, -29.8835375 ], [ -56.9001964, -29.8837738 ], [ -56.9004992, -29.8846456 ], [ -56.9013381, -29.8848608 ], [ -56.9016105, -29.8850696 ], [ -56.9020164, -29.8858748 ], [ -56.9039787, -29.8858693 ], [ -56.9044279, -29.886365 ], [ -56.904886, -29.8863819 ], [ -56.9057898, -29.8860667 ], [ -56.9065815, -29.885415 ], [ -56.907447, -29.8852205 ], [ -56.9080418, -29.8848213 ], [ -56.9088855, -29.8845442 ], [ -56.910231, -29.8843882 ], [ -56.9108365, -29.8837298 ], [ -56.9120657, -29.8839044 ], [ -56.912852, -29.8837026 ], [ -56.9133043, -29.8837457 ], [ -56.9136832, -29.8839304 ], [ -56.9137327, -29.8849063 ], [ -56.914121, -29.885291 ], [ -56.91475, -29.8855318 ], [ -56.9154707, -29.8853457 ], [ -56.916065, -29.8854062 ], [ -56.917136, -29.8863353 ], [ -56.9180039, -29.8865281 ], [ -56.919074, -29.8871743 ], [ -56.9199508, -29.8873595 ], [ -56.9207501, -29.8880002 ], [ -56.9217928, -29.8881741 ], [ -56.9222329, -29.8885757 ], [ -56.9233071, -29.8890081 ], [ -56.9236312, -29.8893418 ], [ -56.9240221, -29.8907255 ], [ -56.9243425, -29.8910706 ], [ -56.9253631, -29.8913955 ], [ -56.927081, -29.8915014 ], [ -56.927446, -29.891866 ], [ -56.9279864, -29.8920976 ], [ -56.928507, -29.892739 ], [ -56.9290637, -29.8930159 ], [ -56.9303183, -29.8933239 ], [ -56.9311833, -29.8933747 ], [ -56.9314052, -29.8943655 ], [ -56.9304575, -29.895136 ], [ -56.9303776, -29.8954132 ], [ -56.9307514, -29.8958046 ], [ -56.9314611, -29.8958747 ], [ -56.9317229, -29.8966849 ], [ -56.9317466, -29.8986017 ], [ -56.9320167, -29.8994859 ], [ -56.9325498, -29.8992045 ], [ -56.933018, -29.899477 ], [ -56.9341843, -29.899508 ], [ -56.9346755, -29.8998497 ], [ -56.9349973, -29.9005308 ], [ -56.9363845, -29.901096 ], [ -56.9380799, -29.901283 ], [ -56.9387918, -29.9019001 ], [ -56.9402259, -29.9026395 ], [ -56.940838, -29.903520900000018 ], [ -56.9412696, -29.9048871 ], [ -56.9418331, -29.9052647 ], [ -56.9424116, -29.9055006 ], [ -56.9427635, -29.9052576 ], [ -56.9430834, -29.9045461 ], [ -56.9429011, -29.9036528 ], [ -56.9430217, -29.903482 ], [ -56.9441838, -29.9037753 ], [ -56.9452693, -29.9049874 ], [ -56.9468283, -29.9048256 ], [ -56.9500025, -29.9058752 ], [ -56.9507406, -29.9053575 ], [ -56.9513877, -29.905261 ], [ -56.951739, -29.9044858 ], [ -56.9528262, -29.9045287 ] ] ] } },
{ "type": "Feature", "properties": { "wts_pk": 133635, "codigo_otto": "82524", "nivel_otto_declarado": 5, "area_m2_bho": 28.556571932217032, "nivel_otto": 5 }, "geometry": { "type": "Polygon", "coordinates": [ [ [ -57.1343122, -29.8432234 ], [ -57.1341085, -29.8426419 ], [ -57.1330197, -29.8418989 ], [ -57.1329479, -29.84152430000001 ], [ -57.1323566, -29.8412917 ], [ -57.131694, -29.8404583 ], [ -57.1310201, -29.8404827 ], [ -57.1302817, -29.8402553 ], [ -57.1291675, -29.8389868 ], [ -57.1281286, -29.838374 ], [ -57.1283872, -29.8374983 ], [ -57.1285628, -29.8353676 ], [ -57.1280372, -29.8348408 ], [ -57.1262326, -29.8340765 ], [ -57.124895, -29.8327387 ], [ -57.1242967, -29.8311515 ], [ -57.1244475, -29.830597 ], [ -57.124306, -29.8299697 ], [ -57.1246689, -29.8284988 ], [ -57.1235014, -29.8277461 ], [ -57.1234063, -29.826151699999983 ], [ -57.1227045, -29.8258659 ], [ -57.1220729, -29.8251819 ], [ -57.1212207, -29.8234184 ], [ -57.1213107, -29.8219984 ], [ -57.1200203, -29.8207309 ], [ -57.1192378, -29.8204125 ], [ -57.1186074, -29.8195457 ], [ -57.1176462, -29.8188716 ], [ -57.1168666, -29.818068900000011 ], [ -57.116523, -29.8173942 ], [ -57.1162899, -29.815922 ], [ -57.1153507, -29.8153184 ], [ -57.1149252, -29.8154617 ], [ -57.1143138, -29.8151043 ], [ -57.1130696, -29.8149623 ], [ -57.1124535, -29.814318 ], [ -57.110867, -29.8147022 ], [ -57.1095173, -29.8142073 ], [ -57.1094668, -29.8148533 ], [ -57.1092209, -29.8152215 ], [ -57.1087913, -29.815573799999985 ], [ -57.1081002, -29.8158134 ], [ -57.107225, -29.8145422 ], [ -57.1063478, -29.8140187 ], [ -57.1055, -29.8138059 ], [ -57.105246, -29.8131733 ], [ -57.1049105, -29.8129196 ], [ -57.1035501, -29.8132053 ], [ -57.1028377, -29.8141611 ], [ -57.1024131, -29.814120299999988 ], [ -57.1015337, -29.813492 ], [ -57.100769, -29.8146522 ], [ -57.0994446, -29.8148303 ], [ -57.0986204, -29.815199 ], [ -57.0957819, -29.8148854 ], [ -57.0953049, -29.8149758 ], [ -57.0948624, -29.8147168 ], [ -57.0943022, -29.8140673 ], [ -57.093861, -29.812057 ], [ -57.0934429, -29.8117532 ], [ -57.0930462, -29.811705 ], [ -57.0920011, -29.8119505 ], [ -57.0900117, -29.8120578 ], [ -57.0896329, -29.8126904 ], [ -57.0887992, -29.8129098 ], [ -57.0885069, -29.8131761 ], [ -57.0883425, -29.8143374 ], [ -57.0880218, -29.8146837 ], [ -57.0870208, -29.8149989 ], [ -57.0862162, -29.8148497 ], [ -57.0854411, -29.8150029 ], [ -57.0851282, -29.814802 ], [ -57.0849309, -29.8139718 ], [ -57.0840205, -29.812951799999986 ], [ -57.0839616, -29.8114297 ], [ -57.0834639, -29.8113839 ], [ -57.0828868, -29.8108026 ], [ -57.0827749, -29.8103777 ], [ -57.0825558, -29.8103152 ], [ -57.0818263, -29.8108231 ], [ -57.0793497, -29.8109614 ], [ -57.0784916, -29.8119358 ], [ -57.0761048, -29.8120567 ], [ -57.0757642, -29.8122974 ], [ -57.0752317, -29.8130757 ], [ -57.0743964, -29.813498700000011 ], [ -57.0741444, -29.81404160000001 ], [ -57.0739333, -29.814164 ], [ -57.0718504, -29.8143723 ], [ -57.0713292, -29.813782 ], [ -57.0707037, -29.813802 ], [ -57.0700726, -29.8130964 ], [ -57.0696647, -29.8131166 ], [ -57.0693584, -29.8132415 ], [ -57.0688887, -29.813872199999985 ], [ -57.067695, -29.814859899999984 ], [ -57.0670633, -29.8155926 ], [ -57.0652438, -29.8159251 ], [ -57.0643417, -29.8162329 ], [ -57.0636702, -29.8166817 ], [ -57.0622648, -29.8167011 ], [ -57.0609986, -29.816516 ], [ -57.0606957, -29.8168455 ], [ -57.0605267, -29.8174574 ], [ -57.0600354, -29.8179739 ], [ -57.0584961, -29.8185435 ], [ -57.0583124, -29.819967 ], [ -57.0580355, -29.8205231 ], [ -57.0573516, -29.8212895 ], [ -57.057017, -29.8222631 ], [ -57.0556026, -29.822272199999986 ], [ -57.0547608, -29.8224995 ], [ -57.0534415, -29.8225842 ], [ -57.052935, -29.8230347 ], [ -57.0518276, -29.8235967 ], [ -57.0513778, -29.8235859 ], [ -57.050779, -29.8231839 ], [ -57.0504317, -29.8231234 ], [ -57.0501169, -29.8232138 ], [ -57.04983, -29.823591399999987 ], [ -57.0495122, -29.8254813 ], [ -57.0497686, -29.8277721 ], [ -57.049654, -29.8279802 ], [ -57.0490804, -29.8281888 ], [ -57.0487472, -29.8285264 ], [ -57.0486405, -29.8300819 ], [ -57.0481849, -29.8313594 ], [ -57.0484795, -29.8323936 ], [ -57.0489126, -29.8330984 ], [ -57.0481936, -29.8340778 ], [ -57.0481281, -29.8350409 ], [ -57.0491203, -29.8354262 ], [ -57.0494196, -29.836258 ], [ -57.0487501, -29.8371907 ], [ -57.0488895, -29.837816199999988 ], [ -57.0486889, -29.8385178 ], [ -57.0487716, -29.8391314 ], [ -57.0491487, -29.8394316 ], [ -57.0511348, -29.8398944 ], [ -57.0521292, -29.8413477 ], [ -57.0530255, -29.8414305 ], [ -57.0540856, -29.841177 ], [ -57.0546888, -29.8412308 ], [ -57.0558592, -29.8418355 ], [ -57.0561481, -29.84248 ], [ -57.057699, -29.842658 ], [ -57.0580058, -29.8432509 ], [ -57.0586232, -29.8435146 ], [ -57.0591729, -29.8441381 ], [ -57.060315, -29.8444373 ], [ -57.0611838, -29.8444853 ], [ -57.0612785, -29.844696 ], [ -57.061679, -29.8448154 ], [ -57.0619888, -29.8451762 ], [ -57.0617599, -29.8454736 ], [ -57.0617394, -29.846152 ], [ -57.0624632, -29.8467941 ], [ -57.0626593, -29.8476492 ], [ -57.0638508, -29.8479064 ], [ -57.0644808, -29.8482183 ], [ -57.0649814, -29.8490082 ], [ -57.0651429, -29.8499054 ], [ -57.0653653, -29.8501756 ], [ -57.0655483, -29.8501418 ], [ -57.0657574, -29.8495976 ], [ -57.0663397, -29.8492717 ], [ -57.0681283, -29.8497631 ], [ -57.0678617, -29.850876599999985 ], [ -57.0678765, -29.8517863 ], [ -57.0684705, -29.8524895 ], [ -57.0689675, -29.8527913 ], [ -57.0697902, -29.8528451 ], [ -57.0715971, -29.8533318 ], [ -57.0725728, -29.8528186 ], [ -57.0731598, -29.851628 ], [ -57.073438, -29.8514928 ], [ -57.0743686, -29.851958 ], [ -57.0758163, -29.8518002 ], [ -57.0763611, -29.8520604 ], [ -57.0774153, -29.852994 ], [ -57.0780162, -29.852745 ], [ -57.0785479, -29.852091 ], [ -57.0789365, -29.8519874 ], [ -57.0798598, -29.852037 ], [ -57.0805598, -29.8524728 ], [ -57.0815357, -29.8526043 ], [ -57.0828265, -29.8530924 ], [ -57.0835698, -29.853009 ], [ -57.0838309, -29.852757 ], [ -57.0838222, -29.8523946 ], [ -57.0840692, -29.8523367 ], [ -57.0846319, -29.8527102 ], [ -57.0855784, -29.852947 ], [ -57.0867574, -29.8539339 ], [ -57.0877453, -29.8527175 ], [ -57.0880217, -29.8520983 ], [ -57.0896251, -29.8532874 ], [ -57.0909062, -29.8533741 ], [ -57.090895, -29.8531206 ], [ -57.0906397, -29.853072 ], [ -57.0906374, -29.8527652 ], [ -57.0910742, -29.8521733 ], [ -57.0913126, -29.8515189 ], [ -57.0920489, -29.8512053 ], [ -57.0927292, -29.8512613 ], [ -57.0933244, -29.8516408 ], [ -57.0944395, -29.8519282 ], [ -57.0958804, -29.8520202 ], [ -57.0969194, -29.8523404 ], [ -57.0977628, -29.8528881 ], [ -57.0984063, -29.8542074 ], [ -57.0998313, -29.8534304 ], [ -57.1016688, -29.8541625 ], [ -57.1024505, -29.854201299999989 ], [ -57.1030288, -29.8538567 ], [ -57.1031948, -29.8529727 ], [ -57.1034555, -29.8526724 ], [ -57.1043905, -29.8524404 ], [ -57.104989, -29.8520443 ], [ -57.1067397, -29.8514296 ], [ -57.1068283, -29.8507659 ], [ -57.1072299, -29.8507637 ], [ -57.1080023, -29.8502928 ], [ -57.1083475, -29.8495609 ], [ -57.1081674, -29.8485819 ], [ -57.1085179, -29.8479198 ], [ -57.1089163, -29.8479143 ], [ -57.1105379, -29.8488846 ], [ -57.1117984, -29.8491997 ], [ -57.1122454, -29.849086 ], [ -57.1141984, -29.8476062 ], [ -57.1151523, -29.8477994 ], [ -57.1161238, -29.8476581 ], [ -57.1167397, -29.8480962 ], [ -57.1170396, -29.848815 ], [ -57.118732, -29.8504661 ], [ -57.1204924, -29.8507093 ], [ -57.1207956, -29.8515388 ], [ -57.1206664, -29.8522503 ], [ -57.1209357, -29.8525124 ], [ -57.1221491, -29.8524423 ], [ -57.1238142, -29.8506974 ], [ -57.1246214, -29.8501093 ], [ -57.1253106, -29.8498202 ], [ -57.1263038, -29.8504965 ], [ -57.1270955, -29.8506557 ], [ -57.1276605, -29.850937799999986 ], [ -57.1280751, -29.8513599 ], [ -57.1296847, -29.8516024 ], [ -57.1309496, -29.8501628 ], [ -57.1318155, -29.8496153 ], [ -57.1322747, -29.849609 ], [ -57.1330769, -29.8487989 ], [ -57.1334102, -29.8477674 ], [ -57.1332047, -29.8458123 ], [ -57.133865, -29.8454335 ], [ -57.1343795, -29.8445299 ], [ -57.1349768, -29.8439418 ], [ -57.1343122, -29.8432234 ] ] ] } },
{ "type": "Feature", "properties": { "wts_pk": 133642, "codigo_otto": "82532", "nivel_otto_declarado": 5, "area_m2_bho": 60.873024915822995, "nivel_otto": 5 }, "geometry": { "type": "Polygon", "coordinates": [ [ [ -57.0228694, -29.8378136 ], [ -57.0232189, -29.8384862 ], [ -57.0237986, -29.8389229 ], [ -57.0239511, -29.8392522 ], [ -57.0239008, -29.8398809 ], [ -57.0234224, -29.8406429 ], [ -57.0234912, -29.8416322 ], [ -57.0238561, -29.84194 ], [ -57.025628, -29.842541 ], [ -57.0269478, -29.8418213 ], [ -57.0270057, -29.8412918 ], [ -57.0268458, -29.8406967 ], [ -57.0270671, -29.8399806 ], [ -57.0272943, -29.8398118 ], [ -57.0276977, -29.8398699 ], [ -57.0281563, -29.840272799999983 ], [ -57.0287609, -29.8402752 ], [ -57.0298319, -29.8392089 ], [ -57.030801, -29.8395683 ], [ -57.0310129, -29.8399563 ], [ -57.0316473, -29.8401137 ], [ -57.0322947, -29.8408743 ], [ -57.0324343, -29.8408671 ], [ -57.0343005, -29.8398781 ], [ -57.0349993, -29.8402583 ], [ -57.0354287, -29.8403133 ], [ -57.0359736, -29.8402618 ], [ -57.0367637, -29.8398089 ], [ -57.0377794, -29.8399157 ], [ -57.0386409, -29.8393666 ], [ -57.0392392, -29.8386521 ], [ -57.0397387, -29.8386078 ], [ -57.0401584, -29.8381225 ], [ -57.0411837, -29.8380965 ], [ -57.0412361, -29.8373741 ], [ -57.0421613, -29.8370319 ], [ -57.0436676, -29.836708399999985 ], [ -57.0458137, -29.8368982 ], [ -57.0463696, -29.8363633 ], [ -57.0470598, -29.8351644 ], [ -57.0481281, -29.8350409 ], [ -57.0481936, -29.8340778 ], [ -57.0488933, -29.8332349 ], [ -57.0481849, -29.8313594 ], [ -57.0486405, -29.8300819 ], [ -57.0487472, -29.8285264 ], [ -57.0490804, -29.8281888 ], [ -57.049654, -29.8279802 ], [ -57.0497686, -29.8277721 ], [ -57.0495201, -29.82528180000001 ], [ -57.04983, -29.823591399999987 ], [ -57.0501169, -29.8232138 ], [ -57.0507012, -29.8231543 ], [ -57.0513004, -29.8235565 ], [ -57.0517397, -29.8236111 ], [ -57.052935, -29.8230347 ], [ -57.0534415, -29.8225842 ], [ -57.0547608, -29.8224995 ], [ -57.0556026, -29.822272199999986 ], [ -57.057017, -29.8222631 ], [ -57.0573516, -29.8212895 ], [ -57.0580355, -29.8205231 ], [ -57.0583124, -29.819967 ], [ -57.0584961, -29.8185435 ], [ -57.0600354, -29.8179739 ], [ -57.0605267, -29.8174574 ], [ -57.0606957, -29.8168455 ], [ -57.0609986, -29.816516 ], [ -57.0622648, -29.8167011 ], [ -57.0636702, -29.8166817 ], [ -57.0643417, -29.8162329 ], [ -57.0652438, -29.8159251 ], [ -57.0670633, -29.8155926 ], [ -57.067695, -29.814859899999984 ], [ -57.0688887, -29.813872199999985 ], [ -57.0693584, -29.8132415 ], [ -57.0696647, -29.8131166 ], [ -57.0700726, -29.8130964 ], [ -57.0707037, -29.813802 ], [ -57.0713292, -29.813782 ], [ -57.0718504, -29.8143723 ], [ -57.0739333, -29.814164 ], [ -57.0741444, -29.81404160000001 ], [ -57.0743964, -29.813498700000011 ], [ -57.0752317, -29.8130757 ], [ -57.0757642, -29.8122974 ], [ -57.0761048, -29.8120567 ], [ -57.0784916, -29.8119358 ], [ -57.0793497, -29.8109614 ], [ -57.0818263, -29.8108231 ], [ -57.0825558, -29.8103152 ], [ -57.0827749, -29.8103777 ], [ -57.0828868, -29.8108026 ], [ -57.0834639, -29.8113839 ], [ -57.0839616, -29.8114297 ], [ -57.0840205, -29.812951799999986 ], [ -57.0849635, -29.8140197 ], [ -57.0851282, -29.814802 ], [ -57.0853561, -29.81499 ], [ -57.0862162, -29.8148497 ], [ -57.0870208, -29.8149989 ], [ -57.0880218, -29.8146837 ], [ -57.0883425, -29.8143374 ], [ -57.0885069, -29.8131761 ], [ -57.0887992, -29.8129098 ], [ -57.0896329, -29.8126904 ], [ -57.0900117, -29.8120578 ], [ -57.0920011, -29.8119505 ], [ -57.0931504, -29.8117042 ], [ -57.093861, -29.812057 ], [ -57.0943022, -29.8140673 ], [ -57.0948624, -29.8147168 ], [ -57.0953049, -29.8149758 ], [ -57.0957819, -29.8148854 ], [ -57.0986204, -29.815199 ], [ -57.0994446, -29.8148303 ], [ -57.100769, -29.8146522 ], [ -57.1015337, -29.813492 ], [ -57.1024131, -29.814120299999988 ], [ -57.1028377, -29.8141611 ], [ -57.1035501, -29.8132053 ], [ -57.1049105, -29.8129196 ], [ -57.105246, -29.8131733 ], [ -57.1055, -29.8138059 ], [ -57.1063478, -29.8140187 ], [ -57.107225, -29.8145422 ], [ -57.1081002, -29.8158134 ], [ -57.1087913, -29.815573799999985 ], [ -57.1092209, -29.8152215 ], [ -57.1094668, -29.8148533 ], [ -57.1095309, -29.8142057 ], [ -57.110867, -29.8147022 ], [ -57.1124535, -29.814318 ], [ -57.1130696, -29.8149623 ], [ -57.1143138, -29.8151043 ], [ -57.1149252, -29.8154617 ], [ -57.1153507, -29.8153184 ], [ -57.1163858, -29.8160321 ], [ -57.116523, -29.8173942 ], [ -57.1170372, -29.8182657 ], [ -57.1186074, -29.8195457 ], [ -57.1192378, -29.8204125 ], [ -57.1200203, -29.8207309 ], [ -57.1213107, -29.8219984 ], [ -57.1212736, -29.823576 ], [ -57.1221104, -29.8252449 ], [ -57.1226476, -29.8258227 ], [ -57.123184, -29.8261288 ], [ -57.1234857, -29.8261306 ], [ -57.124353, -29.8254262 ], [ -57.1248285, -29.8255179 ], [ -57.1253844, -29.825394 ], [ -57.1264408, -29.8255576 ], [ -57.1271328, -29.8251362 ], [ -57.1280498, -29.8248176 ], [ -57.1294893, -29.8247197 ], [ -57.1301983, -29.8245165 ], [ -57.1310711, -29.8246498 ], [ -57.1322214, -29.8242721 ], [ -57.1335758, -29.8241221 ], [ -57.1339024, -29.8237833 ], [ -57.1340664, -29.822623 ], [ -57.1343547, -29.822353 ], [ -57.1349325, -29.8221491 ], [ -57.1355246, -29.8213554 ], [ -57.1353825, -29.8203353 ], [ -57.1356403, -29.8198705 ], [ -57.136282, -29.8192857 ], [ -57.1374323, -29.8188183 ], [ -57.1377844, -29.8184434 ], [ -57.1386779, -29.81815180000001 ], [ -57.1386653, -29.8168304 ], [ -57.1383986, -29.8159164 ], [ -57.138454, -29.8152827 ], [ -57.1391825, -29.8149041 ], [ -57.1396657, -29.814455399999989 ], [ -57.1402085, -29.8131962 ], [ -57.1406915, -29.8129384 ], [ -57.1411251, -29.812912 ], [ -57.1427464, -29.8107914 ], [ -57.1429539, -29.8098443 ], [ -57.1441082, -29.8086209 ], [ -57.1446987, -29.807742 ], [ -57.1447961, -29.8054673 ], [ -57.144946, -29.8050847 ], [ -57.1465526, -29.8041408 ], [ -57.147187, -29.8034488 ], [ -57.1483249, -29.8038753 ], [ -57.1488176, -29.8038207 ], [ -57.1490721, -29.8029097 ], [ -57.1499353, -29.802227300000013 ], [ -57.1504511, -29.801231 ], [ -57.1510978, -29.800713 ], [ -57.1514622, -29.7997788 ], [ -57.1502022, -29.7993828 ], [ -57.1500083, -29.7982464 ], [ -57.1494749, -29.7972038 ], [ -57.1488242, -29.7968742 ], [ -57.1482039, -29.7962706 ], [ -57.1481239, -29.795022399999986 ], [ -57.1484062, -29.7941514 ], [ -57.1483196, -29.79344170000001 ], [ -57.1480365, -29.7931602 ], [ -57.1473373, -29.7928775 ], [ -57.1463593, -29.793284 ], [ -57.1460301, -29.7932684 ], [ -57.1452854, -29.7910119 ], [ -57.1449403, -29.7906872 ], [ -57.1443303, -29.7904326 ], [ -57.1443043, -29.7901795 ], [ -57.1445226, -29.7898785 ], [ -57.1455457, -29.7890364 ], [ -57.1458601, -29.7877391 ], [ -57.1455238, -29.7873532 ], [ -57.1443588, -29.7871694 ], [ -57.1434501, -29.7864814 ], [ -57.1432321, -29.7857716 ], [ -57.1433889, -29.7840763 ], [ -57.1428601, -29.783139 ], [ -57.1432617, -29.7817204 ], [ -57.1427197, -29.7809744 ], [ -57.1418557, -29.7806654 ], [ -57.1406743, -29.7810794 ], [ -57.139772, -29.7803548 ], [ -57.1380548, -29.7805216 ], [ -57.1372989, -29.7791122 ], [ -57.136049, -29.7788165 ], [ -57.1358122, -29.7770593 ], [ -57.1345817, -29.7746192 ], [ -57.13391, -29.772674 ], [ -57.1328682, -29.7711477 ], [ -57.1293549, -29.7726319 ], [ -57.1285771, -29.7732895 ], [ -57.1276783, -29.773735200000012 ], [ -57.1256679, -29.7751645 ], [ -57.1251765, -29.7756782 ], [ -57.1249389, -29.7766014 ], [ -57.1240097, -29.7771157 ], [ -57.1230734, -29.7779605 ], [ -57.1224093, -29.7781883 ], [ -57.1221096, -29.7784511 ], [ -57.1215937, -29.7792658 ], [ -57.1216069, -29.7797045 ], [ -57.1206724, -29.7808705 ], [ -57.1206146, -29.7803877 ], [ -57.1203107, -29.7800721 ], [ -57.1192419, -29.779832 ], [ -57.1183205, -29.780096900000011 ], [ -57.1177307, -29.7805093 ], [ -57.1169523, -29.7807569 ], [ -57.1164212, -29.7806729 ], [ -57.1159481, -29.7808032 ], [ -57.1143436, -29.7807971 ], [ -57.1135099, -29.78024610000001 ], [ -57.1135472, -29.7795465 ], [ -57.1130016, -29.7786841 ], [ -57.1123746, -29.7781167 ], [ -57.112041, -29.7780773 ], [ -57.1118594, -29.777815 ], [ -57.1114211, -29.777825 ], [ -57.1101451, -29.7783149 ], [ -57.1091404, -29.7784268 ], [ -57.1085958, -29.7786891 ], [ -57.1085355, -29.7788684 ], [ -57.1088917, -29.7793642 ], [ -57.108961, -29.7798187 ], [ -57.1088784, -29.7802449 ], [ -57.1086305, -29.7804787 ], [ -57.1077701, -29.7803341 ], [ -57.105478, -29.7803332 ], [ -57.1044178, -29.7808757 ], [ -57.1041903, -29.7806118 ], [ -57.1037134, -29.7805728 ], [ -57.1036036, -29.7803387 ], [ -57.102933, -29.78076170000001 ], [ -57.1027941, -29.7818476 ], [ -57.1024641, -29.7821841 ], [ -57.101867, -29.7822415 ], [ -57.1008129, -29.7820443 ], [ -57.0993126, -29.7829685 ], [ -57.0990229, -29.7835235 ], [ -57.0988945, -29.784331199999983 ], [ -57.0983224, -29.7851602 ], [ -57.0971741, -29.7856396 ], [ -57.096829, -29.7859543 ], [ -57.096782, -29.7864832 ], [ -57.0971924, -29.7870685 ], [ -57.0972255, -29.7874039 ], [ -57.0969139, -29.787725699999989 ], [ -57.0963034, -29.7879078 ], [ -57.096, -29.7881683 ], [ -57.095906, -29.7894852 ], [ -57.0945171, -29.7894852 ], [ -57.0943117, -29.789313 ], [ -57.0935989, -29.7891524 ], [ -57.0910195, -29.7876078 ], [ -57.0907084, -29.787696 ], [ -57.0897426, -29.7888123 ], [ -57.0888827, -29.788886500000011 ], [ -57.0882314, -29.7882969 ], [ -57.0879824, -29.7873786 ], [ -57.0863818, -29.7869227 ], [ -57.0856007, -29.7864679 ], [ -57.0845504, -29.7863844 ], [ -57.0838345, -29.786171 ], [ -57.082758, -29.7861494 ], [ -57.0822133, -29.786217 ], [ -57.0816226, -29.7866081 ], [ -57.0813484, -29.7866284 ], [ -57.0807701, -29.7860103 ], [ -57.0799888, -29.7860899 ], [ -57.0790664, -29.7857502 ], [ -57.0786836, -29.7853185 ], [ -57.0786836, -29.7850408 ], [ -57.0779868, -29.7848947 ], [ -57.0772263, -29.7839752 ], [ -57.0765732, -29.7834456 ], [ -57.0752629, -29.7838915 ], [ -57.0733129, -29.7834055 ], [ -57.0722947, -29.7836519 ], [ -57.0720851, -29.7831952 ], [ -57.0719569, -29.7821318 ], [ -57.0713396, -29.7812472 ], [ -57.069548, -29.7803843 ], [ -57.0686025, -29.7810363 ], [ -57.0684265, -29.7810112 ], [ -57.0681955, -29.7807369 ], [ -57.0680425, -29.779939100000011 ], [ -57.0674116, -29.7793713 ], [ -57.0672946, -29.7789297 ], [ -57.0664476, -29.7791693 ], [ -57.0652725, -29.7792655 ], [ -57.0635666, -29.7797388 ], [ -57.0601798, -29.7793149 ], [ -57.0586835, -29.7811519 ], [ -57.057415, -29.7811705 ], [ -57.0563877, -29.7815822 ], [ -57.0557927, -29.7815189 ], [ -57.0549637, -29.7821473 ], [ -57.0544544, -29.780454 ], [ -57.0541278, -29.7801255 ], [ -57.0529635, -29.7801466 ], [ -57.0515418, -29.7805449 ], [ -57.0509205, -29.7805658 ], [ -57.048903, -29.779788500000016 ], [ -57.0477055, -29.7796706 ], [ -57.0465679, -29.778989399999986 ], [ -57.0462216, -29.7790511 ], [ -57.0457553, -29.7795042 ], [ -57.0449877, -29.7812796 ], [ -57.0444611, -29.7816015 ], [ -57.0424026, -29.781069 ], [ -57.0417389, -29.7803187 ], [ -57.0415229, -29.7803466 ], [ -57.0408356, -29.7813744 ], [ -57.0391049, -29.7828667 ], [ -57.0388588, -29.7835008 ], [ -57.037519, -29.7834445 ], [ -57.0371853, -29.784118599999989 ], [ -57.0366662, -29.7847053 ], [ -57.0355264, -29.7853117 ], [ -57.0352875, -29.7865589 ], [ -57.0349825, -29.7869144 ], [ -57.0342266, -29.7872335 ], [ -57.0321305, -29.7872756 ], [ -57.0316191, -29.7875251 ], [ -57.0314578, -29.7881319 ], [ -57.031711, -29.7889694 ], [ -57.0317338, -29.7899249 ], [ -57.031374, -29.7907414 ], [ -57.0300737, -29.79036120000001 ], [ -57.0287768, -29.7909484 ], [ -57.0281896, -29.7915728 ], [ -57.0283862, -29.792727799999987 ], [ -57.0280926, -29.7932481 ], [ -57.0270989, -29.7935979 ], [ -57.0258253, -29.7937068 ], [ -57.0252324, -29.7939686 ], [ -57.0243542, -29.7946667 ], [ -57.0239611, -29.7947632 ], [ -57.0236171, -29.7952279 ], [ -57.0229718, -29.7956959 ], [ -57.0229287, -29.796011399999987 ], [ -57.0232919, -29.7965966 ], [ -57.0229275, -29.7974162 ], [ -57.0227611, -29.7984818 ], [ -57.0212324, -29.7987849 ], [ -57.0209681, -29.799084 ], [ -57.0208379, -29.799891700000011 ], [ -57.020562, -29.8001964 ], [ -57.020045, -29.8001206 ], [ -57.0184374, -29.8003579 ], [ -57.017646, -29.800812 ], [ -57.01643, -29.801127 ], [ -57.0155951, -29.8011531 ], [ -57.0149732, -29.8008811 ], [ -57.0145774, -29.8001112 ], [ -57.013991, -29.8000711 ], [ -57.0130515, -29.8003109 ], [ -57.0113746, -29.8002704 ], [ -57.0102707, -29.7997422 ], [ -57.0093596, -29.7989988 ], [ -57.0085633, -29.7991763 ], [ -57.0067541, -29.7992486 ], [ -57.0062132, -29.7994212 ], [ -57.0047944, -29.7992077 ], [ -57.0045927, -29.7993828 ], [ -57.0026131, -29.7998882 ], [ -57.0021146, -29.8003964 ], [ -57.0016523, -29.8015468 ], [ -57.0004999, -29.8018264 ], [ -56.9999863, -29.8029362 ], [ -56.9993101, -29.8035301 ], [ -56.9991493, -29.8045946 ], [ -56.9982468, -29.8051449 ], [ -56.9979588, -29.805646 ], [ -56.9986397, -29.8069849 ], [ -56.9981363, -29.8078726 ], [ -56.9994021, -29.8087456 ], [ -56.999745, -29.8093543 ], [ -56.999773, -29.809991099999984 ], [ -56.9995158, -29.8108282 ], [ -56.9996, -29.8116357 ], [ -56.9999682, -29.8119429 ], [ -57.0011833, -29.8122633 ], [ -57.0015273, -29.8131447 ], [ -57.0019048, -29.8134805 ], [ -57.0020157, -29.813797299999987 ], [ -57.0018916, -29.8144484 ], [ -57.000727, -29.815397 ], [ -57.0005329, -29.8166327 ], [ -56.9996995, -29.8182068 ], [ -56.9990297, -29.8188081 ], [ -56.9986032, -29.8204379 ], [ -56.9978459, -29.8205699 ], [ -56.9979039, -29.8212816 ], [ -56.9984857, -29.8221206 ], [ -56.9991095, -29.8223656 ], [ -56.9995308, -29.8229493 ], [ -57.0000726, -29.8233349 ], [ -57.0000274, -29.8238095 ], [ -56.9995402, -29.8243534 ], [ -56.9995272, -29.8251191 ], [ -56.9997945, -29.8258744 ], [ -57.00009, -29.8259354 ], [ -57.0002753, -29.8261712 ], [ -57.0004184, -29.8271101 ], [ -57.0008344, -29.827698599999984 ], [ -57.0009746, -29.8284979 ], [ -57.0014052, -29.829361 ], [ -57.0014262, -29.830272 ], [ -57.000971, -29.8309508 ], [ -57.0016651, -29.8318636 ], [ -57.0018706, -29.8330639 ], [ -57.0021302, -29.8332609 ], [ -57.0027395, -29.833205500000012 ], [ -57.0032784, -29.8338057 ], [ -57.0038661, -29.834103 ], [ -57.0040678, -29.8352345 ], [ -57.0046887, -29.8359582 ], [ -57.0051642, -29.8371924 ], [ -57.0059282, -29.838055 ], [ -57.0070512, -29.8378932 ], [ -57.0080492, -29.8383201 ], [ -57.009133, -29.838378 ], [ -57.0107062, -29.8379964 ], [ -57.0109057, -29.8378188 ], [ -57.0126634, -29.8378148 ], [ -57.0132147, -29.8378756 ], [ -57.0142422, -29.8383279 ], [ -57.0149125, -29.8382247 ], [ -57.0158836, -29.8383348 ], [ -57.0161265, -29.8381383 ], [ -57.0162881, -29.8371628 ], [ -57.0168811, -29.8368467 ], [ -57.0168336, -29.83631 ], [ -57.0170168, -29.8358744 ], [ -57.017815, -29.8353675 ], [ -57.0188012, -29.8360549 ], [ -57.0194638, -29.8362857 ], [ -57.0212911, -29.837733799999988 ], [ -57.0228694, -29.8378136 ] ] ] } },
{ "type": "Feature", "properties": { "wts_pk": 133646, "codigo_otto": "82536", "nivel_otto_declarado": 5, "area_m2_bho": 62.454186676973137, "nivel_otto": 5 }, "geometry": { "type": "Polygon", "coordinates": [ [ [ -56.9665735, -29.8321692 ], [ -56.9694002, -29.8327092 ], [ -56.9705104, -29.832175 ], [ -56.9712967, -29.831518 ], [ -56.9721184, -29.8310938 ], [ -56.9722588, -29.8305426 ], [ -56.971808, -29.8291443 ], [ -56.972713, -29.8282037 ], [ -56.973282, -29.8281225 ], [ -56.9738519, -29.8282646 ], [ -56.9745049, -29.8280635 ], [ -56.9746937, -29.8279231 ], [ -56.9750107, -29.8270601 ], [ -56.9768189, -29.8269258 ], [ -56.9780017, -29.8261206 ], [ -56.9780669, -29.8257366 ], [ -56.9777701, -29.8251999 ], [ -56.9773774, -29.8248742 ], [ -56.9773504, -29.82435509999998 ], [ -56.9783206, -29.823494299999989 ], [ -56.9788136, -29.8226444 ], [ -56.9794182, -29.8221856 ], [ -56.9797479, -29.821431899999986 ], [ -56.980958, -29.8224071 ], [ -56.9818187, -29.8226003 ], [ -56.9822283, -29.822872399999987 ], [ -56.9827489, -29.8234628 ], [ -56.9829525, -29.8241387 ], [ -56.983223, -29.8243702 ], [ -56.9836207, -29.8240225 ], [ -56.9843915, -29.823835 ], [ -56.9852376, -29.8231764 ], [ -56.9862908, -29.823373 ], [ -56.9873586, -29.823309 ], [ -56.9877304, -29.8224933 ], [ -56.9877004, -29.8220338 ], [ -56.987959, -29.821719 ], [ -56.9883611, -29.8214998 ], [ -56.9894014, -29.8216193 ], [ -56.9899317, -29.8209812 ], [ -56.9905858, -29.8206019 ], [ -56.9935579, -29.8206178 ], [ -56.994971, -29.8210533 ], [ -56.9952631, -29.8207831 ], [ -56.9950895, -29.8200378 ], [ -56.9954581, -29.8202883 ], [ -56.9968513, -29.8203398 ], [ -56.9972463, -29.820585 ], [ -56.9985607, -29.8204887 ], [ -56.9990297, -29.8188081 ], [ -56.9996995, -29.8182068 ], [ -57.0005329, -29.8166327 ], [ -57.000727, -29.815397 ], [ -57.0018916, -29.8144484 ], [ -57.0020225, -29.813889100000011 ], [ -57.0011833, -29.8122633 ], [ -56.9999682, -29.8119429 ], [ -56.9996, -29.8116357 ], [ -56.9995158, -29.8108282 ], [ -56.999773, -29.809991099999984 ], [ -56.999745, -29.8093543 ], [ -56.9994021, -29.8087456 ], [ -56.9981363, -29.8078726 ], [ -56.9986397, -29.8069849 ], [ -56.9979449, -29.8057033 ], [ -56.9982468, -29.8051449 ], [ -56.9991493, -29.8045946 ], [ -56.9993101, -29.8035301 ], [ -56.9999863, -29.8029362 ], [ -57.0004481, -29.801878 ], [ -57.0016523, -29.8015468 ], [ -57.0021146, -29.8003964 ], [ -57.0026792, -29.799848 ], [ -57.0045927, -29.7993828 ], [ -57.0047944, -29.7992077 ], [ -57.0062132, -29.7994212 ], [ -57.0067541, -29.7992486 ], [ -57.0085633, -29.7991763 ], [ -57.0092875, -29.7989897 ], [ -57.0102707, -29.7997422 ], [ -57.0114738, -29.8002915 ], [ -57.0130515, -29.8003109 ], [ -57.013991, -29.8000711 ], [ -57.0145774, -29.8001112 ], [ -57.0151228, -29.8010246 ], [ -57.0158361, -29.8011618 ], [ -57.017646, -29.800812 ], [ -57.0184374, -29.8003579 ], [ -57.020045, -29.8001206 ], [ -57.020562, -29.8001964 ], [ -57.0208379, -29.799891700000011 ], [ -57.0209681, -29.799084 ], [ -57.0212324, -29.7987849 ], [ -57.0227611, -29.7984818 ], [ -57.0229275, -29.7974162 ], [ -57.0232919, -29.7965966 ], [ -57.0229287, -29.796011399999987 ], [ -57.0229718, -29.7956959 ], [ -57.0236171, -29.7952279 ], [ -57.0239611, -29.7947632 ], [ -57.0243542, -29.7946667 ], [ -57.0252324, -29.7939686 ], [ -57.0258253, -29.7937068 ], [ -57.0270989, -29.7935979 ], [ -57.0280926, -29.7932481 ], [ -57.0283862, -29.792727799999987 ], [ -57.0281896, -29.7915728 ], [ -57.0287768, -29.7909484 ], [ -57.0300737, -29.79036120000001 ], [ -57.031374, -29.7907414 ], [ -57.0317338, -29.7899249 ], [ -57.031711, -29.7889694 ], [ -57.0314578, -29.7881319 ], [ -57.0316191, -29.7875251 ], [ -57.0321305, -29.7872756 ], [ -57.0342266, -29.7872335 ], [ -57.0349825, -29.7869144 ], [ -57.0352875, -29.7865589 ], [ -57.0355264, -29.7853117 ], [ -57.0366662, -29.7847053 ], [ -57.0371853, -29.784118599999989 ], [ -57.037519, -29.7834445 ], [ -57.0388588, -29.7835008 ], [ -57.0391049, -29.7828667 ], [ -57.0408356, -29.7813744 ], [ -57.0415229, -29.7803466 ], [ -57.0417389, -29.7803187 ], [ -57.0424026, -29.781069 ], [ -57.0444611, -29.7816015 ], [ -57.0449877, -29.7812796 ], [ -57.0457553, -29.7795042 ], [ -57.0462216, -29.7790511 ], [ -57.0465679, -29.778989399999986 ], [ -57.0477055, -29.7796706 ], [ -57.048903, -29.779788500000016 ], [ -57.0509205, -29.7805658 ], [ -57.0515418, -29.7805449 ], [ -57.0529635, -29.7801466 ], [ -57.0541278, -29.7801255 ], [ -57.0544544, -29.780454 ], [ -57.0549637, -29.7821473 ], [ -57.0557927, -29.7815189 ], [ -57.0563877, -29.7815822 ], [ -57.057415, -29.7811705 ], [ -57.0586835, -29.7811519 ], [ -57.0601798, -29.7793149 ], [ -57.0635666, -29.7797388 ], [ -57.0652725, -29.7792655 ], [ -57.0664476, -29.7791693 ], [ -57.0672946, -29.7789297 ], [ -57.0673972, -29.7785722 ], [ -57.0680857, -29.777959899999988 ], [ -57.0683882, -29.7771674 ], [ -57.0683225, -29.7768736 ], [ -57.0679332, -29.7765518 ], [ -57.0676017, -29.775916899999988 ], [ -57.0676239, -29.7752916 ], [ -57.0680742, -29.7747934 ], [ -57.0681303, -29.7741541 ], [ -57.0680283, -29.7737321 ], [ -57.067416, -29.772875300000013 ], [ -57.0692859, -29.7707258 ], [ -57.070504, -29.7700098 ], [ -57.0708436, -29.7693525 ], [ -57.0705758, -29.7683289 ], [ -57.0701497, -29.7679408 ], [ -57.0698225, -29.767306299999984 ], [ -57.0698215, -29.7666636 ], [ -57.0701593, -29.7659434 ], [ -57.0710051, -29.7651409 ], [ -57.0716229, -29.7652031 ], [ -57.0727318, -29.7649538 ], [ -57.0730248, -29.7646847 ], [ -57.0733381, -29.7639951 ], [ -57.0747946, -29.7639296 ], [ -57.074987, -29.7633988 ], [ -57.0748896, -29.7626956 ], [ -57.0757799, -29.7624359 ], [ -57.0765253, -29.7618367 ], [ -57.0769482, -29.7621888 ], [ -57.077636, -29.7624315 ], [ -57.0783046, -29.7621945 ], [ -57.0790996, -29.7613919 ], [ -57.0794272, -29.7606498 ], [ -57.0799575, -29.7603959 ], [ -57.0805944, -29.7605282 ], [ -57.0809155, -29.7604159 ], [ -57.0813245, -29.7595254 ], [ -57.082456, -29.7583159 ], [ -57.0822189, -29.7576186 ], [ -57.0813365, -29.7566417 ], [ -57.080932, -29.7559324 ], [ -57.0809689, -29.755466 ], [ -57.0814206, -29.7548032 ], [ -57.0816226, -29.7536997 ], [ -57.081229, -29.7534223 ], [ -57.0805913, -29.7533249 ], [ -57.0802062, -29.7530741 ], [ -57.0798732, -29.7524691 ], [ -57.0798601, -29.7521238 ], [ -57.080429, -29.7513106 ], [ -57.081115, -29.7507277 ], [ -57.0815328, -29.7493566 ], [ -57.0819502, -29.7487759 ], [ -57.0822946, -29.7475407 ], [ -57.0831184, -29.7477875 ], [ -57.0835806, -29.7477405 ], [ -57.0846976, -29.7471868 ], [ -57.0855399, -29.7463502 ], [ -57.0855912, -29.7455585 ], [ -57.0851365, -29.7448872 ], [ -57.0851103, -29.7444264 ], [ -57.0858179, -29.743770899999983 ], [ -57.086918, -29.7421848 ], [ -57.0872946, -29.7400407 ], [ -57.0868532, -29.7399836 ], [ -57.0855058, -29.7392453 ], [ -57.0851787, -29.7392022 ], [ -57.0845168, -29.7392074 ], [ -57.0833885, -29.7397311 ], [ -57.0820129, -29.73954 ], [ -57.0812548, -29.7399854 ], [ -57.0808332, -29.7399731 ], [ -57.080661, -29.7397296 ], [ -57.0805297, -29.7387289 ], [ -57.0800362, -29.7382118 ], [ -57.0795293, -29.7381174 ], [ -57.0784056, -29.7383741 ], [ -57.0782491, -29.7379453 ], [ -57.0750496, -29.7354739 ], [ -57.0745855, -29.7354717 ], [ -57.0721834, -29.7344414 ], [ -57.0714209, -29.7334985 ], [ -57.0707994, -29.7331798 ], [ -57.0691799, -29.7330175 ], [ -57.0687102, -29.732057299999987 ], [ -57.0684869, -29.7321346 ], [ -57.0676836, -29.7331732 ], [ -57.0676905, -29.7339092 ], [ -57.0665324, -29.7348177 ], [ -57.0659055, -29.7358741 ], [ -57.0653701, -29.7359198 ], [ -57.0652678, -29.7366942 ], [ -57.0650722, -29.7367074 ], [ -57.0643394, -29.7357939 ], [ -57.0641833, -29.7349036 ], [ -57.06375, -29.7342687 ], [ -57.0621869, -29.734288 ], [ -57.0614085, -29.7349156 ], [ -57.0610647, -29.735024 ], [ -57.0605479, -29.7349966 ], [ -57.0599607, -29.7347275 ], [ -57.0587156, -29.733804 ], [ -57.0584189, -29.7332798 ], [ -57.0587674, -29.732149199999984 ], [ -57.0597356, -29.7309984 ], [ -57.0597022, -29.7292835 ], [ -57.0594091, -29.7290159 ], [ -57.0582539, -29.7285521 ], [ -57.0577564, -29.7276147 ], [ -57.0572435, -29.7271181 ], [ -57.0561783, -29.7268039 ], [ -57.0555348, -29.7256698 ], [ -57.0550267, -29.7251693 ], [ -57.0533941, -29.7245868 ], [ -57.0531651, -29.7242572 ], [ -57.0530412, -29.7232639 ], [ -57.0520606, -29.7222668 ], [ -57.0519193, -29.7227224 ], [ -57.0516324, -29.7230198 ], [ -57.0504454, -29.7230889 ], [ -57.0494212, -29.7229105 ], [ -57.0489026, -29.7235072 ], [ -57.0479763, -29.7237512 ], [ -57.0472567, -29.7244427 ], [ -57.0455092, -29.7246894 ], [ -57.0441993, -29.723991 ], [ -57.0432024, -29.724985 ], [ -57.0415788, -29.7248753 ], [ -57.0410816, -29.7257325 ], [ -57.0406232, -29.726133 ], [ -57.0407925, -29.7271394 ], [ -57.0396651, -29.7276557 ], [ -57.0394053, -29.7282877 ], [ -57.0384245, -29.7292963 ], [ -57.0382036, -29.7293602 ], [ -57.0376858, -29.7290422 ], [ -57.0371229, -29.7292714 ], [ -57.0364181, -29.7301365 ], [ -57.0354438, -29.7303931 ], [ -57.0348276, -29.7307154 ], [ -57.0345817, -29.7310269 ], [ -57.03445, -29.7318318 ], [ -57.0341415, -29.7321862 ], [ -57.030951, -29.7335029 ], [ -57.0294245, -29.735431099999985 ], [ -57.0285047, -29.7357677 ], [ -57.0272554, -29.7379732 ], [ -57.0266294, -29.7382878 ], [ -57.0257423, -29.7384651 ], [ -57.0251605, -29.7389998 ], [ -57.0245522, -29.7399935 ], [ -57.0242382, -29.7411357 ], [ -57.0242844, -29.7418001 ], [ -57.0247643, -29.7425315 ], [ -57.0253574, -29.7427704 ], [ -57.0261129, -29.7427172 ], [ -57.0259483, -29.7437032 ], [ -57.0264552, -29.7448214 ], [ -57.0253464, -29.7447806 ], [ -57.0249221, -29.7450632 ], [ -57.0247329, -29.7462817 ], [ -57.0244651, -29.746852499999985 ], [ -57.0241248, -29.7471745 ], [ -57.0235198, -29.7473581 ], [ -57.0227282, -29.7478947 ], [ -57.0227989, -29.7495223 ], [ -57.0214147, -29.751033699999986 ], [ -57.0208116, -29.751163899999987 ], [ -57.0199992, -29.7511052 ], [ -57.0196137, -29.7508021 ], [ -57.0193407, -29.7503102 ], [ -57.0189466, -29.7500644 ], [ -57.0179597, -29.7500559 ], [ -57.0172942, -29.7503187 ], [ -57.017032, -29.7512964 ], [ -57.017182, -29.7521547 ], [ -57.016578, -29.7529279 ], [ -57.0166248, -29.7532624 ], [ -57.0162302, -29.754158599999986 ], [ -57.016129, -29.7553573 ], [ -57.015202, -29.7561848 ], [ -57.0145663, -29.757192699999983 ], [ -57.0153498, -29.7586521 ], [ -57.0145934, -29.7589843 ], [ -57.0135812, -29.7602174 ], [ -57.0127372, -29.7601199 ], [ -57.0118519, -29.7606081 ], [ -57.0115615, -29.7609522 ], [ -57.0110983, -29.7621035 ], [ -57.0099285, -29.7626473 ], [ -57.0096955, -29.7635752 ], [ -57.008937, -29.7641866 ], [ -57.0074073, -29.7641269 ], [ -57.0061091, -29.7623049 ], [ -57.0054382, -29.7620028 ], [ -57.0051199, -29.7620961 ], [ -57.0048523, -29.7623948 ], [ -57.0044733, -29.7642031 ], [ -57.0027118, -29.7625036 ], [ -57.0022995, -29.7615969 ], [ -57.0017386, -29.7611521 ], [ -57.0014782, -29.7611384 ], [ -57.0014435, -29.7608881 ], [ -57.0011831, -29.7608744 ], [ -57.0011487, -29.7617438 ], [ -57.0008631, -29.7626014 ], [ -57.0000945, -29.763949899999986 ], [ -57.000168, -29.764403 ], [ -57.0008426, -29.7652467 ], [ -57.0006528, -29.7661075 ], [ -57.000776, -29.7669295 ], [ -56.9997392, -29.7679591 ], [ -56.9986809, -29.768279899999989 ], [ -56.9975239, -29.7696326 ], [ -56.9956762, -29.7701722 ], [ -56.9949972, -29.7710935 ], [ -56.9938406, -29.7718991 ], [ -56.9932019, -29.7719742 ], [ -56.9921374, -29.7718222 ], [ -56.9920773, -29.772112099999983 ], [ -56.9925254, -29.7730441 ], [ -56.9928498, -29.7747633 ], [ -56.9921028, -29.7747905 ], [ -56.9915756, -29.7753142 ], [ -56.9912669, -29.7752835 ], [ -56.9911353, -29.775042 ], [ -56.9907299, -29.7761013 ], [ -56.9882419, -29.7770762 ], [ -56.9871043, -29.7780474 ], [ -56.9862284, -29.7783092 ], [ -56.985488, -29.778120200000011 ], [ -56.9842651, -29.778125799999984 ], [ -56.9827734, -29.7787172 ], [ -56.9817011, -29.7804744 ], [ -56.9811953, -29.7807768 ], [ -56.9809053, -29.7811522 ], [ -56.9797941, -29.781152199999987 ], [ -56.9788827, -29.7826645 ], [ -56.9772452, -29.784082 ], [ -56.9762942, -29.7844053 ], [ -56.9755124, -29.784285 ], [ -56.9751833, -29.784494299999988 ], [ -56.9748609, -29.7849122 ], [ -56.9746541, -29.7858369 ], [ -56.9735821, -29.786491199999986 ], [ -56.9734228, -29.7867572 ], [ -56.9734516, -29.7873874 ], [ -56.9737608, -29.7879445 ], [ -56.9741467, -29.788255 ], [ -56.9741223, -29.7886274 ], [ -56.973683, -29.7892078 ], [ -56.9729443, -29.7895624 ], [ -56.9724968, -29.7905091 ], [ -56.971183, -29.7903189 ], [ -56.9707857, -29.7906554 ], [ -56.9701543, -29.7913166 ], [ -56.9699685, -29.7924594 ], [ -56.9690421, -29.7935419 ], [ -56.9689919, -29.7953662 ], [ -56.9696786, -29.7962659 ], [ -56.9697942, -29.7967078 ], [ -56.969097, -29.7969973 ], [ -56.9677331, -29.7983555 ], [ -56.9666215, -29.799115300000011 ], [ -56.9655499, -29.7992663 ], [ -56.9641428, -29.799819499999984 ], [ -56.9639107, -29.8009142 ], [ -56.9637225, -29.8011396 ], [ -56.9630118, -29.8014265 ], [ -56.9614608, -29.8014301 ], [ -56.9613449, -29.801873 ], [ -56.960685, -29.8026958 ], [ -56.9607543, -29.803915 ], [ -56.960175, -29.8045604 ], [ -56.9597941, -29.805319 ], [ -56.9589672, -29.805387 ], [ -56.9592225, -29.8056661 ], [ -56.9592386, -29.8061523 ], [ -56.9581648, -29.8065522 ], [ -56.9568814, -29.8079901 ], [ -56.9549329, -29.8082065 ], [ -56.9539073, -29.809073 ], [ -56.9531796, -29.8093417 ], [ -56.9522392, -29.810183 ], [ -56.9515152, -29.8104546 ], [ -56.9505751, -29.8115739 ], [ -56.949384, -29.811822899999989 ], [ -56.9484442, -29.814163 ], [ -56.9483454, -29.8160054 ], [ -56.9476514, -29.8171288 ], [ -56.9477191, -29.8177645 ], [ -56.9472941, -29.8183746 ], [ -56.9462663, -29.8188918 ], [ -56.9454429, -29.8191492 ], [ -56.9450955, -29.8190819 ], [ -56.9448578, -29.818805 ], [ -56.9448608, -29.8185273 ], [ -56.9455764, -29.8173189 ], [ -56.9455326, -29.8170467 ], [ -56.9452645, -29.8168184 ], [ -56.9448988, -29.8171843 ], [ -56.9434052, -29.8178191 ], [ -56.9421096, -29.818729 ], [ -56.9417981, -29.819968 ], [ -56.9420047, -29.8210126 ], [ -56.9417365, -29.8222465 ], [ -56.9425243, -29.8223011 ], [ -56.9425902, -29.8230031 ], [ -56.9428354, -29.8232374 ], [ -56.9425748, -29.8239736 ], [ -56.9426321, -29.825168599999987 ], [ -56.9439839, -29.8271527 ], [ -56.9452431, -29.8281811 ], [ -56.9454914, -29.8288914 ], [ -56.9463747, -29.8293775 ], [ -56.9464728, -29.8310909 ], [ -56.9467147, -29.8311972 ], [ -56.9467935, -29.8315578 ], [ -56.9472353, -29.831824 ], [ -56.9478498, -29.834208 ], [ -56.948243, -29.8343043 ], [ -56.9490578, -29.8349647 ], [ -56.9497112, -29.8352627 ], [ -56.950514, -29.8354089 ], [ -56.9527692, -29.83637520000001 ], [ -56.9549099, -29.836592099999983 ], [ -56.9552738, -29.8360185 ], [ -56.9552307, -29.83542 ], [ -56.9557729, -29.835475899999985 ], [ -56.9572665, -29.8352853 ], [ -56.9578656, -29.834761 ], [ -56.9583205, -29.8351754 ], [ -56.9587187, -29.8367869 ], [ -56.9590229, -29.8371488 ], [ -56.959715, -29.8367807 ], [ -56.9616239, -29.8364567 ], [ -56.9624166, -29.836862 ], [ -56.962969, -29.8367344 ], [ -56.9635739, -29.8367852 ], [ -56.9641215, -29.8370717 ], [ -56.9647943, -29.837819 ], [ -56.9650721, -29.837819 ], [ -56.9652185, -29.8374267 ], [ -56.965122, -29.8366441 ], [ -56.9655083, -29.8357764 ], [ -56.9648508, -29.8351804 ], [ -56.9645801, -29.8343449 ], [ -56.9654442, -29.832894599999989 ], [ -56.9661832, -29.8319857 ], [ -56.9665735, -29.8321692 ] ] ] } },
{ "type": "Feature", "properties": { "wts_pk": 133636, "codigo_otto": "82525", "nivel_otto_declarado": 5, "area_m2_bho": 24.715993419697899, "nivel_otto": 5 }, "geometry": { "type": "Polygon", "coordinates": [ [ [ -57.1109027, -29.8823269 ], [ -57.1106602, -29.8826776 ], [ -57.1108842, -29.8829411 ], [ -57.1108885, -29.8832515 ], [ -57.1103484, -29.8839197 ], [ -57.1106184, -29.8840396 ], [ -57.1106551, -29.8847074 ], [ -57.1111102, -29.8847922 ], [ -57.1111843, -29.8850407 ], [ -57.1122471, -29.8855349 ], [ -57.1130928, -29.885334 ], [ -57.1152169, -29.885348 ], [ -57.1159573, -29.8857986 ], [ -57.1175056, -29.8854361 ], [ -57.119375, -29.8877117 ], [ -57.1214488, -29.887851 ], [ -57.1222004, -29.8881714 ], [ -57.1235553, -29.889805 ], [ -57.1236844, -29.8905963 ], [ -57.1246971, -29.8909518 ], [ -57.1262882, -29.8919031 ], [ -57.1272955, -29.8922629 ], [ -57.1277482, -29.893058 ], [ -57.1282789, -29.8932721 ], [ -57.1308929, -29.8929656 ], [ -57.1321946, -29.8942866 ], [ -57.1324296, -29.8955635 ], [ -57.1341798, -29.8974114 ], [ -57.1342346, -29.8991622 ], [ -57.1340699, -29.8999352 ], [ -57.1342983, -29.901 ], [ -57.1348571, -29.901658 ], [ -57.1353112, -29.9019406 ], [ -57.1362014, -29.9019888 ], [ -57.1371341, -29.9009431 ], [ -57.1380246, -29.9009384 ], [ -57.1386012, -29.9013124 ], [ -57.1387549, -29.9021053 ], [ -57.1390342, -29.9024836 ], [ -57.1407328, -29.9038475 ], [ -57.1433273, -29.905429 ], [ -57.1436846, -29.905874 ], [ -57.1452163, -29.9058898 ], [ -57.1459068, -29.9064295 ], [ -57.1467236, -29.90528 ], [ -57.1467515, -29.9027713 ], [ -57.1469553, -29.9019831 ], [ -57.1467566, -29.9010136 ], [ -57.1470739, -29.899351299999989 ], [ -57.1474162, -29.8987469 ], [ -57.1485739, -29.8982839 ], [ -57.1488681, -29.8980164 ], [ -57.1491309, -29.897155899999987 ], [ -57.149024, -29.8961254 ], [ -57.149654, -29.895754 ], [ -57.149777, -29.8954137 ], [ -57.1493921, -29.894518 ], [ -57.1482073, -29.8937605 ], [ -57.1481393, -29.8932374 ], [ -57.1483349, -29.8924683 ], [ -57.1479119, -29.891779 ], [ -57.1479656, -29.8915261 ], [ -57.1486845, -29.8908739 ], [ -57.1487016, -29.8893465 ], [ -57.1489698, -29.8884151 ], [ -57.1489122, -29.8877821 ], [ -57.1487468, -29.8876137 ], [ -57.1479706, -29.8874446 ], [ -57.1477046, -29.8872071 ], [ -57.1478047, -29.8863711 ], [ -57.1474325, -29.8854278 ], [ -57.1463875, -29.8848916 ], [ -57.1460109, -29.8849319 ], [ -57.1455086, -29.8847255 ], [ -57.1451183, -29.884218 ], [ -57.1455907, -29.8825159 ], [ -57.1456467, -29.8815362 ], [ -57.1461208, -29.8813791 ], [ -57.1464544, -29.8810066 ], [ -57.1464569, -29.8802255 ], [ -57.1462036, -29.8799421 ], [ -57.146172, -29.8793421 ], [ -57.1459301, -29.8791094 ], [ -57.1459067, -29.8786517 ], [ -57.1467021, -29.8781411 ], [ -57.146735, -29.8772057 ], [ -57.1465042, -29.87609 ], [ -57.1472508, -29.8745447 ], [ -57.1470889, -29.8732425 ], [ -57.14773, -29.8721698 ], [ -57.1473642, -29.8717422 ], [ -57.1472282, -29.8707503 ], [ -57.1467758, -29.8698081 ], [ -57.146753, -29.8690638 ], [ -57.1470065, -29.8679535 ], [ -57.1462616, -29.866293099999989 ], [ -57.1463955, -29.8651875 ], [ -57.1454532, -29.8641272 ], [ -57.1452859, -29.862969099999983 ], [ -57.1444466, -29.861300499999988 ], [ -57.1434066, -29.8608739 ], [ -57.1434066, -29.859762799999988 ], [ -57.1426671, -29.859742 ], [ -57.1423777, -29.8596025 ], [ -57.1421955, -29.8581751 ], [ -57.1409588, -29.8567391 ], [ -57.140808, -29.8551185 ], [ -57.1396561, -29.8538932 ], [ -57.1393701, -29.8531396 ], [ -57.1387698, -29.8526498 ], [ -57.1386585, -29.8509195 ], [ -57.1383113, -29.8493805 ], [ -57.1372327, -29.8491297 ], [ -57.1370639, -29.848960699999989 ], [ -57.1370633, -29.848254 ], [ -57.1377431, -29.8468171 ], [ -57.1375384, -29.8453245 ], [ -57.1372954, -29.8447628 ], [ -57.1362883, -29.844729399999988 ], [ -57.1349768, -29.8439418 ], [ -57.1343795, -29.8445299 ], [ -57.133865, -29.8454335 ], [ -57.1332047, -29.8458123 ], [ -57.1333834, -29.846562 ], [ -57.1334059, -29.8478656 ], [ -57.1330384, -29.8488617 ], [ -57.1322747, -29.849609 ], [ -57.1318155, -29.8496153 ], [ -57.1309496, -29.8501628 ], [ -57.1297299, -29.8515908 ], [ -57.1280751, -29.8513599 ], [ -57.1275943, -29.850902 ], [ -57.1263038, -29.8504965 ], [ -57.1255811, -29.8498912 ], [ -57.1252378, -29.8498283 ], [ -57.1238142, -29.8506974 ], [ -57.1233568, -29.8512978 ], [ -57.1226546, -29.8517741 ], [ -57.1222056, -29.8523921 ], [ -57.1217554, -29.852546 ], [ -57.1207701, -29.8524388 ], [ -57.1206514, -29.8520959 ], [ -57.1207956, -29.8515388 ], [ -57.1205445, -29.8507612 ], [ -57.118732, -29.8504661 ], [ -57.1170396, -29.848815 ], [ -57.1167397, -29.8480962 ], [ -57.116183, -29.8476886 ], [ -57.1150365, -29.8477944 ], [ -57.1142728, -29.8476048 ], [ -57.1140015, -29.8476733 ], [ -57.1122454, -29.849086 ], [ -57.1117984, -29.8491997 ], [ -57.1105379, -29.8488846 ], [ -57.1089163, -29.8479143 ], [ -57.1085179, -29.8479198 ], [ -57.1081674, -29.8485819 ], [ -57.1083475, -29.8495609 ], [ -57.1080023, -29.8502928 ], [ -57.1072299, -29.8507637 ], [ -57.1068283, -29.8507659 ], [ -57.1067397, -29.8514296 ], [ -57.104989, -29.8520443 ], [ -57.1043905, -29.8524404 ], [ -57.1034555, -29.8526724 ], [ -57.1031948, -29.8529727 ], [ -57.1030288, -29.8538567 ], [ -57.1024505, -29.854201299999989 ], [ -57.1016688, -29.8541625 ], [ -57.0998313, -29.8534304 ], [ -57.0984063, -29.8542074 ], [ -57.0978021, -29.8529496 ], [ -57.0974123, -29.8525799 ], [ -57.0959853, -29.8520398 ], [ -57.0945447, -29.8519477 ], [ -57.0933244, -29.8516408 ], [ -57.0926851, -29.8512558 ], [ -57.0919012, -29.8512168 ], [ -57.0913126, -29.8515189 ], [ -57.0906259, -29.8528008 ], [ -57.0906397, -29.853072 ], [ -57.090895, -29.8531206 ], [ -57.0909062, -29.8533741 ], [ -57.0896251, -29.8532874 ], [ -57.0880217, -29.8520983 ], [ -57.0877453, -29.8527175 ], [ -57.0867574, -29.8539339 ], [ -57.0855784, -29.852947 ], [ -57.0846319, -29.8527102 ], [ -57.0840692, -29.8523367 ], [ -57.0838222, -29.8523946 ], [ -57.0838309, -29.852757 ], [ -57.0835698, -29.853009 ], [ -57.0828265, -29.8530924 ], [ -57.0815357, -29.8526043 ], [ -57.0805598, -29.8524728 ], [ -57.0798598, -29.852037 ], [ -57.0789365, -29.8519874 ], [ -57.0785479, -29.852091 ], [ -57.0780162, -29.852745 ], [ -57.0774153, -29.852994 ], [ -57.0763611, -29.8520604 ], [ -57.0758163, -29.8518002 ], [ -57.0743686, -29.851958 ], [ -57.0735058, -29.8515031 ], [ -57.0731987, -29.851574 ], [ -57.0725729, -29.8528677 ], [ -57.0733301, -29.8534343 ], [ -57.0734856, -29.8541447 ], [ -57.0742453, -29.8550613 ], [ -57.0731808, -29.8560219 ], [ -57.0731412, -29.8568515 ], [ -57.0733456, -29.8576151 ], [ -57.0730586, -29.858501 ], [ -57.0726102, -29.8591623 ], [ -57.0726054, -29.8603678 ], [ -57.0738262, -29.8618768 ], [ -57.0744206, -29.862148 ], [ -57.0742377, -29.862802 ], [ -57.0742507, -29.8638005 ], [ -57.0747043, -29.8643803 ], [ -57.0749007, -29.8652352 ], [ -57.0757268, -29.8666298 ], [ -57.0768839, -29.8676463 ], [ -57.0771209, -29.8682923 ], [ -57.0778867, -29.8690865 ], [ -57.07894, -29.869488199999989 ], [ -57.0791377, -29.869418899999989 ], [ -57.0793045, -29.8689791 ], [ -57.0795067, -29.868928 ], [ -57.0805225, -29.8689585 ], [ -57.0809167, -29.8694877 ], [ -57.0813108, -29.869218 ], [ -57.0818907, -29.8692205 ], [ -57.0824035, -29.86973 ], [ -57.0835702, -29.8701309 ], [ -57.0843559, -29.870783 ], [ -57.0868544, -29.8713241 ], [ -57.0877392, -29.8706379 ], [ -57.0887371, -29.8703281 ], [ -57.0896266, -29.8706369 ], [ -57.090743, -29.8713586 ], [ -57.0912764, -29.8713823 ], [ -57.0916795, -29.8710154 ], [ -57.0919126, -29.8700326 ], [ -57.0922105, -29.8698305 ], [ -57.0927674, -29.8697595 ], [ -57.0935125, -29.8702353 ], [ -57.094907, -29.870786099999989 ], [ -57.0957932, -29.8707092 ], [ -57.096299, -29.8709093 ], [ -57.0978691, -29.8719564 ], [ -57.0990784, -29.8721907 ], [ -57.0996954, -29.8715666 ], [ -57.1003369, -29.8724627 ], [ -57.1018614, -29.8732789 ], [ -57.1029402, -29.8734283 ], [ -57.1035559, -29.8737451 ], [ -57.1034976, -29.8751395 ], [ -57.1044117, -29.875678799999985 ], [ -57.1045873, -29.8768308 ], [ -57.1057974, -29.8784603 ], [ -57.1060098, -29.8791257 ], [ -57.1071987, -29.8798394 ], [ -57.1081909, -29.8816583 ], [ -57.1085988, -29.8819357 ], [ -57.1100542, -29.8820251 ], [ -57.1109027, -29.8823269 ] ] ] } },
{ "type": "Feature", "properties": { "wts_pk": 133627, "codigo_otto": "82515", "nivel_otto_declarado": 5, "area_m2_bho": 227.28232666074106, "nivel_otto": 5 }, "geometry": { "type": "Polygon", "coordinates": [ [ [ -57.2718772, -29.8656052 ], [ -57.2734987, -29.865921 ], [ -57.274123, -29.8662444 ], [ -57.2752136, -29.8681242 ], [ -57.2750734, -29.8686676 ], [ -57.275308, -29.8692208 ], [ -57.2754014, -29.8701858 ], [ -57.275705, -29.8707258 ], [ -57.2760858, -29.8708376 ], [ -57.2768496, -29.8706773 ], [ -57.2782753, -29.8709742 ], [ -57.2789632, -29.8725241 ], [ -57.2785948, -29.8738576 ], [ -57.2777559, -29.8752425 ], [ -57.2766671, -29.8763745 ], [ -57.2763451, -29.876598 ], [ -57.2759309, -29.8765828 ], [ -57.2753508, -29.8772791 ], [ -57.2760055, -29.8785738 ], [ -57.2766146, -29.8790293 ], [ -57.2769622, -29.8796245 ], [ -57.2772638, -29.880613199999988 ], [ -57.2770293, -29.8815714 ], [ -57.2771143, -29.882180599999987 ], [ -57.2785966, -29.883536 ], [ -57.2795979, -29.8858107 ], [ -57.2808645, -29.8871521 ], [ -57.2809075, -29.8875401 ], [ -57.2803959, -29.8880379 ], [ -57.2803169, -29.8891706 ], [ -57.2800989, -29.889864 ], [ -57.2805988, -29.8911125 ], [ -57.2806002, -29.8917513 ], [ -57.2802835, -29.8922062 ], [ -57.2793691, -29.892853 ], [ -57.2792826, -29.8931664 ], [ -57.2795792, -29.8937736 ], [ -57.2802256, -29.8942569 ], [ -57.2805541, -29.8947387 ], [ -57.2813917, -29.895196599999984 ], [ -57.281466, -29.8971378 ], [ -57.2816351, -29.8975505 ], [ -57.2826972, -29.8979402 ], [ -57.282956, -29.8985692 ], [ -57.2835244, -29.8991156 ], [ -57.2843985, -29.8993072 ], [ -57.2851499, -29.8999152 ], [ -57.2855634, -29.8998888 ], [ -57.2863606, -29.9001908 ], [ -57.2871563, -29.8997181 ], [ -57.2876331, -29.89823470000001 ], [ -57.2879172, -29.8978692 ], [ -57.2898244, -29.8970153 ], [ -57.2908752, -29.8970146 ], [ -57.2934936, -29.8975337 ], [ -57.2940192, -29.8974665 ], [ -57.2944635, -29.8970568 ], [ -57.2950579, -29.8970141 ], [ -57.2974615, -29.8980314 ], [ -57.2978329, -29.8979818 ], [ -57.2984207, -29.897538599999983 ], [ -57.3000336, -29.898035 ], [ -57.3007513, -29.8973638 ], [ -57.3016157, -29.8971642 ], [ -57.3024956, -29.896484 ], [ -57.3045559, -29.8964344 ], [ -57.3074598, -29.89763060000001 ], [ -57.3083627, -29.8982238 ], [ -57.309068, -29.8991244 ], [ -57.3107346, -29.9002236 ], [ -57.3110778, -29.9002208 ], [ -57.3116597, -29.8998193 ], [ -57.3124994, -29.8996024 ], [ -57.3132329, -29.9002298 ], [ -57.314951, -29.9009729 ], [ -57.3152482, -29.902652 ], [ -57.3143347, -29.9037235 ], [ -57.314051, -29.9042777 ], [ -57.3139618, -29.9053356 ], [ -57.3141031, -29.9063051 ], [ -57.3135497, -29.9067676 ], [ -57.313552799999989, -29.907212 ], [ -57.3129987, -29.9079338 ], [ -57.3135856, -29.9084493 ], [ -57.3138622, -29.909093 ], [ -57.3129159, -29.9112914 ], [ -57.3129453, -29.9116332 ], [ -57.3141421, -29.9127355 ], [ -57.3142412, -29.913095599999988 ], [ -57.3151959, -29.9128402 ], [ -57.3162999, -29.9130174 ], [ -57.3178101, -29.9126104 ], [ -57.3186007, -29.9133037 ], [ -57.319758, -29.9132239 ], [ -57.3206301, -29.9139289 ], [ -57.3212824, -29.9152413 ], [ -57.323099, -29.917883 ], [ -57.323391799999989, -29.9180982 ], [ -57.324944952618104, -29.918095434149041 ], [ -57.3286, -29.9025 ], [ -57.3297, -29.8876 ], [ -57.3246, -29.8728 ], [ -57.3145, -29.8599 ], [ -57.3047, -29.8448 ], [ -57.2978, -29.8347 ], [ -57.2872, -29.8232 ], [ -57.2822, -29.8173 ], [ -57.280163389196467, -29.816197005756901 ], [ -57.279679, -29.8164212 ], [ -57.2784071, -29.8164289 ], [ -57.2779569, -29.8170666 ], [ -57.2777642, -29.8176562 ], [ -57.2769446, -29.8185929 ], [ -57.2742484, -29.8210969 ], [ -57.2748607, -29.8219334 ], [ -57.2761793, -29.8228739 ], [ -57.2758058, -29.8232455 ], [ -57.2748834, -29.8235351 ], [ -57.2741691, -29.8254468 ], [ -57.2734691, -29.8263022 ], [ -57.2734223, -29.8274118 ], [ -57.2736651, -29.8282854 ], [ -57.2733704, -29.8289935 ], [ -57.2731217, -29.8291494 ], [ -57.2723657, -29.8291212 ], [ -57.2719375, -29.8301577 ], [ -57.2712867, -29.8306756 ], [ -57.2704566, -29.8317898 ], [ -57.2702444, -29.8324554 ], [ -57.2695862, -29.8332424 ], [ -57.2690032, -29.8349835 ], [ -57.2690345, -29.835449 ], [ -57.2694555, -29.8361531 ], [ -57.2690234, -29.8370565 ], [ -57.2699714, -29.8382634 ], [ -57.2697048, -29.838567 ], [ -57.2687189, -29.8391419 ], [ -57.2684288, -29.8398079 ], [ -57.2685294, -29.8408579 ], [ -57.2682084, -29.8410905 ], [ -57.2675083, -29.8412269 ], [ -57.2672954, -29.8414345 ], [ -57.2671272, -29.8418658 ], [ -57.2675187, -29.842541399999988 ], [ -57.2672838, -29.842983100000012 ], [ -57.2662143, -29.8439077 ], [ -57.2657037, -29.8441456 ], [ -57.2646692, -29.8443261 ], [ -57.2643682, -29.8451993 ], [ -57.2629988, -29.8457123 ], [ -57.2627166, -29.8466023 ], [ -57.2615409, -29.8472205 ], [ -57.2608567, -29.847193 ], [ -57.2605339, -29.8466032 ], [ -57.2602182, -29.8464551 ], [ -57.2581021, -29.8464128 ], [ -57.2571669, -29.846172 ], [ -57.2560925, -29.8461478 ], [ -57.2555485, -29.8462135 ], [ -57.2546831, -29.8466382 ], [ -57.2540364, -29.8465794 ], [ -57.2535186, -29.8462401 ], [ -57.2529698, -29.846312 ], [ -57.2513658, -29.8459053 ], [ -57.2509882, -29.8460239 ], [ -57.2505288, -29.8469036 ], [ -57.2493844, -29.8482549 ], [ -57.2479678, -29.8476205 ], [ -57.2468607, -29.8477885 ], [ -57.2455942, -29.8472841 ], [ -57.2446571, -29.8473614 ], [ -57.2444737, -29.8489665 ], [ -57.2439894, -29.8506462 ], [ -57.243925, -29.8520281 ], [ -57.2431259, -29.8535948 ], [ -57.2431967, -29.8546125 ], [ -57.2438352, -29.8551515 ], [ -57.2438997, -29.8554634 ], [ -57.2436103, -29.8557977 ], [ -57.2429504, -29.8561061 ], [ -57.2411849, -29.8561513 ], [ -57.2411699, -29.8576337 ], [ -57.2406372, -29.858576399999983 ], [ -57.2405711, -29.859615 ], [ -57.239697, -29.8615422 ], [ -57.2393447, -29.8618649 ], [ -57.2394542, -29.8628622 ], [ -57.2387573, -29.8635293 ], [ -57.2383101, -29.8652412 ], [ -57.2380158, -29.865506 ], [ -57.2371623, -29.8657097 ], [ -57.2367405, -29.8667069 ], [ -57.236048, -29.8670883 ], [ -57.2355177, -29.867730699999985 ], [ -57.2338198, -29.8680855 ], [ -57.2327674, -29.8680543 ], [ -57.2323417, -29.8676935 ], [ -57.2320182, -29.8667069 ], [ -57.2311418, -29.8667496 ], [ -57.230441, -29.8670588 ], [ -57.2301594, -29.8673365 ], [ -57.2298739, -29.8679579 ], [ -57.2299094, -29.8685676 ], [ -57.2283649, -29.868934399999986 ], [ -57.2274221, -29.869584399999987 ], [ -57.2269582, -29.8710114 ], [ -57.2262455, -29.871673200000014 ], [ -57.2260927, -29.8729249 ], [ -57.2248553, -29.8732353 ], [ -57.2243827, -29.8738221 ], [ -57.2235407, -29.8743126 ], [ -57.2230748, -29.8749046 ], [ -57.2220886, -29.8753737 ], [ -57.221471, -29.8760974 ], [ -57.2216694, -29.8768497 ], [ -57.2210331, -29.8779692 ], [ -57.2224771, -29.8792837 ], [ -57.2233056, -29.8810471 ], [ -57.2229805, -29.8813882 ], [ -57.2215812, -29.8817991 ], [ -57.2208523, -29.8823248 ], [ -57.2206478, -29.8826144 ], [ -57.2206294, -29.8830959 ], [ -57.2210568, -29.8829509 ], [ -57.2217103, -29.8830851 ], [ -57.2245437, -29.8831129 ], [ -57.2257235, -29.883315300000014 ], [ -57.2279453, -29.8824828 ], [ -57.2286181, -29.8814961 ], [ -57.2307742, -29.8814039 ], [ -57.2330874, -29.8810256 ], [ -57.2338452, -29.8805029 ], [ -57.2345183, -29.8797625 ], [ -57.2345458, -29.8793225 ], [ -57.2347835, -29.8790541 ], [ -57.234759, -29.8770061 ], [ -57.2342785, -29.8762834 ], [ -57.2340722, -29.8756483 ], [ -57.2343189, -29.8753905 ], [ -57.235069, -29.8750664 ], [ -57.2370183, -29.8750403 ], [ -57.2370483, -29.8727583 ], [ -57.2373617, -29.8722978 ], [ -57.2378516, -29.8720118 ], [ -57.2384103, -29.8721481 ], [ -57.2391409, -29.873173 ], [ -57.2395802, -29.8748903 ], [ -57.2400739, -29.8758736 ], [ -57.2407452, -29.8763364 ], [ -57.2413491, -29.876519 ], [ -57.2421226, -29.87718 ], [ -57.2437956, -29.8780088 ], [ -57.2454319, -29.878441 ], [ -57.2458316, -29.8787898 ], [ -57.2464764, -29.878424 ], [ -57.2476841, -29.878382 ], [ -57.248397, -29.8786151 ], [ -57.2496253, -29.878698600000011 ], [ -57.2503723, -29.8792097 ], [ -57.2513302, -29.878415 ], [ -57.2531913, -29.8783449 ], [ -57.2534057, -29.8780613 ], [ -57.2534089, -29.8767872 ], [ -57.2528775, -29.874713 ], [ -57.2530549, -29.8735081 ], [ -57.252101, -29.8726617 ], [ -57.2512089, -29.8711137 ], [ -57.2510161, -29.8695933 ], [ -57.2512157, -29.8680352 ], [ -57.2515065, -29.8676549 ], [ -57.2519758, -29.8675338 ], [ -57.2526407, -29.8675865 ], [ -57.2535263, -29.8682777 ], [ -57.255555, -29.8688812 ], [ -57.2569169, -29.8688538 ], [ -57.2575522, -29.8685316 ], [ -57.2580319, -29.8679296 ], [ -57.257519, -29.8673951 ], [ -57.2568773, -29.8671474 ], [ -57.2568795, -29.8668233 ], [ -57.2577833, -29.8665703 ], [ -57.2584521, -29.8657225 ], [ -57.2595341, -29.8650705 ], [ -57.2601481, -29.8650903 ], [ -57.2613145, -29.865576099999984 ], [ -57.2629385, -29.8653348 ], [ -57.2641456, -29.865499 ], [ -57.2650256, -29.8646279 ], [ -57.2652955, -29.8640031 ], [ -57.2651981, -29.8634248 ], [ -57.2656521, -29.8625366 ], [ -57.2664667, -29.8627783 ], [ -57.2683013, -29.8629017 ], [ -57.2686201, -29.863248 ], [ -57.2688356, -29.8640879 ], [ -57.2698668, -29.8642712 ], [ -57.2702399, -29.8645012 ], [ -57.2708114, -29.8651229 ], [ -57.2710178, -29.8657384 ], [ -57.2718772, -29.8656052 ] ] ] } },
{ "type": "Feature", "properties": { "wts_pk": 133629, "codigo_otto": "82517", "nivel_otto_declarado": 5, "area_m2_bho": 64.396780226240125, "nivel_otto": 5 }, "geometry": { "type": "Polygon", "coordinates": [ [ [ -57.2320182, -29.8667069 ], [ -57.2323783, -29.8677579 ], [ -57.2328683, -29.8680765 ], [ -57.2338198, -29.8680855 ], [ -57.2354321, -29.8677631 ], [ -57.236048, -29.8670883 ], [ -57.2367405, -29.8667069 ], [ -57.2371623, -29.8657097 ], [ -57.2380158, -29.865506 ], [ -57.2383101, -29.8652412 ], [ -57.2387573, -29.8635293 ], [ -57.2394542, -29.8628622 ], [ -57.2393447, -29.8618649 ], [ -57.239697, -29.8615422 ], [ -57.2405711, -29.859615 ], [ -57.2406372, -29.858576399999983 ], [ -57.2411699, -29.8576337 ], [ -57.2411849, -29.8561513 ], [ -57.2429504, -29.8561061 ], [ -57.2436103, -29.8557977 ], [ -57.2438997, -29.8554634 ], [ -57.2438352, -29.8551515 ], [ -57.2431967, -29.8546125 ], [ -57.2431259, -29.8535948 ], [ -57.243925, -29.8520281 ], [ -57.2439894, -29.8506462 ], [ -57.2444737, -29.8489665 ], [ -57.2446571, -29.8473614 ], [ -57.2455942, -29.8472841 ], [ -57.2468607, -29.8477885 ], [ -57.2479678, -29.8476205 ], [ -57.2493844, -29.8482549 ], [ -57.2505288, -29.8469036 ], [ -57.2509882, -29.8460239 ], [ -57.2513658, -29.8459053 ], [ -57.2529698, -29.846312 ], [ -57.2535186, -29.8462401 ], [ -57.2540364, -29.8465794 ], [ -57.2546831, -29.8466382 ], [ -57.2555485, -29.8462135 ], [ -57.2560925, -29.8461478 ], [ -57.2571669, -29.846172 ], [ -57.2581021, -29.8464128 ], [ -57.2602182, -29.8464551 ], [ -57.2605339, -29.8466032 ], [ -57.2608567, -29.847193 ], [ -57.2615409, -29.8472205 ], [ -57.2627166, -29.8466023 ], [ -57.2629988, -29.8457123 ], [ -57.2643682, -29.8451993 ], [ -57.2646692, -29.8443261 ], [ -57.2657037, -29.8441456 ], [ -57.2662143, -29.8439077 ], [ -57.2672838, -29.842983100000012 ], [ -57.2675187, -29.842541399999988 ], [ -57.2671272, -29.8418658 ], [ -57.2672954, -29.8414345 ], [ -57.2675083, -29.8412269 ], [ -57.2682084, -29.8410905 ], [ -57.2685294, -29.8408579 ], [ -57.2684288, -29.8398079 ], [ -57.2687189, -29.8391419 ], [ -57.2697048, -29.838567 ], [ -57.2699714, -29.8382634 ], [ -57.2690234, -29.8370565 ], [ -57.2694555, -29.8361531 ], [ -57.2690345, -29.835449 ], [ -57.2690032, -29.8349835 ], [ -57.2695862, -29.8332424 ], [ -57.2702444, -29.8324554 ], [ -57.2704566, -29.8317898 ], [ -57.2712867, -29.8306756 ], [ -57.2719375, -29.8301577 ], [ -57.2723657, -29.8291212 ], [ -57.2731217, -29.8291494 ], [ -57.2733704, -29.8289935 ], [ -57.2736651, -29.8282854 ], [ -57.2734223, -29.8274118 ], [ -57.2734691, -29.8263022 ], [ -57.2741691, -29.8254468 ], [ -57.2748834, -29.8235351 ], [ -57.2758058, -29.8232455 ], [ -57.2761793, -29.8228739 ], [ -57.2748607, -29.8219334 ], [ -57.2742484, -29.8210969 ], [ -57.2769446, -29.8185929 ], [ -57.2777642, -29.8176562 ], [ -57.2779569, -29.8170666 ], [ -57.2784099, -29.816447 ], [ -57.277807503140679, -29.814921027549318 ], [ -57.2678, -29.8095 ], [ -57.2485, -29.7928 ], [ -57.236739917279458, -29.782027598001161 ], [ -57.2349891, -29.7816515 ], [ -57.2337073, -29.781147599999986 ], [ -57.2327439, -29.7818998 ], [ -57.2302601, -29.7825937 ], [ -57.2287974, -29.783185099999983 ], [ -57.2279467, -29.7837269 ], [ -57.2276288, -29.784074 ], [ -57.2272956, -29.785318 ], [ -57.2268928, -29.7852597 ], [ -57.2259763, -29.7847883 ], [ -57.224596, -29.7847005 ], [ -57.22424, -29.7842069 ], [ -57.2239796, -29.7841932 ], [ -57.2239096, -29.783929499999989 ], [ -57.2236845, -29.7839291 ], [ -57.2229919, -29.7846369 ], [ -57.2223918, -29.7846258 ], [ -57.2222337, -29.7862759 ], [ -57.2214721, -29.7879496 ], [ -57.2214778, -29.7896274 ], [ -57.2217371, -29.7905422 ], [ -57.2216875, -29.7915634 ], [ -57.2211447, -29.7924158 ], [ -57.2201766, -29.7928996 ], [ -57.2195386, -29.7934826 ], [ -57.2191337, -29.7944007 ], [ -57.2185099, -29.79512380000001 ], [ -57.2180445, -29.7960033 ], [ -57.2173167, -29.7961209 ], [ -57.2163605, -29.7956871 ], [ -57.2160315, -29.795708499999989 ], [ -57.2149592, -29.7971717 ], [ -57.2129529, -29.7976207 ], [ -57.21174, -29.7983736 ], [ -57.2116632, -29.7987979 ], [ -57.2110958, -29.7996924 ], [ -57.2098858, -29.8011251 ], [ -57.2087994, -29.8015201 ], [ -57.207742, -29.8021762 ], [ -57.2063193, -29.8023692 ], [ -57.2050733, -29.8033736 ], [ -57.2048995, -29.8046493 ], [ -57.2051335, -29.806002 ], [ -57.2058706, -29.8072179 ], [ -57.2059058, -29.8090778 ], [ -57.2058092, -29.809195799999983 ], [ -57.2051429, -29.8092291 ], [ -57.2050046, -29.8094617 ], [ -57.2044669, -29.8094893 ], [ -57.2043941, -29.809644899999988 ], [ -57.2052295, -29.8106511 ], [ -57.2048727, -29.8120412 ], [ -57.2055715, -29.8123949 ], [ -57.205841, -29.8126895 ], [ -57.2060821, -29.8143806 ], [ -57.20582, -29.8149653 ], [ -57.2039174, -29.817139 ], [ -57.203505, -29.8172304 ], [ -57.2027389, -29.8170611 ], [ -57.20174, -29.8175403 ], [ -57.2017206, -29.8185538 ], [ -57.2011975, -29.8190744 ], [ -57.2011777, -29.8202175 ], [ -57.2009049, -29.8205488 ], [ -57.2011042, -29.82118370000001 ], [ -57.2013746, -29.8213792 ], [ -57.2017448, -29.8213869 ], [ -57.2029626, -29.8209814 ], [ -57.2031357, -29.8213698 ], [ -57.2029654, -29.82320480000001 ], [ -57.2031218, -29.8238915 ], [ -57.2030781, -29.825173 ], [ -57.2027065, -29.8260368 ], [ -57.2016634, -29.8262106 ], [ -57.2012788, -29.8265038 ], [ -57.2011223, -29.8282236 ], [ -57.2003691, -29.829583 ], [ -57.2004659, -29.8299362 ], [ -57.2022075, -29.8317803 ], [ -57.2022252, -29.8321258 ], [ -57.2017995, -29.8330961 ], [ -57.2022415, -29.8340037 ], [ -57.2016959, -29.8346284 ], [ -57.2010224, -29.8348523 ], [ -57.200732, -29.8351212 ], [ -57.2005565, -29.8359931 ], [ -57.1998968, -29.8367869 ], [ -57.1995179, -29.837818099999989 ], [ -57.1985137, -29.837851 ], [ -57.1983291, -29.8383123 ], [ -57.1979248, -29.838431899999986 ], [ -57.1975976, -29.8387902 ], [ -57.1972328, -29.8410009 ], [ -57.1964569, -29.8427696 ], [ -57.19656, -29.8435716 ], [ -57.197474, -29.84432 ], [ -57.1972595, -29.8448968 ], [ -57.1968214, -29.8454952 ], [ -57.1967402, -29.845873699999984 ], [ -57.1956896, -29.8455842 ], [ -57.195174, -29.8456702 ], [ -57.1948545, -29.8459176 ], [ -57.1945557, -29.8463775 ], [ -57.194436, -29.847664 ], [ -57.1938771, -29.8480141 ], [ -57.1924618, -29.847655 ], [ -57.1919831, -29.8477465 ], [ -57.1910995, -29.847554299999985 ], [ -57.1903929, -29.8477184 ], [ -57.190314, -29.8489802 ], [ -57.1895652, -29.8502629 ], [ -57.1896656, -29.8511093 ], [ -57.1891767, -29.851595 ], [ -57.1879458, -29.850650399999985 ], [ -57.1869897, -29.8503461 ], [ -57.1859068, -29.8503182 ], [ -57.1856407, -29.851111 ], [ -57.1858388, -29.8519806 ], [ -57.1854386, -29.8524816 ], [ -57.1855623, -29.8531639 ], [ -57.1851175, -29.8541658 ], [ -57.184987, -29.8557045 ], [ -57.183935, -29.8563838 ], [ -57.1826703, -29.8562495 ], [ -57.1823467, -29.8565546 ], [ -57.181957, -29.8579462 ], [ -57.1817019, -29.8582508 ], [ -57.1806694, -29.8586075 ], [ -57.1797957, -29.8586516 ], [ -57.1808822, -29.8599249 ], [ -57.1808994, -29.860648399999985 ], [ -57.1806178, -29.861405 ], [ -57.1803625, -29.8614537 ], [ -57.1803513, -29.8617071 ], [ -57.1787801, -29.8618445 ], [ -57.1786212, -29.8626599 ], [ -57.1782805, -29.8633456 ], [ -57.1761934, -29.8649869 ], [ -57.1766172, -29.865364 ], [ -57.1768961, -29.86593 ], [ -57.1766177, -29.8666267 ], [ -57.1777697, -29.867481 ], [ -57.1796658, -29.8676476 ], [ -57.1799909, -29.8684841 ], [ -57.1800631, -29.8697132 ], [ -57.1797392, -29.8710275 ], [ -57.179107, -29.8718735 ], [ -57.1786815, -29.872003300000014 ], [ -57.1790547, -29.8735806 ], [ -57.1799675, -29.8749287 ], [ -57.1787794, -29.8765082 ], [ -57.1787038, -29.8768799 ], [ -57.1789426, -29.8776776 ], [ -57.1789624, -29.8792071 ], [ -57.1794965, -29.8792534 ], [ -57.179533, -29.8796923 ], [ -57.1797809, -29.8798445 ], [ -57.1800405, -29.880821499999989 ], [ -57.1801221, -29.8849039 ], [ -57.1804856, -29.885503 ], [ -57.1811206, -29.8856106 ], [ -57.1817964, -29.8855281 ], [ -57.1824769, -29.8848999 ], [ -57.1843874, -29.8865325 ], [ -57.1850788, -29.8878378 ], [ -57.1846132, -29.8882328 ], [ -57.1843076, -29.8890604 ], [ -57.1845155, -29.8900057 ], [ -57.184472, -29.8911853 ], [ -57.1843081, -29.8913593 ], [ -57.1830154, -29.8917489 ], [ -57.1827078, -29.8920178 ], [ -57.18223, -29.8932304 ], [ -57.1818004, -29.8938047 ], [ -57.1817249, -29.8943421 ], [ -57.181905, -29.8953308 ], [ -57.1826776, -29.8957931 ], [ -57.1838706, -29.8962325 ], [ -57.1841233, -29.8965955 ], [ -57.183836, -29.8971231 ], [ -57.1846991, -29.8974296 ], [ -57.1847959, -29.8997627 ], [ -57.1856192, -29.9000251 ], [ -57.1862895, -29.899999299999987 ], [ -57.1879966, -29.8989989 ], [ -57.1901776, -29.898608499999984 ], [ -57.190736, -29.8983272 ], [ -57.1908525, -29.8980998 ], [ -57.1906349, -29.897313499999985 ], [ -57.1907082, -29.8965964 ], [ -57.1916909, -29.896020399999983 ], [ -57.1926514, -29.8946375 ], [ -57.1928753, -29.8945212 ], [ -57.1949426, -29.8945049 ], [ -57.1971318, -29.8949657 ], [ -57.198788, -29.8937245 ], [ -57.1994003, -29.8934696 ], [ -57.2009071, -29.8939293 ], [ -57.2012773, -29.8951916 ], [ -57.2021725, -29.894868799999987 ], [ -57.2027376, -29.89526 ], [ -57.2036849, -29.895596 ], [ -57.2052518, -29.8935726 ], [ -57.2054553, -29.8928956 ], [ -57.2057779, -29.8926322 ], [ -57.2061849, -29.8925404 ], [ -57.2054534, -29.8910453 ], [ -57.2058801, -29.8893046 ], [ -57.2053853, -29.8884092 ], [ -57.2054028, -29.887692099999985 ], [ -57.2057858, -29.887303 ], [ -57.2074318, -29.886594899999984 ], [ -57.2080308, -29.8855177 ], [ -57.2083559, -29.883369 ], [ -57.2081293, -29.8822626 ], [ -57.208988, -29.8822822 ], [ -57.2095489, -29.8825196 ], [ -57.2111849, -29.8819848 ], [ -57.2112522, -29.8810217 ], [ -57.2119618, -29.8803143 ], [ -57.2114836, -29.8788909 ], [ -57.211513, -29.8776828 ], [ -57.2118716, -29.8770895 ], [ -57.21243, -29.8768715 ], [ -57.2130095, -29.876304 ], [ -57.2131399, -29.8755439 ], [ -57.2135764, -29.8751735 ], [ -57.2140331, -29.874085700000013 ], [ -57.2142777, -29.8739994 ], [ -57.2150642, -29.874148599999987 ], [ -57.2159423, -29.8736791 ], [ -57.2169844, -29.8736828 ], [ -57.2172402, -29.8738901 ], [ -57.2174406, -29.874720300000011 ], [ -57.2184032, -29.8752288 ], [ -57.2189009, -29.8760815 ], [ -57.220161, -29.8764033 ], [ -57.2214627, -29.8761514 ], [ -57.2220886, -29.8753737 ], [ -57.2230748, -29.8749046 ], [ -57.2235407, -29.8743126 ], [ -57.2243827, -29.8738221 ], [ -57.2248553, -29.8732353 ], [ -57.2260401, -29.8729814 ], [ -57.2262455, -29.871673200000014 ], [ -57.2269582, -29.8710114 ], [ -57.2274221, -29.869584399999987 ], [ -57.2283649, -29.868934399999986 ], [ -57.2299094, -29.8685676 ], [ -57.2298739, -29.8679579 ], [ -57.2303826, -29.8671057 ], [ -57.2311418, -29.8667496 ], [ -57.2320182, -29.8667069 ] ] ] } },
{ "type": "Feature", "properties": { "wts_pk": 133634, "codigo_otto": "82523", "nivel_otto_declarado": 5, "area_m2_bho": 4.9374874904669301, "nivel_otto": 5 }, "geometry": { "type": "Polygon", "coordinates": [ [ [ -57.1353185, -29.8442058 ], [ -57.1363323, -29.8447434 ], [ -57.1372954, -29.8447628 ], [ -57.1373961, -29.8443083 ], [ -57.1377669, -29.8439812 ], [ -57.1394419, -29.8436597 ], [ -57.1398564, -29.8437286 ], [ -57.1402097, -29.8440885 ], [ -57.1404667, -29.8441281 ], [ -57.1413096, -29.8434762 ], [ -57.14189, -29.8432658 ], [ -57.1422445, -29.8424741 ], [ -57.1415279, -29.8415025 ], [ -57.1416191, -29.8409893 ], [ -57.1414526, -29.8393557 ], [ -57.1415434, -29.8387155 ], [ -57.1420195, -29.8381175 ], [ -57.1431145, -29.8378646 ], [ -57.1438062, -29.8385503 ], [ -57.1446708, -29.8387496 ], [ -57.1468201, -29.8399258 ], [ -57.1476401, -29.8397039 ], [ -57.1483214, -29.838757 ], [ -57.1485097, -29.8379913 ], [ -57.1488094, -29.8377018 ], [ -57.1485037, -29.8373783 ], [ -57.1484439, -29.8370082 ], [ -57.1487621, -29.835749 ], [ -57.1491231, -29.8351493 ], [ -57.1485463, -29.8346608 ], [ -57.1484665, -29.8344105 ], [ -57.1493729, -29.8328511 ], [ -57.1504938, -29.8321534 ], [ -57.151029, -29.8315192 ], [ -57.1522234, -29.8315692 ], [ -57.1527142, -29.830996 ], [ -57.1533586, -29.8312663 ], [ -57.1540375, -29.8323869 ], [ -57.1542765, -29.8324845 ], [ -57.1558167, -29.8318363 ], [ -57.155916, -29.8314508 ], [ -57.1561849, -29.8312171 ], [ -57.1559847, -29.829805 ], [ -57.1540889, -29.8288245 ], [ -57.1535901, -29.8279631 ], [ -57.1524249, -29.828078299999984 ], [ -57.1518297, -29.8277518 ], [ -57.1509687, -29.8257223 ], [ -57.1508972, -29.8243451 ], [ -57.1507278, -29.823979899999983 ], [ -57.1496904, -29.823447899999987 ], [ -57.1491467, -29.8234212 ], [ -57.1482087, -29.8238024 ], [ -57.1477074, -29.8252138 ], [ -57.1470749, -29.8253372 ], [ -57.146129, -29.8252588 ], [ -57.1457548, -29.824886799999987 ], [ -57.1452095, -29.8246559 ], [ -57.1443753, -29.8236177 ], [ -57.14415, -29.8224329 ], [ -57.1432353, -29.8216228 ], [ -57.142994, -29.820702599999986 ], [ -57.1418775, -29.8200048 ], [ -57.1413267, -29.8190364 ], [ -57.1386974, -29.818095599999989 ], [ -57.136282, -29.8192857 ], [ -57.1356403, -29.8198705 ], [ -57.1353825, -29.8203353 ], [ -57.1355246, -29.8213554 ], [ -57.1349325, -29.8221491 ], [ -57.1343547, -29.822353 ], [ -57.1340664, -29.822623 ], [ -57.1339024, -29.8237833 ], [ -57.1335758, -29.8241221 ], [ -57.1322214, -29.8242721 ], [ -57.1310711, -29.8246498 ], [ -57.1301983, -29.8245165 ], [ -57.1294893, -29.8247197 ], [ -57.1280498, -29.8248176 ], [ -57.1271328, -29.8251362 ], [ -57.1264408, -29.8255576 ], [ -57.1253844, -29.825394 ], [ -57.1248285, -29.8255179 ], [ -57.124353, -29.8254262 ], [ -57.1234063, -29.826151699999983 ], [ -57.1234634, -29.8276777 ], [ -57.1237899, -29.8280185 ], [ -57.1246689, -29.8284988 ], [ -57.124306, -29.8299697 ], [ -57.1244475, -29.830597 ], [ -57.1242967, -29.8311515 ], [ -57.124895, -29.8327387 ], [ -57.1262326, -29.8340765 ], [ -57.1280372, -29.8348408 ], [ -57.1285628, -29.8353676 ], [ -57.1283872, -29.8374983 ], [ -57.1281286, -29.838374 ], [ -57.1291675, -29.8389868 ], [ -57.1302817, -29.8402553 ], [ -57.1310201, -29.8404827 ], [ -57.131694, -29.8404583 ], [ -57.1323566, -29.8412917 ], [ -57.1329479, -29.84152430000001 ], [ -57.1330197, -29.8418989 ], [ -57.1341085, -29.8426419 ], [ -57.1344689, -29.8435092 ], [ -57.1353185, -29.8442058 ] ] ] } },
{ "type": "Feature", "properties": { "wts_pk": 133632, "codigo_otto": "82521", "nivel_otto_declarado": 5, "area_m2_bho": 31.431018712334932, "nivel_otto": 5 }, "geometry": { "type": "Polygon", "coordinates": [ [ [ -57.1967402, -29.845873699999984 ], [ -57.197474, -29.84432 ], [ -57.19656, -29.8435716 ], [ -57.1964644, -29.8426757 ], [ -57.1972328, -29.8410009 ], [ -57.1975976, -29.8387902 ], [ -57.1979248, -29.838431899999986 ], [ -57.1983291, -29.8383123 ], [ -57.1985137, -29.837851 ], [ -57.1995179, -29.837818099999989 ], [ -57.1998968, -29.8367869 ], [ -57.2005565, -29.8359931 ], [ -57.200732, -29.8351212 ], [ -57.2010224, -29.8348523 ], [ -57.2016959, -29.8346284 ], [ -57.2022415, -29.8340037 ], [ -57.2017995, -29.8330961 ], [ -57.2022252, -29.8321258 ], [ -57.2022075, -29.8317803 ], [ -57.2004659, -29.8299362 ], [ -57.2003691, -29.829583 ], [ -57.2011223, -29.8282236 ], [ -57.2012788, -29.8265038 ], [ -57.2016634, -29.8262106 ], [ -57.2027065, -29.8260368 ], [ -57.2030781, -29.825173 ], [ -57.2031218, -29.8238915 ], [ -57.2029654, -29.82320480000001 ], [ -57.2031357, -29.8213698 ], [ -57.2029626, -29.8209814 ], [ -57.2017448, -29.8213869 ], [ -57.2013746, -29.8213792 ], [ -57.2011042, -29.82118370000001 ], [ -57.2009049, -29.8205488 ], [ -57.2011777, -29.8202175 ], [ -57.2011975, -29.8190744 ], [ -57.2017206, -29.8185538 ], [ -57.20174, -29.8175403 ], [ -57.2027389, -29.8170611 ], [ -57.203505, -29.8172304 ], [ -57.2039174, -29.817139 ], [ -57.20582, -29.8149653 ], [ -57.2060821, -29.8143806 ], [ -57.205841, -29.8126895 ], [ -57.2055715, -29.8123949 ], [ -57.2048727, -29.8120412 ], [ -57.2052295, -29.8106511 ], [ -57.2043941, -29.809644899999988 ], [ -57.2044669, -29.8094893 ], [ -57.2050046, -29.8094617 ], [ -57.2051429, -29.8092291 ], [ -57.2058092, -29.809195799999983 ], [ -57.2059058, -29.8090778 ], [ -57.2058706, -29.8072179 ], [ -57.2051335, -29.806002 ], [ -57.2048995, -29.8046493 ], [ -57.2050733, -29.8033736 ], [ -57.2063193, -29.8023692 ], [ -57.207742, -29.8021762 ], [ -57.2087994, -29.8015201 ], [ -57.2098858, -29.8011251 ], [ -57.2110958, -29.7996924 ], [ -57.211719, -29.798638 ], [ -57.21174, -29.7983736 ], [ -57.2108594, -29.79833480000001 ], [ -57.2104458, -29.7980209 ], [ -57.2100143, -29.796568 ], [ -57.2092761, -29.7956407 ], [ -57.2092545, -29.7948956 ], [ -57.2094551, -29.7941345 ], [ -57.2089037, -29.7929593 ], [ -57.2085033, -29.7925833 ], [ -57.2072955, -29.7925403 ], [ -57.2070369, -29.792164 ], [ -57.206996, -29.7915297 ], [ -57.2067634, -29.7913313 ], [ -57.2065168, -29.7903508 ], [ -57.2065863, -29.7901358 ], [ -57.2073917, -29.7895626 ], [ -57.2080469, -29.7892646 ], [ -57.2088492, -29.7891177 ], [ -57.2094173, -29.7885496 ], [ -57.2095515, -29.7863816 ], [ -57.2103286, -29.7850176 ], [ -57.2102943, -29.7846315 ], [ -57.2100622, -29.7843177 ], [ -57.2075284, -29.781835 ], [ -57.2049347, -29.7797761 ], [ -57.2042242, -29.779482399999988 ], [ -57.2023189, -29.7812626 ], [ -57.2016435, -29.7824641 ], [ -57.199371, -29.784793 ], [ -57.1986843, -29.7858737 ], [ -57.1980425, -29.7856228 ], [ -57.1970271, -29.7855873 ], [ -57.1962023, -29.785631 ], [ -57.1942382, -29.7861016 ], [ -57.1928684, -29.7859114 ], [ -57.1915408, -29.7866501 ], [ -57.1903814, -29.7867479 ], [ -57.1877806, -29.787329 ], [ -57.1875988, -29.787577 ], [ -57.1872126, -29.7901571 ], [ -57.1862971, -29.7907951 ], [ -57.1855198, -29.7906814 ], [ -57.1840564, -29.7911151 ], [ -57.1831934, -29.7906663 ], [ -57.1818418, -29.7905075 ], [ -57.1815642, -29.7902174 ], [ -57.1820214, -29.789251 ], [ -57.1819758, -29.7886078 ], [ -57.1817464, -29.7884215 ], [ -57.1806664, -29.7886273 ], [ -57.1796809, -29.7884935 ], [ -57.1790566, -29.7886089 ], [ -57.1765377, -29.7881026 ], [ -57.1761101, -29.7881572 ], [ -57.175519, -29.7885505 ], [ -57.1752345, -29.7885812 ], [ -57.1743583, -29.7882879 ], [ -57.1735623, -29.7876236 ], [ -57.1727789, -29.7875272 ], [ -57.1722076, -29.787584899999988 ], [ -57.1718565, -29.7878642 ], [ -57.1722315, -29.7887962 ], [ -57.1722552, -29.7892697 ], [ -57.171454, -29.7901678 ], [ -57.1708737, -29.7898099 ], [ -57.1700053, -29.7898146 ], [ -57.1691165, -29.7904968 ], [ -57.168182, -29.7907306 ], [ -57.167176, -29.7916127 ], [ -57.1663083, -29.7918053 ], [ -57.1652404, -29.7924533 ], [ -57.1640736, -29.7926303 ], [ -57.1626583, -29.7933208 ], [ -57.1621335, -29.7932852 ], [ -57.1614057, -29.7926646 ], [ -57.1609979, -29.7925692 ], [ -57.160686, -29.7926646 ], [ -57.1602265, -29.7932699 ], [ -57.1596043, -29.7936002 ], [ -57.1571882, -29.7938115 ], [ -57.1566878, -29.7932372 ], [ -57.1559825, -29.7927595 ], [ -57.1552337, -29.7917264 ], [ -57.1543621, -29.791331 ], [ -57.1534785, -29.7906446 ], [ -57.1525035, -29.7906454 ], [ -57.1508056, -29.7914842 ], [ -57.1506228, -29.7920191 ], [ -57.1507682, -29.793244300000012 ], [ -57.1501375, -29.7935112 ], [ -57.1491379, -29.7944039 ], [ -57.1481285, -29.795040499999985 ], [ -57.1481155, -29.7958024 ], [ -57.1482505, -29.7963329 ], [ -57.1488242, -29.7968742 ], [ -57.1493796, -29.7970939 ], [ -57.1497144, -29.7976044 ], [ -57.1500083, -29.7982464 ], [ -57.1502022, -29.7993828 ], [ -57.1514619, -29.7997627 ], [ -57.1511332, -29.8006484 ], [ -57.1504511, -29.801231 ], [ -57.1499353, -29.802227300000013 ], [ -57.1490721, -29.8029097 ], [ -57.1488176, -29.8038207 ], [ -57.1483249, -29.8038753 ], [ -57.147187, -29.8034488 ], [ -57.1465526, -29.8041408 ], [ -57.144946, -29.8050847 ], [ -57.1447961, -29.8054673 ], [ -57.1446987, -29.807742 ], [ -57.1441082, -29.8086209 ], [ -57.1429539, -29.8098443 ], [ -57.1427464, -29.8107914 ], [ -57.1411251, -29.812912 ], [ -57.1406915, -29.8129384 ], [ -57.1402085, -29.8131962 ], [ -57.1396657, -29.814455399999989 ], [ -57.1391825, -29.8149041 ], [ -57.138454, -29.8152827 ], [ -57.1384061, -29.816010199999983 ], [ -57.1386653, -29.8168304 ], [ -57.1386841, -29.8180961 ], [ -57.1413267, -29.8190364 ], [ -57.1418775, -29.8200048 ], [ -57.142994, -29.820702599999986 ], [ -57.1432353, -29.8216228 ], [ -57.14415, -29.8224329 ], [ -57.1443753, -29.8236177 ], [ -57.1452095, -29.8246559 ], [ -57.1457548, -29.824886799999987 ], [ -57.146129, -29.8252588 ], [ -57.1470749, -29.8253372 ], [ -57.1477074, -29.8252138 ], [ -57.1482087, -29.8238024 ], [ -57.1491467, -29.8234212 ], [ -57.1496904, -29.823447899999987 ], [ -57.1507278, -29.823979899999983 ], [ -57.1508972, -29.8243451 ], [ -57.1509687, -29.8257223 ], [ -57.1515085, -29.8271343 ], [ -57.1520096, -29.827924 ], [ -57.1525374, -29.8280857 ], [ -57.1535901, -29.8279631 ], [ -57.1540889, -29.8288245 ], [ -57.1559847, -29.829805 ], [ -57.1561849, -29.8312171 ], [ -57.1564621, -29.831429399999987 ], [ -57.1572427, -29.8314345 ], [ -57.1572954, -29.8317072 ], [ -57.1574363, -29.8317009 ], [ -57.1580463, -29.8313602 ], [ -57.1585917, -29.8306699 ], [ -57.1594081, -29.830944 ], [ -57.1599384, -29.8315915 ], [ -57.1611398, -29.8321129 ], [ -57.1616177, -29.8329762 ], [ -57.1624291, -29.8334113 ], [ -57.1624103, -29.8340961 ], [ -57.1626408, -29.834428799999987 ], [ -57.1635599, -29.8348591 ], [ -57.1643567, -29.835505899999987 ], [ -57.1655461, -29.835824 ], [ -57.1661671, -29.835841 ], [ -57.1677313, -29.8355028 ], [ -57.1687044, -29.8347946 ], [ -57.1707861, -29.8347739 ], [ -57.1713286, -29.835071899999988 ], [ -57.1715999, -29.8357648 ], [ -57.1729603, -29.8366208 ], [ -57.1757062, -29.8367296 ], [ -57.1771799, -29.8395353 ], [ -57.1770178, -29.8411516 ], [ -57.177763, -29.8415002 ], [ -57.1779264, -29.8419307 ], [ -57.1782557, -29.8422314 ], [ -57.1786375, -29.8421903 ], [ -57.1789623, -29.8417071 ], [ -57.1798415, -29.841747 ], [ -57.1805022, -29.8420855 ], [ -57.1807415, -29.8427313 ], [ -57.1813413, -29.8431978 ], [ -57.1816231, -29.8436965 ], [ -57.1814613, -29.8447347 ], [ -57.1815507, -29.8460805 ], [ -57.1820939, -29.8471099 ], [ -57.1832996, -29.8481807 ], [ -57.1834962, -29.8488586 ], [ -57.1838967, -29.849417 ], [ -57.1849544, -29.849579 ], [ -57.185863, -29.8503142 ], [ -57.1869897, -29.8503461 ], [ -57.1879458, -29.850650399999985 ], [ -57.1891767, -29.851595 ], [ -57.1896656, -29.8511093 ], [ -57.1895652, -29.8502629 ], [ -57.190314, -29.8489802 ], [ -57.1903929, -29.8477184 ], [ -57.1910995, -29.847554299999985 ], [ -57.1919831, -29.8477465 ], [ -57.1924618, -29.847655 ], [ -57.1938771, -29.8480141 ], [ -57.194436, -29.847664 ], [ -57.1945557, -29.8463775 ], [ -57.1948983, -29.845878700000011 ], [ -57.1952588, -29.8456372 ], [ -57.1956896, -29.8455842 ], [ -57.1967402, -29.845873699999984 ] ] ] } },
{ "type": "Feature", "properties": { "wts_pk": 133631, "codigo_otto": "82519", "nivel_otto_declarado": 5, "area_m2_bho": 10.91725302394892, "nivel_otto": 5 }, "geometry": { "type": "Polygon", "coordinates": [ [ [ -57.2095163, -29.7882243 ], [ -57.20928, -29.788754 ], [ -57.2089172, -29.7890788 ], [ -57.2073917, -29.7895626 ], [ -57.2065863, -29.7901358 ], [ -57.2065275, -29.7904408 ], [ -57.2067634, -29.7913313 ], [ -57.206996, -29.7915297 ], [ -57.2070369, -29.792164 ], [ -57.2072955, -29.7925403 ], [ -57.2085033, -29.7925833 ], [ -57.2089037, -29.7929593 ], [ -57.2094551, -29.7941345 ], [ -57.2092545, -29.7948956 ], [ -57.2092761, -29.7956407 ], [ -57.2100143, -29.796568 ], [ -57.2104458, -29.7980209 ], [ -57.2108594, -29.79833480000001 ], [ -57.2117562, -29.7983764 ], [ -57.2129529, -29.7976207 ], [ -57.2149592, -29.7971717 ], [ -57.2160889, -29.7956809 ], [ -57.2173167, -29.7961209 ], [ -57.2179897, -29.796052199999988 ], [ -57.2185099, -29.79512380000001 ], [ -57.2191337, -29.7944007 ], [ -57.2195862, -29.7934276 ], [ -57.2201766, -29.7928996 ], [ -57.2213732, -29.7921912 ], [ -57.2217467, -29.7911179 ], [ -57.2214697, -29.7895331 ], [ -57.221483, -29.787858 ], [ -57.2222337, -29.7862759 ], [ -57.2223918, -29.7846258 ], [ -57.2229919, -29.7846369 ], [ -57.2236845, -29.7839291 ], [ -57.2239096, -29.783929499999989 ], [ -57.2239796, -29.7841932 ], [ -57.22424, -29.7842069 ], [ -57.224596, -29.7847005 ], [ -57.2259763, -29.7847883 ], [ -57.2268928, -29.7852597 ], [ -57.2272956, -29.785318 ], [ -57.2276288, -29.784074 ], [ -57.2279467, -29.7837269 ], [ -57.2287974, -29.783185099999983 ], [ -57.2302601, -29.7825937 ], [ -57.2327439, -29.7818998 ], [ -57.2336845, -29.781151299999987 ], [ -57.233934347142217, -29.780338870518001 ], [ -57.2211, -29.7763 ], [ -57.208, -29.7778 ], [ -57.203688697295398, -29.778479090892915 ], [ -57.2037735, -29.7788599 ], [ -57.2042399, -29.7794847 ], [ -57.2049347, -29.7797761 ], [ -57.2077318, -29.7820058 ], [ -57.2102624, -29.7845658 ], [ -57.2102922, -29.7851663 ], [ -57.2095515, -29.7863816 ], [ -57.2095163, -29.7882243 ] ] ] } },
{ "type": "Feature", "properties": { "wts_pk": 133643, "codigo_otto": "82533", "nivel_otto_declarado": 5, "area_m2_bho": 0.630618426797389, "nivel_otto": 5 }, "geometry": { "type": "Polygon", "coordinates": [ [ [ -57.1201699, -29.7800368 ], [ -57.1206035, -29.7803673 ], [ -57.1206724, -29.7808705 ], [ -57.1216069, -29.7797045 ], [ -57.1215937, -29.7792658 ], [ -57.1221096, -29.7784511 ], [ -57.1224093, -29.7781883 ], [ -57.1230734, -29.7779605 ], [ -57.1240097, -29.7771157 ], [ -57.1249389, -29.7766014 ], [ -57.1251422, -29.7757521 ], [ -57.1254655, -29.7753361 ], [ -57.1276783, -29.773735200000012 ], [ -57.1285771, -29.7732895 ], [ -57.1293549, -29.7726319 ], [ -57.1328505, -29.7711517 ], [ -57.132837360879726, -29.770414597793632 ], [ -57.1319, -29.7702 ], [ -57.1280921978571, -29.767470768537493 ], [ -57.1271147, -29.7687276 ], [ -57.1269182, -29.7699623 ], [ -57.1245539, -29.7727595 ], [ -57.1243537, -29.7732069 ], [ -57.1244099, -29.7738528 ], [ -57.1232035, -29.7745433 ], [ -57.1218723, -29.7761836 ], [ -57.1216992, -29.7775905 ], [ -57.1214458, -29.7779911 ], [ -57.1208042, -29.7785711 ], [ -57.1198686, -29.7790891 ], [ -57.1197949, -29.7800406 ], [ -57.1201699, -29.7800368 ] ] ] } },
{ "type": "Feature", "properties": { "wts_pk": 133641, "codigo_otto": "82531", "nivel_otto_declarado": 5, "area_m2_bho": 24.276130858814799, "nivel_otto": 5 }, "geometry": { "type": "Polygon", "coordinates": [ [ [ -57.1328507, -29.7710843 ], [ -57.13391, -29.772674 ], [ -57.1345817, -29.7746192 ], [ -57.1358122, -29.7770593 ], [ -57.136049, -29.7788165 ], [ -57.1372989, -29.7791122 ], [ -57.1380548, -29.7805216 ], [ -57.139772, -29.7803548 ], [ -57.1406743, -29.7810794 ], [ -57.1418557, -29.7806654 ], [ -57.1427197, -29.7809744 ], [ -57.1432617, -29.7817204 ], [ -57.1428601, -29.783139 ], [ -57.1433889, -29.7840763 ], [ -57.1432321, -29.7857716 ], [ -57.1434501, -29.7864814 ], [ -57.1443588, -29.7871694 ], [ -57.1455238, -29.7873532 ], [ -57.1458601, -29.7877391 ], [ -57.1455457, -29.7890364 ], [ -57.1445721, -29.789824099999986 ], [ -57.1443038, -29.7903737 ], [ -57.1452854, -29.7910119 ], [ -57.1460301, -29.7932684 ], [ -57.1463593, -29.793284 ], [ -57.1473373, -29.7928775 ], [ -57.1482837, -29.7933959 ], [ -57.1484149, -29.7940576 ], [ -57.1481441, -29.795042899999984 ], [ -57.1491379, -29.7944039 ], [ -57.1501375, -29.7935112 ], [ -57.1507682, -29.793244300000012 ], [ -57.1506211, -29.7922127 ], [ -57.150751, -29.7915294 ], [ -57.1525035, -29.7906454 ], [ -57.1534785, -29.7906446 ], [ -57.1543621, -29.791331 ], [ -57.1550245, -29.7915601 ], [ -57.1559825, -29.7927595 ], [ -57.1566878, -29.7932372 ], [ -57.1571466, -29.793804900000016 ], [ -57.1596043, -29.7936002 ], [ -57.1602265, -29.7932699 ], [ -57.160686, -29.7926646 ], [ -57.1609979, -29.7925692 ], [ -57.1614057, -29.7926646 ], [ -57.1621335, -29.7932852 ], [ -57.1625706, -29.7933361 ], [ -57.1640736, -29.7926303 ], [ -57.1652404, -29.7924533 ], [ -57.1663083, -29.7918053 ], [ -57.167176, -29.7916127 ], [ -57.168182, -29.7907306 ], [ -57.1691165, -29.7904968 ], [ -57.1700053, -29.7898146 ], [ -57.1708737, -29.7898099 ], [ -57.171454, -29.7901678 ], [ -57.1722339, -29.789343 ], [ -57.1722527, -29.7888713 ], [ -57.1718384, -29.7879181 ], [ -57.1720566, -29.7876582 ], [ -57.1724178, -29.7875461 ], [ -57.173474, -29.7875897 ], [ -57.1743583, -29.7882879 ], [ -57.1752345, -29.7885812 ], [ -57.175519, -29.7885505 ], [ -57.1761101, -29.7881572 ], [ -57.1765377, -29.7881026 ], [ -57.1790566, -29.7886089 ], [ -57.1796809, -29.7884935 ], [ -57.1806664, -29.7886273 ], [ -57.1817464, -29.7884215 ], [ -57.1819758, -29.7886078 ], [ -57.1820214, -29.789251 ], [ -57.1815642, -29.7902174 ], [ -57.1818418, -29.7905075 ], [ -57.1831934, -29.7906663 ], [ -57.1840564, -29.7911151 ], [ -57.1855198, -29.7906814 ], [ -57.1862971, -29.7907951 ], [ -57.1872126, -29.7901571 ], [ -57.1875988, -29.787577 ], [ -57.1877806, -29.787329 ], [ -57.1903814, -29.7867479 ], [ -57.1915408, -29.7866501 ], [ -57.1928684, -29.7859114 ], [ -57.1942382, -29.7861016 ], [ -57.1962023, -29.785631 ], [ -57.1970271, -29.7855873 ], [ -57.1980425, -29.7856228 ], [ -57.1986843, -29.7858737 ], [ -57.199371, -29.784793 ], [ -57.2016435, -29.7824641 ], [ -57.2023189, -29.7812626 ], [ -57.2042435, -29.7794659 ], [ -57.2037735, -29.7788599 ], [ -57.203688697295398, -29.778479090892915 ], [ -57.1953, -29.7798 ], [ -57.1807, -29.7812 ], [ -57.172, -29.7807 ], [ -57.152, -29.7748 ], [ -57.132837360879726, -29.770414597793632 ], [ -57.1328507, -29.7710843 ] ] ] } },
{ "type": "Feature", "properties": { "wts_pk": 133645, "codigo_otto": "82535", "nivel_otto_declarado": 5, "area_m2_bho": 22.626950007068, "nivel_otto": 5 }, "geometry": { "type": "Polygon", "coordinates": [ [ [ -57.1028939, -29.7625369 ], [ -57.103228, -29.7621042 ], [ -57.1035458, -29.7619962 ], [ -57.1046572, -29.7620051 ], [ -57.1054489, -29.7622147 ], [ -57.1061852, -29.7620326 ], [ -57.1066012, -29.7620948 ], [ -57.1068849, -29.7624182 ], [ -57.1074581, -29.7626283 ], [ -57.1082801, -29.7631955 ], [ -57.1090605, -29.7644067 ], [ -57.1099941, -29.765102699999986 ], [ -57.1106253, -29.7659689 ], [ -57.1116869, -29.766287299999988 ], [ -57.1128245, -29.7674747 ], [ -57.1130812, -29.7674164 ], [ -57.1140771, -29.7665123 ], [ -57.1149066, -29.7662516 ], [ -57.1161045, -29.766924 ], [ -57.1183818, -29.7670249 ], [ -57.1190832, -29.7674493 ], [ -57.119497, -29.7675347 ], [ -57.1223116, -29.7672714 ], [ -57.1272534, -29.768099 ], [ -57.1275727, -29.7680961 ], [ -57.1280921978571, -29.767470768537493 ], [ -57.1206, -29.7621 ], [ -57.0997, -29.7483 ], [ -57.088546537169691, -29.739205274248334 ], [ -57.0877596, -29.7395604 ], [ -57.0873007, -29.739985 ], [ -57.086918, -29.7421848 ], [ -57.0858179, -29.743770899999983 ], [ -57.0851329, -29.7443552 ], [ -57.0851365, -29.7448872 ], [ -57.0856095, -29.7456457 ], [ -57.0855399, -29.7463502 ], [ -57.0846976, -29.7471868 ], [ -57.0835806, -29.7477405 ], [ -57.0831184, -29.7477875 ], [ -57.0822946, -29.7475407 ], [ -57.0819502, -29.7487759 ], [ -57.0815328, -29.7493566 ], [ -57.081115, -29.7507277 ], [ -57.080429, -29.7513106 ], [ -57.0798601, -29.7521238 ], [ -57.0798732, -29.7524691 ], [ -57.0802062, -29.7530741 ], [ -57.0805913, -29.7533249 ], [ -57.0813199, -29.7534633 ], [ -57.0816428, -29.7537561 ], [ -57.0813939, -29.7548845 ], [ -57.0809294, -29.7556138 ], [ -57.0809502, -29.756007299999986 ], [ -57.0812897, -29.7565803 ], [ -57.0814447, -29.7567114 ], [ -57.0821875, -29.7566747 ], [ -57.0846748, -29.7561762 ], [ -57.0857918, -29.756952299999984 ], [ -57.0863856, -29.7572194 ], [ -57.0868947, -29.7572428 ], [ -57.0872066, -29.7571108 ], [ -57.0879547, -29.7562569 ], [ -57.0888572, -29.7563242 ], [ -57.0896648, -29.7554172 ], [ -57.0903206, -29.7553519 ], [ -57.091112, -29.756351 ], [ -57.0923806, -29.7562166 ], [ -57.0932207, -29.7567625 ], [ -57.0937334, -29.7574083 ], [ -57.0944421, -29.7578776 ], [ -57.0952759, -29.758710599999986 ], [ -57.0959509, -29.7596346 ], [ -57.0971326, -29.7605048 ], [ -57.0991318, -29.760959 ], [ -57.0996924, -29.7612327 ], [ -57.1004665, -29.7618932 ], [ -57.1028939, -29.7625369 ] ] ] } },
{ "type": "Feature", "properties": { "wts_pk": 133652, "codigo_otto": "82554", "nivel_otto_declarado": 5, "area_m2_bho": 131.63801075937823, "nivel_otto": 5 }, "geometry": { "type": "Polygon", "coordinates": [ [ [ -56.8892384, -29.8483749 ], [ -56.8896663, -29.8488991 ], [ -56.8902445, -29.8489304 ], [ -56.8914762, -29.8483876 ], [ -56.8936275, -29.8483585 ], [ -56.8937317, -29.8481268 ], [ -56.8939606, -29.8480971 ], [ -56.8942635, -29.8473799 ], [ -56.8952563, -29.8463519 ], [ -56.8953189, -29.8458978 ], [ -56.8951066, -29.8450614 ], [ -56.8954097, -29.8438034 ], [ -56.8966157, -29.8422154 ], [ -56.8964619, -29.8414814 ], [ -56.8965214, -29.8407482 ], [ -56.8975183, -29.8395602 ], [ -56.8974551, -29.839309 ], [ -56.8964954, -29.8381992 ], [ -56.8964862, -29.8377897 ], [ -56.8969604, -29.8371455 ], [ -56.8970838, -29.8362802 ], [ -56.8974983, -29.8360251 ], [ -56.8978495, -29.8353193 ], [ -56.8988829, -29.8348097 ], [ -56.8998262, -29.8347792 ], [ -56.9005132, -29.8349256 ], [ -56.9015268, -29.8343336 ], [ -56.9024593, -29.8343993 ], [ -56.903042, -29.8338693 ], [ -56.9034051, -29.833097 ], [ -56.9044762, -29.833121 ], [ -56.9052104, -29.8333571 ], [ -56.9058675, -29.8331302 ], [ -56.9066018, -29.8330988 ], [ -56.9076154, -29.8333706 ], [ -56.908019, -29.8328882 ], [ -56.9097479, -29.8318569 ], [ -56.9104571, -29.8309598 ], [ -56.9113332, -29.8304962 ], [ -56.9118352, -29.8295624 ], [ -56.9126116, -29.8287766 ], [ -56.9155584, -29.8272088 ], [ -56.9162891, -29.8259516 ], [ -56.9168908, -29.8254676 ], [ -56.916958, -29.824706 ], [ -56.9164543, -29.82395 ], [ -56.9171048, -29.8232212 ], [ -56.9182352, -29.8238238 ], [ -56.9195889, -29.823586899999984 ], [ -56.9202413, -29.8232021 ], [ -56.9211449, -29.8235916 ], [ -56.9220162, -29.8236525 ], [ -56.9221073, -29.8246916 ], [ -56.9240595, -29.8253916 ], [ -56.9242514, -29.8255971 ], [ -56.9252419, -29.825234 ], [ -56.9259597, -29.8243437 ], [ -56.9271597, -29.823824 ], [ -56.9273585, -29.8229709 ], [ -56.9276843, -29.8226293 ], [ -56.9287569, -29.822473 ], [ -56.9299624, -29.8220887 ], [ -56.9313984, -29.8229923 ], [ -56.9318893, -29.82274 ], [ -56.9323459, -29.8220883 ], [ -56.9328339, -29.8217053 ], [ -56.9329377, -29.8224411 ], [ -56.9336153, -29.823307 ], [ -56.9343974, -29.8234727 ], [ -56.9352725, -29.823882 ], [ -56.9357899, -29.8239137 ], [ -56.9366402, -29.8235713 ], [ -56.9374563, -29.8229256 ], [ -56.9388035, -29.8242028 ], [ -56.9393444, -29.8244173 ], [ -56.9399395, -29.8237765 ], [ -56.9405412, -29.823494 ], [ -56.9413691, -29.8223787 ], [ -56.9417386, -29.8222635 ], [ -56.9420047, -29.8210126 ], [ -56.9417981, -29.819968 ], [ -56.9420736, -29.818802 ], [ -56.9423823, -29.8184456 ], [ -56.9434052, -29.8178191 ], [ -56.9448988, -29.8171843 ], [ -56.9452645, -29.8168184 ], [ -56.9455326, -29.8170467 ], [ -56.9455764, -29.8173189 ], [ -56.9448608, -29.8185273 ], [ -56.9448578, -29.818805 ], [ -56.9450955, -29.8190819 ], [ -56.9454429, -29.8191492 ], [ -56.9462663, -29.8188918 ], [ -56.9472941, -29.8183746 ], [ -56.9477191, -29.8177645 ], [ -56.9476514, -29.8171288 ], [ -56.9483454, -29.8160054 ], [ -56.9484442, -29.814163 ], [ -56.949384, -29.811822899999989 ], [ -56.9505751, -29.8115739 ], [ -56.9515152, -29.8104546 ], [ -56.9522392, -29.810183 ], [ -56.9531796, -29.8093417 ], [ -56.9539073, -29.809073 ], [ -56.9549329, -29.8082065 ], [ -56.9568814, -29.8079901 ], [ -56.9581648, -29.8065522 ], [ -56.9592386, -29.8061523 ], [ -56.9592225, -29.8056661 ], [ -56.9589672, -29.805387 ], [ -56.9597941, -29.805319 ], [ -56.960175, -29.8045604 ], [ -56.9607543, -29.803915 ], [ -56.960685, -29.8026958 ], [ -56.9613449, -29.801873 ], [ -56.9614608, -29.8014301 ], [ -56.9630118, -29.8014265 ], [ -56.9637225, -29.8011396 ], [ -56.9639107, -29.8009142 ], [ -56.9641428, -29.799819499999984 ], [ -56.9655499, -29.7992663 ], [ -56.9666215, -29.799115300000011 ], [ -56.9677331, -29.7983555 ], [ -56.969097, -29.7969973 ], [ -56.9697942, -29.7967078 ], [ -56.9696786, -29.7962659 ], [ -56.9689919, -29.7953662 ], [ -56.9690421, -29.7935419 ], [ -56.9699685, -29.7924594 ], [ -56.9701543, -29.7913166 ], [ -56.9707857, -29.7906554 ], [ -56.971183, -29.7903189 ], [ -56.9724968, -29.7905091 ], [ -56.9729443, -29.7895624 ], [ -56.973683, -29.7892078 ], [ -56.9741223, -29.7886274 ], [ -56.9741467, -29.788255 ], [ -56.9737608, -29.7879445 ], [ -56.9734516, -29.7873874 ], [ -56.9734228, -29.7867572 ], [ -56.9735821, -29.786491199999986 ], [ -56.9746541, -29.7858369 ], [ -56.9748609, -29.7849122 ], [ -56.9751398, -29.7845322 ], [ -56.9755124, -29.784285 ], [ -56.9762942, -29.7844053 ], [ -56.9772452, -29.784082 ], [ -56.9788827, -29.7826645 ], [ -56.9797941, -29.781152199999987 ], [ -56.9809053, -29.7811522 ], [ -56.9811953, -29.7807768 ], [ -56.9817011, -29.7804744 ], [ -56.9827734, -29.7787172 ], [ -56.9842651, -29.778125799999984 ], [ -56.985488, -29.778120200000011 ], [ -56.9862284, -29.7783092 ], [ -56.9871043, -29.7780474 ], [ -56.9882419, -29.7770762 ], [ -56.9907299, -29.7761013 ], [ -56.9911353, -29.775042 ], [ -56.9912669, -29.7752835 ], [ -56.9915756, -29.7753142 ], [ -56.9921028, -29.7747905 ], [ -56.9928498, -29.7747633 ], [ -56.9925254, -29.7730441 ], [ -56.9920773, -29.772112099999983 ], [ -56.9921374, -29.7718222 ], [ -56.9932019, -29.7719742 ], [ -56.9938406, -29.7718991 ], [ -56.9949972, -29.7710935 ], [ -56.9956762, -29.7701722 ], [ -56.9975239, -29.7696326 ], [ -56.9987382, -29.7682326 ], [ -56.9996733, -29.7679999 ], [ -57.0006379, -29.7670913 ], [ -57.0007945, -29.766876 ], [ -57.0006528, -29.7661075 ], [ -57.0008426, -29.7652467 ], [ -57.000168, -29.764403 ], [ -57.0000945, -29.763949899999986 ], [ -57.0008631, -29.7626014 ], [ -57.0011487, -29.7617438 ], [ -57.0011831, -29.7608744 ], [ -57.0014435, -29.7608881 ], [ -57.0014782, -29.7611384 ], [ -57.0017386, -29.7611521 ], [ -57.0022995, -29.7615969 ], [ -57.0027118, -29.7625036 ], [ -57.0044733, -29.7642031 ], [ -57.0048523, -29.7623948 ], [ -57.0051199, -29.7620961 ], [ -57.0054382, -29.7620028 ], [ -57.0061091, -29.7623049 ], [ -57.0074073, -29.7641269 ], [ -57.008937, -29.7641866 ], [ -57.0096955, -29.7635752 ], [ -57.0099285, -29.7626473 ], [ -57.0110983, -29.7621035 ], [ -57.0115615, -29.7609522 ], [ -57.0118519, -29.7606081 ], [ -57.0127372, -29.7601199 ], [ -57.0135812, -29.7602174 ], [ -57.0145934, -29.7589843 ], [ -57.0153498, -29.7586521 ], [ -57.0145663, -29.757192699999983 ], [ -57.015202, -29.7561848 ], [ -57.016129, -29.7553573 ], [ -57.0162302, -29.754158599999986 ], [ -57.0166248, -29.7532624 ], [ -57.016578, -29.7529279 ], [ -57.017182, -29.7521547 ], [ -57.017032, -29.7512964 ], [ -57.0172942, -29.7503187 ], [ -57.0179597, -29.7500559 ], [ -57.0189466, -29.7500644 ], [ -57.0193814, -29.7503517 ], [ -57.0199125, -29.7510705 ], [ -57.021048, -29.751147 ], [ -57.0216713, -29.7508263 ], [ -57.0221639, -29.7500842 ], [ -57.022721, -29.7496579 ], [ -57.022855, -29.7489781 ], [ -57.0227282, -29.7478947 ], [ -57.0244251, -29.7469135 ], [ -57.0247535, -29.7461986 ], [ -57.0248529, -29.745182 ], [ -57.0251097, -29.7448781 ], [ -57.0264646, -29.7447895 ], [ -57.0259483, -29.7437032 ], [ -57.0261129, -29.7427172 ], [ -57.0251137, -29.7427016 ], [ -57.0246364, -29.7424552 ], [ -57.0243162, -29.741896199999989 ], [ -57.0242382, -29.7411357 ], [ -57.0245783, -29.7399131 ], [ -57.0251605, -29.7389998 ], [ -57.0256751, -29.7385045 ], [ -57.0266294, -29.7382878 ], [ -57.0274422, -29.7377893 ], [ -57.0285047, -29.7357677 ], [ -57.0294245, -29.735431099999985 ], [ -57.0306982, -29.7337079 ], [ -57.0310158, -29.7334617 ], [ -57.0341415, -29.7321862 ], [ -57.03445, -29.7318318 ], [ -57.0345817, -29.7310269 ], [ -57.0348276, -29.7307154 ], [ -57.0354438, -29.7303931 ], [ -57.0364181, -29.7301365 ], [ -57.0371229, -29.7292714 ], [ -57.0376858, -29.7290422 ], [ -57.0382036, -29.7293602 ], [ -57.0383795, -29.7293337 ], [ -57.0394053, -29.7282877 ], [ -57.0396651, -29.7276557 ], [ -57.0407925, -29.7271394 ], [ -57.0406232, -29.726133 ], [ -57.0410816, -29.7257325 ], [ -57.0415788, -29.7248753 ], [ -57.0432024, -29.724985 ], [ -57.0441993, -29.723991 ], [ -57.0455092, -29.7246894 ], [ -57.0472567, -29.7244427 ], [ -57.0479763, -29.7237512 ], [ -57.0489026, -29.7235072 ], [ -57.0494212, -29.7229105 ], [ -57.050826, -29.7231008 ], [ -57.0517659, -29.722916699999985 ], [ -57.0520083, -29.722209 ], [ -57.0508403, -29.7209256 ], [ -57.0504245, -29.7206556 ], [ -57.0490753, -29.7205058 ], [ -57.0479821, -29.7194538 ], [ -57.0477489, -29.7181762 ], [ -57.046272, -29.7168139 ], [ -57.0460755, -29.7159593 ], [ -57.0454127, -29.7151759 ], [ -57.0449318, -29.7140349 ], [ -57.0434376, -29.7139553 ], [ -57.0422137, -29.7142768 ], [ -57.0414877, -29.7147035 ], [ -57.0412198, -29.7146403 ], [ -57.0407162, -29.7141458 ], [ -57.0403901, -29.7134223 ], [ -57.040277, -29.7124135 ], [ -57.0395645, -29.7113822 ], [ -57.0396822, -29.711277 ], [ -57.0405071, -29.7113387 ], [ -57.0410868, -29.7108028 ], [ -57.0415283, -29.7090831 ], [ -57.0419839, -29.7081401 ], [ -57.0419917, -29.707499 ], [ -57.0417043, -29.7061332 ], [ -57.0414213, -29.7057191 ], [ -57.0402794, -29.705164 ], [ -57.0396669, -29.705244 ], [ -57.0390496, -29.7048962 ], [ -57.039061, -29.7045743 ], [ -57.0394723, -29.7039763 ], [ -57.039486, -29.7030503 ], [ -57.0391465, -29.7023378 ], [ -57.0385088, -29.7016256 ], [ -57.0378496, -29.7000408 ], [ -57.0370138, -29.7002804 ], [ -57.0352528, -29.7003657 ], [ -57.0345895, -29.7007528 ], [ -57.0343396, -29.7015301 ], [ -57.0340726, -29.7043222 ], [ -57.0344611, -29.7053999 ], [ -57.0341388, -29.7058661 ], [ -57.0338146, -29.7060413 ], [ -57.0331046, -29.705633099999986 ], [ -57.032222, -29.7056455 ], [ -57.0303357, -29.7069884 ], [ -57.0293105, -29.7065374 ], [ -57.0285412, -29.7070864 ], [ -57.0282747, -29.7077875 ], [ -57.0275578, -29.7083447 ], [ -57.0252054, -29.7084004 ], [ -57.0241376, -29.7086465 ], [ -57.0228823, -29.7084526 ], [ -57.0222529, -29.7085827 ], [ -57.0205863, -29.7078871 ], [ -57.019692, -29.7082833 ], [ -57.0193369, -29.7082824 ], [ -57.0187713, -29.707756 ], [ -57.0184946, -29.7071931 ], [ -57.0181325, -29.7057336 ], [ -57.0182109, -29.705117200000011 ], [ -57.0189259, -29.7043097 ], [ -57.018927, -29.7041047 ], [ -57.0175248, -29.7026675 ], [ -57.0160926, -29.702297 ], [ -57.0146223, -29.7026239 ], [ -57.0137964, -29.7029157 ], [ -57.0133272, -29.7032435 ], [ -57.0125659, -29.7031445 ], [ -57.0116769, -29.7034209 ], [ -57.0114606, -29.7047632 ], [ -57.0100824, -29.704805799999985 ], [ -57.0093983, -29.7052028 ], [ -57.0086538, -29.7048364 ], [ -57.0080053, -29.705008599999989 ], [ -57.0060136, -29.7051261 ], [ -57.0051225, -29.7060071 ], [ -57.0044585, -29.7082463 ], [ -57.0041105, -29.7088157 ], [ -57.0024875, -29.7083133 ], [ -57.001844, -29.7078978 ], [ -57.001148, -29.7080239 ], [ -57.0000278, -29.707822200000013 ], [ -56.9993704, -29.7087102 ], [ -56.9994138, -29.7091024 ], [ -56.999146, -29.709686 ], [ -56.9988413, -29.7099473 ], [ -56.9982385, -29.7101306 ], [ -56.9979588, -29.710425399999988 ], [ -56.9981041, -29.7112847 ], [ -56.9978751, -29.712021 ], [ -56.9978484, -29.7128764 ], [ -56.9981273, -29.7136521 ], [ -56.9965178, -29.7155214 ], [ -56.9965935, -29.7157684 ], [ -56.9972307, -29.7163004 ], [ -56.9971831, -29.7169518 ], [ -56.9961828, -29.7178188 ], [ -56.9953495, -29.7178188 ], [ -56.9940717, -29.7183892 ], [ -56.9932115, -29.7193714 ], [ -56.9929192, -29.7202531 ], [ -56.9929978, -29.7207571 ], [ -56.9925479, -29.7210392 ], [ -56.9920257, -29.721106499999987 ], [ -56.9912758, -29.7209194 ], [ -56.9899586, -29.7213143 ], [ -56.9891512, -29.7211573 ], [ -56.9884461, -29.721273 ], [ -56.9879111, -29.7218504 ], [ -56.9880183, -29.7227233 ], [ -56.9876694, -29.7232986 ], [ -56.9873929, -29.7232964 ], [ -56.9868761, -29.7230065 ], [ -56.9866312, -29.7223527 ], [ -56.9857251, -29.7212052 ], [ -56.9851574, -29.7209225 ], [ -56.9838619, -29.7206249 ], [ -56.9834496, -29.7207182 ], [ -56.9825732, -29.721819 ], [ -56.9821101, -29.721971099999987 ], [ -56.9815522, -29.7216593 ], [ -56.9812296, -29.7208751 ], [ -56.9805366, -29.7206169 ], [ -56.9799851, -29.7206458 ], [ -56.9790024, -29.72127840000001 ], [ -56.9785792, -29.722193099999988 ], [ -56.9781309, -29.7225085 ], [ -56.9777654, -29.722495 ], [ -56.9771879, -29.7222268 ], [ -56.9762684, -29.7214956 ], [ -56.9752346, -29.7216263 ], [ -56.9743491, -29.7213288 ], [ -56.9738513, -29.7209935 ], [ -56.9730593, -29.7219288 ], [ -56.9721886, -29.7224639 ], [ -56.9714811, -29.7225034 ], [ -56.9706552, -29.7222731 ], [ -56.9699081, -29.7223462 ], [ -56.9683289, -29.7238698 ], [ -56.9676194, -29.7243382 ], [ -56.9669633, -29.7251846 ], [ -56.9663192, -29.725631399999987 ], [ -56.9659462, -29.7266587 ], [ -56.9658084, -29.7280204 ], [ -56.9646568, -29.7289683 ], [ -56.9639054, -29.7299095 ], [ -56.9627497, -29.7301352 ], [ -56.9627714, -29.7307419 ], [ -56.962439, -29.7313328 ], [ -56.9617688, -29.7314085 ], [ -56.9609852, -29.7309409 ], [ -56.9597938, -29.7308745 ], [ -56.959447, -29.7323949 ], [ -56.9587081, -29.733143 ], [ -56.9587044, -29.7338845 ], [ -56.9589512, -29.7349087 ], [ -56.9588261, -29.7352838 ], [ -56.9581953, -29.735813899999989 ], [ -56.9584049, -29.7369856 ], [ -56.9573332, -29.7373872 ], [ -56.9560409, -29.7384821 ], [ -56.955554, -29.739428 ], [ -56.9536116, -29.7407507 ], [ -56.952697, -29.7406293 ], [ -56.9517918, -29.7408267 ], [ -56.9511827, -29.7405967 ], [ -56.9507517, -29.7411111 ], [ -56.9499633, -29.7413637 ], [ -56.9486275, -29.7410798 ], [ -56.948255, -29.7407137 ], [ -56.9474154, -29.7404932 ], [ -56.9469393, -29.7401721 ], [ -56.9462334, -29.7402985 ], [ -56.9457446, -29.7402323 ], [ -56.944316, -29.7387007 ], [ -56.9434327, -29.7386795 ], [ -56.9421832, -29.7390953 ], [ -56.9415962, -29.7389523 ], [ -56.9404892, -29.738952599999987 ], [ -56.9393328, -29.7394484 ], [ -56.93905, -29.7393323 ], [ -56.9385176, -29.7386962 ], [ -56.9374657, -29.7383634 ], [ -56.9363255, -29.7384812 ], [ -56.9355413, -29.7398955 ], [ -56.9350751, -29.740006899999987 ], [ -56.9340928, -29.739382699999986 ], [ -56.9335673, -29.7387448 ], [ -56.9331292, -29.7387 ], [ -56.932475, -29.738892 ], [ -56.9320589, -29.7388079 ], [ -56.9315534, -29.738306200000011 ], [ -56.9313036, -29.7375704 ], [ -56.9306054, -29.737259 ], [ -56.9304623, -29.7374691 ], [ -56.9304912, -29.7380397 ], [ -56.9299222, -29.7384996 ], [ -56.930561, -29.7393559 ], [ -56.9306292, -29.7403755 ], [ -56.9295507, -29.7427708 ], [ -56.9295159, -29.7447635 ], [ -56.9289963, -29.7449809 ], [ -56.9278714, -29.7450757 ], [ -56.9266542, -29.7453748 ], [ -56.9252041, -29.7459796 ], [ -56.9245995, -29.7465893 ], [ -56.924022, -29.7479748 ], [ -56.9240824, -29.7491324 ], [ -56.923019, -29.7496749 ], [ -56.922064, -29.7498937 ], [ -56.9207078, -29.7514104 ], [ -56.9197065, -29.7511606 ], [ -56.918399, -29.7513879 ], [ -56.9172234, -29.750708 ], [ -56.9167729, -29.7507297 ], [ -56.9152904, -29.7503276 ], [ -56.9149139, -29.7504072 ], [ -56.9143086, -29.7508079 ], [ -56.9132521, -29.7509733 ], [ -56.91265, -29.7513702 ], [ -56.9109895, -29.751467 ], [ -56.910363, -29.7517089 ], [ -56.9094809, -29.7516497 ], [ -56.9085675, -29.751222 ], [ -56.9081354, -29.751197 ], [ -56.9074052, -29.7519383 ], [ -56.9056094, -29.7525091 ], [ -56.9038107, -29.7525214 ], [ -56.901716, -29.7520206 ], [ -56.899875, -29.7519862 ], [ -56.8985929, -29.7523181 ], [ -56.8980093, -29.7527261 ], [ -56.8974013, -29.7529056 ], [ -56.8967331, -29.753355 ], [ -56.8970053, -29.7542468 ], [ -56.8970003, -29.7552863 ], [ -56.896881, -29.7555612 ], [ -56.8962391, -29.7561045 ], [ -56.8955316, -29.7591339 ], [ -56.8950713, -29.7597636 ], [ -56.8948302, -29.7598499 ], [ -56.8947418, -29.7602783 ], [ -56.8943229, -29.7603497 ], [ -56.8941252, -29.760582 ], [ -56.8936824, -29.760597 ], [ -56.8933225, -29.761546 ], [ -56.8924305, -29.7622991 ], [ -56.8919369, -29.7633171 ], [ -56.8910423, -29.7637817 ], [ -56.8911728, -29.7661903 ], [ -56.8906915, -29.7670629 ], [ -56.8911439, -29.7680536 ], [ -56.8911806, -29.7693465 ], [ -56.8910945, -29.7696907 ], [ -56.8903456, -29.770578399999987 ], [ -56.890615, -29.7706064 ], [ -56.8906269, -29.770874799999984 ], [ -56.8908698, -29.7709003 ], [ -56.8912173, -29.7714048 ], [ -56.8914603, -29.7714303 ], [ -56.8921668, -29.7720862 ], [ -56.8926137, -29.7731561 ], [ -56.8930302, -29.7735439 ], [ -56.893449, -29.774358299999985 ], [ -56.8944678, -29.7748942 ], [ -56.8951726, -29.7757947 ], [ -56.8958251, -29.7760935 ], [ -56.8966251, -29.7762419 ], [ -56.8969503, -29.7764822 ], [ -56.8972338, -29.776848 ], [ -56.8976601, -29.778028 ], [ -56.8985777, -29.7793658 ], [ -56.8981762, -29.7799906 ], [ -56.8980623, -29.7812804 ], [ -56.8976358, -29.7818514 ], [ -56.8972611, -29.782923 ], [ -56.8956983, -29.7842645 ], [ -56.8949454, -29.7854973 ], [ -56.8929864, -29.7867434 ], [ -56.8925156, -29.787960299999984 ], [ -56.892225, -29.7883207 ], [ -56.8905277, -29.7896674 ], [ -56.889363, -29.7895115 ], [ -56.8884048, -29.7897637 ], [ -56.8881507, -29.790192899999987 ], [ -56.8881277, -29.7908201 ], [ -56.8883812, -29.7913664 ], [ -56.8884367, -29.7921123 ], [ -56.8886826, -29.7925415 ], [ -56.8882748, -29.7926693 ], [ -56.8877385, -29.7920673 ], [ -56.8866236, -29.791779699999989 ], [ -56.8851841, -29.7922806 ], [ -56.8844232, -29.7935876 ], [ -56.884041, -29.793883 ], [ -56.8833381, -29.793876199999989 ], [ -56.8827271, -29.7934666 ], [ -56.8822393, -29.793390099999989 ], [ -56.8805692, -29.794087 ], [ -56.8798568, -29.793675 ], [ -56.8788223, -29.7939219 ], [ -56.8771151, -29.7932963 ], [ -56.8754445, -29.7917646 ], [ -56.8740427, -29.7912073 ], [ -56.871738, -29.7908749 ], [ -56.8712792, -29.791377 ], [ -56.870429, -29.7916687 ], [ -56.869992, -29.7916464 ], [ -56.8684047, -29.788930399999987 ], [ -56.8678247, -29.788972 ], [ -56.8671325, -29.7893113 ], [ -56.8668951, -29.7896592 ], [ -56.8662513, -29.7895954 ], [ -56.8650713, -29.7903193 ], [ -56.865023, -29.7909738 ], [ -56.8647768, -29.7912822 ], [ -56.8639002, -29.7911669 ], [ -56.8634932, -29.7913188 ], [ -56.863193, -29.7924707 ], [ -56.8632674, -29.7929684 ], [ -56.862387, -29.7940104 ], [ -56.862294, -29.7944361 ], [ -56.8626307, -29.7957322 ], [ -56.8634072, -29.7967261 ], [ -56.8622259, -29.7980437 ], [ -56.8619003, -29.7982839 ], [ -56.8610189, -29.798467 ], [ -56.8596955, -29.7991093 ], [ -56.8585193, -29.7990219 ], [ -56.857801, -29.7999094 ], [ -56.8560761, -29.8010698 ], [ -56.8551851, -29.8009962 ], [ -56.8546048, -29.8011026 ], [ -56.8539356, -29.8009511 ], [ -56.8533987, -29.8013829 ], [ -56.8520157, -29.8017083 ], [ -56.8525519, -29.8023615 ], [ -56.8525295, -29.8034754 ], [ -56.852063, -29.8035883 ], [ -56.8514439, -29.8034031 ], [ -56.8503524, -29.8033587 ], [ -56.8493683, -29.8034758 ], [ -56.8487473, -29.804360499999987 ], [ -56.8485809, -29.8052391 ], [ -56.8475713, -29.8064305 ], [ -56.8461974, -29.8064018 ], [ -56.8446268, -29.8057872 ], [ -56.8427374, -29.8037407 ], [ -56.8403474, -29.8031351 ], [ -56.8397281, -29.8033263 ], [ -56.8395128, -29.8036357 ], [ -56.8394526, -29.8046125 ], [ -56.8390685, -29.8051274 ], [ -56.8388605, -29.8057962 ], [ -56.8383342, -29.8063749 ], [ -56.8370832, -29.8073173 ], [ -56.8367484, -29.8079459 ], [ -56.8367379, -29.808375 ], [ -56.8382917, -29.809019899999985 ], [ -56.8396598, -29.8100749 ], [ -56.8400717, -29.8113781 ], [ -56.8394523, -29.814337599999988 ], [ -56.8385067, -29.8154 ], [ -56.8380715, -29.816572 ], [ -56.8375683, -29.8172457 ], [ -56.838073, -29.8175181 ], [ -56.839117, -29.8195354 ], [ -56.8389815, -29.8203648 ], [ -56.8391831, -29.8211549 ], [ -56.8388339, -29.8222336 ], [ -56.8382948, -29.8227319 ], [ -56.8376556, -29.8229874 ], [ -56.8375713, -29.8239306 ], [ -56.8385516, -29.824437499999984 ], [ -56.8393677, -29.8245356 ], [ -56.8398181, -29.8251828 ], [ -56.8403491, -29.8253195 ], [ -56.8400697, -29.8261323 ], [ -56.840088, -29.8274585 ], [ -56.8402596, -29.8280091 ], [ -56.8397936, -29.8289306 ], [ -56.8404419, -29.828991099999985 ], [ -56.841056, -29.8293084 ], [ -56.8412106, -29.8302774 ], [ -56.8413936, -29.8305279 ], [ -56.8435408, -29.8309871 ], [ -56.8437795, -29.8321874 ], [ -56.8448817, -29.8337717 ], [ -56.8452593, -29.8338868 ], [ -56.8457862, -29.8337702 ], [ -56.8460542, -29.8339601 ], [ -56.8466706, -29.834916 ], [ -56.8468691, -29.8357789 ], [ -56.8475714, -29.8361528 ], [ -56.8486033, -29.8371498 ], [ -56.8489387, -29.8384213 ], [ -56.8490554, -29.8399691 ], [ -56.8500344, -29.8411004 ], [ -56.8501032, -29.8422224 ], [ -56.8503348, -29.8429647 ], [ -56.8503858, -29.8450849 ], [ -56.8513496, -29.8473718 ], [ -56.8512359, -29.8485039 ], [ -56.8515591, -29.8493159 ], [ -56.8523597, -29.8495646 ], [ -56.8525532, -29.8498136 ], [ -56.8525539, -29.8503532 ], [ -56.8520865, -29.8510747 ], [ -56.852016, -29.8517083 ], [ -56.8529941, -29.8519886 ], [ -56.8537528, -29.8519281 ], [ -56.854333, -29.8509428 ], [ -56.8547834, -29.8506369 ], [ -56.8579991, -29.8510416 ], [ -56.8586827, -29.850875 ], [ -56.8601593, -29.8529378 ], [ -56.8608052, -29.853458299999989 ], [ -56.8607399, -29.8543764 ], [ -56.8609485, -29.854904499999986 ], [ -56.8613836, -29.8555744 ], [ -56.8617383, -29.855597199999984 ], [ -56.8617706, -29.8546703 ], [ -56.862378, -29.8542749 ], [ -56.8635848, -29.8538531 ], [ -56.864219, -29.853372 ], [ -56.8668216, -29.853321 ], [ -56.8674337, -29.852652 ], [ -56.8683184, -29.8523151 ], [ -56.8710793, -29.8521574 ], [ -56.8726849, -29.8515204 ], [ -56.8737911, -29.8512622 ], [ -56.8744926, -29.8514217 ], [ -56.8754283, -29.8513817 ], [ -56.8760826, -29.851075 ], [ -56.8769321, -29.8503716 ], [ -56.8777349, -29.8501179 ], [ -56.8783411, -29.8501927 ], [ -56.8793485, -29.8498792 ], [ -56.8799742, -29.849994 ], [ -56.8812411, -29.8497671 ], [ -56.8825415, -29.850026 ], [ -56.8837819, -29.8498151 ], [ -56.8846277, -29.8499621 ], [ -56.8857452, -29.8490248 ], [ -56.8866258, -29.8488393 ], [ -56.8878112, -29.8481544 ], [ -56.8892384, -29.8483749 ] ] ] } },
{ "type": "Feature", "properties": { "wts_pk": 133644, "codigo_otto": "82534", "nivel_otto_declarado": 5, "area_m2_bho": 12.500944102498984, "nivel_otto": 5 }, "geometry": { "type": "Polygon", "coordinates": [ [ [ -57.0786836, -29.7850408 ], [ -57.0791515, -29.7858048 ], [ -57.079906, -29.7860679 ], [ -57.0808077, -29.7860282 ], [ -57.0813484, -29.7866284 ], [ -57.0816226, -29.7866081 ], [ -57.0822133, -29.786217 ], [ -57.082758, -29.7861494 ], [ -57.0838345, -29.786171 ], [ -57.0857001, -29.7864908 ], [ -57.0863818, -29.7869227 ], [ -57.0879824, -29.7873786 ], [ -57.0882314, -29.7882969 ], [ -57.0888827, -29.788886500000011 ], [ -57.0897426, -29.7888123 ], [ -57.0907084, -29.787696 ], [ -57.0910195, -29.7876078 ], [ -57.0935989, -29.7891524 ], [ -57.0943117, -29.789313 ], [ -57.0945171, -29.7894852 ], [ -57.095906, -29.7894852 ], [ -57.096, -29.7881683 ], [ -57.0963034, -29.7879078 ], [ -57.0969139, -29.787725699999989 ], [ -57.0972255, -29.7874039 ], [ -57.0971924, -29.7870685 ], [ -57.096782, -29.7864832 ], [ -57.096829, -29.7859543 ], [ -57.0971741, -29.7856396 ], [ -57.0983224, -29.7851602 ], [ -57.0988945, -29.784331199999983 ], [ -57.0990229, -29.7835235 ], [ -57.0993126, -29.7829685 ], [ -57.1008129, -29.7820443 ], [ -57.101867, -29.7822415 ], [ -57.1024641, -29.7821841 ], [ -57.1027941, -29.7818476 ], [ -57.102933, -29.78076170000001 ], [ -57.1036036, -29.7803387 ], [ -57.1037134, -29.7805728 ], [ -57.1041903, -29.7806118 ], [ -57.1044178, -29.7808757 ], [ -57.105478, -29.7803332 ], [ -57.1077701, -29.7803341 ], [ -57.1086305, -29.7804787 ], [ -57.1089125, -29.7801737 ], [ -57.1089586, -29.7797232 ], [ -57.108554, -29.7787249 ], [ -57.1091404, -29.7784268 ], [ -57.1101451, -29.7783149 ], [ -57.1114476, -29.777817400000011 ], [ -57.1119803, -29.7778293 ], [ -57.112041, -29.7780773 ], [ -57.1123746, -29.7781167 ], [ -57.1128066, -29.778467 ], [ -57.1135472, -29.7795465 ], [ -57.1135099, -29.78024610000001 ], [ -57.1144314, -29.7808241 ], [ -57.1155153, -29.7807162 ], [ -57.1159481, -29.7808032 ], [ -57.1164212, -29.7806729 ], [ -57.1169036, -29.780765399999986 ], [ -57.1190623, -29.77985120000001 ], [ -57.1197949, -29.7800406 ], [ -57.1198686, -29.7790891 ], [ -57.1208654, -29.778527 ], [ -57.121642, -29.7777413 ], [ -57.1218723, -29.7761836 ], [ -57.1232035, -29.7745433 ], [ -57.1244099, -29.7738528 ], [ -57.1243537, -29.7732069 ], [ -57.1245539, -29.7727595 ], [ -57.1269182, -29.7699623 ], [ -57.127082, -29.7688022 ], [ -57.1275727, -29.7680961 ], [ -57.1264994, -29.768061 ], [ -57.1244877, -29.7675783 ], [ -57.1231601, -29.7674985 ], [ -57.1223116, -29.7672714 ], [ -57.121327, -29.7672833 ], [ -57.1203646, -29.7675329 ], [ -57.1193809, -29.7675236 ], [ -57.1183818, -29.7670249 ], [ -57.1161045, -29.766924 ], [ -57.1149561, -29.7662526 ], [ -57.1140771, -29.7665123 ], [ -57.1130812, -29.7674164 ], [ -57.1127601, -29.7674596 ], [ -57.1116869, -29.766287299999988 ], [ -57.1106253, -29.7659689 ], [ -57.1099941, -29.765102699999986 ], [ -57.1090605, -29.7644067 ], [ -57.1082801, -29.7631955 ], [ -57.1074581, -29.7626283 ], [ -57.1068849, -29.7624182 ], [ -57.1066012, -29.7620948 ], [ -57.1061852, -29.7620326 ], [ -57.1054489, -29.7622147 ], [ -57.1046572, -29.7620051 ], [ -57.1035458, -29.7619962 ], [ -57.103228, -29.7621042 ], [ -57.1028688, -29.7625457 ], [ -57.1004665, -29.7618932 ], [ -57.0996924, -29.7612327 ], [ -57.0991318, -29.760959 ], [ -57.0970662, -29.760464699999989 ], [ -57.0959509, -29.7596346 ], [ -57.0952759, -29.758710599999986 ], [ -57.0944421, -29.7578776 ], [ -57.0937334, -29.7574083 ], [ -57.0932207, -29.7567625 ], [ -57.0923806, -29.7562166 ], [ -57.091112, -29.756351 ], [ -57.0903206, -29.7553519 ], [ -57.0896648, -29.7554172 ], [ -57.0888572, -29.7563242 ], [ -57.0879547, -29.7562569 ], [ -57.0872066, -29.7571108 ], [ -57.0868947, -29.7572428 ], [ -57.0863856, -29.7572194 ], [ -57.0857918, -29.756952299999984 ], [ -57.0846748, -29.7561762 ], [ -57.0814613, -29.7567074 ], [ -57.0822189, -29.7576186 ], [ -57.0824745, -29.758261599999987 ], [ -57.0813245, -29.7595254 ], [ -57.0811157, -29.7601797 ], [ -57.0808633, -29.7604598 ], [ -57.0799575, -29.7603959 ], [ -57.0794272, -29.7606498 ], [ -57.0788903, -29.7616536 ], [ -57.0783046, -29.7621945 ], [ -57.077784, -29.7624313 ], [ -57.0769482, -29.7621888 ], [ -57.0765253, -29.7618367 ], [ -57.0757799, -29.7624359 ], [ -57.0748896, -29.7626956 ], [ -57.074987, -29.7633988 ], [ -57.0747946, -29.7639296 ], [ -57.0733381, -29.7639951 ], [ -57.0730248, -29.7646847 ], [ -57.0727318, -29.7649538 ], [ -57.0716229, -29.7652031 ], [ -57.0710702, -29.7651194 ], [ -57.0703672, -29.7656987 ], [ -57.0698437, -29.7665799 ], [ -57.0698072, -29.767218 ], [ -57.0701497, -29.7679408 ], [ -57.0705758, -29.7683289 ], [ -57.0708197, -29.7694185 ], [ -57.0703121, -29.7701922 ], [ -57.0690958, -29.7709073 ], [ -57.0674006, -29.772928 ], [ -57.0680283, -29.7737321 ], [ -57.0681303, -29.7741541 ], [ -57.0680742, -29.7747934 ], [ -57.0676239, -29.7752916 ], [ -57.0676017, -29.775916899999988 ], [ -57.0679332, -29.7765518 ], [ -57.0683225, -29.7768736 ], [ -57.0683882, -29.7771674 ], [ -57.0680461, -29.7780224 ], [ -57.067349, -29.7786495 ], [ -57.0672968, -29.7790576 ], [ -57.0675666, -29.7795627 ], [ -57.0680425, -29.779939100000011 ], [ -57.0682635, -29.7808524 ], [ -57.0686025, -29.7810363 ], [ -57.069548, -29.7803843 ], [ -57.0712812, -29.7812053 ], [ -57.0719569, -29.7821318 ], [ -57.0720851, -29.7831952 ], [ -57.0722947, -29.7836519 ], [ -57.0733129, -29.7834055 ], [ -57.0752629, -29.7838915 ], [ -57.0765732, -29.7834456 ], [ -57.0772263, -29.7839752 ], [ -57.0779868, -29.7848947 ], [ -57.0786836, -29.7850408 ] ] ] } },
{ "type": "Feature", "properties": { "wts_pk": 133647, "codigo_otto": "82537", "nivel_otto_declarado": 5, "area_m2_bho": 4.3761332041085703, "nivel_otto": 5 }, "geometry": { "type": "Polygon", "coordinates": [ [ [ -57.0753521, -29.7287126 ], [ -57.0745348, -29.7293011 ], [ -57.0745142, -29.7300586 ], [ -57.0747822, -29.730435500000013 ], [ -57.0757705, -29.7313167 ], [ -57.0763205, -29.7315409 ], [ -57.0776468, -29.7330373 ], [ -57.0785415, -29.7334863 ], [ -57.0795908, -29.7347043 ], [ -57.0816068, -29.7362564 ], [ -57.0820657, -29.7368538 ], [ -57.0827294, -29.7372852 ], [ -57.0837265, -29.7382473 ], [ -57.0841951, -29.738505800000013 ], [ -57.0845168, -29.7392074 ], [ -57.0855058, -29.7392453 ], [ -57.0868532, -29.7399836 ], [ -57.0872462, -29.7400427 ], [ -57.0876668, -29.7396074 ], [ -57.088546537169691, -29.739205274248334 ], [ -57.0829, -29.7346 ], [ -57.076451415337175, -29.728622693886187 ], [ -57.0753521, -29.7287126 ] ] ] } },
{ "type": "Feature", "properties": { "wts_pk": 133650, "codigo_otto": "82552", "nivel_otto_declarado": 5, "area_m2_bho": 4.7643854906596097, "nivel_otto": 5 }, "geometry": { "type": "Polygon", "coordinates": [ [ [ -57.0744469, -29.7300411 ], [ -57.0732354, -29.7296778 ], [ -57.0724195, -29.7291084 ], [ -57.0704914, -29.7264642 ], [ -57.0670887, -29.7238726 ], [ -57.0661095, -29.7225991 ], [ -57.0642644, -29.720761299999989 ], [ -57.063611, -29.7198202 ], [ -57.0609788, -29.7174827 ], [ -57.0603243, -29.7165425 ], [ -57.058393566393974, -29.714453650715278 ], [ -57.0573, -29.7137 ], [ -57.052222045934883, -29.707645527456844 ], [ -57.0501972, -29.7060528 ], [ -57.05006636989107, -29.705682167163953 ], [ -57.048413054106824, -29.704204220155315 ], [ -57.0470688, -29.7044625 ], [ -57.0460426, -29.7042272 ], [ -57.0450961, -29.704236 ], [ -57.0429313, -29.705198 ], [ -57.0424932, -29.7058119 ], [ -57.0417386, -29.7064297 ], [ -57.0419999, -29.7080526 ], [ -57.0415283, -29.7090831 ], [ -57.0410868, -29.7108028 ], [ -57.0405071, -29.7113387 ], [ -57.0396822, -29.711277 ], [ -57.0395645, -29.7113822 ], [ -57.040277, -29.7124135 ], [ -57.0403901, -29.7134223 ], [ -57.0406783, -29.7140821 ], [ -57.0412198, -29.7146403 ], [ -57.0414877, -29.7147035 ], [ -57.0422137, -29.7142768 ], [ -57.0434376, -29.7139553 ], [ -57.0449318, -29.7140349 ], [ -57.0454127, -29.7151759 ], [ -57.0460755, -29.7159593 ], [ -57.046272, -29.7168139 ], [ -57.0477489, -29.7181762 ], [ -57.0478921, -29.7192534 ], [ -57.048192, -29.7197121 ], [ -57.0490753, -29.7205058 ], [ -57.0504245, -29.7206556 ], [ -57.0508403, -29.7209256 ], [ -57.0524213, -29.7227649 ], [ -57.0529976, -29.7231992 ], [ -57.0531651, -29.7242572 ], [ -57.0533941, -29.7245868 ], [ -57.0550267, -29.7251693 ], [ -57.0555348, -29.7256698 ], [ -57.0561783, -29.7268039 ], [ -57.0572435, -29.7271181 ], [ -57.0577564, -29.7276147 ], [ -57.0582539, -29.7285521 ], [ -57.0596663, -29.7292382 ], [ -57.0598043, -29.7297189 ], [ -57.0597612, -29.7309153 ], [ -57.0591561, -29.7318283 ], [ -57.0587674, -29.732149199999984 ], [ -57.0584545, -29.7329653 ], [ -57.0584402, -29.7334355 ], [ -57.0587156, -29.733804 ], [ -57.0598948, -29.7346905 ], [ -57.0607469, -29.7350269 ], [ -57.0613419, -29.7349563 ], [ -57.0621869, -29.734288 ], [ -57.06375, -29.7342687 ], [ -57.0641833, -29.7349036 ], [ -57.0643394, -29.7357939 ], [ -57.0650722, -29.7367074 ], [ -57.0652324, -29.7367024 ], [ -57.0653701, -29.7359198 ], [ -57.0659055, -29.7358741 ], [ -57.0665324, -29.7348177 ], [ -57.0676905, -29.7339092 ], [ -57.0676836, -29.7331732 ], [ -57.0684869, -29.7321346 ], [ -57.0687102, -29.732057299999987 ], [ -57.0691799, -29.7330175 ], [ -57.0707994, -29.7331798 ], [ -57.0714209, -29.7334985 ], [ -57.0721834, -29.7344414 ], [ -57.0745855, -29.7354717 ], [ -57.0750496, -29.7354739 ], [ -57.0782491, -29.7379453 ], [ -57.0784056, -29.7383741 ], [ -57.0795293, -29.7381174 ], [ -57.0800362, -29.7382118 ], [ -57.0805297, -29.7387289 ], [ -57.080661, -29.7397296 ], [ -57.0808332, -29.7399731 ], [ -57.0812548, -29.7399854 ], [ -57.082104, -29.7395302 ], [ -57.0834864, -29.7397148 ], [ -57.0844746, -29.7393041 ], [ -57.0844809, -29.738913300000011 ], [ -57.0841951, -29.738505800000013 ], [ -57.0837265, -29.7382473 ], [ -57.0827294, -29.7372852 ], [ -57.0820657, -29.7368538 ], [ -57.0816068, -29.7362564 ], [ -57.0795908, -29.7347043 ], [ -57.0785415, -29.7334863 ], [ -57.0776468, -29.7330373 ], [ -57.0763205, -29.7315409 ], [ -57.0757705, -29.7313167 ], [ -57.0744469, -29.7300411 ] ] ] } },
{ "type": "Feature", "properties": { "wts_pk": 133649, "codigo_otto": "82551", "nivel_otto_declarado": 5, "area_m2_bho": 2.6028720368310698, "nivel_otto": 5 }, "geometry": { "type": "MultiPolygon", "coordinates": [ [ [ [ -57.0745118, -29.7294416 ], [ -57.0748494, -29.7289731 ], [ -57.0752669, -29.7288878 ], [ -57.0753526, -29.7286816 ], [ -57.0748863, -29.7280235 ], [ -57.074504591164846, -29.726817946089625 ], [ -57.0692, -29.7219 ], [ -57.058393566393974, -29.714453650715278 ], [ -57.0603243, -29.7165425 ], [ -57.0609788, -29.7174827 ], [ -57.063611, -29.7198202 ], [ -57.0642644, -29.720761299999989 ], [ -57.0661095, -29.7225991 ], [ -57.0670887, -29.7238726 ], [ -57.0704914, -29.7264642 ], [ -57.0724195, -29.7291084 ], [ -57.0732354, -29.7296778 ], [ -57.074495, -29.7300436 ], [ -57.0745118, -29.7294416 ] ] ], [ [ [ -57.05006636989107, -29.705682167163953 ], [ -57.0501972, -29.7060528 ], [ -57.052222045934883, -29.707645527456844 ], [ -57.05006636989107, -29.705682167163953 ] ] ], [ [ [ -57.052869934580116, -29.708418060287809 ], [ -57.0531536, -29.708816399999989 ], [ -57.053505950366542, -29.709176421406692 ], [ -57.052869934580116, -29.708418060287809 ] ] ] ] } },
{ "type": "Feature", "properties": { "wts_pk": 133653, "codigo_otto": "82555", "nivel_otto_declarado": 5, "area_m2_bho": 1.56848175745011, "nivel_otto": 5 }, "geometry": { "type": "Polygon", "coordinates": [ [ [ -57.0378583, -29.6999871 ], [ -57.0384994, -29.6990042 ], [ -57.039061575861297, -29.698460827297005 ], [ -57.0334, -29.6957 ], [ -57.031775094498371, -29.694100588007327 ], [ -57.0312873, -29.6948445 ], [ -57.0310508, -29.695565299999988 ], [ -57.0293561, -29.6970405 ], [ -57.0295593, -29.6976808 ], [ -57.030248, -29.698823900000011 ], [ -57.029432, -29.7001576 ], [ -57.0288019, -29.7004125 ], [ -57.0281957, -29.7009283 ], [ -57.0266013, -29.7029879 ], [ -57.0247311, -29.7031688 ], [ -57.0238401, -29.704668 ], [ -57.023206, -29.7049865 ], [ -57.0219541, -29.7051253 ], [ -57.0213865, -29.7057512 ], [ -57.0212261, -29.7056299 ], [ -57.0210872, -29.7048518 ], [ -57.0205298, -29.7042873 ], [ -57.0189607, -29.7042076 ], [ -57.0182109, -29.705117200000011 ], [ -57.0181298, -29.7054526 ], [ -57.0184406, -29.7070326 ], [ -57.0187334, -29.7076924 ], [ -57.019403, -29.7083032 ], [ -57.02066, -29.7078877 ], [ -57.0213764, -29.7083134 ], [ -57.0222529, -29.7085827 ], [ -57.0228823, -29.7084526 ], [ -57.0241376, -29.7086465 ], [ -57.0253208, -29.7083904 ], [ -57.0274495, -29.7083598 ], [ -57.0280639, -29.7080457 ], [ -57.0285412, -29.7070864 ], [ -57.0293105, -29.7065374 ], [ -57.0303496, -29.70698530000001 ], [ -57.0320678, -29.7057175 ], [ -57.0324269, -29.7056091 ], [ -57.0332029, -29.7056576 ], [ -57.0339031, -29.7060332 ], [ -57.0344611, -29.7053999 ], [ -57.0340726, -29.7043222 ], [ -57.0343396, -29.7015301 ], [ -57.0345895, -29.7007528 ], [ -57.0352528, -29.7003657 ], [ -57.0370138, -29.7002804 ], [ -57.0378583, -29.6999871 ] ] ] } },
{ "type": "Feature", "properties": { "wts_pk": 133654, "codigo_otto": "82556", "nivel_otto_declarado": 5, "area_m2_bho": 31.158887637725698, "nivel_otto": 5 }, "geometry": { "type": "Polygon", "coordinates": [ [ [ -56.9589604, -29.7169856 ], [ -56.9584679, -29.717692 ], [ -56.9583397, -29.7184997 ], [ -56.9573466, -29.7211497 ], [ -56.9575712, -29.7222154 ], [ -56.9572921, -29.7230801 ], [ -56.9573485, -29.7237355 ], [ -56.9580592, -29.72491680000001 ], [ -56.9582042, -29.725997 ], [ -56.9586533, -29.7267289 ], [ -56.9586159, -29.7271119 ], [ -56.9581667, -29.7277765 ], [ -56.9581614, -29.7286951 ], [ -56.9586044, -29.7293605 ], [ -56.9587821, -29.7299621 ], [ -56.9596609, -29.730819 ], [ -56.9608732, -29.730914 ], [ -56.9616743, -29.7313879 ], [ -56.9622781, -29.7313983 ], [ -56.9627492, -29.730809 ], [ -56.9627497, -29.7301352 ], [ -56.9639054, -29.7299095 ], [ -56.9646568, -29.7289683 ], [ -56.9657753, -29.7280674 ], [ -56.9659462, -29.7266587 ], [ -56.9662474, -29.7257405 ], [ -56.9671518, -29.725002 ], [ -56.9676194, -29.7243382 ], [ -56.9683289, -29.7238698 ], [ -56.9699081, -29.7223462 ], [ -56.9706552, -29.7222731 ], [ -56.9714811, -29.7225034 ], [ -56.9721886, -29.7224639 ], [ -56.9730593, -29.7219288 ], [ -56.9738126, -29.7209975 ], [ -56.9752346, -29.7216263 ], [ -56.976345, -29.7215229 ], [ -56.9771221, -29.72218890000001 ], [ -56.9780399, -29.7225175 ], [ -56.9785437, -29.7222392 ], [ -56.9790024, -29.72127840000001 ], [ -56.9799851, -29.7206458 ], [ -56.9805366, -29.7206169 ], [ -56.9812296, -29.7208751 ], [ -56.9815522, -29.7216593 ], [ -56.9821101, -29.721971099999987 ], [ -56.9825732, -29.721819 ], [ -56.9834496, -29.7207182 ], [ -56.9840445, -29.7206463 ], [ -56.9852442, -29.7209525 ], [ -56.9857827, -29.721247799999986 ], [ -56.9866312, -29.7223527 ], [ -56.9868761, -29.7230065 ], [ -56.9875317, -29.7233195 ], [ -56.987777, -29.723225700000011 ], [ -56.9880056, -29.7227826 ], [ -56.9879411, -29.7217834 ], [ -56.9885144, -29.7212337 ], [ -56.9892663, -29.7211621 ], [ -56.9899586, -29.7213143 ], [ -56.9912758, -29.7209194 ], [ -56.9923087, -29.7211098 ], [ -56.9929267, -29.7208408 ], [ -56.9929313, -29.7201826 ], [ -56.9931789, -29.7194388 ], [ -56.994028, -29.7184279 ], [ -56.994342, -29.7181786 ], [ -56.9953495, -29.7178188 ], [ -56.9961828, -29.7178188 ], [ -56.9972156, -29.7169045 ], [ -56.9972307, -29.7163004 ], [ -56.9965935, -29.7157684 ], [ -56.9965178, -29.7155214 ], [ -56.9981273, -29.7136521 ], [ -56.9978484, -29.7128764 ], [ -56.9978751, -29.712021 ], [ -56.9981041, -29.7112847 ], [ -56.9979588, -29.710425399999988 ], [ -56.9982385, -29.7101306 ], [ -56.9988413, -29.7099473 ], [ -56.999146, -29.709686 ], [ -56.9994138, -29.7091024 ], [ -56.9993704, -29.7087102 ], [ -57.0000278, -29.707822200000013 ], [ -57.001148, -29.7080239 ], [ -57.001844, -29.7078978 ], [ -57.0024875, -29.7083133 ], [ -57.0041105, -29.7088157 ], [ -57.0044585, -29.7082463 ], [ -57.0051225, -29.7060071 ], [ -57.0060136, -29.7051261 ], [ -57.0080053, -29.705008599999989 ], [ -57.0086538, -29.7048364 ], [ -57.0093983, -29.7052028 ], [ -57.0100824, -29.704805799999985 ], [ -57.0114606, -29.7047632 ], [ -57.0116769, -29.7034209 ], [ -57.0125659, -29.7031445 ], [ -57.0133272, -29.7032435 ], [ -57.0138727, -29.7028818 ], [ -57.0159049, -29.7023045 ], [ -57.0175248, -29.7026675 ], [ -57.0189607, -29.7042076 ], [ -57.0205298, -29.7042873 ], [ -57.0210872, -29.7048518 ], [ -57.0212261, -29.7056299 ], [ -57.0213865, -29.7057512 ], [ -57.0219541, -29.7051253 ], [ -57.023206, -29.7049865 ], [ -57.0238401, -29.704668 ], [ -57.0247311, -29.7031688 ], [ -57.0266013, -29.7029879 ], [ -57.0281957, -29.7009283 ], [ -57.0288019, -29.7004125 ], [ -57.029432, -29.7001576 ], [ -57.030248, -29.698823900000011 ], [ -57.0295593, -29.6976808 ], [ -57.0293561, -29.6970405 ], [ -57.0308847, -29.6957659 ], [ -57.0317385, -29.6942075 ], [ -57.0309972, -29.6940969 ], [ -57.0299606, -29.6934597 ], [ -57.0290399, -29.6931458 ], [ -57.0282567, -29.6931217 ], [ -57.0274718, -29.6933385 ], [ -57.027061, -29.6932496 ], [ -57.0259775, -29.6922064 ], [ -57.0246151, -29.690518100000016 ], [ -57.0235115, -29.6891233 ], [ -57.023268, -29.6884827 ], [ -57.0227165, -29.6880552 ], [ -57.0222386, -29.6873995 ], [ -57.0213202, -29.6869498 ], [ -57.0210382, -29.6864706 ], [ -57.0204435, -29.6859826 ], [ -57.0199553, -29.6850454 ], [ -57.0194132, -29.684835 ], [ -57.0182459, -29.6854912 ], [ -57.0171134, -29.6844024 ], [ -57.016852, -29.6835425 ], [ -57.0171567, -29.6829469 ], [ -57.0166099, -29.6825054 ], [ -57.0151455, -29.6807345 ], [ -57.0151501, -29.6804608 ], [ -57.0155139, -29.6798725 ], [ -57.0144262, -29.6770566 ], [ -57.0140664, -29.6764779 ], [ -57.0131272, -29.676152 ], [ -57.0133969, -29.6752752 ], [ -57.0133889, -29.6745237 ], [ -57.0126347, -29.6732252 ], [ -57.012507, -29.6721357 ], [ -57.0119629, -29.6707311 ], [ -57.0096992, -29.6665047 ], [ -57.0079293, -29.6654308 ], [ -57.0077502, -29.66373050000001 ], [ -57.0064314, -29.6620999 ], [ -57.005766, -29.6615903 ], [ -57.00549, -29.6607095 ], [ -57.0051693, -29.6606757 ], [ -57.0047079, -29.6609184 ], [ -57.0041614, -29.6616594 ], [ -57.0037678, -29.6619312 ], [ -57.0032721, -29.6618769 ], [ -57.0026766, -29.6612261 ], [ -57.0019056, -29.661459 ], [ -57.0012759, -29.6620568 ], [ -57.0008083, -29.6630238 ], [ -57.000278, -29.6635977 ], [ -56.9999477, -29.6638083 ], [ -56.9993718, -29.6637794 ], [ -56.9986807, -29.665545 ], [ -56.9987227, -29.6661957 ], [ -56.9991777, -29.6668628 ], [ -56.999198, -29.667315799999983 ], [ -56.9978624, -29.668097299999989 ], [ -56.9976419, -29.6679187 ], [ -56.9962569, -29.6675966 ], [ -56.9950247, -29.6677559 ], [ -56.9946432, -29.6675198 ], [ -56.994024, -29.6662808 ], [ -56.9938896, -29.6651948 ], [ -56.9932067, -29.664069 ], [ -56.9933026, -29.6632529 ], [ -56.9923999, -29.6624578 ], [ -56.9921541, -29.6614559 ], [ -56.99122, -29.66093 ], [ -56.9909432, -29.6611609 ], [ -56.9910642, -29.661866 ], [ -56.9904667, -29.6640429 ], [ -56.9905517, -29.6646284 ], [ -56.9897502, -29.6654761 ], [ -56.9885428, -29.6655792 ], [ -56.9874763, -29.6651281 ], [ -56.9871476, -29.6654682 ], [ -56.9865466, -29.6657524 ], [ -56.9856913, -29.6671934 ], [ -56.9838933, -29.6675424 ], [ -56.9833264, -29.6674761 ], [ -56.9827001, -29.667112499999988 ], [ -56.9819678, -29.6679606 ], [ -56.9810332, -29.6681995 ], [ -56.9804196, -29.6685973 ], [ -56.9793753, -29.6686346 ], [ -56.9785838, -29.6684252 ], [ -56.9779101, -29.6685344 ], [ -56.977343, -29.6682503 ], [ -56.9768727, -29.6676564 ], [ -56.975183, -29.6671661 ], [ -56.9743965, -29.6665363 ], [ -56.9733017, -29.6674615 ], [ -56.9721256, -29.6679997 ], [ -56.9713324, -29.6677099 ], [ -56.9710486, -29.6670882 ], [ -56.9703614, -29.6667462 ], [ -56.9693916, -29.666952699999985 ], [ -56.9675888, -29.667029 ], [ -56.9669026, -29.6674439 ], [ -56.9665525, -29.667456499999986 ], [ -56.9652254, -29.6665851 ], [ -56.9650476, -29.6661488 ], [ -56.9643806, -29.6664605 ], [ -56.9641124, -29.6671639 ], [ -56.9629738, -29.668122100000012 ], [ -56.9628491, -29.6692077 ], [ -56.9637433, -29.669251 ], [ -56.9641453, -29.66959 ], [ -56.9635059, -29.6712624 ], [ -56.9637864, -29.6721781 ], [ -56.9644772, -29.6728457 ], [ -56.964085, -29.6741506 ], [ -56.9649755, -29.6751167 ], [ -56.9655574, -29.676288600000014 ], [ -56.9651039, -29.6773603 ], [ -56.9651651, -29.6776536 ], [ -56.965578, -29.6781241 ], [ -56.9655352, -29.6784834 ], [ -56.9652032, -29.6788292 ], [ -56.9653852, -29.6806392 ], [ -56.9656774, -29.681575 ], [ -56.9661115, -29.6821974 ], [ -56.9678372, -29.682297499999986 ], [ -56.9683002, -29.6825514 ], [ -56.968628, -29.6829582 ], [ -56.9689374, -29.684191 ], [ -56.9685952, -29.684967399999987 ], [ -56.9674018, -29.6862552 ], [ -56.9674133, -29.6865788 ], [ -56.9675714, -29.6867077 ], [ -56.9675714, -29.6880966 ], [ -56.9673443, -29.6881961 ], [ -56.9670132, -29.688887 ], [ -56.9672671, -29.6893187 ], [ -56.9672936, -29.6897633 ], [ -56.9669141, -29.6898993 ], [ -56.9662845, -29.6898558 ], [ -56.9652047, -29.6906271 ], [ -56.9648312, -29.6916643 ], [ -56.9646954, -29.693297 ], [ -56.9638602, -29.6943226 ], [ -56.9631981, -29.6947071 ], [ -56.9632231, -29.6949614 ], [ -56.9641274, -29.6962607 ], [ -56.9641509, -29.6980221 ], [ -56.9634881, -29.698600499999984 ], [ -56.9623985, -29.698848 ], [ -56.9618289, -29.6987933 ], [ -56.9614364, -29.700268 ], [ -56.9610982, -29.7005873 ], [ -56.9603492, -29.7005967 ], [ -56.96001, -29.7018388 ], [ -56.9593071, -29.7029617 ], [ -56.9593352, -29.7032967 ], [ -56.961146, -29.7058107 ], [ -56.9614608, -29.7066915 ], [ -56.9613127, -29.7070971 ], [ -56.9614681, -29.7077721 ], [ -56.9614054, -29.7085043 ], [ -56.959968, -29.7096859 ], [ -56.9588976, -29.7102037 ], [ -56.9570859, -29.7098844 ], [ -56.9560514, -29.710430400000011 ], [ -56.9558361, -29.7112741 ], [ -56.955577, -29.7115754 ], [ -56.9547337, -29.711782399999986 ], [ -56.9545577, -29.7119556 ], [ -56.9545159, -29.7128189 ], [ -56.9563273, -29.7134798 ], [ -56.9568732, -29.7143799 ], [ -56.9577234, -29.7148692 ], [ -56.9578428, -29.715363 ], [ -56.9576679, -29.716358899999989 ], [ -56.9579931, -29.7166721 ], [ -56.9589604, -29.7169856 ] ] ] } },
{ "type": "Feature", "properties": { "wts_pk": 133651, "codigo_otto": "82553", "nivel_otto_declarado": 5, "area_m2_bho": 5.8703849721342802, "nivel_otto": 5 }, "geometry": { "type": "Polygon", "coordinates": [ [ [ -57.0390071, -29.6985033 ], [ -57.0384994, -29.6990042 ], [ -57.0378467, -29.7001037 ], [ -57.0385088, -29.7016256 ], [ -57.0391465, -29.7023378 ], [ -57.039486, -29.7030503 ], [ -57.0394723, -29.7039763 ], [ -57.0390197, -29.7047018 ], [ -57.0391382, -29.7049924 ], [ -57.0396669, -29.705244 ], [ -57.0402794, -29.705164 ], [ -57.0413591, -29.7056704 ], [ -57.0416697, -29.7060449 ], [ -57.0417543, -29.706432099999983 ], [ -57.0424932, -29.7058119 ], [ -57.0429849, -29.705147799999988 ], [ -57.0449024, -29.7042866 ], [ -57.0459264, -29.7042167 ], [ -57.0470688, -29.7044625 ], [ -57.048413054106824, -29.704204220155315 ], [ -57.0455, -29.7016 ], [ -57.0390071, -29.6985033 ] ] ] } },
{ "type": "Feature", "properties": { "wts_pk": 133655, "codigo_otto": "82557", "nivel_otto_declarado": 5, "area_m2_bho": 32.950767036165502, "nivel_otto": 5 }, "geometry": { "type": "Polygon", "coordinates": [ [ [ -56.968842550124343, -29.639678358628686 ], [ -56.9686189, -29.6410036 ], [ -56.9681857, -29.6418553 ], [ -56.9678994, -29.642895 ], [ -56.9682165, -29.6432954 ], [ -56.9696649, -29.6440314 ], [ -56.9704232, -29.644982399999989 ], [ -56.9713501, -29.6454077 ], [ -56.9716799, -29.6457487 ], [ -56.9719162, -29.6468177 ], [ -56.971679, -29.6476737 ], [ -56.9713421, -29.6480772 ], [ -56.970607, -29.6485551 ], [ -56.9703947, -29.6489263 ], [ -56.9716827, -29.6513034 ], [ -56.9717329, -29.6526779 ], [ -56.9715601, -29.6530416 ], [ -56.9696586, -29.6543209 ], [ -56.9693697, -29.654925599999988 ], [ -56.9674956, -29.6551091 ], [ -56.9670957, -29.655657 ], [ -56.9670754, -29.6560103 ], [ -56.9673632, -29.6568348 ], [ -56.9677838, -29.6574123 ], [ -56.9678143, -29.6578787 ], [ -56.9674359, -29.6590985 ], [ -56.9658412, -29.6592747 ], [ -56.965349, -29.6600411 ], [ -56.9653245, -29.6616648 ], [ -56.9648474, -29.6625422 ], [ -56.9653179, -29.6639462 ], [ -56.9650758, -29.6650713 ], [ -56.9650668, -29.6662162 ], [ -56.9652254, -29.6665851 ], [ -56.9660069, -29.6671973 ], [ -56.966693, -29.6674814 ], [ -56.9675888, -29.667029 ], [ -56.9693916, -29.666952699999985 ], [ -56.9704491, -29.6667614 ], [ -56.9710486, -29.6670882 ], [ -56.9713324, -29.6677099 ], [ -56.9721256, -29.6679997 ], [ -56.9733017, -29.6674615 ], [ -56.9743965, -29.6665363 ], [ -56.975183, -29.6671661 ], [ -56.9768727, -29.6676564 ], [ -56.977343, -29.6682503 ], [ -56.9779101, -29.6685344 ], [ -56.9785838, -29.6684252 ], [ -56.9793753, -29.6686346 ], [ -56.9803199, -29.6686205 ], [ -56.9810332, -29.6681995 ], [ -56.9819678, -29.6679606 ], [ -56.9827001, -29.667112499999988 ], [ -56.9833264, -29.6674761 ], [ -56.9838933, -29.6675424 ], [ -56.9856913, -29.6671934 ], [ -56.9865466, -29.6657524 ], [ -56.9871476, -29.6654682 ], [ -56.9874763, -29.6651281 ], [ -56.9885428, -29.6655792 ], [ -56.9897502, -29.6654761 ], [ -56.9905517, -29.6646284 ], [ -56.9904667, -29.6640429 ], [ -56.9910642, -29.661866 ], [ -56.9909432, -29.6611609 ], [ -56.99122, -29.66093 ], [ -56.9921541, -29.6614559 ], [ -56.9923999, -29.6624578 ], [ -56.9933026, -29.6632529 ], [ -56.9932067, -29.664069 ], [ -56.9938896, -29.6651948 ], [ -56.994024, -29.6662808 ], [ -56.9946432, -29.6675198 ], [ -56.9950247, -29.6677559 ], [ -56.9962569, -29.6675966 ], [ -56.9976419, -29.6679187 ], [ -56.9978624, -29.668097299999989 ], [ -56.999198, -29.667315799999983 ], [ -56.9991777, -29.6668628 ], [ -56.9987227, -29.6661957 ], [ -56.9986807, -29.665545 ], [ -56.9993718, -29.6637794 ], [ -56.9999477, -29.6638083 ], [ -57.000278, -29.6635977 ], [ -57.0008083, -29.6630238 ], [ -57.0012759, -29.6620568 ], [ -57.0019056, -29.661459 ], [ -57.0026766, -29.6612261 ], [ -57.0032721, -29.6618769 ], [ -57.0037678, -29.6619312 ], [ -57.0041614, -29.6616594 ], [ -57.0047079, -29.6609184 ], [ -57.005436, -29.6606779 ], [ -57.005766, -29.6615903 ], [ -57.0064314, -29.6620999 ], [ -57.0077502, -29.66373050000001 ], [ -57.0079293, -29.6654308 ], [ -57.0096992, -29.6665047 ], [ -57.0119629, -29.6707311 ], [ -57.012507, -29.6721357 ], [ -57.0126347, -29.6732252 ], [ -57.0133889, -29.6745237 ], [ -57.0133969, -29.6752752 ], [ -57.0131272, -29.676152 ], [ -57.0140664, -29.6764779 ], [ -57.0144262, -29.6770566 ], [ -57.0155139, -29.6798725 ], [ -57.0151501, -29.6804608 ], [ -57.0151455, -29.6807345 ], [ -57.0166099, -29.6825054 ], [ -57.0171567, -29.6829469 ], [ -57.016852, -29.6835425 ], [ -57.0171134, -29.6844024 ], [ -57.0182459, -29.6854912 ], [ -57.0194132, -29.684835 ], [ -57.0199553, -29.6850454 ], [ -57.0204435, -29.6859826 ], [ -57.0210382, -29.6864706 ], [ -57.0213202, -29.6869498 ], [ -57.0222386, -29.6873995 ], [ -57.0227165, -29.6880552 ], [ -57.023268, -29.6884827 ], [ -57.0235115, -29.6891233 ], [ -57.0246151, -29.690518100000016 ], [ -57.0259775, -29.6922064 ], [ -57.027061, -29.6932496 ], [ -57.0274718, -29.6933385 ], [ -57.0282567, -29.6931217 ], [ -57.0290399, -29.6931458 ], [ -57.0299606, -29.6934597 ], [ -57.0309972, -29.6940969 ], [ -57.0317385, -29.6942075 ], [ -57.031775094498371, -29.694100588007327 ], [ -57.0211, -29.6833 ], [ -57.0162, -29.6748 ], [ -57.0115, -29.6645 ], [ -57.0066, -29.6582 ], [ -57.0009, -29.6519 ], [ -56.9906, -29.6467 ], [ -56.9802, -29.6445 ], [ -56.9711, -29.6434 ], [ -56.968842550124343, -29.639678358628686 ] ] ] } },
{ "type": "Feature", "properties": { "wts_pk": 133666, "codigo_otto": "82572", "nivel_otto_declarado": 5, "area_m2_bho": 11.247927111447201, "nivel_otto": 5 }, "geometry": { "type": "Polygon", "coordinates": [ [ [ -56.9163544, -29.5935642 ], [ -56.9152472, -29.5940666 ], [ -56.9143474, -29.5940137 ], [ -56.9132627, -29.5952066 ], [ -56.9118802, -29.5954321 ], [ -56.9097227, -29.5970316 ], [ -56.9096575, -29.5974816 ], [ -56.9091731, -29.5980403 ], [ -56.9085648, -29.5985586 ], [ -56.9079907, -29.5987648 ], [ -56.9072174, -29.5997037 ], [ -56.9062026, -29.6004281 ], [ -56.9059698, -29.6007499 ], [ -56.9058004, -29.6016259 ], [ -56.9050237, -29.6026893 ], [ -56.9036174, -29.6028865 ], [ -56.9028275, -29.603333599999988 ], [ -56.9010089, -29.6034577 ], [ -56.9000681, -29.6045035 ], [ -56.9007042, -29.6052588 ], [ -56.901642, -29.6059548 ], [ -56.9017054, -29.6064082 ], [ -56.9015292, -29.6071335 ], [ -56.9018192, -29.6077546 ], [ -56.9022144, -29.6080541 ], [ -56.9031553, -29.6081062 ], [ -56.903635, -29.6079784 ], [ -56.9039186, -29.6075915 ], [ -56.9040125, -29.6066669 ], [ -56.9042587, -29.6064633 ], [ -56.905895, -29.6064545 ], [ -56.906619, -29.607009 ], [ -56.9066695, -29.6073938 ], [ -56.9062528, -29.6079686 ], [ -56.9059596, -29.6089258 ], [ -56.9061059, -29.6091399 ], [ -56.9071607, -29.6095884 ], [ -56.9074371, -29.6100016 ], [ -56.9083474, -29.6107446 ], [ -56.9083448, -29.6112788 ], [ -56.9076261, -29.6121939 ], [ -56.9079263, -29.6132136 ], [ -56.9087965, -29.6138389 ], [ -56.9094633, -29.614064 ], [ -56.911052, -29.6153742 ], [ -56.9109468, -29.6161267 ], [ -56.911225, -29.6175863 ], [ -56.9117392, -29.6188827 ], [ -56.9116918, -29.619334 ], [ -56.9111889, -29.620096199999988 ], [ -56.9122265, -29.6206495 ], [ -56.9132061, -29.6223856 ], [ -56.9149492, -29.6239831 ], [ -56.9144623, -29.6261959 ], [ -56.9139548, -29.6266881 ], [ -56.9140447, -29.6283075 ], [ -56.9143477, -29.6285656 ], [ -56.9154285, -29.6287126 ], [ -56.9158459, -29.6289823 ], [ -56.916125, -29.6294085 ], [ -56.9159171, -29.6301819 ], [ -56.9159813, -29.6307068 ], [ -56.9173834, -29.6314995 ], [ -56.9179176, -29.6321407 ], [ -56.9188206, -29.631727 ], [ -56.9198197, -29.63170430000001 ], [ -56.9203038, -29.6318298 ], [ -56.9211108, -29.633254 ], [ -56.9212417, -29.6340596 ], [ -56.9215021, -29.6345448 ], [ -56.9222923, -29.6349501 ], [ -56.9228715, -29.6360552 ], [ -56.9232272, -29.6363439 ], [ -56.9235141, -29.6363694 ], [ -56.9241296, -29.6360818 ], [ -56.9246426, -29.6354221 ], [ -56.925179, -29.6351273 ], [ -56.9259567, -29.6349606 ], [ -56.926403, -29.6345591 ], [ -56.9276484, -29.6344286 ], [ -56.928682, -29.6339301 ], [ -56.9288312, -29.633233 ], [ -56.9294355, -29.633002499999989 ], [ -56.9297159, -29.6327347 ], [ -56.9295967, -29.6323352 ], [ -56.9276763, -29.6318968 ], [ -56.92706, -29.6312824 ], [ -56.9270997, -29.6307711 ], [ -56.9280312, -29.6304294 ], [ -56.9285409, -29.6293189 ], [ -56.9287919, -29.629274 ], [ -56.9291137, -29.6294864 ], [ -56.9298389, -29.630466 ], [ -56.9310523, -29.6312623 ], [ -56.931372, -29.6316639 ], [ -56.9321049, -29.6319051 ], [ -56.9329149, -29.6309269 ], [ -56.9333293, -29.6306495 ], [ -56.9352229, -29.6307536 ], [ -56.93546, -29.6298564 ], [ -56.9361186, -29.6290599 ], [ -56.9362477, -29.6277151 ], [ -56.9366957, -29.6266405 ], [ -56.936405, -29.6261981 ], [ -56.9359852, -29.6259249 ], [ -56.9344043, -29.6257095 ], [ -56.9337513, -29.6260951 ], [ -56.9328718, -29.6261258 ], [ -56.9323605, -29.6258242 ], [ -56.9316422, -29.6249093 ], [ -56.9308208, -29.6250336 ], [ -56.9301841, -29.6249591 ], [ -56.9298518, -29.6246198 ], [ -56.9293838, -29.6226448 ], [ -56.9280269, -29.6215301 ], [ -56.9270685, -29.6216856 ], [ -56.9265099, -29.621582800000013 ], [ -56.9256177, -29.6209749 ], [ -56.9252173, -29.620140800000012 ], [ -56.9245772, -29.6195426 ], [ -56.9238035, -29.6195622 ], [ -56.922745, -29.6205178 ], [ -56.9218204, -29.6210951 ], [ -56.9212983, -29.6210642 ], [ -56.9207263, -29.6206938 ], [ -56.9201269, -29.6206933 ], [ -56.9192656, -29.6194729 ], [ -56.9195031, -29.6184253 ], [ -56.919519, -29.6161171 ], [ -56.9194504, -29.6154656 ], [ -56.9190723, -29.614654 ], [ -56.9192333, -29.613979399999984 ], [ -56.9191826, -29.6132447 ], [ -56.9185654, -29.612633 ], [ -56.9176143, -29.6124084 ], [ -56.9173172, -29.611974 ], [ -56.9175355, -29.6110533 ], [ -56.9171328, -29.6102086 ], [ -56.9173225, -29.607865 ], [ -56.9180545, -29.6071101 ], [ -56.9184939, -29.6057409 ], [ -56.9195574, -29.6065796 ], [ -56.9198978, -29.606636299999984 ], [ -56.9207433, -29.6059729 ], [ -56.921341, -29.6057818 ], [ -56.9226939, -29.604854 ], [ -56.923222, -29.6046614 ], [ -56.9233071, -29.6042908 ], [ -56.9240354, -29.6042507 ], [ -56.9249343, -29.6045875 ], [ -56.925899, -29.6059711 ], [ -56.9271494, -29.606266 ], [ -56.9282678, -29.6074292 ], [ -56.9304102, -29.6078924 ], [ -56.9309608, -29.6085152 ], [ -56.9321345, -29.6091212 ], [ -56.9331517, -29.6092011 ], [ -56.9349436, -29.6089583 ], [ -56.935749, -29.609177599999985 ], [ -56.9373753, -29.6092684 ], [ -56.9385256, -29.6097444 ], [ -56.9390175, -29.609696199999988 ], [ -56.9394457, -29.6092832 ], [ -56.9403738, -29.6089602 ], [ -56.9421966, -29.60911 ], [ -56.9433048, -29.6082974 ], [ -56.9434382, -29.6069307 ], [ -56.943668, -29.606603899999985 ], [ -56.9448625, -29.6063625 ], [ -56.946022, -29.6058996 ], [ -56.9471055, -29.6061047 ], [ -56.9481078, -29.6058808 ], [ -56.9491241, -29.6059576 ], [ -56.9501457, -29.6072042 ], [ -56.9510329, -29.6076624 ], [ -56.9512866, -29.608299700000011 ], [ -56.9516188, -29.6085867 ], [ -56.9534043, -29.6083744 ], [ -56.9540666, -29.607891 ], [ -56.9549021, -29.6076428 ], [ -56.9562555, -29.6078765 ], [ -56.957319, -29.6083462 ], [ -56.9582053, -29.6083275 ], [ -56.9599622, -29.6073707 ], [ -56.9598161, -29.6045312 ], [ -56.9603004, -29.6036958 ], [ -56.9604172, -29.602415499999989 ], [ -56.9611598, -29.601387 ], [ -56.961825960716332, -29.593702255715431 ], [ -56.961204342746761, -29.592859569184849 ], [ -56.9596409, -29.5927927 ], [ -56.9587111, -29.5925536 ], [ -56.9551605, -29.5925334 ], [ -56.9542051, -29.5922965 ], [ -56.9533777, -29.59227 ], [ -56.9519343, -29.5926107 ], [ -56.9513509, -29.5929993 ], [ -56.9510876, -29.5930112 ], [ -56.950759, -29.592669399999988 ], [ -56.9501589, -29.5923837 ], [ -56.9488311, -29.5907194 ], [ -56.9480238, -29.590783599999984 ], [ -56.9474322, -29.5901515 ], [ -56.9469288, -29.5900926 ], [ -56.945745, -29.5904079 ], [ -56.9448707, -29.59137350000001 ], [ -56.9435694, -29.5912312 ], [ -56.9420947, -29.5919283 ], [ -56.9407292, -29.5921144 ], [ -56.9403486, -29.5925411 ], [ -56.9403222, -29.5938928 ], [ -56.9398941, -29.5943888 ], [ -56.9396469, -29.5952031 ], [ -56.9386124, -29.5953838 ], [ -56.9382411, -29.595614199999989 ], [ -56.9374335, -29.5964679 ], [ -56.9371457, -29.5971467 ], [ -56.936258, -29.5976014 ], [ -56.9344703, -29.5993598 ], [ -56.9341004, -29.5993618 ], [ -56.9338626, -29.5988241 ], [ -56.9335, -29.5986908 ], [ -56.9326383, -29.5991329 ], [ -56.9316543, -29.5992665 ], [ -56.9312584, -29.5996228 ], [ -56.9312981, -29.6003064 ], [ -56.9305283, -29.6007679 ], [ -56.9295461, -29.6003305 ], [ -56.9273136, -29.600567 ], [ -56.9254806, -29.5999305 ], [ -56.9253519, -29.5994437 ], [ -56.925498, -29.598766 ], [ -56.9251337, -29.5982215 ], [ -56.9251093, -29.5978466 ], [ -56.9252115, -29.5976599 ], [ -56.9260545, -29.5972219 ], [ -56.9261936, -29.5967518 ], [ -56.9260715, -29.5962506 ], [ -56.9255308, -29.5959471 ], [ -56.9247634, -29.5958855 ], [ -56.9239504, -29.59611120000001 ], [ -56.9235077, -29.5960728 ], [ -56.9231768, -29.5957524 ], [ -56.9228485, -29.5947634 ], [ -56.9225665, -29.5946138 ], [ -56.9219617, -29.5945062 ], [ -56.9210449, -29.5947511 ], [ -56.9202717, -29.5947122 ], [ -56.9188549, -29.5937338 ], [ -56.9171715, -29.5929241 ], [ -56.9163544, -29.5935642 ] ] ] } },
{ "type": "Feature", "properties": { "wts_pk": 133628, "codigo_otto": "82516", "nivel_otto_declarado": 5, "area_m2_bho": 170.46500945334199, "nivel_otto": 5 }, "geometry": { "type": "Polygon", "coordinates": [ [ [ -57.2778267, -29.8149671 ], [ -57.2784071, -29.8164289 ], [ -57.279679, -29.8164212 ], [ -57.280163389196467, -29.816197005756901 ], [ -57.2778267, -29.8149671 ] ] ] } },
{ "type": "Feature", "properties": { "wts_pk": 133630, "codigo_otto": "82518", "nivel_otto_declarado": 5, "area_m2_bho": 179.756468300188, "nivel_otto": 5 }, "geometry": { "type": "Polygon", "coordinates": [ [ [ -57.2337553, -29.7811501 ], [ -57.2349891, -29.7816515 ], [ -57.236739917279458, -29.782027598001161 ], [ -57.2354, -29.7808 ], [ -57.233934347142217, -29.780338870518001 ], [ -57.2337553, -29.7811501 ] ] ] } },
{ "type": "Feature", "properties": { "wts_pk": 133648, "codigo_otto": "8254", "nivel_otto_declarado": 5, "area_m2_bho": 390.82324852102897, "nivel_otto": 5 }, "geometry": { "type": "Polygon", "coordinates": [ [ [ -57.074504591164846, -29.726817946089625 ], [ -57.0748863, -29.7280235 ], [ -57.0752727, -29.728629299999987 ], [ -57.076451415337175, -29.728622693886187 ], [ -57.074504591164846, -29.726817946089625 ] ] ] } },
{ "type": "Feature", "properties": { "wts_pk": 133668, "codigo_otto": "82574", "nivel_otto_declarado": 5, "area_m2_bho": 6.1261494963886642, "nivel_otto": 5 }, "geometry": { "type": "Polygon", "coordinates": [ [ [ -56.9228825, -29.5948662 ], [ -56.9231768, -29.5957524 ], [ -56.9235077, -29.5960728 ], [ -56.9252287, -29.5958868 ], [ -56.9261188, -29.596316 ], [ -56.9260919, -29.5971762 ], [ -56.9252115, -29.5976599 ], [ -56.9251093, -29.5978466 ], [ -56.9251337, -29.5982215 ], [ -56.925498, -29.598766 ], [ -56.9253519, -29.5994437 ], [ -56.9254806, -29.5999305 ], [ -56.9273136, -29.600567 ], [ -56.9295461, -29.6003305 ], [ -56.9305283, -29.6007679 ], [ -56.9312981, -29.6003064 ], [ -56.9312584, -29.5996228 ], [ -56.9316543, -29.5992665 ], [ -56.9326383, -29.5991329 ], [ -56.9335, -29.5986908 ], [ -56.9338626, -29.5988241 ], [ -56.9341004, -29.5993618 ], [ -56.9344703, -29.5993598 ], [ -56.936258, -29.5976014 ], [ -56.9371457, -29.5971467 ], [ -56.9374335, -29.5964679 ], [ -56.9382411, -29.595614199999989 ], [ -56.9386124, -29.5953838 ], [ -56.9396469, -29.5952031 ], [ -56.9398941, -29.5943888 ], [ -56.9402988, -29.5939723 ], [ -56.9403607, -29.5935287 ], [ -56.9403394, -29.5924882 ], [ -56.9395716, -29.5912237 ], [ -56.9396528, -29.590977 ], [ -56.9402458, -29.5905157 ], [ -56.9402941, -29.5902505 ], [ -56.9395951, -29.5896086 ], [ -56.9392552, -29.5888353 ], [ -56.9397792, -29.5874045 ], [ -56.9399578, -29.5854862 ], [ -56.9398238, -29.583879 ], [ -56.9405463, -29.5831171 ], [ -56.9419336, -29.5826048 ], [ -56.9427867, -29.582701 ], [ -56.9433151, -29.5821939 ], [ -56.9433958, -29.5815768 ], [ -56.9431547, -29.5808369 ], [ -56.943132, -29.5799862 ], [ -56.9433881, -29.5790666 ], [ -56.9434225, -29.5767501 ], [ -56.9436818, -29.5758744 ], [ -56.9419535, -29.5758592 ], [ -56.9413398, -29.5757056 ], [ -56.9405152, -29.5757648 ], [ -56.9391209, -29.5755907 ], [ -56.9383205, -29.5756467 ], [ -56.9367511, -29.5761531 ], [ -56.9361356, -29.5758905 ], [ -56.9343597, -29.5758907 ], [ -56.9319211, -29.5769534 ], [ -56.9301114, -29.576222 ], [ -56.9293368, -29.5763826 ], [ -56.9285527, -29.5761784 ], [ -56.9264261, -29.5761356 ], [ -56.9257848, -29.5759923 ], [ -56.9247114, -29.5760988 ], [ -56.9237796, -29.5758001 ], [ -56.9229778, -29.575290099999986 ], [ -56.9227681, -29.5735404 ], [ -56.9209989, -29.5724641 ], [ -56.9202029, -29.5713717 ], [ -56.9202747, -29.5707325 ], [ -56.9199609, -29.5701361 ], [ -56.9191003, -29.5697699 ], [ -56.9186406, -29.56997260000001 ], [ -56.9184616, -29.570316 ], [ -56.9186784, -29.5710171 ], [ -56.9185892, -29.571628 ], [ -56.9177113, -29.5723007 ], [ -56.9174433, -29.5727179 ], [ -56.9164594, -29.5733745 ], [ -56.9166306, -29.5743761 ], [ -56.9162426, -29.5753102 ], [ -56.9166929, -29.5758125 ], [ -56.917007, -29.5765635 ], [ -56.9167065, -29.57832920000001 ], [ -56.915694, -29.5793544 ], [ -56.9155268, -29.5799635 ], [ -56.9148421, -29.581097 ], [ -56.9149417, -29.5819362 ], [ -56.9143435, -29.582934 ], [ -56.9146107, -29.5832902 ], [ -56.9155033, -29.5837573 ], [ -56.9155988, -29.5845214 ], [ -56.9144178, -29.5866308 ], [ -56.9137793, -29.5873423 ], [ -56.9129266, -29.588711 ], [ -56.9133374, -29.5891751 ], [ -56.9135, -29.590798 ], [ -56.9142784, -29.5915829 ], [ -56.9155088, -29.592361 ], [ -56.9158206, -29.5928829 ], [ -56.9156262, -29.5939301 ], [ -56.9171715, -29.5929241 ], [ -56.9188549, -29.5937338 ], [ -56.9202717, -29.5947122 ], [ -56.9210449, -29.5947511 ], [ -56.9220829, -29.5945073 ], [ -56.9225665, -29.5946138 ], [ -56.9228825, -29.5948662 ] ] ] } },
{ "type": "Feature", "properties": { "wts_pk": 133667, "codigo_otto": "82573", "nivel_otto_declarado": 5, "area_m2_bho": 4.5313111282594498, "nivel_otto": 5 }, "geometry": { "type": "Polygon", "coordinates": [ [ [ -56.9405838, -29.58310160000001 ], [ -56.9398238, -29.583879 ], [ -56.9399578, -29.5854862 ], [ -56.9397792, -29.5874045 ], [ -56.9392557, -29.5887546 ], [ -56.9395951, -29.5896086 ], [ -56.9402776, -29.5901843 ], [ -56.9402458, -29.5905157 ], [ -56.9396528, -29.590977 ], [ -56.9395716, -29.5912237 ], [ -56.9403486, -29.5925411 ], [ -56.9408257, -29.5920612 ], [ -56.9420947, -29.5919283 ], [ -56.9435694, -29.5912312 ], [ -56.9448707, -29.59137350000001 ], [ -56.945745, -29.5904079 ], [ -56.9471078, -29.5900753 ], [ -56.9474322, -29.5901515 ], [ -56.9479592, -29.5907612 ], [ -56.9488311, -29.5907194 ], [ -56.9501589, -29.5923837 ], [ -56.9511526, -29.5930252 ], [ -56.9519343, -29.5926107 ], [ -56.9536181, -29.5922621 ], [ -56.9550412, -29.5925263 ], [ -56.9585919, -29.592547 ], [ -56.9596409, -29.5927927 ], [ -56.961204342746761, -29.592859569184849 ], [ -56.9588, -29.5896 ], [ -56.9509, -29.5807 ], [ -56.943797562529099, -29.575682916806645 ], [ -56.9434225, -29.5767501 ], [ -56.9433881, -29.5790666 ], [ -56.943132, -29.5799862 ], [ -56.9433499, -29.5821199 ], [ -56.9427867, -29.582701 ], [ -56.9419336, -29.5826048 ], [ -56.9405838, -29.58310160000001 ] ] ] } },
{ "type": "Feature", "properties": { "wts_pk": 133669, "codigo_otto": "82575", "nivel_otto_declarado": 5, "area_m2_bho": 3.6578681236830199, "nivel_otto": 5 }, "geometry": { "type": "Polygon", "coordinates": [ [ [ -56.9236611, -29.5584912 ], [ -56.9232709, -29.5589117 ], [ -56.9223289, -29.5611068 ], [ -56.9222779, -29.5635108 ], [ -56.9220457, -29.5642613 ], [ -56.9219326, -29.5657069 ], [ -56.9207645, -29.5667441 ], [ -56.9202768, -29.5677622 ], [ -56.919087, -29.5684022 ], [ -56.9189454, -29.5688753 ], [ -56.9189594, -29.5697634 ], [ -56.920008, -29.570192 ], [ -56.920287, -29.5708022 ], [ -56.9202029, -29.5713717 ], [ -56.9209989, -29.5724641 ], [ -56.9227681, -29.5735404 ], [ -56.9228826, -29.5750873 ], [ -56.9231595, -29.5754783 ], [ -56.9248082, -29.5761162 ], [ -56.9257848, -29.5759923 ], [ -56.9264261, -29.5761356 ], [ -56.9285527, -29.5761784 ], [ -56.9293368, -29.5763826 ], [ -56.9301852, -29.576231 ], [ -56.9318284, -29.5769542 ], [ -56.9343597, -29.5758907 ], [ -56.9361356, -29.5758905 ], [ -56.9367511, -29.5761531 ], [ -56.9383205, -29.5756467 ], [ -56.9391209, -29.5755907 ], [ -56.9405152, -29.5757648 ], [ -56.9413398, -29.5757056 ], [ -56.9419535, -29.5758592 ], [ -56.9436818, -29.5758744 ], [ -56.943797562529099, -29.575682916806645 ], [ -56.94, -29.573 ], [ -56.9295, -29.5662 ], [ -56.9236611, -29.5584912 ] ] ] } },
{ "type": "Feature", "properties": { "wts_pk": 133665, "codigo_otto": "82571", "nivel_otto_declarado": 5, "area_m2_bho": 698.30532044834104, "nivel_otto": 5 }, "geometry": { "type": "Polygon", "coordinates": [ [ [ -56.9617958, -29.593782 ], [ -56.9617226, -29.596006499999987 ], [ -56.9614752, -29.5968495 ], [ -56.961452, -29.59897 ], [ -56.9612107, -29.599811199999984 ], [ -56.9611598, -29.601387 ], [ -56.9604172, -29.602415499999989 ], [ -56.9603004, -29.6036958 ], [ -56.9598161, -29.6045312 ], [ -56.9599486, -29.6074195 ], [ -56.9581049, -29.6083481 ], [ -56.9572192, -29.608325 ], [ -56.9562555, -29.6078765 ], [ -56.9549021, -29.6076428 ], [ -56.9540666, -29.607891 ], [ -56.9533979, -29.6083973 ], [ -56.9538056, -29.6085808 ], [ -56.9545367, -29.6083968 ], [ -56.9551598, -29.60842 ], [ -56.9557227, -29.6087043 ], [ -56.9560372, -29.6091051 ], [ -56.9568481, -29.6096544 ], [ -56.9575168, -29.6096657 ], [ -56.9583384, -29.611581 ], [ -56.9584946, -29.6127473 ], [ -56.9588085, -29.6132743 ], [ -56.9597316, -29.6140797 ], [ -56.9598754, -29.6159873 ], [ -56.9612553, -29.6171496 ], [ -56.9624013, -29.616239399999987 ], [ -56.9632917, -29.615773 ], [ -56.963575, -29.6152704 ], [ -56.9635406, -29.6150632 ], [ -56.9626385, -29.6140583 ], [ -56.9625212, -29.6127743 ], [ -56.9620761, -29.6121036 ], [ -56.9620155, -29.6116589 ], [ -56.9620955, -29.6112251 ], [ -56.9625876, -29.6104216 ], [ -56.9629474, -29.6101069 ], [ -56.9636875, -29.60979 ], [ -56.9641293, -29.6098386 ], [ -56.9644543, -29.6101779 ], [ -56.9648847, -29.6123676 ], [ -56.9660687, -29.6126324 ], [ -56.9664079, -29.612967599999987 ], [ -56.9664216, -29.6144366 ], [ -56.9658, -29.6149638 ], [ -56.9693869, -29.6157245 ], [ -56.9690287, -29.6169093 ], [ -56.9692047, -29.6181407 ], [ -56.9688701, -29.6188564 ], [ -56.9673709, -29.6204729 ], [ -56.9664387, -29.6224334 ], [ -56.9660572, -29.6227246 ], [ -56.9651796, -29.6229804 ], [ -56.9653172, -29.6237503 ], [ -56.9652203, -29.6241043 ], [ -56.9638054, -29.6246643 ], [ -56.9638762, -29.6251045 ], [ -56.9637135, -29.6258524 ], [ -56.9641807, -29.626862 ], [ -56.964227, -29.6274046 ], [ -56.9637701, -29.6282394 ], [ -56.9638461, -29.6288208 ], [ -56.9636349, -29.6295426 ], [ -56.9632407, -29.6301558 ], [ -56.9635699, -29.6310375 ], [ -56.9631576, -29.6333573 ], [ -56.9636374, -29.6344374 ], [ -56.9637463, -29.6357256 ], [ -56.9652405, -29.6396507 ], [ -56.9664776, -29.6386797 ], [ -56.9673679, -29.6386922 ], [ -56.96847772168195, -29.639076871451493 ], [ -56.9674, -29.6373 ], [ -56.9673, -29.6301 ], [ -56.9695, -29.6224 ], [ -56.9721, -29.6173 ], [ -56.9714, -29.6103 ], [ -56.9678, -29.6018 ], [ -56.9617958, -29.593782 ] ] ] } },
{ "type": "Feature", "properties": { "wts_pk": 133596, "codigo_otto": "82471", "nivel_otto_declarado": 5, "area_m2_bho": 26.903056722295872, "nivel_otto": 5 }, "geometry": { "type": "Polygon", "coordinates": [ [ [ -56.6581679, -30.2011954 ], [ -56.6580539, -30.2012207 ], [ -56.658011987105283, -30.201233993596389 ], [ -56.6581, -30.2013 ], [ -56.6581679, -30.2011954 ] ] ] } },
{ "type": "Feature", "properties": { "wts_pk": 133595, "codigo_otto": "82469", "nivel_otto_declarado": 5, "area_m2_bho": 438.53568934154242, "nivel_otto": 5 }, "geometry": { "type": "Polygon", "coordinates": [ [ [ -56.373967535755504, -30.116037241627218 ], [ -56.3737845, -30.115876 ], [ -56.372884538264429, -30.115894211763983 ], [ -56.373967535755504, -30.116037241627218 ] ] ] } },
{ "type": "Feature", "properties": { "wts_pk": 133589, "codigo_otto": "82463", "nivel_otto_declarado": 5, "area_m2_bho": 0.104032600350166, "nivel_otto": 5 }, "geometry": { "type": "Polygon", "coordinates": [ [ [ -56.5434199, -30.1339289 ], [ -56.5434491, -30.1352278 ], [ -56.543927222145697, -30.136019442742949 ], [ -56.5448, -30.1352 ], [ -56.546538071353005, -30.13441787057473 ], [ -56.5459045, -30.133932 ], [ -56.545194, -30.133971 ], [ -56.5445177, -30.1344754 ], [ -56.5434199, -30.1339289 ] ] ] } },
{ "type": "Feature", "properties": { "wts_pk": 133587, "codigo_otto": "82461", "nivel_otto_declarado": 5, "area_m2_bho": 147.46403599551022, "nivel_otto": 5 }, "geometry": { "type": "Polygon", "coordinates": [ [ [ -56.6580539, -30.2012207 ], [ -56.658507406458931, -30.200847341567574 ], [ -56.6578961, -30.19964520000001 ], [ -56.6578595, -30.1991772 ], [ -56.6584054, -30.198376 ], [ -56.6586203, -30.1971196 ], [ -56.6577553, -30.1962299 ], [ -56.6570935, -30.1959351 ], [ -56.6561041, -30.1958188 ], [ -56.6556905, -30.195548 ], [ -56.6551205, -30.1943364 ], [ -56.6550814, -30.193697699999984 ], [ -56.6559054, -30.1925427 ], [ -56.6571259, -30.1928039 ], [ -56.6577498, -30.1925369 ], [ -56.6580711, -30.1920669 ], [ -56.6578846, -30.1911734 ], [ -56.6582131, -30.189935 ], [ -56.6585388, -30.1897867 ], [ -56.6595911, -30.1897059 ], [ -56.6601864, -30.1894459 ], [ -56.6613683, -30.1882722 ], [ -56.661461, -30.1875427 ], [ -56.6606906, -30.1871043 ], [ -56.6606534, -30.186105 ], [ -56.6610002, -30.185211 ], [ -56.6616507, -30.184878500000021 ], [ -56.6622486, -30.183653599999989 ], [ -56.6619243, -30.182898 ], [ -56.6612417, -30.1821154 ], [ -56.6612407, -30.1815806 ], [ -56.663482, -30.1787106 ], [ -56.6646739, -30.1781981 ], [ -56.6639854, -30.1753368 ], [ -56.6646904, -30.1744081 ], [ -56.6650677, -30.173527699999987 ], [ -56.6644127, -30.171791099999986 ], [ -56.6634416, -30.1709248 ], [ -56.6632431, -30.1685418 ], [ -56.6633821, -30.1675887 ], [ -56.6629038, -30.1665016 ], [ -56.6628615, -30.1647568 ], [ -56.6643971, -30.1636327 ], [ -56.6645164, -30.1628204 ], [ -56.6663034, -30.1623835 ], [ -56.6666327, -30.1624379 ], [ -56.6669294, -30.1621977 ], [ -56.6672643, -30.1614857 ], [ -56.6672975, -30.1605385 ], [ -56.667191, -30.1601249 ], [ -56.6664987, -30.1594597 ], [ -56.666527, -30.1590832 ], [ -56.666987, -30.1582758 ], [ -56.6669094, -30.1579019 ], [ -56.6665323, -30.1573946 ], [ -56.6665553, -30.1570582 ], [ -56.66749, -30.1564819 ], [ -56.6682792, -30.1564592 ], [ -56.66881, -30.1566011 ], [ -56.6690805, -30.1564403 ], [ -56.6692149, -30.1560671 ], [ -56.6690651, -30.1551179 ], [ -56.6701219, -30.154064299999987 ], [ -56.6707871, -30.1538384 ], [ -56.6719422, -30.152947 ], [ -56.6722353, -30.1523949 ], [ -56.6726489, -30.1507454 ], [ -56.673014, -30.15021 ], [ -56.672859, -30.1494357 ], [ -56.6728497, -30.1469871 ], [ -56.6722391, -30.1469538 ], [ -56.6718585, -30.1466877 ], [ -56.6714062, -30.1454428 ], [ -56.6706275, -30.1444871 ], [ -56.6706039, -30.1421339 ], [ -56.6700719, -30.1417093 ], [ -56.6699882, -30.140834699999989 ], [ -56.6696446, -30.1404323 ], [ -56.671657, -30.1401658 ], [ -56.6727828, -30.1385 ], [ -56.6731884, -30.1365806 ], [ -56.673683, -30.1355982 ], [ -56.674314, -30.1355585 ], [ -56.6749168, -30.135271 ], [ -56.675958, -30.134034 ], [ -56.6767386, -30.1339315 ], [ -56.6767628, -30.13203110000001 ], [ -56.6772641, -30.1299402 ], [ -56.6771363, -30.1293776 ], [ -56.6772257, -30.1288618 ], [ -56.6770203, -30.1281502 ], [ -56.6770707, -30.127413 ], [ -56.6773856, -30.126783 ], [ -56.6780156, -30.1260655 ], [ -56.6782613, -30.125426 ], [ -56.6797941, -30.1253203 ], [ -56.6797565, -30.1233298 ], [ -56.6792847, -30.1220299 ], [ -56.6791697, -30.1210294 ], [ -56.6784458, -30.120086200000014 ], [ -56.6782761, -30.1181269 ], [ -56.6779464, -30.1178692 ], [ -56.6755953, -30.117017 ], [ -56.6745162, -30.116987 ], [ -56.6743098, -30.11717 ], [ -56.6731991, -30.1174285 ], [ -56.6723372, -30.1168656 ], [ -56.6712537, -30.1158201 ], [ -56.6706634, -30.1147809 ], [ -56.6706408, -30.1142794 ], [ -56.6708889, -30.113847899999985 ], [ -56.6727762, -30.1124084 ], [ -56.6725803, -30.1111 ], [ -56.6726702, -30.110141 ], [ -56.6728903, -30.1097064 ], [ -56.673847, -30.1093946 ], [ -56.6741361, -30.1091021 ], [ -56.6739068, -30.107965 ], [ -56.673632, -30.1074443 ], [ -56.6726704, -30.10719 ], [ -56.672048, -30.106492 ], [ -56.6721054, -30.1059601 ], [ -56.6730053, -30.1050047 ], [ -56.6731101, -30.1046682 ], [ -56.6730044, -30.1043191 ], [ -56.6723588, -30.1037914 ], [ -56.6715151, -30.1021106 ], [ -56.6715053, -30.1013875 ], [ -56.6718905, -30.1006523 ], [ -56.6707585, -30.0999421 ], [ -56.6702505, -30.0990098 ], [ -56.6693581, -30.0983276 ], [ -56.6690049, -30.0978238 ], [ -56.6687455, -30.0978749 ], [ -56.668323, -30.0983477 ], [ -56.667477, -30.09863 ], [ -56.6666196, -30.0976335 ], [ -56.6659884, -30.0971958 ], [ -56.6660779, -30.0965433 ], [ -56.665905, -30.0961537 ], [ -56.664614, -30.0963412 ], [ -56.6633356, -30.095160599999989 ], [ -56.661922, -30.0955923 ], [ -56.6607858, -30.0954423 ], [ -56.6600729, -30.0955435 ], [ -56.6592748, -30.0951193 ], [ -56.6579829, -30.0953011 ], [ -56.6576541, -30.0951715 ], [ -56.6569991, -30.094381 ], [ -56.6562658, -30.0942059 ], [ -56.6561493, -30.0946988 ], [ -56.6556619, -30.0951097 ], [ -56.6554518, -30.0955933 ], [ -56.6537631, -30.0948164 ], [ -56.6521983, -30.0949856 ], [ -56.6515055, -30.09464220000001 ], [ -56.6509317, -30.0939549 ], [ -56.6496381, -30.0935574 ], [ -56.6488372, -30.0929177 ], [ -56.6478982, -30.0926892 ], [ -56.6470328, -30.0917061 ], [ -56.6463098, -30.092081 ], [ -56.6454212, -30.0932342 ], [ -56.6457944, -30.0949309 ], [ -56.6455962, -30.0970378 ], [ -56.6452466, -30.0974615 ], [ -56.6446417, -30.0976419 ], [ -56.6436826, -30.098376 ], [ -56.6430438, -30.0981243 ], [ -56.6416891, -30.0981045 ], [ -56.6394499, -30.0987215 ], [ -56.6393014, -30.098934 ], [ -56.6394845, -30.0995846 ], [ -56.6393823, -30.1000052 ], [ -56.6380227, -30.1010728 ], [ -56.6365653, -30.1019175 ], [ -56.6362878, -30.1018971 ], [ -56.6355246, -30.1012421 ], [ -56.6342522, -30.100597 ], [ -56.6335769, -30.1013646 ], [ -56.6330151, -30.1016126 ], [ -56.6323352, -30.101645100000013 ], [ -56.6313554, -30.1006977 ], [ -56.6310117, -30.1007015 ], [ -56.6305267, -30.101014700000011 ], [ -56.6301304, -30.1006707 ], [ -56.6294432, -30.1006502 ], [ -56.6284808, -30.1013051 ], [ -56.6276822, -30.1023448 ], [ -56.6276973, -30.103090299999984 ], [ -56.6270249, -30.1036167 ], [ -56.6258199, -30.1033205 ], [ -56.6251743, -30.1029089 ], [ -56.6245918, -30.1029683 ], [ -56.6236137, -30.1024772 ], [ -56.6230497, -30.1017712 ], [ -56.6223025, -30.1012074 ], [ -56.6222495, -30.1006331 ], [ -56.6218135, -30.1005725 ], [ -56.6216371, -30.1003328 ], [ -56.6211825, -30.100320499999988 ], [ -56.6214436, -30.099681 ], [ -56.6227295, -30.098831299999986 ], [ -56.6233522, -30.0978919 ], [ -56.6232278, -30.0976023 ], [ -56.6221623, -30.0969389 ], [ -56.6218276, -30.096241 ], [ -56.6205707, -30.0965103 ], [ -56.6201336, -30.0971381 ], [ -56.6191107, -30.0965991 ], [ -56.6186355, -30.0957273 ], [ -56.6175193, -30.0948846 ], [ -56.6171109, -30.0947934 ], [ -56.6167954, -30.0948875 ], [ -56.616065, -30.0955016 ], [ -56.6147206, -30.0956586 ], [ -56.6129236, -30.096384 ], [ -56.6112829, -30.0963495 ], [ -56.610727, -30.0957177 ], [ -56.6116064, -30.0943203 ], [ -56.6110108, -30.0937699 ], [ -56.6106269, -30.0936539 ], [ -56.6103438, -30.092868 ], [ -56.6104203, -30.092137 ], [ -56.6108691, -30.0914821 ], [ -56.6108262, -30.0910384 ], [ -56.6099305, -30.0904929 ], [ -56.6093957, -30.0897869 ], [ -56.6078859, -30.0887174 ], [ -56.6073567, -30.0876691 ], [ -56.6072179, -30.0868668 ], [ -56.6067802, -30.0862123 ], [ -56.6070157, -30.0844872 ], [ -56.6063542, -30.084015299999983 ], [ -56.6051647, -30.0835801 ], [ -56.6039555, -30.0822863 ], [ -56.6042846, -30.081278199999989 ], [ -56.6048895, -30.0804118 ], [ -56.6067094, -30.0808181 ], [ -56.60712, -30.0806133 ], [ -56.6074027, -30.0796706 ], [ -56.6079844, -30.0793513 ], [ -56.6078808, -30.0786069 ], [ -56.6079977, -30.0779467 ], [ -56.6069149, -30.0770688 ], [ -56.6055609, -30.0766397 ], [ -56.6053993, -30.0764651 ], [ -56.6052823, -30.0749181 ], [ -56.6043382, -30.0738197 ], [ -56.6050731, -30.0722818 ], [ -56.6047263, -30.0714732 ], [ -56.6040727, -30.0709443 ], [ -56.6026672, -30.0713947 ], [ -56.6011043, -30.0710989 ], [ -56.6007363, -30.0708632 ], [ -56.5996239, -30.0693758 ], [ -56.6000447, -30.0682807 ], [ -56.5996629, -30.066740799999987 ], [ -56.5985731, -30.0656845 ], [ -56.5966573, -30.0653008 ], [ -56.5957104, -30.0641322 ], [ -56.595412, -30.0632357 ], [ -56.5966386, -30.0620695 ], [ -56.5967377, -30.0617095 ], [ -56.5946459, -30.0610483 ], [ -56.5942845, -30.0594817 ], [ -56.5945537, -30.0590586 ], [ -56.5955088, -30.0585446 ], [ -56.595546, -30.0579023 ], [ -56.5946879, -30.0573518 ], [ -56.5936, -30.0572106 ], [ -56.593254, -30.0569596 ], [ -56.5931157, -30.0551697 ], [ -56.5929255, -30.054836 ], [ -56.5921403, -30.0549131 ], [ -56.5910394, -30.054782699999983 ], [ -56.5897754, -30.0552876 ], [ -56.5884043, -30.0553206 ], [ -56.5881932, -30.0535895 ], [ -56.5891327, -30.0527387 ], [ -56.5893018, -30.0519562 ], [ -56.5897637, -30.0514836 ], [ -56.5899589, -30.0511034 ], [ -56.5898808, -30.0509237 ], [ -56.5889709, -30.0505982 ], [ -56.5885036, -30.0507872 ], [ -56.587885, -30.0506749 ], [ -56.5872495, -30.050817 ], [ -56.5866234, -30.0505653 ], [ -56.586284, -30.050244 ], [ -56.5860742, -30.049571 ], [ -56.5852522, -30.0485228 ], [ -56.5846845, -30.0485715 ], [ -56.5841324, -30.0483347 ], [ -56.5829294, -30.0473187 ], [ -56.5823166, -30.0472989 ], [ -56.581375, -30.0475251 ], [ -56.5802319, -30.047351 ], [ -56.57937, -30.047975 ], [ -56.5787132, -30.046690899999984 ], [ -56.5791151, -30.0455468 ], [ -56.5790438, -30.045361399999983 ], [ -56.5780188, -30.0448539 ], [ -56.5771342, -30.0446719 ], [ -56.5760797, -30.043732799999983 ], [ -56.5754398, -30.0434227 ], [ -56.574552, -30.0431703 ], [ -56.5737775, -30.043279 ], [ -56.5727217, -30.04256 ], [ -56.5720348, -30.0425607 ], [ -56.5711819, -30.0428207 ], [ -56.57117, -30.043089 ], [ -56.5709042, -30.0430984 ], [ -56.5709361, -30.0444098 ], [ -56.5711881, -30.0451919 ], [ -56.5710973, -30.045803 ], [ -56.5707955, -30.0460646 ], [ -56.5697191, -30.0462147 ], [ -56.5693276, -30.0465028 ], [ -56.5688541, -30.0477373 ], [ -56.5674732, -30.0499658 ], [ -56.5665653, -30.0509596 ], [ -56.5663654, -30.0520917 ], [ -56.5654016, -30.0524016 ], [ -56.5645505, -30.0531191 ], [ -56.5647301, -30.0540023 ], [ -56.5642375, -30.0553207 ], [ -56.5654713, -30.0560572 ], [ -56.5663801, -30.0563097 ], [ -56.5669335, -30.0568687 ], [ -56.5675108, -30.0582416 ], [ -56.5675025, -30.0585189 ], [ -56.5672433, -30.0587964 ], [ -56.5662666, -30.0591064 ], [ -56.5662524, -30.0595966 ], [ -56.5674791, -30.0602153 ], [ -56.5676083, -30.0617549 ], [ -56.5678873, -30.0621479 ], [ -56.56885, -30.0627372 ], [ -56.5691117, -30.0626938 ], [ -56.5694365, -30.0623565 ], [ -56.5697025, -30.0623617 ], [ -56.5699763, -30.062608 ], [ -56.5700523, -30.0629824 ], [ -56.5698327, -30.0636894 ], [ -56.5697611, -30.0648203 ], [ -56.5694407, -30.0654468 ], [ -56.5679782, -30.0660092 ], [ -56.5678487, -30.0667096 ], [ -56.566758, -30.0667374 ], [ -56.5664819, -30.0669226 ], [ -56.5662288, -30.067538 ], [ -56.5663829, -30.0690711 ], [ -56.5654366, -30.0699271 ], [ -56.5655963, -30.071662 ], [ -56.5648196, -30.0725619 ], [ -56.564849, -30.072952 ], [ -56.5655209, -30.0743187 ], [ -56.5648779, -30.0751804 ], [ -56.5649529, -30.075762 ], [ -56.5645313, -30.077685099999989 ], [ -56.5646237, -30.0788263 ], [ -56.565006, -30.079969 ], [ -56.5649111, -30.0804854 ], [ -56.5650641, -30.0811075 ], [ -56.5650497, -30.0824985 ], [ -56.5637596, -30.0849019 ], [ -56.5638854, -30.0855872 ], [ -56.5634404, -30.0861989 ], [ -56.5633382, -30.0880834 ], [ -56.563147, -30.088318 ], [ -56.5628488, -30.088376300000014 ], [ -56.5621105, -30.0896023 ], [ -56.5623277, -30.0899153 ], [ -56.5633427, -30.0906518 ], [ -56.5636314, -30.0910766 ], [ -56.5634057, -30.0928374 ], [ -56.5628451, -30.0945417 ], [ -56.5632163, -30.09544 ], [ -56.5641127, -30.0957809 ], [ -56.5637455, -30.0967017 ], [ -56.5639509, -30.0974919 ], [ -56.5639521, -30.0990797 ], [ -56.5637458, -30.0994154 ], [ -56.5630569, -30.0995545 ], [ -56.5627482, -30.09976 ], [ -56.5621144, -30.1006806 ], [ -56.5621733, -30.1015946 ], [ -56.5618149, -30.1021347 ], [ -56.5613627, -30.103577 ], [ -56.5603488, -30.1044874 ], [ -56.5595656, -30.1046937 ], [ -56.5592937, -30.105245 ], [ -56.5594542, -30.1062909 ], [ -56.5591352, -30.1069119 ], [ -56.5585309, -30.1074388 ], [ -56.5589065, -30.1080543 ], [ -56.5590563, -30.1096889 ], [ -56.5595871, -30.1102659 ], [ -56.5605085, -30.1109155 ], [ -56.560782, -30.1115769 ], [ -56.5592884, -30.1121168 ], [ -56.5584391, -30.1132742 ], [ -56.5580736, -30.1153572 ], [ -56.5571267, -30.1162641 ], [ -56.5572518, -30.116804899999988 ], [ -56.5570798, -30.1175409 ], [ -56.55728, -30.1182376 ], [ -56.55721, -30.1188598 ], [ -56.5568869, -30.1194569 ], [ -56.5559807, -30.1201031 ], [ -56.5550961, -30.1209887 ], [ -56.554154, -30.1223843 ], [ -56.5532529, -30.1226427 ], [ -56.5527114, -30.1230098 ], [ -56.5519224, -30.1231021 ], [ -56.5517378, -30.1230986 ], [ -56.5511617, -30.1225781 ], [ -56.5496448, -30.122275499999986 ], [ -56.5489155, -30.1223128 ], [ -56.548602, -30.1232141 ], [ -56.5476779, -30.1242936 ], [ -56.5474386, -30.1252163 ], [ -56.5463546, -30.1260791 ], [ -56.5456266, -30.126432 ], [ -56.5456893, -30.1270696 ], [ -56.5461235, -30.1280255 ], [ -56.5459429, -30.1288329 ], [ -56.5461564, -30.1296682 ], [ -56.5451395, -30.1315683 ], [ -56.5451472, -30.1318464 ], [ -56.5455876, -30.132563 ], [ -56.5454755, -30.1333243 ], [ -56.5460025, -30.1340682 ], [ -56.546538071353005, -30.13441787057473 ], [ -56.5468, -30.1343 ], [ -56.5621, -30.1456 ], [ -56.5686, -30.1467 ], [ -56.574, -30.1453 ], [ -56.5785, -30.1452 ], [ -56.5808, -30.1442 ], [ -56.584, -30.1443 ], [ -56.5876, -30.1448 ], [ -56.5907, -30.1465 ], [ -56.5942, -30.1458 ], [ -56.6002, -30.1481 ], [ -56.614, -30.1584 ], [ -56.6154, -30.1623 ], [ -56.6212, -30.1691 ], [ -56.6249, -30.1753 ], [ -56.6243, -30.1799 ], [ -56.6252, -30.183 ], [ -56.6434, -30.1869 ], [ -56.6483, -30.1872 ], [ -56.6509, -30.1884 ], [ -56.6528, -30.1924 ], [ -56.6541, -30.1983 ], [ -56.6580539, -30.2012207 ] ] ] } },
{ "type": "Feature", "properties": { "wts_pk": 133591, "codigo_otto": "82465", "nivel_otto_declarado": 5, "area_m2_bho": 164.67978939399524, "nivel_otto": 5 }, "geometry": { "type": "Polygon", "coordinates": [ [ [ -56.5434694, -30.136442899999984 ], [ -56.5426556, -30.1367764 ], [ -56.54146, -30.1380986 ], [ -56.5405193, -30.138569599999986 ], [ -56.5399003, -30.1387389 ], [ -56.5379384, -30.1397033 ], [ -56.5366538, -30.1395539 ], [ -56.534681, -30.1405829 ], [ -56.5328489, -30.1405987 ], [ -56.5325196, -30.139343 ], [ -56.5322033, -30.139003 ], [ -56.5312044, -30.1384027 ], [ -56.5297767, -30.1383729 ], [ -56.5288569, -30.1393886 ], [ -56.5280385, -30.1393116 ], [ -56.5277221, -30.1396651 ], [ -56.5271852, -30.139931 ], [ -56.5260353, -30.1397892 ], [ -56.5249986, -30.1401918 ], [ -56.5245847, -30.1401701 ], [ -56.5236723, -30.1411082 ], [ -56.5232508, -30.1410708 ], [ -56.5222669, -30.1403531 ], [ -56.521167, -30.1403299 ], [ -56.5197588, -30.1405826 ], [ -56.519381, -30.1404841 ], [ -56.519011, -30.1401123 ], [ -56.5185161, -30.1400576 ], [ -56.5177028, -30.1404178 ], [ -56.5174667, -30.141074 ], [ -56.5171069, -30.1413864 ], [ -56.5165558, -30.1414158 ], [ -56.5159169, -30.1411518 ], [ -56.5154248, -30.141177699999989 ], [ -56.515293, -30.1416659 ], [ -56.5148082, -30.141801 ], [ -56.5147932, -30.1422654 ], [ -56.5138692, -30.142256 ], [ -56.5135827, -30.1420186 ], [ -56.5131007, -30.1419804 ], [ -56.5126552, -30.1420337 ], [ -56.5125542, -30.1422687 ], [ -56.5118236, -30.141762600000011 ], [ -56.5097068, -30.1416575 ], [ -56.509323, -30.1413647 ], [ -56.5087807, -30.1405209 ], [ -56.5086186, -30.1390802 ], [ -56.5079316, -30.1384375 ], [ -56.5078487, -30.137821 ], [ -56.5061009, -30.1378018 ], [ -56.5057842, -30.1374856 ], [ -56.5054901, -30.1368175 ], [ -56.5041623, -30.1366512 ], [ -56.5034665, -30.1361045 ], [ -56.5031945, -30.1357211 ], [ -56.5029875, -30.1345981 ], [ -56.5025807, -30.1345297 ], [ -56.5014773, -30.13472770000001 ], [ -56.5003805, -30.1340906 ], [ -56.5000938, -30.1337075 ], [ -56.5000825, -30.132868 ], [ -56.5002764, -30.132632 ], [ -56.5009069, -30.1325253 ], [ -56.4996229, -30.130788 ], [ -56.4994112, -30.1301181 ], [ -56.4990672, -30.1298486 ], [ -56.4982595, -30.1299172 ], [ -56.4977544, -30.1287315 ], [ -56.4970153, -30.127821 ], [ -56.4964974, -30.1277819 ], [ -56.4960675, -30.127561 ], [ -56.4937383, -30.12538180000001 ], [ -56.4929453, -30.1253107 ], [ -56.4923423, -30.1254406 ], [ -56.4910309, -30.1265356 ], [ -56.4904449, -30.1274527 ], [ -56.489764, -30.127350499999984 ], [ -56.4888052, -30.1275129 ], [ -56.4877619, -30.1272771 ], [ -56.4868902, -30.1274177 ], [ -56.4863565, -30.1273476 ], [ -56.4859826, -30.1279021 ], [ -56.4859041, -30.1286544 ], [ -56.4849658, -30.1288606 ], [ -56.4843924, -30.1284793 ], [ -56.483513, -30.1282902 ], [ -56.4829672, -30.1277927 ], [ -56.482867, -30.1270345 ], [ -56.4832809, -30.1259998 ], [ -56.4821808, -30.1254135 ], [ -56.4812751, -30.1251555 ], [ -56.4806604, -30.1239847 ], [ -56.4806262, -30.1228211 ], [ -56.4801436, -30.1230907 ], [ -56.4785042, -30.1231268 ], [ -56.4783898, -30.1236557 ], [ -56.4765612, -30.1227379 ], [ -56.4755521, -30.1218314 ], [ -56.4742581, -30.1221186 ], [ -56.4735338, -30.1212752 ], [ -56.4729457, -30.120986 ], [ -56.47248, -30.1196519 ], [ -56.4718396, -30.1191292 ], [ -56.4709039, -30.1178211 ], [ -56.4694283, -30.1177715 ], [ -56.4674522, -30.1162479 ], [ -56.4663823, -30.1160958 ], [ -56.4657137, -30.1158075 ], [ -56.4651467, -30.115445899999987 ], [ -56.4643887, -30.1143022 ], [ -56.4638681, -30.1140258 ], [ -56.4630176, -30.1141279 ], [ -56.461314, -30.1135517 ], [ -56.4609039, -30.1125434 ], [ -56.4604014, -30.1121684 ], [ -56.4596775, -30.1112402 ], [ -56.4585138, -30.1109578 ], [ -56.4579218, -30.1110261 ], [ -56.4571938, -30.1104045 ], [ -56.4566287, -30.1101303 ], [ -56.4554592, -30.1099537 ], [ -56.4541424, -30.1092404 ], [ -56.4532979, -30.1095256 ], [ -56.4520943, -30.1102664 ], [ -56.4507263, -30.1101545 ], [ -56.4501676, -30.1107598 ], [ -56.4496269, -30.1105286 ], [ -56.4488431, -30.1098582 ], [ -56.4472714, -30.1095212 ], [ -56.4466595, -30.1095509 ], [ -56.446072, -30.1099423 ], [ -56.4457899, -30.1099722 ], [ -56.4434037, -30.1089323 ], [ -56.4431535, -30.1085217 ], [ -56.4430821, -30.1079114 ], [ -56.4423422, -30.1069872 ], [ -56.4415938, -30.107151 ], [ -56.4406916, -30.106819299999987 ], [ -56.4401219, -30.1071133 ], [ -56.4396512, -30.1077157 ], [ -56.4392937, -30.1078061 ], [ -56.4373377, -30.107417299999987 ], [ -56.4370748, -30.1071177 ], [ -56.4369025, -30.1062411 ], [ -56.436243, -30.1054505 ], [ -56.4362168, -30.104985 ], [ -56.4368373, -30.1035267 ], [ -56.4374744, -30.1035545 ], [ -56.4383003, -30.1030298 ], [ -56.4381749, -30.1019298 ], [ -56.4388555, -30.1004259 ], [ -56.4385796, -30.1001331 ], [ -56.4373964, -30.0996857 ], [ -56.4367396, -30.0985595 ], [ -56.4356738, -30.0982415 ], [ -56.4349164, -30.0974888 ], [ -56.4352192, -30.0968786 ], [ -56.435136, -30.0963652 ], [ -56.4355719, -30.0948188 ], [ -56.4354864, -30.0940594 ], [ -56.4361646, -30.09354 ], [ -56.4364113, -30.0930274 ], [ -56.435535, -30.0920762 ], [ -56.4339592, -30.0922657 ], [ -56.4336243, -30.0917552 ], [ -56.4331577, -30.0916452 ], [ -56.4330877, -30.091245500000014 ], [ -56.432848, -30.0911546 ], [ -56.4328843, -30.0906189 ], [ -56.4335804, -30.0895951 ], [ -56.4329553, -30.0884848 ], [ -56.4337514, -30.0875847 ], [ -56.4341993, -30.0873221 ], [ -56.4345153, -30.0874384 ], [ -56.4352667, -30.0883232 ], [ -56.4365497, -30.0883901 ], [ -56.4372516, -30.0882569 ], [ -56.4377637, -30.0877554 ], [ -56.4380352, -30.0871942 ], [ -56.4385041, -30.0854005 ], [ -56.4394394, -30.084705 ], [ -56.4405236, -30.0834887 ], [ -56.440251, -30.082068 ], [ -56.4390808, -30.0813327 ], [ -56.4387675, -30.0808047 ], [ -56.4388475, -30.0798738 ], [ -56.4385871, -30.0788301 ], [ -56.4377337, -30.0783542 ], [ -56.4375129, -30.0774065 ], [ -56.436617, -30.076689299999988 ], [ -56.4366314, -30.075956 ], [ -56.4359035, -30.0753212 ], [ -56.4359035, -30.0747656 ], [ -56.4356527, -30.0747581 ], [ -56.4356084, -30.0745016 ], [ -56.435348, -30.0744879 ], [ -56.4354393, -30.0742689 ], [ -56.4358417, -30.0741613 ], [ -56.4361589, -30.0735443 ], [ -56.4361477, -30.0727182 ], [ -56.4349501, -30.0715186 ], [ -56.4336466, -30.0715197 ], [ -56.4334309, -30.0710649 ], [ -56.4335748, -30.0702043 ], [ -56.4329095, -30.0699065 ], [ -56.4318126, -30.0689949 ], [ -56.4319344, -30.0682375 ], [ -56.4309705, -30.0660894 ], [ -56.4313555, -30.0659199 ], [ -56.4321234, -30.0660749 ], [ -56.4324809, -30.0658121 ], [ -56.4328283, -30.0650014 ], [ -56.4326666, -30.0637243 ], [ -56.4329463, -30.0634628 ], [ -56.4338171, -30.0632372 ], [ -56.433959, -30.0625434 ], [ -56.4333579, -30.0618386 ], [ -56.4326486, -30.0613699 ], [ -56.4321386, -30.0607171 ], [ -56.4312764, -30.0604293 ], [ -56.4313518, -30.0592887 ], [ -56.4307759, -30.0582902 ], [ -56.4303479, -30.058099 ], [ -56.4300857, -30.0577265 ], [ -56.4300995, -30.0570524 ], [ -56.43054, -30.0569444 ], [ -56.4306276, -30.0567708 ], [ -56.430618, -30.0555409 ], [ -56.430364, -30.0551497 ], [ -56.4303478, -30.0542101 ], [ -56.42969, -30.0546882 ], [ -56.4294079, -30.0546993 ], [ -56.427441, -30.0534785 ], [ -56.4266023, -30.0532613 ], [ -56.426248, -30.0520572 ], [ -56.4263318, -30.051484 ], [ -56.4258729, -30.0509938 ], [ -56.4251635, -30.0506595 ], [ -56.424195, -30.0508086 ], [ -56.4235718, -30.0505613 ], [ -56.4229934, -30.0498716 ], [ -56.4221201, -30.0494046 ], [ -56.4208614, -30.0482247 ], [ -56.4197922, -30.0475435 ], [ -56.4198618, -30.0465873 ], [ -56.420314, -30.0459242 ], [ -56.4203516, -30.0449842 ], [ -56.4200275, -30.0441506 ], [ -56.4195662, -30.0436871 ], [ -56.4195269, -30.0429543 ], [ -56.4197199, -30.0421915 ], [ -56.419344, -30.0415309 ], [ -56.4196087, -30.0407518 ], [ -56.4202958, -30.0407339 ], [ -56.4216114, -30.039734200000016 ], [ -56.4219013, -30.0391651 ], [ -56.4214588, -30.0367101 ], [ -56.4207383, -30.0366399 ], [ -56.4193568, -30.0359229 ], [ -56.4183463, -30.035839 ], [ -56.4175699, -30.035599 ], [ -56.4179321, -30.0368472 ], [ -56.4183404, -30.0374121 ], [ -56.4183132, -30.037665 ], [ -56.4165603, -30.038456 ], [ -56.4159032, -30.0392101 ], [ -56.4152682, -30.0391359 ], [ -56.4137268, -30.03844 ], [ -56.4129241, -30.0391474 ], [ -56.4114931, -30.0392513 ], [ -56.4108762, -30.0394518 ], [ -56.4095713, -30.0395548 ], [ -56.4092365, -30.0397657 ], [ -56.4086092, -30.0397663 ], [ -56.4080412, -30.0397083 ], [ -56.4070984, -30.0392743 ], [ -56.406292, -30.0393774 ], [ -56.4057155, -30.0391462 ], [ -56.4052059, -30.0388291 ], [ -56.4049662, -30.0381818 ], [ -56.4046939, -30.0378991 ], [ -56.4040384, -30.0376003 ], [ -56.4028953, -30.0374133 ], [ -56.4020818, -30.0366568 ], [ -56.4015348, -30.035900099999989 ], [ -56.4013361, -30.0359418 ], [ -56.4009428, -30.0366517 ], [ -56.4010644, -30.0374307 ], [ -56.400903, -30.0387144 ], [ -56.4010066, -30.0391269 ], [ -56.4017101, -30.0398174 ], [ -56.4017064, -30.0403592 ], [ -56.401237, -30.0415861 ], [ -56.4011899, -30.0421309 ], [ -56.4019028, -30.0436072 ], [ -56.4016214, -30.044107699999987 ], [ -56.400441, -30.0451168 ], [ -56.400318, -30.0464537 ], [ -56.3999913, -30.0471119 ], [ -56.3988705, -30.0473214 ], [ -56.398485, -30.04762040000001 ], [ -56.398417, -30.0483236 ], [ -56.398765, -30.0488322 ], [ -56.3979573, -30.0489294 ], [ -56.3968191, -30.0486769 ], [ -56.3960649, -30.048966 ], [ -56.3942704, -30.0510519 ], [ -56.3947559, -30.052215299999986 ], [ -56.3949507, -30.0537703 ], [ -56.3948656, -30.0545321 ], [ -56.3955589, -30.0550501 ], [ -56.3951545, -30.0557535 ], [ -56.3950205, -30.0567491 ], [ -56.3938487, -30.0574566 ], [ -56.3929665, -30.0576374 ], [ -56.3917757, -30.0585004 ], [ -56.3912785, -30.0590095 ], [ -56.3910441, -30.0597308 ], [ -56.3903449, -30.0603311 ], [ -56.3908687, -30.0609812 ], [ -56.3906367, -30.0613593 ], [ -56.3906335, -30.0623196 ], [ -56.3913509, -30.0630736 ], [ -56.3920338, -30.0633039 ], [ -56.392507, -30.0628962 ], [ -56.3931052, -30.0628492 ], [ -56.3941283, -30.0631781 ], [ -56.3947759, -30.0636577 ], [ -56.3964176, -30.0636444 ], [ -56.3969523, -30.0638041 ], [ -56.397193, -30.0643094 ], [ -56.3970744, -30.0654441 ], [ -56.3979939, -30.066475900000011 ], [ -56.3981128, -30.0668382 ], [ -56.3981277, -30.0672818 ], [ -56.3976849, -30.0686014 ], [ -56.3979548, -30.0688431 ], [ -56.398629, -30.0690655 ], [ -56.3993918, -30.0698206 ], [ -56.3990595, -30.0709893 ], [ -56.3991318, -30.071177299999984 ], [ -56.3993786, -30.0713955 ], [ -56.4003522, -30.0717296 ], [ -56.3998972, -30.072136699999984 ], [ -56.3997051, -30.0729297 ], [ -56.3993202, -30.0732588 ], [ -56.3985707, -30.0744771 ], [ -56.3982392, -30.074659 ], [ -56.3971286, -30.0743166 ], [ -56.3968243, -30.0745505 ], [ -56.3965166, -30.0751842 ], [ -56.3961828, -30.076764 ], [ -56.3962019, -30.0774704 ], [ -56.3966177, -30.07887680000001 ], [ -56.3959634, -30.079344 ], [ -56.3954809, -30.0799282 ], [ -56.3946101, -30.0803968 ], [ -56.3936811, -30.0822658 ], [ -56.3924131, -30.08369 ], [ -56.392292, -30.0840713 ], [ -56.3923888, -30.0846809 ], [ -56.393056, -30.08528 ], [ -56.39299, -30.0860247 ], [ -56.3936075, -30.0864883 ], [ -56.3938535, -30.0868739 ], [ -56.3933384, -30.0895187 ], [ -56.3927106, -30.0898865 ], [ -56.3925966, -30.0900987 ], [ -56.3926027, -30.0906337 ], [ -56.3930582, -30.0913098 ], [ -56.3931248, -30.0920399 ], [ -56.3926848, -30.0932106 ], [ -56.3927992, -30.0939895 ], [ -56.3923724, -30.0946321 ], [ -56.3923664, -30.0948926 ], [ -56.39257, -30.0953214 ], [ -56.3934828, -30.096092 ], [ -56.3947923, -30.0967103 ], [ -56.3946838, -30.0974509 ], [ -56.3931966, -30.0979662 ], [ -56.3931946, -30.0995487 ], [ -56.3933838, -30.0997709 ], [ -56.3946903, -30.0998463 ], [ -56.3952548, -30.1003949 ], [ -56.3960401, -30.1016024 ], [ -56.3982928, -30.1020754 ], [ -56.3989606, -30.102804199999987 ], [ -56.3984759, -30.1034486 ], [ -56.3982222, -30.1041003 ], [ -56.3989183, -30.1052778 ], [ -56.3989819, -30.1066628 ], [ -56.3992373, -30.1075599 ], [ -56.3990294, -30.1080015 ], [ -56.3988987, -30.1090634 ], [ -56.3985629, -30.1093947 ], [ -56.3979438, -30.1096629 ], [ -56.3977704, -30.1107166 ], [ -56.3973584, -30.111309699999985 ], [ -56.3972603, -30.1137014 ], [ -56.3967453, -30.1144342 ], [ -56.3967289, -30.1152189 ], [ -56.3964759, -30.1153964 ], [ -56.396456492295997, -30.115764152448964 ], [ -56.3994, -30.1165 ], [ -56.406, -30.1163 ], [ -56.413, -30.1208 ], [ -56.4169, -30.1218 ], [ -56.4261, -30.1208 ], [ -56.4304, -30.124 ], [ -56.4337, -30.1249 ], [ -56.4358, -30.1323 ], [ -56.4396, -30.1369 ], [ -56.4454, -30.1373 ], [ -56.4492, -30.1393 ], [ -56.4599, -30.1408 ], [ -56.4608, -30.1424 ], [ -56.4621, -30.1429 ], [ -56.466, -30.1418 ], [ -56.4726, -30.1434 ], [ -56.4776, -30.1458 ], [ -56.4803, -30.1495 ], [ -56.4822, -30.1504 ], [ -56.489, -30.15 ], [ -56.5006, -30.1475 ], [ -56.5037, -30.1481 ], [ -56.5059, -30.1497 ], [ -56.5094, -30.1564 ], [ -56.5128, -30.159 ], [ -56.5151, -30.1587 ], [ -56.5178, -30.1567 ], [ -56.5249, -30.1487 ], [ -56.5295, -30.1473 ], [ -56.535, -30.1444 ], [ -56.5434694, -30.136442899999984 ] ] ] } },
{ "type": "Feature", "properties": { "wts_pk": 133593, "codigo_otto": "82467", "nivel_otto_declarado": 5, "area_m2_bho": 4.6753519050248258, "nivel_otto": 5 }, "geometry": { "type": "Polygon", "coordinates": [ [ [ -56.396456492295997, -30.115764152448964 ], [ -56.396488, -30.1153751 ], [ -56.3967289, -30.1152189 ], [ -56.3967368, -30.1144881 ], [ -56.3958736, -30.1144364 ], [ -56.3933832, -30.1136907 ], [ -56.3911998, -30.1136202 ], [ -56.3894551, -30.1130242 ], [ -56.3887642, -30.112323300000011 ], [ -56.387403, -30.1117911 ], [ -56.3868466, -30.1118774 ], [ -56.3861137, -30.1116461 ], [ -56.3855197, -30.1109622 ], [ -56.3841357, -30.110186899999988 ], [ -56.3839589, -30.1097659 ], [ -56.3821691, -30.1097519 ], [ -56.3814246, -30.1094713 ], [ -56.3810527, -30.1084774 ], [ -56.3804483, -30.1081404 ], [ -56.3795973, -30.1078648 ], [ -56.3789734, -30.1078413 ], [ -56.3785496, -30.1081267 ], [ -56.3784034, -30.1086548 ], [ -56.3772783, -30.1086579 ], [ -56.3768265, -30.1083055 ], [ -56.3766374, -30.1078966 ], [ -56.37571, -30.1075736 ], [ -56.3754325, -30.107601 ], [ -56.3747922, -30.1080992 ], [ -56.3747547, -30.1089668 ], [ -56.3742912, -30.1099152 ], [ -56.3742319, -30.1104592 ], [ -56.3747279, -30.1124729 ], [ -56.3747609, -30.1142577 ], [ -56.3743932, -30.1150194 ], [ -56.3734034, -30.115877 ], [ -56.3752, -30.1162 ], [ -56.3791, -30.1178 ], [ -56.3893, -30.1151 ], [ -56.3942, -30.1152 ], [ -56.396456492295997, -30.115764152448964 ] ] ] } },
{ "type": "Feature", "properties": { "wts_pk": 133594, "codigo_otto": "82468", "nivel_otto_declarado": 5, "area_m2_bho": 158.70790203042267, "nivel_otto": 5 }, "geometry": { "type": "Polygon", "coordinates": [ [ [ -56.3699, -30.1155 ], [ -56.3734034, -30.115877 ], [ -56.3741721, -30.1152697 ], [ -56.3747609, -30.1142577 ], [ -56.3747279, -30.1124729 ], [ -56.3742319, -30.1104592 ], [ -56.3742912, -30.1099152 ], [ -56.3747547, -30.1089668 ], [ -56.3747922, -30.1080992 ], [ -56.3744736, -30.1082499 ], [ -56.3742004, -30.108207299999986 ], [ -56.3738118, -30.1079938 ], [ -56.3732354, -30.1073437 ], [ -56.3725347, -30.1074643 ], [ -56.3719751, -30.107345 ], [ -56.3714203, -30.1074788 ], [ -56.3710176, -30.1072606 ], [ -56.37007, -30.1064326 ], [ -56.3699869, -30.1049295 ], [ -56.3688372, -30.1046427 ], [ -56.3685781, -30.1040139 ], [ -56.3682867, -30.1037468 ], [ -56.3665984, -30.1035447 ], [ -56.3660933, -30.1028908 ], [ -56.3654348, -30.1023758 ], [ -56.365247, -30.1012342 ], [ -56.3642366, -30.100043700000011 ], [ -56.3634704, -30.1005639 ], [ -56.3623335, -30.1004824 ], [ -56.362116, -30.1002251 ], [ -56.3619212, -30.0985525 ], [ -56.3610548, -30.0982578 ], [ -56.3601453, -30.0973916 ], [ -56.3598337, -30.096757 ], [ -56.359732, -30.0957459 ], [ -56.3594717, -30.0954477 ], [ -56.3584566, -30.0951868 ], [ -56.3578476, -30.0944882 ], [ -56.3573302, -30.0942685 ], [ -56.3557119, -30.093969 ], [ -56.3544724, -30.0944278 ], [ -56.3535903, -30.0941658 ], [ -56.3532557, -30.0939069 ], [ -56.3523915, -30.0921875 ], [ -56.3521195, -30.0911449 ], [ -56.3507904, -30.0904103 ], [ -56.3498397, -30.0901898 ], [ -56.3488281, -30.0891954 ], [ -56.3491394, -30.0876992 ], [ -56.3481768, -30.0870206 ], [ -56.3481512, -30.0864801 ], [ -56.3483491, -30.0858713 ], [ -56.3482314, -30.0855866 ], [ -56.3474049, -30.0850823 ], [ -56.3465144, -30.0848521 ], [ -56.3464669, -30.0840754 ], [ -56.34663, -30.0834836 ], [ -56.3461808, -30.0825438 ], [ -56.3457065, -30.0825548 ], [ -56.3455818, -30.0827944 ], [ -56.3454091, -30.0828081 ], [ -56.3452951, -30.0825759 ], [ -56.3450697, -30.0825438 ], [ -56.3442938, -30.081934900000011 ], [ -56.3440022, -30.0814905 ], [ -56.3441058, -30.0806547 ], [ -56.3432662, -30.0795926 ], [ -56.342762, -30.0795463 ], [ -56.3418428, -30.0799405 ], [ -56.3412714, -30.0796992 ], [ -56.34099, -30.0794136 ], [ -56.3409075, -30.0787016 ], [ -56.3411893, -30.0782067 ], [ -56.3415742, -30.0779143 ], [ -56.3424612, -30.0777285 ], [ -56.3428018, -30.0773881 ], [ -56.3428267, -30.0766592 ], [ -56.3425301, -30.0762763 ], [ -56.3419578, -30.0762258 ], [ -56.3415163, -30.0765847 ], [ -56.3407388, -30.0763628 ], [ -56.33999, -30.0758976 ], [ -56.3393315, -30.0765079 ], [ -56.338323, -30.0782283 ], [ -56.3377757, -30.0783877 ], [ -56.3363939, -30.0783143 ], [ -56.33621, -30.0780594 ], [ -56.3361138, -30.0771333 ], [ -56.3359085, -30.0768767 ], [ -56.3354927, -30.0767124 ], [ -56.3347087, -30.0767511 ], [ -56.3343371, -30.0770868 ], [ -56.334689, -30.0782096 ], [ -56.3344361, -30.0788589 ], [ -56.3339299, -30.079174 ], [ -56.3331611, -30.0792003 ], [ -56.3331116, -30.0786855 ], [ -56.3328474, -30.0786549 ], [ -56.3321197, -30.0774604 ], [ -56.3316525, -30.0763137 ], [ -56.3301987, -30.0757753 ], [ -56.3298934, -30.0745396 ], [ -56.3292844, -30.0742479 ], [ -56.3284029, -30.0742105 ], [ -56.3279045, -30.0738326 ], [ -56.3273943, -30.073296199999987 ], [ -56.3272267, -30.0726878 ], [ -56.3269435, -30.0723216 ], [ -56.3257156, -30.071639 ], [ -56.3256251, -30.0705994 ], [ -56.3248988, -30.0705666 ], [ -56.3245711, -30.0702679 ], [ -56.3245357, -30.0699051 ], [ -56.3250695, -30.0689327 ], [ -56.3222917, -30.0689327 ], [ -56.3223933, -30.0695012 ], [ -56.3212242, -30.0698849 ], [ -56.3209707, -30.0701862 ], [ -56.3205742, -30.0713062 ], [ -56.320195, -30.0716169 ], [ -56.3184028, -30.0714327 ], [ -56.3180463, -30.0706545 ], [ -56.3176523, -30.0703652 ], [ -56.3168743, -30.070339 ], [ -56.315589, -30.0705872 ], [ -56.3139148, -30.0701108 ], [ -56.3133019, -30.0702636 ], [ -56.3126652, -30.070185 ], [ -56.3120139, -30.0717105 ], [ -56.311875, -30.0717031 ], [ -56.3105038, -30.0709728 ], [ -56.3094634, -30.0707975 ], [ -56.3090136, -30.0701183 ], [ -56.3077734, -30.0699841 ], [ -56.3070139, -30.0694883 ], [ -56.3053455, -30.0692502 ], [ -56.3046667, -30.069662 ], [ -56.3038793, -30.0698242 ], [ -56.3034748, -30.0701004 ], [ -56.3029916, -30.0707719 ], [ -56.3015927, -30.0720214 ], [ -56.3010536, -30.0729993 ], [ -56.2992635, -30.0730731 ], [ -56.2990151, -30.072827 ], [ -56.2989081, -30.0721035 ], [ -56.2985937, -30.071785 ], [ -56.2977118, -30.0719564 ], [ -56.2970749, -30.071825 ], [ -56.296736, -30.0719884 ], [ -56.2964796, -30.0714131 ], [ -56.2964916, -30.070825 ], [ -56.2971615, -30.0698153 ], [ -56.2962729, -30.0690432 ], [ -56.2961158, -30.067971399999983 ], [ -56.2958014, -30.067341799999983 ], [ -56.2951748, -30.0668296 ], [ -56.2952344, -30.0662644 ], [ -56.2949495, -30.0656271 ], [ -56.2944011, -30.0651346 ], [ -56.293522, -30.0649493 ], [ -56.2927024, -30.0643657 ], [ -56.2929363, -30.0635501 ], [ -56.293553, -30.0629395 ], [ -56.2924542, -30.0620021 ], [ -56.2920567, -30.061773 ], [ -56.2915785, -30.0618686 ], [ -56.2895957, -30.061686 ], [ -56.2892453, -30.0613064 ], [ -56.2892359, -30.0603217 ], [ -56.2887912, -30.0602627 ], [ -56.2883074, -30.059818700000012 ], [ -56.2876781, -30.0600425 ], [ -56.286233, -30.0600436 ], [ -56.28608, -30.0597629 ], [ -56.2849541, -30.0599792 ], [ -56.2839219, -30.0592536 ], [ -56.2826418, -30.0593609 ], [ -56.2812536, -30.0584319 ], [ -56.2800486, -30.058390299999989 ], [ -56.279193, -30.0585882 ], [ -56.2782243, -30.0580262 ], [ -56.2772914, -30.0569884 ], [ -56.2772556, -30.0565074 ], [ -56.2764777, -30.0557692 ], [ -56.2764566, -30.055304799999984 ], [ -56.2766821, -30.0547086 ], [ -56.2763938, -30.0537984 ], [ -56.2754098, -30.0529598 ], [ -56.2754588, -30.0525782 ], [ -56.2764507, -30.0516559 ], [ -56.275673, -30.0513021 ], [ -56.2751592, -30.05066 ], [ -56.274037, -30.0501669 ], [ -56.2737134, -30.0495353 ], [ -56.2735557, -30.0479199 ], [ -56.2724634, -30.0473464 ], [ -56.2712717, -30.0470489 ], [ -56.2700971, -30.0472562 ], [ -56.2692644, -30.0471584 ], [ -56.2687592, -30.0468362 ], [ -56.2680643, -30.0446286 ], [ -56.2675582, -30.0438208 ], [ -56.2671369, -30.0436691 ], [ -56.2660944, -30.0436293 ], [ -56.2656584, -30.0433878 ], [ -56.264689, -30.0433719 ], [ -56.2642688, -30.043457699999987 ], [ -56.2639579, -30.043932899999984 ], [ -56.2629022, -30.043916599999989 ], [ -56.2627979, -30.0436848 ], [ -56.2624872, -30.0436364 ], [ -56.2621559, -30.0433306 ], [ -56.2619375, -30.0421387 ], [ -56.2613741, -30.0417943 ], [ -56.2604011, -30.0419546 ], [ -56.2595789, -30.0418289 ], [ -56.2588997, -30.0422365 ], [ -56.2581616, -30.042305 ], [ -56.2574598, -30.0425894 ], [ -56.2568418, -30.0430519 ], [ -56.2557607, -30.0434849 ], [ -56.2547912, -30.0444885 ], [ -56.2541617, -30.0442968 ], [ -56.253812, -30.0446456 ], [ -56.2532551, -30.044867 ], [ -56.2529055, -30.0454663 ], [ -56.2528329, -30.0465903 ], [ -56.2526669, -30.0469419 ], [ -56.2520638, -30.0472049 ], [ -56.2512803, -30.0470365 ], [ -56.2505968, -30.0472218 ], [ -56.2491534, -30.047317 ], [ -56.2487564, -30.0476039 ], [ -56.2484023, -30.0483774 ], [ -56.2469125, -30.0483208 ], [ -56.2460331, -30.0476498 ], [ -56.2457785, -30.0482598 ], [ -56.2450689, -30.048933 ], [ -56.2439501, -30.0491777 ], [ -56.2426111, -30.0485301 ], [ -56.2419661, -30.0473877 ], [ -56.2411566, -30.0472644 ], [ -56.2396977, -30.0476086 ], [ -56.239193, -30.048200699999988 ], [ -56.2386609, -30.0483499 ], [ -56.2382324, -30.0482917 ], [ -56.2373637, -30.0478704 ], [ -56.2363124, -30.047663 ], [ -56.2354854, -30.0484825 ], [ -56.2350257, -30.0493614 ], [ -56.2338182, -30.0497583 ], [ -56.233423, -30.049447 ], [ -56.2332759, -30.048933199999983 ], [ -56.2331244, -30.048933 ], [ -56.232898, -30.0494412 ], [ -56.2323287, -30.04971 ], [ -56.2313462, -30.0493262 ], [ -56.2308662, -30.0494092 ], [ -56.230212, -30.0492256 ], [ -56.2294363, -30.0492603 ], [ -56.2290512, -30.0495573 ], [ -56.2285585, -30.0505034 ], [ -56.2280227, -30.0507971 ], [ -56.2269367, -30.0509367 ], [ -56.2256431, -30.0515552 ], [ -56.2251392, -30.0515387 ], [ -56.2237708, -30.0520578 ], [ -56.2234515, -30.0524038 ], [ -56.2231244, -30.0539331 ], [ -56.2226259, -30.0539155 ], [ -56.2224599, -30.053659099999983 ], [ -56.2217355, -30.0536553 ], [ -56.2209912, -30.053149599999983 ], [ -56.2190822, -30.0530695 ], [ -56.2179642, -30.0528468 ], [ -56.2169915, -30.0533354 ], [ -56.2148934, -30.0534583 ], [ -56.2139148, -30.0541723 ], [ -56.2128466, -30.0542109 ], [ -56.2127741, -30.0554458 ], [ -56.2118226, -30.0558356 ], [ -56.2110408, -30.0558612 ], [ -56.209984, -30.0556071 ], [ -56.2071266, -30.0555869 ], [ -56.2059868, -30.0553502 ], [ -56.2046987, -30.0561256 ], [ -56.2034501, -30.0557535 ], [ -56.2026431, -30.0545486 ], [ -56.2014576, -30.0544887 ], [ -56.2007891, -30.0549538 ], [ -56.2002101, -30.05515590000001 ], [ -56.1996682, -30.0557807 ], [ -56.198454, -30.0560112 ], [ -56.1977927, -30.0571315 ], [ -56.1967275, -30.0574455 ], [ -56.1962597, -30.0582537 ], [ -56.195902, -30.0583776 ], [ -56.1956524, -30.0587138 ], [ -56.1956079, -30.0594033 ], [ -56.1953465, -30.0597665 ], [ -56.1939135, -30.058505 ], [ -56.1929709, -30.058001 ], [ -56.1923787, -30.0573773 ], [ -56.1919249, -30.0562934 ], [ -56.1912599, -30.0566449 ], [ -56.1908289, -30.056702499999989 ], [ -56.1890724, -30.0563445 ], [ -56.1876963, -30.0552811 ], [ -56.1875686, -30.0544888 ], [ -56.1873148, -30.054353 ], [ -56.1872322, -30.0537017 ], [ -56.1868009, -30.0536037 ], [ -56.1866371, -30.0534069 ], [ -56.1849872, -30.0530906 ], [ -56.1830365, -30.0534303 ], [ -56.1818385, -30.0539465 ], [ -56.1814841, -30.0545018 ], [ -56.1816938, -30.0559215 ], [ -56.1811559, -30.0563281 ], [ -56.1805425, -30.0563818 ], [ -56.1796795, -30.0559624 ], [ -56.1792415, -30.0559146 ], [ -56.1789942, -30.0561649 ], [ -56.1789575, -30.056711 ], [ -56.1758751, -30.0575174 ], [ -56.175047, -30.0573849 ], [ -56.1748298, -30.0569749 ], [ -56.1750686, -30.0564333 ], [ -56.1744257, -30.056367399999989 ], [ -56.1737727, -30.0560751 ], [ -56.173267, -30.0551738 ], [ -56.1729194, -30.0551953 ], [ -56.1717225, -30.054519699999986 ], [ -56.1703463, -30.054488799999987 ], [ -56.1705981, -30.0553045 ], [ -56.1701399, -30.0565911 ], [ -56.1700171, -30.0575932 ], [ -56.1697897, -30.0577803 ], [ -56.169436, -30.0577771 ], [ -56.1676738, -30.057185099999987 ], [ -56.1662587, -30.0562101 ], [ -56.1635259, -30.0561673 ], [ -56.1627497, -30.0564885 ], [ -56.1622446, -30.0574163 ], [ -56.1608105, -30.0582846 ], [ -56.1594324, -30.0581515 ], [ -56.1585087, -30.0584586 ], [ -56.1578894, -30.058929 ], [ -56.1575804, -30.0589239 ], [ -56.1575521, -30.0586541 ], [ -56.1563548, -30.0589906 ], [ -56.1556671, -30.0594423 ], [ -56.1549105, -30.0592284 ], [ -56.1534018, -30.0592111 ], [ -56.153413509524249, -30.059644102112667 ], [ -56.1562, -30.0638 ], [ -56.1615, -30.0633 ], [ -56.1627, -30.0638 ], [ -56.165, -30.0683 ], [ -56.171, -30.074 ], [ -56.1714, -30.0774 ], [ -56.1762, -30.0796 ], [ -56.1818, -30.0859 ], [ -56.1917, -30.0868 ], [ -56.195, -30.0894 ], [ -56.2, -30.088 ], [ -56.2101, -30.0896 ], [ -56.2133, -30.0913 ], [ -56.2161, -30.0897 ], [ -56.2198, -30.0922 ], [ -56.2246, -30.0914 ], [ -56.231, -30.0918 ], [ -56.2353, -30.0938 ], [ -56.2396, -30.097 ], [ -56.2464, -30.0987 ], [ -56.249, -30.1023 ], [ -56.2505, -30.103 ], [ -56.2558, -30.1023 ], [ -56.2576, -30.1034 ], [ -56.2588, -30.1062 ], [ -56.2643, -30.1075 ], [ -56.269, -30.1104 ], [ -56.2784, -30.1141 ], [ -56.2804, -30.1144 ], [ -56.2905, -30.1123 ], [ -56.2931, -30.113 ], [ -56.299, -30.1168 ], [ -56.304, -30.1165 ], [ -56.3081, -30.1146 ], [ -56.3105, -30.1148 ], [ -56.3178, -30.1194 ], [ -56.3205, -30.1201 ], [ -56.3312, -30.1197 ], [ -56.335, -30.1188 ], [ -56.3392, -30.1189 ], [ -56.3426, -30.1206 ], [ -56.3487, -30.1193 ], [ -56.3536, -30.1152 ], [ -56.3585, -30.113 ], [ -56.365, -30.113 ], [ -56.3699, -30.1155 ] ] ] } },
{ "type": "Feature", "properties": { "wts_pk": 133590, "codigo_otto": "82464", "nivel_otto_declarado": 5, "area_m2_bho": 62.424623154137223, "nivel_otto": 5 }, "geometry": { "type": "Polygon", "coordinates": [ [ [ -56.5433013, -30.1338064 ], [ -56.5416326, -30.1344114 ], [ -56.5412786, -30.1343991 ], [ -56.5409715, -30.1340663 ], [ -56.5407698, -30.1332068 ], [ -56.5394877, -30.1322887 ], [ -56.5383498, -30.132331 ], [ -56.5379344, -30.1327642 ], [ -56.5374055, -30.1330305 ], [ -56.5363725, -30.1327751 ], [ -56.5352068, -30.1316759 ], [ -56.534962, -30.1309625 ], [ -56.5343362, -30.1302432 ], [ -56.534254, -30.1267821 ], [ -56.5345747, -30.1260142 ], [ -56.5355171, -30.1246526 ], [ -56.5351242, -30.123653499999989 ], [ -56.5353796, -30.1228442 ], [ -56.5360608, -30.1223138 ], [ -56.5355607, -30.121285799999985 ], [ -56.5346493, -30.1205657 ], [ -56.533476, -30.1190733 ], [ -56.5339276, -30.1175828 ], [ -56.5339278, -30.1169443 ], [ -56.5329049, -30.1157398 ], [ -56.5326371, -30.115169399999989 ], [ -56.5324754, -30.1141048 ], [ -56.5317877, -30.1137939 ], [ -56.5313072, -30.11332440000001 ], [ -56.5311877, -30.112128 ], [ -56.5313509, -30.1112616 ], [ -56.5306961, -30.1098886 ], [ -56.5305289, -30.1090092 ], [ -56.5299741, -30.1084529 ], [ -56.5287287, -30.1079692 ], [ -56.5281793, -30.1074086 ], [ -56.5271231, -30.1054831 ], [ -56.5277445, -30.1043707 ], [ -56.5275627, -30.104038499999987 ], [ -56.5271859, -30.1037479 ], [ -56.5262378, -30.1035193 ], [ -56.5248945, -30.1024629 ], [ -56.5240365, -30.1004624 ], [ -56.5242112, -30.0995819 ], [ -56.523944, -30.0990361 ], [ -56.5233321, -30.0985046 ], [ -56.5229595, -30.0984955 ], [ -56.5227062, -30.097936 ], [ -56.5218322, -30.0976 ], [ -56.5209409, -30.0977375 ], [ -56.5202345, -30.0976212 ], [ -56.5189193, -30.0983147 ], [ -56.5176708, -30.097635499999988 ], [ -56.5168655, -30.0976986 ], [ -56.5164959, -30.0967582 ], [ -56.5164, -30.0951911 ], [ -56.5154405, -30.0942647 ], [ -56.5149881, -30.0942627 ], [ -56.5136591, -30.0947365 ], [ -56.5130428, -30.094717299999985 ], [ -56.5123962, -30.0941298 ], [ -56.5122001, -30.0932633 ], [ -56.5117779, -30.0930992 ], [ -56.5111151, -30.0931428 ], [ -56.5100403, -30.0936214 ], [ -56.5087261, -30.0937636 ], [ -56.5084097, -30.092981 ], [ -56.5085712, -30.09154 ], [ -56.5081759, -30.0906432 ], [ -56.5080629, -30.089635 ], [ -56.507833, -30.0893088 ], [ -56.5070573, -30.088715 ], [ -56.5057125, -30.0891541 ], [ -56.5051193, -30.089086199999986 ], [ -56.5038219, -30.0880617 ], [ -56.5035452, -30.0870954 ], [ -56.5018066, -30.085544 ], [ -56.501269, -30.0846961 ], [ -56.5012127, -30.0820373 ], [ -56.5019631, -30.0811553 ], [ -56.5015102, -30.0798232 ], [ -56.5016048, -30.0786825 ], [ -56.5005109, -30.0776306 ], [ -56.499442, -30.0771157 ], [ -56.4990686, -30.0771552 ], [ -56.4979902, -30.0768818 ], [ -56.4968759, -30.075153 ], [ -56.4960275, -30.0749456 ], [ -56.4948071, -30.074208499999987 ], [ -56.4938207, -30.0744854 ], [ -56.4929472, -30.0744163 ], [ -56.4924231, -30.0741091 ], [ -56.4921401, -30.0734958 ], [ -56.4916063, -30.0732553 ], [ -56.4911349, -30.072683 ], [ -56.4902354, -30.0727423 ], [ -56.4896829, -30.072506799999989 ], [ -56.488496, -30.0712687 ], [ -56.488126, -30.0711543 ], [ -56.4885333, -30.0708182 ], [ -56.4886744, -30.0704809 ], [ -56.4886678, -30.0690522 ], [ -56.4884066, -30.0680116 ], [ -56.4886816, -30.0669877 ], [ -56.4880738, -30.0668958 ], [ -56.4869571, -30.0660148 ], [ -56.486328, -30.0657609 ], [ -56.4860436, -30.0648743 ], [ -56.4851486, -30.0643245 ], [ -56.4850704, -30.0633766 ], [ -56.4832182, -30.0641556 ], [ -56.4820132, -30.063971799999987 ], [ -56.4809037, -30.0644877 ], [ -56.4805106, -30.0643918 ], [ -56.4796722, -30.0634716 ], [ -56.4785513, -30.0632601 ], [ -56.4783326, -30.0624226 ], [ -56.4780319, -30.0620619 ], [ -56.476737, -30.0614321 ], [ -56.4764593, -30.0614321 ], [ -56.4763474, -30.0609876 ], [ -56.4757239, -30.0602437 ], [ -56.4752656, -30.0593677 ], [ -56.4745699, -30.058796 ], [ -56.4739592, -30.0569877 ], [ -56.4723979, -30.0573487 ], [ -56.4716155, -30.058562 ], [ -56.470985, -30.0588859 ], [ -56.470431, -30.058928 ], [ -56.4687177, -30.0587287 ], [ -56.4681645, -30.0588609 ], [ -56.4674051, -30.0588261 ], [ -56.4661081, -30.0585981 ], [ -56.464688, -30.0573696 ], [ -56.4640841, -30.0574208 ], [ -56.4635583, -30.0570926 ], [ -56.462618, -30.0568602 ], [ -56.4623199, -30.056504099999984 ], [ -56.4620143, -30.055261899999984 ], [ -56.4625166, -30.0541415 ], [ -56.4620899, -30.0534991 ], [ -56.4619523, -30.0526946 ], [ -56.4616448, -30.0520606 ], [ -56.4610598, -30.0512504 ], [ -56.460348, -30.050598899999986 ], [ -56.4594027, -30.050810799999987 ], [ -56.4582567, -30.0500145 ], [ -56.4577412, -30.0487388 ], [ -56.4570837, -30.04794510000001 ], [ -56.456956, -30.0468546 ], [ -56.4564173, -30.0459943 ], [ -56.4552766, -30.0459114 ], [ -56.4542221, -30.0464339 ], [ -56.4535663, -30.0458943 ], [ -56.4528939, -30.0428554 ], [ -56.4529494, -30.041801599999985 ], [ -56.4522253, -30.0416471 ], [ -56.4519219, -30.041436600000011 ], [ -56.4514343, -30.0404335 ], [ -56.4504211, -30.0397077 ], [ -56.4495951, -30.0386742 ], [ -56.4491106, -30.0388758 ], [ -56.4487027, -30.0386713 ], [ -56.4472043, -30.0386328 ], [ -56.4468043, -30.0384135 ], [ -56.4459889, -30.0383499 ], [ -56.4455021, -30.037835099999988 ], [ -56.4445145, -30.0378211 ], [ -56.4444679, -30.0373998 ], [ -56.4441581, -30.0367721 ], [ -56.443733, -30.0363296 ], [ -56.4434034, -30.0353211 ], [ -56.4428074, -30.0352199 ], [ -56.4422721, -30.0348058 ], [ -56.4406371, -30.0347322 ], [ -56.4396202, -30.0344042 ], [ -56.4393028, -30.03405630000001 ], [ -56.4391488, -30.0332653 ], [ -56.438576, -30.0328884 ], [ -56.4376403, -30.032664 ], [ -56.4371392, -30.0335168 ], [ -56.4367984, -30.0331934 ], [ -56.4359621, -30.0329632 ], [ -56.435234, -30.032096 ], [ -56.4337207, -30.0323169 ], [ -56.4330751, -30.0327514 ], [ -56.4317234, -30.0320241 ], [ -56.4297674, -30.0322598 ], [ -56.4293344, -30.0320777 ], [ -56.4292216, -30.0317064 ], [ -56.4284771, -30.031994 ], [ -56.4279853, -30.0319444 ], [ -56.4276496, -30.031734499999985 ], [ -56.4269952, -30.0317156 ], [ -56.4264772, -30.0321553 ], [ -56.4264519, -30.0333561 ], [ -56.4265518, -30.033775799999987 ], [ -56.4272034, -30.0343051 ], [ -56.427207, -30.0346272 ], [ -56.4251805, -30.0343171 ], [ -56.424359, -30.0345765 ], [ -56.4237505, -30.0349791 ], [ -56.422311, -30.0350728 ], [ -56.4218974, -30.0353019 ], [ -56.4214564, -30.0367724 ], [ -56.4219013, -30.0391651 ], [ -56.4216114, -30.039734200000016 ], [ -56.4202958, -30.0407339 ], [ -56.4196087, -30.0407518 ], [ -56.4193538, -30.0414733 ], [ -56.4197199, -30.0421915 ], [ -56.4195269, -30.0429543 ], [ -56.4195662, -30.0436871 ], [ -56.4200275, -30.0441506 ], [ -56.4203516, -30.0449842 ], [ -56.420314, -30.0459242 ], [ -56.4198618, -30.0465873 ], [ -56.4197922, -30.0475435 ], [ -56.4208614, -30.0482247 ], [ -56.4221201, -30.0494046 ], [ -56.4229934, -30.0498716 ], [ -56.4235718, -30.0505613 ], [ -56.424195, -30.0508086 ], [ -56.4251635, -30.0506595 ], [ -56.4258729, -30.0509938 ], [ -56.4263318, -30.051484 ], [ -56.426248, -30.0520572 ], [ -56.4266023, -30.0532613 ], [ -56.427441, -30.0534785 ], [ -56.4294079, -30.0546993 ], [ -56.42969, -30.0546882 ], [ -56.4303478, -30.0542101 ], [ -56.430364, -30.0551497 ], [ -56.430618, -30.0555409 ], [ -56.4306276, -30.0567708 ], [ -56.43054, -30.0569444 ], [ -56.4300995, -30.0570524 ], [ -56.4300857, -30.0577265 ], [ -56.4303479, -30.058099 ], [ -56.4307759, -30.0582902 ], [ -56.4313518, -30.0592887 ], [ -56.4312764, -30.0604293 ], [ -56.4321386, -30.0607171 ], [ -56.4326486, -30.0613699 ], [ -56.4333579, -30.0618386 ], [ -56.433959, -30.0625434 ], [ -56.4338171, -30.0632372 ], [ -56.4329463, -30.0634628 ], [ -56.4326666, -30.0637243 ], [ -56.4328283, -30.0650014 ], [ -56.4324809, -30.0658121 ], [ -56.4321234, -30.0660749 ], [ -56.4313555, -30.0659199 ], [ -56.4309705, -30.0660894 ], [ -56.4319344, -30.0682375 ], [ -56.4318126, -30.0689949 ], [ -56.4329095, -30.0699065 ], [ -56.4335748, -30.0702043 ], [ -56.4334309, -30.0710649 ], [ -56.4336466, -30.0715197 ], [ -56.4349501, -30.0715186 ], [ -56.4361477, -30.0727182 ], [ -56.4361589, -30.0735443 ], [ -56.4358417, -30.0741613 ], [ -56.4354393, -30.0742689 ], [ -56.435348, -30.0744879 ], [ -56.4356084, -30.0745016 ], [ -56.4356527, -30.0747581 ], [ -56.4359035, -30.0747656 ], [ -56.4359035, -30.0753212 ], [ -56.4366314, -30.075956 ], [ -56.436617, -30.076689299999988 ], [ -56.4375129, -30.0774065 ], [ -56.4377337, -30.0783542 ], [ -56.4385871, -30.0788301 ], [ -56.4388475, -30.0798738 ], [ -56.4387219, -30.0806618 ], [ -56.4389908, -30.0812174 ], [ -56.4399704, -30.0817898 ], [ -56.4403136, -30.0822187 ], [ -56.4405027, -30.0836008 ], [ -56.4394394, -30.084705 ], [ -56.4385041, -30.0854005 ], [ -56.4380658, -30.0871174 ], [ -56.4374642, -30.0880909 ], [ -56.4368972, -30.0883671 ], [ -56.435362, -30.0883473 ], [ -56.4349226, -30.088064 ], [ -56.4345153, -30.0874384 ], [ -56.4341993, -30.0873221 ], [ -56.4337514, -30.0875847 ], [ -56.4329553, -30.0884848 ], [ -56.4335804, -30.0895951 ], [ -56.4328843, -30.0906189 ], [ -56.432848, -30.0911546 ], [ -56.4330877, -30.091245500000014 ], [ -56.4331577, -30.0916452 ], [ -56.4336243, -30.0917552 ], [ -56.4339592, -30.0922657 ], [ -56.435535, -30.0920762 ], [ -56.4364113, -30.0930274 ], [ -56.4361646, -30.09354 ], [ -56.4354864, -30.0940594 ], [ -56.4355719, -30.0948188 ], [ -56.435136, -30.0963652 ], [ -56.4352192, -30.0968786 ], [ -56.4349164, -30.0974888 ], [ -56.4356738, -30.0982415 ], [ -56.4367396, -30.0985595 ], [ -56.4373964, -30.0996857 ], [ -56.4385796, -30.1001331 ], [ -56.4388555, -30.1004259 ], [ -56.4381749, -30.1019298 ], [ -56.4383003, -30.1030298 ], [ -56.4374744, -30.1035545 ], [ -56.4368373, -30.1035267 ], [ -56.4362168, -30.104985 ], [ -56.436243, -30.1054505 ], [ -56.4369025, -30.1062411 ], [ -56.4370748, -30.1071177 ], [ -56.4373377, -30.107417299999987 ], [ -56.4392937, -30.1078061 ], [ -56.4396512, -30.1077157 ], [ -56.4401219, -30.1071133 ], [ -56.4406916, -30.106819299999987 ], [ -56.4415938, -30.107151 ], [ -56.4423422, -30.1069872 ], [ -56.4430821, -30.1079114 ], [ -56.4431535, -30.1085217 ], [ -56.4434037, -30.1089323 ], [ -56.4457899, -30.1099722 ], [ -56.446072, -30.1099423 ], [ -56.4466595, -30.1095509 ], [ -56.4472714, -30.1095212 ], [ -56.4488431, -30.1098582 ], [ -56.4496269, -30.1105286 ], [ -56.4501676, -30.1107598 ], [ -56.4507263, -30.1101545 ], [ -56.4520943, -30.1102664 ], [ -56.4532979, -30.1095256 ], [ -56.4541424, -30.1092404 ], [ -56.4554592, -30.1099537 ], [ -56.4566287, -30.1101303 ], [ -56.4571938, -30.1104045 ], [ -56.4579218, -30.1110261 ], [ -56.4585138, -30.1109578 ], [ -56.4596775, -30.1112402 ], [ -56.4604014, -30.1121684 ], [ -56.4609039, -30.1125434 ], [ -56.461314, -30.1135517 ], [ -56.4630176, -30.1141279 ], [ -56.4638681, -30.1140258 ], [ -56.4643887, -30.1143022 ], [ -56.4651467, -30.115445899999987 ], [ -56.4657137, -30.1158075 ], [ -56.4663823, -30.1160958 ], [ -56.4674522, -30.1162479 ], [ -56.4694283, -30.1177715 ], [ -56.4709039, -30.1178211 ], [ -56.4718396, -30.1191292 ], [ -56.47248, -30.1196519 ], [ -56.4729457, -30.120986 ], [ -56.4735338, -30.1212752 ], [ -56.4742581, -30.1221186 ], [ -56.4755521, -30.1218314 ], [ -56.4765612, -30.1227379 ], [ -56.4783898, -30.1236557 ], [ -56.4785042, -30.1231268 ], [ -56.4801436, -30.1230907 ], [ -56.4806262, -30.1228211 ], [ -56.4806604, -30.1239847 ], [ -56.4812751, -30.1251555 ], [ -56.4821808, -30.1254135 ], [ -56.4832809, -30.1259998 ], [ -56.482867, -30.1270345 ], [ -56.4829672, -30.1277927 ], [ -56.483513, -30.1282902 ], [ -56.4843924, -30.1284793 ], [ -56.4849658, -30.1288606 ], [ -56.4859041, -30.1286544 ], [ -56.4859826, -30.1279021 ], [ -56.4863565, -30.1273476 ], [ -56.4868902, -30.1274177 ], [ -56.4877619, -30.1272771 ], [ -56.4888052, -30.1275129 ], [ -56.489764, -30.127350499999984 ], [ -56.4904449, -30.1274527 ], [ -56.4910309, -30.1265356 ], [ -56.4923423, -30.1254406 ], [ -56.4929453, -30.1253107 ], [ -56.4937383, -30.12538180000001 ], [ -56.4960675, -30.127561 ], [ -56.4964974, -30.1277819 ], [ -56.4970153, -30.127821 ], [ -56.4977544, -30.1287315 ], [ -56.4982595, -30.1299172 ], [ -56.4990672, -30.1298486 ], [ -56.4994112, -30.1301181 ], [ -56.4996229, -30.130788 ], [ -56.5009069, -30.1325253 ], [ -56.5002764, -30.132632 ], [ -56.5000825, -30.132868 ], [ -56.5000938, -30.1337075 ], [ -56.5003805, -30.1340906 ], [ -56.5014773, -30.13472770000001 ], [ -56.5025807, -30.1345297 ], [ -56.5029875, -30.1345981 ], [ -56.5031945, -30.1357211 ], [ -56.5034665, -30.1361045 ], [ -56.5041623, -30.1366512 ], [ -56.5054901, -30.1368175 ], [ -56.5057842, -30.1374856 ], [ -56.5061009, -30.1378018 ], [ -56.5078487, -30.137821 ], [ -56.5079316, -30.1384375 ], [ -56.5086186, -30.1390802 ], [ -56.5087807, -30.1405209 ], [ -56.509323, -30.1413647 ], [ -56.5097068, -30.1416575 ], [ -56.5118236, -30.141762600000011 ], [ -56.5125542, -30.1422687 ], [ -56.5126552, -30.1420337 ], [ -56.5131007, -30.1419804 ], [ -56.5135827, -30.1420186 ], [ -56.5138692, -30.142256 ], [ -56.5147932, -30.1422654 ], [ -56.5148082, -30.141801 ], [ -56.515293, -30.1416659 ], [ -56.5154248, -30.141177699999989 ], [ -56.5159169, -30.1411518 ], [ -56.5165558, -30.1414158 ], [ -56.5171069, -30.1413864 ], [ -56.5174667, -30.141074 ], [ -56.5177028, -30.1404178 ], [ -56.5185161, -30.1400576 ], [ -56.519011, -30.1401123 ], [ -56.519381, -30.1404841 ], [ -56.5197588, -30.1405826 ], [ -56.521167, -30.1403299 ], [ -56.5222669, -30.1403531 ], [ -56.5232508, -30.1410708 ], [ -56.5236723, -30.1411082 ], [ -56.5245847, -30.1401701 ], [ -56.5249986, -30.1401918 ], [ -56.5260353, -30.1397892 ], [ -56.5271852, -30.139931 ], [ -56.5277221, -30.1396651 ], [ -56.5280385, -30.1393116 ], [ -56.5288569, -30.1393886 ], [ -56.5297767, -30.1383729 ], [ -56.5312044, -30.1384027 ], [ -56.5322033, -30.139003 ], [ -56.5325196, -30.139343 ], [ -56.5328489, -30.1405987 ], [ -56.5347834, -30.1405661 ], [ -56.536577, -30.1395806 ], [ -56.5380189, -30.139679499999989 ], [ -56.54146, -30.1380986 ], [ -56.542612, -30.1368115 ], [ -56.543476814854081, -30.136442318152913 ], [ -56.543927222145697, -30.136019442742949 ], [ -56.5434315, -30.1351837 ], [ -56.5433013, -30.1338064 ] ] ] } },
{ "type": "Feature", "properties": { "wts_pk": 133586, "codigo_otto": "82459", "nivel_otto_declarado": 5, "area_m2_bho": 267.9079533387947, "nivel_otto": 5 }, "geometry": { "type": "Polygon", "coordinates": [ [ [ -56.804055406411834, -30.107395561870565 ], [ -56.8014174, -30.1089364 ], [ -56.799771, -30.1095422 ], [ -56.7991209, -30.1099488 ], [ -56.7982457, -30.1101349 ], [ -56.7974537, -30.1107817 ], [ -56.7968548, -30.1109667 ], [ -56.7960204, -30.1116124 ], [ -56.795628, -30.1117088 ], [ -56.795, -30.1124849 ], [ -56.7940391, -30.113252100000011 ], [ -56.7931895, -30.1146354 ], [ -56.7931855, -30.1151765 ], [ -56.793839, -30.1163753 ], [ -56.7935789, -30.1166162 ], [ -56.792913, -30.1168446 ], [ -56.7921761, -30.1178011 ], [ -56.7909475, -30.1185857 ], [ -56.7904723, -30.1184985 ], [ -56.7889458, -30.1186432 ], [ -56.7877945, -30.1183898 ], [ -56.7867391, -30.1186533 ], [ -56.786772, -30.1173366 ], [ -56.7874398, -30.1172307 ], [ -56.7875725, -30.1169866 ], [ -56.7868687, -30.1166142 ], [ -56.7857313, -30.1152462 ], [ -56.7858987, -30.1142523 ], [ -56.7858109, -30.1137342 ], [ -56.7846572, -30.1129873 ], [ -56.7843062, -30.1120589 ], [ -56.7833042, -30.1116575 ], [ -56.7827334, -30.1112454 ], [ -56.7813143, -30.1107722 ], [ -56.7811835, -30.109764399999989 ], [ -56.7807252, -30.1100225 ], [ -56.7790847, -30.1100783 ], [ -56.7786835, -30.1108755 ], [ -56.7780759, -30.1108727 ], [ -56.7776715, -30.1106072 ], [ -56.7761835, -30.1105977 ], [ -56.7761835, -30.11032 ], [ -56.7754586, -30.1099627 ], [ -56.7749923, -30.1090731 ], [ -56.7743232, -30.1089227 ], [ -56.7737948, -30.1090001 ], [ -56.7732302, -30.109283399999985 ], [ -56.7727191, -30.1099382 ], [ -56.7716065, -30.1104346 ], [ -56.7712529, -30.1108051 ], [ -56.7696515, -30.1112596 ], [ -56.7692855, -30.1119849 ], [ -56.7670042, -30.1114655 ], [ -56.7667785, -30.111697299999989 ], [ -56.7669014, -30.1121433 ], [ -56.7668201, -30.1127981 ], [ -56.7660251, -30.1128031 ], [ -56.7656966, -30.1125448 ], [ -56.7645167, -30.1125422 ], [ -56.7644912, -30.113045 ], [ -56.7640366, -30.1131236 ], [ -56.763736, -30.1133786 ], [ -56.7626507, -30.113350299999986 ], [ -56.7625166, -30.1131418 ], [ -56.7620963, -30.1130716 ], [ -56.7617389, -30.11282 ], [ -56.7614643, -30.1123386 ], [ -56.7598427, -30.1119795 ], [ -56.7591415, -30.1120745 ], [ -56.7589905, -30.1124729 ], [ -56.7579767, -30.11264 ], [ -56.7571699, -30.1132954 ], [ -56.7564892, -30.113341 ], [ -56.7556712, -30.1126922 ], [ -56.7549997, -30.111829300000011 ], [ -56.7535758, -30.1121887 ], [ -56.752195, -30.1112335 ], [ -56.750285, -30.1109994 ], [ -56.7497474, -30.1115872 ], [ -56.7494918, -30.1116448 ], [ -56.7486083, -30.1106413 ], [ -56.7481725, -30.1103795 ], [ -56.7479329, -30.110466899999988 ], [ -56.7474722, -30.1110612 ], [ -56.7467727, -30.1113819 ], [ -56.745199, -30.1115313 ], [ -56.7441466, -30.1133087 ], [ -56.7435901, -30.1138411 ], [ -56.7424887, -30.1136758 ], [ -56.7414618, -30.1139259 ], [ -56.7410118, -30.1138105 ], [ -56.7402334, -30.113189899999988 ], [ -56.7395686, -30.1129643 ], [ -56.7376505, -30.1114874 ], [ -56.7352592, -30.1111517 ], [ -56.7347506, -30.1111539 ], [ -56.7341802, -30.1114191 ], [ -56.7338742, -30.1109472 ], [ -56.7332305, -30.1106193 ], [ -56.7322199, -30.1105995 ], [ -56.7315874, -30.1107581 ], [ -56.730736, -30.1106087 ], [ -56.7304014, -30.1108153 ], [ -56.7302146, -30.1116734 ], [ -56.7293769, -30.1124848 ], [ -56.7280783, -30.1122638 ], [ -56.7271709, -30.1125803 ], [ -56.7265923, -30.1131546 ], [ -56.7265864, -30.1136425 ], [ -56.7259945, -30.1141568 ], [ -56.7236715, -30.1139268 ], [ -56.7224197, -30.1139613 ], [ -56.7216928, -30.1141404 ], [ -56.7208301, -30.1135018 ], [ -56.7203178, -30.1135796 ], [ -56.7192387, -30.1133757 ], [ -56.7180771, -30.1151878 ], [ -56.7172249, -30.1153872 ], [ -56.7160167, -30.1159636 ], [ -56.7154121, -30.1164805 ], [ -56.7151113, -30.116936199999987 ], [ -56.7149455, -30.118349 ], [ -56.7144208, -30.1188639 ], [ -56.7134305, -30.1193345 ], [ -56.7123028, -30.1189741 ], [ -56.7107265, -30.119204 ], [ -56.709665, -30.118963099999984 ], [ -56.7081569, -30.1188839 ], [ -56.7076206, -30.1181777 ], [ -56.7066653, -30.1180279 ], [ -56.7056061, -30.117617299999988 ], [ -56.7051257, -30.1180112 ], [ -56.7037354, -30.1182307 ], [ -56.7021796, -30.1199512 ], [ -56.7010013, -30.1198619 ], [ -56.6993738, -30.1207038 ], [ -56.6986831, -30.1217092 ], [ -56.6981745, -30.1216952 ], [ -56.6980968, -30.1214556 ], [ -56.6979286, -30.1214268 ], [ -56.697572, -30.1214314 ], [ -56.6975167, -30.121708 ], [ -56.6962364, -30.1215058 ], [ -56.6953525, -30.1216642 ], [ -56.6945824, -30.121226 ], [ -56.6936236, -30.121081900000014 ], [ -56.6923918, -30.1195412 ], [ -56.6918196, -30.1192638 ], [ -56.6908369, -30.1191383 ], [ -56.6901533, -30.1187201 ], [ -56.6890511, -30.1188776 ], [ -56.6883634, -30.1187194 ], [ -56.6876751, -30.1190051 ], [ -56.6869557, -30.1196231 ], [ -56.6862776, -30.1199403 ], [ -56.6860745, -30.120790299999989 ], [ -56.6852158, -30.121954399999986 ], [ -56.6848685, -30.1222017 ], [ -56.6840162, -30.1224011 ], [ -56.6835436, -30.1232659 ], [ -56.682425, -30.124034699999985 ], [ -56.6817385, -30.1258759 ], [ -56.6812685, -30.1258491 ], [ -56.680693, -30.1253208 ], [ -56.6786483, -30.1253142 ], [ -56.6782137, -30.125481 ], [ -56.6780156, -30.1260655 ], [ -56.6773856, -30.126783 ], [ -56.6770332, -30.1275828 ], [ -56.6772641, -30.1299402 ], [ -56.6767628, -30.13203110000001 ], [ -56.6767386, -30.1339315 ], [ -56.675958, -30.134034 ], [ -56.6749168, -30.135271 ], [ -56.674314, -30.1355585 ], [ -56.673683, -30.1355982 ], [ -56.6731884, -30.1365806 ], [ -56.6727828, -30.1385 ], [ -56.671657, -30.1401658 ], [ -56.6696446, -30.1404323 ], [ -56.6699882, -30.140834699999989 ], [ -56.6700719, -30.1417093 ], [ -56.6706039, -30.1421339 ], [ -56.6706275, -30.1444871 ], [ -56.6714062, -30.1454428 ], [ -56.6718585, -30.1466877 ], [ -56.6722391, -30.1469538 ], [ -56.6728497, -30.1469871 ], [ -56.672859, -30.1494357 ], [ -56.673014, -30.15021 ], [ -56.6726489, -30.1507454 ], [ -56.6722353, -30.1523949 ], [ -56.6719422, -30.152947 ], [ -56.6707871, -30.1538384 ], [ -56.6701219, -30.154064299999987 ], [ -56.6690651, -30.1551179 ], [ -56.6692149, -30.1560671 ], [ -56.6690805, -30.1564403 ], [ -56.66881, -30.1566011 ], [ -56.6682792, -30.1564592 ], [ -56.66749, -30.1564819 ], [ -56.6665553, -30.1570582 ], [ -56.6665323, -30.1573946 ], [ -56.6669094, -30.1579019 ], [ -56.666987, -30.1582758 ], [ -56.666527, -30.1590832 ], [ -56.6664987, -30.1594597 ], [ -56.667191, -30.1601249 ], [ -56.6672975, -30.1605385 ], [ -56.6672643, -30.1614857 ], [ -56.6669294, -30.1621977 ], [ -56.6666327, -30.1624379 ], [ -56.6663034, -30.1623835 ], [ -56.6645164, -30.1628204 ], [ -56.6643971, -30.1636327 ], [ -56.6628615, -30.1647568 ], [ -56.6629038, -30.1665016 ], [ -56.6633821, -30.1675887 ], [ -56.6632431, -30.1685418 ], [ -56.6634416, -30.1709248 ], [ -56.6644127, -30.171791099999986 ], [ -56.6650677, -30.173527699999987 ], [ -56.6646904, -30.1744081 ], [ -56.6639854, -30.1753368 ], [ -56.6646739, -30.1781981 ], [ -56.663482, -30.1787106 ], [ -56.6612407, -30.1815806 ], [ -56.6612417, -30.1821154 ], [ -56.6619243, -30.182898 ], [ -56.6622486, -30.183653599999989 ], [ -56.6616507, -30.184878500000021 ], [ -56.6610002, -30.185211 ], [ -56.6606534, -30.186105 ], [ -56.6606906, -30.1871043 ], [ -56.661461, -30.1875427 ], [ -56.6613683, -30.1882722 ], [ -56.6601864, -30.1894459 ], [ -56.6595911, -30.1897059 ], [ -56.6585388, -30.1897867 ], [ -56.6582131, -30.189935 ], [ -56.6578846, -30.1911734 ], [ -56.6580711, -30.1920669 ], [ -56.6577498, -30.1925369 ], [ -56.6571259, -30.1928039 ], [ -56.6559054, -30.1925427 ], [ -56.6550814, -30.193697699999984 ], [ -56.6551205, -30.1943364 ], [ -56.6556905, -30.195548 ], [ -56.6561041, -30.1958188 ], [ -56.6570935, -30.1959351 ], [ -56.657689, -30.19619440000001 ], [ -56.6585908, -30.1970572 ], [ -56.6584054, -30.198376 ], [ -56.657918, -30.1989965 ], [ -56.6578491, -30.1993146 ], [ -56.658507406458931, -30.200847341567574 ], [ -56.6608, -30.1983 ], [ -56.6637, -30.1974 ], [ -56.6699, -30.1994 ], [ -56.6766, -30.2003 ], [ -56.6787, -30.2003 ], [ -56.6802, -30.1986 ], [ -56.6803, -30.1948 ], [ -56.6819, -30.1945 ], [ -56.6855, -30.1961 ], [ -56.6921, -30.2026 ], [ -56.6963, -30.2051 ], [ -56.6982, -30.2044 ], [ -56.6983, -30.2027 ], [ -56.7005, -30.1976 ], [ -56.7021, -30.1956 ], [ -56.7042, -30.1935 ], [ -56.7075, -30.1897 ], [ -56.7084, -30.1881 ], [ -56.7062, -30.1833 ], [ -56.7048, -30.1793 ], [ -56.705, -30.177 ], [ -56.7056, -30.1761 ], [ -56.7099, -30.1758 ], [ -56.7135, -30.177 ], [ -56.7153, -30.1786 ], [ -56.7177, -30.1799 ], [ -56.7199, -30.1797 ], [ -56.7214, -30.1781 ], [ -56.7256, -30.1745 ], [ -56.7298, -30.1717 ], [ -56.7365, -30.1704 ], [ -56.7414, -30.168 ], [ -56.7466, -30.1667 ], [ -56.7516, -30.1647 ], [ -56.7582, -30.1608 ], [ -56.7609, -30.1604 ], [ -56.7644, -30.1614 ], [ -56.7691, -30.1631 ], [ -56.773, -30.1643 ], [ -56.7749, -30.1642 ], [ -56.7779, -30.1624 ], [ -56.7819, -30.1588 ], [ -56.783, -30.1561 ], [ -56.784, -30.1512 ], [ -56.7836, -30.1481 ], [ -56.7816, -30.1453 ], [ -56.7778, -30.1337 ], [ -56.7782, -30.1307 ], [ -56.7803, -30.1266 ], [ -56.7846, -30.1254 ], [ -56.7924, -30.1236 ], [ -56.7971, -30.123 ], [ -56.7994, -30.1223 ], [ -56.8019, -30.1199 ], [ -56.8019, -30.1161 ], [ -56.803, -30.1101 ], [ -56.804055406411834, -30.107395561870565 ] ] ] } },
{ "type": "Feature", "properties": { "wts_pk": 133582, "codigo_otto": "82455", "nivel_otto_declarado": 5, "area_m2_bho": 233.46161087082157, "nivel_otto": 5 }, "geometry": { "type": "Polygon", "coordinates": [ [ [ -57.0114625, -30.0875413 ], [ -57.0104846, -30.0874558 ], [ -57.0097402, -30.0868445 ], [ -57.0087531, -30.086376 ], [ -57.0084698, -30.0860094 ], [ -57.008063, -30.0846162 ], [ -57.007756, -30.084301199999985 ], [ -57.0074936, -30.084292899999987 ], [ -57.0071629, -30.0846412 ], [ -57.0067446, -30.084722 ], [ -57.0058026, -30.084365 ], [ -57.0056291, -30.0839302 ], [ -57.0047999, -30.0841794 ], [ -57.0043325, -30.0841345 ], [ -57.0035119, -30.083579 ], [ -57.00358, -30.0829228 ], [ -57.0032799, -30.0823699 ], [ -57.0010202, -30.0821736 ], [ -57.0003031, -30.0812714 ], [ -56.9997023, -30.0809578 ], [ -56.9993492, -30.0809669 ], [ -56.9983015, -30.081621 ], [ -56.9967723, -30.0822134 ], [ -56.9948109, -30.0822468 ], [ -56.9941339, -30.081938 ], [ -56.9938593, -30.0803976 ], [ -56.9926854, -30.0795848 ], [ -56.9936709, -30.077773399999987 ], [ -56.9936359, -30.0771351 ], [ -56.9931143, -30.0762564 ], [ -56.9927437, -30.0759553 ], [ -56.9918333, -30.0756561 ], [ -56.9904564, -30.0757911 ], [ -56.9888004, -30.0748042 ], [ -56.9882086, -30.0745561 ], [ -56.9875734, -30.0744858 ], [ -56.9868806, -30.0738821 ], [ -56.9865575, -30.0731824 ], [ -56.9854516, -30.0731305 ], [ -56.9847609, -30.0733079 ], [ -56.984283, -30.0731974 ], [ -56.9844539, -30.072400199999986 ], [ -56.9838368, -30.0714575 ], [ -56.9830301, -30.0709529 ], [ -56.9822007, -30.070751 ], [ -56.9819659, -30.0701927 ], [ -56.9812613, -30.06998 ], [ -56.9809763, -30.0697063 ], [ -56.9808996, -30.0688877 ], [ -56.9810563, -30.068180899999984 ], [ -56.9806289, -30.0680969 ], [ -56.9802625, -30.0673336 ], [ -56.9794698, -30.0665608 ], [ -56.978292, -30.0661114 ], [ -56.977938, -30.0658061 ], [ -56.9775999, -30.0650834 ], [ -56.9775664, -30.064153 ], [ -56.9772942, -30.0638242 ], [ -56.9757133, -30.0632125 ], [ -56.9753734, -30.062250599999985 ], [ -56.9755981, -30.0613298 ], [ -56.975351, -30.060597 ], [ -56.974236, -30.0608299 ], [ -56.9735183, -30.0607117 ], [ -56.9724035, -30.0610513 ], [ -56.9718744, -30.0607737 ], [ -56.9716326, -30.060114699999989 ], [ -56.9711465, -30.0598156 ], [ -56.9704818, -30.0601323 ], [ -56.9699843, -30.0610038 ], [ -56.969611, -30.0611237 ], [ -56.9693031, -30.0610301 ], [ -56.9687358, -30.060403 ], [ -56.9673834, -30.0601491 ], [ -56.9669136, -30.0584488 ], [ -56.9661806, -30.058047 ], [ -56.9662811, -30.0576531 ], [ -56.9666611, -30.0574792 ], [ -56.9669929, -30.057096 ], [ -56.9670176, -30.0550414 ], [ -56.9663746, -30.0549768 ], [ -56.965804, -30.0547102 ], [ -56.9649202, -30.053598 ], [ -56.9653423, -30.0525929 ], [ -56.9649231, -30.0510639 ], [ -56.9650732, -30.050597 ], [ -56.964571, -30.050222 ], [ -56.9638462, -30.049299499999986 ], [ -56.9627824, -30.049142 ], [ -56.9620706, -30.0484456 ], [ -56.9608394, -30.0482132 ], [ -56.9599623, -30.0485396 ], [ -56.9587119, -30.0481077 ], [ -56.9568443, -30.048292 ], [ -56.9553356, -30.0476472 ], [ -56.9550927, -30.0473116 ], [ -56.9550731, -30.0464304 ], [ -56.9546591, -30.046426 ], [ -56.9540619, -30.0465086 ], [ -56.9532479, -30.0470801 ], [ -56.9529522, -30.0474899 ], [ -56.9517086, -30.0480721 ], [ -56.9514491, -30.0480993 ], [ -56.9507998, -30.047835 ], [ -56.9501953, -30.0478372 ], [ -56.9492739, -30.0485863 ], [ -56.9482539, -30.0482135 ], [ -56.9476476, -30.0485807 ], [ -56.9466659, -30.0487108 ], [ -56.9445873, -30.0494865 ], [ -56.9442261, -30.04941470000001 ], [ -56.9435272, -30.0487533 ], [ -56.9425562, -30.04916260000001 ], [ -56.9415345, -30.0490614 ], [ -56.9407855, -30.0496795 ], [ -56.9402654, -30.0497111 ], [ -56.9388255, -30.0480587 ], [ -56.9385522, -30.0473679 ], [ -56.9377407, -30.0467949 ], [ -56.9356493, -30.0461573 ], [ -56.9347186, -30.0462167 ], [ -56.9341247, -30.0466111 ], [ -56.9338693, -30.046619 ], [ -56.9335826, -30.0459653 ], [ -56.9330789, -30.0454532 ], [ -56.9318204, -30.0451603 ], [ -56.9312697, -30.0444065 ], [ -56.9312055, -30.0439515 ], [ -56.9318286, -30.0429763 ], [ -56.9322163, -30.0426533 ], [ -56.9322101, -30.0420688 ], [ -56.9313166, -30.0411098 ], [ -56.931184, -30.0403193 ], [ -56.9307107, -30.03997660000001 ], [ -56.9305475, -30.03955 ], [ -56.9290867, -30.0394498 ], [ -56.9289618, -30.0389304 ], [ -56.9284431, -30.0389196 ], [ -56.9282475, -30.0386495 ], [ -56.9271548, -30.039653 ], [ -56.9263052, -30.0398595 ], [ -56.9255061, -30.0405006 ], [ -56.9249309, -30.0407047 ], [ -56.9243634, -30.041252900000011 ], [ -56.9239947, -30.0422821 ], [ -56.9241377, -30.0433007 ], [ -56.9235066, -30.04403610000001 ], [ -56.9234062, -30.0447638 ], [ -56.9228507, -30.0447638 ], [ -56.9227665, -30.0455033 ], [ -56.9222493, -30.0460375 ], [ -56.9212991, -30.0463321 ], [ -56.919601, -30.045371 ], [ -56.9189811, -30.045355499999989 ], [ -56.9181772, -30.0455649 ], [ -56.9171137, -30.0454164 ], [ -56.9162699, -30.0460402 ], [ -56.9161203, -30.0468342 ], [ -56.9158199, -30.0473808 ], [ -56.9151286, -30.0476782 ], [ -56.914448, -30.0488758 ], [ -56.9134062, -30.0494861 ], [ -56.9130041, -30.051052 ], [ -56.9127408, -30.0510965 ], [ -56.9119596, -30.0508115 ], [ -56.9115172, -30.0501147 ], [ -56.9100781, -30.0498078 ], [ -56.9092933, -30.0507319 ], [ -56.9088655, -30.0521285 ], [ -56.9082004, -30.0520537 ], [ -56.9075728, -30.0522639 ], [ -56.9075908, -30.053729 ], [ -56.9078146, -30.0548284 ], [ -56.9068396, -30.0563237 ], [ -56.9071026, -30.0569066 ], [ -56.9077918, -30.0576796 ], [ -56.9083503, -30.0588018 ], [ -56.9083938, -30.0596306 ], [ -56.9081647, -30.060505799999984 ], [ -56.9083776, -30.0614024 ], [ -56.9082794, -30.0615799 ], [ -56.9079677, -30.061545 ], [ -56.9074588, -30.061748699999988 ], [ -56.9071228, -30.0620553 ], [ -56.907278, -30.0633376 ], [ -56.9069515, -30.0640506 ], [ -56.9067057, -30.0641384 ], [ -56.9060515, -30.063953500000014 ], [ -56.9052934, -30.0639974 ], [ -56.904561, -30.0652609 ], [ -56.9042867, -30.0660974 ], [ -56.9058551, -30.0704677 ], [ -56.9057529, -30.0716016 ], [ -56.9058763, -30.0722472 ], [ -56.9052864, -30.0730438 ], [ -56.9040536, -30.074003 ], [ -56.9036816, -30.0750239 ], [ -56.9055151, -30.075409 ], [ -56.9060951, -30.0760915 ], [ -56.9080875, -30.0771121 ], [ -56.9091399, -30.0782944 ], [ -56.9109063, -30.0780972 ], [ -56.9112602, -30.0790611 ], [ -56.911689, -30.079645 ], [ -56.9117308, -30.080277 ], [ -56.9114264, -30.0807484 ], [ -56.9107001, -30.0812099 ], [ -56.9101661, -30.0817881 ], [ -56.9100828, -30.0824027 ], [ -56.9102402, -30.0829908 ], [ -56.9100382, -30.0832883 ], [ -56.9094391, -30.0836313 ], [ -56.9087222, -30.0832499 ], [ -56.9077684, -30.0821343 ], [ -56.9075292, -30.0820421 ], [ -56.9070932, -30.0822984 ], [ -56.9065276, -30.0831148 ], [ -56.9057744, -30.0834314 ], [ -56.9044026, -30.0846577 ], [ -56.9034484, -30.0840007 ], [ -56.9027324, -30.084386499999983 ], [ -56.9022423, -30.0844578 ], [ -56.9014512, -30.0842487 ], [ -56.9005201, -30.0843169 ], [ -56.8942691, -30.083678 ], [ -56.8930155, -30.0841885 ], [ -56.8905217, -30.084199 ], [ -56.890596, -30.0856569 ], [ -56.8916, -30.0873738 ], [ -56.8898284, -30.086713299999985 ], [ -56.8891678, -30.0867664 ], [ -56.8885756, -30.0871624 ], [ -56.8882924, -30.087196 ], [ -56.8874026, -30.0869141 ], [ -56.8867395, -30.0864306 ], [ -56.8854687, -30.0866705 ], [ -56.884561460187285, -30.087192769767732 ], [ -56.8848, -30.0871 ], [ -56.886, -30.0874 ], [ -56.8889, -30.0891 ], [ -56.8895, -30.0937 ], [ -56.8904, -30.097 ], [ -56.8919, -30.1003 ], [ -56.8952, -30.1045 ], [ -56.8985, -30.108 ], [ -56.9009, -30.1102 ], [ -56.9026, -30.1123 ], [ -56.9054, -30.1135 ], [ -56.9067, -30.1124 ], [ -56.9065, -30.1115 ], [ -56.9047, -30.1091 ], [ -56.9054, -30.1077 ], [ -56.9071, -30.1073 ], [ -56.91, -30.1082 ], [ -56.9123, -30.1105 ], [ -56.9139, -30.111 ], [ -56.9154, -30.1102 ], [ -56.9151, -30.1075 ], [ -56.912, -30.1043 ], [ -56.9114, -30.1011 ], [ -56.9149, -30.0991 ], [ -56.9162, -30.0969 ], [ -56.9178, -30.0962 ], [ -56.9261, -30.0953 ], [ -56.9307, -30.094 ], [ -56.9324, -30.0939 ], [ -56.936, -30.0945 ], [ -56.9404, -30.097 ], [ -56.9443, -30.0985 ], [ -56.9509, -30.0997 ], [ -56.9536, -30.1008 ], [ -56.9556, -30.1011 ], [ -56.9678, -30.0977 ], [ -56.9715, -30.0972 ], [ -56.9748, -30.0975 ], [ -56.9761, -30.098 ], [ -56.9774, -30.0976 ], [ -56.9783, -30.0949 ], [ -56.9804, -30.0922 ], [ -56.9816, -30.0897 ], [ -56.9845, -30.0874 ], [ -56.9874, -30.0871 ], [ -56.9934, -30.0857 ], [ -56.9978, -30.0863 ], [ -57.0017, -30.0873 ], [ -57.0058, -30.0878 ], [ -57.0114625, -30.0875413 ] ] ] } },
{ "type": "Feature", "properties": { "wts_pk": 133584, "codigo_otto": "82457", "nivel_otto_declarado": 5, "area_m2_bho": 60.061351367361475, "nivel_otto": 5 }, "geometry": { "type": "Polygon", "coordinates": [ [ [ -56.8845616, -30.087189 ], [ -56.8815536, -30.0851601 ], [ -56.8787117, -30.0828548 ], [ -56.8767045, -30.0797347 ], [ -56.8736835, -30.0778996 ], [ -56.8702698, -30.0762683 ], [ -56.8661916, -30.0737005 ], [ -56.8630758, -30.0730192 ], [ -56.8627066, -30.0720268 ], [ -56.8615471, -30.0712622 ], [ -56.8611129, -30.0696346 ], [ -56.8604036, -30.0689615 ], [ -56.8601033, -30.0674749 ], [ -56.8604848, -30.0668183 ], [ -56.8614104, -30.0665729 ], [ -56.8621708, -30.0658248 ], [ -56.8620551, -30.063889500000013 ], [ -56.8627805, -30.062948 ], [ -56.8626562, -30.0618484 ], [ -56.8633257, -30.0607959 ], [ -56.863387, -30.0604188 ], [ -56.8632326, -30.0601003 ], [ -56.8615775, -30.059086 ], [ -56.8617314, -30.0577654 ], [ -56.8609882, -30.0569136 ], [ -56.8606814, -30.05623 ], [ -56.8611606, -30.0541616 ], [ -56.8611556, -30.0525915 ], [ -56.8604461, -30.0516329 ], [ -56.8599444, -30.0500675 ], [ -56.8596854, -30.0498454 ], [ -56.8592672, -30.04976370000001 ], [ -56.8576276, -30.0499278 ], [ -56.8569234, -30.0497195 ], [ -56.8565869, -30.049463 ], [ -56.8561905, -30.0485211 ], [ -56.8564483, -30.0474101 ], [ -56.8564443, -30.0464563 ], [ -56.8558517, -30.0457161 ], [ -56.8554216, -30.046064799999986 ], [ -56.8536739, -30.0468915 ], [ -56.8534715, -30.047197 ], [ -56.8536, -30.0478923 ], [ -56.8532867, -30.0480837 ], [ -56.8527822, -30.0480556 ], [ -56.8523684, -30.0477761 ], [ -56.8516462, -30.0464955 ], [ -56.8513487, -30.0462557 ], [ -56.8497345, -30.0467786 ], [ -56.849135, -30.0474592 ], [ -56.8482472, -30.0478023 ], [ -56.8478074, -30.047814900000017 ], [ -56.846216, -30.0468681 ], [ -56.8459619, -30.0465621 ], [ -56.8458974, -30.0461032 ], [ -56.8459141, -30.0441678 ], [ -56.846163, -30.0433283 ], [ -56.8461541, -30.0424913 ], [ -56.8458295, -30.041861199999989 ], [ -56.8451385, -30.0413711 ], [ -56.8448426, -30.040879 ], [ -56.845334, -30.0393061 ], [ -56.8447906, -30.0383603 ], [ -56.8453213, -30.0376447 ], [ -56.8453761, -30.0363941 ], [ -56.8455526, -30.0359636 ], [ -56.8453502, -30.0353196 ], [ -56.8445952, -30.034988 ], [ -56.8440926, -30.0340464 ], [ -56.8434644, -30.0337918 ], [ -56.8428028, -30.0329494 ], [ -56.8418359, -30.0324628 ], [ -56.841305, -30.0319575 ], [ -56.8412028, -30.0314561 ], [ -56.8414273, -30.0306817 ], [ -56.8411835, -30.0300419 ], [ -56.8388778, -30.0299871 ], [ -56.8382281, -30.0295388 ], [ -56.8370656, -30.0290774 ], [ -56.836806, -30.0287852 ], [ -56.8366014, -30.028133 ], [ -56.8357945, -30.0273508 ], [ -56.8344288, -30.0269166 ], [ -56.8338951, -30.0265674 ], [ -56.8333074, -30.0269412 ], [ -56.8324649, -30.0266733 ], [ -56.831345, -30.0256895 ], [ -56.8291007, -30.024654 ], [ -56.8283299, -30.0237128 ], [ -56.8274312, -30.023062599999985 ], [ -56.8264175, -30.0218335 ], [ -56.8251877, -30.0212171 ], [ -56.8239611, -30.0214308 ], [ -56.8238107, -30.02175 ], [ -56.8240129, -30.022322499999987 ], [ -56.8244008, -30.0227182 ], [ -56.8241486, -30.0238543 ], [ -56.8234398, -30.0247869 ], [ -56.8236833, -30.0264308 ], [ -56.8224783, -30.0264811 ], [ -56.8215844, -30.0271045 ], [ -56.8217319, -30.0279775 ], [ -56.8217069, -30.0298102 ], [ -56.8213743, -30.0305301 ], [ -56.8207477, -30.0312986 ], [ -56.8205391, -30.032378 ], [ -56.8198793, -30.0329643 ], [ -56.8199702, -30.0338658 ], [ -56.8194423, -30.0341757 ], [ -56.8182953, -30.0339303 ], [ -56.8171472, -30.0340363 ], [ -56.8170249, -30.0347073 ], [ -56.8174669, -30.0360461 ], [ -56.8168832, -30.036876 ], [ -56.8164673, -30.036941100000011 ], [ -56.8160196, -30.0368216 ], [ -56.8155316, -30.037032299999989 ], [ -56.8147944, -30.0380975 ], [ -56.8145702, -30.0380763 ], [ -56.814072, -30.0377381 ], [ -56.8138988, -30.0371216 ], [ -56.8136122, -30.0367561 ], [ -56.813238, -30.0365111 ], [ -56.8125955, -30.0365525 ], [ -56.8112488, -30.0351478 ], [ -56.8102201, -30.036957499999989 ], [ -56.8093597, -30.037364099999984 ], [ -56.8085625, -30.0380172 ], [ -56.8081267, -30.0380643 ], [ -56.8076453, -30.0377758 ], [ -56.8069913, -30.0368217 ], [ -56.806043, -30.0359782 ], [ -56.8053199, -30.035881799999988 ], [ -56.8045759, -30.0360357 ], [ -56.8036978, -30.035595299999983 ], [ -56.8027837, -30.0359456 ], [ -56.802448, -30.0363353 ], [ -56.8018193, -30.0366579 ], [ -56.8007872, -30.0368693 ], [ -56.7999077, -30.036799 ], [ -56.7995883, -30.0371287 ], [ -56.7994151, -30.0377373 ], [ -56.7990463, -30.0380424 ], [ -56.797608, -30.0383661 ], [ -56.7943206, -30.0383846 ], [ -56.7934343, -30.03858 ], [ -56.7924827, -30.0384318 ], [ -56.7917388, -30.038931 ], [ -56.791411, -30.0396743 ], [ -56.7909529, -30.0398481 ], [ -56.7903499, -30.0405976 ], [ -56.7890403, -30.0406054 ], [ -56.788961, -30.0408754 ], [ -56.7881565, -30.0408801 ], [ -56.7874674, -30.0408474 ], [ -56.786961, -30.0406133 ], [ -56.7865664, -30.0408444 ], [ -56.7858626, -30.0408801 ], [ -56.7852319, -30.0413366 ], [ -56.7844328, -30.0414867 ], [ -56.7840732, -30.0417243 ], [ -56.7832295, -30.0426225 ], [ -56.7827197, -30.0439013 ], [ -56.7812501, -30.0445394 ], [ -56.780964, -30.0449032 ], [ -56.7803498, -30.046431 ], [ -56.7799765, -30.0468825 ], [ -56.7793333, -30.0472075 ], [ -56.7785144, -30.0473504 ], [ -56.7774937, -30.0482565 ], [ -56.7767387, -30.0483755 ], [ -56.7761252, -30.0490705 ], [ -56.7754259, -30.0493615 ], [ -56.7751289, -30.0499085 ], [ -56.7750304, -30.0509219 ], [ -56.7747407, -30.0515739 ], [ -56.7741172, -30.0524462 ], [ -56.7734054, -30.0530977 ], [ -56.77181, -30.0541544 ], [ -56.7703695, -30.0540836 ], [ -56.7697499, -30.0549097 ], [ -56.7684479, -30.0557796 ], [ -56.768122, -30.0565659 ], [ -56.7669018, -30.0567569 ], [ -56.7665034, -30.05711 ], [ -56.766627, -30.0579959 ], [ -56.7664751, -30.0585826 ], [ -56.7668613, -30.059463 ], [ -56.7671999, -30.0597136 ], [ -56.7689155, -30.0601707 ], [ -56.7697943, -30.0611533 ], [ -56.77004, -30.061178 ], [ -56.7701183, -30.0614173 ], [ -56.7709054, -30.0614311 ], [ -56.7707261, -30.062147099999983 ], [ -56.7709569, -30.0631286 ], [ -56.7713654, -30.063542399999989 ], [ -56.7725926, -30.066114 ], [ -56.7728142, -30.0661815 ], [ -56.7728981, -30.0664161 ], [ -56.7734055, -30.066431 ], [ -56.7734355, -30.0673107 ], [ -56.7736157, -30.0676425 ], [ -56.7732605, -30.0683293 ], [ -56.772065, -30.068524 ], [ -56.7720732, -30.0692906 ], [ -56.7726687, -30.0707992 ], [ -56.7731775, -30.0712991 ], [ -56.7738741, -30.0715922 ], [ -56.7748385, -30.073248 ], [ -56.7766596, -30.0747436 ], [ -56.777375, -30.074847199999986 ], [ -56.7782994, -30.075261499999989 ], [ -56.7786369, -30.0751904 ], [ -56.7790862, -30.0745906 ], [ -56.7797137, -30.0742604 ], [ -56.7810178, -30.0740379 ], [ -56.7824381, -30.0742246 ], [ -56.7830619, -30.0745372 ], [ -56.784346, -30.0760687 ], [ -56.7856151, -30.076431 ], [ -56.7861557, -30.0764387 ], [ -56.7861834, -30.0767088 ], [ -56.7879483, -30.0774573 ], [ -56.7882989, -30.077445399999984 ], [ -56.7887999, -30.0770808 ], [ -56.7896805, -30.0767779 ], [ -56.7909692, -30.0770516 ], [ -56.7918662, -30.0782749 ], [ -56.7926901, -30.0788381 ], [ -56.7933567, -30.0790624 ], [ -56.7941526, -30.0798362 ], [ -56.7944859, -30.0806139 ], [ -56.7942792, -30.0817715 ], [ -56.7945715, -30.0822154 ], [ -56.7952603, -30.0827716 ], [ -56.7967345, -30.0830407 ], [ -56.7969474, -30.08379 ], [ -56.7963983, -30.0853655 ], [ -56.7959585, -30.0858467 ], [ -56.7961211, -30.0870599 ], [ -56.7954556, -30.087896 ], [ -56.7954461, -30.0883121 ], [ -56.7956279, -30.0886532 ], [ -56.7966246, -30.089162 ], [ -56.7975418, -30.0894558 ], [ -56.7987155, -30.0895161 ], [ -56.7995168, -30.0897643 ], [ -56.7992717, -30.0905747 ], [ -56.7996973, -30.0910499 ], [ -56.7998779, -30.0918191 ], [ -56.800749, -30.0924465 ], [ -56.8015437, -30.0925988 ], [ -56.8018845, -30.0928512 ], [ -56.8020819, -30.0940583 ], [ -56.8023504, -30.094628 ], [ -56.8033476, -30.095750499999987 ], [ -56.803395, -30.0962888 ], [ -56.803127, -30.0977012 ], [ -56.8033878, -30.0982093 ], [ -56.8038876, -30.1006832 ], [ -56.804128816419663, -30.107207445680984 ], [ -56.8046, -30.106 ], [ -56.8081, -30.1032 ], [ -56.81, -30.103 ], [ -56.8125, -30.1065 ], [ -56.8145, -30.1076 ], [ -56.8168, -30.1073 ], [ -56.8186, -30.1061 ], [ -56.8208, -30.1018 ], [ -56.8222, -30.0979 ], [ -56.8242, -30.0956 ], [ -56.8336, -30.0923 ], [ -56.8427, -30.0903 ], [ -56.8504, -30.0889 ], [ -56.8542, -30.0888 ], [ -56.8574, -30.0891 ], [ -56.8646, -30.0901 ], [ -56.8692, -30.0936 ], [ -56.8721, -30.0937 ], [ -56.8737, -30.0927 ], [ -56.8738, -30.0904 ], [ -56.8733, -30.0887 ], [ -56.8745, -30.0862 ], [ -56.8761, -30.0867 ], [ -56.8786, -30.0881 ], [ -56.8812, -30.0885 ], [ -56.8845616, -30.087189 ] ] ] } },
{ "type": "Feature", "properties": { "wts_pk": 133583, "codigo_otto": "82456", "nivel_otto_declarado": 5, "area_m2_bho": 366.59146958236414, "nivel_otto": 5 }, "geometry": { "type": "Polygon", "coordinates": [ [ [ -56.8931196, -30.0841724 ], [ -56.8942691, -30.083678 ], [ -56.9005201, -30.0843169 ], [ -56.9014512, -30.0842487 ], [ -56.9022423, -30.0844578 ], [ -56.9027324, -30.084386499999983 ], [ -56.9034484, -30.0840007 ], [ -56.9044026, -30.0846577 ], [ -56.9057744, -30.0834314 ], [ -56.9065276, -30.0831148 ], [ -56.9070932, -30.0822984 ], [ -56.9075292, -30.0820421 ], [ -56.9077684, -30.0821343 ], [ -56.9087222, -30.0832499 ], [ -56.9094764, -30.0836468 ], [ -56.9102042, -30.0830857 ], [ -56.9101661, -30.0817881 ], [ -56.9107001, -30.0812099 ], [ -56.9114264, -30.0807484 ], [ -56.9117308, -30.080277 ], [ -56.911689, -30.079645 ], [ -56.9112602, -30.0790611 ], [ -56.9109063, -30.0780972 ], [ -56.9091399, -30.0782944 ], [ -56.9080875, -30.0771121 ], [ -56.9060951, -30.0760915 ], [ -56.9055151, -30.075409 ], [ -56.9036816, -30.0750239 ], [ -56.9040536, -30.074003 ], [ -56.9052864, -30.0730438 ], [ -56.9058763, -30.0722472 ], [ -56.9057529, -30.0716016 ], [ -56.9058551, -30.0704677 ], [ -56.9042867, -30.0660974 ], [ -56.904561, -30.0652609 ], [ -56.9052934, -30.0639974 ], [ -56.9060515, -30.063953500000014 ], [ -56.9067057, -30.0641384 ], [ -56.9069515, -30.0640506 ], [ -56.907278, -30.0633376 ], [ -56.9071228, -30.0620553 ], [ -56.9074588, -30.061748699999988 ], [ -56.9079677, -30.061545 ], [ -56.9082794, -30.0615799 ], [ -56.9083776, -30.0614024 ], [ -56.9081647, -30.060505799999984 ], [ -56.9083938, -30.0596306 ], [ -56.9083503, -30.0588018 ], [ -56.9077918, -30.0576796 ], [ -56.9071026, -30.0569066 ], [ -56.9068396, -30.0563237 ], [ -56.9078146, -30.0548284 ], [ -56.9075908, -30.053729 ], [ -56.9075728, -30.0522639 ], [ -56.9082004, -30.0520537 ], [ -56.9088655, -30.0521285 ], [ -56.9092933, -30.0507319 ], [ -56.9100781, -30.0498078 ], [ -56.9115172, -30.0501147 ], [ -56.9119596, -30.0508115 ], [ -56.9127408, -30.0510965 ], [ -56.9130041, -30.051052 ], [ -56.9134062, -30.0494861 ], [ -56.914448, -30.0488758 ], [ -56.9151286, -30.0476782 ], [ -56.9158199, -30.0473808 ], [ -56.9161203, -30.0468342 ], [ -56.9162699, -30.0460402 ], [ -56.9171137, -30.0454164 ], [ -56.9181772, -30.0455649 ], [ -56.9189811, -30.045355499999989 ], [ -56.919601, -30.045371 ], [ -56.9212991, -30.0463321 ], [ -56.9221053, -30.0461127 ], [ -56.9225067, -30.045830799999983 ], [ -56.9228023, -30.04541020000001 ], [ -56.9228507, -30.0447638 ], [ -56.9223593, -30.0446253 ], [ -56.9218338, -30.044133799999983 ], [ -56.9213949, -30.0421312 ], [ -56.9207081, -30.0415499 ], [ -56.9200929, -30.0405762 ], [ -56.9201281, -30.0401885 ], [ -56.9204099, -30.039819 ], [ -56.9216551, -30.038843799999988 ], [ -56.9217252, -30.0381499 ], [ -56.9215289, -30.037898700000014 ], [ -56.9204383, -30.0376511 ], [ -56.9203506, -30.0355971 ], [ -56.9197122, -30.0350928 ], [ -56.9193261, -30.0351001 ], [ -56.918772, -30.035573899999989 ], [ -56.9175728, -30.0355972 ], [ -56.9169162, -30.0348609 ], [ -56.9160015, -30.0349478 ], [ -56.9146422, -30.0341107 ], [ -56.9140642, -30.033294 ], [ -56.9132733, -30.0315353 ], [ -56.9120172, -30.031430499999985 ], [ -56.9119355, -30.0304853 ], [ -56.910722, -30.0290417 ], [ -56.9103261, -30.0282091 ], [ -56.9093301, -30.0273774 ], [ -56.9088742, -30.0260366 ], [ -56.9085499, -30.0258929 ], [ -56.9072213, -30.025816099999989 ], [ -56.9061838, -30.0253194 ], [ -56.9062065, -30.024602 ], [ -56.9069779, -30.0238486 ], [ -56.9069869, -30.02326930000001 ], [ -56.9066471, -30.0229401 ], [ -56.9057263, -30.022742 ], [ -56.9049236, -30.022235200000011 ], [ -56.9044568, -30.019670899999984 ], [ -56.9029021, -30.0198695 ], [ -56.9023547, -30.019069399999989 ], [ -56.9020965, -30.0175623 ], [ -56.9006088, -30.0180622 ], [ -56.8991492, -30.0178822 ], [ -56.8985516, -30.018552 ], [ -56.8981208, -30.018787099999987 ], [ -56.8972993, -30.018713 ], [ -56.8966316, -30.0191091 ], [ -56.8962742, -30.0191236 ], [ -56.8954337, -30.0187782 ], [ -56.8946534, -30.0177596 ], [ -56.8946366, -30.0173413 ], [ -56.8941027, -30.0168218 ], [ -56.8929733, -30.0166121 ], [ -56.8924396, -30.0159799 ], [ -56.8916794, -30.0154577 ], [ -56.8907649, -30.0152052 ], [ -56.8906295, -30.0146331 ], [ -56.8908686, -30.013592099999986 ], [ -56.8904819, -30.0131868 ], [ -56.8900941, -30.013093800000011 ], [ -56.8895446, -30.0132957 ], [ -56.8888576, -30.0131778 ], [ -56.8882656, -30.0139887 ], [ -56.8882452, -30.014407099999985 ], [ -56.8866636, -30.0152006 ], [ -56.8856344, -30.0148116 ], [ -56.8847947, -30.0150417 ], [ -56.8845505, -30.014243 ], [ -56.8848037, -30.0134319 ], [ -56.8846971, -30.012623 ], [ -56.883128, -30.0125417 ], [ -56.883082, -30.012255499999984 ], [ -56.8828504, -30.0120654 ], [ -56.8810239, -30.0118837 ], [ -56.8806778, -30.011090299999989 ], [ -56.8811118, -30.0104481 ], [ -56.8813612, -30.0095929 ], [ -56.8810855, -30.00900870000001 ], [ -56.8804798, -30.008547 ], [ -56.8804056, -30.0082991 ], [ -56.8810176, -30.0075618 ], [ -56.8822034, -30.0069066 ], [ -56.8822359, -30.0065694 ], [ -56.881961, -30.006204099999984 ], [ -56.8810326, -30.0057043 ], [ -56.8804345, -30.0060935 ], [ -56.8793369, -30.0063421 ], [ -56.8787699, -30.0058157 ], [ -56.8784908, -30.005255 ], [ -56.8784058, -30.0042084 ], [ -56.8767749, -30.0037138 ], [ -56.8754635, -30.0041061 ], [ -56.8747433, -30.0034338 ], [ -56.8732538, -30.0033697 ], [ -56.8730609, -30.0031189 ], [ -56.8725724, -30.0030973 ], [ -56.8720804, -30.002393500000011 ], [ -56.8719314, -30.0010406 ], [ -56.8710075, -30.0002391 ], [ -56.870575, -29.999065 ], [ -56.8697946, -29.997819499999988 ], [ -56.8678473, -29.9970119 ], [ -56.8669513, -29.9969918 ], [ -56.8662299, -29.997142 ], [ -56.8654469, -29.9962882 ], [ -56.8650755, -29.994800599999984 ], [ -56.8651112, -29.992871 ], [ -56.865572, -29.9922469 ], [ -56.8652526, -29.991722 ], [ -56.8648792, -29.9914854 ], [ -56.8635101, -29.9912363 ], [ -56.86261, -29.9912985 ], [ -56.8624083, -29.9910503 ], [ -56.8625388, -29.9905047 ], [ -56.8624406, -29.9901511 ], [ -56.858848, -29.9873534 ], [ -56.8570353, -29.9872249 ], [ -56.8559829, -29.9867643 ], [ -56.8543525, -29.9866161 ], [ -56.8539611, -29.9864307 ], [ -56.853546, -29.9857057 ], [ -56.8526943, -29.9855002 ], [ -56.8521441, -29.9848782 ], [ -56.8507958, -29.9846729 ], [ -56.850783, -29.9826562 ], [ -56.8504699, -29.9821556 ], [ -56.8506311, -29.9812689 ], [ -56.8505336, -29.9801141 ], [ -56.8497017, -29.9795809 ], [ -56.8490407, -29.979629 ], [ -56.8484616, -29.979004799999988 ], [ -56.847031, -29.9790598 ], [ -56.8465524, -29.978588 ], [ -56.8458419, -29.9770366 ], [ -56.8454439, -29.9767561 ], [ -56.8442388, -29.9764307 ], [ -56.8436613, -29.9759893 ], [ -56.8434307, -29.9755819 ], [ -56.8436188, -29.974768299999987 ], [ -56.8434031, -29.9736061 ], [ -56.843671, -29.971843 ], [ -56.8432282, -29.9712605 ], [ -56.8427988, -29.9701693 ], [ -56.8422812, -29.9697982 ], [ -56.8410059, -29.9699414 ], [ -56.8396591, -29.9685195 ], [ -56.8389609, -29.9683752 ], [ -56.8387575, -29.9677779 ], [ -56.8391535, -29.9673843 ], [ -56.8395073, -29.966296 ], [ -56.8392733, -29.9652673 ], [ -56.8392152, -29.9639788 ], [ -56.8390302, -29.9637202 ], [ -56.8382559, -29.9635516 ], [ -56.8379149, -29.9633237 ], [ -56.8373875, -29.9629055 ], [ -56.8372897, -29.9626059 ], [ -56.8381259, -29.9623729 ], [ -56.8388352, -29.9616627 ], [ -56.8384713, -29.9612047 ], [ -56.8381332, -29.9599967 ], [ -56.8386583, -29.9583271 ], [ -56.8384758, -29.9571922 ], [ -56.838896, -29.956556 ], [ -56.8389225, -29.9560946 ], [ -56.8366945, -29.9537804 ], [ -56.8350719, -29.9533752 ], [ -56.8349995, -29.9527402 ], [ -56.8345647, -29.9520558 ], [ -56.8348482, -29.9512969 ], [ -56.8352792, -29.9507233 ], [ -56.8354165, -29.9493592 ], [ -56.8361225, -29.9485025 ], [ -56.8360774, -29.9476906 ], [ -56.8349532, -29.9468012 ], [ -56.8341445, -29.9466569 ], [ -56.8335234, -29.9463329 ], [ -56.8334303, -29.9459025 ], [ -56.8336851, -29.9446108 ], [ -56.8336012, -29.9442794 ], [ -56.8333155, -29.9440049 ], [ -56.8311068, -29.9438504 ], [ -56.8302789, -29.9432224 ], [ -56.8296853, -29.943294600000012 ], [ -56.8279536, -29.9427318 ], [ -56.8276464, -29.9424037 ], [ -56.8277326, -29.9418143 ], [ -56.8274849, -29.9415177 ], [ -56.8264607, -29.9417085 ], [ -56.8264477, -29.9391348 ], [ -56.8260194, -29.9385056 ], [ -56.8256846, -29.937339 ], [ -56.8259, -29.9363734 ], [ -56.8258959, -29.9329904 ], [ -56.8255643, -29.9325916 ], [ -56.8248979, -29.9325068 ], [ -56.8243256, -29.932202399999987 ], [ -56.8240168, -29.9314646 ], [ -56.8246525, -29.930077199999989 ], [ -56.8255792, -29.9296335 ], [ -56.826122, -29.9290611 ], [ -56.8264684, -29.9265914 ], [ -56.8263731, -29.9260485 ], [ -56.8259351, -29.9255403 ], [ -56.8259184, -29.924255 ], [ -56.8262687, -29.923444 ], [ -56.8270177, -29.9228025 ], [ -56.826246, -29.921558 ], [ -56.8259349, -29.920020299999987 ], [ -56.8259678, -29.9196285 ], [ -56.8264261, -29.9187089 ], [ -56.8264211, -29.9183235 ], [ -56.8256186, -29.9178413 ], [ -56.8258129, -29.9174501 ], [ -56.8251756, -29.9154888 ], [ -56.8256317, -29.9137946 ], [ -56.8255763, -29.9130447 ], [ -56.8252112, -29.9123932 ], [ -56.8261139, -29.9119301 ], [ -56.8264466, -29.9113356 ], [ -56.8263707, -29.9109607 ], [ -56.8254427, -29.9096811 ], [ -56.8253558, -29.9093489 ], [ -56.8254127, -29.9088113 ], [ -56.825872, -29.9080764 ], [ -56.8254087, -29.9067087 ], [ -56.8258788, -29.9056993 ], [ -56.8257788, -29.9054285 ], [ -56.8251751, -29.9049626 ], [ -56.824611, -29.9038596 ], [ -56.8246759, -29.9031879 ], [ -56.8245135, -29.9025606 ], [ -56.8249806, -29.902126 ], [ -56.825171, -29.9012306 ], [ -56.8263556, -29.9002445 ], [ -56.8263161, -29.8992387 ], [ -56.8275508, -29.8980217 ], [ -56.8275533, -29.8977445 ], [ -56.8271289, -29.8974692 ], [ -56.8268165, -29.8969179 ], [ -56.8265331, -29.8960081 ], [ -56.8268097, -29.895665900000012 ], [ -56.8275716, -29.8953196 ], [ -56.8275785, -29.8945625 ], [ -56.8271982, -29.893265499999984 ], [ -56.8265992, -29.8929877 ], [ -56.8262384, -29.8923954 ], [ -56.8261064, -29.89076 ], [ -56.8250716, -29.8903196 ], [ -56.8249014, -29.8898723 ], [ -56.824026, -29.889434 ], [ -56.823163, -29.8880497 ], [ -56.8234049, -29.8875418 ], [ -56.8239303, -29.8875073 ], [ -56.8243539, -29.88728 ], [ -56.8247444, -29.886560799999987 ], [ -56.8247707, -29.8859231 ], [ -56.8245265, -29.8849908 ], [ -56.8249437, -29.884089299999989 ], [ -56.8248874, -29.8832658 ], [ -56.8261375, -29.8826924 ], [ -56.8267317, -29.8816108 ], [ -56.8279977, -29.8807728 ], [ -56.8287604, -29.8798235 ], [ -56.8296878, -29.8791327 ], [ -56.8296373, -29.8784901 ], [ -56.8299634, -29.8768768 ], [ -56.8297937, -29.8750418 ], [ -56.829162, -29.8749629 ], [ -56.8282055, -29.8745275 ], [ -56.8275895, -29.8745167 ], [ -56.8268203, -29.874977 ], [ -56.8254682, -29.8754138 ], [ -56.8249488, -29.8757806 ], [ -56.8232393, -29.8763274 ], [ -56.8215337, -29.875378 ], [ -56.8192362, -29.8750822 ], [ -56.8180546, -29.8763259 ], [ -56.8173913, -29.876661 ], [ -56.815993, -29.876990700000011 ], [ -56.8149157, -29.8769637 ], [ -56.8136928, -29.8767347 ], [ -56.8128305, -29.8772697 ], [ -56.8122308, -29.876550599999984 ], [ -56.8112563, -29.876708099999988 ], [ -56.8106165, -29.8765385 ], [ -56.8104086, -29.8762951 ], [ -56.8099684, -29.874845199999985 ], [ -56.8091667, -29.8736976 ], [ -56.8085148, -29.8731938 ], [ -56.8077119, -29.8736822 ], [ -56.8074664, -29.8744126 ], [ -56.8069427, -29.8749283 ], [ -56.8063718, -29.8747082 ], [ -56.8060118, -29.874341 ], [ -56.8055139, -29.8746371 ], [ -56.8047124, -29.8744994 ], [ -56.8035376, -29.8746129 ], [ -56.8030112, -29.8752214 ], [ -56.8009858, -29.8758216 ], [ -56.8003659, -29.8758345 ], [ -56.7995397, -29.8756053 ], [ -56.7987912, -29.8756799 ], [ -56.7984492, -29.8760047 ], [ -56.7982311, -29.8765329 ], [ -56.798281, -29.8769355 ], [ -56.7977852, -29.8777639 ], [ -56.7967725, -29.8783274 ], [ -56.7959047, -29.8783752 ], [ -56.7954174, -29.8776646 ], [ -56.7952486, -29.8767876 ], [ -56.7942852, -29.8759113 ], [ -56.7942468, -29.8751796 ], [ -56.794493, -29.874437 ], [ -56.7944791, -29.8738891 ], [ -56.793865, -29.8727068 ], [ -56.7934756, -29.8723838 ], [ -56.7931909, -29.871851099999986 ], [ -56.7931973, -29.8715732 ], [ -56.7938679, -29.8705234 ], [ -56.7941875, -29.8695575 ], [ -56.7937601, -29.8686758 ], [ -56.7927382, -29.8693875 ], [ -56.7904939, -29.8688173 ], [ -56.7902563, -29.8678931 ], [ -56.7899346, -29.8673722 ], [ -56.7885204, -29.8671726 ], [ -56.7877021, -29.8664005 ], [ -56.7869252, -29.8642801 ], [ -56.7863606, -29.8634535 ], [ -56.7848664, -29.8626019 ], [ -56.7837576, -29.8626899 ], [ -56.7822076, -29.8619202 ], [ -56.7817031, -29.8614718 ], [ -56.7809296, -29.8614679 ], [ -56.7802499, -29.8616717 ], [ -56.7798375, -29.8615837 ], [ -56.7787932, -29.8605186 ], [ -56.7788506, -29.859871 ], [ -56.7786895, -29.8596602 ], [ -56.7763178, -29.8591017 ], [ -56.7757662, -29.857929 ], [ -56.7745156, -29.857542 ], [ -56.774468, -29.8565269 ], [ -56.7740442, -29.8563643 ], [ -56.7735669, -29.8559116 ], [ -56.7728489, -29.8558753 ], [ -56.7727551, -29.8562412 ], [ -56.7723315, -29.856424 ], [ -56.7707074, -29.85643 ], [ -56.7702133, -29.8563192 ], [ -56.7698427, -29.85595180000001 ], [ -56.7683262, -29.8558002 ], [ -56.7677387, -29.8554421 ], [ -56.7674379, -29.8560367 ], [ -56.7668927, -29.8566192 ], [ -56.7662724, -29.856939 ], [ -56.7657443, -29.8569043 ], [ -56.7647428, -29.8559982 ], [ -56.7642949, -29.8558856 ], [ -56.763041, -29.8562072 ], [ -56.7623707, -29.8566512 ], [ -56.7616224, -29.8568715 ], [ -56.7612517, -29.856834 ], [ -56.760307, -29.8579702 ], [ -56.7591378, -29.8588519 ], [ -56.7578557, -29.8594314 ], [ -56.7580815, -29.8598245 ], [ -56.758133, -29.860666399999985 ], [ -56.7577312, -29.8616156 ], [ -56.7569055, -29.8621784 ], [ -56.7553091, -29.8626795 ], [ -56.7547932, -29.862542 ], [ -56.754501, -29.8618172 ], [ -56.7539089, -29.8612856 ], [ -56.7529588, -29.8610634 ], [ -56.7524157, -29.8605681 ], [ -56.7523173, -29.8601435 ], [ -56.7525102, -29.8594048 ], [ -56.7522092, -29.858794 ], [ -56.751814, -29.8587968 ], [ -56.7510693, -29.8584501 ], [ -56.7505661, -29.8583812 ], [ -56.7501832, -29.8584519 ], [ -56.7498905, -29.8587216 ], [ -56.7491829, -29.8612003 ], [ -56.7489362, -29.8614006 ], [ -56.748255, -29.8613557 ], [ -56.7474545, -29.8606926 ], [ -56.7462499, -29.8600911 ], [ -56.7452001, -29.8600458 ], [ -56.7446123, -29.860393 ], [ -56.7444126, -29.8613564 ], [ -56.7439487, -29.8618401 ], [ -56.7424965, -29.8617623 ], [ -56.7414009, -29.8620618 ], [ -56.7409596, -29.862470799999986 ], [ -56.7398778, -29.8627704 ], [ -56.7393743, -29.8627155 ], [ -56.7388849, -29.8620438 ], [ -56.7382405, -29.8614978 ], [ -56.7364598, -29.8619865 ], [ -56.7364316, -29.863451699999985 ], [ -56.736021, -29.8638645 ], [ -56.7352339, -29.8634969 ], [ -56.7336476, -29.863862 ], [ -56.7312833, -29.8634748 ], [ -56.729668, -29.8643871 ], [ -56.7290708, -29.8645746 ], [ -56.728781, -29.8648438 ], [ -56.7281472, -29.8662509 ], [ -56.7286609, -29.8673148 ], [ -56.7286411, -29.8686898 ], [ -56.7284395, -29.8689129 ], [ -56.7271497, -29.8695196 ], [ -56.7266449, -29.8705245 ], [ -56.7261315, -29.8710207 ], [ -56.7252197, -29.8712711 ], [ -56.7247344, -29.8718492 ], [ -56.7240778, -29.8720871 ], [ -56.7232354, -29.8727471 ], [ -56.72298, -29.8727083 ], [ -56.7224651, -29.8720723 ], [ -56.7215733, -29.8715354 ], [ -56.7204615, -29.8717899 ], [ -56.7193173, -29.8724775 ], [ -56.7179608, -29.8723674 ], [ -56.7172093, -29.8726374 ], [ -56.7163577, -29.8732984 ], [ -56.7157432, -29.8734799 ], [ -56.7154041, -29.87389 ], [ -56.7151204, -29.8738386 ], [ -56.7142906, -29.8731025 ], [ -56.7132528, -29.8731784 ], [ -56.7126413, -29.873709 ], [ -56.7119721, -29.874637699999987 ], [ -56.7098999, -29.875687 ], [ -56.709206, -29.8763968 ], [ -56.7086259, -29.8763692 ], [ -56.7080174, -29.8756739 ], [ -56.7072991, -29.8754464 ], [ -56.7065604, -29.8759467 ], [ -56.7060798, -29.877462 ], [ -56.7051528, -29.8782695 ], [ -56.7052183, -29.8797375 ], [ -56.7047607, -29.8801966 ], [ -56.7033473, -29.8811293 ], [ -56.7031264, -29.8811534 ], [ -56.7030468, -29.8793738 ], [ -56.7013617, -29.8776598 ], [ -56.7009959, -29.8783123 ], [ -56.7005169, -29.878582 ], [ -56.7000201, -29.8786446 ], [ -56.6996035, -29.8785029 ], [ -56.6990565, -29.877627899999986 ], [ -56.69819, -29.8777596 ], [ -56.6975708, -29.8775423 ], [ -56.6975599, -29.8777647 ], [ -56.6973287, -29.8778482 ], [ -56.697261, -29.878072500000012 ], [ -56.6967374, -29.8780978 ], [ -56.6966875, -29.8787419 ], [ -56.6964126, -29.8793636 ], [ -56.6958589, -29.8799263 ], [ -56.6953566, -29.8800006 ], [ -56.6945835, -29.8795422 ], [ -56.6938974, -29.879549 ], [ -56.6932709, -29.8805021 ], [ -56.6924468, -29.8810551 ], [ -56.6920816, -29.8807396 ], [ -56.6919143, -29.8795674 ], [ -56.6908342, -29.878491 ], [ -56.6890705, -29.879132099999985 ], [ -56.6874614, -29.8790251 ], [ -56.6870152, -29.8794867 ], [ -56.6870024, -29.8805764 ], [ -56.6871145, -29.8810783 ], [ -56.6880718, -29.8819129 ], [ -56.6875875, -29.8829473 ], [ -56.6877249, -29.8844365 ], [ -56.6868163, -29.8852609 ], [ -56.6858373, -29.8853902 ], [ -56.6850451, -29.8858314 ], [ -56.6839742, -29.8857469 ], [ -56.6834947, -29.886218 ], [ -56.6827941, -29.8879693 ], [ -56.6824609, -29.8882842 ], [ -56.6817046, -29.888377600000013 ], [ -56.6812986, -29.8881038 ], [ -56.679499, -29.8880942 ], [ -56.6786453, -29.8888146 ], [ -56.6783697, -29.8888784 ], [ -56.6766628, -29.8883117 ], [ -56.6762258, -29.8876416 ], [ -56.6756262, -29.8875423 ], [ -56.6752682, -29.8882164 ], [ -56.6746227, -29.8887458 ], [ -56.6744316, -29.8895972 ], [ -56.6741285, -29.8897007 ], [ -56.6732497, -29.8894043 ], [ -56.6726414, -29.8889997 ], [ -56.6718608, -29.8888316 ], [ -56.6712418, -29.8881681 ], [ -56.6707496, -29.8881229 ], [ -56.6696259, -29.8883529 ], [ -56.6688399, -29.8880614 ], [ -56.6685336, -29.8877672 ], [ -56.6685436, -29.8873264 ], [ -56.6677149, -29.8861808 ], [ -56.66738, -29.8859198 ], [ -56.6666732, -29.8857021 ], [ -56.6659462, -29.88599 ], [ -56.6646588, -29.8874388 ], [ -56.663358, -29.8878158 ], [ -56.6622928, -29.8875424 ], [ -56.6615228, -29.886936799999983 ], [ -56.6612415, -29.8865785 ], [ -56.6608171, -29.8853888 ], [ -56.6601602, -29.8847872 ], [ -56.6596026, -29.8852529 ], [ -56.6580401, -29.8853693 ], [ -56.6573873, -29.8859505 ], [ -56.6571192, -29.8872738 ], [ -56.6568186, -29.8874847 ], [ -56.656011, -29.8876271 ], [ -56.6554295, -29.8879836 ], [ -56.6552527, -29.8891337 ], [ -56.6543076, -29.890543 ], [ -56.6535194, -29.890814 ], [ -56.6532512, -29.8907711 ], [ -56.6524302, -29.8895335 ], [ -56.6519424, -29.8892065 ], [ -56.6515391, -29.8893601 ], [ -56.6510607, -29.8899468 ], [ -56.6502302, -29.8905047 ], [ -56.6490803, -29.8906945 ], [ -56.6485504, -29.891335 ], [ -56.6480153, -29.8916366 ], [ -56.6472307, -29.8916486 ], [ -56.6468291, -29.8912737 ], [ -56.6459039, -29.8914314 ], [ -56.6456946, -29.8930963 ], [ -56.6461214, -29.8937287 ], [ -56.6454504, -29.894591 ], [ -56.6453483, -29.8953202 ], [ -56.6441387, -29.8942863 ], [ -56.6430162, -29.8937283 ], [ -56.6413977, -29.8937139 ], [ -56.6405701, -29.895739 ], [ -56.6393268, -29.89678 ], [ -56.6388614, -29.8979142 ], [ -56.6373156, -29.8978476 ], [ -56.6357513, -29.8984777 ], [ -56.6355375, -29.8993315 ], [ -56.6352083, -29.899865899999984 ], [ -56.6357605, -29.9002671 ], [ -56.634857, -29.9018602 ], [ -56.634738, -29.90320040000001 ], [ -56.6331261, -29.9030981 ], [ -56.6330901, -29.9035825 ], [ -56.6325096, -29.904161 ], [ -56.6320667, -29.9042918 ], [ -56.6320096, -29.9045071 ], [ -56.6329962, -29.9053497 ], [ -56.6344408, -29.9074415 ], [ -56.6345174, -29.9078374 ], [ -56.6339733, -29.9091127 ], [ -56.6345682, -29.9104623 ], [ -56.6348954, -29.9107945 ], [ -56.6357717, -29.9112581 ], [ -56.6362312, -29.9118552 ], [ -56.6377718, -29.9129734 ], [ -56.6382012, -29.914057300000014 ], [ -56.6386106, -29.9146442 ], [ -56.6387802, -29.9155202 ], [ -56.6395151, -29.9161536 ], [ -56.6391491, -29.9162713 ], [ -56.6386359, -29.9168582 ], [ -56.6379231, -29.9173238 ], [ -56.6363384, -29.9191156 ], [ -56.6357101, -29.9194423 ], [ -56.6346608, -29.919471 ], [ -56.6335801, -29.9192167 ], [ -56.6304813, -29.9191933 ], [ -56.6292372, -29.9189314 ], [ -56.6292859, -29.920364 ], [ -56.6302508, -29.920771099999989 ], [ -56.6307868, -29.9218237 ], [ -56.6307414, -29.9223831 ], [ -56.6311538, -29.9229228 ], [ -56.6308514, -29.923791099999985 ], [ -56.6301242, -29.9246451 ], [ -56.6301528, -29.9255243 ], [ -56.6308181, -29.926102399999987 ], [ -56.6314378, -29.9261191 ], [ -56.6320514, -29.9259466 ], [ -56.6328188, -29.926369 ], [ -56.6336817, -29.9264314 ], [ -56.6338855, -29.9269529 ], [ -56.6337342, -29.9276161 ], [ -56.6340117, -29.928426 ], [ -56.6349415, -29.9293329 ], [ -56.6345978, -29.9299138 ], [ -56.6344522, -29.931002 ], [ -56.6340034, -29.9316991 ], [ -56.6338906, -29.9323716 ], [ -56.6333383, -29.9330598 ], [ -56.6327291, -29.9333649 ], [ -56.6321351, -29.933291399999984 ], [ -56.6313503, -29.9326364 ], [ -56.6309486, -29.932668 ], [ -56.628905, -29.9343513 ], [ -56.6279656, -29.9347843 ], [ -56.6269432, -29.936096899999985 ], [ -56.6253922, -29.9371143 ], [ -56.6238459, -29.9385715 ], [ -56.622989, -29.938637299999986 ], [ -56.6217866, -29.9383774 ], [ -56.6209319, -29.9384137 ], [ -56.620254, -29.9386102 ], [ -56.6193838, -29.9383977 ], [ -56.6185133, -29.938451 ], [ -56.6178484, -29.9389315 ], [ -56.6178446, -29.9390664 ], [ -56.6180195, -29.9396355 ], [ -56.6185528, -29.9399284 ], [ -56.617657, -29.940257 ], [ -56.616501, -29.9404458 ], [ -56.6162077, -29.9408189 ], [ -56.6161898, -29.9418531 ], [ -56.6164297, -29.9425889 ], [ -56.6164975, -29.944255 ], [ -56.6168672, -29.9454956 ], [ -56.6179639, -29.9463403 ], [ -56.6185622, -29.9465259 ], [ -56.6199598, -29.9474985 ], [ -56.6212778, -29.9479542 ], [ -56.6214417, -29.9481718 ], [ -56.6210861, -29.94968919999998 ], [ -56.6201762, -29.9506816 ], [ -56.6197728, -29.9516008 ], [ -56.6186885, -29.9524874 ], [ -56.6190018, -29.953022 ], [ -56.6195604, -29.9535408 ], [ -56.6204288, -29.953609300000011 ], [ -56.621951, -29.9529287 ], [ -56.6225707, -29.9533759 ], [ -56.6225707, -29.9547648 ], [ -56.6258785, -29.9548007 ], [ -56.6271202, -29.9560707 ], [ -56.6286956, -29.9561505 ], [ -56.6296133, -29.956605 ], [ -56.6301244, -29.9560199 ], [ -56.6308451, -29.955739 ], [ -56.6313251, -29.9551558 ], [ -56.6329572, -29.954288 ], [ -56.6335606, -29.9542309 ], [ -56.6342769, -29.9544184 ], [ -56.6356263, -29.9542092 ], [ -56.6362966, -29.9546731 ], [ -56.6369691, -29.9548948 ], [ -56.6380221, -29.95595040000001 ], [ -56.6378486, -29.957421 ], [ -56.637936, -29.957753 ], [ -56.6382274, -29.9580261 ], [ -56.6390293, -29.9580677 ], [ -56.6400295, -29.9575473 ], [ -56.6410335, -29.957344900000013 ], [ -56.6413717, -29.957607 ], [ -56.6414042, -29.9606364 ], [ -56.6411411, -29.9608354 ], [ -56.6402997, -29.9609436 ], [ -56.6401963, -29.9611033 ], [ -56.6413563, -29.9620656 ], [ -56.6418365, -29.9644088 ], [ -56.6432657, -29.965635 ], [ -56.6434813, -29.9665525 ], [ -56.6441371, -29.9674365 ], [ -56.6438748, -29.9680192 ], [ -56.6429428, -29.9690103 ], [ -56.6428382, -29.9695223 ], [ -56.6428854, -29.9703675 ], [ -56.6435572, -29.9714839 ], [ -56.6435287, -29.971875 ], [ -56.643899, -29.972416 ], [ -56.6439243, -29.972879499999987 ], [ -56.6436375, -29.9732398 ], [ -56.6427053, -29.9736914 ], [ -56.6425802, -29.9741611 ], [ -56.6427133, -29.9749153 ], [ -56.641234, -29.9762872 ], [ -56.6409219, -29.9770255 ], [ -56.6409164, -29.9787976 ], [ -56.6419556, -29.9801824 ], [ -56.6424699, -29.9814386 ], [ -56.6427717, -29.9816494 ], [ -56.643627, -29.9818509 ], [ -56.6440695, -29.9826637 ], [ -56.6446231, -29.9826262 ], [ -56.6449991, -29.982872 ], [ -56.6452848, -29.9832505 ], [ -56.6454814, -29.9840994 ], [ -56.6464599, -29.9839314 ], [ -56.6469032, -29.9848098 ], [ -56.6467043, -29.9864854 ], [ -56.6463975, -29.9869405 ], [ -56.6460783, -29.9871891 ], [ -56.6452771, -29.9874382 ], [ -56.6445154, -29.9872648 ], [ -56.6445379, -29.9883383 ], [ -56.6448553, -29.9896147 ], [ -56.6461821, -29.9922648 ], [ -56.6464959, -29.9924129 ], [ -56.6467512, -29.9923584 ], [ -56.6475268, -29.9918622 ], [ -56.6483334, -29.9909998 ], [ -56.6486386, -29.990375 ], [ -56.64846, -29.9894837 ], [ -56.6485826, -29.9893116 ], [ -56.6493606, -29.9895903 ], [ -56.6496206, -29.990525 ], [ -56.6499543, -29.990805 ], [ -56.6511467, -29.9903295 ], [ -56.6518194, -29.9903627 ], [ -56.6526432, -29.990663 ], [ -56.652989, -29.9915987 ], [ -56.6546238, -29.9929871 ], [ -56.6555806, -29.9925549 ], [ -56.656989, -29.9925923 ], [ -56.6574778, -29.9929741 ], [ -56.6585855, -29.9925727 ], [ -56.658922, -29.9926611 ], [ -56.6594727, -29.9930944 ], [ -56.6597371, -29.9930746 ], [ -56.6602697, -29.9927646 ], [ -56.6612672, -29.9915793 ], [ -56.6615535, -29.9914659 ], [ -56.662661, -29.9919524 ], [ -56.6642154, -29.991427 ], [ -56.6654994, -29.99144720000001 ], [ -56.6668192, -29.9917669 ], [ -56.6682807, -29.9926457 ], [ -56.6685673, -29.9934207 ], [ -56.6684192, -29.9942546 ], [ -56.6685468, -29.995193 ], [ -56.667945, -29.9956773 ], [ -56.6676148, -29.996363099999989 ], [ -56.6679763, -29.9971564 ], [ -56.6698804, -29.997601299999989 ], [ -56.6706789, -29.9982478 ], [ -56.6709961, -29.9983398 ], [ -56.6718333, -29.9981539 ], [ -56.6725577, -29.9982328 ], [ -56.6730396, -29.9977326 ], [ -56.6731268, -29.9969869 ], [ -56.6737608, -29.9970708 ], [ -56.6743273, -29.9974082 ], [ -56.6748929, -29.9973497 ], [ -56.6750117, -29.9975403 ], [ -56.6747935, -29.9984185 ], [ -56.6748829, -29.9993484 ], [ -56.6764822, -29.9989637 ], [ -56.6772528, -29.9990528 ], [ -56.6776981, -29.9994964 ], [ -56.6777107, -29.9999792 ], [ -56.6782949, -30.0006806 ], [ -56.6785014, -30.0016361 ], [ -56.6790731, -30.0021902 ], [ -56.6797768, -30.0022437 ], [ -56.6805289, -30.0019145 ], [ -56.6808378, -30.0015578 ], [ -56.6810091, -30.0009471 ], [ -56.6813355, -30.0007017 ], [ -56.6830065, -30.001523699999986 ], [ -56.6831268, -30.0025424 ], [ -56.6838212, -30.0028349 ], [ -56.6843587, -30.0035664 ], [ -56.6849013, -30.0038621 ], [ -56.6857003, -30.0038786 ], [ -56.6868979, -30.0032026 ], [ -56.6884343, -30.0036115 ], [ -56.68987, -30.00371 ], [ -56.6909509, -30.0046381 ], [ -56.6913064, -30.0047456 ], [ -56.6918093, -30.004674499999989 ], [ -56.6921369, -30.004422 ], [ -56.6925058, -30.0037676 ], [ -56.6926366, -30.0029461 ], [ -56.6929875, -30.0026513 ], [ -56.6938565, -30.0037312 ], [ -56.6940219, -30.0046144 ], [ -56.6943058, -30.0051739 ], [ -56.6950342, -30.0055527 ], [ -56.6953631, -30.0055994 ], [ -56.6961296, -30.0053283 ], [ -56.6976164, -30.0053284 ], [ -56.6980124, -30.0054146 ], [ -56.698611, -30.005821 ], [ -56.6991192, -30.0058637 ], [ -56.700627, -30.005320099999988 ], [ -56.7008627, -30.0058824 ], [ -56.7009671, -30.0071173 ], [ -56.7016531, -30.0077021 ], [ -56.7021161, -30.0085745 ], [ -56.7027394, -30.0092984 ], [ -56.7030247, -30.0100601 ], [ -56.7033118, -30.0102661 ], [ -56.7036738, -30.010285 ], [ -56.7052615, -30.0097963 ], [ -56.7062577, -30.0101024 ], [ -56.7074342, -30.01177 ], [ -56.7074043, -30.0121576 ], [ -56.7075937, -30.0124347 ], [ -56.7085359, -30.0129396 ], [ -56.7088197, -30.0132553 ], [ -56.7094526, -30.0131585 ], [ -56.7100715, -30.0133757 ], [ -56.7105118, -30.0128658 ], [ -56.7121416, -30.0125806 ], [ -56.7127066, -30.0132561 ], [ -56.7131271, -30.0133757 ], [ -56.7131651, -30.0140278 ], [ -56.7135288, -30.0146677 ], [ -56.7153339, -30.0148153 ], [ -56.715913, -30.0150023 ], [ -56.716351, -30.0149569 ], [ -56.7171682, -30.0143914 ], [ -56.7174301, -30.0140403 ], [ -56.7183917, -30.013653 ], [ -56.7188841, -30.0141294 ], [ -56.7198606, -30.0142759 ], [ -56.7202558, -30.0153208 ], [ -56.7210285, -30.0157196 ], [ -56.7213207, -30.0163222 ], [ -56.7222503, -30.0168367 ], [ -56.723302, -30.0178932 ], [ -56.7231372, -30.0188848 ], [ -56.7232475, -30.0193848 ], [ -56.7240857, -30.0202399 ], [ -56.7251935, -30.0203875 ], [ -56.7252927, -30.0208283 ], [ -56.7251407, -30.0215767 ], [ -56.7257912, -30.022658 ], [ -56.7254669, -30.0236096 ], [ -56.7257126, -30.0240628 ], [ -56.7261036, -30.0240599 ], [ -56.726937, -30.0246403 ], [ -56.7270666, -30.0262794 ], [ -56.727757, -30.0265042 ], [ -56.7282237, -30.0269106 ], [ -56.7288651, -30.027062099999984 ], [ -56.7293436, -30.0274711 ], [ -56.7300717, -30.0275423 ], [ -56.7303377, -30.0280234 ], [ -56.7318733, -30.0284881 ], [ -56.7315123, -30.0289699 ], [ -56.7312146, -30.0303408 ], [ -56.7313292, -30.031041 ], [ -56.7311828, -30.0314312 ], [ -56.7320182, -30.0316716 ], [ -56.7337845, -30.0317615 ], [ -56.7346636, -30.032115 ], [ -56.7340936, -30.0327148 ], [ -56.7347279, -30.0335224 ], [ -56.7349682, -30.0343738 ], [ -56.7336829, -30.0361534 ], [ -56.7343126, -30.0362441 ], [ -56.7349112, -30.036601899999983 ], [ -56.735868, -30.036215 ], [ -56.7366378, -30.0364998 ], [ -56.7375209, -30.0373965 ], [ -56.7377984, -30.0380117 ], [ -56.7378496, -30.0386534 ], [ -56.7385472, -30.0389429 ], [ -56.7392787, -30.0399267 ], [ -56.7399516, -30.0402531 ], [ -56.741935, -30.0398756 ], [ -56.7419571, -30.0378677 ], [ -56.7436096, -30.0375409 ], [ -56.7442385, -30.037542199999987 ], [ -56.7442661, -30.0378123 ], [ -56.744794, -30.03782 ], [ -56.7445167, -30.038501199999985 ], [ -56.7445457, -30.0392609 ], [ -56.7448669, -30.0397056 ], [ -56.7455405, -30.040210300000012 ], [ -56.7458855, -30.0417544 ], [ -56.7458602, -30.042590499999989 ], [ -56.7454568, -30.0432247 ], [ -56.7456388, -30.0437005 ], [ -56.7457907, -30.0438083 ], [ -56.7462773, -30.043743799999987 ], [ -56.7469415, -30.044138899999989 ], [ -56.747731, -30.0443004 ], [ -56.7487906, -30.045243 ], [ -56.7495163, -30.0455978 ], [ -56.7494969, -30.0460686 ], [ -56.7492725, -30.0462149 ], [ -56.7492188, -30.04662380000001 ], [ -56.7489608, -30.0469867 ], [ -56.7499993, -30.0478773 ], [ -56.7506971, -30.0488761 ], [ -56.7513442, -30.0494471 ], [ -56.7524024, -30.0497652 ], [ -56.7525719, -30.0497644 ], [ -56.752975, -30.0490203 ], [ -56.7533022, -30.049017399999986 ], [ -56.7542883, -30.049910599999983 ], [ -56.7552531, -30.0504718 ], [ -56.7550801, -30.0514809 ], [ -56.755249, -30.0519321 ], [ -56.7563435, -30.0524662 ], [ -56.7571395, -30.0522898 ], [ -56.757737, -30.0523467 ], [ -56.7582752, -30.0528459 ], [ -56.7585069, -30.0535723 ], [ -56.7588068, -30.0538527 ], [ -56.7598162, -30.0539357 ], [ -56.7606701, -30.0537024 ], [ -56.7613591, -30.054005 ], [ -56.762077, -30.0549013 ], [ -56.7630319, -30.0552187 ], [ -56.7634831, -30.0565549 ], [ -56.7647736, -30.0576511 ], [ -56.7653302, -30.0586588 ], [ -56.7661166, -30.0586461 ], [ -56.7662152, -30.0584003 ], [ -56.7664609, -30.0583755 ], [ -56.766627, -30.0579959 ], [ -56.7664604, -30.0574693 ], [ -56.7665714, -30.0570076 ], [ -56.7669018, -30.0567569 ], [ -56.7680775, -30.0566002 ], [ -56.7683418, -30.0563011 ], [ -56.7684479, -30.0557796 ], [ -56.7697499, -30.0549097 ], [ -56.7703695, -30.0540836 ], [ -56.77181, -30.0541544 ], [ -56.7734054, -30.0530977 ], [ -56.7741172, -30.0524462 ], [ -56.7747407, -30.0515739 ], [ -56.7750304, -30.0509219 ], [ -56.7751289, -30.0499085 ], [ -56.7754259, -30.0493615 ], [ -56.7761252, -30.0490705 ], [ -56.7767387, -30.0483755 ], [ -56.7774937, -30.0482565 ], [ -56.7785144, -30.0473504 ], [ -56.7793333, -30.0472075 ], [ -56.7799765, -30.0468825 ], [ -56.7803498, -30.046431 ], [ -56.780964, -30.0449032 ], [ -56.7812501, -30.0445394 ], [ -56.7827197, -30.0439013 ], [ -56.7832295, -30.0426225 ], [ -56.7840732, -30.0417243 ], [ -56.7844328, -30.0414867 ], [ -56.7852319, -30.0413366 ], [ -56.7858626, -30.0408801 ], [ -56.7865664, -30.0408444 ], [ -56.786961, -30.0406133 ], [ -56.7874674, -30.0408474 ], [ -56.7881565, -30.0408801 ], [ -56.788961, -30.0408754 ], [ -56.7890403, -30.0406054 ], [ -56.7903499, -30.0405976 ], [ -56.7909529, -30.0398481 ], [ -56.791411, -30.0396743 ], [ -56.7917388, -30.038931 ], [ -56.7924827, -30.0384318 ], [ -56.7934343, -30.03858 ], [ -56.7943206, -30.0383846 ], [ -56.797608, -30.0383661 ], [ -56.7990463, -30.0380424 ], [ -56.7994151, -30.0377373 ], [ -56.7995883, -30.0371287 ], [ -56.7999077, -30.036799 ], [ -56.8007872, -30.0368693 ], [ -56.8018193, -30.0366579 ], [ -56.802448, -30.0363353 ], [ -56.8027837, -30.0359456 ], [ -56.8036978, -30.035595299999983 ], [ -56.8045759, -30.0360357 ], [ -56.8053199, -30.035881799999988 ], [ -56.806043, -30.0359782 ], [ -56.8069913, -30.0368217 ], [ -56.8076453, -30.0377758 ], [ -56.8081267, -30.0380643 ], [ -56.8085625, -30.0380172 ], [ -56.8093597, -30.037364099999984 ], [ -56.8102201, -30.036957499999989 ], [ -56.8112488, -30.0351478 ], [ -56.8125955, -30.0365525 ], [ -56.813238, -30.0365111 ], [ -56.8136122, -30.0367561 ], [ -56.8138988, -30.0371216 ], [ -56.814072, -30.0377381 ], [ -56.8145702, -30.0380763 ], [ -56.8147944, -30.0380975 ], [ -56.8155316, -30.037032299999989 ], [ -56.8160196, -30.0368216 ], [ -56.8164673, -30.036941100000011 ], [ -56.8168832, -30.036876 ], [ -56.8174669, -30.0360461 ], [ -56.8170249, -30.0347073 ], [ -56.8171472, -30.0340363 ], [ -56.8182953, -30.0339303 ], [ -56.8194423, -30.0341757 ], [ -56.8199702, -30.0338658 ], [ -56.8198793, -30.0329643 ], [ -56.8205391, -30.032378 ], [ -56.8207477, -30.0312986 ], [ -56.8213743, -30.0305301 ], [ -56.8217069, -30.0298102 ], [ -56.8217319, -30.0279775 ], [ -56.8215844, -30.0271045 ], [ -56.8224783, -30.0264811 ], [ -56.8236833, -30.0264308 ], [ -56.8234398, -30.0247869 ], [ -56.8241486, -30.0238543 ], [ -56.8244008, -30.0227182 ], [ -56.8240129, -30.022322499999987 ], [ -56.8238357, -30.0216767 ], [ -56.8239611, -30.0214308 ], [ -56.8252568, -30.0212383 ], [ -56.8264175, -30.0218335 ], [ -56.8274312, -30.023062599999985 ], [ -56.8283299, -30.0237128 ], [ -56.8291007, -30.024654 ], [ -56.831345, -30.0256895 ], [ -56.8324649, -30.0266733 ], [ -56.8333074, -30.0269412 ], [ -56.8338951, -30.0265674 ], [ -56.8344288, -30.0269166 ], [ -56.8357945, -30.0273508 ], [ -56.8366014, -30.028133 ], [ -56.836806, -30.0287852 ], [ -56.8370656, -30.0290774 ], [ -56.8382281, -30.0295388 ], [ -56.8388778, -30.0299871 ], [ -56.8411835, -30.0300419 ], [ -56.8414273, -30.0306817 ], [ -56.8412028, -30.0314561 ], [ -56.841305, -30.0319575 ], [ -56.8418359, -30.0324628 ], [ -56.8428028, -30.0329494 ], [ -56.8434644, -30.0337918 ], [ -56.8440926, -30.0340464 ], [ -56.8445952, -30.034988 ], [ -56.8453502, -30.0353196 ], [ -56.8455526, -30.0359636 ], [ -56.8453761, -30.0363941 ], [ -56.8453213, -30.0376447 ], [ -56.8447906, -30.0383603 ], [ -56.845334, -30.0393061 ], [ -56.8448426, -30.040879 ], [ -56.8451385, -30.0413711 ], [ -56.8458295, -30.041861199999989 ], [ -56.8461541, -30.0424913 ], [ -56.846163, -30.0433283 ], [ -56.8459141, -30.0441678 ], [ -56.8458974, -30.0461032 ], [ -56.8459619, -30.0465621 ], [ -56.846216, -30.0468681 ], [ -56.8478074, -30.047814900000017 ], [ -56.8482472, -30.0478023 ], [ -56.849135, -30.0474592 ], [ -56.8497345, -30.0467786 ], [ -56.8513487, -30.0462557 ], [ -56.8516462, -30.0464955 ], [ -56.8523684, -30.0477761 ], [ -56.8527822, -30.0480556 ], [ -56.8532867, -30.0480837 ], [ -56.8536, -30.0478923 ], [ -56.8534715, -30.047197 ], [ -56.8536739, -30.0468915 ], [ -56.8554216, -30.046064799999986 ], [ -56.8558517, -30.0457161 ], [ -56.8564443, -30.0464563 ], [ -56.8564483, -30.0474101 ], [ -56.8561905, -30.0485211 ], [ -56.8565869, -30.049463 ], [ -56.8569234, -30.0497195 ], [ -56.8576276, -30.0499278 ], [ -56.8592672, -30.04976370000001 ], [ -56.8596854, -30.0498454 ], [ -56.85998, -30.0501127 ], [ -56.8604461, -30.0516329 ], [ -56.8611556, -30.0525915 ], [ -56.8611606, -30.0541616 ], [ -56.8606814, -30.05623 ], [ -56.8609882, -30.0569136 ], [ -56.8617314, -30.0577654 ], [ -56.8615775, -30.059086 ], [ -56.8632326, -30.0601003 ], [ -56.8633898, -30.0604974 ], [ -56.8626562, -30.0618484 ], [ -56.8627805, -30.062948 ], [ -56.8620551, -30.063889500000013 ], [ -56.8621708, -30.0658248 ], [ -56.8614104, -30.0665729 ], [ -56.8604284, -30.0668671 ], [ -56.8601222, -30.0674005 ], [ -56.8600937, -30.067796 ], [ -56.8604379, -30.069036 ], [ -56.8611129, -30.0696346 ], [ -56.8615471, -30.0712622 ], [ -56.8627066, -30.0720268 ], [ -56.8630025, -30.0729774 ], [ -56.8661916, -30.0737005 ], [ -56.8702698, -30.0762683 ], [ -56.8736835, -30.0778996 ], [ -56.8767045, -30.0797347 ], [ -56.8787117, -30.0828548 ], [ -56.8815536, -30.0851601 ], [ -56.8845616, -30.087189 ], [ -56.8854687, -30.0866705 ], [ -56.8867395, -30.0864306 ], [ -56.8874026, -30.0869141 ], [ -56.8882924, -30.087196 ], [ -56.8885756, -30.0871624 ], [ -56.8891678, -30.0867664 ], [ -56.8898284, -30.086713299999985 ], [ -56.8916, -30.0873738 ], [ -56.890596, -30.0856569 ], [ -56.8905217, -30.084199 ], [ -56.8931196, -30.0841724 ] ] ] } },
{ "type": "Feature", "properties": { "wts_pk": 133661, "codigo_otto": "82566", "nivel_otto_declarado": 5, "area_m2_bho": 173.4257632460133, "nivel_otto": 5 }, "geometry": { "type": "Polygon", "coordinates": [ [ [ -56.6600706, -29.8847646 ], [ -56.6608491, -29.885442899999983 ], [ -56.6612719, -29.8866378 ], [ -56.6622928, -29.8875424 ], [ -56.6634665, -29.887814599999988 ], [ -56.6645914, -29.88748 ], [ -56.6659462, -29.88599 ], [ -56.6666732, -29.8857021 ], [ -56.66738, -29.8859198 ], [ -56.6677149, -29.8861808 ], [ -56.6685436, -29.8873264 ], [ -56.6685336, -29.8877672 ], [ -56.6688399, -29.8880614 ], [ -56.6696259, -29.8883529 ], [ -56.6707496, -29.8881229 ], [ -56.6712418, -29.8881681 ], [ -56.6718608, -29.8888316 ], [ -56.6726414, -29.8889997 ], [ -56.6732497, -29.8894043 ], [ -56.6741285, -29.8897007 ], [ -56.6744316, -29.8895972 ], [ -56.6746227, -29.8887458 ], [ -56.6752682, -29.8882164 ], [ -56.6756262, -29.8875423 ], [ -56.6762258, -29.8876416 ], [ -56.6766628, -29.8883117 ], [ -56.6783697, -29.8888784 ], [ -56.6786453, -29.8888146 ], [ -56.679499, -29.8880942 ], [ -56.6812986, -29.8881038 ], [ -56.6817046, -29.888377600000013 ], [ -56.6824609, -29.8882842 ], [ -56.6827941, -29.8879693 ], [ -56.6834947, -29.886218 ], [ -56.6839742, -29.8857469 ], [ -56.6850451, -29.8858314 ], [ -56.6858373, -29.8853902 ], [ -56.6868163, -29.8852609 ], [ -56.6877249, -29.8844365 ], [ -56.6875875, -29.8829473 ], [ -56.6880718, -29.8819129 ], [ -56.6871145, -29.8810783 ], [ -56.6870024, -29.8805764 ], [ -56.6870152, -29.8794867 ], [ -56.6874614, -29.8790251 ], [ -56.6890705, -29.879132099999985 ], [ -56.6908342, -29.878491 ], [ -56.6919143, -29.8795674 ], [ -56.6920816, -29.8807396 ], [ -56.6924468, -29.8810551 ], [ -56.6932709, -29.8805021 ], [ -56.6938974, -29.879549 ], [ -56.6945835, -29.8795422 ], [ -56.6953566, -29.8800006 ], [ -56.6958589, -29.8799263 ], [ -56.6964126, -29.8793636 ], [ -56.6966875, -29.8787419 ], [ -56.6967374, -29.8780978 ], [ -56.697261, -29.878072500000012 ], [ -56.6973287, -29.8778482 ], [ -56.6975599, -29.8777647 ], [ -56.6975708, -29.8775423 ], [ -56.69819, -29.8777596 ], [ -56.6990565, -29.877627899999986 ], [ -56.6996035, -29.8785029 ], [ -56.7000201, -29.8786446 ], [ -56.7005169, -29.878582 ], [ -56.7009959, -29.8783123 ], [ -56.7013617, -29.8776598 ], [ -56.7030468, -29.8793738 ], [ -56.7031264, -29.8811534 ], [ -56.7033473, -29.8811293 ], [ -56.7047607, -29.8801966 ], [ -56.7052183, -29.8797375 ], [ -56.7051528, -29.8782695 ], [ -56.7060798, -29.877462 ], [ -56.7065604, -29.8759467 ], [ -56.7072991, -29.8754464 ], [ -56.7080174, -29.8756739 ], [ -56.7086259, -29.8763692 ], [ -56.709206, -29.8763968 ], [ -56.7098999, -29.875687 ], [ -56.7119721, -29.874637699999987 ], [ -56.7126413, -29.873709 ], [ -56.7132528, -29.8731784 ], [ -56.7142906, -29.8731025 ], [ -56.7151204, -29.8738386 ], [ -56.7154041, -29.87389 ], [ -56.7157432, -29.8734799 ], [ -56.7163577, -29.8732984 ], [ -56.7172093, -29.8726374 ], [ -56.7179608, -29.8723674 ], [ -56.7193173, -29.8724775 ], [ -56.7204615, -29.8717899 ], [ -56.7215733, -29.8715354 ], [ -56.7224651, -29.8720723 ], [ -56.72298, -29.8727083 ], [ -56.7232354, -29.8727471 ], [ -56.7240778, -29.8720871 ], [ -56.7247344, -29.8718492 ], [ -56.7252197, -29.8712711 ], [ -56.7261315, -29.8710207 ], [ -56.7266449, -29.8705245 ], [ -56.7271497, -29.8695196 ], [ -56.7284395, -29.8689129 ], [ -56.7286411, -29.8686898 ], [ -56.7286609, -29.8673148 ], [ -56.7281472, -29.8662509 ], [ -56.728781, -29.8648438 ], [ -56.7290708, -29.8645746 ], [ -56.729668, -29.8643871 ], [ -56.7312833, -29.8634748 ], [ -56.7336476, -29.863862 ], [ -56.7352339, -29.8634969 ], [ -56.736021, -29.8638645 ], [ -56.7364316, -29.863451699999985 ], [ -56.7364598, -29.8619865 ], [ -56.7382405, -29.8614978 ], [ -56.7388849, -29.8620438 ], [ -56.7393743, -29.8627155 ], [ -56.7398778, -29.8627704 ], [ -56.7409596, -29.862470799999986 ], [ -56.7414009, -29.8620618 ], [ -56.7424965, -29.8617623 ], [ -56.7439487, -29.8618401 ], [ -56.7444126, -29.8613564 ], [ -56.7446123, -29.860393 ], [ -56.7452001, -29.8600458 ], [ -56.7462499, -29.8600911 ], [ -56.7474545, -29.8606926 ], [ -56.748255, -29.8613557 ], [ -56.7489362, -29.8614006 ], [ -56.7491829, -29.8612003 ], [ -56.7498905, -29.8587216 ], [ -56.7501832, -29.8584519 ], [ -56.7505661, -29.8583812 ], [ -56.7510693, -29.8584501 ], [ -56.751814, -29.8587968 ], [ -56.7522092, -29.858794 ], [ -56.7525102, -29.8594048 ], [ -56.7523173, -29.8601435 ], [ -56.7524157, -29.8605681 ], [ -56.7529588, -29.8610634 ], [ -56.7537562, -29.861215899999987 ], [ -56.7541252, -29.8614464 ], [ -56.7546883, -29.8620919 ], [ -56.7547932, -29.862542 ], [ -56.7552318, -29.8626959 ], [ -56.7569055, -29.8621784 ], [ -56.7577312, -29.8616156 ], [ -56.758133, -29.860666399999985 ], [ -56.7580815, -29.8598245 ], [ -56.7578557, -29.8594314 ], [ -56.7591378, -29.8588519 ], [ -56.760307, -29.8579702 ], [ -56.7612517, -29.856834 ], [ -56.7616224, -29.8568715 ], [ -56.7623707, -29.8566512 ], [ -56.763041, -29.8562072 ], [ -56.7642949, -29.8558856 ], [ -56.7647428, -29.8559982 ], [ -56.7657443, -29.8569043 ], [ -56.7662724, -29.856939 ], [ -56.7668927, -29.8566192 ], [ -56.7674379, -29.8560367 ], [ -56.7677387, -29.8554421 ], [ -56.7683262, -29.8558002 ], [ -56.7698427, -29.85595180000001 ], [ -56.7704828, -29.8564069 ], [ -56.7723315, -29.856424 ], [ -56.7728052, -29.856164799999988 ], [ -56.7728489, -29.855042 ], [ -56.7713197, -29.8543735 ], [ -56.7705594, -29.8534985 ], [ -56.7692649, -29.853617 ], [ -56.7673366, -29.8528886 ], [ -56.7665718, -29.8535715 ], [ -56.7646791, -29.8532157 ], [ -56.763854, -29.8535747 ], [ -56.7625686, -29.8529171 ], [ -56.7619631, -29.8518427 ], [ -56.7608269, -29.8516498 ], [ -56.7604092, -29.8513819 ], [ -56.7600808, -29.8508326 ], [ -56.7600859, -29.8495336 ], [ -56.7611257, -29.8482221 ], [ -56.7611054, -29.8470555 ], [ -56.7607064, -29.8464945 ], [ -56.7588615, -29.8456967 ], [ -56.7579542, -29.8457705 ], [ -56.756001, -29.8446879 ], [ -56.7554793, -29.8441787 ], [ -56.7552858, -29.8430679 ], [ -56.7548527, -29.84257070000001 ], [ -56.7541897, -29.8404492 ], [ -56.7538156, -29.8398735 ], [ -56.753237, -29.8396727 ], [ -56.7529476, -29.8393803 ], [ -56.7531264, -29.837819800000013 ], [ -56.7526767, -29.8376245 ], [ -56.7525117, -29.8368481 ], [ -56.7518925, -29.8354169 ], [ -56.7505854, -29.835048099999987 ], [ -56.7498334, -29.8354463 ], [ -56.7491634, -29.8363877 ], [ -56.7486349, -29.8366536 ], [ -56.7477229, -29.8363191 ], [ -56.7482992, -29.8357957 ], [ -56.7482656, -29.8354329 ], [ -56.7463855, -29.8349718 ], [ -56.7457315, -29.8345632 ], [ -56.7445453, -29.8348119 ], [ -56.7440231, -29.835247099999989 ], [ -56.7435886, -29.8352679 ], [ -56.7423768, -29.8346063 ], [ -56.7424473, -29.8337032 ], [ -56.7422364, -29.8329614 ], [ -56.7419094, -29.8326238 ], [ -56.7409069, -29.8323106 ], [ -56.7399628, -29.8324602 ], [ -56.7388573, -29.8317935 ], [ -56.7378543, -29.8314869 ], [ -56.7375064, -29.8301939 ], [ -56.7367801, -29.8292565 ], [ -56.7366882, -29.8280519 ], [ -56.736234, -29.8273178 ], [ -56.7363449, -29.826542 ], [ -56.735952, -29.8256435 ], [ -56.7358345, -29.8246414 ], [ -56.7354247, -29.8240559 ], [ -56.7350286, -29.823037400000011 ], [ -56.7343278, -29.822463400000014 ], [ -56.7340089, -29.8217831 ], [ -56.734733, -29.8201726 ], [ -56.7348206, -29.8190773 ], [ -56.7352793, -29.8188753 ], [ -56.7358713, -29.8182386 ], [ -56.7356647, -29.8179636 ], [ -56.7356262, -29.8175421 ], [ -56.7352663, -29.8175148 ], [ -56.7350821, -29.8173425 ], [ -56.7350823, -29.8166853 ], [ -56.735324, -29.8162744 ], [ -56.7353058, -29.8159783 ], [ -56.7345708, -29.8157412 ], [ -56.7339861, -29.814562 ], [ -56.733989, -29.813578599999985 ], [ -56.7344972, -29.8124844 ], [ -56.7344686, -29.8112955 ], [ -56.7341461, -29.8109466 ], [ -56.7329417, -29.8105172 ], [ -56.7326672, -29.8102708 ], [ -56.7328484, -29.809208699999985 ], [ -56.730878, -29.8091978 ], [ -56.7298762, -29.808865 ], [ -56.7294686, -29.8075313 ], [ -56.7289802, -29.806748199999983 ], [ -56.7290483, -29.805955 ], [ -56.7301509, -29.804641 ], [ -56.7313525, -29.8040485 ], [ -56.7313122, -29.803431 ], [ -56.7325099, -29.8015683 ], [ -56.7328048, -29.8006449 ], [ -56.7329057, -29.7994501 ], [ -56.7333075, -29.7990398 ], [ -56.7338898, -29.7979428 ], [ -56.7340113, -29.7969436 ], [ -56.7344543, -29.7962778 ], [ -56.7344978, -29.7958914 ], [ -56.7341861, -29.7953722 ], [ -56.7334121, -29.7948181 ], [ -56.7333597, -29.7933286 ], [ -56.7323824, -29.7926564 ], [ -56.7316074, -29.7909016 ], [ -56.7307178, -29.790380100000011 ], [ -56.7299039, -29.790485400000012 ], [ -56.7293355, -29.7902463 ], [ -56.7285621, -29.7894686 ], [ -56.7285667, -29.7890424 ], [ -56.7283586, -29.78878120000001 ], [ -56.7269057, -29.7876288 ], [ -56.7261943, -29.7873616 ], [ -56.725903, -29.78697 ], [ -56.7266961, -29.785091299999984 ], [ -56.726779, -29.7838824 ], [ -56.7272725, -29.782784 ], [ -56.7272927, -29.7817087 ], [ -56.7277461, -29.781652 ], [ -56.7285266, -29.7811953 ], [ -56.7291618, -29.7810936 ], [ -56.7295878, -29.7802709 ], [ -56.7299989, -29.7802092 ], [ -56.730275, -29.779989399999984 ], [ -56.7307608, -29.7792447 ], [ -56.7319619, -29.777942799999987 ], [ -56.7319248, -29.7770697 ], [ -56.7304691, -29.7752806 ], [ -56.7304307, -29.7749125 ], [ -56.7310806, -29.7745483 ], [ -56.7319966, -29.7746135 ], [ -56.7324684, -29.7741357 ], [ -56.7327073, -29.7734861 ], [ -56.7333036, -29.7730188 ], [ -56.733678, -29.7721365 ], [ -56.7329689, -29.771005 ], [ -56.7332936, -29.7707078 ], [ -56.7337281, -29.7698962 ], [ -56.7357645, -29.7691041 ], [ -56.735809, -29.768817 ], [ -56.7353657, -29.7682442 ], [ -56.7353969, -29.7672284 ], [ -56.7355599, -29.7670604 ], [ -56.7364102, -29.7668514 ], [ -56.7369615, -29.7662869 ], [ -56.7369552, -29.7657495 ], [ -56.7362661, -29.764688199999984 ], [ -56.7362769, -29.7642838 ], [ -56.7374945, -29.7635946 ], [ -56.739106, -29.761956 ], [ -56.7397953, -29.7608933 ], [ -56.7397927, -29.7597642 ], [ -56.7385869, -29.7597162 ], [ -56.7376072, -29.7593635 ], [ -56.7374007, -29.7591025 ], [ -56.7375102, -29.7582396 ], [ -56.7372155, -29.7576998 ], [ -56.7356949, -29.7569299 ], [ -56.7351764, -29.7563393 ], [ -56.7349681, -29.755747799999984 ], [ -56.7339187, -29.7558618 ], [ -56.7334606, -29.7556507 ], [ -56.7336593, -29.7528706 ], [ -56.733173, -29.7511953 ], [ -56.7330634, -29.7501907 ], [ -56.7320117, -29.7489492 ], [ -56.7319861, -29.7478582 ], [ -56.7317396, -29.7470324 ], [ -56.7318432, -29.7457031 ], [ -56.7321265, -29.7454112 ], [ -56.7326986, -29.7452063 ], [ -56.7332046, -29.7445495 ], [ -56.733912, -29.7440786 ], [ -56.735027, -29.742853899999989 ], [ -56.7350182, -29.7418621 ], [ -56.7340546, -29.7408004 ], [ -56.7336804, -29.7400587 ], [ -56.7341549, -29.7396439 ], [ -56.7351918, -29.7379159 ], [ -56.7357604, -29.7373706 ], [ -56.737202, -29.7367616 ], [ -56.7388739, -29.7362156 ], [ -56.7397784, -29.7362845 ], [ -56.7403481, -29.7355975 ], [ -56.7410743, -29.7352427 ], [ -56.7415969, -29.7343176 ], [ -56.7424458, -29.7341101 ], [ -56.7438582, -29.733295400000014 ], [ -56.7445017, -29.7326068 ], [ -56.7447926, -29.7325419 ], [ -56.7453021, -29.7318905 ], [ -56.7454187, -29.731208899999988 ], [ -56.7461814, -29.7305975 ], [ -56.7458107, -29.7295599 ], [ -56.7445468, -29.7281408 ], [ -56.7445523, -29.7266691 ], [ -56.7450026, -29.7260007 ], [ -56.7453, -29.7250403 ], [ -56.7447062, -29.7240022 ], [ -56.7443167, -29.7237107 ], [ -56.7433336, -29.7235887 ], [ -56.7423683, -29.7231574 ], [ -56.7413807, -29.7230397 ], [ -56.7404233, -29.7226166 ], [ -56.7397925, -29.7225419 ], [ -56.7397531, -29.7216766 ], [ -56.739248, -29.7198974 ], [ -56.739435, -29.7180383 ], [ -56.7390219, -29.7175712 ], [ -56.7388723, -29.716046 ], [ -56.7384983, -29.7157053 ], [ -56.7378928, -29.7144811 ], [ -56.738166, -29.7137855 ], [ -56.7384508, -29.7135064 ], [ -56.7399356, -29.7132487 ], [ -56.7398056, -29.711839 ], [ -56.7401336, -29.7107408 ], [ -56.7407666, -29.7098757 ], [ -56.7415915, -29.7094446 ], [ -56.7418702, -29.70875860000001 ], [ -56.742958, -29.7081846 ], [ -56.7438436, -29.7080061 ], [ -56.7444659, -29.7073598 ], [ -56.7450702, -29.7072641 ], [ -56.7450884, -29.7058276 ], [ -56.7455639, -29.7049005 ], [ -56.745348, -29.7042086 ], [ -56.7407317, -29.7051258 ], [ -56.7393386, -29.7059558 ], [ -56.7382632, -29.7071532 ], [ -56.737692, -29.7073606 ], [ -56.7369055, -29.7080112 ], [ -56.7356126, -29.7080997 ], [ -56.7351251, -29.7078711 ], [ -56.7346211, -29.707902 ], [ -56.7330844, -29.709361399999988 ], [ -56.7324772, -29.70969250000001 ], [ -56.7312675, -29.7102557 ], [ -56.7301105, -29.7101848 ], [ -56.7296585, -29.7110192 ], [ -56.7290394, -29.7106615 ], [ -56.7285272, -29.7106181 ], [ -56.7281812, -29.710719 ], [ -56.7272639, -29.7114007 ], [ -56.7238672, -29.7114792 ], [ -56.7235008, -29.7117858 ], [ -56.7232657, -29.7124333 ], [ -56.72162, -29.71356620000001 ], [ -56.7210915, -29.7135925 ], [ -56.7201432, -29.7132186 ], [ -56.7191217, -29.7141148 ], [ -56.7169532, -29.7145632 ], [ -56.716341, -29.7152258 ], [ -56.7159058, -29.7152723 ], [ -56.7150656, -29.7150869 ], [ -56.7143379, -29.7153935 ], [ -56.7138234, -29.7160448 ], [ -56.7132193, -29.7165049 ], [ -56.7128478, -29.717542 ], [ -56.7114761, -29.7175807 ], [ -56.71087, -29.718213 ], [ -56.7104185, -29.7182227 ], [ -56.7101635, -29.7184475 ], [ -56.7095138, -29.719992899999983 ], [ -56.7100738, -29.7216902 ], [ -56.709409, -29.7224586 ], [ -56.7077343, -29.722591 ], [ -56.706946, -29.7230747 ], [ -56.7048101, -29.7231264 ], [ -56.7045671, -29.7233413 ], [ -56.704413, -29.7241285 ], [ -56.7041244, -29.7243977 ], [ -56.7015061, -29.725172 ], [ -56.7004927, -29.7266768 ], [ -56.6995145, -29.7272643 ], [ -56.6991669, -29.7280427 ], [ -56.6976596, -29.7292876 ], [ -56.6976103, -29.7298222 ], [ -56.6980233, -29.7307106 ], [ -56.6978336, -29.7310454 ], [ -56.6968831, -29.7315442 ], [ -56.6958502, -29.7326852 ], [ -56.6949389, -29.732936 ], [ -56.6944646, -29.7335219 ], [ -56.6935787, -29.734137 ], [ -56.6929364, -29.7344368 ], [ -56.6924782, -29.7344376 ], [ -56.691781, -29.7340871 ], [ -56.6909917, -29.7331608 ], [ -56.6899603, -29.7332914 ], [ -56.6882066, -29.7328537 ], [ -56.6877324, -29.7331114 ], [ -56.6876657, -29.7335569 ], [ -56.6868681, -29.7337583 ], [ -56.6863908, -29.7340825 ], [ -56.6841931, -29.7339363 ], [ -56.6831503, -29.7343261 ], [ -56.6826184, -29.7349113 ], [ -56.6826216, -29.7354499 ], [ -56.682938, -29.7357943 ], [ -56.6839221, -29.7362764 ], [ -56.684394, -29.736739699999987 ], [ -56.6844673, -29.7376675 ], [ -56.683875, -29.7387722 ], [ -56.6829619, -29.7390267 ], [ -56.6824276, -29.7394974 ], [ -56.68257, -29.7405977 ], [ -56.6819233, -29.74066 ], [ -56.6813638, -29.7409333 ], [ -56.680973, -29.7419279 ], [ -56.6801595, -29.7422218 ], [ -56.6796505, -29.7421661 ], [ -56.6790642, -29.741347599999983 ], [ -56.6788128, -29.7404357 ], [ -56.6779257, -29.7404627 ], [ -56.6773217, -29.7398326 ], [ -56.6760141, -29.7402687 ], [ -56.6746128, -29.7400558 ], [ -56.6743658, -29.7401421 ], [ -56.6742572, -29.7404058 ], [ -56.6744871, -29.7417556 ], [ -56.6740698, -29.742222 ], [ -56.6727782, -29.7425431 ], [ -56.6716352, -29.742186599999986 ], [ -56.6710346, -29.7418272 ], [ -56.6707655, -29.7427757 ], [ -56.6696468, -29.7434889 ], [ -56.6691613, -29.7440909 ], [ -56.6683232, -29.7438773 ], [ -56.6677277, -29.7434939 ], [ -56.6671064, -29.7435975 ], [ -56.6662793, -29.7434172 ], [ -56.6660459, -29.7434861 ], [ -56.6654294, -29.7441475 ], [ -56.6642052, -29.7444562 ], [ -56.6631255, -29.7444867 ], [ -56.6635835, -29.7462665 ], [ -56.6630524, -29.7471092 ], [ -56.6620957, -29.7474877 ], [ -56.6608194, -29.7475944 ], [ -56.6600467, -29.7479888 ], [ -56.6598051, -29.7484072 ], [ -56.6599652, -29.7499392 ], [ -56.6597101, -29.7505269 ], [ -56.6591278, -29.7510656 ], [ -56.6573341, -29.7518347 ], [ -56.656279, -29.7531754 ], [ -56.6559033, -29.754209 ], [ -56.6550699, -29.754209 ], [ -56.6546991, -29.7546433 ], [ -56.6537926, -29.7548528 ], [ -56.6529756, -29.7554213 ], [ -56.6521811, -29.7563434 ], [ -56.650733, -29.756794 ], [ -56.6496758, -29.7574503 ], [ -56.6483706, -29.757789 ], [ -56.6472921, -29.7578201 ], [ -56.6468857, -29.7588298 ], [ -56.6454337, -29.7599271 ], [ -56.6455642, -29.7609495 ], [ -56.6452322, -29.7616124 ], [ -56.6443989, -29.7624508 ], [ -56.6426426, -29.7626967 ], [ -56.6423275, -29.7633089 ], [ -56.6425119, -29.7642861 ], [ -56.6422234, -29.7648933 ], [ -56.6411136, -29.765474 ], [ -56.6406481, -29.7654755 ], [ -56.6396116, -29.7669397 ], [ -56.6390069, -29.7672059 ], [ -56.6373175, -29.766949 ], [ -56.6363304, -29.7662547 ], [ -56.6354875, -29.7665285 ], [ -56.6352189, -29.768551499999983 ], [ -56.6335745, -29.7699582 ], [ -56.6325699, -29.7703202 ], [ -56.632432, -29.7708295 ], [ -56.6311037, -29.7708955 ], [ -56.6306619, -29.771251799999987 ], [ -56.6306277, -29.7722809 ], [ -56.6303521, -29.7732455 ], [ -56.631079, -29.7746526 ], [ -56.6308405, -29.7760017 ], [ -56.63051, -29.7763408 ], [ -56.6298895, -29.7766065 ], [ -56.6296534, -29.7776902 ], [ -56.6286038, -29.7778734 ], [ -56.6279725, -29.7781952 ], [ -56.6277679, -29.7798771 ], [ -56.6269017, -29.7805101 ], [ -56.6248372, -29.7810814 ], [ -56.6242949, -29.7806707 ], [ -56.6236042, -29.7806384 ], [ -56.6228476, -29.7814313 ], [ -56.6229579, -29.7821626 ], [ -56.623563, -29.7827185 ], [ -56.6229547, -29.7834483 ], [ -56.622922, -29.7837068 ], [ -56.6233329, -29.7841749 ], [ -56.6235064, -29.7852375 ], [ -56.6241431, -29.785951499999989 ], [ -56.624464, -29.7865794 ], [ -56.6244822, -29.7875826 ], [ -56.623681, -29.788098 ], [ -56.6236548, -29.7892809 ], [ -56.6232872, -29.7900239 ], [ -56.6228555, -29.790295 ], [ -56.6216434, -29.7903785 ], [ -56.6212121, -29.7907618 ], [ -56.6212079, -29.7914719 ], [ -56.6213796, -29.7918511 ], [ -56.6212415, -29.7924226 ], [ -56.6225699, -29.793098 ], [ -56.6225561, -29.7935633 ], [ -56.6214832, -29.7940288 ], [ -56.6216434, -29.7954612 ], [ -56.6209265, -29.7953889 ], [ -56.620452, -29.79575 ], [ -56.6191625, -29.7956456 ], [ -56.618443, -29.7960548 ], [ -56.6184073, -29.7979621 ], [ -56.6185616, -29.798826399999989 ], [ -56.6182324, -29.7993789 ], [ -56.6189588, -29.8003203 ], [ -56.6196939, -29.8000532 ], [ -56.6200202, -29.8001331 ], [ -56.6201165, -29.800777699999987 ], [ -56.6206287, -29.801419 ], [ -56.6201192, -29.8019234 ], [ -56.620233, -29.8027127 ], [ -56.6198575, -29.803719 ], [ -56.6204566, -29.8041218 ], [ -56.6212831, -29.8043002 ], [ -56.6212296, -29.8052644 ], [ -56.6216211, -29.8057857 ], [ -56.6213808, -29.8063578 ], [ -56.6210706, -29.8066153 ], [ -56.6196512, -29.8068242 ], [ -56.6193167, -29.8076066 ], [ -56.6193273, -29.8079374 ], [ -56.6200318, -29.8086054 ], [ -56.62007, -29.8103203 ], [ -56.6203358, -29.8103108 ], [ -56.6203478, -29.8100425 ], [ -56.6206378, -29.8100427 ], [ -56.6219508, -29.8104714 ], [ -56.6222479, -29.8110149 ], [ -56.62226, -29.81149 ], [ -56.6219314, -29.8121086 ], [ -56.6215413, -29.8124317 ], [ -56.6215144, -29.8129502 ], [ -56.6221313, -29.8138355 ], [ -56.6234034, -29.8144869 ], [ -56.6234208, -29.814731 ], [ -56.6236807, -29.8148473 ], [ -56.6236718, -29.8153741 ], [ -56.6233288, -29.815999 ], [ -56.6215825, -29.8176402 ], [ -56.6214507, -29.81839 ], [ -56.6214589, -29.818653599999987 ], [ -56.6218579, -29.8187456 ], [ -56.6221813, -29.8190121 ], [ -56.6223543, -29.819626499999988 ], [ -56.6226464, -29.8199918 ], [ -56.6229828, -29.820233 ], [ -56.6238177, -29.8204809 ], [ -56.6223715, -29.8210923 ], [ -56.6212832, -29.8212361 ], [ -56.6206848, -29.8215768 ], [ -56.6204342, -29.8221655 ], [ -56.6206724, -29.8231099 ], [ -56.6211588, -29.8240358 ], [ -56.6207469, -29.8248708 ], [ -56.6215716, -29.8255026 ], [ -56.6222053, -29.8257578 ], [ -56.623305, -29.8273425 ], [ -56.6234671, -29.8296144 ], [ -56.6250013, -29.8315706 ], [ -56.6249824, -29.831915099999989 ], [ -56.6242835, -29.8330949 ], [ -56.6243575, -29.8332777 ], [ -56.625079, -29.8336321 ], [ -56.6248141, -29.8352728 ], [ -56.6255616, -29.8360328 ], [ -56.6257959, -29.8370926 ], [ -56.6253479, -29.8378203 ], [ -56.6262038, -29.8380553 ], [ -56.6277111, -29.8382062 ], [ -56.6282232, -29.8394105 ], [ -56.6294118, -29.8400634 ], [ -56.6297539, -29.840595699999984 ], [ -56.6282869, -29.8423331 ], [ -56.6280207, -29.8430201 ], [ -56.6273752, -29.843739 ], [ -56.6273046, -29.8440304 ], [ -56.6274094, -29.8443807 ], [ -56.6280397, -29.8448273 ], [ -56.6289635, -29.8458565 ], [ -56.6279197, -29.846860899999989 ], [ -56.6273789, -29.8476255 ], [ -56.6272922, -29.8481434 ], [ -56.6274202, -29.848543 ], [ -56.6280586, -29.8490893 ], [ -56.6279681, -29.850205 ], [ -56.6283513, -29.8508299 ], [ -56.6284656, -29.8520245 ], [ -56.629104, -29.8525839 ], [ -56.6291836, -29.8528908 ], [ -56.6284861, -29.8535328 ], [ -56.6282527, -29.8539823 ], [ -56.6283764, -29.854587499999987 ], [ -56.6282756, -29.8549372 ], [ -56.6271563, -29.855431 ], [ -56.6264315, -29.8565951 ], [ -56.625402, -29.8574174 ], [ -56.6254055, -29.8585011 ], [ -56.6263653, -29.8593781 ], [ -56.6260716, -29.8600087 ], [ -56.6252208, -29.8606686 ], [ -56.625121, -29.861307 ], [ -56.6255312, -29.861653900000011 ], [ -56.6265691, -29.8615108 ], [ -56.6285473, -29.8620927 ], [ -56.6292043, -29.86331 ], [ -56.6289592, -29.8642092 ], [ -56.6299793, -29.864709 ], [ -56.6310307, -29.8645058 ], [ -56.6315904, -29.8645959 ], [ -56.6318805, -29.8652035 ], [ -56.6332448, -29.8664508 ], [ -56.6332664, -29.8672302 ], [ -56.6341822, -29.86767570000001 ], [ -56.6349813, -29.8684461 ], [ -56.6353102, -29.8691574 ], [ -56.6356917, -29.8718358 ], [ -56.6367039, -29.8727648 ], [ -56.6367981, -29.8738699 ], [ -56.6370148, -29.8742091 ], [ -56.6370217, -29.8762087 ], [ -56.6388302, -29.8778491 ], [ -56.6390457, -29.8790771 ], [ -56.6395149, -29.8794869 ], [ -56.6397682, -29.8811346 ], [ -56.6393278, -29.8815908 ], [ -56.6386788, -29.8830302 ], [ -56.6392832, -29.8850819 ], [ -56.6395377, -29.8852822 ], [ -56.640918, -29.8855624 ], [ -56.642658, -29.8856508 ], [ -56.6434038, -29.8861536 ], [ -56.6434919, -29.8874729 ], [ -56.6437972, -29.8877289 ], [ -56.6446796, -29.8879101 ], [ -56.64501, -29.8882466 ], [ -56.645152, -29.8893333 ], [ -56.6455083, -29.8898807 ], [ -56.6451343, -29.8906592 ], [ -56.6459039, -29.8914314 ], [ -56.6468291, -29.8912737 ], [ -56.6472307, -29.8916486 ], [ -56.6480153, -29.8916366 ], [ -56.6485504, -29.891335 ], [ -56.6490803, -29.8906945 ], [ -56.6502302, -29.8905047 ], [ -56.6510607, -29.8899468 ], [ -56.6515391, -29.8893601 ], [ -56.6519424, -29.8892065 ], [ -56.6524302, -29.8895335 ], [ -56.6532512, -29.8907711 ], [ -56.6535194, -29.890814 ], [ -56.6543076, -29.890543 ], [ -56.6552527, -29.8891337 ], [ -56.6554295, -29.8879836 ], [ -56.656011, -29.8876271 ], [ -56.6569012, -29.8874524 ], [ -56.6571592, -29.8872323 ], [ -56.6573546, -29.8860238 ], [ -56.65763, -29.8856449 ], [ -56.6581413, -29.8853468 ], [ -56.6596026, -29.8852529 ], [ -56.6600706, -29.8847646 ] ] ] } },
{ "type": "Feature", "properties": { "wts_pk": 133657, "codigo_otto": "82562", "nivel_otto_declarado": 5, "area_m2_bho": 143.85688640447631, "nivel_otto": 5 }, "geometry": { "type": "Polygon", "coordinates": [ [ [ -56.8179764, -29.8763768 ], [ -56.8190305, -29.8751792 ], [ -56.8193245, -29.8750729 ], [ -56.8200962, -29.8752708 ], [ -56.8214325, -29.875355 ], [ -56.8232878, -29.8763272 ], [ -56.8241578, -29.875943 ], [ -56.8249488, -29.8757806 ], [ -56.8255449, -29.8753803 ], [ -56.8268971, -29.8749428 ], [ -56.8274143, -29.8745701 ], [ -56.8280063, -29.8744984 ], [ -56.8292791, -29.8749957 ], [ -56.8306489, -29.8750585 ], [ -56.8313121, -29.875323899999984 ], [ -56.8318851, -29.8752862 ], [ -56.8324251, -29.8748224 ], [ -56.8327909, -29.8747615 ], [ -56.835313, -29.8753097 ], [ -56.8385515, -29.8751623 ], [ -56.8384833, -29.876002699999983 ], [ -56.8389605, -29.8767084 ], [ -56.8400716, -29.8767084 ], [ -56.8404466, -29.8753825 ], [ -56.8411813, -29.8748961 ], [ -56.8422832, -29.875557699999984 ], [ -56.8439548, -29.8751859 ], [ -56.8442383, -29.8750417 ], [ -56.8440185, -29.8732395 ], [ -56.8455618, -29.8715739 ], [ -56.8453494, -29.8703195 ], [ -56.8460898, -29.8708549 ], [ -56.8480745, -29.8708066 ], [ -56.8484049, -29.8705973 ], [ -56.8484281, -29.8697192 ], [ -56.8487466, -29.8692589 ], [ -56.8502485, -29.8685731 ], [ -56.8513587, -29.8674612 ], [ -56.8515357, -29.8668604 ], [ -56.8522325, -29.8657285 ], [ -56.8526335, -29.8632418 ], [ -56.8531983, -29.8626457 ], [ -56.8539605, -29.8628194 ], [ -56.853984, -29.8609531 ], [ -56.8544287, -29.8604356 ], [ -56.8546194, -29.8598456 ], [ -56.8552369, -29.8591194 ], [ -56.8554426, -29.8585413 ], [ -56.8568962, -29.8580025 ], [ -56.8577701, -29.8573219 ], [ -56.8597819, -29.8572325 ], [ -56.8607075, -29.8569241 ], [ -56.8614628, -29.8556149 ], [ -56.8607518, -29.8544339 ], [ -56.8608052, -29.853458299999989 ], [ -56.8601593, -29.8529378 ], [ -56.8586827, -29.850875 ], [ -56.8579991, -29.8510416 ], [ -56.8547834, -29.8506369 ], [ -56.854333, -29.8509428 ], [ -56.8537528, -29.8519281 ], [ -56.8529941, -29.8519886 ], [ -56.852016, -29.8517083 ], [ -56.8520865, -29.8510747 ], [ -56.8525539, -29.8503532 ], [ -56.8525532, -29.8498136 ], [ -56.8523597, -29.8495646 ], [ -56.8515591, -29.8493159 ], [ -56.8512359, -29.8485039 ], [ -56.8513496, -29.8473718 ], [ -56.8503858, -29.8450849 ], [ -56.8503348, -29.8429647 ], [ -56.8501032, -29.8422224 ], [ -56.8500344, -29.8411004 ], [ -56.8490554, -29.8399691 ], [ -56.8489387, -29.8384213 ], [ -56.8486033, -29.8371498 ], [ -56.8475714, -29.8361528 ], [ -56.8468691, -29.8357789 ], [ -56.8466706, -29.834916 ], [ -56.8460542, -29.8339601 ], [ -56.8457862, -29.8337702 ], [ -56.8452593, -29.8338868 ], [ -56.8448817, -29.8337717 ], [ -56.8437795, -29.8321874 ], [ -56.8435408, -29.8309871 ], [ -56.8413936, -29.8305279 ], [ -56.8412106, -29.8302774 ], [ -56.841056, -29.8293084 ], [ -56.8404419, -29.828991099999985 ], [ -56.8397936, -29.8289306 ], [ -56.8402596, -29.8280091 ], [ -56.840088, -29.8274585 ], [ -56.8400697, -29.8261323 ], [ -56.8403491, -29.8253195 ], [ -56.8398181, -29.8251828 ], [ -56.8393677, -29.8245356 ], [ -56.8385516, -29.824437499999984 ], [ -56.8375713, -29.8239306 ], [ -56.8376556, -29.8229874 ], [ -56.8382948, -29.8227319 ], [ -56.8388339, -29.8222336 ], [ -56.8391831, -29.8211549 ], [ -56.8389815, -29.8203648 ], [ -56.839117, -29.8195354 ], [ -56.838073, -29.8175181 ], [ -56.8375683, -29.8172457 ], [ -56.8380715, -29.816572 ], [ -56.8385067, -29.8154 ], [ -56.8394523, -29.814337599999988 ], [ -56.8400717, -29.8113781 ], [ -56.8396598, -29.8100749 ], [ -56.8382917, -29.809019899999985 ], [ -56.8367379, -29.808375 ], [ -56.8367484, -29.8079459 ], [ -56.8370832, -29.8073173 ], [ -56.8383342, -29.8063749 ], [ -56.8388605, -29.8057962 ], [ -56.8390685, -29.8051274 ], [ -56.8394526, -29.8046125 ], [ -56.8395157, -29.8036528 ], [ -56.8390515, -29.8036225 ], [ -56.836905, -29.8023505 ], [ -56.8347244, -29.8015456 ], [ -56.8337193, -29.8021959 ], [ -56.832736, -29.8018241 ], [ -56.8320207, -29.8019405 ], [ -56.8309045, -29.8017084 ], [ -56.8306346, -29.8013118 ], [ -56.8306267, -29.8000417 ], [ -56.8296834, -29.7992953 ], [ -56.8282437, -29.7988378 ], [ -56.8270972, -29.7981493 ], [ -56.8256268, -29.7978638 ], [ -56.8248739, -29.7983186 ], [ -56.8239239, -29.7985914 ], [ -56.8227762, -29.7980333 ], [ -56.8210798, -29.7954005 ], [ -56.8203984, -29.7948005 ], [ -56.8200697, -29.7934367 ], [ -56.820222, -29.7929865 ], [ -56.820076, -29.792122200000012 ], [ -56.820244, -29.7912586 ], [ -56.8199769, -29.7904004 ], [ -56.8193346, -29.7896577 ], [ -56.8192377, -29.7889306 ], [ -56.8187098, -29.7889229 ], [ -56.8186821, -29.7886528 ], [ -56.8174109, -29.788169499999988 ], [ -56.8166041, -29.788356499999988 ], [ -56.8158297, -29.7883223 ], [ -56.8149036, -29.7875873 ], [ -56.8131265, -29.7869862 ], [ -56.8121129, -29.785798 ], [ -56.8119735, -29.7847177 ], [ -56.811682, -29.7840672 ], [ -56.810224, -29.782218 ], [ -56.810071, -29.7817084 ], [ -56.809443, -29.7815534 ], [ -56.8085976, -29.7816478 ], [ -56.8075553, -29.7811924 ], [ -56.805817, -29.7810995 ], [ -56.8051973, -29.7807723 ], [ -56.8049339, -29.7803471 ], [ -56.8045022, -29.7800729 ], [ -56.8038867, -29.7800887 ], [ -56.802042, -29.780592800000012 ], [ -56.8012039, -29.780575099999986 ], [ -56.8008355, -29.7803656 ], [ -56.8006238, -29.780059 ], [ -56.8005616, -29.7790834 ], [ -56.8001395, -29.7785058 ], [ -56.7995506, -29.776751 ], [ -56.7995401, -29.7762004 ], [ -56.7997938, -29.7753658 ], [ -56.7997437, -29.7746312 ], [ -56.799348, -29.7742494 ], [ -56.7981264, -29.7739307 ], [ -56.798682, -29.7728196 ], [ -56.7978684, -29.7724332 ], [ -56.7970293, -29.7711115 ], [ -56.7970519, -29.7702793 ], [ -56.7974656, -29.7696827 ], [ -56.7975673, -29.769246499999984 ], [ -56.7975529, -29.767404399999986 ], [ -56.7973456, -29.7666301 ], [ -56.797599, -29.7662405 ], [ -56.7981264, -29.7658751 ], [ -56.7981472, -29.7640599 ], [ -56.7986285, -29.7628937 ], [ -56.7985473, -29.7626463 ], [ -56.7978901, -29.7620306 ], [ -56.7980029, -29.7606475 ], [ -56.7974647, -29.7601312 ], [ -56.7963071, -29.7596654 ], [ -56.7957236, -29.7590389 ], [ -56.7954774, -29.7584928 ], [ -56.7941595, -29.7583171 ], [ -56.7937718, -29.7580222 ], [ -56.7934521, -29.7569904 ], [ -56.7939596, -29.754764 ], [ -56.7930579, -29.7547535 ], [ -56.792732, -29.7545277 ], [ -56.792053, -29.7544042 ], [ -56.7920111, -29.7536374 ], [ -56.7922728, -29.753214 ], [ -56.7922488, -29.7526515 ], [ -56.791702, -29.751806099999989 ], [ -56.790904, -29.7514307 ], [ -56.7909525, -29.7510144 ], [ -56.7914286, -29.7501628 ], [ -56.7914892, -29.749082 ], [ -56.792378, -29.7471538 ], [ -56.7930979, -29.7471052 ], [ -56.7941045, -29.7463282 ], [ -56.7945611, -29.7457266 ], [ -56.7954638, -29.745133 ], [ -56.7960602, -29.7449456 ], [ -56.7966516, -29.744544 ], [ -56.7983608, -29.7440816 ], [ -56.7989473, -29.7433059 ], [ -56.7988403, -29.7429337 ], [ -56.7991337, -29.7420338 ], [ -56.798845, -29.7415298 ], [ -56.797377, -29.7407162 ], [ -56.7969432, -29.7390858 ], [ -56.796271, -29.7382882 ], [ -56.7962113, -29.7378451 ], [ -56.7980288, -29.7359998 ], [ -56.7978484, -29.7350049 ], [ -56.79792, -29.734091 ], [ -56.7989688, -29.7336759 ], [ -56.7989262, -29.7325777 ], [ -56.7987364, -29.7319882 ], [ -56.7989276, -29.7313825 ], [ -56.7989979, -29.7299997 ], [ -56.8002972, -29.7267792 ], [ -56.8000706, -29.7258751 ], [ -56.7995667, -29.7253825 ], [ -56.7996794, -29.7246023 ], [ -56.7993108, -29.7240552 ], [ -56.7989603, -29.7225974 ], [ -56.7989994, -29.7216633 ], [ -56.7994428, -29.7209981 ], [ -56.799559, -29.719712899999983 ], [ -56.7999334, -29.7191104 ], [ -56.7997928, -29.7186528 ], [ -56.8002583, -29.7183127 ], [ -56.800709, -29.7170518 ], [ -56.8017372, -29.7161528 ], [ -56.8021157, -29.7148424 ], [ -56.802866, -29.714306199999989 ], [ -56.8031177, -29.7138848 ], [ -56.8030393, -29.7131794 ], [ -56.8017841, -29.7120271 ], [ -56.8017405, -29.709688699999987 ], [ -56.8020482, -29.7094982 ], [ -56.8035596, -29.7094511 ], [ -56.80424, -29.7086645 ], [ -56.804195, -29.708004099999989 ], [ -56.8039239, -29.7074773 ], [ -56.802714, -29.7071504 ], [ -56.8024796, -29.705767299999987 ], [ -56.801843, -29.7052357 ], [ -56.8013685, -29.7043727 ], [ -56.8006748, -29.7040756 ], [ -56.8003829, -29.7036996 ], [ -56.8001789, -29.7023749 ], [ -56.8008346, -29.7015634 ], [ -56.8011633, -29.7005537 ], [ -56.8009122, -29.6992697 ], [ -56.8009811, -29.6983286 ], [ -56.801135, -29.698098599999987 ], [ -56.8026598, -29.6977645 ], [ -56.8038455, -29.6970279 ], [ -56.8053581, -29.6965309 ], [ -56.8055647, -29.696281 ], [ -56.8057232, -29.6953963 ], [ -56.8060339, -29.6948669 ], [ -56.8066284, -29.6944 ], [ -56.8068062, -29.6935306 ], [ -56.8070553, -29.6932218 ], [ -56.8077549, -29.6925995 ], [ -56.8088144, -29.6921463 ], [ -56.8093653, -29.6915234 ], [ -56.8105254, -29.6915666 ], [ -56.810366, -29.690364 ], [ -56.8107333, -29.6898474 ], [ -56.8113077, -29.6896406 ], [ -56.8115944, -29.6893376 ], [ -56.8123767, -29.6894178 ], [ -56.8132921, -29.6890019 ], [ -56.8142372, -29.6892083 ], [ -56.8144425, -29.6886878 ], [ -56.8142942, -29.68768330000001 ], [ -56.8145925, -29.6871442 ], [ -56.8149812, -29.6868157 ], [ -56.8153068, -29.6856461 ], [ -56.8156289, -29.6827781 ], [ -56.815524, -29.6823468 ], [ -56.8148223, -29.6816594 ], [ -56.8147876, -29.67925330000001 ], [ -56.8149399, -29.6787628 ], [ -56.8157856, -29.6783128 ], [ -56.8155947, -29.6776814 ], [ -56.8152527, -29.6773435 ], [ -56.8145149, -29.6769861 ], [ -56.8132971, -29.6769353 ], [ -56.8115619, -29.6762009 ], [ -56.8097699, -29.6761491 ], [ -56.8089577, -29.6763929 ], [ -56.8072055, -29.6764838 ], [ -56.806058, -29.6771687 ], [ -56.8052731, -29.6773365 ], [ -56.8046169, -29.6777384 ], [ -56.8037924, -29.677382 ], [ -56.8029589, -29.6777289 ], [ -56.8023978, -29.6776458 ], [ -56.8019188, -29.6778691 ], [ -56.8012447, -29.6802466 ], [ -56.8016987, -29.6808191 ], [ -56.8018951, -29.6813718 ], [ -56.8004998, -29.6830017 ], [ -56.799964, -29.6833039 ], [ -56.7991429, -29.6835328 ], [ -56.7987431, -29.6831728 ], [ -56.7981482, -29.6831255 ], [ -56.7970926, -29.6835741 ], [ -56.7965418, -29.6836559 ], [ -56.7962157, -29.6834881 ], [ -56.7953444, -29.6836038 ], [ -56.7946264, -29.6832083 ], [ -56.7932379, -29.6835683 ], [ -56.7926845, -29.6834878 ], [ -56.7884956, -29.6852666 ], [ -56.7876451, -29.6855381 ], [ -56.7862938, -29.6856862 ], [ -56.7856921, -29.6862053 ], [ -56.7849879, -29.6871998 ], [ -56.7843164, -29.6877093 ], [ -56.784237, -29.6884211 ], [ -56.7844955, -29.6892562 ], [ -56.7844713, -29.6900808 ], [ -56.7832208, -29.6907714 ], [ -56.7830683, -29.691843 ], [ -56.7827158, -29.6924436 ], [ -56.78184, -29.6925431 ], [ -56.7805355, -29.6923235 ], [ -56.7789751, -29.6933778 ], [ -56.7780582, -29.6926488 ], [ -56.7769567, -29.692885 ], [ -56.7765479, -29.6933103 ], [ -56.7749451, -29.6941283 ], [ -56.7739592, -29.6942085 ], [ -56.7736185, -29.695455 ], [ -56.7728, -29.6965778 ], [ -56.7710101, -29.6970705 ], [ -56.7681636, -29.6984972 ], [ -56.7679569, -29.6987598 ], [ -56.7680538, -29.6992012 ], [ -56.7678584, -29.6998903 ], [ -56.7678671, -29.7008381 ], [ -56.7686172, -29.7018575 ], [ -56.7689082, -29.702894 ], [ -56.7685934, -29.7035786 ], [ -56.767647, -29.7044243 ], [ -56.767728, -29.7049266 ], [ -56.7673137, -29.7064702 ], [ -56.7672963, -29.7074183 ], [ -56.7676442, -29.708223099999984 ], [ -56.7685506, -29.7089609 ], [ -56.7692034, -29.7099953 ], [ -56.7692423, -29.7118339 ], [ -56.7697741, -29.71342180000001 ], [ -56.7695574, -29.7145941 ], [ -56.7696899, -29.7154475 ], [ -56.7691943, -29.7155773 ], [ -56.7682264, -29.715419 ], [ -56.7679179, -29.7157456 ], [ -56.7676383, -29.7166349 ], [ -56.7665666, -29.7170711 ], [ -56.7658029, -29.7177399 ], [ -56.7652363, -29.7180089 ], [ -56.7640093, -29.7182299 ], [ -56.7633986, -29.719302299999985 ], [ -56.762432, -29.7196174 ], [ -56.7622145, -29.7209844 ], [ -56.7612602, -29.7216871 ], [ -56.7604188, -29.7211861 ], [ -56.7593445, -29.7212272 ], [ -56.7590193, -29.7215661 ], [ -56.7585566, -29.7227205 ], [ -56.7572711, -29.7228247 ], [ -56.7563573, -29.7226156 ], [ -56.7552697, -29.7243324 ], [ -56.7543186, -29.7247198 ], [ -56.7527671, -29.7247138 ], [ -56.7518363, -29.7240491 ], [ -56.7505468, -29.7242563 ], [ -56.749724, -29.7245561 ], [ -56.7493596, -29.7251967 ], [ -56.7485424, -29.725634 ], [ -56.7482592, -29.7261121 ], [ -56.7476443, -29.7265833 ], [ -56.7473447, -29.7271313 ], [ -56.7473189, -29.7283392 ], [ -56.7477738, -29.7290756 ], [ -56.7477523, -29.7293274 ], [ -56.7471715, -29.7295989 ], [ -56.7466192, -29.7302908 ], [ -56.7454187, -29.731208899999988 ], [ -56.7453021, -29.7318905 ], [ -56.7447926, -29.7325419 ], [ -56.7445017, -29.7326068 ], [ -56.7438582, -29.733295400000014 ], [ -56.7424458, -29.7341101 ], [ -56.7415969, -29.7343176 ], [ -56.7410743, -29.7352427 ], [ -56.7403481, -29.7355975 ], [ -56.7397784, -29.7362845 ], [ -56.7388739, -29.7362156 ], [ -56.737202, -29.7367616 ], [ -56.7357604, -29.7373706 ], [ -56.7351453, -29.7379717 ], [ -56.7341549, -29.7396439 ], [ -56.7336804, -29.7400587 ], [ -56.7340546, -29.7408004 ], [ -56.7349824, -29.7417896 ], [ -56.7350505, -29.7427721 ], [ -56.7326986, -29.7452063 ], [ -56.7318647, -29.745652 ], [ -56.7317396, -29.7470324 ], [ -56.7319861, -29.7478582 ], [ -56.7320117, -29.7489492 ], [ -56.7330634, -29.7501907 ], [ -56.733173, -29.7511953 ], [ -56.7336436, -29.7527801 ], [ -56.7334948, -29.7557133 ], [ -56.734033, -29.7558661 ], [ -56.7349681, -29.755747799999984 ], [ -56.7351764, -29.7563393 ], [ -56.7356949, -29.7569299 ], [ -56.7372155, -29.7576998 ], [ -56.7375102, -29.7582396 ], [ -56.7374007, -29.7591025 ], [ -56.7376072, -29.7593635 ], [ -56.7385869, -29.7597162 ], [ -56.7397927, -29.7597642 ], [ -56.7397953, -29.7608933 ], [ -56.739106, -29.761956 ], [ -56.7374945, -29.7635946 ], [ -56.7362769, -29.7642838 ], [ -56.7362661, -29.764688199999984 ], [ -56.7369552, -29.7657495 ], [ -56.7369615, -29.7662869 ], [ -56.7364102, -29.7668514 ], [ -56.7355599, -29.7670604 ], [ -56.7353969, -29.7672284 ], [ -56.7353657, -29.7682442 ], [ -56.735809, -29.768817 ], [ -56.7357645, -29.7691041 ], [ -56.7337281, -29.7698962 ], [ -56.7332936, -29.7707078 ], [ -56.7329689, -29.771005 ], [ -56.733678, -29.7721365 ], [ -56.7333036, -29.7730188 ], [ -56.7327073, -29.7734861 ], [ -56.7324684, -29.7741357 ], [ -56.7319966, -29.7746135 ], [ -56.7310806, -29.7745483 ], [ -56.7304307, -29.7749125 ], [ -56.7304691, -29.7752806 ], [ -56.7319248, -29.7770697 ], [ -56.7319619, -29.777942799999987 ], [ -56.7307608, -29.7792447 ], [ -56.730275, -29.779989399999984 ], [ -56.7299989, -29.7802092 ], [ -56.7295878, -29.7802709 ], [ -56.7291618, -29.7810936 ], [ -56.7285266, -29.7811953 ], [ -56.7277461, -29.781652 ], [ -56.7272927, -29.7817087 ], [ -56.7272725, -29.782784 ], [ -56.726779, -29.7838824 ], [ -56.7266961, -29.785091299999984 ], [ -56.7259003, -29.78700520000001 ], [ -56.7262748, -29.7874208 ], [ -56.7269057, -29.7876288 ], [ -56.7283586, -29.78878120000001 ], [ -56.7285667, -29.7890424 ], [ -56.7285621, -29.7894686 ], [ -56.7293355, -29.7902463 ], [ -56.7299039, -29.790485400000012 ], [ -56.7307178, -29.790380100000011 ], [ -56.7316074, -29.7909016 ], [ -56.7323824, -29.7926564 ], [ -56.7333597, -29.7933286 ], [ -56.7334121, -29.7948181 ], [ -56.7341861, -29.7953722 ], [ -56.7344858, -29.7958144 ], [ -56.7344543, -29.7962778 ], [ -56.7340113, -29.7969436 ], [ -56.7338898, -29.7979428 ], [ -56.7333075, -29.7990398 ], [ -56.7329057, -29.7994501 ], [ -56.7328048, -29.8006449 ], [ -56.7325099, -29.8015683 ], [ -56.7313122, -29.803431 ], [ -56.7313525, -29.8040485 ], [ -56.7302006, -29.8045873 ], [ -56.7290483, -29.805955 ], [ -56.7289556, -29.8065678 ], [ -56.7297382, -29.808193 ], [ -56.7298762, -29.808865 ], [ -56.730878, -29.8091978 ], [ -56.7328484, -29.809208699999985 ], [ -56.7326672, -29.8102708 ], [ -56.7329417, -29.8105172 ], [ -56.7341461, -29.8109466 ], [ -56.7344686, -29.8112955 ], [ -56.7344972, -29.8124844 ], [ -56.733989, -29.813578599999985 ], [ -56.7339861, -29.814562 ], [ -56.7345708, -29.8157412 ], [ -56.7353058, -29.8159783 ], [ -56.735324, -29.8162744 ], [ -56.7350823, -29.8166853 ], [ -56.7350821, -29.8173425 ], [ -56.7352663, -29.8175148 ], [ -56.7356262, -29.8175421 ], [ -56.7356647, -29.8179636 ], [ -56.7358713, -29.8182386 ], [ -56.7352793, -29.8188753 ], [ -56.7348206, -29.8190773 ], [ -56.734733, -29.8201726 ], [ -56.7340089, -29.8217831 ], [ -56.7343278, -29.822463400000014 ], [ -56.7350286, -29.823037400000011 ], [ -56.7354247, -29.8240559 ], [ -56.7358345, -29.8246414 ], [ -56.735952, -29.8256435 ], [ -56.7363449, -29.826542 ], [ -56.736234, -29.8273178 ], [ -56.7366882, -29.8280519 ], [ -56.7367801, -29.8292565 ], [ -56.7375064, -29.8301939 ], [ -56.7378913, -29.831526699999984 ], [ -56.7388573, -29.8317935 ], [ -56.7399628, -29.8324602 ], [ -56.7409069, -29.8323106 ], [ -56.7419094, -29.8326238 ], [ -56.7422364, -29.8329614 ], [ -56.7424473, -29.8337032 ], [ -56.7423768, -29.8346063 ], [ -56.7435886, -29.8352679 ], [ -56.7440231, -29.835247099999989 ], [ -56.7445453, -29.8348119 ], [ -56.7457315, -29.8345632 ], [ -56.7463855, -29.8349718 ], [ -56.7482656, -29.8354329 ], [ -56.7482992, -29.8357957 ], [ -56.7477229, -29.8363191 ], [ -56.7486349, -29.8366536 ], [ -56.7491634, -29.8363877 ], [ -56.7498334, -29.8354463 ], [ -56.7505854, -29.835048099999987 ], [ -56.7518925, -29.8354169 ], [ -56.7525117, -29.8368481 ], [ -56.7526767, -29.8376245 ], [ -56.7531264, -29.837819800000013 ], [ -56.7529476, -29.8393803 ], [ -56.753237, -29.8396727 ], [ -56.7538156, -29.8398735 ], [ -56.7541897, -29.8404492 ], [ -56.7548527, -29.84257070000001 ], [ -56.7552858, -29.8430679 ], [ -56.7554793, -29.8441787 ], [ -56.756001, -29.8446879 ], [ -56.7579542, -29.8457705 ], [ -56.7588615, -29.8456967 ], [ -56.7607064, -29.8464945 ], [ -56.7611054, -29.8470555 ], [ -56.7611257, -29.8482221 ], [ -56.7600859, -29.8495336 ], [ -56.7600978, -29.8509224 ], [ -56.7604542, -29.8514197 ], [ -56.7608269, -29.8516498 ], [ -56.7619631, -29.8518427 ], [ -56.7625686, -29.8529171 ], [ -56.763854, -29.8535747 ], [ -56.7646791, -29.8532157 ], [ -56.7665718, -29.8535715 ], [ -56.7673366, -29.8528886 ], [ -56.7692649, -29.853617 ], [ -56.7705594, -29.8534985 ], [ -56.7713197, -29.8543735 ], [ -56.7728489, -29.855042 ], [ -56.7728489, -29.8558753 ], [ -56.7735669, -29.8559116 ], [ -56.7740442, -29.8563643 ], [ -56.7744365, -29.8564933 ], [ -56.7745156, -29.857542 ], [ -56.7757662, -29.857929 ], [ -56.7763178, -29.8591017 ], [ -56.7786895, -29.8596602 ], [ -56.7788506, -29.859871 ], [ -56.7787932, -29.8605186 ], [ -56.7798375, -29.8615837 ], [ -56.7802499, -29.8616717 ], [ -56.7809296, -29.8614679 ], [ -56.7817031, -29.8614718 ], [ -56.7822076, -29.8619202 ], [ -56.7837576, -29.8626899 ], [ -56.7848664, -29.8626019 ], [ -56.7863606, -29.8634535 ], [ -56.7869252, -29.8642801 ], [ -56.7877021, -29.8664005 ], [ -56.7885204, -29.8671726 ], [ -56.7899346, -29.8673722 ], [ -56.7902563, -29.8678931 ], [ -56.7904939, -29.8688173 ], [ -56.7927382, -29.8693875 ], [ -56.7937601, -29.8686758 ], [ -56.7941875, -29.8695575 ], [ -56.7938679, -29.8705234 ], [ -56.7931973, -29.8715732 ], [ -56.7931909, -29.871851099999986 ], [ -56.7934756, -29.8723838 ], [ -56.793865, -29.8727068 ], [ -56.7944791, -29.8738891 ], [ -56.794493, -29.874437 ], [ -56.7942468, -29.8751796 ], [ -56.7942852, -29.8759113 ], [ -56.7952486, -29.8767876 ], [ -56.7954174, -29.8776646 ], [ -56.7959047, -29.8783752 ], [ -56.7967725, -29.8783274 ], [ -56.7977852, -29.8777639 ], [ -56.798281, -29.8769355 ], [ -56.7982311, -29.8765329 ], [ -56.7984492, -29.8760047 ], [ -56.7987912, -29.8756799 ], [ -56.7995397, -29.8756053 ], [ -56.8003659, -29.8758345 ], [ -56.8009858, -29.8758216 ], [ -56.8030112, -29.8752214 ], [ -56.8035376, -29.8746129 ], [ -56.8047124, -29.8744994 ], [ -56.8055139, -29.8746371 ], [ -56.8060118, -29.874341 ], [ -56.8063718, -29.8747082 ], [ -56.8069427, -29.8749283 ], [ -56.8074664, -29.8744126 ], [ -56.8077119, -29.8736822 ], [ -56.8085148, -29.8731938 ], [ -56.8091667, -29.8736976 ], [ -56.8099684, -29.874845199999985 ], [ -56.8104086, -29.8762951 ], [ -56.8106165, -29.8765385 ], [ -56.8112563, -29.876708099999988 ], [ -56.8122308, -29.876550599999984 ], [ -56.8128305, -29.8772697 ], [ -56.8137949, -29.8767244 ], [ -56.815028, -29.8769745 ], [ -56.8165458, -29.8769363 ], [ -56.8179764, -29.8763768 ] ] ] } },
{ "type": "Feature", "properties": { "wts_pk": 133656, "codigo_otto": "82561", "nivel_otto_declarado": 5, "area_m2_bho": 266.96589144747094, "nivel_otto": 5 }, "geometry": { "type": "Polygon", "coordinates": [ [ [ -56.8650713, -29.7903193 ], [ -56.8662985, -29.789586699999987 ], [ -56.866836, -29.7896871 ], [ -56.8671325, -29.7893113 ], [ -56.867646, -29.7890327 ], [ -56.8684047, -29.788930399999987 ], [ -56.869992, -29.7916464 ], [ -56.870429, -29.7916687 ], [ -56.8712792, -29.791377 ], [ -56.871738, -29.7908749 ], [ -56.8724643, -29.7909063 ], [ -56.8749707, -29.79151 ], [ -56.8755029, -29.7918063 ], [ -56.8771151, -29.7932963 ], [ -56.8787403, -29.7939055 ], [ -56.8798568, -29.793675 ], [ -56.8805692, -29.794087 ], [ -56.8822393, -29.793390099999989 ], [ -56.8827271, -29.7934666 ], [ -56.8833381, -29.793876199999989 ], [ -56.8839481, -29.793904 ], [ -56.8844232, -29.7935876 ], [ -56.8848909, -29.7926117 ], [ -56.8854597, -29.7920947 ], [ -56.8857885, -29.7921416 ], [ -56.8868505, -29.7917759 ], [ -56.8877385, -29.7920673 ], [ -56.8882748, -29.7926693 ], [ -56.8886826, -29.7925415 ], [ -56.8884367, -29.7921123 ], [ -56.8883812, -29.7913664 ], [ -56.8881277, -29.7908201 ], [ -56.8881507, -29.790192899999987 ], [ -56.8884048, -29.7897637 ], [ -56.889363, -29.7895115 ], [ -56.8904624, -29.789689599999988 ], [ -56.891696, -29.7888059 ], [ -56.892478, -29.7880232 ], [ -56.8929864, -29.7867434 ], [ -56.8949454, -29.7854973 ], [ -56.8956983, -29.7842645 ], [ -56.8972286, -29.7829661 ], [ -56.8976358, -29.7818514 ], [ -56.8980623, -29.7812804 ], [ -56.8981762, -29.7799906 ], [ -56.8985819, -29.7793114 ], [ -56.8976601, -29.778028 ], [ -56.8972001, -29.7767821 ], [ -56.8966251, -29.7762419 ], [ -56.8958251, -29.7760935 ], [ -56.8951726, -29.7757947 ], [ -56.8944678, -29.7748942 ], [ -56.893449, -29.774358299999985 ], [ -56.8930302, -29.7735439 ], [ -56.8926137, -29.7731561 ], [ -56.8921668, -29.7720862 ], [ -56.8914603, -29.7714303 ], [ -56.8912173, -29.7714048 ], [ -56.8908698, -29.7709003 ], [ -56.8906269, -29.770874799999984 ], [ -56.890615, -29.7706064 ], [ -56.8903456, -29.770578399999987 ], [ -56.8910945, -29.7696907 ], [ -56.8911806, -29.7693465 ], [ -56.8911439, -29.7680536 ], [ -56.8906915, -29.7670629 ], [ -56.8911728, -29.7661903 ], [ -56.8910423, -29.7637817 ], [ -56.8919369, -29.7633171 ], [ -56.8924305, -29.7622991 ], [ -56.8933225, -29.761546 ], [ -56.8936824, -29.760597 ], [ -56.8941252, -29.760582 ], [ -56.8943229, -29.7603497 ], [ -56.8947418, -29.7602783 ], [ -56.8948302, -29.7598499 ], [ -56.8950713, -29.7597636 ], [ -56.8955316, -29.7591339 ], [ -56.8962391, -29.7561045 ], [ -56.896881, -29.7555612 ], [ -56.8970003, -29.7552863 ], [ -56.8970053, -29.7542468 ], [ -56.8967331, -29.753355 ], [ -56.8973224, -29.752948600000011 ], [ -56.8980093, -29.7527261 ], [ -56.8985929, -29.7523181 ], [ -56.899875, -29.7519862 ], [ -56.901716, -29.7520206 ], [ -56.9038107, -29.7525214 ], [ -56.9056094, -29.7525091 ], [ -56.9074052, -29.7519383 ], [ -56.9081354, -29.751197 ], [ -56.9085675, -29.751222 ], [ -56.9094809, -29.7516497 ], [ -56.910363, -29.7517089 ], [ -56.9109895, -29.751467 ], [ -56.91265, -29.7513702 ], [ -56.9132521, -29.7509733 ], [ -56.9143086, -29.7508079 ], [ -56.9149139, -29.7504072 ], [ -56.9152904, -29.7503276 ], [ -56.9167729, -29.7507297 ], [ -56.9172234, -29.750708 ], [ -56.918399, -29.7513879 ], [ -56.9197065, -29.7511606 ], [ -56.9207078, -29.7514104 ], [ -56.922064, -29.7498937 ], [ -56.923019, -29.7496749 ], [ -56.9240824, -29.7491324 ], [ -56.924022, -29.7479748 ], [ -56.9245995, -29.7465893 ], [ -56.9252041, -29.7459796 ], [ -56.9266542, -29.7453748 ], [ -56.9278714, -29.7450757 ], [ -56.9289963, -29.7449809 ], [ -56.9295159, -29.7447635 ], [ -56.9295507, -29.7427708 ], [ -56.9306292, -29.7403755 ], [ -56.930561, -29.7393559 ], [ -56.9299222, -29.7384996 ], [ -56.9304912, -29.7380397 ], [ -56.9304623, -29.7374691 ], [ -56.9306054, -29.737259 ], [ -56.9313036, -29.7375704 ], [ -56.9315534, -29.738306200000011 ], [ -56.9320589, -29.7388079 ], [ -56.932475, -29.738892 ], [ -56.9331292, -29.7387 ], [ -56.9335673, -29.7387448 ], [ -56.9340928, -29.739382699999986 ], [ -56.9349903, -29.7399904 ], [ -56.9355413, -29.7398955 ], [ -56.9362742, -29.7385344 ], [ -56.9366001, -29.7383865 ], [ -56.9380202, -29.7384493 ], [ -56.9385817, -29.7387347 ], [ -56.93905, -29.7393323 ], [ -56.9393328, -29.7394484 ], [ -56.9396674, -29.7393983 ], [ -56.9403785, -29.7389695 ], [ -56.9414791, -29.7389425 ], [ -56.9421832, -29.7390953 ], [ -56.943331, -29.7387007 ], [ -56.9441132, -29.738662899999984 ], [ -56.9446206, -29.738914099999985 ], [ -56.9451425, -29.7397095 ], [ -56.9457446, -29.7402323 ], [ -56.9462334, -29.7402985 ], [ -56.9469393, -29.7401721 ], [ -56.9474154, -29.7404932 ], [ -56.948255, -29.7407137 ], [ -56.9486275, -29.7410798 ], [ -56.9501152, -29.7413745 ], [ -56.95083, -29.741058699999989 ], [ -56.9511827, -29.7405967 ], [ -56.9517918, -29.7408267 ], [ -56.952697, -29.7406293 ], [ -56.9536632, -29.7407238 ], [ -56.955554, -29.739428 ], [ -56.9560409, -29.7384821 ], [ -56.9573332, -29.7373872 ], [ -56.9584049, -29.7369856 ], [ -56.9581953, -29.735813899999989 ], [ -56.9588261, -29.7352838 ], [ -56.9589512, -29.7349087 ], [ -56.9587044, -29.7338845 ], [ -56.9587081, -29.733143 ], [ -56.959447, -29.7323949 ], [ -56.9597938, -29.7308745 ], [ -56.9588155, -29.7300089 ], [ -56.9586044, -29.7293605 ], [ -56.9581866, -29.7287753 ], [ -56.9581667, -29.7277765 ], [ -56.9586159, -29.7271119 ], [ -56.9586533, -29.7267289 ], [ -56.9582042, -29.725997 ], [ -56.9580592, -29.72491680000001 ], [ -56.9573817, -29.7238299 ], [ -56.9572921, -29.7230801 ], [ -56.9575693, -29.7223126 ], [ -56.9573657, -29.721009 ], [ -56.9580627, -29.7193425 ], [ -56.9584679, -29.717692 ], [ -56.9589637, -29.7170041 ], [ -56.9579931, -29.7166721 ], [ -56.9576982, -29.7164029 ], [ -56.9577703, -29.7149329 ], [ -56.9568732, -29.7143799 ], [ -56.9563273, -29.7134798 ], [ -56.9545159, -29.7128189 ], [ -56.9545295, -29.7120593 ], [ -56.9547337, -29.711782399999986 ], [ -56.955577, -29.7115754 ], [ -56.9558361, -29.7112741 ], [ -56.9560514, -29.710430400000011 ], [ -56.9570336, -29.7099108 ], [ -56.9588976, -29.7102037 ], [ -56.959968, -29.7096859 ], [ -56.9614054, -29.7085043 ], [ -56.9614681, -29.7077721 ], [ -56.9613127, -29.7070971 ], [ -56.9614608, -29.7066915 ], [ -56.961146, -29.7058107 ], [ -56.9593352, -29.7032967 ], [ -56.9593071, -29.7029617 ], [ -56.96001, -29.7018388 ], [ -56.9603492, -29.7005967 ], [ -56.9610982, -29.7005873 ], [ -56.9614364, -29.700268 ], [ -56.9618289, -29.6987933 ], [ -56.9623985, -29.698848 ], [ -56.9634881, -29.698600499999984 ], [ -56.9641509, -29.6980221 ], [ -56.9641274, -29.6962607 ], [ -56.9632231, -29.6949614 ], [ -56.9631981, -29.6947071 ], [ -56.9638602, -29.6943226 ], [ -56.9646954, -29.693297 ], [ -56.9648312, -29.6916643 ], [ -56.9652047, -29.6906271 ], [ -56.9662845, -29.6898558 ], [ -56.9669141, -29.6898993 ], [ -56.9672936, -29.6897633 ], [ -56.9672671, -29.6893187 ], [ -56.9670132, -29.688887 ], [ -56.9673443, -29.6881961 ], [ -56.9675714, -29.6880966 ], [ -56.9675714, -29.6867077 ], [ -56.9674133, -29.6865788 ], [ -56.9674018, -29.6862552 ], [ -56.9685952, -29.684967399999987 ], [ -56.9689061, -29.6843435 ], [ -56.9689259, -29.6838705 ], [ -56.9686539, -29.683031 ], [ -56.9683002, -29.6825514 ], [ -56.9678372, -29.682297499999986 ], [ -56.9661115, -29.6821974 ], [ -56.9656774, -29.681575 ], [ -56.9653852, -29.6806392 ], [ -56.9652032, -29.6788292 ], [ -56.9655352, -29.6784834 ], [ -56.965578, -29.6781241 ], [ -56.9651651, -29.6776536 ], [ -56.9651039, -29.6773603 ], [ -56.9655574, -29.676288600000014 ], [ -56.9649755, -29.6751167 ], [ -56.964085, -29.6741506 ], [ -56.9644772, -29.6728457 ], [ -56.9637864, -29.6721781 ], [ -56.9635055, -29.6713224 ], [ -56.9641453, -29.66959 ], [ -56.9637433, -29.669251 ], [ -56.9628491, -29.6692077 ], [ -56.9628488, -29.6685062 ], [ -56.9631937, -29.6678717 ], [ -56.9641578, -29.6671072 ], [ -56.9643806, -29.6664605 ], [ -56.9650713, -29.6661522 ], [ -56.965091, -29.6648855 ], [ -56.9653242, -29.6640261 ], [ -56.9648474, -29.6625422 ], [ -56.9653245, -29.6616648 ], [ -56.965349, -29.6600411 ], [ -56.9657595, -29.6593127 ], [ -56.9672675, -29.6591711 ], [ -56.9675276, -29.6589681 ], [ -56.9678283, -29.65764 ], [ -56.9670754, -29.6560103 ], [ -56.9672814, -29.6553174 ], [ -56.9675867, -29.6550827 ], [ -56.9693697, -29.654925599999988 ], [ -56.9696586, -29.6543209 ], [ -56.9716143, -29.652996 ], [ -56.9717491, -29.6524842 ], [ -56.9716827, -29.6513034 ], [ -56.9703947, -29.6489263 ], [ -56.970607, -29.6485551 ], [ -56.9713421, -29.6480772 ], [ -56.971679, -29.6476737 ], [ -56.9719162, -29.6468177 ], [ -56.9716799, -29.6457487 ], [ -56.9713501, -29.6454077 ], [ -56.9704232, -29.644982399999989 ], [ -56.9696073, -29.6439889 ], [ -56.9682165, -29.6432954 ], [ -56.9679454, -29.6430238 ], [ -56.9679094, -29.6426834 ], [ -56.9686418, -29.6409223 ], [ -56.968842550124343, -29.639678358628686 ], [ -56.96847772168195, -29.639076871451493 ], [ -56.9673679, -29.6386922 ], [ -56.9664776, -29.6386797 ], [ -56.9653224, -29.6396219 ], [ -56.965136, -29.6395831 ], [ -56.9650025, -29.6388203 ], [ -56.9637463, -29.6357256 ], [ -56.9636374, -29.6344374 ], [ -56.9631697, -29.6334345 ], [ -56.9635699, -29.6310375 ], [ -56.9632407, -29.6301558 ], [ -56.9636349, -29.6295426 ], [ -56.9638461, -29.6288208 ], [ -56.9637701, -29.6282394 ], [ -56.964227, -29.6274046 ], [ -56.9641807, -29.626862 ], [ -56.9637135, -29.6258524 ], [ -56.9638213, -29.6246174 ], [ -56.9652203, -29.6241043 ], [ -56.9653172, -29.6237503 ], [ -56.9651796, -29.6229804 ], [ -56.9660572, -29.6227246 ], [ -56.9664387, -29.6224334 ], [ -56.9673709, -29.6204729 ], [ -56.9688701, -29.6188564 ], [ -56.9692047, -29.6181407 ], [ -56.9690287, -29.6169093 ], [ -56.9694014, -29.6157722 ], [ -56.9692096, -29.6156276 ], [ -56.9658, -29.6149638 ], [ -56.9664216, -29.6144366 ], [ -56.9664079, -29.612967599999987 ], [ -56.9660687, -29.6126324 ], [ -56.9648847, -29.6123676 ], [ -56.9644794, -29.6102586 ], [ -56.9641293, -29.6098386 ], [ -56.9635982, -29.6098058 ], [ -56.9628861, -29.6101527 ], [ -56.962378, -29.6106651 ], [ -56.9620278, -29.611473900000014 ], [ -56.9620761, -29.6121036 ], [ -56.9625212, -29.6127743 ], [ -56.9626385, -29.6140583 ], [ -56.9635406, -29.6150632 ], [ -56.963575, -29.6152704 ], [ -56.9632917, -29.615773 ], [ -56.9624013, -29.616239399999987 ], [ -56.9612983, -29.6171595 ], [ -56.9598754, -29.6159873 ], [ -56.9597316, -29.6140797 ], [ -56.9588085, -29.6132743 ], [ -56.9584946, -29.6127473 ], [ -56.9583384, -29.611581 ], [ -56.9575168, -29.6096657 ], [ -56.9568481, -29.6096544 ], [ -56.9560372, -29.6091051 ], [ -56.9557227, -29.6087043 ], [ -56.9550644, -29.6084002 ], [ -56.9539204, -29.608582 ], [ -56.9533144, -29.6083728 ], [ -56.9515553, -29.6085621 ], [ -56.9512866, -29.608299700000011 ], [ -56.9510329, -29.6076624 ], [ -56.9501457, -29.6072042 ], [ -56.9490377, -29.6059239 ], [ -56.9479911, -29.6058916 ], [ -56.9471055, -29.6061047 ], [ -56.946022, -29.6058996 ], [ -56.9448625, -29.6063625 ], [ -56.9438758, -29.6064831 ], [ -56.9434624, -29.6068518 ], [ -56.9433048, -29.6082974 ], [ -56.9422574, -29.6090767 ], [ -56.9403738, -29.6089602 ], [ -56.9394457, -29.6092832 ], [ -56.9390175, -29.609696199999988 ], [ -56.9386292, -29.609749 ], [ -56.9373753, -29.6092684 ], [ -56.935749, -29.609177599999985 ], [ -56.9349436, -29.6089583 ], [ -56.9331517, -29.6092011 ], [ -56.9321345, -29.6091212 ], [ -56.9309608, -29.6085152 ], [ -56.9304102, -29.6078924 ], [ -56.9282678, -29.6074292 ], [ -56.9271494, -29.606266 ], [ -56.925899, -29.6059711 ], [ -56.9249343, -29.6045875 ], [ -56.9240354, -29.6042507 ], [ -56.9233071, -29.6042908 ], [ -56.923222, -29.6046614 ], [ -56.9226939, -29.604854 ], [ -56.921341, -29.6057818 ], [ -56.9207433, -29.6059729 ], [ -56.9198978, -29.606636299999984 ], [ -56.9195574, -29.6065796 ], [ -56.9184939, -29.6057409 ], [ -56.9180545, -29.6071101 ], [ -56.9173225, -29.607865 ], [ -56.9171328, -29.6102086 ], [ -56.9175355, -29.6110533 ], [ -56.9173172, -29.611974 ], [ -56.9176143, -29.6124084 ], [ -56.9185654, -29.612633 ], [ -56.9191826, -29.6132447 ], [ -56.9192333, -29.613979399999984 ], [ -56.9190723, -29.614654 ], [ -56.9194504, -29.6154656 ], [ -56.919519, -29.6161171 ], [ -56.9195031, -29.6184253 ], [ -56.9192656, -29.6194729 ], [ -56.9201269, -29.6206933 ], [ -56.9207263, -29.6206938 ], [ -56.9212983, -29.6210642 ], [ -56.9218204, -29.6210951 ], [ -56.922745, -29.6205178 ], [ -56.9238035, -29.6195622 ], [ -56.9245772, -29.6195426 ], [ -56.9252173, -29.620140800000012 ], [ -56.9256177, -29.6209749 ], [ -56.9265099, -29.621582800000013 ], [ -56.9270685, -29.6216856 ], [ -56.9280269, -29.6215301 ], [ -56.9293838, -29.6226448 ], [ -56.9298518, -29.6246198 ], [ -56.9301841, -29.6249591 ], [ -56.9308208, -29.6250336 ], [ -56.9316422, -29.6249093 ], [ -56.9323605, -29.6258242 ], [ -56.9328718, -29.6261258 ], [ -56.9337513, -29.6260951 ], [ -56.9344043, -29.6257095 ], [ -56.9359852, -29.6259249 ], [ -56.936405, -29.6261981 ], [ -56.9366957, -29.6266405 ], [ -56.9362477, -29.6277151 ], [ -56.9361186, -29.6290599 ], [ -56.93546, -29.6298564 ], [ -56.9352229, -29.6307536 ], [ -56.9333293, -29.6306495 ], [ -56.9329149, -29.6309269 ], [ -56.9321049, -29.6319051 ], [ -56.931372, -29.6316639 ], [ -56.9310523, -29.6312623 ], [ -56.9298389, -29.630466 ], [ -56.9291137, -29.6294864 ], [ -56.9287919, -29.629274 ], [ -56.9285409, -29.6293189 ], [ -56.9280312, -29.6304294 ], [ -56.9270997, -29.6307711 ], [ -56.92706, -29.6312824 ], [ -56.9276763, -29.6318968 ], [ -56.9295967, -29.6323352 ], [ -56.9297159, -29.6327347 ], [ -56.9294355, -29.633002499999989 ], [ -56.9288312, -29.633233 ], [ -56.928682, -29.6339301 ], [ -56.9276484, -29.6344286 ], [ -56.926403, -29.6345591 ], [ -56.9259567, -29.6349606 ], [ -56.9247, -29.635379199999988 ], [ -56.9241296, -29.6360818 ], [ -56.9233657, -29.6363768 ], [ -56.9227072, -29.6358493 ], [ -56.9223873, -29.6350413 ], [ -56.9215021, -29.6345448 ], [ -56.9212417, -29.6340596 ], [ -56.9211108, -29.633254 ], [ -56.9203606, -29.6318784 ], [ -56.9199377, -29.6317145 ], [ -56.9189388, -29.6317141 ], [ -56.9179176, -29.6321407 ], [ -56.9173834, -29.6314995 ], [ -56.9159813, -29.6307068 ], [ -56.9159171, -29.6301819 ], [ -56.916125, -29.6294085 ], [ -56.9158459, -29.6289823 ], [ -56.9154285, -29.6287126 ], [ -56.9143477, -29.6285656 ], [ -56.9140447, -29.6283075 ], [ -56.9139548, -29.6266881 ], [ -56.9144623, -29.6261959 ], [ -56.9149492, -29.6239831 ], [ -56.9132061, -29.6223856 ], [ -56.9122265, -29.6206495 ], [ -56.9111889, -29.620096199999988 ], [ -56.9116918, -29.619334 ], [ -56.9117392, -29.6188827 ], [ -56.911225, -29.6175863 ], [ -56.9109468, -29.6161267 ], [ -56.911052, -29.6153742 ], [ -56.9094633, -29.614064 ], [ -56.9087965, -29.6138389 ], [ -56.9079263, -29.6132136 ], [ -56.9076261, -29.6121939 ], [ -56.9083116, -29.6113446 ], [ -56.9083701, -29.6108161 ], [ -56.9071607, -29.6095884 ], [ -56.9060007, -29.6090497 ], [ -56.906224, -29.6080414 ], [ -56.9066932, -29.6072556 ], [ -56.9061475, -29.60655 ], [ -56.9053151, -29.6064106 ], [ -56.9041716, -29.6064935 ], [ -56.9039886, -29.606748 ], [ -56.9038951, -29.607673 ], [ -56.903635, -29.6079784 ], [ -56.9031553, -29.6081062 ], [ -56.9023154, -29.6080781 ], [ -56.9018192, -29.6077546 ], [ -56.9015292, -29.6071335 ], [ -56.9017054, -29.6064082 ], [ -56.901642, -29.6059548 ], [ -56.9007042, -29.6052588 ], [ -56.9000706, -29.6044857 ], [ -56.8986995, -29.6045176 ], [ -56.8962959, -29.6052135 ], [ -56.8949558, -29.6040219 ], [ -56.8938856, -29.6038681 ], [ -56.8917728, -29.603160299999985 ], [ -56.8909732, -29.6032149 ], [ -56.8900466, -29.6036123 ], [ -56.8885081, -29.6037348 ], [ -56.8876828, -29.6040217 ], [ -56.8869583, -29.6046406 ], [ -56.8866178, -29.6047435 ], [ -56.886126, -29.6046927 ], [ -56.8856517, -29.6042949 ], [ -56.8847433, -29.604455 ], [ -56.8837286, -29.6042318 ], [ -56.8832403, -29.6043064 ], [ -56.8826812, -29.6046445 ], [ -56.8819674, -29.6040608 ], [ -56.8816438, -29.6040122 ], [ -56.8810062, -29.604839 ], [ -56.8805356, -29.606088 ], [ -56.880023, -29.6065925 ], [ -56.8797086, -29.6066785 ], [ -56.879383, -29.606605 ], [ -56.8791092, -29.606260499999987 ], [ -56.878491, -29.6059372 ], [ -56.8771521, -29.6060276 ], [ -56.8768797, -29.6054342 ], [ -56.8758009, -29.6045884 ], [ -56.8751411, -29.604633 ], [ -56.8742382, -29.6042554 ], [ -56.873515, -29.6043626 ], [ -56.8730148, -29.6042793 ], [ -56.8723254, -29.6049361 ], [ -56.8722328, -29.6056761 ], [ -56.8716463, -29.6068223 ], [ -56.8707046, -29.6079571 ], [ -56.870836, -29.6086468 ], [ -56.8706419, -29.609343499999984 ], [ -56.8706293, -29.6105436 ], [ -56.8708783, -29.6116113 ], [ -56.8705672, -29.612946699999988 ], [ -56.8701973, -29.6132863 ], [ -56.8697927, -29.6133747 ], [ -56.8693753, -29.6140975 ], [ -56.868767, -29.6143683 ], [ -56.8681607, -29.6158096 ], [ -56.868126, -29.6169858 ], [ -56.8677245, -29.617076 ], [ -56.8673445, -29.617397199999985 ], [ -56.8668698, -29.6190931 ], [ -56.8657741, -29.6193253 ], [ -56.8652257, -29.6202223 ], [ -56.864689, -29.6205157 ], [ -56.8629556, -29.6206203 ], [ -56.8626443, -29.62076 ], [ -56.862643, -29.6213397 ], [ -56.8636655, -29.622613 ], [ -56.8636497, -29.6229244 ], [ -56.8632458, -29.6233301 ], [ -56.8626821, -29.6235843 ], [ -56.8616226, -29.6235799 ], [ -56.8601413, -29.6226555 ], [ -56.8594302, -29.6237669 ], [ -56.8587909, -29.6242947 ], [ -56.8585395, -29.6254926 ], [ -56.8571634, -29.6255758 ], [ -56.8565143, -29.6251672 ], [ -56.8557126, -29.6255305 ], [ -56.8548016, -29.6256738 ], [ -56.854564, -29.6258676 ], [ -56.8545149, -29.6261525 ], [ -56.8542371, -29.6261525 ], [ -56.8530287, -29.6246291 ], [ -56.8524688, -29.6246661 ], [ -56.8518479, -29.6243152 ], [ -56.8507699, -29.6245912 ], [ -56.8499297, -29.62544 ], [ -56.8496981, -29.6259928 ], [ -56.849402, -29.6260853 ], [ -56.8487796, -29.6255321 ], [ -56.8482248, -29.6245404 ], [ -56.8471046, -29.6239784 ], [ -56.8459037, -29.623930399999985 ], [ -56.8464154, -29.625116 ], [ -56.845299, -29.6263132 ], [ -56.8443463, -29.6263594 ], [ -56.8438172, -29.6260461 ], [ -56.8435828, -29.6254825 ], [ -56.8433918, -29.6253682 ], [ -56.8420391, -29.6256316 ], [ -56.8418319, -29.6257678 ], [ -56.8416669, -29.6265508 ], [ -56.8414196, -29.62686170000001 ], [ -56.8407956, -29.627178100000013 ], [ -56.83984, -29.6273938 ], [ -56.8390364, -29.6286299 ], [ -56.8381024, -29.6287113 ], [ -56.8371697, -29.6291939 ], [ -56.8353663, -29.6291764 ], [ -56.8343075, -29.62871710000001 ], [ -56.8333266, -29.6285933 ], [ -56.8329157, -29.6283198 ], [ -56.8320858, -29.6273403 ], [ -56.8313009, -29.6274218 ], [ -56.830092, -29.6272165 ], [ -56.8294052, -29.6268297 ], [ -56.8285676, -29.6277243 ], [ -56.827406, -29.6279087 ], [ -56.825515, -29.6288477 ], [ -56.8242317, -29.6291719 ], [ -56.8237276, -29.6290857 ], [ -56.8224663, -29.6278883 ], [ -56.8216494, -29.6276198 ], [ -56.8212496, -29.62801 ], [ -56.8200703, -29.6283749 ], [ -56.8205178, -29.629433600000013 ], [ -56.8197141, -29.630719 ], [ -56.8182163, -29.6321448 ], [ -56.8182316, -29.6324616 ], [ -56.818817, -29.6329194 ], [ -56.8188794, -29.6331559 ], [ -56.8185083, -29.6335451 ], [ -56.8183327, -29.6343278 ], [ -56.8176586, -29.6351287 ], [ -56.8175812, -29.6354225 ], [ -56.8176251, -29.6357282 ], [ -56.8178901, -29.6360169 ], [ -56.8188202, -29.6364684 ], [ -56.819062, -29.6373648 ], [ -56.8193846, -29.6376709 ], [ -56.8191946, -29.6386898 ], [ -56.8187467, -29.6393587 ], [ -56.8187061, -29.6397455 ], [ -56.8193397, -29.6410734 ], [ -56.8200144, -29.6416609 ], [ -56.8200312, -29.64204320000001 ], [ -56.8196206, -29.643264 ], [ -56.8202512, -29.6438125 ], [ -56.8206154, -29.6447117 ], [ -56.8203656, -29.645412 ], [ -56.8194042, -29.6460704 ], [ -56.8191246, -29.6460884 ], [ -56.8187784, -29.6458115 ], [ -56.8182702, -29.644784 ], [ -56.81774, -29.6445472 ], [ -56.8171212, -29.6448322 ], [ -56.8160105, -29.6456817 ], [ -56.815496, -29.6463327 ], [ -56.8147351, -29.6468693 ], [ -56.8142292, -29.6469529 ], [ -56.8138154, -29.6466634 ], [ -56.8138932, -29.6460859 ], [ -56.813588, -29.6456779 ], [ -56.8127321, -29.645134599999988 ], [ -56.8116692, -29.6449755 ], [ -56.8110575, -29.6445842 ], [ -56.8096755, -29.6441689 ], [ -56.8090042, -29.643378 ], [ -56.8081993, -29.6442581 ], [ -56.8083893, -29.6447344 ], [ -56.8084076, -29.645615599999989 ], [ -56.8079032, -29.6463542 ], [ -56.8081164, -29.6471194 ], [ -56.8080674, -29.6479465 ], [ -56.8074386, -29.6488305 ], [ -56.8065923, -29.6493346 ], [ -56.8066912, -29.6500173 ], [ -56.8064838, -29.650835399999984 ], [ -56.8065992, -29.6515784 ], [ -56.8055575, -29.6517687 ], [ -56.8051375, -29.6520376 ], [ -56.8048501, -29.6524035 ], [ -56.8045294, -29.6534208 ], [ -56.8045771, -29.6540492 ], [ -56.8050432, -29.6548058 ], [ -56.8051266, -29.6568418 ], [ -56.8054439, -29.657467600000011 ], [ -56.8064219, -29.6583144 ], [ -56.8063759, -29.6587577 ], [ -56.8059235, -29.659353 ], [ -56.8059407, -29.6614726 ], [ -56.806418, -29.6625034 ], [ -56.8065889, -29.6638756 ], [ -56.8074756, -29.6648396 ], [ -56.8080558, -29.6660085 ], [ -56.8073428, -29.6674117 ], [ -56.8074134, -29.6679936 ], [ -56.8082921, -29.6684611 ], [ -56.8092887, -29.6693529 ], [ -56.8099502, -29.669583 ], [ -56.8107515, -29.6702275 ], [ -56.8119315, -29.670185199999988 ], [ -56.8119775, -29.6709834 ], [ -56.8114549, -29.6716905 ], [ -56.811524, -29.6720947 ], [ -56.8117814, -29.6724097 ], [ -56.8132446, -29.6728614 ], [ -56.8141562, -29.6735564 ], [ -56.8149534, -29.6735051 ], [ -56.8148905, -29.6742608 ], [ -56.8152849, -29.6748544 ], [ -56.8155527, -29.6760612 ], [ -56.8152363, -29.6766869 ], [ -56.8149069, -29.676934 ], [ -56.8145069, -29.6770078 ], [ -56.8153775, -29.6774413 ], [ -56.8158123, -29.6782046 ], [ -56.8155148, -29.6785547 ], [ -56.8149399, -29.6787628 ], [ -56.8147876, -29.67925330000001 ], [ -56.8148223, -29.6816594 ], [ -56.8155625, -29.6824191 ], [ -56.8156162, -29.6837841 ], [ -56.8150141, -29.6867405 ], [ -56.8145925, -29.6871442 ], [ -56.814274, -29.687757 ], [ -56.8144425, -29.6886878 ], [ -56.8142372, -29.6892083 ], [ -56.8132921, -29.6890019 ], [ -56.8123767, -29.6894178 ], [ -56.8115944, -29.6893376 ], [ -56.8113077, -29.6896406 ], [ -56.8107333, -29.6898474 ], [ -56.810366, -29.690364 ], [ -56.8105254, -29.6915666 ], [ -56.8093653, -29.6915234 ], [ -56.8088144, -29.6921463 ], [ -56.8077549, -29.6925995 ], [ -56.8070553, -29.6932218 ], [ -56.8068062, -29.6935306 ], [ -56.8066284, -29.6944 ], [ -56.8060339, -29.6948669 ], [ -56.8057232, -29.6953963 ], [ -56.8055647, -29.696281 ], [ -56.8053581, -29.6965309 ], [ -56.8038455, -29.6970279 ], [ -56.8026598, -29.6977645 ], [ -56.801135, -29.698098599999987 ], [ -56.800952, -29.6984337 ], [ -56.800921, -29.6993616 ], [ -56.8011633, -29.7005537 ], [ -56.8008346, -29.7015634 ], [ -56.8001789, -29.7023749 ], [ -56.8003829, -29.7036996 ], [ -56.8006748, -29.7040756 ], [ -56.8013685, -29.7043727 ], [ -56.801843, -29.7052357 ], [ -56.8024796, -29.705767299999987 ], [ -56.802714, -29.7071504 ], [ -56.8039239, -29.7074773 ], [ -56.804195, -29.708004099999989 ], [ -56.80424, -29.7086645 ], [ -56.8035596, -29.7094511 ], [ -56.8020482, -29.7094982 ], [ -56.8017405, -29.709688699999987 ], [ -56.8017841, -29.7120271 ], [ -56.8030393, -29.7131794 ], [ -56.8031177, -29.7138848 ], [ -56.802866, -29.714306199999989 ], [ -56.8021157, -29.7148424 ], [ -56.8017372, -29.7161528 ], [ -56.800709, -29.7170518 ], [ -56.8002583, -29.7183127 ], [ -56.7997928, -29.7186528 ], [ -56.7999334, -29.7191104 ], [ -56.799559, -29.719712899999983 ], [ -56.7994428, -29.7209981 ], [ -56.7989994, -29.7216633 ], [ -56.7989603, -29.7225974 ], [ -56.7993108, -29.7240552 ], [ -56.7996794, -29.7246023 ], [ -56.7995667, -29.7253825 ], [ -56.8000706, -29.7258751 ], [ -56.8002972, -29.7267792 ], [ -56.7989979, -29.7299997 ], [ -56.7989276, -29.7313825 ], [ -56.7987364, -29.7319882 ], [ -56.7989262, -29.7325777 ], [ -56.7989688, -29.7336759 ], [ -56.79792, -29.734091 ], [ -56.7978484, -29.7350049 ], [ -56.7980288, -29.7359998 ], [ -56.7962113, -29.7378451 ], [ -56.796271, -29.7382882 ], [ -56.7969432, -29.7390858 ], [ -56.797377, -29.7407162 ], [ -56.798845, -29.7415298 ], [ -56.7991337, -29.7420338 ], [ -56.7988403, -29.7429337 ], [ -56.7989473, -29.7433059 ], [ -56.7983608, -29.7440816 ], [ -56.7966516, -29.744544 ], [ -56.7960602, -29.7449456 ], [ -56.7954638, -29.745133 ], [ -56.7945611, -29.7457266 ], [ -56.7941045, -29.7463282 ], [ -56.7930979, -29.7471052 ], [ -56.7924233, -29.7471085 ], [ -56.7914892, -29.749082 ], [ -56.7914286, -29.7501628 ], [ -56.7909021, -29.751342799999986 ], [ -56.791702, -29.751806099999989 ], [ -56.7922488, -29.7526515 ], [ -56.7922728, -29.753214 ], [ -56.7920111, -29.7536374 ], [ -56.792053, -29.7544042 ], [ -56.792732, -29.7545277 ], [ -56.7930579, -29.7547535 ], [ -56.7939596, -29.754764 ], [ -56.7934521, -29.7569904 ], [ -56.7937718, -29.7580222 ], [ -56.7941595, -29.7583171 ], [ -56.7954774, -29.7584928 ], [ -56.7957236, -29.7590389 ], [ -56.7963071, -29.7596654 ], [ -56.7974647, -29.7601312 ], [ -56.7980029, -29.7606475 ], [ -56.7978901, -29.7620306 ], [ -56.7985473, -29.7626463 ], [ -56.7986285, -29.7628937 ], [ -56.7981472, -29.7640599 ], [ -56.7981264, -29.7658751 ], [ -56.797599, -29.7662405 ], [ -56.7973456, -29.7666301 ], [ -56.7975529, -29.767404399999986 ], [ -56.7975673, -29.769246499999984 ], [ -56.7974656, -29.7696827 ], [ -56.7970519, -29.7702793 ], [ -56.7970716, -29.7712781 ], [ -56.7979235, -29.77249 ], [ -56.798682, -29.7728196 ], [ -56.7981264, -29.7739307 ], [ -56.799348, -29.7742494 ], [ -56.7997437, -29.7746312 ], [ -56.7997938, -29.7753658 ], [ -56.7995401, -29.7762004 ], [ -56.7995506, -29.776751 ], [ -56.8001395, -29.7785058 ], [ -56.8005616, -29.7790834 ], [ -56.8006325, -29.7800971 ], [ -56.8009065, -29.7804342 ], [ -56.8013173, -29.7805901 ], [ -56.8021576, -29.7805824 ], [ -56.8038867, -29.7800887 ], [ -56.8045022, -29.7800729 ], [ -56.8049339, -29.7803471 ], [ -56.8051973, -29.7807723 ], [ -56.805817, -29.7810995 ], [ -56.8075553, -29.7811924 ], [ -56.8085976, -29.7816478 ], [ -56.809443, -29.7815534 ], [ -56.810071, -29.7817084 ], [ -56.810224, -29.782218 ], [ -56.811682, -29.7840672 ], [ -56.8119735, -29.7847177 ], [ -56.8121129, -29.785798 ], [ -56.8131265, -29.7869862 ], [ -56.8149036, -29.7875873 ], [ -56.8158297, -29.7883223 ], [ -56.8166041, -29.788356499999988 ], [ -56.8174109, -29.788169499999988 ], [ -56.8186821, -29.7886528 ], [ -56.8187098, -29.7889229 ], [ -56.8192377, -29.7889306 ], [ -56.8193346, -29.7896577 ], [ -56.8199769, -29.7904004 ], [ -56.820244, -29.7912586 ], [ -56.820076, -29.792122200000012 ], [ -56.820222, -29.7929865 ], [ -56.8200697, -29.7934367 ], [ -56.8203984, -29.7948005 ], [ -56.8210798, -29.7954005 ], [ -56.8227082, -29.7979923 ], [ -56.8239985, -29.798592899999989 ], [ -56.8248739, -29.7983186 ], [ -56.8255414, -29.7978818 ], [ -56.8259916, -29.7978735 ], [ -56.8271836, -29.7981794 ], [ -56.8282437, -29.7988378 ], [ -56.8296834, -29.7992953 ], [ -56.8306267, -29.8000417 ], [ -56.8306346, -29.8013118 ], [ -56.8309045, -29.8017084 ], [ -56.8320207, -29.8019405 ], [ -56.832736, -29.8018241 ], [ -56.8337193, -29.8021959 ], [ -56.8347244, -29.8015456 ], [ -56.836905, -29.8023505 ], [ -56.8390951, -29.8036356 ], [ -56.8395157, -29.8036528 ], [ -56.8398767, -29.803200199999988 ], [ -56.8402544, -29.8031258 ], [ -56.8426547, -29.8037084 ], [ -56.8430584, -29.8039845 ], [ -56.843707, -29.8049296 ], [ -56.8445621, -29.8057457 ], [ -56.8460973, -29.8063795 ], [ -56.8475713, -29.8064305 ], [ -56.8485809, -29.8052391 ], [ -56.8487812, -29.8042863 ], [ -56.8494445, -29.8034368 ], [ -56.8511003, -29.8033724 ], [ -56.852063, -29.8035883 ], [ -56.8525295, -29.8034754 ], [ -56.8525519, -29.8023615 ], [ -56.8520157, -29.8017083 ], [ -56.8533987, -29.8013829 ], [ -56.8539356, -29.8009511 ], [ -56.8546048, -29.8011026 ], [ -56.8551851, -29.8009962 ], [ -56.8560761, -29.8010698 ], [ -56.857801, -29.7999094 ], [ -56.8585193, -29.7990219 ], [ -56.8596955, -29.7991093 ], [ -56.8610189, -29.798467 ], [ -56.8619003, -29.7982839 ], [ -56.8622259, -29.7980437 ], [ -56.8634072, -29.7967261 ], [ -56.8626307, -29.7957322 ], [ -56.862294, -29.7944361 ], [ -56.862387, -29.7940104 ], [ -56.8632674, -29.7929684 ], [ -56.863193, -29.7924707 ], [ -56.8634557, -29.791390599999986 ], [ -56.8639002, -29.7911669 ], [ -56.8647768, -29.7912822 ], [ -56.865023, -29.7909738 ], [ -56.8650713, -29.7903193 ] ] ] } },
{ "type": "Feature", "properties": { "wts_pk": 133660, "codigo_otto": "82565", "nivel_otto_declarado": 5, "area_m2_bho": 15.807122222520848, "nivel_otto": 5 }, "geometry": { "type": "Polygon", "coordinates": [ [ [ -56.7450702, -29.7072641 ], [ -56.744382, -29.7074166 ], [ -56.7438436, -29.7080061 ], [ -56.742958, -29.7081846 ], [ -56.7419243, -29.7087134 ], [ -56.7415915, -29.7094446 ], [ -56.7407126, -29.7099255 ], [ -56.7401336, -29.7107408 ], [ -56.7398302, -29.7116613 ], [ -56.7399356, -29.7132487 ], [ -56.7384508, -29.7135064 ], [ -56.738166, -29.7137855 ], [ -56.7378928, -29.7144811 ], [ -56.7384983, -29.7157053 ], [ -56.7388723, -29.716046 ], [ -56.7390219, -29.7175712 ], [ -56.739435, -29.7180383 ], [ -56.739248, -29.7198974 ], [ -56.7397531, -29.7216766 ], [ -56.7397925, -29.7225419 ], [ -56.7404233, -29.7226166 ], [ -56.7413807, -29.7230397 ], [ -56.7423683, -29.7231574 ], [ -56.7433336, -29.7235887 ], [ -56.7443167, -29.7237107 ], [ -56.7447062, -29.7240022 ], [ -56.7453, -29.7250403 ], [ -56.7450026, -29.7260007 ], [ -56.7445523, -29.7266691 ], [ -56.7445468, -29.7281408 ], [ -56.7458107, -29.7295599 ], [ -56.746197, -29.7305999 ], [ -56.7471715, -29.7295989 ], [ -56.7477774, -29.7292687 ], [ -56.7472887, -29.7280622 ], [ -56.7473223, -29.7272125 ], [ -56.7476046, -29.7266447 ], [ -56.7482592, -29.7261121 ], [ -56.7487372, -29.7254564 ], [ -56.7493596, -29.7251967 ], [ -56.749724, -29.7245561 ], [ -56.7505468, -29.7242563 ], [ -56.7518363, -29.7240491 ], [ -56.7527671, -29.7247138 ], [ -56.7543186, -29.7247198 ], [ -56.7552697, -29.7243324 ], [ -56.7563573, -29.7226156 ], [ -56.7572711, -29.7228247 ], [ -56.7585566, -29.7227205 ], [ -56.7590193, -29.7215661 ], [ -56.7593445, -29.7212272 ], [ -56.7604188, -29.7211861 ], [ -56.7612602, -29.7216871 ], [ -56.7622145, -29.7209844 ], [ -56.762432, -29.7196174 ], [ -56.7633986, -29.719302299999985 ], [ -56.7640093, -29.7182299 ], [ -56.7652363, -29.7180089 ], [ -56.7658029, -29.7177399 ], [ -56.7665666, -29.7170711 ], [ -56.7676383, -29.7166349 ], [ -56.7679179, -29.7157456 ], [ -56.7682264, -29.715419 ], [ -56.7691943, -29.7155773 ], [ -56.7696899, -29.7154475 ], [ -56.7695574, -29.7145941 ], [ -56.7697741, -29.71342180000001 ], [ -56.7692423, -29.7118339 ], [ -56.7692034, -29.7099953 ], [ -56.7685506, -29.7089609 ], [ -56.7676442, -29.708223099999984 ], [ -56.7672963, -29.7074183 ], [ -56.7673137, -29.7064702 ], [ -56.767728, -29.7049266 ], [ -56.767647, -29.7044243 ], [ -56.7685934, -29.7035786 ], [ -56.7689082, -29.702894 ], [ -56.7686172, -29.7018575 ], [ -56.7678671, -29.7008381 ], [ -56.7678584, -29.6998903 ], [ -56.7680538, -29.6992012 ], [ -56.7679569, -29.6987598 ], [ -56.7681636, -29.6984972 ], [ -56.7710101, -29.6970705 ], [ -56.7728, -29.6965778 ], [ -56.7736185, -29.695455 ], [ -56.7739592, -29.6942085 ], [ -56.7749451, -29.6941283 ], [ -56.7765479, -29.6933103 ], [ -56.7769567, -29.692885 ], [ -56.7780582, -29.6926488 ], [ -56.7789751, -29.6933778 ], [ -56.7805355, -29.6923235 ], [ -56.78184, -29.6925431 ], [ -56.7827158, -29.6924436 ], [ -56.7830683, -29.691843 ], [ -56.7832208, -29.6907714 ], [ -56.7844713, -29.6900808 ], [ -56.7844955, -29.6892562 ], [ -56.784237, -29.6884211 ], [ -56.7843164, -29.6877093 ], [ -56.7849879, -29.6871998 ], [ -56.7856921, -29.6862053 ], [ -56.7862938, -29.6856862 ], [ -56.7876451, -29.6855381 ], [ -56.7884956, -29.6852666 ], [ -56.7926845, -29.6834878 ], [ -56.7932379, -29.6835683 ], [ -56.7946264, -29.6832083 ], [ -56.7953444, -29.6836038 ], [ -56.7962157, -29.6834881 ], [ -56.7966284, -29.6836526 ], [ -56.798355, -29.6831137 ], [ -56.798816, -29.6832106 ], [ -56.7991429, -29.6835328 ], [ -56.8004419, -29.6830447 ], [ -56.8019122, -29.6813175 ], [ -56.8012447, -29.6802466 ], [ -56.8018654, -29.6779137 ], [ -56.8023498, -29.6776548 ], [ -56.8029589, -29.6777289 ], [ -56.8037924, -29.677382 ], [ -56.8046169, -29.6777384 ], [ -56.8052731, -29.6773365 ], [ -56.806058, -29.6771687 ], [ -56.8072055, -29.6764838 ], [ -56.8089577, -29.6763929 ], [ -56.8097927, -29.6761528 ], [ -56.8097871, -29.675681 ], [ -56.8095274, -29.6755343 ], [ -56.8095149, -29.6750416 ], [ -56.8082453, -29.6752181 ], [ -56.8061196, -29.6746839 ], [ -56.805713, -29.6743078 ], [ -56.8049571, -29.674407599999988 ], [ -56.8040678, -29.6741286 ], [ -56.8035028, -29.6735754 ], [ -56.8032613, -29.6723766 ], [ -56.8021195, -29.6719033 ], [ -56.8002321, -29.6700602 ], [ -56.7995161, -29.6697683 ], [ -56.799237, -29.6697639 ], [ -56.7987778, -29.6703946 ], [ -56.7986462, -29.6714821 ], [ -56.7983129, -29.6721921 ], [ -56.7980117, -29.6724515 ], [ -56.7973423, -29.6726749 ], [ -56.7968242, -29.6731716 ], [ -56.7965397, -29.6737922 ], [ -56.7965925, -29.6743518 ], [ -56.7959596, -29.6746193 ], [ -56.7954837, -29.6750832 ], [ -56.7952622, -29.6760004 ], [ -56.7946724, -29.6756317 ], [ -56.7931554, -29.675637199999986 ], [ -56.7926981, -29.6760322 ], [ -56.7920661, -29.6762857 ], [ -56.7910687, -29.6771748 ], [ -56.7892571, -29.6773088 ], [ -56.7883129, -29.677780799999983 ], [ -56.7874288, -29.6775727 ], [ -56.7854604, -29.6774227 ], [ -56.784829, -29.6770657 ], [ -56.783796, -29.677173599999989 ], [ -56.7821471, -29.6757705 ], [ -56.781595, -29.6748763 ], [ -56.7801533, -29.6746055 ], [ -56.7794191, -29.6731608 ], [ -56.7787928, -29.6726074 ], [ -56.7784863, -29.6726919 ], [ -56.7778115, -29.6738068 ], [ -56.7771907, -29.6741285 ], [ -56.7756515, -29.6742579 ], [ -56.7748329, -29.6744773 ], [ -56.7743211, -29.6743371 ], [ -56.7736813, -29.6728196 ], [ -56.7723851, -29.6730658 ], [ -56.7706015, -29.6725695 ], [ -56.7698166, -29.6726462 ], [ -56.7693551, -29.6729132 ], [ -56.7692557, -29.6731353 ], [ -56.7692619, -29.6738874 ], [ -56.7694628, -29.6744953 ], [ -56.769256, -29.6748735 ], [ -56.768519, -29.6752403 ], [ -56.7677079, -29.6751718 ], [ -56.7674195, -29.6757489 ], [ -56.7667913, -29.6760087 ], [ -56.7646161, -29.6778999 ], [ -56.7644432, -29.6790528 ], [ -56.7637334, -29.6801763 ], [ -56.7631866, -29.6815737 ], [ -56.7633892, -29.683053 ], [ -56.762848, -29.6839307 ], [ -56.7599531, -29.6834457 ], [ -56.75873, -29.68378 ], [ -56.7572175, -29.6852641 ], [ -56.7568972, -29.6854891 ], [ -56.7565533, -29.6854643 ], [ -56.7559035, -29.686153 ], [ -56.7550331, -29.6862124 ], [ -56.7539189, -29.6866474 ], [ -56.7532746, -29.6859945 ], [ -56.7530089, -29.6859452 ], [ -56.7518914, -29.6862668 ], [ -56.7516816, -29.687017 ], [ -56.7514326, -29.6872226 ], [ -56.7493687, -29.6872901 ], [ -56.7480668, -29.687546199999986 ], [ -56.7468944, -29.6872664 ], [ -56.7464847, -29.6875915 ], [ -56.7464441, -29.6880285 ], [ -56.7461812, -29.688097499999987 ], [ -56.7461819, -29.6896208 ], [ -56.7463434, -29.6904358 ], [ -56.7462571, -29.6909505 ], [ -56.7466289, -29.6916012 ], [ -56.7463679, -29.6919053 ], [ -56.7451439, -29.6925992 ], [ -56.7437819, -29.6940107 ], [ -56.7436097, -29.6948866 ], [ -56.743154, -29.6958931 ], [ -56.74344, -29.6973085 ], [ -56.7440449, -29.6982146 ], [ -56.7450121, -29.6985137 ], [ -56.7454768, -29.699384399999982 ], [ -56.7460017, -29.6996864 ], [ -56.7483892, -29.6997954 ], [ -56.749144, -29.7001154 ], [ -56.7499727, -29.7009524 ], [ -56.750402, -29.7021288 ], [ -56.7509051, -29.7028367 ], [ -56.7502233, -29.7038351 ], [ -56.749593, -29.7039413 ], [ -56.7477655, -29.703876 ], [ -56.7465553, -29.7029485 ], [ -56.7453558, -29.7041546 ], [ -56.7455561, -29.7049443 ], [ -56.7450884, -29.7058276 ], [ -56.7450702, -29.7072641 ] ] ] } },
{ "type": "Feature", "properties": { "wts_pk": 133658, "codigo_otto": "82563", "nivel_otto_declarado": 5, "area_m2_bho": 0.245010278849004, "nivel_otto": 5 }, "geometry": { "type": "Polygon", "coordinates": [ [ [ -56.8095158, -29.6754906 ], [ -56.8097801, -29.6756601 ], [ -56.8097927, -29.6761528 ], [ -56.8114734, -29.6761804 ], [ -56.8134736, -29.6769694 ], [ -56.8149069, -29.676934 ], [ -56.8152757, -29.676644 ], [ -56.8155527, -29.6760612 ], [ -56.8152849, -29.6748544 ], [ -56.8148905, -29.6742608 ], [ -56.8149221, -29.673472 ], [ -56.8141562, -29.6735564 ], [ -56.8132446, -29.6728614 ], [ -56.8118505, -29.6724521 ], [ -56.811524, -29.6720947 ], [ -56.8114593, -29.6717083 ], [ -56.810374, -29.6711943 ], [ -56.8098786, -29.6714894 ], [ -56.8095433, -29.672210399999983 ], [ -56.8095338, -29.6730517 ], [ -56.8097961, -29.6741633 ], [ -56.8095158, -29.6754906 ] ] ] } },
{ "type": "Feature", "properties": { "wts_pk": 133588, "codigo_otto": "82462", "nivel_otto_declarado": 5, "area_m2_bho": 107.89339064407513, "nivel_otto": 5 }, "geometry": { "type": "Polygon", "coordinates": [ [ [ -56.5432553, -30.1338038 ], [ -56.5445177, -30.1344754 ], [ -56.545194, -30.133971 ], [ -56.5459045, -30.133932 ], [ -56.5454755, -30.1333243 ], [ -56.5455724, -30.1324866 ], [ -56.5451236, -30.1317082 ], [ -56.54615, -30.1297472 ], [ -56.5459429, -30.1288329 ], [ -56.5461235, -30.1280255 ], [ -56.5456893, -30.1270696 ], [ -56.5456266, -30.126432 ], [ -56.5463546, -30.1260791 ], [ -56.5474386, -30.1252163 ], [ -56.5476779, -30.1242936 ], [ -56.548602, -30.1232141 ], [ -56.5488541, -30.122345 ], [ -56.5496448, -30.122275499999986 ], [ -56.5511617, -30.1225781 ], [ -56.5517378, -30.1230986 ], [ -56.5527114, -30.1230098 ], [ -56.5532529, -30.1226427 ], [ -56.5540993, -30.1224338 ], [ -56.5551442, -30.120934 ], [ -56.5569654, -30.1193525 ], [ -56.5572836, -30.1185191 ], [ -56.5570848, -30.1176132 ], [ -56.5572518, -30.1168851 ], [ -56.5571267, -30.1162641 ], [ -56.5580736, -30.1153572 ], [ -56.5583692, -30.1142451 ], [ -56.5584133, -30.1133228 ], [ -56.5592884, -30.1121168 ], [ -56.5607955, -30.1115281 ], [ -56.5605085, -30.1109155 ], [ -56.5595871, -30.1102659 ], [ -56.5590563, -30.1096889 ], [ -56.5589065, -30.1080543 ], [ -56.5585384, -30.1073907 ], [ -56.5591352, -30.1069119 ], [ -56.5594542, -30.1062909 ], [ -56.5592937, -30.105245 ], [ -56.5595656, -30.1046937 ], [ -56.5603488, -30.1044874 ], [ -56.5613627, -30.103577 ], [ -56.5618149, -30.1021347 ], [ -56.5621733, -30.1015946 ], [ -56.5620841, -30.1007469 ], [ -56.5626244, -30.0999017 ], [ -56.5629738, -30.0995865 ], [ -56.5637458, -30.0994154 ], [ -56.5639349, -30.0991663 ], [ -56.5639509, -30.0974919 ], [ -56.5637455, -30.0967017 ], [ -56.5641127, -30.0957809 ], [ -56.5632163, -30.09544 ], [ -56.5628451, -30.0945417 ], [ -56.5634057, -30.0928374 ], [ -56.5636314, -30.0910766 ], [ -56.5633427, -30.0906518 ], [ -56.5623277, -30.0899153 ], [ -56.5621105, -30.0896023 ], [ -56.5628488, -30.088376300000014 ], [ -56.563147, -30.088318 ], [ -56.5633382, -30.0880834 ], [ -56.5634404, -30.0861989 ], [ -56.5638854, -30.0855872 ], [ -56.5637596, -30.0849019 ], [ -56.5650497, -30.0824985 ], [ -56.5650641, -30.0811075 ], [ -56.5649111, -30.0804854 ], [ -56.565006, -30.079969 ], [ -56.5646237, -30.0788263 ], [ -56.5645313, -30.077685099999989 ], [ -56.5649529, -30.075762 ], [ -56.5648779, -30.0751804 ], [ -56.5655209, -30.0743187 ], [ -56.564849, -30.072952 ], [ -56.5648196, -30.0725619 ], [ -56.5655963, -30.071662 ], [ -56.5654366, -30.0699271 ], [ -56.5663829, -30.0690711 ], [ -56.5662288, -30.067538 ], [ -56.5664819, -30.0669226 ], [ -56.566758, -30.0667374 ], [ -56.5678487, -30.0667096 ], [ -56.5679782, -30.0660092 ], [ -56.5694407, -30.0654468 ], [ -56.5697611, -30.0648203 ], [ -56.5698327, -30.0636894 ], [ -56.5700523, -30.0629824 ], [ -56.5699763, -30.062608 ], [ -56.5697025, -30.0623617 ], [ -56.5694365, -30.0623565 ], [ -56.5691117, -30.0626938 ], [ -56.56885, -30.0627372 ], [ -56.5678873, -30.0621479 ], [ -56.5676083, -30.0617549 ], [ -56.5674791, -30.0602153 ], [ -56.5662524, -30.0595966 ], [ -56.5662666, -30.0591064 ], [ -56.5672433, -30.0587964 ], [ -56.5675025, -30.0585189 ], [ -56.5675108, -30.0582416 ], [ -56.5669335, -30.0568687 ], [ -56.5663801, -30.0563097 ], [ -56.5654713, -30.0560572 ], [ -56.5642375, -30.0553207 ], [ -56.5647301, -30.0540023 ], [ -56.5645505, -30.0531191 ], [ -56.5654016, -30.0524016 ], [ -56.5663654, -30.0520917 ], [ -56.5665653, -30.0509596 ], [ -56.5674732, -30.0499658 ], [ -56.5688541, -30.0477373 ], [ -56.5693276, -30.0465028 ], [ -56.5697191, -30.0462147 ], [ -56.5707955, -30.0460646 ], [ -56.5710973, -30.045803 ], [ -56.5711881, -30.0451919 ], [ -56.5709361, -30.0444098 ], [ -56.5708951, -30.0430452 ], [ -56.5705467, -30.0424223 ], [ -56.5698513, -30.0419309 ], [ -56.5695591, -30.0414346 ], [ -56.5698551, -30.04046880000001 ], [ -56.5705357, -30.0396861 ], [ -56.5708313, -30.0390708 ], [ -56.5704823, -30.0382215 ], [ -56.5715266, -30.037391 ], [ -56.5725163, -30.0375467 ], [ -56.5732614, -30.0374368 ], [ -56.57347, -30.0363058 ], [ -56.5737187, -30.0358128 ], [ -56.5747015, -30.0349706 ], [ -56.5750717, -30.0342261 ], [ -56.5729607, -30.0332877 ], [ -56.5725793, -30.0325097 ], [ -56.5725708, -30.0319873 ], [ -56.5731909, -30.0317308 ], [ -56.5744587, -30.0304488 ], [ -56.5745115, -30.029173 ], [ -56.5742754, -30.0282716 ], [ -56.5744124, -30.0273381 ], [ -56.5729026, -30.0262968 ], [ -56.5724801, -30.0249377 ], [ -56.5718377, -30.0244081 ], [ -56.5712386, -30.0232322 ], [ -56.5711818, -30.0219873 ], [ -56.5697193, -30.0219106 ], [ -56.5685034, -30.0213467 ], [ -56.5682296, -30.0210454 ], [ -56.5683541, -30.0205008 ], [ -56.5682632, -30.0198979 ], [ -56.5688206, -30.0194516 ], [ -56.5689492, -30.0190785 ], [ -56.5686924, -30.0178703 ], [ -56.5687424, -30.0149133 ], [ -56.5693605, -30.014029 ], [ -56.570743, -30.0131907 ], [ -56.5715353, -30.0130157 ], [ -56.5720149, -30.0125277 ], [ -56.5716062, -30.0112542 ], [ -56.5699933, -30.0113755 ], [ -56.5685317, -30.0102869 ], [ -56.5684066, -30.0097235 ], [ -56.5686402, -30.008911 ], [ -56.5685251, -30.0082662 ], [ -56.5686219, -30.0077478 ], [ -56.5680904, -30.006368799999983 ], [ -56.5666254, -30.0056868 ], [ -56.5654661, -30.0055055 ], [ -56.564325, -30.004881 ], [ -56.5636806, -30.003393 ], [ -56.5638118, -30.0028567 ], [ -56.5624191, -30.001888 ], [ -56.5619256, -30.0010395 ], [ -56.5615462, -30.000709699999987 ], [ -56.5614025, -29.9993525 ], [ -56.5609726, -29.9984401 ], [ -56.559626, -29.9982873 ], [ -56.5589435, -29.9978168 ], [ -56.5580796, -29.9985441 ], [ -56.5577364, -29.9985921 ], [ -56.5573177, -29.9982736 ], [ -56.556714, -29.9974222 ], [ -56.5560053, -29.997441 ], [ -56.5544177, -29.9966323 ], [ -56.5540992, -29.9962599 ], [ -56.5538609, -29.996238 ], [ -56.5536091, -29.9973798 ], [ -56.5529408, -29.9984499 ], [ -56.552631, -29.9993621 ], [ -56.5527144, -30.0007498 ], [ -56.5518722, -30.0009743 ], [ -56.5508626, -30.0017036 ], [ -56.5493653, -30.0007751 ], [ -56.5488821, -30.000104 ], [ -56.5481775, -29.9996319 ], [ -56.5476655, -29.9989884 ], [ -56.5463355, -29.9984546 ], [ -56.5450576, -29.9983112 ], [ -56.5447429, -29.9973979 ], [ -56.5444059, -29.9970649 ], [ -56.5438082, -29.9970092 ], [ -56.543088, -29.9971946 ], [ -56.541934, -29.9969344 ], [ -56.5414795, -29.9966016 ], [ -56.5405846, -29.9954564 ], [ -56.5395587, -29.9954609 ], [ -56.538359, -29.9943382 ], [ -56.5374204, -29.993831 ], [ -56.5364032, -29.9926797 ], [ -56.535212, -29.9924295 ], [ -56.5345679, -29.9912127 ], [ -56.5338235, -29.9912461 ], [ -56.5332228, -29.9920583 ], [ -56.533202, -29.9923977 ], [ -56.5336603, -29.9931986 ], [ -56.5333257, -29.9941416 ], [ -56.5329452, -29.994442 ], [ -56.5319507, -29.9945942 ], [ -56.5316896, -29.9947642 ], [ -56.5313999, -29.9935224 ], [ -56.53052, -29.9923485 ], [ -56.5290552, -29.9919798 ], [ -56.5279318, -29.9920131 ], [ -56.5272926, -29.9922652 ], [ -56.5269705, -29.991552799999987 ], [ -56.5266236, -29.9912401 ], [ -56.5255817, -29.9913678 ], [ -56.5252426, -29.9911692 ], [ -56.5247173, -29.9896387 ], [ -56.5242774, -29.9889734 ], [ -56.5243893, -29.9875953 ], [ -56.5235513, -29.9867202 ], [ -56.5229196, -29.9864299 ], [ -56.5224705, -29.9866243 ], [ -56.5221421, -29.9866013 ], [ -56.5218803, -29.9859132 ], [ -56.5212322, -29.9854657 ], [ -56.5207036, -29.9848237 ], [ -56.5201249, -29.9848131 ], [ -56.5195465, -29.9850438 ], [ -56.5180897, -29.9847911 ], [ -56.517083, -29.9854566 ], [ -56.5167369, -29.9864319 ], [ -56.5163103, -29.9866217 ], [ -56.5155327, -29.9883028 ], [ -56.5140547, -29.989563 ], [ -56.5135806, -29.9907992 ], [ -56.5127513, -29.9916248 ], [ -56.5123771, -29.9916077 ], [ -56.5119987, -29.9911513 ], [ -56.5107902, -29.9921809 ], [ -56.5092308, -29.992224 ], [ -56.5085359, -29.9918803 ], [ -56.5082146, -29.9912381 ], [ -56.507957, -29.991233899999987 ], [ -56.5072547, -29.9916533 ], [ -56.506598, -29.9917022 ], [ -56.5057142, -29.9912094 ], [ -56.5043411, -29.990789 ], [ -56.5032398, -29.990150799999988 ], [ -56.502369, -29.9905303 ], [ -56.5010185, -29.9906884 ], [ -56.5001449, -29.9915835 ], [ -56.4996528, -29.9924995 ], [ -56.4992368, -29.992820899999984 ], [ -56.4992335, -29.994313899999984 ], [ -56.4989748, -29.9946375 ], [ -56.4990088, -29.995054 ], [ -56.4999052, -29.9957726 ], [ -56.5009326, -29.9953491 ], [ -56.5020823, -29.9953791 ], [ -56.502513, -29.9960151 ], [ -56.5024838, -29.9970145 ], [ -56.5029395, -29.9972255 ], [ -56.5038048, -29.997085 ], [ -56.5034566, -29.9977664 ], [ -56.5032544, -29.999363299999985 ], [ -56.5050594, -29.9995178 ], [ -56.5055014, -29.9997896 ], [ -56.5056896, -30.0012835 ], [ -56.5063106, -30.0025143 ], [ -56.5063124, -30.0027947 ], [ -56.5055189, -30.0035449 ], [ -56.5047673, -30.003133499999983 ], [ -56.5038879, -30.0031492 ], [ -56.5032137, -30.003867899999989 ], [ -56.5018827, -30.004325 ], [ -56.5008839, -30.0063289 ], [ -56.5005087, -30.0065937 ], [ -56.4999743, -30.0064726 ], [ -56.4995668, -30.0065662 ], [ -56.4988871, -30.0077021 ], [ -56.4980035, -30.0070977 ], [ -56.4970565, -30.0073844 ], [ -56.4968423, -30.0076968 ], [ -56.4972628, -30.0084159 ], [ -56.4970839, -30.0095241 ], [ -56.4972925, -30.0100431 ], [ -56.4959407, -30.0101652 ], [ -56.4951526, -30.0107645 ], [ -56.4950301, -30.0117653 ], [ -56.4947618, -30.0121447 ], [ -56.4944202, -30.0122172 ], [ -56.4931258, -30.0119876 ], [ -56.4920998, -30.0128965 ], [ -56.4918653, -30.013431 ], [ -56.4919538, -30.0139309 ], [ -56.4918307, -30.0141545 ], [ -56.4907906, -30.0146742 ], [ -56.4896606, -30.0148804 ], [ -56.4894232, -30.0159828 ], [ -56.4882201, -30.0167844 ], [ -56.4873276, -30.0188929 ], [ -56.4871249, -30.019932 ], [ -56.48776, -30.0204885 ], [ -56.4880099, -30.0212489 ], [ -56.4873439, -30.0221875 ], [ -56.4875702, -30.0233765 ], [ -56.4871099, -30.023205 ], [ -56.4865566, -30.023447600000011 ], [ -56.484169, -30.0258558 ], [ -56.4830175, -30.0259094 ], [ -56.4824374, -30.0263432 ], [ -56.4820104, -30.026399 ], [ -56.4810183, -30.0260633 ], [ -56.4804898, -30.0254529 ], [ -56.47944, -30.0255402 ], [ -56.4776151, -30.0249156 ], [ -56.4764567, -30.0236721 ], [ -56.4771534, -30.023615 ], [ -56.4777919, -30.0232539 ], [ -56.4775172, -30.0226562 ], [ -56.4770735, -30.0223987 ], [ -56.4770146, -30.0219877 ], [ -56.4753927, -30.0218542 ], [ -56.4740546, -30.0205236 ], [ -56.4729997, -30.018742199999988 ], [ -56.4722596, -30.0184442 ], [ -56.4716268, -30.018831100000011 ], [ -56.4713059, -30.0188192 ], [ -56.4705874, -30.017389499999986 ], [ -56.4699623, -30.017073 ], [ -56.4690092, -30.0168555 ], [ -56.4678687, -30.015763 ], [ -56.4675701, -30.015043200000012 ], [ -56.4671683, -30.0148421 ], [ -56.4664429, -30.0147877 ], [ -56.4660256, -30.0150697 ], [ -56.4659795, -30.0154542 ], [ -56.4663232, -30.016027 ], [ -56.4654249, -30.0171922 ], [ -56.4644293, -30.0170403 ], [ -56.4634589, -30.0172394 ], [ -56.4623017, -30.016991800000014 ], [ -56.4613255, -30.0170869 ], [ -56.4614008, -30.0182399 ], [ -56.4611067, -30.018785199999989 ], [ -56.460793, -30.0189133 ], [ -56.4588818, -30.018599 ], [ -56.4574529, -30.0179136 ], [ -56.4565045, -30.0176925 ], [ -56.4559514, -30.0168484 ], [ -56.45589, -30.0158761 ], [ -56.4553846, -30.016090099999985 ], [ -56.4544316, -30.0162086 ], [ -56.4530391, -30.0167671 ], [ -56.4521728, -30.017449 ], [ -56.4515084, -30.017675 ], [ -56.4495846, -30.0192654 ], [ -56.4494657, -30.0199453 ], [ -56.4490055, -30.0205997 ], [ -56.4482369, -30.0202395 ], [ -56.4471545, -30.0193844 ], [ -56.447178, -30.0187653 ], [ -56.4469065, -30.0184645 ], [ -56.4454231, -30.0178745 ], [ -56.4438031, -30.0176567 ], [ -56.4424905, -30.019154800000013 ], [ -56.4417366, -30.0194878 ], [ -56.4421122, -30.0204398 ], [ -56.4427616, -30.0209608 ], [ -56.4426926, -30.0214401 ], [ -56.4407698, -30.0223204 ], [ -56.4404502, -30.0226807 ], [ -56.4402616, -30.0233145 ], [ -56.4399604, -30.0235796 ], [ -56.4387101, -30.0236209 ], [ -56.4379047, -30.0232104 ], [ -56.4371528, -30.0234707 ], [ -56.4367598, -30.0239032 ], [ -56.4359033, -30.02421 ], [ -56.4359178, -30.0249702 ], [ -56.4364639, -30.025341 ], [ -56.4357754, -30.025922799999986 ], [ -56.435541, -30.0265543 ], [ -56.4346409, -30.0267205 ], [ -56.4332354, -30.0265439 ], [ -56.4321982, -30.0273174 ], [ -56.432078, -30.0276127 ], [ -56.4322702, -30.0286083 ], [ -56.4319235, -30.0294137 ], [ -56.4309111, -30.0306977 ], [ -56.4295917, -30.0312635 ], [ -56.4292352, -30.0318418 ], [ -56.4294168, -30.0321479 ], [ -56.4297674, -30.0322598 ], [ -56.4318161, -30.0320455 ], [ -56.4330751, -30.0327514 ], [ -56.4337207, -30.0323169 ], [ -56.435234, -30.032096 ], [ -56.4359621, -30.0329632 ], [ -56.4367984, -30.0331934 ], [ -56.4371392, -30.0335168 ], [ -56.4376403, -30.032664 ], [ -56.4384947, -30.032857 ], [ -56.4391026, -30.0331998 ], [ -56.4393028, -30.03405630000001 ], [ -56.4396202, -30.0344042 ], [ -56.4406371, -30.0347322 ], [ -56.4422721, -30.0348058 ], [ -56.4428074, -30.0352199 ], [ -56.4434034, -30.0353211 ], [ -56.443733, -30.0363296 ], [ -56.4441581, -30.0367721 ], [ -56.4444679, -30.0373998 ], [ -56.4445145, -30.0378211 ], [ -56.4455021, -30.037835099999988 ], [ -56.4459889, -30.0383499 ], [ -56.4468043, -30.0384135 ], [ -56.4472043, -30.0386328 ], [ -56.4487027, -30.0386713 ], [ -56.4491106, -30.0388758 ], [ -56.4494716, -30.0386558 ], [ -56.4496471, -30.0387099 ], [ -56.4504211, -30.0397077 ], [ -56.4514343, -30.0404335 ], [ -56.4519219, -30.041436600000011 ], [ -56.452984, -30.0418422 ], [ -56.4528939, -30.0428554 ], [ -56.4534419, -30.0456479 ], [ -56.4537187, -30.0460699 ], [ -56.4542221, -30.0464339 ], [ -56.4552766, -30.0459114 ], [ -56.4564173, -30.0459943 ], [ -56.456956, -30.0468546 ], [ -56.4570837, -30.04794510000001 ], [ -56.4577412, -30.0487388 ], [ -56.4582567, -30.0500145 ], [ -56.4594027, -30.050810799999987 ], [ -56.460348, -30.050598899999986 ], [ -56.461107, -30.0513057 ], [ -56.4616824, -30.0521235 ], [ -56.4620899, -30.0534991 ], [ -56.4625166, -30.0541415 ], [ -56.4624906, -30.054417899999986 ], [ -56.4620147, -30.0550433 ], [ -56.4620193, -30.055362099999986 ], [ -56.4623474, -30.0565751 ], [ -56.462684, -30.0569011 ], [ -56.463475, -30.0570611 ], [ -56.4640841, -30.0574208 ], [ -56.464688, -30.0573696 ], [ -56.4661081, -30.0585981 ], [ -56.4674051, -30.0588261 ], [ -56.4681645, -30.0588609 ], [ -56.4687177, -30.0587287 ], [ -56.470431, -30.058928 ], [ -56.470985, -30.0588859 ], [ -56.4716155, -30.058562 ], [ -56.4723979, -30.0573487 ], [ -56.4739592, -30.0569877 ], [ -56.4745699, -30.058796 ], [ -56.4752656, -30.0593677 ], [ -56.4757239, -30.0602437 ], [ -56.4763474, -30.0609876 ], [ -56.4764593, -30.0614321 ], [ -56.476737, -30.0614321 ], [ -56.4780319, -30.0620619 ], [ -56.4783326, -30.0624226 ], [ -56.4785513, -30.0632601 ], [ -56.4796722, -30.0634716 ], [ -56.4805106, -30.0643918 ], [ -56.4809037, -30.0644877 ], [ -56.4820132, -30.063971799999987 ], [ -56.4832182, -30.0641556 ], [ -56.4850704, -30.0633766 ], [ -56.4851486, -30.0643245 ], [ -56.4860436, -30.0648743 ], [ -56.486328, -30.0657609 ], [ -56.4869571, -30.0660148 ], [ -56.4880738, -30.0668958 ], [ -56.4886816, -30.0669877 ], [ -56.4884066, -30.0680116 ], [ -56.4886678, -30.0690522 ], [ -56.4886744, -30.0704809 ], [ -56.4885333, -30.0708182 ], [ -56.488126, -30.0711543 ], [ -56.488496, -30.0712687 ], [ -56.4896829, -30.072506799999989 ], [ -56.4902354, -30.0727423 ], [ -56.4911349, -30.072683 ], [ -56.4916063, -30.0732553 ], [ -56.4921401, -30.0734958 ], [ -56.4924231, -30.0741091 ], [ -56.4929472, -30.0744163 ], [ -56.4938207, -30.0744854 ], [ -56.4948071, -30.074208499999987 ], [ -56.4960275, -30.0749456 ], [ -56.4968759, -30.075153 ], [ -56.4979902, -30.0768818 ], [ -56.4990686, -30.0771552 ], [ -56.499442, -30.0771157 ], [ -56.5005109, -30.0776306 ], [ -56.5016048, -30.0786825 ], [ -56.5015102, -30.0798232 ], [ -56.5019631, -30.0811553 ], [ -56.5012127, -30.0820373 ], [ -56.501269, -30.0846961 ], [ -56.5018066, -30.085544 ], [ -56.5035452, -30.0870954 ], [ -56.5038219, -30.0880617 ], [ -56.5051193, -30.089086199999986 ], [ -56.5057125, -30.0891541 ], [ -56.5070573, -30.088715 ], [ -56.507833, -30.0893088 ], [ -56.5080629, -30.089635 ], [ -56.5081759, -30.0906432 ], [ -56.5085712, -30.09154 ], [ -56.5084097, -30.092981 ], [ -56.5087261, -30.0937636 ], [ -56.5100403, -30.0936214 ], [ -56.5111151, -30.0931428 ], [ -56.5117779, -30.0930992 ], [ -56.5122001, -30.0932633 ], [ -56.5123962, -30.0941298 ], [ -56.5130428, -30.094717299999985 ], [ -56.5136591, -30.0947365 ], [ -56.5149881, -30.0942627 ], [ -56.5154405, -30.0942647 ], [ -56.5164, -30.0951911 ], [ -56.5164959, -30.0967582 ], [ -56.5168655, -30.0976986 ], [ -56.5176708, -30.097635499999988 ], [ -56.5189193, -30.0983147 ], [ -56.5202345, -30.0976212 ], [ -56.5209409, -30.0977375 ], [ -56.5218322, -30.0976 ], [ -56.5227062, -30.097936 ], [ -56.5229595, -30.0984955 ], [ -56.5233321, -30.0985046 ], [ -56.523944, -30.0990361 ], [ -56.5242112, -30.0995819 ], [ -56.5240365, -30.1004624 ], [ -56.5248945, -30.1024629 ], [ -56.5262378, -30.1035193 ], [ -56.5271859, -30.1037479 ], [ -56.5275627, -30.104038499999987 ], [ -56.5277445, -30.1043707 ], [ -56.5271231, -30.1054831 ], [ -56.5281793, -30.1074086 ], [ -56.5287287, -30.1079692 ], [ -56.5299741, -30.1084529 ], [ -56.5305289, -30.1090092 ], [ -56.5306961, -30.1098886 ], [ -56.5313509, -30.1112616 ], [ -56.5311877, -30.112128 ], [ -56.5313072, -30.11332440000001 ], [ -56.5317877, -30.1137939 ], [ -56.5324754, -30.1141048 ], [ -56.5326371, -30.115169399999989 ], [ -56.5329049, -30.1157398 ], [ -56.5339278, -30.1169443 ], [ -56.5339276, -30.1175828 ], [ -56.533476, -30.1190733 ], [ -56.5346493, -30.1205657 ], [ -56.5355607, -30.121285799999985 ], [ -56.5360608, -30.1223138 ], [ -56.5353796, -30.1228442 ], [ -56.5351242, -30.123653499999989 ], [ -56.5355171, -30.1246526 ], [ -56.5345747, -30.1260142 ], [ -56.534254, -30.1267821 ], [ -56.5343362, -30.1302432 ], [ -56.534962, -30.1309625 ], [ -56.5352068, -30.1316759 ], [ -56.5363725, -30.1327751 ], [ -56.5374055, -30.1330305 ], [ -56.5379344, -30.1327642 ], [ -56.5383498, -30.132331 ], [ -56.5394877, -30.1322887 ], [ -56.5407698, -30.1332068 ], [ -56.5409715, -30.1340663 ], [ -56.5412786, -30.1343991 ], [ -56.5416326, -30.1344114 ], [ -56.5432553, -30.1338038 ] ] ] } },
{ "type": "Feature", "properties": { "wts_pk": 133592, "codigo_otto": "82466", "nivel_otto_declarado": 5, "area_m2_bho": 93.559948946697588, "nivel_otto": 5 }, "geometry": { "type": "Polygon", "coordinates": [ [ [ -56.3967368, -30.1144881 ], [ -56.3972603, -30.1137014 ], [ -56.3973152, -30.1114814 ], [ -56.3977704, -30.1107166 ], [ -56.397908, -30.1097339 ], [ -56.3988602, -30.1091322 ], [ -56.3992373, -30.1075599 ], [ -56.3989819, -30.1066628 ], [ -56.3989183, -30.1052778 ], [ -56.3982222, -30.1041003 ], [ -56.3984759, -30.1034486 ], [ -56.3989606, -30.102804199999987 ], [ -56.3982928, -30.1020754 ], [ -56.3960401, -30.1016024 ], [ -56.3952548, -30.1003949 ], [ -56.3946903, -30.0998463 ], [ -56.3933838, -30.0997709 ], [ -56.3931946, -30.0995487 ], [ -56.3931966, -30.0979662 ], [ -56.3946838, -30.0974509 ], [ -56.3947923, -30.0967103 ], [ -56.3934828, -30.096092 ], [ -56.39257, -30.0953214 ], [ -56.3923664, -30.0948926 ], [ -56.3923724, -30.0946321 ], [ -56.3927992, -30.0939895 ], [ -56.3926848, -30.0932106 ], [ -56.3931248, -30.0920399 ], [ -56.3930582, -30.0913098 ], [ -56.3926027, -30.0906337 ], [ -56.3925966, -30.0900987 ], [ -56.3927106, -30.0898865 ], [ -56.3933384, -30.0895187 ], [ -56.3938535, -30.0868739 ], [ -56.3936075, -30.0864883 ], [ -56.39299, -30.0860247 ], [ -56.393056, -30.08528 ], [ -56.3923888, -30.0846809 ], [ -56.392292, -30.0840713 ], [ -56.3924131, -30.08369 ], [ -56.3936811, -30.0822658 ], [ -56.3946101, -30.0803968 ], [ -56.3954809, -30.0799282 ], [ -56.3959634, -30.079344 ], [ -56.3966177, -30.07887680000001 ], [ -56.3962019, -30.0774704 ], [ -56.3961828, -30.076764 ], [ -56.3965166, -30.0751842 ], [ -56.3968243, -30.0745505 ], [ -56.3971286, -30.0743166 ], [ -56.3982392, -30.074659 ], [ -56.3985707, -30.0744771 ], [ -56.3993202, -30.0732588 ], [ -56.3997051, -30.0729297 ], [ -56.3998972, -30.072136699999984 ], [ -56.4003522, -30.0717296 ], [ -56.3993786, -30.0713955 ], [ -56.3991318, -30.071177299999984 ], [ -56.3990595, -30.0709893 ], [ -56.3993918, -30.0698206 ], [ -56.398629, -30.0690655 ], [ -56.3979548, -30.0688431 ], [ -56.3976849, -30.0686014 ], [ -56.3981277, -30.0672818 ], [ -56.3981128, -30.0668382 ], [ -56.3979939, -30.066475900000011 ], [ -56.3970744, -30.0654441 ], [ -56.397193, -30.0643094 ], [ -56.3969523, -30.0638041 ], [ -56.3964176, -30.0636444 ], [ -56.3947759, -30.0636577 ], [ -56.3941283, -30.0631781 ], [ -56.3931052, -30.0628492 ], [ -56.392507, -30.0628962 ], [ -56.3920338, -30.0633039 ], [ -56.3913509, -30.0630736 ], [ -56.3906335, -30.0623196 ], [ -56.3906367, -30.0613593 ], [ -56.3908687, -30.0609812 ], [ -56.3903449, -30.0603311 ], [ -56.3910441, -30.0597308 ], [ -56.3912785, -30.0590095 ], [ -56.3917757, -30.0585004 ], [ -56.3929665, -30.0576374 ], [ -56.3938487, -30.0574566 ], [ -56.3950205, -30.0567491 ], [ -56.3951545, -30.0557535 ], [ -56.3955589, -30.0550501 ], [ -56.3948656, -30.0545321 ], [ -56.3949507, -30.0537703 ], [ -56.3947559, -30.052215299999986 ], [ -56.3942704, -30.0510519 ], [ -56.3960649, -30.048966 ], [ -56.3968191, -30.0486769 ], [ -56.3979573, -30.0489294 ], [ -56.398765, -30.0488322 ], [ -56.398417, -30.0483236 ], [ -56.398485, -30.04762040000001 ], [ -56.3988705, -30.0473214 ], [ -56.3999913, -30.0471119 ], [ -56.400318, -30.0464537 ], [ -56.400441, -30.0451168 ], [ -56.4016214, -30.044107699999987 ], [ -56.4019028, -30.0436072 ], [ -56.4011899, -30.0421309 ], [ -56.401237, -30.0415861 ], [ -56.4017064, -30.0403592 ], [ -56.4017101, -30.0398174 ], [ -56.4010066, -30.0391269 ], [ -56.400903, -30.0387144 ], [ -56.4010644, -30.0374307 ], [ -56.4009428, -30.0366517 ], [ -56.4014587, -30.035876799999986 ], [ -56.4014587, -30.0355991 ], [ -56.4003476, -30.035043499999983 ], [ -56.4005657, -30.0335208 ], [ -56.399767, -30.0323786 ], [ -56.3987842, -30.0316282 ], [ -56.3985794, -30.0306752 ], [ -56.3979187, -30.029825799999987 ], [ -56.3983761, -30.0288912 ], [ -56.3984031, -30.0272657 ], [ -56.3964262, -30.026735700000017 ], [ -56.3953239, -30.026712 ], [ -56.3949264, -30.0268106 ], [ -56.393854, -30.0277014 ], [ -56.3931253, -30.0278213 ], [ -56.3930653, -30.0271858 ], [ -56.3926299, -30.0265654 ], [ -56.3921982, -30.0254653 ], [ -56.3905492, -30.0255486 ], [ -56.3898901, -30.0252462 ], [ -56.3891032, -30.0245738 ], [ -56.3881109, -30.0244843 ], [ -56.3876764, -30.0247037 ], [ -56.3872008, -30.0242861 ], [ -56.3865535, -30.0241359 ], [ -56.3861476, -30.0229958 ], [ -56.3851261, -30.0221149 ], [ -56.3851303, -30.0206433 ], [ -56.3842187, -30.0203428 ], [ -56.3833265, -30.020372 ], [ -56.3823958, -30.0213155 ], [ -56.3818298, -30.0206697 ], [ -56.3803304, -30.019866 ], [ -56.3801027, -30.0194701 ], [ -56.3801879, -30.0186741 ], [ -56.379005, -30.0178566 ], [ -56.3789802, -30.0173164 ], [ -56.3792303, -30.0165635 ], [ -56.37915, -30.0160498 ], [ -56.3779552, -30.0157786 ], [ -56.3776375, -30.0154649 ], [ -56.3777007, -30.0151524 ], [ -56.3782996, -30.014684 ], [ -56.378287, -30.0142374 ], [ -56.3778199, -30.013775 ], [ -56.3774558, -30.01366 ], [ -56.3765694, -30.0136701 ], [ -56.3759029, -30.0139325 ], [ -56.3758676, -30.0124866 ], [ -56.3751086, -30.0114338 ], [ -56.3756036, -30.0104797 ], [ -56.3756251, -30.0100436 ], [ -56.3753854, -30.009728 ], [ -56.3756059, -30.009257099999989 ], [ -56.3756519, -30.0079875 ], [ -56.3761845, -30.007281399999989 ], [ -56.3752719, -30.0054676 ], [ -56.3744021, -30.0048721 ], [ -56.3723301, -30.005312 ], [ -56.3716963, -30.0052726 ], [ -56.3711806, -30.0050436 ], [ -56.3708152, -30.003824899999984 ], [ -56.3699303, -30.0033406 ], [ -56.3693304, -30.002323 ], [ -56.3677286, -30.0012484 ], [ -56.3668023, -30.0008247 ], [ -56.3665067, -30.0004096 ], [ -56.3664583, -29.9997658 ], [ -56.365471, -29.9999418 ], [ -56.3633082, -29.999438 ], [ -56.362901, -29.9990747 ], [ -56.3624203, -29.9979314 ], [ -56.361817, -29.9978307 ], [ -56.3610421, -29.997962699999984 ], [ -56.3607566, -29.9970976 ], [ -56.3602013, -29.9969937 ], [ -56.3593069, -29.9974544 ], [ -56.3586805, -29.9975436 ], [ -56.3588643, -29.9991081 ], [ -56.358635, -29.9996311 ], [ -56.3582908, -29.9999513 ], [ -56.3576275, -30.0001811 ], [ -56.3566309, -30.0013495 ], [ -56.3546902, -30.0014777 ], [ -56.3542237, -30.0017131 ], [ -56.3532889, -30.001184 ], [ -56.3527243, -30.0011657 ], [ -56.3522916, -30.0017103 ], [ -56.3521762, -30.002208 ], [ -56.3516259, -30.0027379 ], [ -56.3508364, -30.0014871 ], [ -56.3501492, -30.0011531 ], [ -56.3492318, -30.0019617 ], [ -56.3484031, -30.0022194 ], [ -56.3473915, -30.0020903 ], [ -56.3464478, -30.0030524 ], [ -56.346024, -30.0030163 ], [ -56.34457, -30.0021053 ], [ -56.3428885, -30.0030023 ], [ -56.343115, -30.0035362 ], [ -56.3430455, -30.004053399999989 ], [ -56.342065, -30.0043431 ], [ -56.3413854, -30.005264 ], [ -56.3406065, -30.0058816 ], [ -56.3399471, -30.0048623 ], [ -56.3388418, -30.0040212 ], [ -56.3375636, -30.0037074 ], [ -56.3368056, -30.003807 ], [ -56.3365594, -30.0035767 ], [ -56.3363654, -30.0029894 ], [ -56.3360742, -30.0028377 ], [ -56.3347081, -30.0031294 ], [ -56.3321873, -30.0049602 ], [ -56.331039, -30.0054292 ], [ -56.3307996, -30.0069069 ], [ -56.3299347, -30.0075838 ], [ -56.3291911, -30.0085269 ], [ -56.3268408, -30.0090167 ], [ -56.3251514, -30.0099868 ], [ -56.3229633, -30.0104135 ], [ -56.3221801, -30.0110682 ], [ -56.3212175, -30.0115603 ], [ -56.320965, -30.0119157 ], [ -56.3210445, -30.0124838 ], [ -56.3201325, -30.0135201 ], [ -56.3201488, -30.0139929 ], [ -56.320347, -30.0142105 ], [ -56.3203237, -30.014992 ], [ -56.3192359, -30.0150438 ], [ -56.3189704, -30.0156798 ], [ -56.31853, -30.0159778 ], [ -56.3168759, -30.0178699 ], [ -56.3166003, -30.018532899999986 ], [ -56.314678, -30.0179268 ], [ -56.3145137, -30.0181605 ], [ -56.3145137, -30.0189327 ], [ -56.3126447, -30.018937599999987 ], [ -56.3116034, -30.0191868 ], [ -56.3085811, -30.0193001 ], [ -56.307636, -30.0204587 ], [ -56.3078488, -30.0211384 ], [ -56.3077932, -30.0214524 ], [ -56.3073058, -30.0217225 ], [ -56.3065421, -30.0215502 ], [ -56.3063599, -30.0206782 ], [ -56.3058369, -30.019818 ], [ -56.3055235, -30.019568299999982 ], [ -56.3044986, -30.019208599999988 ], [ -56.3035343, -30.0198735 ], [ -56.3033176, -30.0207212 ], [ -56.3027893, -30.0210509 ], [ -56.3018472, -30.0208025 ], [ -56.3002213, -30.0198446 ], [ -56.2995263, -30.0197893 ], [ -56.2990945, -30.0200679 ], [ -56.2988169, -30.0208398 ], [ -56.2977919, -30.0218604 ], [ -56.2971632, -30.021464 ], [ -56.2953726, -30.0214746 ], [ -56.2951234, -30.0216827 ], [ -56.2949304, -30.0224104 ], [ -56.2937096, -30.022307 ], [ -56.2926093, -30.0227509 ], [ -56.2918749, -30.0225655 ], [ -56.2909446, -30.0225865 ], [ -56.290396, -30.023018 ], [ -56.2890795, -30.0231985 ], [ -56.2883733, -30.0238932 ], [ -56.2877728, -30.0238865 ], [ -56.2868264, -30.0234353 ], [ -56.2848701, -30.022873 ], [ -56.28365, -30.0228257 ], [ -56.2821599, -30.023336199999989 ], [ -56.2813156, -30.0234216 ], [ -56.2801395, -30.0238984 ], [ -56.2790392, -30.0239422 ], [ -56.2789009, -30.024193 ], [ -56.2784024, -30.0242106 ], [ -56.27831, -30.0244028 ], [ -56.277667, -30.0247452 ], [ -56.2758527, -30.0247916 ], [ -56.2756246, -30.025044 ], [ -56.2725456, -30.0258398 ], [ -56.270267, -30.0259449 ], [ -56.2701157, -30.0262934 ], [ -56.2704179, -30.026820299999986 ], [ -56.2713428, -30.0270803 ], [ -56.271685, -30.0274167 ], [ -56.2717515, -30.0281533 ], [ -56.2716102, -30.0286197 ], [ -56.2713447, -30.028839100000013 ], [ -56.2705026, -30.0290553 ], [ -56.2702428, -30.0298614 ], [ -56.2696022, -30.0302101 ], [ -56.2691034, -30.0313214 ], [ -56.267571, -30.0311616 ], [ -56.2662861, -30.0315167 ], [ -56.2654789, -30.0323729 ], [ -56.2652806, -30.0332344 ], [ -56.2649113, -30.0335975 ], [ -56.2646229, -30.0335898 ], [ -56.2636801, -30.0330996 ], [ -56.2627684, -30.0348896 ], [ -56.2620926, -30.0353844 ], [ -56.2610444, -30.0366104 ], [ -56.2602297, -30.0370705 ], [ -56.2605099, -30.0377112 ], [ -56.2603067, -30.0382417 ], [ -56.2599377, -30.0388247 ], [ -56.2593276, -30.039101499999987 ], [ -56.2589579, -30.0397663 ], [ -56.2588836, -30.0402552 ], [ -56.2584266, -30.040746399999986 ], [ -56.2584126, -30.0417879 ], [ -56.2586801, -30.0422663 ], [ -56.2596245, -30.0418198 ], [ -56.2604011, -30.0419546 ], [ -56.2613741, -30.0417943 ], [ -56.2619375, -30.0421387 ], [ -56.2621559, -30.0433306 ], [ -56.2624872, -30.0436364 ], [ -56.2627979, -30.0436848 ], [ -56.2629554, -30.0439294 ], [ -56.2639579, -30.043932899999984 ], [ -56.2642688, -30.043457699999987 ], [ -56.2645444, -30.0433786 ], [ -56.2656584, -30.0433878 ], [ -56.2660944, -30.0436293 ], [ -56.2673744, -30.0437226 ], [ -56.267758, -30.044003 ], [ -56.2680345, -30.0445596 ], [ -56.2688586, -30.0469391 ], [ -56.2697489, -30.0472611 ], [ -56.2712717, -30.0470489 ], [ -56.2724634, -30.0473464 ], [ -56.2735019, -30.0478747 ], [ -56.2736702, -30.048239 ], [ -56.2737134, -30.0495353 ], [ -56.274037, -30.0501669 ], [ -56.2751592, -30.05066 ], [ -56.275673, -30.0513021 ], [ -56.2764651, -30.051689199999988 ], [ -56.2756703, -30.0523239 ], [ -56.2753842, -30.0528238 ], [ -56.2754739, -30.0530637 ], [ -56.2764221, -30.0538695 ], [ -56.2766821, -30.0547086 ], [ -56.2764566, -30.055304799999984 ], [ -56.2764939, -30.0558028 ], [ -56.2772556, -30.0565074 ], [ -56.2772914, -30.0569884 ], [ -56.2778664, -30.0577159 ], [ -56.2789949, -30.0585238 ], [ -56.2792672, -30.0585888 ], [ -56.2802966, -30.0583769 ], [ -56.2812536, -30.0584319 ], [ -56.2826418, -30.0593609 ], [ -56.2839219, -30.0592536 ], [ -56.2844276, -30.0597049 ], [ -56.2850298, -30.0599912 ], [ -56.28608, -30.0597629 ], [ -56.286233, -30.0600436 ], [ -56.2876781, -30.0600425 ], [ -56.2883074, -30.059818700000012 ], [ -56.2887912, -30.0602627 ], [ -56.2892359, -30.0603217 ], [ -56.2892453, -30.0613064 ], [ -56.2895957, -30.061686 ], [ -56.2922517, -30.0618437 ], [ -56.293553, -30.0629395 ], [ -56.2929363, -30.0635501 ], [ -56.2927024, -30.0643657 ], [ -56.293522, -30.0649493 ], [ -56.2944011, -30.0651346 ], [ -56.2949495, -30.0656271 ], [ -56.2952344, -30.0662644 ], [ -56.2951748, -30.0668296 ], [ -56.2958014, -30.067341799999983 ], [ -56.2961158, -30.067971399999983 ], [ -56.2962729, -30.0690432 ], [ -56.2971615, -30.0698153 ], [ -56.2964916, -30.070825 ], [ -56.2964796, -30.0714131 ], [ -56.296736, -30.0719884 ], [ -56.2970749, -30.071825 ], [ -56.2977118, -30.0719564 ], [ -56.2985267, -30.0717622 ], [ -56.2989081, -30.0721035 ], [ -56.2991788, -30.0730355 ], [ -56.3008885, -30.0730713 ], [ -56.3011056, -30.0729477 ], [ -56.3017606, -30.071822499999985 ], [ -56.3029916, -30.0707719 ], [ -56.303519, -30.0700621 ], [ -56.3055289, -30.0692368 ], [ -56.3070139, -30.0694883 ], [ -56.3077734, -30.0699841 ], [ -56.3090136, -30.0701183 ], [ -56.3094634, -30.0707975 ], [ -56.3105038, -30.0709728 ], [ -56.311875, -30.0717031 ], [ -56.3120139, -30.0717105 ], [ -56.3126652, -30.070185 ], [ -56.3133019, -30.0702636 ], [ -56.3139148, -30.0701108 ], [ -56.315589, -30.0705872 ], [ -56.3168743, -30.070339 ], [ -56.3176523, -30.0703652 ], [ -56.3180463, -30.0706545 ], [ -56.3184028, -30.0714327 ], [ -56.3202413, -30.0716132 ], [ -56.3205742, -30.0713062 ], [ -56.3209707, -30.0701862 ], [ -56.3212242, -30.0698849 ], [ -56.3223933, -30.0695012 ], [ -56.3222917, -30.0689327 ], [ -56.3250695, -30.0689327 ], [ -56.3245357, -30.0699051 ], [ -56.3245711, -30.0702679 ], [ -56.3248988, -30.0705666 ], [ -56.3256251, -30.0705994 ], [ -56.3257156, -30.071639 ], [ -56.3269435, -30.0723216 ], [ -56.3272267, -30.0726878 ], [ -56.3273943, -30.073296199999987 ], [ -56.3279045, -30.0738326 ], [ -56.3284029, -30.0742105 ], [ -56.3292844, -30.0742479 ], [ -56.3298934, -30.0745396 ], [ -56.3301987, -30.0757753 ], [ -56.3316525, -30.0763137 ], [ -56.3321197, -30.0774604 ], [ -56.3328474, -30.0786549 ], [ -56.3331116, -30.0786855 ], [ -56.3331611, -30.0792003 ], [ -56.3339299, -30.079174 ], [ -56.3344361, -30.0788589 ], [ -56.334689, -30.0782096 ], [ -56.3343371, -30.0770868 ], [ -56.3347087, -30.0767511 ], [ -56.3354927, -30.0767124 ], [ -56.3359085, -30.0768767 ], [ -56.3361138, -30.0771333 ], [ -56.33621, -30.0780594 ], [ -56.3363939, -30.0783143 ], [ -56.3377757, -30.0783877 ], [ -56.338323, -30.0782283 ], [ -56.3393315, -30.0765079 ], [ -56.33999, -30.0758976 ], [ -56.3407388, -30.0763628 ], [ -56.3415163, -30.0765847 ], [ -56.3419578, -30.0762258 ], [ -56.342466, -30.0762373 ], [ -56.3428267, -30.0766592 ], [ -56.3428018, -30.0773881 ], [ -56.3424612, -30.0777285 ], [ -56.3415742, -30.0779143 ], [ -56.3411893, -30.0782067 ], [ -56.3409241, -30.078613300000011 ], [ -56.3409523, -30.0793399 ], [ -56.3412714, -30.0796992 ], [ -56.3418428, -30.0799405 ], [ -56.342762, -30.0795463 ], [ -56.3432662, -30.0795926 ], [ -56.3441058, -30.0806547 ], [ -56.3440022, -30.0814905 ], [ -56.3442938, -30.081934900000011 ], [ -56.3450697, -30.0825438 ], [ -56.3452951, -30.0825759 ], [ -56.3454091, -30.0828081 ], [ -56.3455818, -30.0827944 ], [ -56.3457065, -30.0825548 ], [ -56.3461808, -30.0825438 ], [ -56.34663, -30.0834836 ], [ -56.3464669, -30.0840754 ], [ -56.3465144, -30.0848521 ], [ -56.3474049, -30.0850823 ], [ -56.3482314, -30.0855866 ], [ -56.3483491, -30.0858713 ], [ -56.3481512, -30.0864801 ], [ -56.3481768, -30.0870206 ], [ -56.3491394, -30.0876992 ], [ -56.3487852, -30.0890428 ], [ -56.3490186, -30.0894356 ], [ -56.3499071, -30.0902295 ], [ -56.3507904, -30.0904103 ], [ -56.3521195, -30.0911449 ], [ -56.3526219, -30.0926879 ], [ -56.353178, -30.0938015 ], [ -56.3535143, -30.0941308 ], [ -56.3544724, -30.0944278 ], [ -56.3557119, -30.093969 ], [ -56.3573302, -30.0942685 ], [ -56.3578476, -30.0944882 ], [ -56.3584566, -30.0951868 ], [ -56.3594717, -30.0954477 ], [ -56.359732, -30.0957459 ], [ -56.3598337, -30.096757 ], [ -56.3601453, -30.0973916 ], [ -56.3610548, -30.0982578 ], [ -56.3619212, -30.0985525 ], [ -56.3621957, -30.1003519 ], [ -56.362575, -30.100579199999988 ], [ -56.3633684, -30.1005852 ], [ -56.3642366, -30.100043700000011 ], [ -56.365247, -30.1012342 ], [ -56.3654348, -30.1023758 ], [ -56.3660933, -30.1028908 ], [ -56.3665984, -30.1035447 ], [ -56.3682867, -30.1037468 ], [ -56.3685781, -30.1040139 ], [ -56.3688372, -30.1046427 ], [ -56.3699869, -30.1049295 ], [ -56.37007, -30.1064326 ], [ -56.3712213, -30.107415 ], [ -56.3720509, -30.107344 ], [ -56.3726106, -30.1074631 ], [ -56.3732354, -30.1073437 ], [ -56.3738118, -30.1079938 ], [ -56.3743465, -30.1082566 ], [ -56.3748998, -30.108070799999989 ], [ -56.3754325, -30.107601 ], [ -56.37571, -30.1075736 ], [ -56.3766374, -30.1078966 ], [ -56.3768265, -30.1083055 ], [ -56.3772783, -30.1086579 ], [ -56.3784034, -30.1086548 ], [ -56.3784675, -30.1082592 ], [ -56.378724, -30.1079333 ], [ -56.3795973, -30.1078648 ], [ -56.3810527, -30.1084774 ], [ -56.3814246, -30.1094713 ], [ -56.3821691, -30.1097519 ], [ -56.3839589, -30.1097659 ], [ -56.3841357, -30.110186899999988 ], [ -56.3855197, -30.1109622 ], [ -56.3861137, -30.1116461 ], [ -56.3868466, -30.1118774 ], [ -56.387403, -30.1117911 ], [ -56.3887642, -30.112323300000011 ], [ -56.3894551, -30.1130242 ], [ -56.3902272, -30.1131944 ], [ -56.3910996, -30.1135996 ], [ -56.3933832, -30.1136907 ], [ -56.3960087, -30.1144589 ], [ -56.3967368, -30.1144881 ] ] ] } },
{ "type": "Feature", "properties": { "wts_pk": 133585, "codigo_otto": "82458", "nivel_otto_declarado": 5, "area_m2_bho": 274.34995337581609, "nivel_otto": 5 }, "geometry": { "type": "Polygon", "coordinates": [ [ [ -56.6981232, -30.121520199999985 ], [ -56.6981947, -30.1217023 ], [ -56.6986831, -30.1217092 ], [ -56.6993738, -30.1207038 ], [ -56.7010013, -30.1198619 ], [ -56.7021796, -30.1199512 ], [ -56.7037354, -30.1182307 ], [ -56.7051257, -30.1180112 ], [ -56.7056061, -30.117617299999988 ], [ -56.7066653, -30.1180279 ], [ -56.7076206, -30.1181777 ], [ -56.7081569, -30.1188839 ], [ -56.709665, -30.118963099999984 ], [ -56.7107265, -30.119204 ], [ -56.7123028, -30.1189741 ], [ -56.7134305, -30.1193345 ], [ -56.7144208, -30.1188639 ], [ -56.7149455, -30.118349 ], [ -56.7151113, -30.116936199999987 ], [ -56.7154121, -30.1164805 ], [ -56.7160167, -30.1159636 ], [ -56.7172249, -30.1153872 ], [ -56.7180771, -30.1151878 ], [ -56.7192387, -30.1133757 ], [ -56.7203178, -30.1135796 ], [ -56.7208301, -30.1135018 ], [ -56.7216928, -30.1141404 ], [ -56.7224197, -30.1139613 ], [ -56.7236715, -30.1139268 ], [ -56.7259945, -30.1141568 ], [ -56.7265864, -30.1136425 ], [ -56.7265923, -30.1131546 ], [ -56.7271709, -30.1125803 ], [ -56.7280783, -30.1122638 ], [ -56.7293769, -30.1124848 ], [ -56.7302146, -30.1116734 ], [ -56.7304014, -30.1108153 ], [ -56.730736, -30.1106087 ], [ -56.7315874, -30.1107581 ], [ -56.7322199, -30.1105995 ], [ -56.7332305, -30.1106193 ], [ -56.7338742, -30.1109472 ], [ -56.7341802, -30.1114191 ], [ -56.7347506, -30.1111539 ], [ -56.7352592, -30.1111517 ], [ -56.7376505, -30.1114874 ], [ -56.7395686, -30.1129643 ], [ -56.7402334, -30.113189899999988 ], [ -56.7410118, -30.1138105 ], [ -56.7414618, -30.1139259 ], [ -56.7424887, -30.1136758 ], [ -56.7435901, -30.1138411 ], [ -56.7441466, -30.1133087 ], [ -56.745199, -30.1115313 ], [ -56.7467727, -30.1113819 ], [ -56.7474722, -30.1110612 ], [ -56.7479329, -30.110466899999988 ], [ -56.7481725, -30.1103795 ], [ -56.7486083, -30.1106413 ], [ -56.7494918, -30.1116448 ], [ -56.7497474, -30.1115872 ], [ -56.750285, -30.1109994 ], [ -56.752195, -30.1112335 ], [ -56.7535758, -30.1121887 ], [ -56.7549997, -30.111829300000011 ], [ -56.7556712, -30.1126922 ], [ -56.7564892, -30.113341 ], [ -56.7571699, -30.1132954 ], [ -56.7579767, -30.11264 ], [ -56.7589905, -30.1124729 ], [ -56.7591415, -30.1120745 ], [ -56.7598427, -30.1119795 ], [ -56.7614643, -30.1123386 ], [ -56.7617389, -30.11282 ], [ -56.7620963, -30.1130716 ], [ -56.7625166, -30.1131418 ], [ -56.7626507, -30.113350299999986 ], [ -56.763736, -30.1133786 ], [ -56.7640366, -30.1131236 ], [ -56.7644912, -30.113045 ], [ -56.7645167, -30.1125422 ], [ -56.7656966, -30.1125448 ], [ -56.7660251, -30.1128031 ], [ -56.7668201, -30.1127981 ], [ -56.7669014, -30.1121433 ], [ -56.7667785, -30.111697299999989 ], [ -56.7670042, -30.1114655 ], [ -56.7692855, -30.1119849 ], [ -56.7696515, -30.1112596 ], [ -56.7712529, -30.1108051 ], [ -56.7716065, -30.1104346 ], [ -56.7727191, -30.1099382 ], [ -56.7732302, -30.109283399999985 ], [ -56.7737948, -30.1090001 ], [ -56.7743232, -30.1089227 ], [ -56.7749923, -30.1090731 ], [ -56.7754586, -30.1099627 ], [ -56.7761835, -30.11032 ], [ -56.7761835, -30.1105977 ], [ -56.7776715, -30.1106072 ], [ -56.7780759, -30.1108727 ], [ -56.7786835, -30.1108755 ], [ -56.7790847, -30.1100783 ], [ -56.7807252, -30.1100225 ], [ -56.7811835, -30.109764399999989 ], [ -56.7813143, -30.1107722 ], [ -56.7827334, -30.1112454 ], [ -56.7833042, -30.1116575 ], [ -56.7843062, -30.1120589 ], [ -56.7846572, -30.1129873 ], [ -56.7858109, -30.1137342 ], [ -56.7858987, -30.1142523 ], [ -56.7857313, -30.1152462 ], [ -56.7868687, -30.1166142 ], [ -56.7875725, -30.1169866 ], [ -56.7874398, -30.1172307 ], [ -56.786772, -30.1173366 ], [ -56.7867391, -30.1186533 ], [ -56.7877945, -30.1183898 ], [ -56.7889458, -30.1186432 ], [ -56.7904723, -30.1184985 ], [ -56.7910174, -30.1185739 ], [ -56.7922195, -30.117762 ], [ -56.792913, -30.1168446 ], [ -56.7935789, -30.1166162 ], [ -56.793839, -30.1163753 ], [ -56.7931855, -30.1151765 ], [ -56.7931895, -30.1146354 ], [ -56.7940391, -30.113252100000011 ], [ -56.795, -30.1124849 ], [ -56.795628, -30.1117088 ], [ -56.7960204, -30.1116124 ], [ -56.7968548, -30.1109667 ], [ -56.7974537, -30.1107817 ], [ -56.7982457, -30.1101349 ], [ -56.7991209, -30.1099488 ], [ -56.799771, -30.1095422 ], [ -56.8014174, -30.1089364 ], [ -56.804055406411834, -30.107395561870565 ], [ -56.8038876, -30.1006832 ], [ -56.8033878, -30.0982093 ], [ -56.8031208, -30.097607 ], [ -56.8033846, -30.0963806 ], [ -56.8033476, -30.095750499999987 ], [ -56.8023504, -30.094628 ], [ -56.8020819, -30.0940583 ], [ -56.8018845, -30.0928512 ], [ -56.8015437, -30.0925988 ], [ -56.800749, -30.0924465 ], [ -56.7998779, -30.0918191 ], [ -56.7996973, -30.0910499 ], [ -56.7992717, -30.0905747 ], [ -56.7995168, -30.0897643 ], [ -56.7987155, -30.0895161 ], [ -56.7974605, -30.089437799999988 ], [ -56.7956279, -30.0886532 ], [ -56.7954241, -30.0879608 ], [ -56.7961211, -30.0870599 ], [ -56.7959585, -30.0858467 ], [ -56.7963983, -30.0853655 ], [ -56.7969435, -30.0835242 ], [ -56.7966979, -30.0830006 ], [ -56.7951742, -30.0827381 ], [ -56.7943618, -30.0819571 ], [ -56.7942629, -30.0815343 ], [ -56.7944569, -30.0804613 ], [ -56.7941526, -30.0798362 ], [ -56.7936149, -30.0792634 ], [ -56.7918662, -30.0782749 ], [ -56.7909692, -30.0770516 ], [ -56.7896805, -30.0767779 ], [ -56.7880165, -30.077475 ], [ -56.7861834, -30.0767088 ], [ -56.7861557, -30.0764387 ], [ -56.7856151, -30.076431 ], [ -56.784346, -30.0760687 ], [ -56.7836113, -30.0750988 ], [ -56.7826475, -30.0742633 ], [ -56.7810686, -30.0740379 ], [ -56.7797137, -30.0742604 ], [ -56.7790862, -30.0745906 ], [ -56.7788215, -30.0750161 ], [ -56.778445, -30.0752654 ], [ -56.7766071, -30.0747083 ], [ -56.7746562, -30.0730606 ], [ -56.7744118, -30.0723471 ], [ -56.7738741, -30.0715922 ], [ -56.7731775, -30.0712991 ], [ -56.7726346, -30.0707336 ], [ -56.7720732, -30.0692906 ], [ -56.7720145, -30.0686051 ], [ -56.7722875, -30.0684265 ], [ -56.7733533, -30.0682588 ], [ -56.7736214, -30.0676868 ], [ -56.7734355, -30.0673107 ], [ -56.7734055, -30.066431 ], [ -56.7728981, -30.0664161 ], [ -56.7728142, -30.0661815 ], [ -56.7725926, -30.066114 ], [ -56.7713654, -30.063542399999989 ], [ -56.7709902, -30.0632039 ], [ -56.7707261, -30.062147099999983 ], [ -56.7709054, -30.0614311 ], [ -56.7701183, -30.0614173 ], [ -56.77004, -30.061178 ], [ -56.7697943, -30.0611533 ], [ -56.7689155, -30.0601707 ], [ -56.7670587, -30.059638499999984 ], [ -56.76675, -30.0592925 ], [ -56.7664609, -30.0583755 ], [ -56.7662152, -30.0584003 ], [ -56.7661166, -30.0586461 ], [ -56.7652726, -30.0586309 ], [ -56.7647736, -30.0576511 ], [ -56.7634831, -30.0565549 ], [ -56.7630319, -30.0552187 ], [ -56.762077, -30.0549013 ], [ -56.7613591, -30.054005 ], [ -56.7606701, -30.0537024 ], [ -56.7598162, -30.0539357 ], [ -56.7588068, -30.0538527 ], [ -56.7585069, -30.0535723 ], [ -56.7582752, -30.0528459 ], [ -56.757737, -30.0523467 ], [ -56.7571395, -30.0522898 ], [ -56.7563435, -30.0524662 ], [ -56.755249, -30.0519321 ], [ -56.7550801, -30.0514809 ], [ -56.7552531, -30.0504718 ], [ -56.7542883, -30.049910599999983 ], [ -56.7533022, -30.049017399999986 ], [ -56.752923, -30.0490657 ], [ -56.7525489, -30.0497662 ], [ -56.7518265, -30.0496581 ], [ -56.7509736, -30.049154899999987 ], [ -56.7499993, -30.0478773 ], [ -56.7489608, -30.0469867 ], [ -56.7492188, -30.04662380000001 ], [ -56.7492725, -30.0462149 ], [ -56.7494969, -30.0460686 ], [ -56.7495163, -30.0455978 ], [ -56.7487906, -30.045243 ], [ -56.747731, -30.0443004 ], [ -56.7469415, -30.044138899999989 ], [ -56.7462773, -30.043743799999987 ], [ -56.7457907, -30.0438083 ], [ -56.7456388, -30.0437005 ], [ -56.7454568, -30.0432247 ], [ -56.7458602, -30.042590499999989 ], [ -56.7458855, -30.0417544 ], [ -56.7455405, -30.040210300000012 ], [ -56.7448669, -30.0397056 ], [ -56.7445457, -30.0392609 ], [ -56.7445167, -30.038501199999985 ], [ -56.744794, -30.03782 ], [ -56.7442661, -30.0378123 ], [ -56.7442385, -30.037542199999987 ], [ -56.7436096, -30.0375409 ], [ -56.7419571, -30.0378677 ], [ -56.741935, -30.0398756 ], [ -56.7399516, -30.0402531 ], [ -56.7392787, -30.0399267 ], [ -56.7385472, -30.0389429 ], [ -56.7378496, -30.0386534 ], [ -56.7377984, -30.0380117 ], [ -56.7375209, -30.0373965 ], [ -56.7366378, -30.0364998 ], [ -56.735868, -30.036215 ], [ -56.7349112, -30.036601899999983 ], [ -56.7343126, -30.0362441 ], [ -56.7336829, -30.0361534 ], [ -56.7349682, -30.0343738 ], [ -56.7347279, -30.0335224 ], [ -56.7340936, -30.0327148 ], [ -56.7346636, -30.032115 ], [ -56.7337845, -30.0317615 ], [ -56.7320182, -30.0316716 ], [ -56.7311828, -30.0314312 ], [ -56.7313292, -30.031041 ], [ -56.7312146, -30.0303408 ], [ -56.7315123, -30.0289699 ], [ -56.7318733, -30.0284881 ], [ -56.7303377, -30.0280234 ], [ -56.7300717, -30.0275423 ], [ -56.7293436, -30.0274711 ], [ -56.7288651, -30.027062099999984 ], [ -56.7282237, -30.0269106 ], [ -56.727757, -30.0265042 ], [ -56.7270666, -30.0262794 ], [ -56.726937, -30.0246403 ], [ -56.7261036, -30.0240599 ], [ -56.7257126, -30.0240628 ], [ -56.7254669, -30.0236096 ], [ -56.7257912, -30.022658 ], [ -56.7251407, -30.0215767 ], [ -56.7252927, -30.0208283 ], [ -56.7251935, -30.0203875 ], [ -56.7240857, -30.0202399 ], [ -56.7232475, -30.0193848 ], [ -56.7231372, -30.0188848 ], [ -56.723302, -30.0178932 ], [ -56.7222503, -30.0168367 ], [ -56.7213207, -30.0163222 ], [ -56.7210285, -30.0157196 ], [ -56.7202161, -30.015279 ], [ -56.7199311, -30.0143199 ], [ -56.7188841, -30.0141294 ], [ -56.7183917, -30.013653 ], [ -56.7174301, -30.0140403 ], [ -56.7171682, -30.0143914 ], [ -56.716351, -30.0149569 ], [ -56.715913, -30.0150023 ], [ -56.7153339, -30.0148153 ], [ -56.7135288, -30.0146677 ], [ -56.7131651, -30.0140278 ], [ -56.7131271, -30.0133757 ], [ -56.7127066, -30.0132561 ], [ -56.7121416, -30.0125806 ], [ -56.7105118, -30.0128658 ], [ -56.7100715, -30.0133757 ], [ -56.7094526, -30.0131585 ], [ -56.7088197, -30.0132553 ], [ -56.7085359, -30.0129396 ], [ -56.7075937, -30.0124347 ], [ -56.7074043, -30.0121576 ], [ -56.7074342, -30.01177 ], [ -56.7062577, -30.0101024 ], [ -56.7052615, -30.0097963 ], [ -56.7036738, -30.010285 ], [ -56.7033118, -30.0102661 ], [ -56.7030247, -30.0100601 ], [ -56.7027394, -30.0092984 ], [ -56.7021161, -30.0085745 ], [ -56.7016531, -30.0077021 ], [ -56.7009671, -30.0071173 ], [ -56.7008627, -30.0058824 ], [ -56.700627, -30.005320099999988 ], [ -56.6991192, -30.0058637 ], [ -56.698611, -30.005821 ], [ -56.6980124, -30.0054146 ], [ -56.6976164, -30.0053284 ], [ -56.6961296, -30.0053283 ], [ -56.6953631, -30.0055994 ], [ -56.6950342, -30.0055527 ], [ -56.6943058, -30.0051739 ], [ -56.6940219, -30.0046144 ], [ -56.6938565, -30.0037312 ], [ -56.6929875, -30.0026513 ], [ -56.6926366, -30.0029461 ], [ -56.6925058, -30.0037676 ], [ -56.6921369, -30.004422 ], [ -56.6918093, -30.004674499999989 ], [ -56.6913064, -30.0047456 ], [ -56.6909509, -30.0046381 ], [ -56.68987, -30.00371 ], [ -56.6884343, -30.0036115 ], [ -56.6868979, -30.0032026 ], [ -56.6857003, -30.0038786 ], [ -56.6849013, -30.0038621 ], [ -56.6843587, -30.0035664 ], [ -56.6838212, -30.0028349 ], [ -56.6831268, -30.0025424 ], [ -56.6830065, -30.001523699999986 ], [ -56.6813355, -30.0007017 ], [ -56.6810091, -30.0009471 ], [ -56.6808378, -30.0015578 ], [ -56.6805289, -30.0019145 ], [ -56.6797768, -30.0022437 ], [ -56.6790731, -30.0021902 ], [ -56.6785014, -30.0016361 ], [ -56.6782949, -30.0006806 ], [ -56.6777107, -29.9999792 ], [ -56.6776981, -29.9994964 ], [ -56.6772528, -29.9990528 ], [ -56.6764822, -29.9989637 ], [ -56.6748829, -29.9993484 ], [ -56.6747935, -29.9984185 ], [ -56.6750117, -29.9975403 ], [ -56.6748929, -29.9973497 ], [ -56.6743273, -29.9974082 ], [ -56.6737608, -29.9970708 ], [ -56.6731268, -29.9969869 ], [ -56.6730396, -29.9977326 ], [ -56.6725577, -29.9982328 ], [ -56.6718333, -29.9981539 ], [ -56.6709961, -29.9983398 ], [ -56.6706789, -29.9982478 ], [ -56.6698804, -29.997601299999989 ], [ -56.6679763, -29.9971564 ], [ -56.6676148, -29.996363099999989 ], [ -56.667945, -29.9956773 ], [ -56.6685468, -29.995193 ], [ -56.6684192, -29.9942546 ], [ -56.6685673, -29.9934207 ], [ -56.6682807, -29.9926457 ], [ -56.6668192, -29.9917669 ], [ -56.6654994, -29.99144720000001 ], [ -56.6642154, -29.991427 ], [ -56.662661, -29.9919524 ], [ -56.6615535, -29.9914659 ], [ -56.6612672, -29.9915793 ], [ -56.6602697, -29.9927646 ], [ -56.6597371, -29.9930746 ], [ -56.6594727, -29.9930944 ], [ -56.658922, -29.9926611 ], [ -56.6585855, -29.9925727 ], [ -56.6574778, -29.9929741 ], [ -56.656989, -29.9925923 ], [ -56.6555806, -29.9925549 ], [ -56.6546238, -29.9929871 ], [ -56.652989, -29.9915987 ], [ -56.6526432, -29.990663 ], [ -56.6518194, -29.9903627 ], [ -56.6511467, -29.9903295 ], [ -56.6499543, -29.990805 ], [ -56.6496206, -29.990525 ], [ -56.6493606, -29.9895903 ], [ -56.6485826, -29.9893116 ], [ -56.64846, -29.9894837 ], [ -56.6486386, -29.990375 ], [ -56.6483334, -29.9909998 ], [ -56.6475268, -29.9918622 ], [ -56.6467512, -29.9923584 ], [ -56.6464959, -29.9924129 ], [ -56.6461821, -29.9922648 ], [ -56.6448553, -29.9896147 ], [ -56.6445379, -29.9883383 ], [ -56.6445154, -29.9872648 ], [ -56.6452771, -29.9874382 ], [ -56.6460783, -29.9871891 ], [ -56.6463975, -29.9869405 ], [ -56.6467043, -29.9864854 ], [ -56.6469032, -29.9848098 ], [ -56.6464599, -29.9839314 ], [ -56.6454814, -29.9840994 ], [ -56.6452848, -29.9832505 ], [ -56.6449991, -29.982872 ], [ -56.6446231, -29.9826262 ], [ -56.6440695, -29.9826637 ], [ -56.643627, -29.9818509 ], [ -56.6427717, -29.9816494 ], [ -56.6424699, -29.9814386 ], [ -56.6419556, -29.9801824 ], [ -56.6409164, -29.9787976 ], [ -56.6409219, -29.9770255 ], [ -56.641234, -29.9762872 ], [ -56.6427133, -29.9749153 ], [ -56.6425802, -29.9741611 ], [ -56.6427053, -29.9736914 ], [ -56.6436375, -29.9732398 ], [ -56.6439243, -29.972879499999987 ], [ -56.643899, -29.972416 ], [ -56.6435287, -29.971875 ], [ -56.6435572, -29.9714839 ], [ -56.6428854, -29.9703675 ], [ -56.6428382, -29.9695223 ], [ -56.6429428, -29.9690103 ], [ -56.6438748, -29.9680192 ], [ -56.6441371, -29.9674365 ], [ -56.6434813, -29.9665525 ], [ -56.6432657, -29.965635 ], [ -56.6418365, -29.9644088 ], [ -56.6413563, -29.9620656 ], [ -56.6401963, -29.9611033 ], [ -56.6402997, -29.9609436 ], [ -56.6412328, -29.9608067 ], [ -56.6414312, -29.9605556 ], [ -56.6414556, -29.9579432 ], [ -56.6411246, -29.9573631 ], [ -56.6400295, -29.9575473 ], [ -56.6390293, -29.9580677 ], [ -56.6382274, -29.9580261 ], [ -56.637936, -29.957753 ], [ -56.6378486, -29.957421 ], [ -56.6380221, -29.95595040000001 ], [ -56.6369691, -29.9548948 ], [ -56.6362966, -29.9546731 ], [ -56.6356263, -29.9542092 ], [ -56.6342769, -29.9544184 ], [ -56.6335606, -29.9542309 ], [ -56.6329572, -29.954288 ], [ -56.6313251, -29.9551558 ], [ -56.6308451, -29.955739 ], [ -56.6301244, -29.9560199 ], [ -56.6295726, -29.9566028 ], [ -56.6286956, -29.9561505 ], [ -56.6271202, -29.9560707 ], [ -56.6258785, -29.9548007 ], [ -56.6225707, -29.9547648 ], [ -56.6225707, -29.9533759 ], [ -56.621951, -29.9529287 ], [ -56.6212733, -29.9533186 ], [ -56.6200142, -29.9536471 ], [ -56.6193464, -29.9533754 ], [ -56.6186818, -29.952542599999987 ], [ -56.6175812, -29.9525636 ], [ -56.6171741, -29.952741 ], [ -56.6168536, -29.9526263 ], [ -56.6161313, -29.9527987 ], [ -56.6153039, -29.9525388 ], [ -56.6145493, -29.9520403 ], [ -56.6138489, -29.9524301 ], [ -56.6111817, -29.9525426 ], [ -56.6113405, -29.9521522 ], [ -56.6111433, -29.9511116 ], [ -56.6104458, -29.949965799999987 ], [ -56.6102693, -29.949095 ], [ -56.6093782, -29.9486598 ], [ -56.6092373, -29.9486538 ], [ -56.6086685, -29.9493948 ], [ -56.6082192, -29.949708799999986 ], [ -56.6071616, -29.9495099 ], [ -56.6063905, -29.9495448 ], [ -56.6056948, -29.949974799999989 ], [ -56.6047197, -29.9501042 ], [ -56.6037521, -29.9505357 ], [ -56.6025133, -29.9506712 ], [ -56.6019083, -29.9513473 ], [ -56.6007989, -29.9519042 ], [ -56.5989733, -29.9520225 ], [ -56.5981901, -29.9524599 ], [ -56.5975705, -29.9525427 ], [ -56.5973089, -29.9520373 ], [ -56.5972641, -29.9504872 ], [ -56.5968166, -29.9499447 ], [ -56.5967372, -29.9494871 ], [ -56.5960084, -29.9499531 ], [ -56.5951714, -29.949420199999988 ], [ -56.5953142, -29.9484732 ], [ -56.5951177, -29.947312 ], [ -56.5939548, -29.9472691 ], [ -56.5929943, -29.9475135 ], [ -56.5911348, -29.9475979 ], [ -56.5907837, -29.9485601 ], [ -56.5898932, -29.9489025 ], [ -56.5886006, -29.9486015 ], [ -56.5872237, -29.9480275 ], [ -56.5868739, -29.9473032 ], [ -56.5861527, -29.9468214 ], [ -56.5850704, -29.946709399999989 ], [ -56.584968, -29.9463528 ], [ -56.5843242, -29.9455262 ], [ -56.5839818, -29.9441067 ], [ -56.5840906, -29.9437566 ], [ -56.5847284, -29.9433108 ], [ -56.5849503, -29.9429461 ], [ -56.5840569, -29.94232 ], [ -56.5824015, -29.9419014 ], [ -56.5814593, -29.9414316 ], [ -56.5804748, -29.941351 ], [ -56.5770938, -29.9400922 ], [ -56.5754473, -29.9401628 ], [ -56.5753481, -29.9400428 ], [ -56.5744972, -29.9399602 ], [ -56.5741051, -29.9395843 ], [ -56.573833, -29.9395487 ], [ -56.5731558, -29.9398769 ], [ -56.5728927, -29.9403093 ], [ -56.5736815, -29.9428206 ], [ -56.5727362, -29.9435778 ], [ -56.5716222, -29.9438667 ], [ -56.5710072, -29.9435822 ], [ -56.5693972, -29.942358 ], [ -56.5679669, -29.94217050000001 ], [ -56.5670944, -29.9414829 ], [ -56.5662841, -29.9414482 ], [ -56.5656259, -29.9417095 ], [ -56.5652999, -29.940729 ], [ -56.5646842, -29.939777499999987 ], [ -56.5643254, -29.9395394 ], [ -56.5632108, -29.939261 ], [ -56.5620147, -29.9392095 ], [ -56.5619978, -29.9386878 ], [ -56.561766, -29.9386309 ], [ -56.5617369, -29.938376199999983 ], [ -56.5608017, -29.9376233 ], [ -56.5568468, -29.937456 ], [ -56.5561171, -29.9365751 ], [ -56.5554442, -29.9362564 ], [ -56.5552816, -29.9351933 ], [ -56.5549734, -29.9348375 ], [ -56.5536192, -29.9343269 ], [ -56.5528819, -29.9346965 ], [ -56.5518486, -29.9344073 ], [ -56.5515602, -29.93413150000001 ], [ -56.5510582, -29.9329367 ], [ -56.5499295, -29.9329953 ], [ -56.5497924, -29.9319873 ], [ -56.548851, -29.9316628 ], [ -56.5471804, -29.930672 ], [ -56.5464717, -29.9306239 ], [ -56.5457908, -29.930913 ], [ -56.5449481, -29.9318901 ], [ -56.5440072, -29.9318882 ], [ -56.5436839, -29.9328608 ], [ -56.5441351, -29.9343243 ], [ -56.5441427, -29.9348913 ], [ -56.5437674, -29.935224 ], [ -56.5428479, -29.9347651 ], [ -56.5421178, -29.9338502 ], [ -56.5416671, -29.9328757 ], [ -56.5407587, -29.9321593 ], [ -56.5402833, -29.9315715 ], [ -56.5396087, -29.9312622 ], [ -56.5396719, -29.930436 ], [ -56.5393058, -29.9298465 ], [ -56.5392368, -29.9292096 ], [ -56.5383284, -29.9289333 ], [ -56.53657, -29.9291005 ], [ -56.535146, -29.928712399999984 ], [ -56.5335577, -29.9284809 ], [ -56.5322923, -29.928654 ], [ -56.5317369, -29.9303693 ], [ -56.5320145, -29.931431800000013 ], [ -56.5315322, -29.9319027 ], [ -56.5307214, -29.9320631 ], [ -56.5301489, -29.9324266 ], [ -56.5300177, -29.9334144 ], [ -56.5295857, -29.934088 ], [ -56.5291926, -29.93591 ], [ -56.5287722, -29.9360267 ], [ -56.5285153, -29.9364745 ], [ -56.5289574, -29.937879100000011 ], [ -56.528959, -29.938098500000013 ], [ -56.5287286, -29.9381507 ], [ -56.5286596, -29.9385704 ], [ -56.5284121, -29.938766 ], [ -56.5286812, -29.9392096 ], [ -56.527416, -29.9391932 ], [ -56.527201, -29.9389641 ], [ -56.5268192, -29.9388882 ], [ -56.5267367, -29.9386541 ], [ -56.5252031, -29.9386775 ], [ -56.5242612, -29.9389161 ], [ -56.5232406, -29.9387784 ], [ -56.5226079, -29.9391347 ], [ -56.5218086, -29.9387117 ], [ -56.5211956, -29.9386828 ], [ -56.5206871, -29.9389753 ], [ -56.520168, -29.9395563 ], [ -56.5203311, -29.9408299 ], [ -56.5199226, -29.9413431 ], [ -56.5186017, -29.9414922 ], [ -56.5183272, -29.9421302 ], [ -56.5179644, -29.942267 ], [ -56.5172788, -29.9422457 ], [ -56.5155479, -29.9417318 ], [ -56.5151062, -29.9427716 ], [ -56.5150075, -29.9448939 ], [ -56.5139991, -29.9461201 ], [ -56.5140753, -29.9471798 ], [ -56.5137351, -29.9471445 ], [ -56.5127413, -29.9463465 ], [ -56.5126181, -29.9459338 ], [ -56.5114991, -29.9456488 ], [ -56.5106256, -29.9455986 ], [ -56.5105297, -29.9471895 ], [ -56.5096576, -29.947861 ], [ -56.5091576, -29.9488739 ], [ -56.5082349, -29.9495936 ], [ -56.508634, -29.9502767 ], [ -56.5086868, -29.951370299999986 ], [ -56.5086169, -29.9518318 ], [ -56.5081788, -29.9525112 ], [ -56.5080701, -29.9534676 ], [ -56.5050248, -29.9533777 ], [ -56.5046113, -29.9534588 ], [ -56.5043269, -29.9537186 ], [ -56.5047706, -29.9559764 ], [ -56.5045145, -29.956987500000011 ], [ -56.5050599, -29.9571823 ], [ -56.5060063, -29.9569804 ], [ -56.5069749, -29.9571069 ], [ -56.5074894, -29.957611 ], [ -56.5077531, -29.9581651 ], [ -56.5076457, -29.9590743 ], [ -56.5079076, -29.959899 ], [ -56.5081888, -29.9602693 ], [ -56.5088002, -29.9607822 ], [ -56.5096467, -29.9609917 ], [ -56.5107432, -29.9621787 ], [ -56.5122533, -29.9621215 ], [ -56.5129393, -29.963215 ], [ -56.5133153, -29.9635404 ], [ -56.5131992, -29.9646287 ], [ -56.5138517, -29.965241100000011 ], [ -56.513959, -29.9655986 ], [ -56.5142301, -29.9656138 ], [ -56.5145137, -29.9673156 ], [ -56.5141753, -29.9684234 ], [ -56.5137241, -29.9689574 ], [ -56.513936, -29.9702739 ], [ -56.5134683, -29.9713059 ], [ -56.5131822, -29.9728981 ], [ -56.5138243, -29.9738186 ], [ -56.5146187, -29.973776 ], [ -56.5147369, -29.9738801 ], [ -56.5145298, -29.9747124 ], [ -56.5145203, -29.9773228 ], [ -56.5152235, -29.9775141 ], [ -56.5162984, -29.977088 ], [ -56.5171561, -29.9771088 ], [ -56.5174327, -29.9777015 ], [ -56.5182991, -29.978458300000014 ], [ -56.5185454, -29.9790976 ], [ -56.5191272, -29.9795744 ], [ -56.5192924, -29.9806375 ], [ -56.5195349, -29.9808431 ], [ -56.520991, -29.9810975 ], [ -56.5221443, -29.9801216 ], [ -56.522709, -29.9801596 ], [ -56.5226143, -29.9807649 ], [ -56.5227807, -29.981430899999985 ], [ -56.5226504, -29.9821251 ], [ -56.5232952, -29.9829033 ], [ -56.5235363, -29.9838999 ], [ -56.5245175, -29.9847761 ], [ -56.5241545, -29.9852566 ], [ -56.5229474, -29.9856655 ], [ -56.5230501, -29.9860329 ], [ -56.5228451, -29.986421 ], [ -56.5236087, -29.9867635 ], [ -56.5243893, -29.9875953 ], [ -56.5242774, -29.9889734 ], [ -56.5247173, -29.9896387 ], [ -56.525133, -29.9910197 ], [ -56.5253861, -29.9912999 ], [ -56.5266236, -29.9912401 ], [ -56.5269705, -29.991552799999987 ], [ -56.5272926, -29.9922652 ], [ -56.5279318, -29.9920131 ], [ -56.5290552, -29.9919798 ], [ -56.53052, -29.9923485 ], [ -56.5313999, -29.9935224 ], [ -56.5315463, -29.9945273 ], [ -56.5317171, -29.9947709 ], [ -56.5319507, -29.9945942 ], [ -56.5329452, -29.994442 ], [ -56.5333257, -29.9941416 ], [ -56.5336603, -29.9931986 ], [ -56.533202, -29.9923977 ], [ -56.5332228, -29.9920583 ], [ -56.5338235, -29.9912461 ], [ -56.5345679, -29.9912127 ], [ -56.535212, -29.9924295 ], [ -56.5364032, -29.9926797 ], [ -56.5374204, -29.993831 ], [ -56.538359, -29.9943382 ], [ -56.5395587, -29.9954609 ], [ -56.5405846, -29.9954564 ], [ -56.5414795, -29.9966016 ], [ -56.541934, -29.9969344 ], [ -56.543088, -29.9971946 ], [ -56.5438082, -29.9970092 ], [ -56.5444059, -29.9970649 ], [ -56.5447429, -29.9973979 ], [ -56.5450576, -29.9983112 ], [ -56.5463355, -29.9984546 ], [ -56.5476655, -29.9989884 ], [ -56.5481775, -29.9996319 ], [ -56.5488821, -30.000104 ], [ -56.5493653, -30.0007751 ], [ -56.5508898, -30.0017107 ], [ -56.5518722, -30.0009743 ], [ -56.5527144, -30.0007498 ], [ -56.552631, -29.9993621 ], [ -56.5529408, -29.9984499 ], [ -56.5536091, -29.9973798 ], [ -56.5538609, -29.996238 ], [ -56.5540992, -29.9962599 ], [ -56.5544177, -29.9966323 ], [ -56.5560053, -29.997441 ], [ -56.556714, -29.9974222 ], [ -56.5573177, -29.9982736 ], [ -56.5577364, -29.9985921 ], [ -56.5580796, -29.9985441 ], [ -56.5589435, -29.9978168 ], [ -56.559626, -29.9982873 ], [ -56.5609726, -29.9984401 ], [ -56.5614025, -29.9993525 ], [ -56.5615462, -30.000709699999987 ], [ -56.5619256, -30.0010395 ], [ -56.5624191, -30.001888 ], [ -56.5638118, -30.0028567 ], [ -56.5636806, -30.003393 ], [ -56.564325, -30.004881 ], [ -56.5654661, -30.0055055 ], [ -56.5665352, -30.005658300000011 ], [ -56.5680482, -30.0063093 ], [ -56.5686219, -30.0077478 ], [ -56.5685251, -30.0082662 ], [ -56.5686402, -30.008911 ], [ -56.5684066, -30.0097235 ], [ -56.5684967, -30.0102411 ], [ -56.5699933, -30.0113755 ], [ -56.5716062, -30.0112542 ], [ -56.5720151, -30.0125429 ], [ -56.5715353, -30.0130157 ], [ -56.570743, -30.0131907 ], [ -56.5693605, -30.014029 ], [ -56.5687424, -30.0149133 ], [ -56.5686924, -30.0178703 ], [ -56.5689492, -30.0190785 ], [ -56.5688206, -30.0194516 ], [ -56.5682632, -30.0198979 ], [ -56.5683541, -30.0205008 ], [ -56.5682296, -30.0210454 ], [ -56.5685034, -30.0213467 ], [ -56.5697193, -30.0219106 ], [ -56.5711818, -30.0219873 ], [ -56.5712386, -30.0232322 ], [ -56.5718377, -30.0244081 ], [ -56.5724801, -30.0249377 ], [ -56.5729026, -30.0262968 ], [ -56.5744124, -30.0273381 ], [ -56.5742754, -30.0282716 ], [ -56.5745115, -30.029173 ], [ -56.5744587, -30.0304488 ], [ -56.5731909, -30.0317308 ], [ -56.5725708, -30.0319873 ], [ -56.5725793, -30.0325097 ], [ -56.5729607, -30.0332877 ], [ -56.5750717, -30.0342261 ], [ -56.5747015, -30.0349706 ], [ -56.5737187, -30.0358128 ], [ -56.57347, -30.0363058 ], [ -56.5732614, -30.0374368 ], [ -56.5725163, -30.0375467 ], [ -56.5715266, -30.037391 ], [ -56.5705074, -30.0381763 ], [ -56.5708313, -30.0390708 ], [ -56.5705357, -30.0396861 ], [ -56.5698551, -30.04046880000001 ], [ -56.5696083, -30.0416366 ], [ -56.5705467, -30.0424223 ], [ -56.5709042, -30.0430984 ], [ -56.57117, -30.043089 ], [ -56.5711819, -30.0428207 ], [ -56.5719094, -30.0425877 ], [ -56.5728221, -30.0425802 ], [ -56.5737775, -30.043279 ], [ -56.574552, -30.0431703 ], [ -56.5755206, -30.0434536 ], [ -56.57614, -30.0437781 ], [ -56.5771342, -30.0446719 ], [ -56.5780188, -30.0448539 ], [ -56.5790438, -30.045361399999983 ], [ -56.5791151, -30.0455468 ], [ -56.5787132, -30.046690899999984 ], [ -56.57937, -30.047975 ], [ -56.5802319, -30.047351 ], [ -56.581375, -30.0475251 ], [ -56.5823166, -30.0472989 ], [ -56.5829294, -30.0473187 ], [ -56.5841324, -30.0483347 ], [ -56.5846845, -30.0485715 ], [ -56.5852522, -30.0485228 ], [ -56.5860742, -30.049571 ], [ -56.586284, -30.050244 ], [ -56.5866234, -30.0505653 ], [ -56.5872495, -30.050817 ], [ -56.587885, -30.0506749 ], [ -56.5885036, -30.0507872 ], [ -56.5889709, -30.0505982 ], [ -56.5898808, -30.0509237 ], [ -56.5899589, -30.0511034 ], [ -56.5897637, -30.0514836 ], [ -56.5893018, -30.0519562 ], [ -56.5891327, -30.0527387 ], [ -56.5881932, -30.0535895 ], [ -56.5884043, -30.0553206 ], [ -56.5897754, -30.0552876 ], [ -56.5910394, -30.054782699999983 ], [ -56.5921403, -30.0549131 ], [ -56.5929255, -30.054836 ], [ -56.5931157, -30.0551697 ], [ -56.593254, -30.0569596 ], [ -56.5936, -30.0572106 ], [ -56.5946879, -30.0573518 ], [ -56.5955116, -30.0578565 ], [ -56.5955529, -30.058487 ], [ -56.5945537, -30.0590586 ], [ -56.5942845, -30.0594817 ], [ -56.5946459, -30.0610483 ], [ -56.5967377, -30.0617095 ], [ -56.5966386, -30.0620695 ], [ -56.595412, -30.0632357 ], [ -56.5957104, -30.0641322 ], [ -56.5966573, -30.0653008 ], [ -56.5985731, -30.0656845 ], [ -56.5996629, -30.066740799999987 ], [ -56.6000447, -30.0682807 ], [ -56.5996239, -30.0693758 ], [ -56.6007363, -30.0708632 ], [ -56.6011043, -30.0710989 ], [ -56.6026672, -30.0713947 ], [ -56.6040727, -30.0709443 ], [ -56.6047263, -30.0714732 ], [ -56.6050731, -30.0722818 ], [ -56.6043382, -30.0738197 ], [ -56.6052823, -30.0749181 ], [ -56.6053993, -30.0764651 ], [ -56.6055609, -30.0766397 ], [ -56.6069149, -30.0770688 ], [ -56.6079977, -30.0779467 ], [ -56.6078808, -30.0786069 ], [ -56.6079844, -30.0793513 ], [ -56.6074027, -30.0796706 ], [ -56.60712, -30.0806133 ], [ -56.6067094, -30.0808181 ], [ -56.6048895, -30.0804118 ], [ -56.6042846, -30.081278199999989 ], [ -56.6039555, -30.0822863 ], [ -56.6051647, -30.0835801 ], [ -56.6063542, -30.084015299999983 ], [ -56.6070157, -30.0844872 ], [ -56.6067802, -30.0862123 ], [ -56.6072179, -30.0868668 ], [ -56.6073567, -30.0876691 ], [ -56.6078859, -30.0887174 ], [ -56.6093957, -30.0897869 ], [ -56.6099305, -30.0904929 ], [ -56.6108262, -30.0910384 ], [ -56.6108472, -30.0915538 ], [ -56.610373, -30.0923013 ], [ -56.6103726, -30.093086399999986 ], [ -56.6106269, -30.0936539 ], [ -56.6110108, -30.0937699 ], [ -56.6116064, -30.0943203 ], [ -56.6107438, -30.0956635 ], [ -56.6109079, -30.096053500000011 ], [ -56.611476, -30.096406 ], [ -56.6128184, -30.0964051 ], [ -56.6147206, -30.0956586 ], [ -56.6159776, -30.0955346 ], [ -56.6168598, -30.0948485 ], [ -56.6172025, -30.0947931 ], [ -56.6175193, -30.0948846 ], [ -56.6186355, -30.0957273 ], [ -56.6191107, -30.0965991 ], [ -56.6201336, -30.0971381 ], [ -56.6205707, -30.0965103 ], [ -56.6218276, -30.096241 ], [ -56.6221623, -30.0969389 ], [ -56.6232278, -30.0976023 ], [ -56.6233522, -30.0978919 ], [ -56.6227295, -30.098831299999986 ], [ -56.6214436, -30.099681 ], [ -56.6211825, -30.100320499999988 ], [ -56.6216371, -30.1003328 ], [ -56.6218135, -30.1005725 ], [ -56.6222495, -30.1006331 ], [ -56.6223025, -30.1012074 ], [ -56.6230497, -30.1017712 ], [ -56.6236137, -30.1024772 ], [ -56.6245918, -30.1029683 ], [ -56.6251743, -30.1029089 ], [ -56.6258199, -30.1033205 ], [ -56.6269328, -30.1036253 ], [ -56.6272549, -30.1035338 ], [ -56.6276973, -30.103090299999984 ], [ -56.6276822, -30.1023448 ], [ -56.6284808, -30.1013051 ], [ -56.6294432, -30.1006502 ], [ -56.6301304, -30.1006707 ], [ -56.6305267, -30.101014700000011 ], [ -56.6310117, -30.1007015 ], [ -56.6313554, -30.1006977 ], [ -56.6323352, -30.101645100000013 ], [ -56.6330151, -30.1016126 ], [ -56.6335769, -30.1013646 ], [ -56.6342522, -30.100597 ], [ -56.6355246, -30.1012421 ], [ -56.6362878, -30.1018971 ], [ -56.6365653, -30.1019175 ], [ -56.6380227, -30.1010728 ], [ -56.6393823, -30.1000052 ], [ -56.6394845, -30.0995846 ], [ -56.6393014, -30.098934 ], [ -56.6394499, -30.0987215 ], [ -56.6416891, -30.0981045 ], [ -56.6430438, -30.0981243 ], [ -56.6436826, -30.098376 ], [ -56.6446417, -30.0976419 ], [ -56.6452466, -30.0974615 ], [ -56.6455962, -30.0970378 ], [ -56.6457944, -30.0949309 ], [ -56.6454212, -30.0932342 ], [ -56.6463098, -30.092081 ], [ -56.6470022, -30.0917084 ], [ -56.6478982, -30.0926892 ], [ -56.6488372, -30.0929177 ], [ -56.6496381, -30.0935574 ], [ -56.6509317, -30.0939549 ], [ -56.6515055, -30.09464220000001 ], [ -56.6521983, -30.0949856 ], [ -56.6537631, -30.0948164 ], [ -56.6554518, -30.0955933 ], [ -56.6556619, -30.0951097 ], [ -56.6561493, -30.0946988 ], [ -56.6562658, -30.0942059 ], [ -56.6569991, -30.094381 ], [ -56.6576541, -30.0951715 ], [ -56.6579829, -30.0953011 ], [ -56.6592748, -30.0951193 ], [ -56.6600729, -30.0955435 ], [ -56.6607858, -30.0954423 ], [ -56.661922, -30.0955923 ], [ -56.6633356, -30.095160599999989 ], [ -56.664614, -30.0963412 ], [ -56.665905, -30.0961537 ], [ -56.6660779, -30.0965433 ], [ -56.6659884, -30.0971958 ], [ -56.6666196, -30.0976335 ], [ -56.667477, -30.09863 ], [ -56.668323, -30.0983477 ], [ -56.6687455, -30.0978749 ], [ -56.6690049, -30.0978238 ], [ -56.6693581, -30.0983276 ], [ -56.6702505, -30.0990098 ], [ -56.6707585, -30.0999421 ], [ -56.6718905, -30.1006523 ], [ -56.6715053, -30.1013875 ], [ -56.6715151, -30.1021106 ], [ -56.6723588, -30.1037914 ], [ -56.6730044, -30.1043191 ], [ -56.6731101, -30.1046682 ], [ -56.6730053, -30.1050047 ], [ -56.6721054, -30.1059601 ], [ -56.672048, -30.106492 ], [ -56.6726704, -30.10719 ], [ -56.673632, -30.1074443 ], [ -56.6739068, -30.107965 ], [ -56.6741361, -30.1091021 ], [ -56.673847, -30.1093946 ], [ -56.6728903, -30.1097064 ], [ -56.6726702, -30.110141 ], [ -56.6725803, -30.1111 ], [ -56.6727762, -30.1124084 ], [ -56.6708889, -30.113847899999985 ], [ -56.6706408, -30.1142794 ], [ -56.6706634, -30.1147809 ], [ -56.6712537, -30.1158201 ], [ -56.6723372, -30.1168656 ], [ -56.6731991, -30.1174285 ], [ -56.6743098, -30.11717 ], [ -56.6745162, -30.116987 ], [ -56.6755953, -30.117017 ], [ -56.6779464, -30.1178692 ], [ -56.6782761, -30.1181269 ], [ -56.6784458, -30.120086200000014 ], [ -56.6791697, -30.1210294 ], [ -56.6792847, -30.1220299 ], [ -56.6797565, -30.1233298 ], [ -56.6797941, -30.1253203 ], [ -56.6807816, -30.1253343 ], [ -56.6812685, -30.1258491 ], [ -56.6817385, -30.1258759 ], [ -56.682425, -30.124034699999985 ], [ -56.6835436, -30.1232659 ], [ -56.6840162, -30.1224011 ], [ -56.6848685, -30.1222017 ], [ -56.6852158, -30.121954399999986 ], [ -56.6860745, -30.120790299999989 ], [ -56.6863289, -30.119879699999988 ], [ -56.6868909, -30.1196648 ], [ -56.6876751, -30.1190051 ], [ -56.6882892, -30.1187282 ], [ -56.6891453, -30.1188774 ], [ -56.6900681, -30.1187029 ], [ -56.6908369, -30.1191383 ], [ -56.6919096, -30.1192926 ], [ -56.6924492, -30.1195836 ], [ -56.6935466, -30.1210428 ], [ -56.6945824, -30.121226 ], [ -56.6952674, -30.1216458 ], [ -56.6962364, -30.1215058 ], [ -56.6974669, -30.1217111 ], [ -56.697572, -30.1214314 ], [ -56.6981232, -30.121520199999985 ] ] ] } },
{ "type": "Feature", "properties": { "wts_pk": 133692, "codigo_otto": "82622", "nivel_otto_declarado": 5, "area_m2_bho": 1042.408582334853, "nivel_otto": 5 }, "geometry": { "type": "Polygon", "coordinates": [ [ [ -56.153413509524249, -30.059644102112667 ], [ -56.1534018, -30.0592111 ], [ -56.152992100966678, -30.059015559509803 ], [ -56.153413509524249, -30.059644102112667 ] ] ] } },
{ "type": "Feature", "properties": { "wts_pk": 133664, "codigo_otto": "82569", "nivel_otto_declarado": 5, "area_m2_bho": 113.76156655458995, "nivel_otto": 5 }, "geometry": { "type": "Polygon", "coordinates": [ [ [ -56.5967846, -29.9498778 ], [ -56.5972641, -29.9504872 ], [ -56.5973089, -29.9520373 ], [ -56.597595, -29.9525456 ], [ -56.5981901, -29.9524599 ], [ -56.5989733, -29.9520225 ], [ -56.6007989, -29.9519042 ], [ -56.6019083, -29.9513473 ], [ -56.6025133, -29.9506712 ], [ -56.6037521, -29.9505357 ], [ -56.6047197, -29.9501042 ], [ -56.6056948, -29.949974799999989 ], [ -56.6063905, -29.9495448 ], [ -56.6071616, -29.9495099 ], [ -56.6082192, -29.949708799999986 ], [ -56.6086173, -29.9494476 ], [ -56.6092584, -29.9486514 ], [ -56.6102693, -29.949095 ], [ -56.6104458, -29.949965799999987 ], [ -56.6111433, -29.9511116 ], [ -56.6113405, -29.9521522 ], [ -56.6111817, -29.9525426 ], [ -56.6138489, -29.9524301 ], [ -56.6145493, -29.9520403 ], [ -56.6153039, -29.9525388 ], [ -56.6160599, -29.9527843 ], [ -56.61652, -29.9527908 ], [ -56.6168536, -29.9526263 ], [ -56.6171741, -29.952741 ], [ -56.6175812, -29.9525636 ], [ -56.6186818, -29.952542599999987 ], [ -56.6189702, -29.9521661 ], [ -56.6197728, -29.9516008 ], [ -56.6201762, -29.9506816 ], [ -56.6211225, -29.9496188 ], [ -56.6214417, -29.9481718 ], [ -56.6212778, -29.9479542 ], [ -56.6199598, -29.9474985 ], [ -56.6185622, -29.9465259 ], [ -56.6179639, -29.9463403 ], [ -56.6168206, -29.9454313 ], [ -56.6164975, -29.944255 ], [ -56.6164297, -29.9425889 ], [ -56.6161898, -29.9418531 ], [ -56.6162697, -29.9406705 ], [ -56.6166536, -29.9403728 ], [ -56.617657, -29.940257 ], [ -56.6185259, -29.9399639 ], [ -56.6185358, -29.9398535 ], [ -56.6179603, -29.9395569 ], [ -56.6178447, -29.938948 ], [ -56.6186025, -29.9384202 ], [ -56.6193838, -29.9383977 ], [ -56.6201602, -29.9386104 ], [ -56.6215343, -29.9383753 ], [ -56.622989, -29.938637299999986 ], [ -56.6238459, -29.9385715 ], [ -56.6253922, -29.9371143 ], [ -56.6269432, -29.936096899999985 ], [ -56.6279656, -29.9347843 ], [ -56.628905, -29.9343513 ], [ -56.6309486, -29.932668 ], [ -56.6313503, -29.9326364 ], [ -56.6320683, -29.9332499 ], [ -56.6325171, -29.9333687 ], [ -56.6330093, -29.9333029 ], [ -56.6336179, -29.9327764 ], [ -56.633924, -29.9322824 ], [ -56.6340403, -29.9316131 ], [ -56.6344522, -29.931002 ], [ -56.6345719, -29.9299937 ], [ -56.6349415, -29.9293329 ], [ -56.6340117, -29.928426 ], [ -56.6337342, -29.9276161 ], [ -56.6338855, -29.9269529 ], [ -56.6336817, -29.9264314 ], [ -56.6328188, -29.926369 ], [ -56.6320514, -29.9259466 ], [ -56.6314378, -29.9261191 ], [ -56.6308181, -29.926102399999987 ], [ -56.6301528, -29.9255243 ], [ -56.6301242, -29.9246451 ], [ -56.6308514, -29.923791099999985 ], [ -56.6311538, -29.9229228 ], [ -56.6307414, -29.9223831 ], [ -56.6307868, -29.9218237 ], [ -56.6302508, -29.920771099999989 ], [ -56.6292859, -29.920364 ], [ -56.6292372, -29.9189314 ], [ -56.6304813, -29.9191933 ], [ -56.6335801, -29.9192167 ], [ -56.6346608, -29.919471 ], [ -56.6357101, -29.9194423 ], [ -56.6363384, -29.9191156 ], [ -56.6379231, -29.9173238 ], [ -56.6386359, -29.9168582 ], [ -56.6391491, -29.9162713 ], [ -56.6395209, -29.9161331 ], [ -56.6387802, -29.9155202 ], [ -56.6386106, -29.9146442 ], [ -56.6382012, -29.914057300000014 ], [ -56.6377718, -29.9129734 ], [ -56.6362312, -29.9118552 ], [ -56.6357717, -29.9112581 ], [ -56.6348954, -29.9107945 ], [ -56.6345682, -29.9104623 ], [ -56.6339733, -29.9091127 ], [ -56.6345174, -29.9078374 ], [ -56.6344408, -29.9074415 ], [ -56.6329962, -29.9053497 ], [ -56.6320236, -29.9045407 ], [ -56.6320429, -29.9043247 ], [ -56.6325096, -29.904161 ], [ -56.6330688, -29.9036084 ], [ -56.6331261, -29.9030981 ], [ -56.6347042, -29.9032474 ], [ -56.634857, -29.9018602 ], [ -56.6357605, -29.9002671 ], [ -56.6352083, -29.899865899999984 ], [ -56.6355375, -29.8993315 ], [ -56.6357045, -29.89854260000001 ], [ -56.6362756, -29.8981718 ], [ -56.6372121, -29.8978678 ], [ -56.6388614, -29.8979142 ], [ -56.6393268, -29.89678 ], [ -56.6405701, -29.895739 ], [ -56.6413221, -29.8937578 ], [ -56.6419541, -29.8936365 ], [ -56.6430162, -29.8937283 ], [ -56.6441387, -29.8942863 ], [ -56.6453324, -29.8953228 ], [ -56.6454504, -29.894591 ], [ -56.6461214, -29.8937287 ], [ -56.6456946, -29.8930963 ], [ -56.6458802, -29.8924209 ], [ -56.6458973, -29.8913764 ], [ -56.6451343, -29.8906592 ], [ -56.6455083, -29.8898807 ], [ -56.645152, -29.8893333 ], [ -56.64501, -29.8882466 ], [ -56.6446796, -29.8879101 ], [ -56.6437972, -29.8877289 ], [ -56.6434919, -29.8874729 ], [ -56.6434038, -29.8861536 ], [ -56.642658, -29.8856508 ], [ -56.640918, -29.8855624 ], [ -56.6395377, -29.8852822 ], [ -56.6392832, -29.8850819 ], [ -56.6386788, -29.8830302 ], [ -56.6393278, -29.8815908 ], [ -56.6397682, -29.8811346 ], [ -56.6395149, -29.8794869 ], [ -56.6390457, -29.8790771 ], [ -56.6388302, -29.8778491 ], [ -56.6370217, -29.8762087 ], [ -56.6370148, -29.8742091 ], [ -56.6367981, -29.8738699 ], [ -56.6367039, -29.8727648 ], [ -56.6356917, -29.8718358 ], [ -56.6353102, -29.8691574 ], [ -56.6349813, -29.8684461 ], [ -56.6341822, -29.86767570000001 ], [ -56.6332664, -29.8672302 ], [ -56.6332448, -29.8664508 ], [ -56.6318805, -29.8652035 ], [ -56.6315904, -29.8645959 ], [ -56.6310307, -29.8645058 ], [ -56.6299793, -29.864709 ], [ -56.6289592, -29.8642092 ], [ -56.6292043, -29.86331 ], [ -56.6285473, -29.8620927 ], [ -56.6265691, -29.8615108 ], [ -56.6255312, -29.861653900000011 ], [ -56.625121, -29.861307 ], [ -56.6252208, -29.8606686 ], [ -56.6260716, -29.8600087 ], [ -56.6263653, -29.8593781 ], [ -56.6254055, -29.8585011 ], [ -56.625402, -29.8574174 ], [ -56.6264315, -29.8565951 ], [ -56.6271563, -29.855431 ], [ -56.6282756, -29.8549372 ], [ -56.6283764, -29.854587499999987 ], [ -56.6282527, -29.8539823 ], [ -56.6284861, -29.8535328 ], [ -56.6291836, -29.8528908 ], [ -56.629104, -29.8525839 ], [ -56.6284656, -29.8520245 ], [ -56.6283513, -29.8508299 ], [ -56.6279681, -29.850205 ], [ -56.6280586, -29.8490893 ], [ -56.6274202, -29.848543 ], [ -56.6272922, -29.8481434 ], [ -56.6273789, -29.8476255 ], [ -56.6279197, -29.846860899999989 ], [ -56.6289635, -29.8458565 ], [ -56.6280397, -29.8448273 ], [ -56.6274094, -29.8443807 ], [ -56.6273046, -29.8440304 ], [ -56.6273752, -29.843739 ], [ -56.6280207, -29.8430201 ], [ -56.6282869, -29.8423331 ], [ -56.6290505, -29.8413093 ], [ -56.6296702, -29.8408381 ], [ -56.629749, -29.8405258 ], [ -56.6291953, -29.8398984 ], [ -56.628522, -29.839673 ], [ -56.6282232, -29.8394105 ], [ -56.6277111, -29.8382062 ], [ -56.6262038, -29.8380553 ], [ -56.6253479, -29.8378203 ], [ -56.6257959, -29.8370926 ], [ -56.6255616, -29.8360328 ], [ -56.6248141, -29.8352728 ], [ -56.625079, -29.8336321 ], [ -56.6243575, -29.8332777 ], [ -56.6242835, -29.8330949 ], [ -56.6249824, -29.831915099999989 ], [ -56.6250013, -29.8315706 ], [ -56.6234671, -29.8296144 ], [ -56.623305, -29.8273425 ], [ -56.6222053, -29.8257578 ], [ -56.6215716, -29.8255026 ], [ -56.6207537, -29.8249197 ], [ -56.6211588, -29.8240358 ], [ -56.6206724, -29.8231099 ], [ -56.6204342, -29.8221655 ], [ -56.6206848, -29.8215768 ], [ -56.6212832, -29.8212361 ], [ -56.6223715, -29.8210923 ], [ -56.6238177, -29.8204809 ], [ -56.6229828, -29.820233 ], [ -56.6226464, -29.8199918 ], [ -56.6223543, -29.819626499999988 ], [ -56.6221813, -29.8190121 ], [ -56.6218579, -29.8187456 ], [ -56.6214589, -29.818653599999987 ], [ -56.6214507, -29.81839 ], [ -56.6215825, -29.8176402 ], [ -56.6233288, -29.815999 ], [ -56.6236718, -29.8153741 ], [ -56.6236807, -29.8148473 ], [ -56.6234208, -29.814731 ], [ -56.6234034, -29.8144869 ], [ -56.6221313, -29.8138355 ], [ -56.6215144, -29.8129502 ], [ -56.6215413, -29.8124317 ], [ -56.6219314, -29.8121086 ], [ -56.62226, -29.81149 ], [ -56.6222479, -29.8110149 ], [ -56.6219508, -29.8104714 ], [ -56.6206378, -29.8100427 ], [ -56.6203478, -29.8100425 ], [ -56.6203358, -29.8103108 ], [ -56.62007, -29.8103203 ], [ -56.6200318, -29.8086054 ], [ -56.6193273, -29.8079374 ], [ -56.6193167, -29.8076066 ], [ -56.6196512, -29.8068242 ], [ -56.6210706, -29.8066153 ], [ -56.6213808, -29.8063578 ], [ -56.6216211, -29.8057857 ], [ -56.6212296, -29.8052644 ], [ -56.6212831, -29.8043002 ], [ -56.6204566, -29.8041218 ], [ -56.6198575, -29.803719 ], [ -56.620233, -29.8027127 ], [ -56.6201192, -29.8019234 ], [ -56.6206287, -29.801419 ], [ -56.6201165, -29.800777699999987 ], [ -56.6200202, -29.8001331 ], [ -56.6196939, -29.8000532 ], [ -56.6189588, -29.8003203 ], [ -56.6182324, -29.7993789 ], [ -56.6185616, -29.798826399999989 ], [ -56.6184073, -29.7979621 ], [ -56.618443, -29.7960548 ], [ -56.6191625, -29.7956456 ], [ -56.620452, -29.79575 ], [ -56.6209265, -29.7953889 ], [ -56.6216753, -29.7954272 ], [ -56.6214832, -29.7940288 ], [ -56.6225178, -29.7936124 ], [ -56.6225699, -29.793098 ], [ -56.6212415, -29.7924226 ], [ -56.6213796, -29.7918511 ], [ -56.6211877, -29.790816 ], [ -56.6216434, -29.7903785 ], [ -56.6229476, -29.7902737 ], [ -56.6233254, -29.7899809 ], [ -56.6236548, -29.7892809 ], [ -56.623681, -29.788098 ], [ -56.624452, -29.7876592 ], [ -56.624504, -29.7867485 ], [ -56.6241431, -29.785951499999989 ], [ -56.6235064, -29.7852375 ], [ -56.6233329, -29.7841749 ], [ -56.622922, -29.7837068 ], [ -56.6229547, -29.7834483 ], [ -56.6235583, -29.7826696 ], [ -56.6229579, -29.7821626 ], [ -56.6228476, -29.7814313 ], [ -56.6219314, -29.7814284 ], [ -56.6217376, -29.781265 ], [ -56.6217558, -29.7807262 ], [ -56.6222421, -29.7805069 ], [ -56.6224435, -29.7795762 ], [ -56.6222393, -29.7783401 ], [ -56.6218197, -29.7779398 ], [ -56.6212383, -29.7768367 ], [ -56.62119, -29.7760992 ], [ -56.6213529, -29.7754176 ], [ -56.6210971, -29.7748278 ], [ -56.6207559, -29.7745978 ], [ -56.6200441, -29.7750075 ], [ -56.6190076, -29.7749225 ], [ -56.6187423, -29.7746291 ], [ -56.6185792, -29.7740131 ], [ -56.6179092, -29.7729567 ], [ -56.6174368, -29.7718143 ], [ -56.6163171, -29.771119 ], [ -56.616075, -29.770404 ], [ -56.6154275, -29.7697851 ], [ -56.6147389, -29.769877299999983 ], [ -56.6142983, -29.7702734 ], [ -56.6137264, -29.7702055 ], [ -56.6129188, -29.7687746 ], [ -56.6127659, -29.76798590000001 ], [ -56.611992, -29.7672615 ], [ -56.6110733, -29.7675892 ], [ -56.6105098, -29.7680067 ], [ -56.6099373, -29.7682131 ], [ -56.6095714, -29.768579 ], [ -56.6085182, -29.7687447 ], [ -56.6076136, -29.769483 ], [ -56.6070544, -29.7694418 ], [ -56.605531, -29.7689595 ], [ -56.6040485, -29.7693699 ], [ -56.6031721, -29.7716561 ], [ -56.6032252, -29.7721051 ], [ -56.6035337, -29.772431 ], [ -56.602114, -29.7732507 ], [ -56.6022057, -29.7740652 ], [ -56.601803, -29.7746271 ], [ -56.6013211, -29.7758401 ], [ -56.6001265, -29.7763837 ], [ -56.5996907, -29.778018 ], [ -56.5989586, -29.7792092 ], [ -56.5986619, -29.7792722 ], [ -56.5984694, -29.7795145 ], [ -56.5982418, -29.780433 ], [ -56.5983071, -29.7807768 ], [ -56.598052, -29.781275 ], [ -56.5963006, -29.7818041 ], [ -56.595495, -29.7824442 ], [ -56.5946733, -29.7826602 ], [ -56.594605, -29.7832757 ], [ -56.5935569, -29.7834925 ], [ -56.5927537, -29.7849683 ], [ -56.5922239, -29.7855443 ], [ -56.5918961, -29.7857825 ], [ -56.5910067, -29.7859579 ], [ -56.5904721, -29.7862523 ], [ -56.5902532, -29.7877458 ], [ -56.5897595, -29.7882576 ], [ -56.5889655, -29.7885986 ], [ -56.5889875, -29.7888704 ], [ -56.5892316, -29.7891085 ], [ -56.5889752, -29.7892821 ], [ -56.5886254, -29.7907527 ], [ -56.5881881, -29.7912792 ], [ -56.5880389, -29.7919187 ], [ -56.5872919, -29.7925426 ], [ -56.5873334, -29.7932876 ], [ -56.587801, -29.793746 ], [ -56.5879164, -29.7941548 ], [ -56.5884031, -29.794487 ], [ -56.588365, -29.795139 ], [ -56.5881027, -29.7956729 ], [ -56.5877291, -29.7958555 ], [ -56.5860075, -29.7959585 ], [ -56.5854706, -29.7962511 ], [ -56.5851554, -29.796645200000011 ], [ -56.5840936, -29.7970938 ], [ -56.5837581, -29.7976037 ], [ -56.5834355, -29.7983222 ], [ -56.5832852, -29.7993431 ], [ -56.5829008, -29.7999463 ], [ -56.5828472, -29.8011999 ], [ -56.5832801, -29.8021058 ], [ -56.5832572, -29.8024173 ], [ -56.5841429, -29.803198 ], [ -56.5842284, -29.8039861 ], [ -56.5835794, -29.8043887 ], [ -56.5827973, -29.804264 ], [ -56.5824212, -29.8045104 ], [ -56.582198, -29.8062868 ], [ -56.5808533, -29.8062258 ], [ -56.5804779, -29.8068672 ], [ -56.5792311, -29.8075226 ], [ -56.5798806, -29.8077853 ], [ -56.5803025, -29.8082356 ], [ -56.5805192, -29.8087604 ], [ -56.5804136, -29.809209 ], [ -56.5805877, -29.8099445 ], [ -56.5804639, -29.8104846 ], [ -56.5811489, -29.8116673 ], [ -56.5811421, -29.8123061 ], [ -56.580748, -29.8129362 ], [ -56.5808323, -29.8134482 ], [ -56.5804155, -29.8143481 ], [ -56.5804375, -29.8146129 ], [ -56.5817495, -29.8154517 ], [ -56.5824814, -29.8154222 ], [ -56.5828077, -29.8158627 ], [ -56.5820142, -29.8175426 ], [ -56.5816207, -29.8176401 ], [ -56.5801499, -29.818605 ], [ -56.5796636, -29.8185475 ], [ -56.5793819, -29.8179341 ], [ -56.5787737, -29.8175935 ], [ -56.5770377, -29.817262699999986 ], [ -56.5769967, -29.817509 ], [ -56.5767368, -29.8176253 ], [ -56.5767911, -29.8196236 ], [ -56.5771014, -29.8204366 ], [ -56.577747, -29.8209555 ], [ -56.578338, -29.8218627 ], [ -56.5786778, -29.8233278 ], [ -56.5784031, -29.8247649 ], [ -56.5789101, -29.8251654 ], [ -56.5791432, -29.8256934 ], [ -56.5790197, -29.8263071 ], [ -56.5796729, -29.8270519 ], [ -56.5797952, -29.8274873 ], [ -56.5791806, -29.8276323 ], [ -56.5788107, -29.8279812 ], [ -56.5782649, -29.8282086 ], [ -56.5780247, -29.8290293 ], [ -56.5775822, -29.8296269 ], [ -56.5776547, -29.8313635 ], [ -56.5779766, -29.8318902 ], [ -56.5787819, -29.8323283 ], [ -56.5789073, -29.8325493 ], [ -56.5787025, -29.8329123 ], [ -56.577952, -29.8334553 ], [ -56.577585, -29.8345257 ], [ -56.5776228, -29.8356351 ], [ -56.5783059, -29.8362404 ], [ -56.5783534, -29.8368428 ], [ -56.5780425, -29.8374704 ], [ -56.5775348, -29.837976599999987 ], [ -56.576181, -29.8386538 ], [ -56.5761378, -29.8391109 ], [ -56.5756516, -29.8396189 ], [ -56.5756001, -29.8404671 ], [ -56.5753442, -29.8408631 ], [ -56.5763134, -29.8427157 ], [ -56.5781255, -29.8442093 ], [ -56.5781199, -29.8449601 ], [ -56.5778716, -29.8450875 ], [ -56.5778477, -29.8453204 ], [ -56.57722, -29.8453977 ], [ -56.5766046, -29.8457743 ], [ -56.5757062, -29.8460478 ], [ -56.5756316, -29.8465639 ], [ -56.575789, -29.8471539 ], [ -56.5755674, -29.8482241 ], [ -56.5745175, -29.8493601 ], [ -56.5746851, -29.8513235 ], [ -56.5742446, -29.852403 ], [ -56.574295, -29.8529423 ], [ -56.5748789, -29.8540474 ], [ -56.5764625, -29.8553352 ], [ -56.5759567, -29.8559877 ], [ -56.5750699, -29.858098299999984 ], [ -56.5747922, -29.8580983 ], [ -56.574568, -29.8585518 ], [ -56.5745274, -29.8593555 ], [ -56.5747706, -29.8600846 ], [ -56.5747905, -29.8608429 ], [ -56.5746956, -29.8612671 ], [ -56.5742965, -29.8617228 ], [ -56.5744926, -29.8620861 ], [ -56.5758277, -29.8631575 ], [ -56.5767392, -29.8641915 ], [ -56.5764896, -29.86503 ], [ -56.5768966, -29.8657101 ], [ -56.5768042, -29.866222 ], [ -56.5772734, -29.8680017 ], [ -56.5771288, -29.8683238 ], [ -56.5761811, -29.8689316 ], [ -56.576205, -29.8691645 ], [ -56.5764533, -29.869291900000015 ], [ -56.5764589, -29.8700427 ], [ -56.5749327, -29.8707582 ], [ -56.5745717, -29.8704091 ], [ -56.5737336, -29.8701892 ], [ -56.5729915, -29.8692966 ], [ -56.5724126, -29.8690306 ], [ -56.5711413, -29.8704734 ], [ -56.5695144, -29.8714316 ], [ -56.5693012, -29.8718364 ], [ -56.569776, -29.8724976 ], [ -56.5697874, -29.874505 ], [ -56.5702564, -29.8752124 ], [ -56.5697383, -29.8757384 ], [ -56.5690928, -29.8759891 ], [ -56.5689763, -29.8764099 ], [ -56.569361, -29.8774385 ], [ -56.5702689, -29.8779837 ], [ -56.5703478, -29.8789316 ], [ -56.569935, -29.8792557 ], [ -56.5694413, -29.8799849 ], [ -56.5685474, -29.880639 ], [ -56.5680184, -29.8813476 ], [ -56.5663699, -29.881432499999988 ], [ -56.5658273, -29.8813367 ], [ -56.5656128, -29.8811531 ], [ -56.5649123, -29.8815278 ], [ -56.5648226, -29.8818915 ], [ -56.5649989, -29.8825319 ], [ -56.5645452, -29.8831431 ], [ -56.5645259, -29.8841743 ], [ -56.5648253, -29.884643 ], [ -56.5655304, -29.8851482 ], [ -56.5656256, -29.8858761 ], [ -56.5646227, -29.886352099999986 ], [ -56.5638589, -29.8861848 ], [ -56.5634509, -29.8862795 ], [ -56.5630257, -29.8870909 ], [ -56.5626615, -29.8874381 ], [ -56.5624371, -29.8883489 ], [ -56.5618216, -29.8888663 ], [ -56.5609987, -29.8888027 ], [ -56.5605298, -29.8898937 ], [ -56.5589864, -29.8897961 ], [ -56.5576856, -29.8904152 ], [ -56.5573202, -29.8911681 ], [ -56.5574532, -29.8918768 ], [ -56.5571339, -29.8932114 ], [ -56.5572274, -29.893806 ], [ -56.5568891, -29.8943916 ], [ -56.5563804, -29.8945041 ], [ -56.5555643, -29.8944368 ], [ -56.5553827, -29.8941998 ], [ -56.55524, -29.893388 ], [ -56.5543848, -29.8933826 ], [ -56.5541567, -29.8936272 ], [ -56.5536811, -29.8936539 ], [ -56.5538941, -29.8951881 ], [ -56.5530748, -29.8960191 ], [ -56.5523821, -29.8963171 ], [ -56.5520637, -29.8971774 ], [ -56.5520145, -29.8978206 ], [ -56.5516148, -29.8977184 ], [ -56.5511133, -29.897127 ], [ -56.5507899, -29.8969974 ], [ -56.5495243, -29.8970126 ], [ -56.5484973, -29.8974709 ], [ -56.5478478, -29.8972651 ], [ -56.5472029, -29.898491 ], [ -56.5465606, -29.8990138 ], [ -56.5458622, -29.9001923 ], [ -56.5455208, -29.9002511 ], [ -56.5445995, -29.8998228 ], [ -56.5441504, -29.8998247 ], [ -56.5434033, -29.9007044 ], [ -56.543034, -29.9008498 ], [ -56.5426871, -29.9007975 ], [ -56.5418574, -29.9002239 ], [ -56.5415834, -29.8997151 ], [ -56.5415706, -29.8992929 ], [ -56.5409868, -29.898868 ], [ -56.540181, -29.897889099999986 ], [ -56.5399055, -29.8979116 ], [ -56.5389433, -29.8986186 ], [ -56.5372549, -29.89864 ], [ -56.5364231, -29.8984048 ], [ -56.5357566, -29.8983948 ], [ -56.5354434, -29.8985368 ], [ -56.5350606, -29.8991703 ], [ -56.5343148, -29.8994296 ], [ -56.5338723, -29.8993885 ], [ -56.5336572, -29.899204 ], [ -56.533302, -29.8993274 ], [ -56.5331464, -29.8997508 ], [ -56.5334893, -29.9007137 ], [ -56.5341344, -29.9012345 ], [ -56.5348622, -29.9024876 ], [ -56.5354052, -29.9029604 ], [ -56.5360882, -29.90327 ], [ -56.5362475, -29.9046184 ], [ -56.5368, -29.9052785 ], [ -56.5372245, -29.905491899999987 ], [ -56.5380163, -29.9052434 ], [ -56.5388679, -29.9045747 ], [ -56.5391302, -29.9045839 ], [ -56.5396288, -29.904938 ], [ -56.540999, -29.9053694 ], [ -56.5413358, -29.905622099999988 ], [ -56.5414589, -29.9069873 ], [ -56.5406366, -29.9067536 ], [ -56.5398276, -29.9069091 ], [ -56.5390443, -29.9067424 ], [ -56.5384721, -29.9070338 ], [ -56.5371936, -29.9091316 ], [ -56.5360067, -29.9106801 ], [ -56.5350136, -29.9129613 ], [ -56.5338594, -29.9146865 ], [ -56.5323729, -29.9155433 ], [ -56.5300237, -29.9156131 ], [ -56.5292366, -29.9158763 ], [ -56.5292697, -29.9167465 ], [ -56.5295766, -29.917679 ], [ -56.5308308, -29.9188063 ], [ -56.5311908, -29.9198065 ], [ -56.5311459, -29.9203623 ], [ -56.5307023, -29.9210362 ], [ -56.5305221, -29.9219054 ], [ -56.5295638, -29.9230558 ], [ -56.5294531, -29.9241479 ], [ -56.5292338, -29.9245041 ], [ -56.529304, -29.924885 ], [ -56.5297909, -29.9252901 ], [ -56.53015, -29.9252599 ], [ -56.5307438, -29.924855 ], [ -56.531127, -29.924782 ], [ -56.5328257, -29.9250764 ], [ -56.5330103, -29.9252151 ], [ -56.5323893, -29.925750699999988 ], [ -56.5317062, -29.926872 ], [ -56.5309764, -29.9274383 ], [ -56.5309703, -29.9284924 ], [ -56.5313404, -29.9286391 ], [ -56.5320417, -29.928496 ], [ -56.5323801, -29.928655799999984 ], [ -56.5335577, -29.9284809 ], [ -56.535146, -29.928712399999984 ], [ -56.53657, -29.9291005 ], [ -56.5383284, -29.9289333 ], [ -56.5392368, -29.9292096 ], [ -56.5393058, -29.9298465 ], [ -56.5396719, -29.930436 ], [ -56.5396087, -29.9312622 ], [ -56.5402833, -29.9315715 ], [ -56.5407587, -29.9321593 ], [ -56.5416671, -29.9328757 ], [ -56.5421506, -29.93389740000001 ], [ -56.5428479, -29.9347651 ], [ -56.5432207, -29.9349738 ], [ -56.5438129, -29.9352301 ], [ -56.544138, -29.9349456 ], [ -56.5441351, -29.9343243 ], [ -56.5436839, -29.9328608 ], [ -56.5440072, -29.9318882 ], [ -56.5449481, -29.9318901 ], [ -56.5457908, -29.930913 ], [ -56.5463753, -29.9306427 ], [ -56.5470934, -29.930644 ], [ -56.5483014, -29.9312327 ], [ -56.548851, -29.9316628 ], [ -56.5497924, -29.9319873 ], [ -56.5499295, -29.9329953 ], [ -56.5510582, -29.9329367 ], [ -56.5515602, -29.93413150000001 ], [ -56.5518486, -29.9344073 ], [ -56.5528819, -29.9346965 ], [ -56.5536192, -29.9343269 ], [ -56.5549734, -29.9348375 ], [ -56.5552816, -29.9351933 ], [ -56.5554442, -29.9362564 ], [ -56.5561171, -29.9365751 ], [ -56.5568468, -29.937456 ], [ -56.5607115, -29.937591699999984 ], [ -56.5617369, -29.938376199999983 ], [ -56.561766, -29.9386309 ], [ -56.5619978, -29.9386878 ], [ -56.5620147, -29.9392095 ], [ -56.5630941, -29.9392395 ], [ -56.5644077, -29.9395718 ], [ -56.5650219, -29.940173599999987 ], [ -56.5656259, -29.9417095 ], [ -56.5662841, -29.9414482 ], [ -56.5670944, -29.9414829 ], [ -56.5679669, -29.94217050000001 ], [ -56.5693972, -29.942358 ], [ -56.5710072, -29.9435822 ], [ -56.5718483, -29.9438692 ], [ -56.5727362, -29.9435778 ], [ -56.5736815, -29.9428206 ], [ -56.5728961, -29.9403812 ], [ -56.5732149, -29.9398299 ], [ -56.5739765, -29.9395442 ], [ -56.5744972, -29.9399602 ], [ -56.5753481, -29.9400428 ], [ -56.5754473, -29.9401628 ], [ -56.5770938, -29.9400922 ], [ -56.5804748, -29.941351 ], [ -56.5814593, -29.9414316 ], [ -56.5824015, -29.9419014 ], [ -56.5840569, -29.94232 ], [ -56.5848827, -29.9428642 ], [ -56.5848954, -29.9431171 ], [ -56.5839968, -29.9439523 ], [ -56.5843242, -29.9455262 ], [ -56.584968, -29.9463528 ], [ -56.5850704, -29.946709399999989 ], [ -56.5859456, -29.946752099999987 ], [ -56.5866405, -29.947063600000018 ], [ -56.5872237, -29.9480275 ], [ -56.5886006, -29.9486015 ], [ -56.5900812, -29.9488953 ], [ -56.5908312, -29.9485045 ], [ -56.5911348, -29.9475979 ], [ -56.5929943, -29.9475135 ], [ -56.5939548, -29.9472691 ], [ -56.5950332, -29.9472886 ], [ -56.5952318, -29.947434700000013 ], [ -56.5951543, -29.9478814 ], [ -56.5953104, -29.9483921 ], [ -56.5951714, -29.949420199999988 ], [ -56.5960084, -29.9499531 ], [ -56.5967372, -29.9494871 ], [ -56.5967846, -29.9498778 ] ] ] } },
{ "type": "Feature", "properties": { "wts_pk": 133663, "codigo_otto": "82568", "nivel_otto_declarado": 5, "area_m2_bho": 84.890937505287425, "nivel_otto": 5 }, "geometry": { "type": "Polygon", "coordinates": [ [ [ -56.5321947, -29.8967064 ], [ -56.5326728, -29.8977942 ], [ -56.5336122, -29.8984306 ], [ -56.5336878, -29.8992677 ], [ -56.5340884, -29.8994317 ], [ -56.5351363, -29.8991355 ], [ -56.5354434, -29.8985368 ], [ -56.5356569, -29.8984139 ], [ -56.5364231, -29.8984048 ], [ -56.5373727, -29.8986482 ], [ -56.5388376, -29.8986352 ], [ -56.539192, -29.8985204 ], [ -56.5399055, -29.8979116 ], [ -56.540181, -29.897889099999986 ], [ -56.5409868, -29.898868 ], [ -56.5415706, -29.8992929 ], [ -56.5415834, -29.8997151 ], [ -56.5418574, -29.9002239 ], [ -56.5429418, -29.9008503 ], [ -56.5433477, -29.9007525 ], [ -56.5441504, -29.8998247 ], [ -56.5445995, -29.8998228 ], [ -56.5455208, -29.9002511 ], [ -56.5458622, -29.9001923 ], [ -56.5465606, -29.8990138 ], [ -56.5472029, -29.898491 ], [ -56.5478478, -29.8972651 ], [ -56.5484973, -29.8974709 ], [ -56.5495243, -29.8970126 ], [ -56.5507899, -29.8969974 ], [ -56.5511133, -29.897127 ], [ -56.5516148, -29.8977184 ], [ -56.5520145, -29.8978206 ], [ -56.5520637, -29.8971774 ], [ -56.5523821, -29.8963171 ], [ -56.5530748, -29.8960191 ], [ -56.5538941, -29.8951881 ], [ -56.5536811, -29.8936539 ], [ -56.5541567, -29.8936272 ], [ -56.5543848, -29.8933826 ], [ -56.55524, -29.893388 ], [ -56.5553827, -29.8941998 ], [ -56.5555643, -29.8944368 ], [ -56.5563804, -29.8945041 ], [ -56.5568891, -29.8943916 ], [ -56.5572274, -29.893806 ], [ -56.5571339, -29.8932114 ], [ -56.5574532, -29.8918768 ], [ -56.5573202, -29.8911681 ], [ -56.5576856, -29.8904152 ], [ -56.5589864, -29.8897961 ], [ -56.5605298, -29.8898937 ], [ -56.5609987, -29.8888027 ], [ -56.5618216, -29.8888663 ], [ -56.5624371, -29.8883489 ], [ -56.5626615, -29.8874381 ], [ -56.5630257, -29.8870909 ], [ -56.5634509, -29.8862795 ], [ -56.5638589, -29.8861848 ], [ -56.5646227, -29.886352099999986 ], [ -56.5656256, -29.8858761 ], [ -56.5655304, -29.8851482 ], [ -56.5648253, -29.884643 ], [ -56.5645259, -29.8841743 ], [ -56.5645452, -29.8831431 ], [ -56.5649989, -29.8825319 ], [ -56.5648226, -29.8818915 ], [ -56.5649123, -29.8815278 ], [ -56.5656128, -29.8811531 ], [ -56.5658273, -29.8813367 ], [ -56.5663699, -29.881432499999988 ], [ -56.5680184, -29.8813476 ], [ -56.5685474, -29.880639 ], [ -56.5694413, -29.8799849 ], [ -56.569935, -29.8792557 ], [ -56.5703478, -29.8789316 ], [ -56.5702689, -29.8779837 ], [ -56.569361, -29.8774385 ], [ -56.5689763, -29.8764099 ], [ -56.5690928, -29.8759891 ], [ -56.5697383, -29.8757384 ], [ -56.5702564, -29.8752124 ], [ -56.5697874, -29.874505 ], [ -56.569776, -29.8724976 ], [ -56.5693012, -29.8718364 ], [ -56.5695144, -29.8714316 ], [ -56.5711413, -29.8704734 ], [ -56.5724126, -29.8690306 ], [ -56.5729915, -29.8692966 ], [ -56.5737336, -29.8701892 ], [ -56.5745717, -29.8704091 ], [ -56.5749327, -29.8707582 ], [ -56.5764589, -29.8700427 ], [ -56.5764533, -29.869291900000015 ], [ -56.576205, -29.8691645 ], [ -56.5761811, -29.8689316 ], [ -56.5771288, -29.8683238 ], [ -56.5772734, -29.8680017 ], [ -56.5768042, -29.866222 ], [ -56.5768966, -29.8657101 ], [ -56.5764896, -29.86503 ], [ -56.5767392, -29.8641915 ], [ -56.5758277, -29.8631575 ], [ -56.5744926, -29.8620861 ], [ -56.5742965, -29.8617228 ], [ -56.5746956, -29.8612671 ], [ -56.5747905, -29.8608429 ], [ -56.5747706, -29.8600846 ], [ -56.5745274, -29.8593555 ], [ -56.574568, -29.8585518 ], [ -56.5747922, -29.8580983 ], [ -56.5750699, -29.858098299999984 ], [ -56.5759567, -29.8559877 ], [ -56.5764625, -29.8553352 ], [ -56.5748789, -29.8540474 ], [ -56.574295, -29.8529423 ], [ -56.5742446, -29.852403 ], [ -56.5746851, -29.8513235 ], [ -56.5745175, -29.8493601 ], [ -56.5755674, -29.8482241 ], [ -56.575789, -29.8471539 ], [ -56.5756316, -29.8465639 ], [ -56.5757062, -29.8460478 ], [ -56.5766046, -29.8457743 ], [ -56.57722, -29.8453977 ], [ -56.5778477, -29.8453204 ], [ -56.5778716, -29.8450875 ], [ -56.5781199, -29.8449601 ], [ -56.5781255, -29.8442093 ], [ -56.5763134, -29.8427157 ], [ -56.5753442, -29.8408631 ], [ -56.5756001, -29.8404671 ], [ -56.5756516, -29.8396189 ], [ -56.5761378, -29.8391109 ], [ -56.576181, -29.8386538 ], [ -56.5775348, -29.837976599999987 ], [ -56.5780425, -29.8374704 ], [ -56.5783534, -29.8368428 ], [ -56.5783059, -29.8362404 ], [ -56.5776228, -29.8356351 ], [ -56.577585, -29.8345257 ], [ -56.577952, -29.8334553 ], [ -56.5787025, -29.8329123 ], [ -56.5789073, -29.8325493 ], [ -56.5787819, -29.8323283 ], [ -56.5779766, -29.8318902 ], [ -56.5776547, -29.8313635 ], [ -56.5775822, -29.8296269 ], [ -56.5780247, -29.8290293 ], [ -56.5782649, -29.8282086 ], [ -56.5788107, -29.8279812 ], [ -56.5791806, -29.8276323 ], [ -56.5797952, -29.8274873 ], [ -56.5796729, -29.8270519 ], [ -56.5790197, -29.8263071 ], [ -56.5791432, -29.8256934 ], [ -56.5789101, -29.8251654 ], [ -56.5784031, -29.8247649 ], [ -56.5786778, -29.8233278 ], [ -56.578338, -29.8218627 ], [ -56.577747, -29.8209555 ], [ -56.5771014, -29.8204366 ], [ -56.5767911, -29.8196236 ], [ -56.5767368, -29.8176253 ], [ -56.5769967, -29.817509 ], [ -56.5770377, -29.817262699999986 ], [ -56.5787737, -29.8175935 ], [ -56.5793819, -29.8179341 ], [ -56.5796636, -29.8185475 ], [ -56.5801499, -29.818605 ], [ -56.5816207, -29.8176401 ], [ -56.5820142, -29.8175426 ], [ -56.5828077, -29.8158627 ], [ -56.5824814, -29.8154222 ], [ -56.5817495, -29.8154517 ], [ -56.5804375, -29.8146129 ], [ -56.5804155, -29.8143481 ], [ -56.5808323, -29.8134482 ], [ -56.580748, -29.8129362 ], [ -56.5811421, -29.8123061 ], [ -56.5811489, -29.8116673 ], [ -56.5804639, -29.8104846 ], [ -56.5805877, -29.8099445 ], [ -56.5804136, -29.809209 ], [ -56.5805192, -29.8087604 ], [ -56.5803025, -29.8082356 ], [ -56.5798806, -29.8077853 ], [ -56.5792311, -29.8075226 ], [ -56.5804779, -29.8068672 ], [ -56.5808533, -29.8062258 ], [ -56.582198, -29.8062868 ], [ -56.5824212, -29.8045104 ], [ -56.5827973, -29.804264 ], [ -56.5835794, -29.8043887 ], [ -56.5842284, -29.8039861 ], [ -56.5841429, -29.803198 ], [ -56.5832572, -29.8024173 ], [ -56.5832801, -29.8021058 ], [ -56.5828472, -29.8011999 ], [ -56.5829008, -29.7999463 ], [ -56.5832852, -29.7993431 ], [ -56.5834355, -29.7983222 ], [ -56.5837581, -29.7976037 ], [ -56.5840936, -29.7970938 ], [ -56.5851554, -29.796645200000011 ], [ -56.5854706, -29.7962511 ], [ -56.5860075, -29.7959585 ], [ -56.5877291, -29.7958555 ], [ -56.5881027, -29.7956729 ], [ -56.588365, -29.795139 ], [ -56.5884031, -29.794487 ], [ -56.5879164, -29.7941548 ], [ -56.587801, -29.793746 ], [ -56.5873334, -29.7932876 ], [ -56.5872919, -29.7925426 ], [ -56.5880389, -29.7919187 ], [ -56.5881881, -29.7912792 ], [ -56.5886254, -29.7907527 ], [ -56.5889752, -29.7892821 ], [ -56.5892316, -29.7891085 ], [ -56.5889875, -29.7888704 ], [ -56.5889655, -29.7885986 ], [ -56.5897595, -29.7882576 ], [ -56.5902532, -29.7877458 ], [ -56.5904721, -29.7862523 ], [ -56.5910067, -29.7859579 ], [ -56.5918961, -29.7857825 ], [ -56.5922239, -29.7855443 ], [ -56.5927537, -29.7849683 ], [ -56.5935569, -29.7834925 ], [ -56.594605, -29.7832757 ], [ -56.5946733, -29.7826602 ], [ -56.595495, -29.7824442 ], [ -56.5963006, -29.7818041 ], [ -56.598052, -29.781275 ], [ -56.5983071, -29.7807768 ], [ -56.5982418, -29.780433 ], [ -56.5984694, -29.7795145 ], [ -56.5986619, -29.7792722 ], [ -56.5989586, -29.7792092 ], [ -56.5996907, -29.778018 ], [ -56.6001265, -29.7763837 ], [ -56.6013211, -29.7758401 ], [ -56.601803, -29.7746271 ], [ -56.6022057, -29.7740652 ], [ -56.602114, -29.7732507 ], [ -56.6035337, -29.772431 ], [ -56.6032252, -29.7721051 ], [ -56.6031721, -29.7716561 ], [ -56.6040485, -29.7693699 ], [ -56.605531, -29.7689595 ], [ -56.6070544, -29.7694418 ], [ -56.6076136, -29.769483 ], [ -56.6085182, -29.7687447 ], [ -56.6095714, -29.768579 ], [ -56.6099373, -29.7682131 ], [ -56.6105098, -29.7680067 ], [ -56.6110733, -29.7675892 ], [ -56.6120142, -29.7672647 ], [ -56.6110008, -29.7666318 ], [ -56.610846, -29.7657442 ], [ -56.6105434, -29.765199899999985 ], [ -56.6095713, -29.7649047 ], [ -56.6082294, -29.76389570000001 ], [ -56.6078475, -29.7633758 ], [ -56.6071183, -29.762994 ], [ -56.6069353, -29.762643 ], [ -56.6064218, -29.7630759 ], [ -56.6042944, -29.7630728 ], [ -56.6032831, -29.7626325 ], [ -56.602337, -29.762413 ], [ -56.6021212, -29.7621581 ], [ -56.6021787, -29.7618149 ], [ -56.6019234, -29.7612178 ], [ -56.601638, -29.7609659 ], [ -56.6012839, -29.7609571 ], [ -56.5994368, -29.7621331 ], [ -56.5987251, -29.762125 ], [ -56.5976332, -29.7633138 ], [ -56.5964459, -29.7633781 ], [ -56.5955802, -29.7631642 ], [ -56.5951115, -29.7632754 ], [ -56.5947386, -29.7638422 ], [ -56.5937762, -29.7645705 ], [ -56.5933044, -29.7654524 ], [ -56.5926717, -29.7651914 ], [ -56.5921696, -29.765843 ], [ -56.5913248, -29.7662665 ], [ -56.5911442, -29.7675986 ], [ -56.5908563, -29.7679759 ], [ -56.5902702, -29.7680924 ], [ -56.5892893, -29.7679997 ], [ -56.5884716, -29.7690767 ], [ -56.5880416, -29.7704486 ], [ -56.5875368, -29.7707734 ], [ -56.5867878, -29.7707597 ], [ -56.5855448, -29.7695435 ], [ -56.5850136, -29.7692328 ], [ -56.5847124, -29.7692299 ], [ -56.5834385, -29.7702667 ], [ -56.5820927, -29.769328500000011 ], [ -56.5816165, -29.7696541 ], [ -56.5807712, -29.7698759 ], [ -56.5796742, -29.7707828 ], [ -56.5781731, -29.7710065 ], [ -56.5769694, -29.772137 ], [ -56.5756698, -29.7729512 ], [ -56.574689, -29.7740964 ], [ -56.5741666, -29.7735029 ], [ -56.5731074, -29.7736594 ], [ -56.5727369, -29.773208 ], [ -56.572337, -29.7731007 ], [ -56.5718545, -29.773182 ], [ -56.5709709, -29.7738856 ], [ -56.5701008, -29.7739029 ], [ -56.5698769, -29.773785 ], [ -56.5691329, -29.7726249 ], [ -56.5675695, -29.7725426 ], [ -56.567544, -29.7727658 ], [ -56.5669789, -29.7733277 ], [ -56.5665431, -29.7734348 ], [ -56.5658398, -29.7741594 ], [ -56.5652074, -29.7742447 ], [ -56.5650695, -29.7744871 ], [ -56.5645511, -29.7744475 ], [ -56.563526, -29.7738341 ], [ -56.5627798, -29.772596 ], [ -56.5618233, -29.7720382 ], [ -56.5584361, -29.7717804 ], [ -56.5574634, -29.7721884 ], [ -56.5568076, -29.7715071 ], [ -56.5551875, -29.7710553 ], [ -56.5544415, -29.7704478 ], [ -56.5535305, -29.7705653 ], [ -56.5511416, -29.7700792 ], [ -56.5500694, -29.7700427 ], [ -56.548804, -29.7693855 ], [ -56.5483591, -29.7685814 ], [ -56.5481166, -29.7684179 ], [ -56.5476819, -29.7684487 ], [ -56.545953, -29.7694204 ], [ -56.5454094, -29.7690167 ], [ -56.5436025, -29.7685938 ], [ -56.5426426, -29.7681587 ], [ -56.5413862, -29.7680369 ], [ -56.5398593, -29.7672113 ], [ -56.5395801, -29.7668337 ], [ -56.5394138, -29.7659551 ], [ -56.539078, -29.7656354 ], [ -56.5370657, -29.7650504 ], [ -56.5351063, -29.7650433 ], [ -56.5350693, -29.7653205 ], [ -56.5345137, -29.765320500000012 ], [ -56.5343798, -29.764623099999984 ], [ -56.5337286, -29.7643537 ], [ -56.532466, -29.7632121 ], [ -56.5321971, -29.7641248 ], [ -56.5318227, -29.7644394 ], [ -56.5304925, -29.7644823 ], [ -56.5292359, -29.7642094 ], [ -56.5291889, -29.765488 ], [ -56.5282604, -29.7663924 ], [ -56.5272915, -29.7664317 ], [ -56.526955, -29.76621 ], [ -56.5261398, -29.7661623 ], [ -56.5250342, -29.7666457 ], [ -56.524126, -29.7661778 ], [ -56.5221365, -29.76616 ], [ -56.5219861, -29.7666568 ], [ -56.5217511, -29.7667832 ], [ -56.5217359, -29.767265 ], [ -56.5197058, -29.7673193 ], [ -56.51906, -29.7677694 ], [ -56.5179559, -29.7681846 ], [ -56.5176531, -29.7684731 ], [ -56.5175692, -29.7692095 ], [ -56.5180739, -29.7689799 ], [ -56.518507, -29.7689765 ], [ -56.5192055, -29.7697128 ], [ -56.5192314, -29.7729467 ], [ -56.5190564, -29.7741399 ], [ -56.5195606, -29.7746307 ], [ -56.5202502, -29.7749331 ], [ -56.5207274, -29.7763506 ], [ -56.5217059, -29.7774923 ], [ -56.5216308, -29.7782269 ], [ -56.5209718, -29.7790862 ], [ -56.5209671, -29.7793501 ], [ -56.521909, -29.7804018 ], [ -56.5227051, -29.7822308 ], [ -56.5249809, -29.784369499999986 ], [ -56.5253471, -29.7844872 ], [ -56.52553, -29.7852061 ], [ -56.5252565, -29.7862555 ], [ -56.5243894, -29.7865525 ], [ -56.5238227, -29.7877866 ], [ -56.5229851, -29.788207600000014 ], [ -56.5223707, -29.7888177 ], [ -56.5222447, -29.7906416 ], [ -56.5218019, -29.7913632 ], [ -56.5219832, -29.7921627 ], [ -56.5217213, -29.7937444 ], [ -56.5213721, -29.7941414 ], [ -56.5204337, -29.7945558 ], [ -56.5197036, -29.795228 ], [ -56.519236, -29.7953206 ], [ -56.5197533, -29.7964391 ], [ -56.5194615, -29.7968522 ], [ -56.5188268, -29.797121 ], [ -56.5188653, -29.7983032 ], [ -56.5185722, -29.7985727 ], [ -56.5181887, -29.7986424 ], [ -56.517326, -29.7984582 ], [ -56.516689, -29.7985713 ], [ -56.5160998, -29.798224 ], [ -56.5159539, -29.7983162 ], [ -56.5164067, -29.7999966 ], [ -56.5161775, -29.8007751 ], [ -56.5164491, -29.8009245 ], [ -56.5164582, -29.8014317 ], [ -56.5175008, -29.801542200000011 ], [ -56.5182735, -29.8022899 ], [ -56.5184536, -29.804245 ], [ -56.5194287, -29.8052038 ], [ -56.519778, -29.8061939 ], [ -56.5197429, -29.806805 ], [ -56.5195138, -29.8072651 ], [ -56.5183517, -29.8082433 ], [ -56.5171403, -29.808754 ], [ -56.5169134, -29.8099634 ], [ -56.5161772, -29.8108577 ], [ -56.5166626, -29.811569 ], [ -56.5165321, -29.8124054 ], [ -56.5172302, -29.8138007 ], [ -56.5173578, -29.8148656 ], [ -56.5175703, -29.8153041 ], [ -56.5168376, -29.8159161 ], [ -56.5167966, -29.8162155 ], [ -56.5177076, -29.8165464 ], [ -56.5182381, -29.817056 ], [ -56.5179146, -29.8174932 ], [ -56.5179143, -29.8179447 ], [ -56.5185855, -29.8190048 ], [ -56.5187701, -29.8196384 ], [ -56.5192428, -29.8200632 ], [ -56.5182419, -29.820718799999987 ], [ -56.5186077, -29.8221267 ], [ -56.5176303, -29.822965600000011 ], [ -56.5174813, -29.8239704 ], [ -56.517062, -29.824966499999984 ], [ -56.5175466, -29.8262 ], [ -56.5173688, -29.8274109 ], [ -56.5177348, -29.8282096 ], [ -56.517697, -29.8285986 ], [ -56.5181202, -29.8293598 ], [ -56.5177743, -29.8301659 ], [ -56.5174355, -29.8304344 ], [ -56.517076, -29.8310849 ], [ -56.5153165, -29.8313959 ], [ -56.5133581, -29.8316406 ], [ -56.5124593, -29.8309677 ], [ -56.5121942, -29.8309502 ], [ -56.5116044, -29.8320674 ], [ -56.5110589, -29.8323314 ], [ -56.5104616, -29.8334237 ], [ -56.5113909, -29.8343608 ], [ -56.5118266, -29.8362592 ], [ -56.5127725, -29.8367686 ], [ -56.5134035, -29.8378042 ], [ -56.5126532, -29.8381691 ], [ -56.5123249, -29.838597 ], [ -56.5123636, -29.8390635 ], [ -56.512717, -29.8395869 ], [ -56.5121587, -29.840074500000011 ], [ -56.5120255, -29.8404543 ], [ -56.5119959, -29.8426809 ], [ -56.5117457, -29.8436125 ], [ -56.5118047, -29.8440552 ], [ -56.5121769, -29.8446007 ], [ -56.5119544, -29.8460038 ], [ -56.5111312, -29.8468555 ], [ -56.5102056, -29.8470949 ], [ -56.5098343, -29.8477278 ], [ -56.5097917, -29.848376299999984 ], [ -56.5105438, -29.8483856 ], [ -56.5106821, -29.8486364 ], [ -56.5111806, -29.848654 ], [ -56.5113965, -29.8491711 ], [ -56.5113124, -29.8493746 ], [ -56.5107098, -29.8496432 ], [ -56.510394, -29.8501714 ], [ -56.5101061, -29.8508292 ], [ -56.509784, -29.852565 ], [ -56.5105231, -29.8528935 ], [ -56.5108062, -29.8531749 ], [ -56.510975, -29.8540516 ], [ -56.5118079, -29.8555476 ], [ -56.5126348, -29.8560329 ], [ -56.5131086, -29.8560301 ], [ -56.5138089, -29.8567179 ], [ -56.5137642, -29.858584 ], [ -56.5145991, -29.8598786 ], [ -56.515307, -29.8602601 ], [ -56.5161146, -29.8618629 ], [ -56.5162653, -29.8626553 ], [ -56.5165557, -29.8627972 ], [ -56.5172919, -29.862820700000011 ], [ -56.517963, -29.8633621 ], [ -56.5181098, -29.8636944 ], [ -56.5182962, -29.864934 ], [ -56.5173841, -29.8659581 ], [ -56.5173166, -29.8664104 ], [ -56.5179957, -29.8675963 ], [ -56.5179557, -29.8682994 ], [ -56.5189164, -29.8691772 ], [ -56.5189395, -29.8700933 ], [ -56.5184914, -29.870545 ], [ -56.5161961, -29.8709155 ], [ -56.5159605, -29.8710871 ], [ -56.5164491, -29.872501 ], [ -56.5164586, -29.8728207 ], [ -56.5161902, -29.8730181 ], [ -56.5161935, -29.8734951 ], [ -56.5166873, -29.8743631 ], [ -56.5164975, -29.8744887 ], [ -56.5157849, -29.874486599999983 ], [ -56.5155309, -29.8742214 ], [ -56.5147919, -29.8742096 ], [ -56.5143204, -29.874839699999988 ], [ -56.5142658, -29.87529850000001 ], [ -56.5145073, -29.8763905 ], [ -56.5142978, -29.8773376 ], [ -56.5147785, -29.878235200000013 ], [ -56.5145466, -29.8790415 ], [ -56.5149428, -29.879378 ], [ -56.5160418, -29.8789401 ], [ -56.5167261, -29.8789544 ], [ -56.5171219, -29.8791909 ], [ -56.5172392, -29.879478 ], [ -56.517079, -29.8801134 ], [ -56.5173555, -29.8805421 ], [ -56.5188119, -29.8812697 ], [ -56.5193104, -29.8822067 ], [ -56.5205274, -29.8828982 ], [ -56.5210899, -29.8834489 ], [ -56.5211821, -29.8850872 ], [ -56.5209031, -29.8858763 ], [ -56.5218332, -29.8869109 ], [ -56.5232939, -29.8873515 ], [ -56.5235871, -29.887617 ], [ -56.5240463, -29.89043 ], [ -56.5255755, -29.8907304 ], [ -56.5269388, -29.8921441 ], [ -56.5279182, -29.8936096 ], [ -56.5284103, -29.8938803 ], [ -56.5291363, -29.8938019 ], [ -56.5297482, -29.8949935 ], [ -56.5298516, -29.8962865 ], [ -56.5304556, -29.897253 ], [ -56.5308203, -29.8974749 ], [ -56.5314588, -29.8975429 ], [ -56.53147, -29.8972894 ], [ -56.5317167, -29.8972494 ], [ -56.5317366, -29.8969873 ], [ -56.5319764, -29.8969753 ], [ -56.5320316, -29.8967395 ], [ -56.5321947, -29.8967064 ] ] ] } },
{ "type": "Feature", "properties": { "wts_pk": 133683, "codigo_otto": "82612", "nivel_otto_declarado": 5, "area_m2_bho": 2266.4764087952558, "nivel_otto": 5 }, "geometry": { "type": "Polygon", "coordinates": [ [ [ -56.1530065, -30.0590194 ], [ -56.1533887, -30.0592126 ], [ -56.1549105, -30.0592284 ], [ -56.1556671, -30.0594423 ], [ -56.1563548, -30.0589906 ], [ -56.1575521, -30.0586541 ], [ -56.1575804, -30.0589239 ], [ -56.1578894, -30.058929 ], [ -56.1585087, -30.0584586 ], [ -56.1594324, -30.0581515 ], [ -56.1608105, -30.0582846 ], [ -56.1622446, -30.0574163 ], [ -56.1627497, -30.0564885 ], [ -56.1636427, -30.0561579 ], [ -56.1662587, -30.0562101 ], [ -56.1676738, -30.057185099999987 ], [ -56.169436, -30.0577771 ], [ -56.1697897, -30.0577803 ], [ -56.1700171, -30.0575932 ], [ -56.1701399, -30.0565911 ], [ -56.1705981, -30.0553045 ], [ -56.1703463, -30.054488799999987 ], [ -56.1717225, -30.054519699999986 ], [ -56.1729194, -30.0551953 ], [ -56.173267, -30.0551738 ], [ -56.1737727, -30.0560751 ], [ -56.1744257, -30.056367399999989 ], [ -56.1750686, -30.0564333 ], [ -56.1748298, -30.0569749 ], [ -56.175047, -30.0573849 ], [ -56.1758751, -30.0575174 ], [ -56.1789575, -30.056711 ], [ -56.1789942, -30.0561649 ], [ -56.1792415, -30.0559146 ], [ -56.1796795, -30.0559624 ], [ -56.1805425, -30.0563818 ], [ -56.1810851, -30.056362 ], [ -56.1816938, -30.0559215 ], [ -56.1814962, -30.0544246 ], [ -56.1820496, -30.05378 ], [ -56.1841561, -30.0531508 ], [ -56.1852409, -30.0530947 ], [ -56.1866371, -30.0534069 ], [ -56.1868009, -30.0536037 ], [ -56.1872322, -30.0537017 ], [ -56.1873148, -30.054353 ], [ -56.1875686, -30.0544888 ], [ -56.1876963, -30.0552811 ], [ -56.1890724, -30.0563445 ], [ -56.1908289, -30.056702499999989 ], [ -56.1912599, -30.0566449 ], [ -56.1919249, -30.0562934 ], [ -56.1923787, -30.0573773 ], [ -56.1929709, -30.058001 ], [ -56.1939135, -30.058505 ], [ -56.1953307, -30.059769 ], [ -56.1956079, -30.0594033 ], [ -56.1956524, -30.0587138 ], [ -56.195902, -30.0583776 ], [ -56.1962597, -30.0582537 ], [ -56.1967275, -30.0574455 ], [ -56.1977927, -30.0571315 ], [ -56.198454, -30.0560112 ], [ -56.1996682, -30.0557807 ], [ -56.2002101, -30.05515590000001 ], [ -56.2007891, -30.0549538 ], [ -56.2014576, -30.0544887 ], [ -56.2026431, -30.0545486 ], [ -56.2034501, -30.0557535 ], [ -56.2045124, -30.0561211 ], [ -56.2049523, -30.0560693 ], [ -56.205673, -30.0554516 ], [ -56.2059868, -30.0553502 ], [ -56.2071266, -30.0555869 ], [ -56.209984, -30.0556071 ], [ -56.2109332, -30.0558471 ], [ -56.211721, -30.0558543 ], [ -56.2127741, -30.0554458 ], [ -56.2128466, -30.0542109 ], [ -56.2139148, -30.0541723 ], [ -56.2148934, -30.0534583 ], [ -56.2169915, -30.0533354 ], [ -56.2178651, -30.05286 ], [ -56.2191953, -30.05308 ], [ -56.2209912, -30.053149599999983 ], [ -56.2217355, -30.0536553 ], [ -56.2224599, -30.053659099999983 ], [ -56.2226259, -30.0539155 ], [ -56.2231244, -30.0539331 ], [ -56.2234515, -30.0524038 ], [ -56.2237708, -30.0520578 ], [ -56.2251392, -30.0515387 ], [ -56.2256431, -30.0515552 ], [ -56.2269367, -30.0509367 ], [ -56.2280227, -30.0507971 ], [ -56.2285585, -30.0505034 ], [ -56.2290512, -30.0495573 ], [ -56.2293513, -30.0492931 ], [ -56.2300989, -30.0492166 ], [ -56.2309407, -30.0494115 ], [ -56.2313462, -30.0493262 ], [ -56.2324033, -30.0497033 ], [ -56.2329712, -30.049379699999985 ], [ -56.2331244, -30.048933 ], [ -56.2332759, -30.048933199999983 ], [ -56.233423, -30.049447 ], [ -56.233658, -30.0495312 ], [ -56.23368, -30.04976640000001 ], [ -56.2339012, -30.0497428 ], [ -56.2350257, -30.0493614 ], [ -56.2354854, -30.0484825 ], [ -56.2363124, -30.047663 ], [ -56.2373637, -30.0478704 ], [ -56.2382324, -30.0482917 ], [ -56.2386609, -30.0483499 ], [ -56.239193, -30.048200699999988 ], [ -56.2396977, -30.0476086 ], [ -56.2409337, -30.0472865 ], [ -56.2417207, -30.0472888 ], [ -56.2421914, -30.0476179 ], [ -56.2423636, -30.0482268 ], [ -56.2426689, -30.0485774 ], [ -56.2440431, -30.049187199999988 ], [ -56.2450689, -30.048933 ], [ -56.2457785, -30.0482598 ], [ -56.2460331, -30.0476498 ], [ -56.2469125, -30.0483208 ], [ -56.2484023, -30.0483774 ], [ -56.2487564, -30.0476039 ], [ -56.2491534, -30.047317 ], [ -56.2505968, -30.0472218 ], [ -56.2512803, -30.0470365 ], [ -56.2520638, -30.0472049 ], [ -56.2526038, -30.0469796 ], [ -56.2528187, -30.0466779 ], [ -56.2529055, -30.0454663 ], [ -56.2532551, -30.044867 ], [ -56.253812, -30.0446456 ], [ -56.2541617, -30.0442968 ], [ -56.2547912, -30.0444885 ], [ -56.2557607, -30.0434849 ], [ -56.2568418, -30.0430519 ], [ -56.2579382, -30.0423754 ], [ -56.2586801, -30.0422663 ], [ -56.2584126, -30.0417879 ], [ -56.2584266, -30.040746399999986 ], [ -56.2588836, -30.0402552 ], [ -56.2589579, -30.0397663 ], [ -56.2593276, -30.039101499999987 ], [ -56.2599377, -30.0388247 ], [ -56.2603067, -30.0382417 ], [ -56.2605055, -30.037654 ], [ -56.2602039, -30.0371149 ], [ -56.2610444, -30.0366104 ], [ -56.2620926, -30.0353844 ], [ -56.2627684, -30.0348896 ], [ -56.2636801, -30.0330996 ], [ -56.2646229, -30.0335898 ], [ -56.2649113, -30.0335975 ], [ -56.2652806, -30.0332344 ], [ -56.2654789, -30.0323729 ], [ -56.2662861, -30.0315167 ], [ -56.267571, -30.0311616 ], [ -56.2691034, -30.0313214 ], [ -56.2696022, -30.0302101 ], [ -56.2702428, -30.0298614 ], [ -56.2705026, -30.0290553 ], [ -56.2713447, -30.028839100000013 ], [ -56.2716469, -30.028574399999986 ], [ -56.271685, -30.0274167 ], [ -56.2713428, -30.0270803 ], [ -56.2704179, -30.026820299999986 ], [ -56.2701157, -30.0262934 ], [ -56.270267, -30.0259449 ], [ -56.2725456, -30.0258398 ], [ -56.2756246, -30.025044 ], [ -56.2758527, -30.0247916 ], [ -56.277667, -30.0247452 ], [ -56.27831, -30.0244028 ], [ -56.2784024, -30.0242106 ], [ -56.2789009, -30.024193 ], [ -56.2790392, -30.0239422 ], [ -56.2801395, -30.0238984 ], [ -56.2813156, -30.0234216 ], [ -56.2821599, -30.023336199999989 ], [ -56.28365, -30.0228257 ], [ -56.2848701, -30.022873 ], [ -56.2868264, -30.0234353 ], [ -56.2877728, -30.0238865 ], [ -56.2883733, -30.0238932 ], [ -56.2890795, -30.0231985 ], [ -56.290396, -30.023018 ], [ -56.2909446, -30.0225865 ], [ -56.2918749, -30.0225655 ], [ -56.2926093, -30.0227509 ], [ -56.2937096, -30.022307 ], [ -56.2949304, -30.0224104 ], [ -56.2951234, -30.0216827 ], [ -56.2953726, -30.0214746 ], [ -56.2971632, -30.021464 ], [ -56.2977919, -30.0218604 ], [ -56.2988169, -30.0208398 ], [ -56.2990945, -30.0200679 ], [ -56.2995263, -30.0197893 ], [ -56.3002213, -30.0198446 ], [ -56.3018472, -30.0208025 ], [ -56.3027893, -30.0210509 ], [ -56.3033176, -30.0207212 ], [ -56.3035343, -30.0198735 ], [ -56.3044986, -30.019208599999988 ], [ -56.3055235, -30.019568299999982 ], [ -56.3058863, -30.0198716 ], [ -56.3063599, -30.0206782 ], [ -56.3065933, -30.021611499999988 ], [ -56.3074295, -30.0216997 ], [ -56.3077387, -30.0215323 ], [ -56.3078469, -30.0212879 ], [ -56.3076663, -30.0203932 ], [ -56.3085811, -30.0193001 ], [ -56.3116034, -30.0191868 ], [ -56.3126447, -30.018937599999987 ], [ -56.3145137, -30.0189327 ], [ -56.3145137, -30.0181605 ], [ -56.314678, -30.0179268 ], [ -56.3166351, -30.0185144 ], [ -56.3168759, -30.0178699 ], [ -56.31853, -30.0159778 ], [ -56.3189704, -30.0156798 ], [ -56.3192359, -30.0150438 ], [ -56.3203237, -30.014992 ], [ -56.320347, -30.0142105 ], [ -56.3201488, -30.0139929 ], [ -56.3201325, -30.0135201 ], [ -56.3210445, -30.0124838 ], [ -56.320965, -30.0119157 ], [ -56.3212175, -30.0115603 ], [ -56.3221801, -30.0110682 ], [ -56.3229633, -30.0104135 ], [ -56.3251514, -30.0099868 ], [ -56.3268408, -30.0090167 ], [ -56.3291911, -30.0085269 ], [ -56.3299347, -30.0075838 ], [ -56.3307996, -30.0069069 ], [ -56.331039, -30.0054292 ], [ -56.3321873, -30.0049602 ], [ -56.3346351, -30.0031551 ], [ -56.3360742, -30.0028377 ], [ -56.3363654, -30.0029894 ], [ -56.3365594, -30.0035767 ], [ -56.3368056, -30.003807 ], [ -56.3375636, -30.0037074 ], [ -56.3388418, -30.0040212 ], [ -56.3399471, -30.0048623 ], [ -56.3406065, -30.0058816 ], [ -56.3413854, -30.005264 ], [ -56.342065, -30.0043431 ], [ -56.3430455, -30.004053399999989 ], [ -56.343115, -30.0035362 ], [ -56.3428885, -30.0030023 ], [ -56.34457, -30.0021053 ], [ -56.346024, -30.0030163 ], [ -56.3464478, -30.0030524 ], [ -56.3473915, -30.0020903 ], [ -56.3484031, -30.0022194 ], [ -56.3492318, -30.0019617 ], [ -56.3501492, -30.0011531 ], [ -56.3508364, -30.0014871 ], [ -56.3516259, -30.0027379 ], [ -56.3521762, -30.002208 ], [ -56.3522916, -30.0017103 ], [ -56.3527243, -30.0011657 ], [ -56.3532889, -30.001184 ], [ -56.3542237, -30.0017131 ], [ -56.3546902, -30.0014777 ], [ -56.3566309, -30.0013495 ], [ -56.3576275, -30.0001811 ], [ -56.3582908, -29.9999513 ], [ -56.358635, -29.9996311 ], [ -56.3588643, -29.9991081 ], [ -56.3586805, -29.9975436 ], [ -56.3593069, -29.9974544 ], [ -56.3602013, -29.9969937 ], [ -56.3607566, -29.9970976 ], [ -56.3610421, -29.997962699999984 ], [ -56.361817, -29.9978307 ], [ -56.3624203, -29.9979314 ], [ -56.362901, -29.9990747 ], [ -56.3633082, -29.999438 ], [ -56.365471, -29.9999418 ], [ -56.3664583, -29.9997658 ], [ -56.3665067, -30.0004096 ], [ -56.3668023, -30.0008247 ], [ -56.3677286, -30.0012484 ], [ -56.3693304, -30.002323 ], [ -56.3699303, -30.0033406 ], [ -56.3708152, -30.003824899999984 ], [ -56.3711806, -30.0050436 ], [ -56.3716963, -30.0052726 ], [ -56.3723301, -30.005312 ], [ -56.3744021, -30.0048721 ], [ -56.3752235, -30.0054124 ], [ -56.3761845, -30.007281399999989 ], [ -56.3756519, -30.0079875 ], [ -56.3756059, -30.009257099999989 ], [ -56.3753854, -30.009728 ], [ -56.3756251, -30.0100436 ], [ -56.3756036, -30.0104797 ], [ -56.3751086, -30.0114338 ], [ -56.3758676, -30.0124866 ], [ -56.3759029, -30.0139325 ], [ -56.3765694, -30.0136701 ], [ -56.3774558, -30.01366 ], [ -56.3778199, -30.013775 ], [ -56.378287, -30.0142374 ], [ -56.3782996, -30.014684 ], [ -56.3777007, -30.0151524 ], [ -56.3776375, -30.0154649 ], [ -56.3779552, -30.0157786 ], [ -56.37915, -30.0160498 ], [ -56.3792303, -30.0165635 ], [ -56.3789802, -30.0173164 ], [ -56.379005, -30.0178566 ], [ -56.3802132, -30.0187127 ], [ -56.3800971, -30.0193908 ], [ -56.3802401, -30.0197718 ], [ -56.3818298, -30.0206697 ], [ -56.3823958, -30.0213155 ], [ -56.3833265, -30.020372 ], [ -56.3842187, -30.0203428 ], [ -56.3851303, -30.0206433 ], [ -56.3851261, -30.0221149 ], [ -56.3861476, -30.0229958 ], [ -56.3865535, -30.0241359 ], [ -56.3872008, -30.0242861 ], [ -56.3876764, -30.0247037 ], [ -56.3881109, -30.0244843 ], [ -56.3891032, -30.0245738 ], [ -56.3898901, -30.0252462 ], [ -56.3905492, -30.0255486 ], [ -56.3921982, -30.0254653 ], [ -56.3926299, -30.0265654 ], [ -56.3930653, -30.0271858 ], [ -56.3931253, -30.0278213 ], [ -56.393854, -30.0277014 ], [ -56.3949264, -30.0268106 ], [ -56.3953239, -30.026712 ], [ -56.3964262, -30.026735700000017 ], [ -56.3984031, -30.0272657 ], [ -56.3983761, -30.0288912 ], [ -56.3979187, -30.029825799999987 ], [ -56.3985794, -30.0306752 ], [ -56.3987842, -30.0316282 ], [ -56.399767, -30.0323786 ], [ -56.4005657, -30.0335208 ], [ -56.4003476, -30.035043499999983 ], [ -56.4014587, -30.0355991 ], [ -56.4014587, -30.035876799999986 ], [ -56.401804, -30.0363312 ], [ -56.4028953, -30.0374133 ], [ -56.4040384, -30.0376003 ], [ -56.4046939, -30.0378991 ], [ -56.4049662, -30.0381818 ], [ -56.4052059, -30.0388291 ], [ -56.4062437, -30.0393689 ], [ -56.4070106, -30.039259800000014 ], [ -56.4080412, -30.0397083 ], [ -56.4092365, -30.0397657 ], [ -56.409712, -30.0395304 ], [ -56.4129241, -30.0391474 ], [ -56.4137268, -30.03844 ], [ -56.4152682, -30.0391359 ], [ -56.4159032, -30.0392101 ], [ -56.4165603, -30.038456 ], [ -56.4183132, -30.037665 ], [ -56.4183404, -30.0374121 ], [ -56.4179321, -30.0368472 ], [ -56.4175699, -30.035599 ], [ -56.4183463, -30.035839 ], [ -56.4193568, -30.0359229 ], [ -56.4207383, -30.0366399 ], [ -56.4214588, -30.0367101 ], [ -56.4217819, -30.035458 ], [ -56.4221194, -30.0351263 ], [ -56.4237505, -30.0349791 ], [ -56.424359, -30.0345765 ], [ -56.4251805, -30.0343171 ], [ -56.427207, -30.0346272 ], [ -56.4272034, -30.0343051 ], [ -56.4266013, -30.0338371 ], [ -56.4264721, -30.033539 ], [ -56.4264578, -30.0322308 ], [ -56.426745, -30.031821 ], [ -56.4274418, -30.0317082 ], [ -56.4280443, -30.0319615 ], [ -56.4287677, -30.0319714 ], [ -56.4292366, -30.0317101 ], [ -56.429671, -30.0312135 ], [ -56.4308558, -30.0307466 ], [ -56.4319235, -30.0294137 ], [ -56.4322357, -30.0287807 ], [ -56.4321483, -30.0273605 ], [ -56.4332354, -30.0265439 ], [ -56.4346409, -30.0267205 ], [ -56.435541, -30.0265543 ], [ -56.4357754, -30.025922799999986 ], [ -56.4364639, -30.025341 ], [ -56.4359178, -30.0249702 ], [ -56.4359033, -30.02421 ], [ -56.4367598, -30.0239032 ], [ -56.4371528, -30.0234707 ], [ -56.4379047, -30.0232104 ], [ -56.4387101, -30.0236209 ], [ -56.4399604, -30.0235796 ], [ -56.4402616, -30.0233145 ], [ -56.4404502, -30.0226807 ], [ -56.4407698, -30.0223204 ], [ -56.4425442, -30.0215794 ], [ -56.4427928, -30.0212954 ], [ -56.4427912, -30.0210225 ], [ -56.4421122, -30.0204398 ], [ -56.4417366, -30.0194878 ], [ -56.4424905, -30.019154800000013 ], [ -56.4439263, -30.0176129 ], [ -56.4454231, -30.0178745 ], [ -56.4469065, -30.0184645 ], [ -56.447178, -30.0187653 ], [ -56.4471545, -30.0193844 ], [ -56.4482369, -30.0202395 ], [ -56.4490055, -30.0205997 ], [ -56.4494657, -30.0199453 ], [ -56.4495846, -30.0192654 ], [ -56.4501768, -30.0187117 ], [ -56.4504792, -30.018598 ], [ -56.4515084, -30.017675 ], [ -56.4521728, -30.017449 ], [ -56.4529628, -30.0168008 ], [ -56.4544316, -30.0162086 ], [ -56.4553846, -30.016090099999985 ], [ -56.4559034, -30.0158766 ], [ -56.4559514, -30.0168484 ], [ -56.4565045, -30.0176925 ], [ -56.4574529, -30.0179136 ], [ -56.4588818, -30.018599 ], [ -56.460793, -30.0189133 ], [ -56.4611067, -30.018785199999989 ], [ -56.4614008, -30.0182399 ], [ -56.4613255, -30.0170869 ], [ -56.4623017, -30.016991800000014 ], [ -56.4634589, -30.0172394 ], [ -56.4644293, -30.0170403 ], [ -56.4654249, -30.0171922 ], [ -56.4663232, -30.016027 ], [ -56.4659795, -30.0154542 ], [ -56.465995, -30.0151139 ], [ -56.4663501, -30.0148111 ], [ -56.4670432, -30.014807 ], [ -56.4675701, -30.015043200000012 ], [ -56.4678687, -30.015763 ], [ -56.4690092, -30.0168555 ], [ -56.4699623, -30.017073 ], [ -56.4705874, -30.017389499999986 ], [ -56.4713059, -30.0188192 ], [ -56.4716268, -30.018831100000011 ], [ -56.4722596, -30.0184442 ], [ -56.4729997, -30.018742199999988 ], [ -56.4740546, -30.0205236 ], [ -56.4753927, -30.0218542 ], [ -56.4770146, -30.0219877 ], [ -56.4770735, -30.0223987 ], [ -56.4775172, -30.0226562 ], [ -56.4777919, -30.0232539 ], [ -56.4771534, -30.023615 ], [ -56.4764567, -30.0236721 ], [ -56.4776151, -30.0249156 ], [ -56.47944, -30.0255402 ], [ -56.4804898, -30.0254529 ], [ -56.4810183, -30.0260633 ], [ -56.4822833, -30.026395 ], [ -56.4829045, -30.0259408 ], [ -56.484169, -30.0258558 ], [ -56.4865566, -30.023447600000011 ], [ -56.4871099, -30.023205 ], [ -56.4875702, -30.0233765 ], [ -56.4873439, -30.0221875 ], [ -56.4880039, -30.0211958 ], [ -56.48776, -30.0204885 ], [ -56.4871202, -30.0198756 ], [ -56.4873515, -30.0188094 ], [ -56.4881805, -30.0168457 ], [ -56.489378, -30.0160464 ], [ -56.4896606, -30.0148804 ], [ -56.4907906, -30.0146742 ], [ -56.491881, -30.0141122 ], [ -56.491853, -30.0134889 ], [ -56.4920998, -30.0128965 ], [ -56.4931258, -30.0119876 ], [ -56.4947042, -30.0121828 ], [ -56.4950068, -30.0118466 ], [ -56.495249, -30.0106532 ], [ -56.4960917, -30.010091 ], [ -56.4972925, -30.0100431 ], [ -56.4970839, -30.0095241 ], [ -56.4972628, -30.0084159 ], [ -56.4968423, -30.0076968 ], [ -56.4970034, -30.0074316 ], [ -56.4980035, -30.0070977 ], [ -56.4988871, -30.0077021 ], [ -56.4995668, -30.0065662 ], [ -56.4999743, -30.0064726 ], [ -56.5005087, -30.0065937 ], [ -56.5008839, -30.0063289 ], [ -56.5018827, -30.004325 ], [ -56.5032137, -30.003867899999989 ], [ -56.5038879, -30.0031492 ], [ -56.5047673, -30.003133499999983 ], [ -56.5055189, -30.0035449 ], [ -56.5063124, -30.0027947 ], [ -56.5063106, -30.0025143 ], [ -56.5056896, -30.0012835 ], [ -56.5055014, -29.9997896 ], [ -56.5050594, -29.9995178 ], [ -56.5032544, -29.999363299999985 ], [ -56.5034566, -29.9977664 ], [ -56.5038048, -29.997085 ], [ -56.5029395, -29.9972255 ], [ -56.5024838, -29.9970145 ], [ -56.502513, -29.9960151 ], [ -56.5020823, -29.9953791 ], [ -56.5009326, -29.9953491 ], [ -56.4999052, -29.9957726 ], [ -56.4990088, -29.995054 ], [ -56.4989748, -29.9946375 ], [ -56.4992335, -29.994313899999984 ], [ -56.4992368, -29.992820899999984 ], [ -56.4996528, -29.9924995 ], [ -56.5001449, -29.9915835 ], [ -56.5007528, -29.9909032 ], [ -56.5011054, -29.990655499999988 ], [ -56.502369, -29.9905303 ], [ -56.5032857, -29.9901524 ], [ -56.5043411, -29.990789 ], [ -56.5057927, -29.9912415 ], [ -56.5065188, -29.9916836 ], [ -56.5072547, -29.9916533 ], [ -56.5081528, -29.9912189 ], [ -56.5085359, -29.9918803 ], [ -56.5090624, -29.9921832 ], [ -56.5107128, -29.9922075 ], [ -56.5119712, -29.9911581 ], [ -56.5123016, -29.991552 ], [ -56.5126148, -29.9916621 ], [ -56.5133366, -29.9911068 ], [ -56.5140547, -29.989563 ], [ -56.5154966, -29.9883475 ], [ -56.5163103, -29.9866217 ], [ -56.5167369, -29.9864319 ], [ -56.517083, -29.9854566 ], [ -56.5179467, -29.9848358 ], [ -56.5184259, -29.984787 ], [ -56.5189479, -29.9849989 ], [ -56.5197238, -29.9850446 ], [ -56.5201249, -29.9848131 ], [ -56.5207036, -29.9848237 ], [ -56.5212322, -29.9854657 ], [ -56.5218803, -29.9859132 ], [ -56.5220994, -29.9865484 ], [ -56.5222872, -29.986646799999988 ], [ -56.522848, -29.9864319 ], [ -56.5230501, -29.9860329 ], [ -56.5229474, -29.9856655 ], [ -56.5235874, -29.9855295 ], [ -56.5244435, -29.9849539 ], [ -56.5245147, -29.9847652 ], [ -56.5235039, -29.9838523 ], [ -56.5233313, -29.9829763 ], [ -56.5226504, -29.9821251 ], [ -56.5227807, -29.981430899999985 ], [ -56.5226189, -29.9808461 ], [ -56.5226766, -29.9801198 ], [ -56.5221443, -29.9801216 ], [ -56.520991, -29.9810975 ], [ -56.5195349, -29.9808431 ], [ -56.5192924, -29.9806375 ], [ -56.5191272, -29.9795744 ], [ -56.5185454, -29.9790976 ], [ -56.5182991, -29.978458300000014 ], [ -56.5174327, -29.9777015 ], [ -56.5171561, -29.9771088 ], [ -56.5162984, -29.977088 ], [ -56.5152235, -29.9775141 ], [ -56.5145203, -29.9773228 ], [ -56.5145298, -29.9747124 ], [ -56.5147369, -29.9738801 ], [ -56.5146187, -29.973776 ], [ -56.5138243, -29.9738186 ], [ -56.5131765, -29.9728271 ], [ -56.5134683, -29.9713059 ], [ -56.513936, -29.9702739 ], [ -56.5137241, -29.9689574 ], [ -56.5141411, -29.9684897 ], [ -56.514499, -29.9675007 ], [ -56.5142301, -29.9656138 ], [ -56.513959, -29.9655986 ], [ -56.5138517, -29.965241100000011 ], [ -56.5132253, -29.9646912 ], [ -56.5133433, -29.9636073 ], [ -56.5123061, -29.9621649 ], [ -56.511983, -29.9620541 ], [ -56.5113404, -29.9622362 ], [ -56.5107432, -29.9621787 ], [ -56.5096467, -29.9609917 ], [ -56.5088002, -29.9607822 ], [ -56.5081408, -29.9602144 ], [ -56.5076457, -29.9590743 ], [ -56.5077757, -29.958231 ], [ -56.507232, -29.9573126 ], [ -56.5066106, -29.9569951 ], [ -56.5057666, -29.9569958 ], [ -56.5050599, -29.9571823 ], [ -56.5045145, -29.956987500000011 ], [ -56.5047706, -29.9559764 ], [ -56.5042822, -29.9538476 ], [ -56.5045458, -29.9534995 ], [ -56.5049081, -29.9533877 ], [ -56.5080701, -29.9534676 ], [ -56.5081788, -29.9525112 ], [ -56.5086169, -29.9518318 ], [ -56.5086868, -29.951370299999986 ], [ -56.508634, -29.9502767 ], [ -56.5082349, -29.9495936 ], [ -56.5091576, -29.9488739 ], [ -56.5096576, -29.947861 ], [ -56.5105297, -29.9471895 ], [ -56.5106256, -29.9455986 ], [ -56.5114991, -29.9456488 ], [ -56.5126181, -29.9459338 ], [ -56.5127413, -29.9463465 ], [ -56.5137351, -29.9471445 ], [ -56.5140753, -29.9471798 ], [ -56.5139991, -29.9461201 ], [ -56.5150075, -29.9448939 ], [ -56.5151062, -29.9427716 ], [ -56.5155799, -29.9417121 ], [ -56.5171939, -29.9422267 ], [ -56.5179644, -29.942267 ], [ -56.5183272, -29.9421302 ], [ -56.5186017, -29.9414922 ], [ -56.5199226, -29.9413431 ], [ -56.5203311, -29.9408299 ], [ -56.520168, -29.9395563 ], [ -56.5206871, -29.9389753 ], [ -56.5211956, -29.9386828 ], [ -56.5218086, -29.9387117 ], [ -56.5226079, -29.9391347 ], [ -56.5232406, -29.9387784 ], [ -56.5242612, -29.9389161 ], [ -56.5252031, -29.9386775 ], [ -56.5267367, -29.9386541 ], [ -56.5268192, -29.9388882 ], [ -56.527201, -29.9389641 ], [ -56.527416, -29.9391932 ], [ -56.5286812, -29.9392096 ], [ -56.5284121, -29.938766 ], [ -56.5286596, -29.9385704 ], [ -56.5287286, -29.9381507 ], [ -56.528959, -29.938098500000013 ], [ -56.5289574, -29.937879100000011 ], [ -56.5285003, -29.9365313 ], [ -56.5287722, -29.9360267 ], [ -56.5291926, -29.93591 ], [ -56.5295857, -29.934088 ], [ -56.5300177, -29.9334144 ], [ -56.5301489, -29.9324266 ], [ -56.5307214, -29.9320631 ], [ -56.5315322, -29.9319027 ], [ -56.5320145, -29.931431800000013 ], [ -56.5317428, -29.9303107 ], [ -56.5322982, -29.9286287 ], [ -56.5320417, -29.928496 ], [ -56.5314329, -29.9286357 ], [ -56.5310201, -29.9285511 ], [ -56.5309421, -29.9275128 ], [ -56.5317062, -29.926872 ], [ -56.5323893, -29.925750699999988 ], [ -56.5330103, -29.9252151 ], [ -56.5328257, -29.9250764 ], [ -56.531127, -29.924782 ], [ -56.5307438, -29.924855 ], [ -56.53015, -29.9252599 ], [ -56.5297909, -29.9252901 ], [ -56.529304, -29.924885 ], [ -56.5292338, -29.9245041 ], [ -56.5294531, -29.9241479 ], [ -56.5295638, -29.9230558 ], [ -56.5305221, -29.9219054 ], [ -56.5307023, -29.9210362 ], [ -56.5311459, -29.9203623 ], [ -56.5311908, -29.9198065 ], [ -56.5308308, -29.9188063 ], [ -56.5295766, -29.917679 ], [ -56.5292697, -29.9167465 ], [ -56.5292366, -29.9158763 ], [ -56.5300237, -29.9156131 ], [ -56.5323729, -29.9155433 ], [ -56.5339193, -29.9146413 ], [ -56.5350136, -29.9129613 ], [ -56.5360067, -29.9106801 ], [ -56.5371936, -29.9091316 ], [ -56.5384222, -29.9070876 ], [ -56.5390443, -29.9067424 ], [ -56.5398276, -29.9069091 ], [ -56.5406366, -29.9067536 ], [ -56.5414589, -29.9069873 ], [ -56.5414748, -29.9060978 ], [ -56.5413726, -29.9056663 ], [ -56.5410764, -29.9054025 ], [ -56.5397061, -29.90497250000001 ], [ -56.5390674, -29.9045644 ], [ -56.5388107, -29.904602 ], [ -56.5385529, -29.9049323 ], [ -56.5379357, -29.9052761 ], [ -56.5371769, -29.9054989 ], [ -56.5368, -29.9052785 ], [ -56.5362475, -29.9046184 ], [ -56.5360882, -29.90327 ], [ -56.5354052, -29.9029604 ], [ -56.5348622, -29.9024876 ], [ -56.5341344, -29.9012345 ], [ -56.5334545, -29.9006482 ], [ -56.5331475, -29.899664 ], [ -56.533302, -29.8993274 ], [ -56.533681, -29.8992096 ], [ -56.5336595, -29.8985215 ], [ -56.5326422, -29.8977635 ], [ -56.5322766, -29.8967364 ], [ -56.5320556, -29.8967194 ], [ -56.5319887, -29.896966699999989 ], [ -56.5317366, -29.8969873 ], [ -56.5317253, -29.8972408 ], [ -56.531464, -29.8973001 ], [ -56.5314588, -29.8975429 ], [ -56.5309363, -29.8975069 ], [ -56.5305024, -29.8972896 ], [ -56.5298516, -29.8962865 ], [ -56.5297482, -29.8949935 ], [ -56.5291363, -29.8938019 ], [ -56.5284103, -29.8938803 ], [ -56.5279182, -29.8936096 ], [ -56.5269388, -29.8921441 ], [ -56.5255755, -29.8907304 ], [ -56.5240463, -29.89043 ], [ -56.5235871, -29.887617 ], [ -56.5232939, -29.8873515 ], [ -56.5218332, -29.8869109 ], [ -56.5209031, -29.8858763 ], [ -56.5211531, -29.8853083 ], [ -56.5211952, -29.884176199999988 ], [ -56.5211256, -29.8835219 ], [ -56.5208886, -29.88320280000001 ], [ -56.5193104, -29.8822067 ], [ -56.5188119, -29.8812697 ], [ -56.5173555, -29.8805421 ], [ -56.517079, -29.8801134 ], [ -56.5172189, -29.8793382 ], [ -56.5169739, -29.8790522 ], [ -56.5159322, -29.8789547 ], [ -56.5149428, -29.879378 ], [ -56.5145466, -29.8790415 ], [ -56.5147785, -29.878235200000013 ], [ -56.5142978, -29.8773376 ], [ -56.5145073, -29.8763905 ], [ -56.5142658, -29.87529850000001 ], [ -56.5143204, -29.874839699999988 ], [ -56.5147919, -29.8742096 ], [ -56.5155309, -29.8742214 ], [ -56.5157849, -29.874486599999983 ], [ -56.5164975, -29.8744887 ], [ -56.5166873, -29.8743631 ], [ -56.5161935, -29.8734951 ], [ -56.5161902, -29.8730181 ], [ -56.5164586, -29.8728207 ], [ -56.5164491, -29.872501 ], [ -56.5159605, -29.8710871 ], [ -56.5161961, -29.8709155 ], [ -56.5184914, -29.870545 ], [ -56.5189395, -29.8700933 ], [ -56.5189164, -29.8691772 ], [ -56.5179557, -29.8682994 ], [ -56.5179957, -29.8675963 ], [ -56.5173166, -29.8664104 ], [ -56.5173841, -29.8659581 ], [ -56.5182962, -29.864934 ], [ -56.5181098, -29.8636944 ], [ -56.517963, -29.8633621 ], [ -56.5172919, -29.862820700000011 ], [ -56.5165557, -29.8627972 ], [ -56.5162653, -29.8626553 ], [ -56.5161146, -29.8618629 ], [ -56.515307, -29.8602601 ], [ -56.5145991, -29.8598786 ], [ -56.5137642, -29.858584 ], [ -56.5138089, -29.8567179 ], [ -56.5131086, -29.8560301 ], [ -56.5126348, -29.8560329 ], [ -56.5118079, -29.8555476 ], [ -56.510975, -29.8540516 ], [ -56.5108062, -29.8531749 ], [ -56.5105231, -29.8528935 ], [ -56.509784, -29.852565 ], [ -56.5101061, -29.8508292 ], [ -56.510394, -29.8501714 ], [ -56.5107098, -29.8496432 ], [ -56.5113124, -29.8493746 ], [ -56.5113965, -29.8491711 ], [ -56.5111806, -29.848654 ], [ -56.5106821, -29.8486364 ], [ -56.5105438, -29.8483856 ], [ -56.5097917, -29.848376299999984 ], [ -56.5098343, -29.8477278 ], [ -56.5102056, -29.8470949 ], [ -56.5111312, -29.8468555 ], [ -56.5119544, -29.8460038 ], [ -56.5121769, -29.8446007 ], [ -56.5118047, -29.8440552 ], [ -56.5117457, -29.8436125 ], [ -56.5119959, -29.8426809 ], [ -56.5120255, -29.8404543 ], [ -56.5121587, -29.840074500000011 ], [ -56.512717, -29.8395869 ], [ -56.5123636, -29.8390635 ], [ -56.5123249, -29.838597 ], [ -56.5126532, -29.8381691 ], [ -56.5134035, -29.8378042 ], [ -56.5127725, -29.8367686 ], [ -56.5118266, -29.8362592 ], [ -56.5113909, -29.8343608 ], [ -56.5104616, -29.8334237 ], [ -56.5110589, -29.8323314 ], [ -56.5116044, -29.8320674 ], [ -56.5121942, -29.8309502 ], [ -56.5124593, -29.8309677 ], [ -56.5133581, -29.8316406 ], [ -56.5153165, -29.8313959 ], [ -56.517076, -29.8310849 ], [ -56.5174355, -29.8304344 ], [ -56.5177743, -29.8301659 ], [ -56.5181202, -29.8293598 ], [ -56.517697, -29.8285986 ], [ -56.5177348, -29.8282096 ], [ -56.5173688, -29.8274109 ], [ -56.5175466, -29.8262 ], [ -56.517062, -29.824966499999984 ], [ -56.5174813, -29.8239704 ], [ -56.5176303, -29.822965600000011 ], [ -56.5186077, -29.8221267 ], [ -56.5182419, -29.820718799999987 ], [ -56.5192428, -29.8200632 ], [ -56.5187701, -29.8196384 ], [ -56.5185855, -29.8190048 ], [ -56.5179143, -29.8179447 ], [ -56.5179146, -29.8174932 ], [ -56.5182381, -29.817056 ], [ -56.5177076, -29.8165464 ], [ -56.5167966, -29.8162155 ], [ -56.5168376, -29.8159161 ], [ -56.5175703, -29.8153041 ], [ -56.5173578, -29.8148656 ], [ -56.5172302, -29.8138007 ], [ -56.5165321, -29.8124054 ], [ -56.5166626, -29.811569 ], [ -56.5161772, -29.8108577 ], [ -56.5169134, -29.8099634 ], [ -56.5171403, -29.808754 ], [ -56.5183517, -29.8082433 ], [ -56.5195138, -29.8072651 ], [ -56.5197429, -29.806805 ], [ -56.519778, -29.8061939 ], [ -56.5194287, -29.8052038 ], [ -56.5184536, -29.804245 ], [ -56.5182735, -29.8022899 ], [ -56.5175008, -29.801542200000011 ], [ -56.5164582, -29.8014317 ], [ -56.5164491, -29.8009245 ], [ -56.5161775, -29.8007751 ], [ -56.5164067, -29.7999966 ], [ -56.5159539, -29.7983162 ], [ -56.5160998, -29.798224 ], [ -56.516689, -29.7985713 ], [ -56.517326, -29.7984582 ], [ -56.5181887, -29.7986424 ], [ -56.5185722, -29.7985727 ], [ -56.5188653, -29.7983032 ], [ -56.5188268, -29.797121 ], [ -56.5194615, -29.7968522 ], [ -56.5197533, -29.7964391 ], [ -56.519236, -29.7953206 ], [ -56.5197036, -29.795228 ], [ -56.5204337, -29.7945558 ], [ -56.5213721, -29.7941414 ], [ -56.5217213, -29.7937444 ], [ -56.5219832, -29.7921627 ], [ -56.5218019, -29.7913632 ], [ -56.5222447, -29.7906416 ], [ -56.5223707, -29.7888177 ], [ -56.5229851, -29.788207600000014 ], [ -56.5238227, -29.7877866 ], [ -56.5243894, -29.7865525 ], [ -56.5252565, -29.7862555 ], [ -56.52553, -29.7852061 ], [ -56.5253471, -29.7844872 ], [ -56.5249809, -29.784369499999986 ], [ -56.5227051, -29.7822308 ], [ -56.521909, -29.7804018 ], [ -56.5209962, -29.779411 ], [ -56.5209718, -29.7790862 ], [ -56.5216683, -29.778131 ], [ -56.5217059, -29.7774923 ], [ -56.5207274, -29.7763506 ], [ -56.5202502, -29.7749331 ], [ -56.5195606, -29.7746307 ], [ -56.5190291, -29.7740777 ], [ -56.5192314, -29.7729467 ], [ -56.5191471, -29.769555 ], [ -56.518507, -29.7689765 ], [ -56.5180739, -29.7689799 ], [ -56.5175692, -29.7692095 ], [ -56.5175898, -29.768667 ], [ -56.517891, -29.7682258 ], [ -56.51906, -29.7677694 ], [ -56.5197058, -29.7673193 ], [ -56.5217359, -29.767265 ], [ -56.5217511, -29.7667832 ], [ -56.5219861, -29.7666568 ], [ -56.5221365, -29.76616 ], [ -56.524126, -29.7661778 ], [ -56.5250342, -29.7666457 ], [ -56.5261398, -29.7661623 ], [ -56.526955, -29.76621 ], [ -56.5272915, -29.7664317 ], [ -56.5282604, -29.7663924 ], [ -56.5291889, -29.765488 ], [ -56.5292359, -29.7642094 ], [ -56.5304925, -29.7644823 ], [ -56.5318227, -29.7644394 ], [ -56.5321971, -29.7641248 ], [ -56.5324296, -29.763218499999983 ], [ -56.5337286, -29.7643537 ], [ -56.5343798, -29.764623099999984 ], [ -56.5345137, -29.765320500000012 ], [ -56.5350693, -29.7653205 ], [ -56.5350812, -29.7650522 ], [ -56.535347, -29.7650427 ], [ -56.5353984, -29.7643942 ], [ -56.5357116, -29.7635409 ], [ -56.5366334, -29.7634873 ], [ -56.5365972, -29.7628887 ], [ -56.5372222, -29.7621226 ], [ -56.5377692, -29.7606204 ], [ -56.5386148, -29.7609279 ], [ -56.5390542, -29.761402699999987 ], [ -56.5397915, -29.7614316 ], [ -56.5401642, -29.7599088 ], [ -56.5410612, -29.7599452 ], [ -56.5419869, -29.7590085 ], [ -56.5426741, -29.7593829 ], [ -56.5430211, -29.7593932 ], [ -56.5438787, -29.7587834 ], [ -56.544236, -29.7578205 ], [ -56.5452071, -29.7578023 ], [ -56.5454467, -29.7575776 ], [ -56.5460866, -29.7575124 ], [ -56.5464582, -29.7572649 ], [ -56.5466985, -29.7564058 ], [ -56.5465783, -29.7556505 ], [ -56.547109, -29.7551239 ], [ -56.5482718, -29.7544573 ], [ -56.5486804, -29.7530982 ], [ -56.5490724, -29.7529978 ], [ -56.5499079, -29.7523368 ], [ -56.5502936, -29.7522702 ], [ -56.5507811, -29.7523474 ], [ -56.5519249, -29.753035299999986 ], [ -56.552954, -29.7529072 ], [ -56.5538607, -29.7533467 ], [ -56.5550693, -29.7530982 ], [ -56.5551178, -29.7526983 ], [ -56.5555583, -29.7521999 ], [ -56.5556095, -29.7519294 ], [ -56.5547885, -29.7506133 ], [ -56.5556718, -29.7498742 ], [ -56.5565399, -29.7498103 ], [ -56.557665, -29.7505582 ], [ -56.5597099, -29.7501592 ], [ -56.5597644, -29.7497178 ], [ -56.5592988, -29.7487848 ], [ -56.5592247, -29.7479533 ], [ -56.5592893, -29.7474119 ], [ -56.5597915, -29.7464315 ], [ -56.5613419, -29.746614 ], [ -56.5616073, -29.745692 ], [ -56.5619059, -29.7460726 ], [ -56.5628471, -29.7461537 ], [ -56.5628568, -29.7446871 ], [ -56.5632, -29.744268699999985 ], [ -56.5638263, -29.744157900000012 ], [ -56.5641952, -29.7439326 ], [ -56.5668973, -29.7435616 ], [ -56.5674148, -29.7431957 ], [ -56.5685783, -29.7427395 ], [ -56.5696244, -29.7417946 ], [ -56.570453, -29.7415074 ], [ -56.5713273, -29.7414508 ], [ -56.572132, -29.741637599999986 ], [ -56.573082, -29.741251 ], [ -56.5731011, -29.7396508 ], [ -56.5720838, -29.738844 ], [ -56.5720138, -29.738098099999984 ], [ -56.5730166, -29.7377267 ], [ -56.5737548, -29.737115 ], [ -56.5746719, -29.7371671 ], [ -56.5755427, -29.7365014 ], [ -56.5766935, -29.7365727 ], [ -56.5771522, -29.7357093 ], [ -56.5785639, -29.7346664 ], [ -56.5773901, -29.7341337 ], [ -56.5770668, -29.7337818 ], [ -56.5770217, -29.7328611 ], [ -56.5773544, -29.7323187 ], [ -56.5785501, -29.7316062 ], [ -56.5796246, -29.730408 ], [ -56.5818188, -29.7297046 ], [ -56.5825016, -29.7292755 ], [ -56.5834643, -29.7291381 ], [ -56.5840684, -29.7285006 ], [ -56.5847916, -29.7283759 ], [ -56.5847869, -29.7258563 ], [ -56.5852471, -29.7254513 ], [ -56.5854465, -29.7245578 ], [ -56.5860442, -29.7238032 ], [ -56.5856675, -29.7231515 ], [ -56.5856812, -29.7226867 ], [ -56.5860125, -29.7223581 ], [ -56.5872103, -29.722103 ], [ -56.5874607, -29.721603 ], [ -56.5874327, -29.720978699999986 ], [ -56.5882777, -29.7204965 ], [ -56.5888648, -29.7198876 ], [ -56.5888771, -29.7196268 ], [ -56.5885165, -29.7190387 ], [ -56.589122, -29.7179891 ], [ -56.5892182, -29.7169411 ], [ -56.5890771, -29.7162015 ], [ -56.5895355, -29.7154322 ], [ -56.5905604, -29.7146238 ], [ -56.5905358, -29.7142874 ], [ -56.5900082, -29.7137097 ], [ -56.5888455, -29.7129098 ], [ -56.5880306, -29.7126852 ], [ -56.5878405, -29.7123305 ], [ -56.5881839, -29.7118031 ], [ -56.5888705, -29.71126 ], [ -56.5891045, -29.710145 ], [ -56.5897656, -29.710074599999984 ], [ -56.5905654, -29.7104821 ], [ -56.5911436, -29.710207100000012 ], [ -56.5916971, -29.7096275 ], [ -56.5918675, -29.709015099999988 ], [ -56.5909798, -29.7083208 ], [ -56.5903529, -29.7074867 ], [ -56.5921838, -29.7067905 ], [ -56.5927707, -29.7068575 ], [ -56.5944809, -29.7060342 ], [ -56.5947619, -29.7056518 ], [ -56.5948019, -29.704903 ], [ -56.5943769, -29.7025492 ], [ -56.594613, -29.7023452 ], [ -56.5951367, -29.7022601 ], [ -56.597813, -29.7024126 ], [ -56.5988587, -29.7013534 ], [ -56.5990064, -29.7002777 ], [ -56.5994363, -29.6995952 ], [ -56.5996131, -29.6988016 ], [ -56.6003393, -29.6988718 ], [ -56.6013476, -29.6984526 ], [ -56.6025649, -29.6984196 ], [ -56.6028005, -29.6986019 ], [ -56.6031249, -29.7000424 ], [ -56.6039644, -29.6995242 ], [ -56.6052509, -29.6999055 ], [ -56.6055796, -29.6987038 ], [ -56.6056836, -29.697506 ], [ -56.6064094, -29.6971258 ], [ -56.6067237, -29.6966962 ], [ -56.6066125, -29.6961822 ], [ -56.6059027, -29.6958758 ], [ -56.6059946, -29.6954369 ], [ -56.6068884, -29.6948119 ], [ -56.6091372, -29.6941207 ], [ -56.6098364, -29.6932029 ], [ -56.6102356, -29.6930097 ], [ -56.6104512, -29.6926248 ], [ -56.6107607, -29.6925424 ], [ -56.6115911, -29.692597899999988 ], [ -56.6123559, -29.6936034 ], [ -56.6130437, -29.6941569 ], [ -56.6142693, -29.6944215 ], [ -56.6168567, -29.6940091 ], [ -56.6176379, -29.694356499999984 ], [ -56.6180172, -29.6943159 ], [ -56.6184266, -29.6945077 ], [ -56.6188664, -29.6949786 ], [ -56.6209052, -29.6961145 ], [ -56.622084, -29.6958074 ], [ -56.6226863, -29.6951581 ], [ -56.6234485, -29.695287 ], [ -56.6242508, -29.6950791 ], [ -56.624873, -29.6950923 ], [ -56.6267361, -29.6958757 ], [ -56.627803, -29.6960955 ], [ -56.6280255, -29.6959783 ], [ -56.6283368, -29.6953911 ], [ -56.6299865, -29.6953199 ], [ -56.6319089, -29.6956816 ], [ -56.6324727, -29.6959559 ], [ -56.6336078, -29.6968731 ], [ -56.6344393, -29.6959411 ], [ -56.6353034, -29.695649 ], [ -56.6364584, -29.6958756 ], [ -56.6369198, -29.6952446 ], [ -56.6372649, -29.6938336 ], [ -56.6370395, -29.6930553 ], [ -56.6370481, -29.6922181 ], [ -56.6373926, -29.6912337 ], [ -56.6383353, -29.6898915 ], [ -56.6382153, -29.6885149 ], [ -56.6396727, -29.6891327 ], [ -56.6407116, -29.688953 ], [ -56.6415704, -29.6890948 ], [ -56.6422001, -29.688219299999989 ], [ -56.6425695, -29.6880978 ], [ -56.6416448, -29.6865727 ], [ -56.6409058, -29.6866588 ], [ -56.6401713, -29.6863568 ], [ -56.63931, -29.6855397 ], [ -56.6386803, -29.6846721 ], [ -56.637617, -29.684250699999989 ], [ -56.6372932, -29.6827722 ], [ -56.6380578, -29.6818954 ], [ -56.6378697, -29.681042 ], [ -56.6385923, -29.680247500000011 ], [ -56.6386761, -29.6793362 ], [ -56.6379085, -29.6776693 ], [ -56.6377793, -29.6760317 ], [ -56.6373647, -29.6754386 ], [ -56.6372229, -29.67464 ], [ -56.6368047, -29.6737825 ], [ -56.6368953, -29.6729331 ], [ -56.6363136, -29.6724376 ], [ -56.6361813, -29.6720408 ], [ -56.6364583, -29.6705978 ], [ -56.6375002, -29.6699869 ], [ -56.6382163, -29.6688052 ], [ -56.6388542, -29.6682695 ], [ -56.6378368, -29.667842300000011 ], [ -56.6383615, -29.6667078 ], [ -56.63762, -29.6659135 ], [ -56.6376265, -29.6646377 ], [ -56.6385714, -29.663565199999983 ], [ -56.63884, -29.662940099999989 ], [ -56.6396482, -29.6626844 ], [ -56.6396227, -29.6609839 ], [ -56.6401589, -29.6598377 ], [ -56.6405105, -29.6595279 ], [ -56.6419119, -29.6591161 ], [ -56.6421968, -29.65886 ], [ -56.6422039, -29.6585414 ], [ -56.6417994, -29.6581292 ], [ -56.6415627, -29.657097099999987 ], [ -56.6424825, -29.6562666 ], [ -56.6428485, -29.6545483 ], [ -56.6417962, -29.654059 ], [ -56.6415654, -29.6535477 ], [ -56.6416408, -29.6526227 ], [ -56.640423, -29.6514981 ], [ -56.6403049, -29.650145 ], [ -56.6390167, -29.6491152 ], [ -56.639236, -29.6486534 ], [ -56.6402033, -29.6485566 ], [ -56.6405868, -29.6479674 ], [ -56.640851, -29.6473974 ], [ -56.6408677, -29.6469234 ], [ -56.6401266, -29.6457634 ], [ -56.6411804, -29.6458756 ], [ -56.641787, -29.643333199999983 ], [ -56.642278, -29.6424368 ], [ -56.6421778, -29.6420866 ], [ -56.6417117, -29.64182730000001 ], [ -56.6405469, -29.6416503 ], [ -56.6401305, -29.6413787 ], [ -56.6398425, -29.6410096 ], [ -56.6396133, -29.6401523 ], [ -56.6403819, -29.6393255 ], [ -56.6409623, -29.6390494 ], [ -56.641937, -29.639203599999984 ], [ -56.6425771, -29.6390364 ], [ -56.6435832, -29.6374688 ], [ -56.6435166, -29.636813299999989 ], [ -56.6437179, -29.6365741 ], [ -56.644236, -29.6367089 ], [ -56.6449123, -29.6377244 ], [ -56.6460603, -29.6381943 ], [ -56.646606, -29.6388245 ], [ -56.6477281, -29.6391048 ], [ -56.6493832, -29.637995 ], [ -56.6498538, -29.636573 ], [ -56.6502236, -29.6361875 ], [ -56.6509232, -29.6358973 ], [ -56.6526054, -29.6358563 ], [ -56.6533705, -29.6356718 ], [ -56.6538957, -29.6357623 ], [ -56.6555128, -29.6345305 ], [ -56.6562362, -29.6342323 ], [ -56.656901, -29.63417440000001 ], [ -56.6571552, -29.6339504 ], [ -56.6580309, -29.6339029 ], [ -56.6581838, -29.6334783 ], [ -56.6584027, -29.6333755 ], [ -56.6581635, -29.631961 ], [ -56.6582667, -29.6312835 ], [ -56.6579419, -29.630989599999989 ], [ -56.6576357, -29.6301706 ], [ -56.6574792, -29.6291016 ], [ -56.6570943, -29.6287739 ], [ -56.656756, -29.628056 ], [ -56.6565722, -29.6268167 ], [ -56.6571703, -29.6259322 ], [ -56.6557551, -29.6246027 ], [ -56.6552076, -29.6243727 ], [ -56.6548406, -29.6234498 ], [ -56.6551663, -29.6223456 ], [ -56.6561624, -29.6215953 ], [ -56.6566222, -29.6208275 ], [ -56.655954, -29.6191381 ], [ -56.6563867, -29.6184545 ], [ -56.6564582, -29.6178199 ], [ -56.656709, -29.6178123 ], [ -56.6567533, -29.6175559 ], [ -56.6570169, -29.617524 ], [ -56.6566822, -29.6166501 ], [ -56.6562126, -29.6161275 ], [ -56.6566273, -29.6149348 ], [ -56.6559207, -29.613612199999988 ], [ -56.6559097, -29.6117666 ], [ -56.6560888, -29.6109807 ], [ -56.6555553, -29.6100925 ], [ -56.6551773, -29.6098444 ], [ -56.6546116, -29.6098959 ], [ -56.6543668, -29.6092707 ], [ -56.6539581, -29.608931 ], [ -56.653901, -29.6082941 ], [ -56.6530689, -29.6062887 ], [ -56.6518709, -29.6051933 ], [ -56.652226, -29.6044208 ], [ -56.6515583, -29.6032986 ], [ -56.6513621, -29.6026186 ], [ -56.6508675, -29.6021069 ], [ -56.6500617, -29.6017306 ], [ -56.6504366, -29.6010416 ], [ -56.6510982, -29.6007102 ], [ -56.6513958, -29.5999093 ], [ -56.6513554, -29.5995669 ], [ -56.6509748, -29.599051 ], [ -56.6507368, -29.5979889 ], [ -56.6510561, -29.5974307 ], [ -56.6509613, -29.596307499999984 ], [ -56.6520903, -29.5937697 ], [ -56.6524882, -29.5933952 ], [ -56.6528805, -29.5933266 ], [ -56.6533027, -29.5930263 ], [ -56.6537676, -29.5918706 ], [ -56.6546626, -29.5913291 ], [ -56.6555234, -29.5899619 ], [ -56.6556924, -29.5885271 ], [ -56.656443, -29.5871895 ], [ -56.6564391, -29.5857983 ], [ -56.6562193, -29.5847036 ], [ -56.656947, -29.5837773 ], [ -56.6571126, -29.5820648 ], [ -56.6583376, -29.580716600000013 ], [ -56.6585739, -29.5802658 ], [ -56.6582989, -29.5797841 ], [ -56.657338, -29.5793575 ], [ -56.6568244, -29.5788546 ], [ -56.656744, -29.5782397 ], [ -56.6569716, -29.5773581 ], [ -56.6568091, -29.5766452 ], [ -56.6581785, -29.5754525 ], [ -56.6593262, -29.5752584 ], [ -56.6596948, -29.5749364 ], [ -56.6587909, -29.5738543 ], [ -56.65883, -29.5732136 ], [ -56.6584223, -29.5724422 ], [ -56.6584987, -29.5720722 ], [ -56.6591585, -29.571552 ], [ -56.6594701, -29.5709987 ], [ -56.6593826, -29.5701563 ], [ -56.6588113, -29.5699422 ], [ -56.6579992, -29.5693084 ], [ -56.6571621, -29.5690911 ], [ -56.6569189, -29.5682735 ], [ -56.6562781, -29.5677422 ], [ -56.6559024, -29.5669865 ], [ -56.6552678, -29.5669144 ], [ -56.653756, -29.5662109 ], [ -56.6524934, -29.5660884 ], [ -56.6516146, -29.5654264 ], [ -56.6497139, -29.5663207 ], [ -56.6489579, -29.5661532 ], [ -56.6489196, -29.5648461 ], [ -56.6481245, -29.5642088 ], [ -56.6476903, -29.5635954 ], [ -56.6480029, -29.5626676 ], [ -56.6461005, -29.5615622 ], [ -56.6453352, -29.5616634 ], [ -56.6449745, -29.5614602 ], [ -56.6450894, -29.5598016 ], [ -56.6457477, -29.558751 ], [ -56.6468754, -29.5582662 ], [ -56.6474785, -29.5576557 ], [ -56.6477047, -29.5570942 ], [ -56.6493805, -29.5558436 ], [ -56.6495912, -29.5551963 ], [ -56.6500024, -29.5546125 ], [ -56.6501539, -29.553507 ], [ -56.6504882, -29.5531506 ], [ -56.6518153, -29.5530395 ], [ -56.652408, -29.552627 ], [ -56.653286, -29.5523398 ], [ -56.6545943, -29.552488300000011 ], [ -56.6560137, -29.551943699999988 ], [ -56.6571567, -29.55112 ], [ -56.6581215, -29.5496692 ], [ -56.6588988, -29.549345599999988 ], [ -56.6593647, -29.5487464 ], [ -56.6598959, -29.5484516 ], [ -56.6604256, -29.5484375 ], [ -56.6613036, -29.548910700000015 ], [ -56.6618131, -29.5488812 ], [ -56.6621754, -29.5486447 ], [ -56.6638193, -29.5472267 ], [ -56.6640716, -29.5465147 ], [ -56.6646607, -29.5458159 ], [ -56.6643572, -29.5450965 ], [ -56.665073, -29.5436341 ], [ -56.6646906, -29.5432247 ], [ -56.6640821, -29.542999199999986 ], [ -56.6637678, -29.5424725 ], [ -56.663059, -29.5399164 ], [ -56.6623717, -29.5385136 ], [ -56.6624657, -29.5376981 ], [ -56.6618052, -29.5372046 ], [ -56.6614931, -29.5367674 ], [ -56.6615498, -29.5362393 ], [ -56.6622552, -29.535366800000013 ], [ -56.6622372, -29.534077899999982 ], [ -56.6616881, -29.5335061 ], [ -56.6607566, -29.5330624 ], [ -56.6603977, -29.53206 ], [ -56.6606797, -29.531110300000012 ], [ -56.6611215, -29.530633799999986 ], [ -56.6614545, -29.5286018 ], [ -56.6613627, -29.5281793 ], [ -56.6606925, -29.5273961 ], [ -56.6603809, -29.526473899999985 ], [ -56.6603613, -29.5251844 ], [ -56.6605685, -29.5244844 ], [ -56.6603672, -29.5238039 ], [ -56.6603423, -29.5228005 ], [ -56.6606468, -29.5224522 ], [ -56.6614096, -29.5220241 ], [ -56.6620821, -29.519230699999984 ], [ -56.6622728, -29.5189921 ], [ -56.6625688, -29.5189309 ], [ -56.6625214, -29.5182863 ], [ -56.6622588, -29.5177528 ], [ -56.6609465, -29.516858799999984 ], [ -56.6604808, -29.5159816 ], [ -56.659791, -29.51559760000001 ], [ -56.6580404, -29.5155467 ], [ -56.6553212, -29.5145194 ], [ -56.6534921, -29.5143367 ], [ -56.6531243, -29.5144865 ], [ -56.6525075, -29.5137017 ], [ -56.6520736, -29.5136053 ], [ -56.6518571, -29.5133913 ], [ -56.6509817, -29.5135424 ], [ -56.6494527, -29.513025 ], [ -56.6491005, -29.512298 ], [ -56.6485713, -29.511794700000014 ], [ -56.6467514, -29.5116715 ], [ -56.6458056, -29.5113812 ], [ -56.6451715, -29.5110695 ], [ -56.6443099, -29.5103697 ], [ -56.643511, -29.5103946 ], [ -56.6429714, -29.5106943 ], [ -56.6427073, -29.5110264 ], [ -56.6422596, -29.5109501 ], [ -56.6411798, -29.5111532 ], [ -56.6409561, -29.5107109 ], [ -56.6409421, -29.5102587 ], [ -56.6417083, -29.5089113 ], [ -56.6416652, -29.5085239 ], [ -56.6412918, -29.5079277 ], [ -56.6417219, -29.5065725 ], [ -56.6412885, -29.5046527 ], [ -56.6416773, -29.5037829 ], [ -56.6416756, -29.5033327 ], [ -56.6410108, -29.502923599999988 ], [ -56.6407961, -29.502349399999989 ], [ -56.6398959, -29.501347799999987 ], [ -56.6394776, -29.5004406 ], [ -56.6384019, -29.500042099999987 ], [ -56.6385918, -29.4993178 ], [ -56.6383176, -29.498726 ], [ -56.6365873, -29.4977167 ], [ -56.63596, -29.4965553 ], [ -56.635896, -29.4958248 ], [ -56.6359922, -29.4954012 ], [ -56.636416, -29.4947968 ], [ -56.6364574, -29.493931 ], [ -56.6369655, -29.4938825 ], [ -56.6372088, -29.493708 ], [ -56.6373954, -29.4931805 ], [ -56.6380183, -29.4924578 ], [ -56.6382204, -29.4916051 ], [ -56.6389192, -29.4909321 ], [ -56.6388771, -29.4903963 ], [ -56.6379395, -29.4891266 ], [ -56.6379398, -29.4887296 ], [ -56.6390918, -29.4879134 ], [ -56.6399245, -29.4876977 ], [ -56.6389687, -29.486875 ], [ -56.6387479, -29.4865712 ], [ -56.6387669, -29.4863116 ], [ -56.639974, -29.4852459 ], [ -56.6404551, -29.48401350000001 ], [ -56.6411104, -29.483235 ], [ -56.6410957, -29.4828914 ], [ -56.6405538, -29.4818612 ], [ -56.6397983, -29.4814855 ], [ -56.6398363, -29.4804454 ], [ -56.6401123, -29.4801508 ], [ -56.64046, -29.4800515 ], [ -56.6409738, -29.48009840000001 ], [ -56.6417463, -29.4805589 ], [ -56.642181, -29.4805177 ], [ -56.6424401, -29.4803038 ], [ -56.6427846, -29.4796191 ], [ -56.6429332, -29.4785437 ], [ -56.6443789, -29.4772314 ], [ -56.6448461, -29.4760119 ], [ -56.6453493, -29.4753381 ], [ -56.6450174, -29.4748521 ], [ -56.6440275, -29.4741528 ], [ -56.6431788, -29.4732274 ], [ -56.6431327, -29.4723092 ], [ -56.643448, -29.4708672 ], [ -56.6439972, -29.470444 ], [ -56.6447433, -29.4701896 ], [ -56.6463926, -29.4688747 ], [ -56.646962, -29.4681705 ], [ -56.6466039, -29.4670225 ], [ -56.6457603, -29.4662647 ], [ -56.6448971, -29.4658575 ], [ -56.6445418, -29.4653831 ], [ -56.6445609, -29.4649163 ], [ -56.6449576, -29.4643787 ], [ -56.6450678, -29.4638726 ], [ -56.6450576, -29.4613913 ], [ -56.6449026, -29.4607662 ], [ -56.6450582, -29.4600798 ], [ -56.6450651, -29.4583379 ], [ -56.6446999, -29.4570565 ], [ -56.644429, -29.4565845 ], [ -56.6437825, -29.4560436 ], [ -56.6439573, -29.4544865 ], [ -56.6466723, -29.454485599999987 ], [ -56.6469667, -29.4543843 ], [ -56.6471084, -29.4531733 ], [ -56.6480195, -29.4521814 ], [ -56.6482674, -29.4514712 ], [ -56.64891, -29.4509172 ], [ -56.6489573, -29.449764199999986 ], [ -56.6494764, -29.4489807 ], [ -56.6496429, -29.4468011 ], [ -56.6502562, -29.4464768 ], [ -56.6512897, -29.446266 ], [ -56.6519361, -29.4466484 ], [ -56.6524557, -29.44662610000001 ], [ -56.6527791, -29.4462956 ], [ -56.6532128, -29.445205 ], [ -56.6538441, -29.4449488 ], [ -56.6541771, -29.444616899999989 ], [ -56.6544033, -29.4437705 ], [ -56.6539981, -29.4431408 ], [ -56.6539732, -29.4423057 ], [ -56.6540918, -29.4420243 ], [ -56.6547051, -29.4415394 ], [ -56.6549662, -29.4407687 ], [ -56.6542931, -29.4398898 ], [ -56.6543087, -29.43937 ], [ -56.6554469, -29.4387346 ], [ -56.6572446, -29.4382462 ], [ -56.6581985, -29.4370452 ], [ -56.6591042, -29.436322 ], [ -56.6593413, -29.4357669 ], [ -56.6596375, -29.4355177 ], [ -56.6592557, -29.4344457 ], [ -56.659294, -29.4335284 ], [ -56.6600077, -29.4326796 ], [ -56.6604484, -29.4315119 ], [ -56.6616375, -29.4302423 ], [ -56.6620142, -29.4287147 ], [ -56.6615311, -29.4276822 ], [ -56.6616603, -29.426846099999988 ], [ -56.6606799, -29.425739599999986 ], [ -56.6603461, -29.4247642 ], [ -56.6592773, -29.4249754 ], [ -56.658756567897491, -29.424884947814686 ], [ -56.6583, -29.4253 ], [ -56.6542, -29.4267 ], [ -56.6386, -29.4259 ], [ -56.6256, -29.4264 ], [ -56.6247, -29.4275 ], [ -56.6274, -29.4278 ], [ -56.6256, -29.4306 ], [ -56.6252, -29.4326 ], [ -56.6276, -29.4382 ], [ -56.6272, -29.4412 ], [ -56.6255, -29.4437 ], [ -56.6226, -29.4459 ], [ -56.6195, -29.4464 ], [ -56.6148, -29.4427 ], [ -56.6118, -29.4426 ], [ -56.6085, -29.4441 ], [ -56.6066, -29.446 ], [ -56.6071, -29.4482 ], [ -56.6085, -29.4488 ], [ -56.6127, -29.4464 ], [ -56.6147, -29.4487 ], [ -56.613, -29.4554 ], [ -56.6097, -29.4521 ], [ -56.6067, -29.4518 ], [ -56.6046, -29.4524 ], [ -56.605, -29.4532 ], [ -56.609, -29.4539 ], [ -56.6091, -29.4562 ], [ -56.608, -29.4583 ], [ -56.6002, -29.4579 ], [ -56.5979, -29.456 ], [ -56.5985, -29.4527 ], [ -56.5977, -29.4497 ], [ -56.5965, -29.4478 ], [ -56.5949, -29.4473 ], [ -56.5936, -29.4492 ], [ -56.5921, -29.4492 ], [ -56.5919, -29.4447 ], [ -56.5901, -29.4449 ], [ -56.5892, -29.4486 ], [ -56.5856, -29.4446 ], [ -56.5758, -29.4409 ], [ -56.5758, -29.4505 ], [ -56.5748, -29.4521 ], [ -56.5726, -29.4522 ], [ -56.5722, -29.4506 ], [ -56.5702, -29.4492 ], [ -56.5668, -29.454 ], [ -56.5647, -29.4541 ], [ -56.5622, -29.4528 ], [ -56.5605, -29.4506 ], [ -56.5605, -29.4484 ], [ -56.5591, -29.4477 ], [ -56.5537, -29.4507 ], [ -56.5451, -29.4503 ], [ -56.5432, -29.4553 ], [ -56.5418, -29.457 ], [ -56.5406, -29.4573 ], [ -56.5395, -29.4563 ], [ -56.5406, -29.4536 ], [ -56.5375, -29.4546 ], [ -56.5363, -29.4543 ], [ -56.5315, -29.4592 ], [ -56.5307, -29.4617 ], [ -56.527, -29.4626 ], [ -56.526, -29.4637 ], [ -56.5229, -29.4632 ], [ -56.5224, -29.4642 ], [ -56.5221, -29.4678 ], [ -56.5202, -29.469 ], [ -56.5214, -29.4707 ], [ -56.5199, -29.4711 ], [ -56.5204, -29.4722 ], [ -56.5178, -29.475 ], [ -56.5176, -29.4779 ], [ -56.5149, -29.4759 ], [ -56.5141, -29.4764 ], [ -56.5147, -29.4781 ], [ -56.5138, -29.4786 ], [ -56.5118, -29.4773 ], [ -56.5124, -29.4742 ], [ -56.5112, -29.4708 ], [ -56.5046, -29.4685 ], [ -56.5042, -29.4698 ], [ -56.5008, -29.4692 ], [ -56.4989, -29.4659 ], [ -56.4975, -29.4663 ], [ -56.4961, -29.4689 ], [ -56.4922, -29.4707 ], [ -56.4891, -29.47 ], [ -56.4868, -29.4704 ], [ -56.4828, -29.4662 ], [ -56.4814, -29.4669 ], [ -56.4818, -29.4707 ], [ -56.4753, -29.4685 ], [ -56.4727, -29.4702 ], [ -56.4723, -29.4728 ], [ -56.47, -29.4701 ], [ -56.4685, -29.4754 ], [ -56.4711, -29.4787 ], [ -56.4715, -29.4819 ], [ -56.4741, -29.4848 ], [ -56.4701, -29.4854 ], [ -56.4695, -29.483 ], [ -56.4661, -29.4838 ], [ -56.463, -29.4829 ], [ -56.4623, -29.4861 ], [ -56.4632, -29.4886 ], [ -56.4601, -29.488 ], [ -56.4606, -29.4903 ], [ -56.4585, -29.4904 ], [ -56.4593, -29.4929 ], [ -56.4623, -29.4942 ], [ -56.4618, -29.4963 ], [ -56.4602, -29.4974 ], [ -56.4618, -29.4988 ], [ -56.4597, -29.5007 ], [ -56.4617, -29.5035 ], [ -56.4649, -29.5031 ], [ -56.4682, -29.5046 ], [ -56.4675, -29.5072 ], [ -56.4655, -29.5075 ], [ -56.4641, -29.5086 ], [ -56.4685, -29.5139 ], [ -56.4679, -29.5181 ], [ -56.4649, -29.5194 ], [ -56.4671, -29.5226 ], [ -56.464, -29.5224 ], [ -56.4635, -29.5243 ], [ -56.4674, -29.5267 ], [ -56.4654, -29.5283 ], [ -56.4679, -29.5298 ], [ -56.4671, -29.5318 ], [ -56.4646, -29.5337 ], [ -56.4604, -29.5323 ], [ -56.4601, -29.5303 ], [ -56.461, -29.5285 ], [ -56.4593, -29.5288 ], [ -56.457, -29.5309 ], [ -56.4519, -29.5304 ], [ -56.4525, -29.5328 ], [ -56.4484, -29.5381 ], [ -56.4471, -29.5389 ], [ -56.4464, -29.537 ], [ -56.4404, -29.5398 ], [ -56.4377, -29.538 ], [ -56.4358, -29.5413 ], [ -56.4338, -29.5428 ], [ -56.4326, -29.5409 ], [ -56.4307, -29.5408 ], [ -56.4302, -29.5392 ], [ -56.4269, -29.5399 ], [ -56.4243, -29.5391 ], [ -56.4223, -29.5398 ], [ -56.423, -29.5431 ], [ -56.4218, -29.5454 ], [ -56.4184, -29.5487 ], [ -56.4136, -29.5546 ], [ -56.4127, -29.5591 ], [ -56.4105, -29.5591 ], [ -56.4082, -29.561 ], [ -56.4081, -29.5626 ], [ -56.4108, -29.5627 ], [ -56.41, -29.5639 ], [ -56.4069, -29.5646 ], [ -56.4095, -29.5682 ], [ -56.4094, -29.5695 ], [ -56.4078, -29.5715 ], [ -56.4044, -29.5734 ], [ -56.4038, -29.5767 ], [ -56.4026, -29.577 ], [ -56.4003, -29.5757 ], [ -56.3969, -29.5781 ], [ -56.3956, -29.5802 ], [ -56.394, -29.5806 ], [ -56.3922, -29.5793 ], [ -56.3913, -29.5855 ], [ -56.3893, -29.5873 ], [ -56.3865, -29.5856 ], [ -56.3844, -29.5858 ], [ -56.3828, -29.5881 ], [ -56.3841, -29.5931 ], [ -56.3827, -29.5937 ], [ -56.3811, -29.5907 ], [ -56.3783, -29.5892 ], [ -56.3761, -29.593 ], [ -56.3719, -29.5956 ], [ -56.3719, -29.5976 ], [ -56.3743, -29.5988 ], [ -56.3745, -29.5974 ], [ -56.3763, -29.5957 ], [ -56.3788, -29.5985 ], [ -56.3833, -29.6084 ], [ -56.384, -29.6149 ], [ -56.3813, -29.6161 ], [ -56.3781, -29.616 ], [ -56.3775, -29.6169 ], [ -56.3785, -29.6213 ], [ -56.3829, -29.6258 ], [ -56.3815, -29.6283 ], [ -56.375, -29.6297 ], [ -56.3676, -29.6372 ], [ -56.3669, -29.6407 ], [ -56.3704, -29.6515 ], [ -56.3702, -29.6553 ], [ -56.3651, -29.6618 ], [ -56.3617, -29.6701 ], [ -56.3639, -29.6713 ], [ -56.368, -29.6704 ], [ -56.3688, -29.6755 ], [ -56.3706, -29.6775 ], [ -56.3765, -29.6789 ], [ -56.3813, -29.6833 ], [ -56.3882, -29.6853 ], [ -56.391, -29.6874 ], [ -56.3903, -29.6903 ], [ -56.3921, -29.6917 ], [ -56.3947, -29.6902 ], [ -56.398, -29.6911 ], [ -56.4003, -29.6934 ], [ -56.4004, -29.6964 ], [ -56.3987, -29.6997 ], [ -56.4006, -29.7012 ], [ -56.4015, -29.705 ], [ -56.4007, -29.7096 ], [ -56.3972, -29.7184 ], [ -56.3948, -29.7224 ], [ -56.3842, -29.7289 ], [ -56.3827, -29.7354 ], [ -56.3802, -29.7372 ], [ -56.3785, -29.7367 ], [ -56.3762, -29.739 ], [ -56.3754, -29.7411 ], [ -56.3727, -29.7425 ], [ -56.3713, -29.7444 ], [ -56.3734, -29.7562 ], [ -56.371, -29.766 ], [ -56.3688, -29.7695 ], [ -56.3705, -29.7714 ], [ -56.369, -29.7732 ], [ -56.3698, -29.7785 ], [ -56.3669, -29.7817 ], [ -56.3663, -29.7838 ], [ -56.3699, -29.7915 ], [ -56.3698, -29.7976 ], [ -56.3722, -29.8098 ], [ -56.3717, -29.813 ], [ -56.3681, -29.8205 ], [ -56.3644, -29.8251 ], [ -56.3656, -29.8303 ], [ -56.3637, -29.8342 ], [ -56.3578, -29.8419 ], [ -56.351, -29.8486 ], [ -56.3395, -29.8514 ], [ -56.3284, -29.857 ], [ -56.3162, -29.8595 ], [ -56.3106, -29.8628 ], [ -56.3057, -29.8674 ], [ -56.305, -29.8702 ], [ -56.3075, -29.8776 ], [ -56.3068, -29.8812 ], [ -56.3045, -29.8842 ], [ -56.3017, -29.8858 ], [ -56.2993, -29.8886 ], [ -56.2975, -29.8923 ], [ -56.2927, -29.8979 ], [ -56.2915, -29.9009 ], [ -56.2913, -29.9068 ], [ -56.2857, -29.9112 ], [ -56.2843, -29.9151 ], [ -56.2831, -29.924 ], [ -56.2809, -29.9263 ], [ -56.2807, -29.9291 ], [ -56.2782, -29.9319 ], [ -56.2741, -29.9338 ], [ -56.2652, -29.9424 ], [ -56.2647, -29.946 ], [ -56.2624, -29.9495 ], [ -56.2584, -29.9508 ], [ -56.2522, -29.9557 ], [ -56.2503, -29.9557 ], [ -56.2473, -29.9581 ], [ -56.2477, -29.9611 ], [ -56.2447, -29.9626 ], [ -56.2457, -29.9674 ], [ -56.2441, -29.9715 ], [ -56.2447, -29.9766 ], [ -56.2404, -29.9813 ], [ -56.2343, -29.9831 ], [ -56.2266, -29.9825 ], [ -56.2249, -29.984 ], [ -56.2226, -29.9829 ], [ -56.2204, -29.986 ], [ -56.2164, -29.9876 ], [ -56.2098, -29.9928 ], [ -56.204, -29.9939 ], [ -56.2001, -29.9928 ], [ -56.1994, -29.9963 ], [ -56.1975, -29.9978 ], [ -56.1935, -29.9976 ], [ -56.1904, -29.9998 ], [ -56.1878, -29.9996 ], [ -56.1846, -30.0014 ], [ -56.183, -30.0066 ], [ -56.1789, -30.0136 ], [ -56.1751, -30.0153 ], [ -56.1729, -30.0178 ], [ -56.1702, -30.0191 ], [ -56.1686, -30.0212 ], [ -56.1674, -30.0263 ], [ -56.1596, -30.0291 ], [ -56.1556, -30.0326 ], [ -56.1554, -30.0358 ], [ -56.1528, -30.0395 ], [ -56.154, -30.042 ], [ -56.1531, -30.0538 ], [ -56.1503, -30.055 ], [ -56.1530065, -30.0590194 ] ] ] } },
{ "type": "Feature", "properties": { "wts_pk": 133662, "codigo_otto": "82567", "nivel_otto_declarado": 5, "area_m2_bho": 102.81705214548414, "nivel_otto": 5 }, "geometry": { "type": "Polygon", "coordinates": [ [ [ -56.6157894, -29.770066 ], [ -56.616075, -29.770404 ], [ -56.6163171, -29.771119 ], [ -56.6174817, -29.7718714 ], [ -56.6189504, -29.774874 ], [ -56.6192567, -29.7750193 ], [ -56.6199369, -29.775024899999984 ], [ -56.6208001, -29.7745973 ], [ -56.6211347, -29.7748878 ], [ -56.6213529, -29.7754176 ], [ -56.62119, -29.7760992 ], [ -56.6212383, -29.7768367 ], [ -56.6218197, -29.7779398 ], [ -56.6222393, -29.7783401 ], [ -56.6224435, -29.7795762 ], [ -56.6222421, -29.7805069 ], [ -56.6217558, -29.7807262 ], [ -56.6217962, -29.7813779 ], [ -56.6228925, -29.7814291 ], [ -56.623237, -29.7808999 ], [ -56.6236991, -29.7806201 ], [ -56.6242949, -29.7806707 ], [ -56.6248372, -29.7810814 ], [ -56.6269017, -29.7805101 ], [ -56.6277679, -29.7798771 ], [ -56.6279725, -29.7781952 ], [ -56.6286038, -29.7778734 ], [ -56.6296168, -29.7777291 ], [ -56.6298895, -29.7766065 ], [ -56.63051, -29.7763408 ], [ -56.6308405, -29.7760017 ], [ -56.6310783, -29.7745934 ], [ -56.6304096, -29.773502200000014 ], [ -56.6303454, -29.7731524 ], [ -56.6306277, -29.7722809 ], [ -56.6307194, -29.7711729 ], [ -56.6311037, -29.7708955 ], [ -56.632432, -29.7708295 ], [ -56.6325699, -29.7703202 ], [ -56.6335745, -29.7699582 ], [ -56.6352189, -29.768551499999983 ], [ -56.6353601, -29.7668375 ], [ -56.6355523, -29.7664844 ], [ -56.6363304, -29.7662547 ], [ -56.6372174, -29.766925 ], [ -56.6390811, -29.7671968 ], [ -56.6396689, -29.7668967 ], [ -56.6406481, -29.7654755 ], [ -56.6411136, -29.765474 ], [ -56.6421739, -29.7649478 ], [ -56.6424996, -29.7643564 ], [ -56.6423176, -29.7633877 ], [ -56.6425983, -29.7627548 ], [ -56.6429839, -29.762564399999984 ], [ -56.6443105, -29.7624836 ], [ -56.6446656, -29.7622369 ], [ -56.6455518, -29.7610196 ], [ -56.6454337, -29.7599271 ], [ -56.6468857, -29.7588298 ], [ -56.6472921, -29.7578201 ], [ -56.6483706, -29.757789 ], [ -56.6496758, -29.7574503 ], [ -56.650733, -29.756794 ], [ -56.6521811, -29.7563434 ], [ -56.6529756, -29.7554213 ], [ -56.6537926, -29.7548528 ], [ -56.6546991, -29.7546433 ], [ -56.6550699, -29.754209 ], [ -56.6559033, -29.754209 ], [ -56.656279, -29.7531754 ], [ -56.6573341, -29.7518347 ], [ -56.6591278, -29.7510656 ], [ -56.6597101, -29.7505269 ], [ -56.6599652, -29.7499392 ], [ -56.6598051, -29.7484072 ], [ -56.6600467, -29.7479888 ], [ -56.6608194, -29.7475944 ], [ -56.6620957, -29.7474877 ], [ -56.6630524, -29.7471092 ], [ -56.6635835, -29.7462665 ], [ -56.6631255, -29.7444867 ], [ -56.6642052, -29.7444562 ], [ -56.6654294, -29.7441475 ], [ -56.6660459, -29.7434861 ], [ -56.6662793, -29.7434172 ], [ -56.6671064, -29.7435975 ], [ -56.6677277, -29.7434939 ], [ -56.6683232, -29.7438773 ], [ -56.6691613, -29.7440909 ], [ -56.6696468, -29.7434889 ], [ -56.6707655, -29.7427757 ], [ -56.6710346, -29.7418272 ], [ -56.6716352, -29.742186599999986 ], [ -56.6727782, -29.7425431 ], [ -56.6740698, -29.742222 ], [ -56.6744871, -29.7417556 ], [ -56.6742572, -29.7404058 ], [ -56.6743658, -29.7401421 ], [ -56.6746128, -29.7400558 ], [ -56.6760141, -29.7402687 ], [ -56.6773217, -29.7398326 ], [ -56.6779257, -29.7404627 ], [ -56.6788128, -29.7404357 ], [ -56.6790642, -29.741347599999983 ], [ -56.6796505, -29.7421661 ], [ -56.6801595, -29.7422218 ], [ -56.680973, -29.7419279 ], [ -56.6813638, -29.7409333 ], [ -56.6819233, -29.74066 ], [ -56.68257, -29.7405977 ], [ -56.6824276, -29.7394974 ], [ -56.6829619, -29.7390267 ], [ -56.683875, -29.7387722 ], [ -56.6844673, -29.7376675 ], [ -56.684394, -29.736739699999987 ], [ -56.6839221, -29.7362764 ], [ -56.682938, -29.7357943 ], [ -56.6826216, -29.7354499 ], [ -56.6826184, -29.7349113 ], [ -56.6831503, -29.7343261 ], [ -56.6841931, -29.7339363 ], [ -56.6863908, -29.7340825 ], [ -56.6868681, -29.7337583 ], [ -56.6876657, -29.7335569 ], [ -56.6877324, -29.7331114 ], [ -56.6882066, -29.7328537 ], [ -56.6899603, -29.7332914 ], [ -56.6909917, -29.7331608 ], [ -56.691781, -29.7340871 ], [ -56.6924782, -29.7344376 ], [ -56.6929364, -29.7344368 ], [ -56.6935787, -29.734137 ], [ -56.6944646, -29.7335219 ], [ -56.6949389, -29.732936 ], [ -56.6958502, -29.7326852 ], [ -56.6968831, -29.7315442 ], [ -56.6978336, -29.7310454 ], [ -56.6980233, -29.7307106 ], [ -56.6976103, -29.7298222 ], [ -56.6976596, -29.7292876 ], [ -56.6991669, -29.7280427 ], [ -56.6995145, -29.7272643 ], [ -56.7004927, -29.7266768 ], [ -56.7015061, -29.725172 ], [ -56.7041244, -29.7243977 ], [ -56.704413, -29.7241285 ], [ -56.7045671, -29.7233413 ], [ -56.7048101, -29.7231264 ], [ -56.706946, -29.7230747 ], [ -56.7077343, -29.722591 ], [ -56.709409, -29.7224586 ], [ -56.7100738, -29.7216902 ], [ -56.7095138, -29.719992899999983 ], [ -56.7101635, -29.7184475 ], [ -56.7104185, -29.7182227 ], [ -56.71087, -29.718213 ], [ -56.7114761, -29.7175807 ], [ -56.7128478, -29.717542 ], [ -56.7132193, -29.7165049 ], [ -56.7144027, -29.71535630000001 ], [ -56.7151589, -29.715081 ], [ -56.7162659, -29.7152539 ], [ -56.7169532, -29.7145632 ], [ -56.7191217, -29.7141148 ], [ -56.7201432, -29.7132186 ], [ -56.7210915, -29.7135925 ], [ -56.72162, -29.71356620000001 ], [ -56.7232657, -29.7124333 ], [ -56.7235008, -29.7117858 ], [ -56.7238672, -29.7114792 ], [ -56.7272639, -29.7114007 ], [ -56.7281812, -29.710719 ], [ -56.7285272, -29.7106181 ], [ -56.7290394, -29.7106615 ], [ -56.7296585, -29.7110192 ], [ -56.7301105, -29.7101848 ], [ -56.7312675, -29.7102557 ], [ -56.7324772, -29.70969250000001 ], [ -56.7330844, -29.709361399999988 ], [ -56.7346211, -29.707902 ], [ -56.7351251, -29.7078711 ], [ -56.7356126, -29.7080997 ], [ -56.7369055, -29.7080112 ], [ -56.737692, -29.7073606 ], [ -56.7382632, -29.7071532 ], [ -56.7390321, -29.7062109 ], [ -56.7402357, -29.7053628 ], [ -56.7419372, -29.7048212 ], [ -56.743099, -29.7047261 ], [ -56.745348, -29.7042086 ], [ -56.746592, -29.7029345 ], [ -56.7477655, -29.703876 ], [ -56.7493425, -29.7039458 ], [ -56.7502233, -29.7038351 ], [ -56.7509036, -29.7028197 ], [ -56.750402, -29.7021288 ], [ -56.7499727, -29.7009524 ], [ -56.7494506, -29.7003703 ], [ -56.7484902, -29.699815499999985 ], [ -56.7459299, -29.6996507 ], [ -56.7454768, -29.699384399999982 ], [ -56.7450121, -29.6985137 ], [ -56.7440449, -29.6982146 ], [ -56.74344, -29.6973085 ], [ -56.743154, -29.6958931 ], [ -56.7436097, -29.6948866 ], [ -56.7437819, -29.6940107 ], [ -56.7451439, -29.6925992 ], [ -56.7463679, -29.6919053 ], [ -56.7466289, -29.6916012 ], [ -56.7462571, -29.6909505 ], [ -56.7461812, -29.688097499999987 ], [ -56.7452398, -29.6882176 ], [ -56.7448483, -29.6888767 ], [ -56.7438263, -29.6889174 ], [ -56.7435575, -29.6888187 ], [ -56.743302, -29.6882665 ], [ -56.743004, -29.6881275 ], [ -56.7415391, -29.6883657 ], [ -56.7410148, -29.6882905 ], [ -56.7400657, -29.687873 ], [ -56.7388877, -29.6880205 ], [ -56.7385407, -29.6870204 ], [ -56.7376884, -29.6864964 ], [ -56.7360712, -29.6871583 ], [ -56.7344226, -29.6867531 ], [ -56.733242, -29.686962199999986 ], [ -56.7329012, -29.686859 ], [ -56.732171, -29.6862505 ], [ -56.7310251, -29.6860552 ], [ -56.7298841, -29.6853776 ], [ -56.7285076, -29.6855194 ], [ -56.7278558, -29.6850961 ], [ -56.7277928, -29.6840754 ], [ -56.7274727, -29.6834503 ], [ -56.7267959, -29.68267590000001 ], [ -56.7270144, -29.680875299999986 ], [ -56.7258203, -29.6809286 ], [ -56.7247168, -29.6812155 ], [ -56.7240311, -29.6816459 ], [ -56.7211173, -29.6820532 ], [ -56.7204404, -29.682893699999987 ], [ -56.7195874, -29.6844228 ], [ -56.7190705, -29.684414 ], [ -56.7176677, -29.683511 ], [ -56.7166855, -29.684629 ], [ -56.7154274, -29.684923499999989 ], [ -56.7148427, -29.6858739 ], [ -56.7152867, -29.6871355 ], [ -56.7149765, -29.6874632 ], [ -56.7143207, -29.687557199999983 ], [ -56.7132732, -29.6874215 ], [ -56.7129842, -29.687536 ], [ -56.712419, -29.6872563 ], [ -56.7118389, -29.6863564 ], [ -56.7118549, -29.6856768 ], [ -56.710433, -29.6848161 ], [ -56.708962, -29.684531499999984 ], [ -56.7082801, -29.6847319 ], [ -56.7066547, -29.6848245 ], [ -56.7055373, -29.6852825 ], [ -56.7046659, -29.6850747 ], [ -56.7028705, -29.6850027 ], [ -56.7021548, -29.6842985 ], [ -56.7004221, -29.6841001 ], [ -56.6990075, -29.6832674 ], [ -56.6981254, -29.6822643 ], [ -56.6977155, -29.6825912 ], [ -56.6974426, -29.683348 ], [ -56.6966911, -29.6840802 ], [ -56.6954599, -29.6842985 ], [ -56.6936433, -29.6852562 ], [ -56.6926078, -29.684554399999989 ], [ -56.6912933, -29.6849694 ], [ -56.6910067, -29.684945 ], [ -56.6898735, -29.6843322 ], [ -56.6893715, -29.6838245 ], [ -56.6889094, -29.6829514 ], [ -56.6874103, -29.682726199999983 ], [ -56.6862607, -29.6817642 ], [ -56.6849803, -29.6814603 ], [ -56.6832949, -29.6817133 ], [ -56.6827974, -29.6825025 ], [ -56.6820142, -29.6825421 ], [ -56.6819313, -29.6814854 ], [ -56.6815461, -29.681193 ], [ -56.6809243, -29.6811765 ], [ -56.6796313, -29.6815206 ], [ -56.6790418, -29.6821999 ], [ -56.6779294, -29.6827076 ], [ -56.6779146, -29.6832934 ], [ -56.6786844, -29.6844684 ], [ -56.6784873, -29.6847229 ], [ -56.6783631, -29.6856479 ], [ -56.6779289, -29.6868494 ], [ -56.6780117, -29.687432 ], [ -56.6771049, -29.6886002 ], [ -56.6765643, -29.6888495 ], [ -56.6760014, -29.6888058 ], [ -56.6760385, -29.6897027 ], [ -56.6754537, -29.690433 ], [ -56.6769533, -29.691917600000014 ], [ -56.6785415, -29.6918122 ], [ -56.6784882, -29.6929317 ], [ -56.6787707, -29.6930692 ], [ -56.6795142, -29.6930977 ], [ -56.6790709, -29.6942366 ], [ -56.6787659, -29.6944434 ], [ -56.6782484, -29.6944705 ], [ -56.6768013, -29.6940468 ], [ -56.6762817, -29.6945685 ], [ -56.6760673, -29.6954595 ], [ -56.6757745, -29.6951673 ], [ -56.675387, -29.6950633 ], [ -56.6730581, -29.6951062 ], [ -56.6719715, -29.6965844 ], [ -56.6708877, -29.6972346 ], [ -56.6701812, -29.6971916 ], [ -56.6686475, -29.696459499999985 ], [ -56.6672323, -29.6964946 ], [ -56.6666617, -29.6971217 ], [ -56.666043, -29.6973953 ], [ -56.6663408, -29.6979836 ], [ -56.6661499, -29.6989725 ], [ -56.6653475, -29.6997644 ], [ -56.6639792, -29.6997305 ], [ -56.6621443, -29.6992203 ], [ -56.6610885, -29.699256 ], [ -56.6607195, -29.699640100000014 ], [ -56.6611061, -29.7003849 ], [ -56.6606252, -29.70087560000001 ], [ -56.6581715, -29.700751 ], [ -56.6579009, -29.70047 ], [ -56.6573927, -29.6992024 ], [ -56.6570914, -29.6989911 ], [ -56.6562928, -29.698837 ], [ -56.6557088, -29.6982938 ], [ -56.6557233, -29.6977135 ], [ -56.6563193, -29.6974035 ], [ -56.6561246, -29.6970455 ], [ -56.6543955, -29.6959697 ], [ -56.6528335, -29.6957014 ], [ -56.6518368, -29.6946849 ], [ -56.6516423, -29.6937277 ], [ -56.651115, -29.6928721 ], [ -56.6502403, -29.6923492 ], [ -56.6487281, -29.6921343 ], [ -56.6477349, -29.690678 ], [ -56.6464681, -29.6903683 ], [ -56.6457886, -29.6910815 ], [ -56.6451734, -29.691295 ], [ -56.6449577, -29.6906965 ], [ -56.6442838, -29.689837199999985 ], [ -56.6447918, -29.6886534 ], [ -56.6443393, -29.6885957 ], [ -56.6441711, -29.6881486 ], [ -56.6437365, -29.6878254 ], [ -56.6430159, -29.6878333 ], [ -56.6422752, -29.688164 ], [ -56.6416132, -29.6890901 ], [ -56.6407116, -29.688953 ], [ -56.6396727, -29.6891327 ], [ -56.6382153, -29.6885149 ], [ -56.6383353, -29.6898915 ], [ -56.6373926, -29.6912337 ], [ -56.6370481, -29.6922181 ], [ -56.6370395, -29.6930553 ], [ -56.6372649, -29.6938336 ], [ -56.6369198, -29.6952446 ], [ -56.6364584, -29.6958756 ], [ -56.6353034, -29.695649 ], [ -56.6344393, -29.6959411 ], [ -56.633565, -29.6968831 ], [ -56.6324727, -29.6959559 ], [ -56.6319089, -29.6956816 ], [ -56.6299865, -29.6953199 ], [ -56.6283368, -29.6953911 ], [ -56.6280255, -29.6959783 ], [ -56.627803, -29.6960955 ], [ -56.6267361, -29.6958757 ], [ -56.624873, -29.6950923 ], [ -56.6242508, -29.6950791 ], [ -56.6234485, -29.695287 ], [ -56.6226863, -29.6951581 ], [ -56.622084, -29.6958074 ], [ -56.6209052, -29.6961145 ], [ -56.6188664, -29.6949786 ], [ -56.618549, -29.6945835 ], [ -56.6180627, -29.6943268 ], [ -56.6176379, -29.694356499999984 ], [ -56.6167067, -29.693999 ], [ -56.6141176, -29.6944141 ], [ -56.6128935, -29.694084099999987 ], [ -56.6115391, -29.6925622 ], [ -56.610503, -29.6925925 ], [ -56.6102356, -29.6930097 ], [ -56.6095961, -29.6934409 ], [ -56.6091372, -29.6941207 ], [ -56.6068884, -29.6948119 ], [ -56.6059946, -29.6954369 ], [ -56.6059027, -29.6958758 ], [ -56.6066125, -29.6961822 ], [ -56.6067237, -29.6966962 ], [ -56.6064094, -29.6971258 ], [ -56.6056836, -29.697506 ], [ -56.6055796, -29.6987038 ], [ -56.6052509, -29.6999055 ], [ -56.6039644, -29.6995242 ], [ -56.6031249, -29.7000424 ], [ -56.6028005, -29.6986019 ], [ -56.6025649, -29.6984196 ], [ -56.6013476, -29.6984526 ], [ -56.6003393, -29.6988718 ], [ -56.5996481, -29.6987826 ], [ -56.5994363, -29.6995952 ], [ -56.5990305, -29.7001972 ], [ -56.5988587, -29.7013534 ], [ -56.597813, -29.7024126 ], [ -56.5951367, -29.7022601 ], [ -56.594613, -29.7023452 ], [ -56.5943769, -29.7025492 ], [ -56.5948019, -29.704903 ], [ -56.5947619, -29.7056518 ], [ -56.5944809, -29.7060342 ], [ -56.5927707, -29.7068575 ], [ -56.5921838, -29.7067905 ], [ -56.5903529, -29.7074867 ], [ -56.5909798, -29.7083208 ], [ -56.5918675, -29.709015099999988 ], [ -56.5916971, -29.7096275 ], [ -56.5911436, -29.710207100000012 ], [ -56.5905654, -29.7104821 ], [ -56.5897656, -29.710074599999984 ], [ -56.5891045, -29.710145 ], [ -56.5888705, -29.71126 ], [ -56.5881839, -29.7118031 ], [ -56.5878405, -29.7123305 ], [ -56.5880306, -29.7126852 ], [ -56.5888455, -29.7129098 ], [ -56.5900082, -29.7137097 ], [ -56.5905358, -29.7142874 ], [ -56.5905604, -29.7146238 ], [ -56.5895355, -29.7154322 ], [ -56.5890771, -29.7162015 ], [ -56.5892182, -29.7169411 ], [ -56.589122, -29.7179891 ], [ -56.5885165, -29.7190387 ], [ -56.5888771, -29.7196268 ], [ -56.5888648, -29.7198876 ], [ -56.5882777, -29.7204965 ], [ -56.5874327, -29.720978699999986 ], [ -56.5874607, -29.721603 ], [ -56.5872103, -29.722103 ], [ -56.5860125, -29.7223581 ], [ -56.5856812, -29.7226867 ], [ -56.5856675, -29.7231515 ], [ -56.5860442, -29.7238032 ], [ -56.5854465, -29.7245578 ], [ -56.5852471, -29.7254513 ], [ -56.5847869, -29.7258563 ], [ -56.5847916, -29.7283759 ], [ -56.5840684, -29.7285006 ], [ -56.5834643, -29.7291381 ], [ -56.5825016, -29.7292755 ], [ -56.5818188, -29.7297046 ], [ -56.5796246, -29.730408 ], [ -56.5785501, -29.7316062 ], [ -56.5773544, -29.7323187 ], [ -56.5770217, -29.7328611 ], [ -56.5770668, -29.7337818 ], [ -56.5773901, -29.7341337 ], [ -56.5785639, -29.7346664 ], [ -56.5771522, -29.7357093 ], [ -56.5766935, -29.7365727 ], [ -56.5755427, -29.7365014 ], [ -56.5746719, -29.7371671 ], [ -56.5737548, -29.737115 ], [ -56.5730166, -29.7377267 ], [ -56.5720138, -29.738098099999984 ], [ -56.5720838, -29.738844 ], [ -56.5731011, -29.7396508 ], [ -56.573082, -29.741251 ], [ -56.572132, -29.741637599999986 ], [ -56.5713273, -29.7414508 ], [ -56.570453, -29.7415074 ], [ -56.5696244, -29.7417946 ], [ -56.5685783, -29.7427395 ], [ -56.5674148, -29.7431957 ], [ -56.5668973, -29.7435616 ], [ -56.5641952, -29.7439326 ], [ -56.5638263, -29.744157900000012 ], [ -56.5632, -29.744268699999985 ], [ -56.5628568, -29.7446871 ], [ -56.5628471, -29.7461537 ], [ -56.5619059, -29.7460726 ], [ -56.5616073, -29.745692 ], [ -56.5613419, -29.746614 ], [ -56.5597915, -29.7464315 ], [ -56.5592893, -29.7474119 ], [ -56.5592247, -29.7479533 ], [ -56.5592988, -29.7487848 ], [ -56.5597644, -29.7497178 ], [ -56.5597099, -29.7501592 ], [ -56.557665, -29.7505582 ], [ -56.5565399, -29.7498103 ], [ -56.5556718, -29.7498742 ], [ -56.5547885, -29.7506133 ], [ -56.5556095, -29.7519294 ], [ -56.5555583, -29.7521999 ], [ -56.5551178, -29.7526983 ], [ -56.5550693, -29.7530982 ], [ -56.5536766, -29.753331 ], [ -56.552954, -29.7529072 ], [ -56.5518444, -29.753010899999989 ], [ -56.5506984, -29.7523152 ], [ -56.5498403, -29.752376 ], [ -56.5490724, -29.7529978 ], [ -56.5486804, -29.7530982 ], [ -56.5482718, -29.7544573 ], [ -56.547109, -29.7551239 ], [ -56.5466031, -29.7556108 ], [ -56.5466985, -29.7564058 ], [ -56.5464582, -29.7572649 ], [ -56.5460866, -29.7575124 ], [ -56.5454467, -29.7575776 ], [ -56.5452071, -29.7578023 ], [ -56.544236, -29.7578205 ], [ -56.5438787, -29.7587834 ], [ -56.5430211, -29.7593932 ], [ -56.5426741, -29.7593829 ], [ -56.5419869, -29.7590085 ], [ -56.5410612, -29.7599452 ], [ -56.5401642, -29.7599088 ], [ -56.5397915, -29.7614316 ], [ -56.5390542, -29.761402699999987 ], [ -56.5386148, -29.7609279 ], [ -56.5377692, -29.7606204 ], [ -56.5372222, -29.7621226 ], [ -56.5365972, -29.7628887 ], [ -56.5366334, -29.7634873 ], [ -56.5357586, -29.7634967 ], [ -56.5353608, -29.7646122 ], [ -56.535347, -29.7650427 ], [ -56.5371763, -29.7650606 ], [ -56.5385804, -29.7653996 ], [ -56.5393799, -29.7659087 ], [ -56.5396141, -29.7669078 ], [ -56.5401776, -29.7674571 ], [ -56.5413862, -29.7680369 ], [ -56.5426426, -29.7681587 ], [ -56.5436025, -29.7685938 ], [ -56.5454094, -29.7690167 ], [ -56.5458175, -29.7694 ], [ -56.5465629, -29.7691725 ], [ -56.5476819, -29.7684487 ], [ -56.5481166, -29.7684179 ], [ -56.5483591, -29.7685814 ], [ -56.548804, -29.7693855 ], [ -56.5500694, -29.7700427 ], [ -56.5511416, -29.7700792 ], [ -56.5535305, -29.7705653 ], [ -56.5544415, -29.7704478 ], [ -56.5551875, -29.7710553 ], [ -56.5568076, -29.7715071 ], [ -56.5574634, -29.7721884 ], [ -56.5584361, -29.7717804 ], [ -56.5619127, -29.7720666 ], [ -56.5627798, -29.772596 ], [ -56.563526, -29.7738341 ], [ -56.5645511, -29.7744475 ], [ -56.5650695, -29.7744871 ], [ -56.5652074, -29.7742447 ], [ -56.5658398, -29.7741594 ], [ -56.5665431, -29.7734348 ], [ -56.5669789, -29.7733277 ], [ -56.567544, -29.7727658 ], [ -56.5675695, -29.7725426 ], [ -56.5691329, -29.7726249 ], [ -56.5698769, -29.773785 ], [ -56.5701008, -29.7739029 ], [ -56.5709709, -29.7738856 ], [ -56.5718545, -29.773182 ], [ -56.572337, -29.7731007 ], [ -56.5727369, -29.773208 ], [ -56.5731074, -29.7736594 ], [ -56.5741666, -29.7735029 ], [ -56.574689, -29.7740964 ], [ -56.5756698, -29.7729512 ], [ -56.5769694, -29.772137 ], [ -56.5781731, -29.7710065 ], [ -56.5796742, -29.7707828 ], [ -56.5807712, -29.7698759 ], [ -56.5816165, -29.7696541 ], [ -56.5820927, -29.769328500000011 ], [ -56.5834385, -29.7702667 ], [ -56.5847124, -29.7692299 ], [ -56.5850136, -29.7692328 ], [ -56.5855448, -29.7695435 ], [ -56.5867878, -29.7707597 ], [ -56.5875368, -29.7707734 ], [ -56.5880416, -29.7704486 ], [ -56.5884716, -29.7690767 ], [ -56.5892893, -29.7679997 ], [ -56.5902702, -29.7680924 ], [ -56.5908563, -29.7679759 ], [ -56.5911442, -29.7675986 ], [ -56.5913248, -29.7662665 ], [ -56.5921696, -29.765843 ], [ -56.5926717, -29.7651914 ], [ -56.5933044, -29.7654524 ], [ -56.5937762, -29.7645705 ], [ -56.5947386, -29.7638422 ], [ -56.5951115, -29.7632754 ], [ -56.5955802, -29.7631642 ], [ -56.5964459, -29.7633781 ], [ -56.5976332, -29.7633138 ], [ -56.5987251, -29.762125 ], [ -56.5994368, -29.7621331 ], [ -56.6007326, -29.761224 ], [ -56.6015009, -29.7609315 ], [ -56.601962, -29.76128 ], [ -56.6021787, -29.7618149 ], [ -56.6021212, -29.7621581 ], [ -56.602337, -29.762413 ], [ -56.6032831, -29.7626325 ], [ -56.6042067, -29.763046 ], [ -56.6064218, -29.7630759 ], [ -56.6069353, -29.762643 ], [ -56.6071183, -29.762994 ], [ -56.6078475, -29.7633758 ], [ -56.6082294, -29.76389570000001 ], [ -56.6095713, -29.7649047 ], [ -56.6105434, -29.765199899999985 ], [ -56.610846, -29.7657442 ], [ -56.6110008, -29.7666318 ], [ -56.611283, -29.7669139 ], [ -56.6119688, -29.767171 ], [ -56.6127221, -29.7679195 ], [ -56.6129188, -29.7687746 ], [ -56.6137264, -29.7702055 ], [ -56.6142983, -29.7702734 ], [ -56.6147389, -29.769877299999983 ], [ -56.6151771, -29.7697653 ], [ -56.6157894, -29.770066 ] ] ] } },
{ "type": "Feature", "properties": { "wts_pk": 133659, "codigo_otto": "82564", "nivel_otto_declarado": 5, "area_m2_bho": 73.761877363454644, "nivel_otto": 5 }, "geometry": { "type": "Polygon", "coordinates": [ [ [ -56.6653475, -29.6997644 ], [ -56.6661255, -29.6990553 ], [ -56.6663408, -29.6979836 ], [ -56.666043, -29.6973953 ], [ -56.6666617, -29.6971217 ], [ -56.6672323, -29.6964946 ], [ -56.6686475, -29.696459499999985 ], [ -56.6701812, -29.6971916 ], [ -56.6708877, -29.6972346 ], [ -56.6719715, -29.6965844 ], [ -56.6730581, -29.6951062 ], [ -56.675387, -29.6950633 ], [ -56.6757745, -29.6951673 ], [ -56.6760673, -29.6954595 ], [ -56.6762817, -29.6945685 ], [ -56.6768013, -29.6940468 ], [ -56.6783554, -29.6944776 ], [ -56.6788492, -29.6944132 ], [ -56.67915, -29.694151 ], [ -56.6795142, -29.6930977 ], [ -56.6787707, -29.6930692 ], [ -56.6784882, -29.6929317 ], [ -56.6785415, -29.6918122 ], [ -56.6769533, -29.691917600000014 ], [ -56.6754537, -29.690433 ], [ -56.6760385, -29.6897027 ], [ -56.6760014, -29.6888058 ], [ -56.6765643, -29.6888495 ], [ -56.6771049, -29.6886002 ], [ -56.6780117, -29.687432 ], [ -56.6779289, -29.6868494 ], [ -56.6783631, -29.6856479 ], [ -56.6784873, -29.6847229 ], [ -56.6786844, -29.6844684 ], [ -56.6779146, -29.6832934 ], [ -56.6779294, -29.6827076 ], [ -56.6790418, -29.6821999 ], [ -56.6796313, -29.6815206 ], [ -56.6809243, -29.6811765 ], [ -56.6815461, -29.681193 ], [ -56.6819313, -29.6814854 ], [ -56.6820142, -29.6825421 ], [ -56.6827974, -29.6825025 ], [ -56.6832949, -29.6817133 ], [ -56.6849803, -29.6814603 ], [ -56.6862607, -29.6817642 ], [ -56.6874103, -29.682726199999983 ], [ -56.6889094, -29.6829514 ], [ -56.6893715, -29.6838245 ], [ -56.6898735, -29.6843322 ], [ -56.6910067, -29.684945 ], [ -56.6912933, -29.6849694 ], [ -56.6926078, -29.684554399999989 ], [ -56.6936433, -29.6852562 ], [ -56.6954599, -29.6842985 ], [ -56.6966911, -29.6840802 ], [ -56.6974426, -29.683348 ], [ -56.6977155, -29.6825912 ], [ -56.6981254, -29.6822643 ], [ -56.6990075, -29.6832674 ], [ -56.7004221, -29.6841001 ], [ -56.7021548, -29.6842985 ], [ -56.7028705, -29.6850027 ], [ -56.7046659, -29.6850747 ], [ -56.7055373, -29.6852825 ], [ -56.7066547, -29.6848245 ], [ -56.7082801, -29.6847319 ], [ -56.708962, -29.684531499999984 ], [ -56.710433, -29.6848161 ], [ -56.7118549, -29.6856768 ], [ -56.7118389, -29.6863564 ], [ -56.712419, -29.6872563 ], [ -56.7129842, -29.687536 ], [ -56.7132732, -29.6874215 ], [ -56.7143207, -29.687557199999983 ], [ -56.7149765, -29.6874632 ], [ -56.7152867, -29.6871355 ], [ -56.7148427, -29.6858739 ], [ -56.7154274, -29.684923499999989 ], [ -56.7166855, -29.684629 ], [ -56.7176677, -29.683511 ], [ -56.7190705, -29.684414 ], [ -56.7195874, -29.6844228 ], [ -56.7204404, -29.682893699999987 ], [ -56.7211173, -29.6820532 ], [ -56.7240311, -29.6816459 ], [ -56.7247168, -29.6812155 ], [ -56.7258203, -29.6809286 ], [ -56.7270144, -29.680875299999986 ], [ -56.7267959, -29.68267590000001 ], [ -56.7274727, -29.6834503 ], [ -56.7277928, -29.6840754 ], [ -56.7278558, -29.6850961 ], [ -56.7285076, -29.6855194 ], [ -56.7298841, -29.6853776 ], [ -56.7310251, -29.6860552 ], [ -56.732171, -29.6862505 ], [ -56.7329012, -29.686859 ], [ -56.733242, -29.686962199999986 ], [ -56.7344226, -29.6867531 ], [ -56.7360712, -29.6871583 ], [ -56.7376884, -29.6864964 ], [ -56.7385407, -29.6870204 ], [ -56.7388877, -29.6880205 ], [ -56.7400657, -29.687873 ], [ -56.7410148, -29.6882905 ], [ -56.7415391, -29.6883657 ], [ -56.743004, -29.6881275 ], [ -56.743302, -29.6882665 ], [ -56.7436323, -29.6888635 ], [ -56.7444172, -29.6889445 ], [ -56.7449262, -29.6888349 ], [ -56.7453372, -29.6881693 ], [ -56.7464059, -29.6880707 ], [ -56.7464847, -29.6875915 ], [ -56.7468578, -29.6872719 ], [ -56.7480668, -29.687546199999986 ], [ -56.7493687, -29.6872901 ], [ -56.7514326, -29.6872226 ], [ -56.7516816, -29.687017 ], [ -56.7518914, -29.6862668 ], [ -56.7530089, -29.6859452 ], [ -56.7532746, -29.6859945 ], [ -56.7539189, -29.6866474 ], [ -56.7550331, -29.6862124 ], [ -56.7559035, -29.686153 ], [ -56.7565533, -29.6854643 ], [ -56.7568972, -29.6854891 ], [ -56.7571743, -29.6853001 ], [ -56.7588793, -29.6837064 ], [ -56.7601051, -29.6834372 ], [ -56.7619858, -29.6838745 ], [ -56.762848, -29.6839307 ], [ -56.7633892, -29.683053 ], [ -56.7631866, -29.6815737 ], [ -56.7637334, -29.6801763 ], [ -56.7644432, -29.6790528 ], [ -56.7646161, -29.6778999 ], [ -56.7667913, -29.6760087 ], [ -56.7674195, -29.6757489 ], [ -56.7677079, -29.6751718 ], [ -56.768519, -29.6752403 ], [ -56.769256, -29.6748735 ], [ -56.7694628, -29.6744953 ], [ -56.7692488, -29.6737952 ], [ -56.7692773, -29.6730524 ], [ -56.7699761, -29.6725838 ], [ -56.7706993, -29.6725886 ], [ -56.7723851, -29.6730658 ], [ -56.7736813, -29.6728196 ], [ -56.7743211, -29.6743371 ], [ -56.7748329, -29.6744773 ], [ -56.7756515, -29.6742579 ], [ -56.7771907, -29.6741285 ], [ -56.7778115, -29.6738068 ], [ -56.7784863, -29.6726919 ], [ -56.7787928, -29.6726074 ], [ -56.7794191, -29.6731608 ], [ -56.7801533, -29.6746055 ], [ -56.781595, -29.6748763 ], [ -56.7821471, -29.6757705 ], [ -56.783796, -29.677173599999989 ], [ -56.784829, -29.6770657 ], [ -56.7854604, -29.6774227 ], [ -56.7874288, -29.6775727 ], [ -56.7883129, -29.677780799999983 ], [ -56.7892571, -29.6773088 ], [ -56.7910687, -29.6771748 ], [ -56.7920661, -29.6762857 ], [ -56.7926981, -29.6760322 ], [ -56.7931554, -29.675637199999986 ], [ -56.7946724, -29.6756317 ], [ -56.7952622, -29.6760004 ], [ -56.7954837, -29.6750832 ], [ -56.7959596, -29.6746193 ], [ -56.7965925, -29.6743518 ], [ -56.7965397, -29.6737922 ], [ -56.7968242, -29.6731716 ], [ -56.7973423, -29.6726749 ], [ -56.7980117, -29.6724515 ], [ -56.7983129, -29.6721921 ], [ -56.7986462, -29.6714821 ], [ -56.7987778, -29.6703946 ], [ -56.799237, -29.6697639 ], [ -56.7995161, -29.6697683 ], [ -56.8002321, -29.6700602 ], [ -56.8021195, -29.6719033 ], [ -56.8032613, -29.6723766 ], [ -56.8035028, -29.6735754 ], [ -56.8040678, -29.6741286 ], [ -56.8049571, -29.674407599999988 ], [ -56.805713, -29.6743078 ], [ -56.8061196, -29.6746839 ], [ -56.8082453, -29.6752181 ], [ -56.8095149, -29.6750416 ], [ -56.8097961, -29.6741633 ], [ -56.8095181, -29.6723899 ], [ -56.8098393, -29.6715516 ], [ -56.8101629, -29.6712348 ], [ -56.810448, -29.6712013 ], [ -56.8114593, -29.6717083 ], [ -56.8119775, -29.6709834 ], [ -56.8120147, -29.6703618 ], [ -56.8118531, -29.67016150000001 ], [ -56.8113499, -29.6702875 ], [ -56.8107515, -29.6702275 ], [ -56.8099502, -29.669583 ], [ -56.8092887, -29.6693529 ], [ -56.8083535, -29.6685055 ], [ -56.8073708, -29.6679365 ], [ -56.8073428, -29.6674117 ], [ -56.8080558, -29.6660085 ], [ -56.8074756, -29.6648396 ], [ -56.8065696, -29.663823 ], [ -56.806418, -29.6625034 ], [ -56.8059638, -29.6615575 ], [ -56.8058985, -29.6609896 ], [ -56.80594, -29.6592618 ], [ -56.8063759, -29.6587577 ], [ -56.8064219, -29.6583144 ], [ -56.8061459, -29.6579504 ], [ -56.8054827, -29.6575105 ], [ -56.8051574, -29.6569175 ], [ -56.8050432, -29.6548058 ], [ -56.8045181, -29.653699199999984 ], [ -56.8048501, -29.6524035 ], [ -56.8051375, -29.6520376 ], [ -56.8055575, -29.6517687 ], [ -56.8065992, -29.6515784 ], [ -56.8064838, -29.650835399999984 ], [ -56.8066912, -29.6500173 ], [ -56.8065923, -29.6493346 ], [ -56.8074386, -29.6488305 ], [ -56.8080674, -29.6479465 ], [ -56.8081164, -29.6471194 ], [ -56.8079032, -29.6463542 ], [ -56.8084076, -29.645615599999989 ], [ -56.8083794, -29.6446795 ], [ -56.8081735, -29.6443251 ], [ -56.8089623, -29.6433868 ], [ -56.8084788, -29.642679299999983 ], [ -56.80863, -29.6419008 ], [ -56.8083797, -29.6413615 ], [ -56.8080232, -29.6412215 ], [ -56.8061793, -29.6416658 ], [ -56.8043099, -29.640929 ], [ -56.8030093, -29.64070280000001 ], [ -56.801978, -29.6415747 ], [ -56.8017073, -29.6416446 ], [ -56.8010603, -29.641467599999988 ], [ -56.7993455, -29.6413431 ], [ -56.7990864, -29.6410999 ], [ -56.7991224, -29.6407081 ], [ -56.7989412, -29.6404253 ], [ -56.7983837, -29.6400743 ], [ -56.7970423, -29.6399966 ], [ -56.7964884, -29.6398319 ], [ -56.7959357, -29.6399665 ], [ -56.7955013, -29.6398777 ], [ -56.7950702, -29.6403194 ], [ -56.7949005, -29.6403188 ], [ -56.7933775, -29.6398293 ], [ -56.7929406, -29.6402524 ], [ -56.7918316, -29.6408164 ], [ -56.7906465, -29.6406063 ], [ -56.7896276, -29.6406803 ], [ -56.788774, -29.6416518 ], [ -56.7874809, -29.6421724 ], [ -56.7858771, -29.6419996 ], [ -56.7854879, -29.6420947 ], [ -56.7852002, -29.6424001 ], [ -56.7846157, -29.6423626 ], [ -56.7840404, -29.6431865 ], [ -56.783959, -29.6439306 ], [ -56.7836812, -29.643930600000012 ], [ -56.7834801, -29.6431555 ], [ -56.7825301, -29.6428713 ], [ -56.781839, -29.64317010000001 ], [ -56.7808608, -29.6440809 ], [ -56.7805897, -29.6441497 ], [ -56.7790731, -29.6434552 ], [ -56.7783705, -29.6435782 ], [ -56.7766652, -29.643315499999989 ], [ -56.7755176, -29.6426197 ], [ -56.7746283, -29.6423332 ], [ -56.7735931, -29.6425937 ], [ -56.7726419, -29.6430527 ], [ -56.7719492, -29.6430369 ], [ -56.7713094, -29.641820299999988 ], [ -56.770708, -29.6417171 ], [ -56.7698885, -29.6418399 ], [ -56.7694385, -29.641219899999985 ], [ -56.7685402, -29.6404316 ], [ -56.7672154, -29.640262 ], [ -56.7669047, -29.6400553 ], [ -56.7661407, -29.6384966 ], [ -56.7650541, -29.6383725 ], [ -56.7641771, -29.639069700000015 ], [ -56.7635449, -29.6393241 ], [ -56.7632212, -29.6405051 ], [ -56.7623004, -29.6403758 ], [ -56.7605294, -29.6408292 ], [ -56.7595066, -29.6406396 ], [ -56.759096, -29.6409028 ], [ -56.7588499, -29.641619899999984 ], [ -56.7577027, -29.6425736 ], [ -56.7565618, -29.6440122 ], [ -56.7561348, -29.6450977 ], [ -56.7557136, -29.6454885 ], [ -56.755374, -29.6470323 ], [ -56.75531, -29.6486989 ], [ -56.7543005, -29.6499199 ], [ -56.7540758, -29.6509885 ], [ -56.7541338, -29.651634 ], [ -56.75257, -29.6528196 ], [ -56.7507075, -29.6523102 ], [ -56.7501789, -29.6523468 ], [ -56.7482564, -29.6540343 ], [ -56.7475304, -29.6549179 ], [ -56.7468603, -29.6554943 ], [ -56.7464917, -29.6555857 ], [ -56.7459033, -29.6555974 ], [ -56.7458522, -29.6549554 ], [ -56.7455625, -29.6545351 ], [ -56.744961, -29.6540106 ], [ -56.7441331, -29.6537275 ], [ -56.7435887, -29.6537046 ], [ -56.7427609, -29.6539857 ], [ -56.7421487, -29.6546584 ], [ -56.7418293, -29.6547304 ], [ -56.7409758, -29.654281799999989 ], [ -56.7401897, -29.6541105 ], [ -56.739277, -29.6534396 ], [ -56.7383787, -29.6538849 ], [ -56.7349573, -29.6543741 ], [ -56.7315119, -29.6540431 ], [ -56.7307643, -29.6543141 ], [ -56.7302708, -29.6549931 ], [ -56.729755, -29.6552645 ], [ -56.7290638, -29.6549731 ], [ -56.7279965, -29.6540333 ], [ -56.7257853, -29.6526286 ], [ -56.7251904, -29.6525683 ], [ -56.7242353, -29.6527662 ], [ -56.7235102, -29.6523526 ], [ -56.7229651, -29.6524259 ], [ -56.7212898, -29.6521785 ], [ -56.7210105, -29.6518822 ], [ -56.7210797, -29.651225 ], [ -56.7205291, -29.6503966 ], [ -56.7193268, -29.6498256 ], [ -56.7182205, -29.6499453 ], [ -56.7166242, -29.6491664 ], [ -56.7157349, -29.6480108 ], [ -56.715497, -29.6473655 ], [ -56.7139308, -29.6467332 ], [ -56.7126083, -29.6467465 ], [ -56.7116246, -29.6474677 ], [ -56.7108662, -29.6475471 ], [ -56.710189, -29.647254 ], [ -56.7097919, -29.6464309 ], [ -56.7090886, -29.6462486 ], [ -56.7082244, -29.6465046 ], [ -56.7079368, -29.64678 ], [ -56.7078406, -29.6471984 ], [ -56.7078749, -29.6480588 ], [ -56.7080986, -29.6486795 ], [ -56.7080364, -29.6491342 ], [ -56.7075421, -29.6496467 ], [ -56.7069099, -29.6499588 ], [ -56.7054758, -29.6501436 ], [ -56.7050697, -29.6511531 ], [ -56.7032382, -29.6505081 ], [ -56.702334, -29.6499159 ], [ -56.7010803, -29.6487242 ], [ -56.7005172, -29.648477 ], [ -56.6988106, -29.6487506 ], [ -56.6981723, -29.6500406 ], [ -56.696246, -29.650207 ], [ -56.695169, -29.6491315 ], [ -56.6949747, -29.6478951 ], [ -56.6943087, -29.646836499999985 ], [ -56.6938996, -29.645736800000012 ], [ -56.6932295, -29.644959399999983 ], [ -56.6927882, -29.6437926 ], [ -56.692124, -29.6430105 ], [ -56.6918701, -29.6421004 ], [ -56.6907295, -29.641625499999989 ], [ -56.68993, -29.6406996 ], [ -56.6891793, -29.6404286 ], [ -56.687781, -29.6406599 ], [ -56.6871705, -29.6410643 ], [ -56.6867605, -29.6411493 ], [ -56.6859289, -29.641128 ], [ -56.6849043, -29.6407882 ], [ -56.6843392, -29.6403706 ], [ -56.6832008, -29.6398895 ], [ -56.6828147, -29.638827 ], [ -56.6821936, -29.638164 ], [ -56.6815768, -29.6378924 ], [ -56.6804651, -29.6380728 ], [ -56.6791738, -29.637749599999985 ], [ -56.6788554, -29.6367905 ], [ -56.6785668, -29.6365211 ], [ -56.6774071, -29.6363397 ], [ -56.6760692, -29.6356858 ], [ -56.6752687, -29.6355376 ], [ -56.6742361, -29.6350421 ], [ -56.6742437, -29.6342564 ], [ -56.6745139, -29.634208799999989 ], [ -56.6744887, -29.6339921 ], [ -56.673984, -29.633602 ], [ -56.6739583, -29.6330977 ], [ -56.6729583, -29.6328782 ], [ -56.671945, -29.633166 ], [ -56.6715245, -29.6335898 ], [ -56.6705822, -29.6338761 ], [ -56.6699266, -29.6335501 ], [ -56.6695424, -29.6328992 ], [ -56.6690828, -29.6329765 ], [ -56.6667598, -29.6325395 ], [ -56.6665298, -29.6327197 ], [ -56.6650381, -29.633072 ], [ -56.6638136, -29.633086 ], [ -56.6634469, -29.6329707 ], [ -56.6623551, -29.6320939 ], [ -56.6615358, -29.6325939 ], [ -56.6610899, -29.6333032 ], [ -56.6607137, -29.6336034 ], [ -56.6591816, -29.6336487 ], [ -56.6583266, -29.633378399999984 ], [ -56.6580659, -29.6338844 ], [ -56.6571552, -29.6339504 ], [ -56.656901, -29.63417440000001 ], [ -56.6562362, -29.6342323 ], [ -56.6555128, -29.6345305 ], [ -56.6538957, -29.6357623 ], [ -56.6533705, -29.6356718 ], [ -56.6526054, -29.6358563 ], [ -56.6507179, -29.6359491 ], [ -56.6498879, -29.6365074 ], [ -56.6493832, -29.637995 ], [ -56.6477281, -29.6391048 ], [ -56.646606, -29.6388245 ], [ -56.6460603, -29.6381943 ], [ -56.6449123, -29.6377244 ], [ -56.644236, -29.6367089 ], [ -56.6437179, -29.6365741 ], [ -56.6435166, -29.636813299999989 ], [ -56.6435832, -29.6374688 ], [ -56.6425771, -29.6390364 ], [ -56.641937, -29.639203599999984 ], [ -56.6409623, -29.6390494 ], [ -56.6403819, -29.6393255 ], [ -56.6396133, -29.6401523 ], [ -56.6398425, -29.6410096 ], [ -56.6401305, -29.6413787 ], [ -56.6405469, -29.6416503 ], [ -56.6417117, -29.64182730000001 ], [ -56.6421778, -29.6420866 ], [ -56.642278, -29.6424368 ], [ -56.641787, -29.643333199999983 ], [ -56.6411804, -29.6458756 ], [ -56.6401266, -29.6457634 ], [ -56.6408677, -29.6469234 ], [ -56.640851, -29.6473974 ], [ -56.6405868, -29.6479674 ], [ -56.6402033, -29.6485566 ], [ -56.639236, -29.6486534 ], [ -56.6390167, -29.6491152 ], [ -56.6403049, -29.650145 ], [ -56.640423, -29.6514981 ], [ -56.6416408, -29.6526227 ], [ -56.6415654, -29.6535477 ], [ -56.6417962, -29.654059 ], [ -56.6428485, -29.6545483 ], [ -56.6424825, -29.6562666 ], [ -56.6415627, -29.657097099999987 ], [ -56.6417994, -29.6581292 ], [ -56.6422039, -29.6585414 ], [ -56.6421968, -29.65886 ], [ -56.6419119, -29.6591161 ], [ -56.6405105, -29.6595279 ], [ -56.6401589, -29.6598377 ], [ -56.6396227, -29.6609839 ], [ -56.6396482, -29.6626844 ], [ -56.63884, -29.662940099999989 ], [ -56.6385714, -29.663565199999983 ], [ -56.637601, -29.6647169 ], [ -56.63762, -29.6659135 ], [ -56.6383615, -29.6667078 ], [ -56.6378368, -29.667842300000011 ], [ -56.6387677, -29.6681488 ], [ -56.6388397, -29.6683161 ], [ -56.6382163, -29.6688052 ], [ -56.6375002, -29.6699869 ], [ -56.6364583, -29.6705978 ], [ -56.6362004, -29.6716731 ], [ -56.6362647, -29.6723746 ], [ -56.6368953, -29.6729331 ], [ -56.6368047, -29.6737825 ], [ -56.6372229, -29.67464 ], [ -56.6373647, -29.6754386 ], [ -56.6377793, -29.6760317 ], [ -56.6379085, -29.6776693 ], [ -56.6386761, -29.6793362 ], [ -56.6385923, -29.680247500000011 ], [ -56.6378697, -29.681042 ], [ -56.6380578, -29.6818954 ], [ -56.6372932, -29.6827722 ], [ -56.637617, -29.684250699999989 ], [ -56.6386803, -29.6846721 ], [ -56.63931, -29.6855397 ], [ -56.6401713, -29.6863568 ], [ -56.6409058, -29.6866588 ], [ -56.6416448, -29.6865727 ], [ -56.6425695, -29.6880978 ], [ -56.6430159, -29.6878333 ], [ -56.6437937, -29.6878358 ], [ -56.6441711, -29.6881486 ], [ -56.6443393, -29.6885957 ], [ -56.6447918, -29.6886534 ], [ -56.6442838, -29.689837199999985 ], [ -56.6449577, -29.6906965 ], [ -56.6451734, -29.691295 ], [ -56.6457886, -29.6910815 ], [ -56.6463199, -29.6904276 ], [ -56.646825, -29.6903684 ], [ -56.6478541, -29.6907714 ], [ -56.6484937, -29.6919147 ], [ -56.648794, -29.6921747 ], [ -56.6501476, -29.6923211 ], [ -56.65087, -29.6926609 ], [ -56.6514078, -29.6932305 ], [ -56.6518368, -29.6946849 ], [ -56.6526341, -29.6955468 ], [ -56.6530497, -29.6958169 ], [ -56.6543955, -29.6959697 ], [ -56.6561717, -29.697097 ], [ -56.6563193, -29.6974035 ], [ -56.6557233, -29.6977135 ], [ -56.6557088, -29.6982938 ], [ -56.6562928, -29.698837 ], [ -56.6570914, -29.6989911 ], [ -56.6573927, -29.6992024 ], [ -56.6579009, -29.70047 ], [ -56.6582344, -29.7007903 ], [ -56.6591168, -29.7007171 ], [ -56.6606252, -29.70087560000001 ], [ -56.6611168, -29.7003099 ], [ -56.6607377, -29.6995323 ], [ -56.6611886, -29.6992333 ], [ -56.6622565, -29.699235 ], [ -56.6642178, -29.6997567 ], [ -56.6653475, -29.6997644 ] ] ] } },
{ "type": "Feature", "properties": { "wts_pk": 133672, "codigo_otto": "82578", "nivel_otto_declarado": 5, "area_m2_bho": 214.34441480748251, "nivel_otto": 5 }, "geometry": { "type": "Polygon", "coordinates": [ [ [ -56.6827841, -29.6387817 ], [ -56.6832558, -29.6399386 ], [ -56.6857317, -29.6410787 ], [ -56.6869835, -29.6411218 ], [ -56.687781, -29.6406599 ], [ -56.6891793, -29.6404286 ], [ -56.68993, -29.6406996 ], [ -56.6907295, -29.641625499999989 ], [ -56.6918701, -29.6421004 ], [ -56.692124, -29.6430105 ], [ -56.6927882, -29.6437926 ], [ -56.6932295, -29.644959399999983 ], [ -56.6938996, -29.645736800000012 ], [ -56.6943087, -29.646836499999985 ], [ -56.6949747, -29.6478951 ], [ -56.695169, -29.6491315 ], [ -56.696246, -29.650207 ], [ -56.6981723, -29.6500406 ], [ -56.6988106, -29.6487506 ], [ -56.7005172, -29.648477 ], [ -56.7010803, -29.6487242 ], [ -56.702334, -29.6499159 ], [ -56.7032382, -29.6505081 ], [ -56.7050697, -29.6511531 ], [ -56.7054758, -29.6501436 ], [ -56.7069099, -29.6499588 ], [ -56.7075421, -29.6496467 ], [ -56.7080364, -29.6491342 ], [ -56.7080986, -29.6486795 ], [ -56.7078749, -29.6480588 ], [ -56.7078406, -29.6471984 ], [ -56.7079368, -29.64678 ], [ -56.7082244, -29.6465046 ], [ -56.7090886, -29.6462486 ], [ -56.7097919, -29.6464309 ], [ -56.710189, -29.647254 ], [ -56.7108662, -29.6475471 ], [ -56.7116246, -29.6474677 ], [ -56.7126083, -29.6467465 ], [ -56.7139308, -29.6467332 ], [ -56.715497, -29.6473655 ], [ -56.7157349, -29.6480108 ], [ -56.7166242, -29.6491664 ], [ -56.7182205, -29.6499453 ], [ -56.7193268, -29.6498256 ], [ -56.7205291, -29.6503966 ], [ -56.7210797, -29.651225 ], [ -56.7210105, -29.6518822 ], [ -56.7212898, -29.6521785 ], [ -56.7229651, -29.6524259 ], [ -56.7235102, -29.6523526 ], [ -56.7242353, -29.6527662 ], [ -56.7251904, -29.6525683 ], [ -56.7257853, -29.6526286 ], [ -56.7279965, -29.6540333 ], [ -56.7290638, -29.6549731 ], [ -56.729755, -29.6552645 ], [ -56.7302708, -29.6549931 ], [ -56.7307643, -29.6543141 ], [ -56.7315119, -29.6540431 ], [ -56.7349573, -29.6543741 ], [ -56.7383787, -29.6538849 ], [ -56.739277, -29.6534396 ], [ -56.7401897, -29.6541105 ], [ -56.7409758, -29.654281799999989 ], [ -56.7418293, -29.6547304 ], [ -56.7421487, -29.6546584 ], [ -56.7427609, -29.6539857 ], [ -56.7435887, -29.6537046 ], [ -56.7441331, -29.6537275 ], [ -56.744961, -29.6540106 ], [ -56.7455625, -29.6545351 ], [ -56.7458522, -29.6549554 ], [ -56.7459033, -29.6555974 ], [ -56.7464917, -29.6555857 ], [ -56.7468603, -29.6554943 ], [ -56.7475304, -29.6549179 ], [ -56.7482564, -29.6540343 ], [ -56.7501789, -29.6523468 ], [ -56.7507075, -29.6523102 ], [ -56.75257, -29.6528196 ], [ -56.7541338, -29.651634 ], [ -56.7540758, -29.6509885 ], [ -56.7543005, -29.6499199 ], [ -56.75531, -29.6486989 ], [ -56.755374, -29.6470323 ], [ -56.7557136, -29.6454885 ], [ -56.7561348, -29.6450977 ], [ -56.7565618, -29.6440122 ], [ -56.7577027, -29.6425736 ], [ -56.7588499, -29.641619899999984 ], [ -56.759096, -29.6409028 ], [ -56.7595066, -29.6406396 ], [ -56.7605294, -29.6408292 ], [ -56.7623004, -29.6403758 ], [ -56.7632212, -29.6405051 ], [ -56.7635449, -29.6393241 ], [ -56.7641771, -29.639069700000015 ], [ -56.7650541, -29.6383725 ], [ -56.7661407, -29.6384966 ], [ -56.7669047, -29.6400553 ], [ -56.7672154, -29.640262 ], [ -56.7685402, -29.6404316 ], [ -56.7694385, -29.641219899999985 ], [ -56.7698885, -29.6418399 ], [ -56.770708, -29.6417171 ], [ -56.7713094, -29.641820299999988 ], [ -56.771779, -29.6428894 ], [ -56.7721325, -29.643079399999987 ], [ -56.7726419, -29.6430527 ], [ -56.7735931, -29.6425937 ], [ -56.7746283, -29.6423332 ], [ -56.7755176, -29.6426197 ], [ -56.7766652, -29.643315499999989 ], [ -56.7783705, -29.6435782 ], [ -56.7790731, -29.6434552 ], [ -56.7806636, -29.6441486 ], [ -56.781839, -29.64317010000001 ], [ -56.7826068, -29.6428699 ], [ -56.7834801, -29.6431555 ], [ -56.7836812, -29.643930600000012 ], [ -56.783959, -29.6439306 ], [ -56.7840404, -29.6431865 ], [ -56.7846157, -29.6423626 ], [ -56.7852002, -29.6424001 ], [ -56.7857647, -29.6420117 ], [ -56.7865956, -29.6420089 ], [ -56.787335, -29.6421973 ], [ -56.7882206, -29.6419424 ], [ -56.7888311, -29.6416086 ], [ -56.7893068, -29.6409274 ], [ -56.7897152, -29.640647500000011 ], [ -56.7906465, -29.6406063 ], [ -56.7917436, -29.6408312 ], [ -56.7929406, -29.6402524 ], [ -56.7933775, -29.6398293 ], [ -56.7949878, -29.6403227 ], [ -56.7954474, -29.639886599999976 ], [ -56.7959357, -29.6399665 ], [ -56.7964884, -29.6398319 ], [ -56.7985752, -29.6401298 ], [ -56.7991055, -29.64065350000001 ], [ -56.7991125, -29.6411381 ], [ -56.7996257, -29.6414123 ], [ -56.8018529, -29.6416316 ], [ -56.8030093, -29.64070280000001 ], [ -56.8043099, -29.640929 ], [ -56.8061793, -29.6416658 ], [ -56.808233, -29.6412351 ], [ -56.80863, -29.6419008 ], [ -56.8085035, -29.642744 ], [ -56.8094956, -29.6440382 ], [ -56.8101773, -29.6444013 ], [ -56.8110575, -29.6445842 ], [ -56.8116692, -29.6449755 ], [ -56.8128004, -29.6451734 ], [ -56.8138187, -29.6459116 ], [ -56.813797, -29.6466087 ], [ -56.8141447, -29.6469356 ], [ -56.8147351, -29.6468693 ], [ -56.815496, -29.6463327 ], [ -56.8160105, -29.6456817 ], [ -56.8171212, -29.6448322 ], [ -56.81774, -29.6445472 ], [ -56.8180238, -29.6445749 ], [ -56.8183076, -29.644828 ], [ -56.8189497, -29.645984 ], [ -56.8194042, -29.6460704 ], [ -56.8203063, -29.6454765 ], [ -56.8206265, -29.644747699999989 ], [ -56.8202512, -29.6438125 ], [ -56.8196206, -29.643264 ], [ -56.8200312, -29.64204320000001 ], [ -56.8200144, -29.6416609 ], [ -56.8193397, -29.6410734 ], [ -56.8187178, -29.6398231 ], [ -56.8187467, -29.6393587 ], [ -56.8191946, -29.6386898 ], [ -56.8193846, -29.6376709 ], [ -56.819062, -29.6373648 ], [ -56.8188202, -29.6364684 ], [ -56.8178901, -29.6360169 ], [ -56.8176251, -29.6357282 ], [ -56.8175812, -29.6354225 ], [ -56.8176586, -29.6351287 ], [ -56.8183327, -29.6343278 ], [ -56.8185083, -29.6335451 ], [ -56.8188794, -29.6331559 ], [ -56.818817, -29.6329194 ], [ -56.8182316, -29.6324616 ], [ -56.8182163, -29.6321448 ], [ -56.8197141, -29.630719 ], [ -56.8205178, -29.629433600000013 ], [ -56.8200703, -29.6283749 ], [ -56.8212496, -29.62801 ], [ -56.8215902, -29.6276466 ], [ -56.8218571, -29.6276083 ], [ -56.8225267, -29.6279345 ], [ -56.8237276, -29.6290857 ], [ -56.8243209, -29.6291572 ], [ -56.825515, -29.6288477 ], [ -56.827406, -29.6279087 ], [ -56.8285676, -29.6277243 ], [ -56.8294052, -29.6268297 ], [ -56.830092, -29.6272165 ], [ -56.8313009, -29.6274218 ], [ -56.8320858, -29.6273403 ], [ -56.8329157, -29.6283198 ], [ -56.8333266, -29.6285933 ], [ -56.8343075, -29.62871710000001 ], [ -56.8353663, -29.6291764 ], [ -56.8372766, -29.6291787 ], [ -56.8381024, -29.6287113 ], [ -56.8390046, -29.6286497 ], [ -56.83984, -29.6273938 ], [ -56.8413615, -29.6269084 ], [ -56.8416669, -29.6265508 ], [ -56.8418319, -29.6257678 ], [ -56.8420391, -29.6256316 ], [ -56.8433918, -29.6253682 ], [ -56.8435828, -29.6254825 ], [ -56.8438172, -29.6260461 ], [ -56.8443463, -29.6263594 ], [ -56.845299, -29.6263132 ], [ -56.8464154, -29.625116 ], [ -56.8459037, -29.623930399999985 ], [ -56.8471046, -29.6239784 ], [ -56.8482248, -29.6245404 ], [ -56.8487796, -29.6255321 ], [ -56.849402, -29.6260853 ], [ -56.8496981, -29.6259928 ], [ -56.8499297, -29.62544 ], [ -56.8507699, -29.6245912 ], [ -56.8518479, -29.6243152 ], [ -56.8524688, -29.6246661 ], [ -56.8530287, -29.6246291 ], [ -56.8542371, -29.6261525 ], [ -56.8545149, -29.6261525 ], [ -56.854564, -29.6258676 ], [ -56.8548016, -29.6256738 ], [ -56.8557126, -29.6255305 ], [ -56.8565143, -29.6251672 ], [ -56.8570564, -29.6255548 ], [ -56.858371, -29.6255673 ], [ -56.8586288, -29.6253626 ], [ -56.8587909, -29.6242947 ], [ -56.8594302, -29.6237669 ], [ -56.8600933, -29.6226829 ], [ -56.8603189, -29.6226818 ], [ -56.8610061, -29.6232926 ], [ -56.8616226, -29.6235799 ], [ -56.8626821, -29.6235843 ], [ -56.8632458, -29.6233301 ], [ -56.8636497, -29.6229244 ], [ -56.8636655, -29.622613 ], [ -56.862643, -29.6213397 ], [ -56.8626443, -29.62076 ], [ -56.8629556, -29.6206203 ], [ -56.864689, -29.6205157 ], [ -56.8652257, -29.6202223 ], [ -56.8657741, -29.6193253 ], [ -56.8669236, -29.6190365 ], [ -56.8670822, -29.6179716 ], [ -56.8673445, -29.617397199999985 ], [ -56.8677245, -29.617076 ], [ -56.868126, -29.6169858 ], [ -56.8681607, -29.6158096 ], [ -56.868767, -29.6143683 ], [ -56.8693753, -29.6140975 ], [ -56.8697927, -29.6133747 ], [ -56.8701973, -29.6132863 ], [ -56.8705672, -29.612946699999988 ], [ -56.8708783, -29.6116113 ], [ -56.8706293, -29.6105436 ], [ -56.8706419, -29.609343499999984 ], [ -56.870836, -29.6086468 ], [ -56.8707046, -29.6079571 ], [ -56.8716463, -29.6068223 ], [ -56.8722594, -29.6055739 ], [ -56.8722927, -29.6050413 ], [ -56.8707471, -29.6038304 ], [ -56.8701875, -29.602771099999984 ], [ -56.8706203, -29.6017636 ], [ -56.8703593, -29.6004603 ], [ -56.8703773, -29.5994525 ], [ -56.8705112, -29.5993149 ], [ -56.8710641, -29.5993757 ], [ -56.8716947, -29.5989351 ], [ -56.8723713, -29.5988579 ], [ -56.8727316, -29.5986335 ], [ -56.8741585, -29.5973862 ], [ -56.8752553, -29.5954822 ], [ -56.8750167, -29.5950882 ], [ -56.8746019, -29.594814199999988 ], [ -56.8738187, -29.5947845 ], [ -56.8728363, -29.595 ], [ -56.8718618, -29.5944601 ], [ -56.8717929, -29.5940712 ], [ -56.8720965, -29.5932625 ], [ -56.873064, -29.5923983 ], [ -56.8733813, -29.5914153 ], [ -56.8732714, -29.5908559 ], [ -56.8731259, -29.5905969 ], [ -56.8726467, -29.5903248 ], [ -56.872203, -29.5888244 ], [ -56.8712363, -29.5885164 ], [ -56.8704375, -29.587748 ], [ -56.8701125, -29.587029099999985 ], [ -56.8700101, -29.5860163 ], [ -56.869825, -29.5857825 ], [ -56.8686077, -29.5858177 ], [ -56.8670083, -29.5850622 ], [ -56.8674404, -29.5847267 ], [ -56.8677593, -29.5841374 ], [ -56.8678972, -29.5827722 ], [ -56.8683752, -29.5819634 ], [ -56.8683463, -29.5815737 ], [ -56.8676696, -29.5805165 ], [ -56.8676407, -29.5801813 ], [ -56.8683413, -29.5793474 ], [ -56.8688932, -29.578221499999987 ], [ -56.8690294, -29.5774201 ], [ -56.8697734, -29.5763876 ], [ -56.869771, -29.5748095 ], [ -56.8692369, -29.5728191 ], [ -56.8698901, -29.571785 ], [ -56.8707531, -29.5712497 ], [ -56.8715897, -29.5710306 ], [ -56.8716351, -29.5701255 ], [ -56.8724238, -29.5700591 ], [ -56.8733071, -29.570275899999984 ], [ -56.8755147, -29.5699541 ], [ -56.8758042, -29.5696851 ], [ -56.8759754, -29.5690797 ], [ -56.8762368, -29.5687889 ], [ -56.8770897, -29.5685895 ], [ -56.8774367, -29.5683422 ], [ -56.8782084, -29.5671437 ], [ -56.8785869, -29.5668183 ], [ -56.8787854, -29.5662347 ], [ -56.8795943, -29.5654746 ], [ -56.881161, -29.5652882 ], [ -56.8815693, -29.5650552 ], [ -56.8818139, -29.5638121 ], [ -56.8822704, -29.5630464 ], [ -56.8821464, -29.5613311 ], [ -56.8824761, -29.5609864 ], [ -56.8825349, -29.5606954 ], [ -56.8823044, -29.5599002 ], [ -56.88235, -29.5591238 ], [ -56.8827622, -29.5590714 ], [ -56.8840666, -29.5581834 ], [ -56.8852392, -29.5580105 ], [ -56.8864276, -29.5574194 ], [ -56.8867288, -29.5568525 ], [ -56.8865585, -29.5557511 ], [ -56.8874617, -29.5546786 ], [ -56.8876712, -29.5540103 ], [ -56.8895147, -29.552819 ], [ -56.8891632, -29.5518589 ], [ -56.887797, -29.5507298 ], [ -56.8866797, -29.5505221 ], [ -56.8860677, -29.5498536 ], [ -56.8850703, -29.5494857 ], [ -56.8850369, -29.5477717 ], [ -56.8842933, -29.546548500000011 ], [ -56.8842709, -29.5458324 ], [ -56.8849263, -29.5451868 ], [ -56.8848902, -29.5442895 ], [ -56.8866053, -29.5427881 ], [ -56.8871529, -29.5415396 ], [ -56.8894854, -29.5413831 ], [ -56.8901306, -29.5407259 ], [ -56.8904412, -29.5406309 ], [ -56.890785, -29.5406867 ], [ -56.8913537, -29.541066 ], [ -56.8923961, -29.5410729 ], [ -56.8929695, -29.5407014 ], [ -56.8939083, -29.5404655 ], [ -56.8958074, -29.5385743 ], [ -56.8958105, -29.5382541 ], [ -56.8952153, -29.537759 ], [ -56.8952109, -29.5373262 ], [ -56.8945357, -29.536386 ], [ -56.8945087, -29.5325036 ], [ -56.8942518, -29.5315817 ], [ -56.8942369, -29.530319 ], [ -56.8905899, -29.5303306 ], [ -56.8882688, -29.5308525 ], [ -56.8856421, -29.5309059 ], [ -56.8848872, -29.5312363 ], [ -56.8840732, -29.5318807 ], [ -56.8826477, -29.5305361 ], [ -56.8821517, -29.529875 ], [ -56.8815798, -29.5296678 ], [ -56.880734, -29.5289764 ], [ -56.879129, -29.5281822 ], [ -56.8771293, -29.5274503 ], [ -56.8760693, -29.5265188 ], [ -56.8738798, -29.526369 ], [ -56.8730632, -29.5257157 ], [ -56.8727208, -29.525607699999988 ], [ -56.8721077, -29.5257495 ], [ -56.8715301, -29.5268429 ], [ -56.87171, -29.5276772 ], [ -56.8715397, -29.5283531 ], [ -56.8697051, -29.5280459 ], [ -56.8689967, -29.5276966 ], [ -56.8682596, -29.5268219 ], [ -56.867211, -29.5266523 ], [ -56.8665831, -29.5263318 ], [ -56.8661219, -29.524633200000011 ], [ -56.8655786, -29.5237765 ], [ -56.8646255, -29.5234524 ], [ -56.8640124, -29.5235341 ], [ -56.8635633, -29.5233025 ], [ -56.8636009, -29.522683 ], [ -56.8633021, -29.52179 ], [ -56.8630062, -29.5215211 ], [ -56.862424, -29.5213144 ], [ -56.8621431, -29.520833 ], [ -56.8624781, -29.5202594 ], [ -56.8620875, -29.5198111 ], [ -56.8621873, -29.5190338 ], [ -56.8618025, -29.5181577 ], [ -56.8608349, -29.518140699999986 ], [ -56.8598777, -29.5186025 ], [ -56.8590189, -29.5188229 ], [ -56.8582378, -29.5185732 ], [ -56.8579406, -29.518306 ], [ -56.8573618, -29.517387 ], [ -56.8572309, -29.516297 ], [ -56.856821, -29.51592 ], [ -56.8557428, -29.5156999 ], [ -56.8551589, -29.5160619 ], [ -56.8545286, -29.5158742 ], [ -56.8540439, -29.5161216 ], [ -56.8531489, -29.5161195 ], [ -56.8512941, -29.5157852 ], [ -56.85025, -29.5148409 ], [ -56.849596, -29.514538499999983 ], [ -56.8481591, -29.5144445 ], [ -56.8473286, -29.514219099999984 ], [ -56.8450699, -29.514208 ], [ -56.8443382, -29.5148443 ], [ -56.8442118, -29.5158369 ], [ -56.8440276, -29.5160883 ], [ -56.842931, -29.5163861 ], [ -56.842306, -29.5164003 ], [ -56.8410771, -29.5156952 ], [ -56.8407917, -29.5156662 ], [ -56.8397216, -29.5159331 ], [ -56.839029, -29.5163646 ], [ -56.8371982, -29.5167594 ], [ -56.8362343, -29.5176829 ], [ -56.8361809, -29.5189303 ], [ -56.8355527, -29.5190079 ], [ -56.8343517, -29.5195815 ], [ -56.8335153, -29.52024 ], [ -56.8325912, -29.5200509 ], [ -56.8316827, -29.5201106 ], [ -56.831265, -29.5208113 ], [ -56.8300098, -29.5213132 ], [ -56.8291878, -29.5211821 ], [ -56.8276987, -29.5214098 ], [ -56.8264193, -29.5209376 ], [ -56.8246011, -29.5216429 ], [ -56.8235627, -29.5215049 ], [ -56.8227033, -29.5220139 ], [ -56.8221663, -29.5230013 ], [ -56.8210857, -29.5235671 ], [ -56.8207318, -29.5235565 ], [ -56.8201759, -29.5231417 ], [ -56.8194001, -29.5228848 ], [ -56.8184754, -29.5234279 ], [ -56.8179915, -29.5241861 ], [ -56.8174729, -29.5246719 ], [ -56.817209, -29.5246797 ], [ -56.8168116, -29.5242873 ], [ -56.8159854, -29.5239789 ], [ -56.8150947, -29.5239586 ], [ -56.8137868, -29.5242904 ], [ -56.8132263, -29.5245656 ], [ -56.8124719, -29.5252419 ], [ -56.8117193, -29.5255675 ], [ -56.8093219, -29.5255865 ], [ -56.8085611, -29.5254389 ], [ -56.8078079, -29.5258028 ], [ -56.806856, -29.5251534 ], [ -56.8057206, -29.5258212 ], [ -56.8035589, -29.526323 ], [ -56.8032542, -29.5261085 ], [ -56.8029106, -29.525442399999985 ], [ -56.8021226, -29.5265121 ], [ -56.8018849, -29.5272369 ], [ -56.8011611, -29.5277966 ], [ -56.8002691, -29.5277716 ], [ -56.7990889, -29.527108 ], [ -56.7988968, -29.5282188 ], [ -56.798635, -29.5285206 ], [ -56.7977003, -29.5287557 ], [ -56.7970835, -29.5291446 ], [ -56.7957421, -29.5293009 ], [ -56.79411, -29.5304992 ], [ -56.7929879, -29.5307125 ], [ -56.7928716, -29.5310496 ], [ -56.7930185, -29.531909399999989 ], [ -56.7916631, -29.5333178 ], [ -56.7913306, -29.5335053 ], [ -56.7911808, -29.5333749 ], [ -56.7902515, -29.5333946 ], [ -56.7895891, -29.5337196 ], [ -56.7895467, -29.5341021 ], [ -56.7900729, -29.5347823 ], [ -56.7896114, -29.5369448 ], [ -56.7889283, -29.5371992 ], [ -56.7882953, -29.5368111 ], [ -56.7880366, -29.5368016 ], [ -56.7875746, -29.5376415 ], [ -56.7869061, -29.5379992 ], [ -56.7861904, -29.5379602 ], [ -56.7849492, -29.5370901 ], [ -56.7840715, -29.5373397 ], [ -56.7835051, -29.5378978 ], [ -56.7832602, -29.5386127 ], [ -56.7823815, -29.5390941 ], [ -56.7816623, -29.5402608 ], [ -56.7804873, -29.5409125 ], [ -56.7802824, -29.5418345 ], [ -56.7800255, -29.542139 ], [ -56.7788429, -29.5425179 ], [ -56.7777178, -29.5422839 ], [ -56.7771595, -29.5423727 ], [ -56.7769181, -29.5431953 ], [ -56.7757622, -29.5442515 ], [ -56.7755658, -29.5450876 ], [ -56.7753712, -29.5452586 ], [ -56.7749411, -29.5450225 ], [ -56.7746929, -29.5442944 ], [ -56.7743211, -29.5439878 ], [ -56.7719859, -29.5434103 ], [ -56.7707388, -29.5435396 ], [ -56.7692764, -29.5428259 ], [ -56.768274, -29.5427199 ], [ -56.7674876, -29.541487 ], [ -56.7665898, -29.5410195 ], [ -56.7675308, -29.5398235 ], [ -56.7675205, -29.5393514 ], [ -56.7671726, -29.538473 ], [ -56.7665466, -29.538148 ], [ -56.763577, -29.5375357 ], [ -56.7626169, -29.5376659 ], [ -56.762358, -29.5379636 ], [ -56.7621533, -29.5386238 ], [ -56.7619006, -29.538850099999987 ], [ -56.7615219, -29.5389239 ], [ -56.7599028, -29.5385696 ], [ -56.7589584, -29.5378195 ], [ -56.7584547, -29.5385748 ], [ -56.7586588, -29.5393441 ], [ -56.7586948, -29.5407395 ], [ -56.7588152, -29.5410517 ], [ -56.7596217, -29.5416934 ], [ -56.7596751, -29.5419287 ], [ -56.7581988, -29.5428768 ], [ -56.7566612, -29.5446521 ], [ -56.7557448, -29.5441987 ], [ -56.7552089, -29.5434118 ], [ -56.7543289, -29.5425926 ], [ -56.7537937, -29.542342 ], [ -56.753036, -29.5424393 ], [ -56.7526354, -29.5420537 ], [ -56.7518003, -29.541817499999986 ], [ -56.750479, -29.5426722 ], [ -56.7510737, -29.5434476 ], [ -56.7511214, -29.5437875 ], [ -56.750625, -29.544486199999987 ], [ -56.7498929, -29.5448413 ], [ -56.7493841, -29.5458591 ], [ -56.7490383, -29.5460372 ], [ -56.7482873, -29.545407 ], [ -56.7476845, -29.5453963 ], [ -56.7468602, -29.5461865 ], [ -56.7467361, -29.5469862 ], [ -56.7463527, -29.546853 ], [ -56.7458098, -29.5469036 ], [ -56.7450136, -29.546009599999987 ], [ -56.7438546, -29.5457849 ], [ -56.743899, -29.5446384 ], [ -56.7435905, -29.5442783 ], [ -56.743024, -29.5440026 ], [ -56.7422155, -29.5439781 ], [ -56.7411009, -29.5442669 ], [ -56.7401478, -29.5447137 ], [ -56.7396311, -29.5447479 ], [ -56.7384434, -29.544366 ], [ -56.7379483, -29.5438291 ], [ -56.7378472, -29.5433751 ], [ -56.7371129, -29.5434915 ], [ -56.7359286, -29.5445993 ], [ -56.7354755, -29.545478899999988 ], [ -56.7346596, -29.5459173 ], [ -56.7343775, -29.5466004 ], [ -56.7334456, -29.5471128 ], [ -56.7326706, -29.5478998 ], [ -56.7324718, -29.5487525 ], [ -56.7320431, -29.5492636 ], [ -56.7320052, -29.550890399999986 ], [ -56.7320814, -29.5515584 ], [ -56.7327417, -29.5524326 ], [ -56.732463, -29.5527241 ], [ -56.7318398, -29.5529877 ], [ -56.7310841, -29.5546876 ], [ -56.7301759, -29.5556818 ], [ -56.7299694, -29.5566293 ], [ -56.7295952, -29.5569285 ], [ -56.7288038, -29.557084 ], [ -56.7273597, -29.5581513 ], [ -56.7270786, -29.5585257 ], [ -56.726881, -29.5597322 ], [ -56.7254844, -29.5609105 ], [ -56.7242924, -29.5624013 ], [ -56.723422, -29.5642476 ], [ -56.7234452, -29.565366 ], [ -56.7239329, -29.5662501 ], [ -56.7238745, -29.5665415 ], [ -56.7234712, -29.566953899999987 ], [ -56.7233245, -29.5679351 ], [ -56.7222916, -29.5683752 ], [ -56.7215162, -29.5693489 ], [ -56.7215558, -29.569688 ], [ -56.722189, -29.5704301 ], [ -56.7218117, -29.5710658 ], [ -56.7217361, -29.5717085 ], [ -56.7212193, -29.571942 ], [ -56.7205384, -29.5719345 ], [ -56.7196824, -29.5712216 ], [ -56.7190299, -29.5709855 ], [ -56.7182219, -29.5717793 ], [ -56.7176875, -29.5733079 ], [ -56.7169363, -29.573542 ], [ -56.716068, -29.5732147 ], [ -56.7154451, -29.5732806 ], [ -56.7143191, -29.5725986 ], [ -56.7131249, -29.5725419 ], [ -56.7127955, -29.5738021 ], [ -56.7124483, -29.5743857 ], [ -56.7121809, -29.5744239 ], [ -56.7116298, -29.5741715 ], [ -56.7107196, -29.5735085 ], [ -56.7098594, -29.5746193 ], [ -56.7099636, -29.5753098 ], [ -56.7098135, -29.5756018 ], [ -56.709404, -29.5748449 ], [ -56.7090744, -29.5746592 ], [ -56.7088465, -29.574291099999986 ], [ -56.7085017, -29.5742758 ], [ -56.7072916, -29.5750419 ], [ -56.707271, -29.5759227 ], [ -56.7069429, -29.576563 ], [ -56.7059832, -29.576946099999986 ], [ -56.7049952, -29.5769342 ], [ -56.7040654, -29.5762353 ], [ -56.7033681, -29.5763497 ], [ -56.7026624, -29.5762014 ], [ -56.7017388, -29.576378 ], [ -56.7006774, -29.5758901 ], [ -56.7001807, -29.5759513 ], [ -56.6988087, -29.5765375 ], [ -56.698512, -29.577093699999988 ], [ -56.6985703, -29.5777441 ], [ -56.6982833, -29.578003 ], [ -56.6974348, -29.5782295 ], [ -56.6974345, -29.5785939 ], [ -56.6967901, -29.5799168 ], [ -56.6967764, -29.580638 ], [ -56.6972372, -29.5815069 ], [ -56.6966554, -29.5826746 ], [ -56.6960142, -29.5827486 ], [ -56.6954781, -29.582444 ], [ -56.6950199, -29.581838 ], [ -56.6946082, -29.5817873 ], [ -56.6937774, -29.5823332 ], [ -56.6933254, -29.5836577 ], [ -56.6928471, -29.5839309 ], [ -56.6928434, -29.5846209 ], [ -56.6926957, -29.5848944 ], [ -56.6924277, -29.5849115 ], [ -56.6921267, -29.5846041 ], [ -56.6903671, -29.5847901 ], [ -56.6898816, -29.5851128 ], [ -56.6895447, -29.5861024 ], [ -56.6895102, -29.5869512 ], [ -56.689995, -29.5882352 ], [ -56.6895966, -29.5888037 ], [ -56.6894129, -29.5894045 ], [ -56.6877975, -29.5913003 ], [ -56.6868557, -29.5915342 ], [ -56.6860626, -29.5921537 ], [ -56.6852301, -29.5915172 ], [ -56.6846259, -29.5915043 ], [ -56.6840083, -29.5921194 ], [ -56.6839582, -29.593097599999986 ], [ -56.683335, -29.5931835 ], [ -56.6825443, -29.5936318 ], [ -56.6815657, -29.5935759 ], [ -56.6805062, -29.5929347 ], [ -56.679438, -29.593045 ], [ -56.678385, -29.5925382 ], [ -56.6780162, -29.5929641 ], [ -56.6774066, -29.593188799999989 ], [ -56.6760567, -29.5941136 ], [ -56.6752529, -29.5942647 ], [ -56.6746591, -29.5945632 ], [ -56.6748481, -29.595445 ], [ -56.6755317, -29.5962282 ], [ -56.6758728, -29.5969419 ], [ -56.6758717, -29.597583 ], [ -56.6755337, -29.598579299999983 ], [ -56.674973, -29.599687899999989 ], [ -56.6742996, -29.6004629 ], [ -56.6739582, -29.601431 ], [ -56.6719526, -29.602956699999986 ], [ -56.6712699, -29.603271399999983 ], [ -56.6710365, -29.6049345 ], [ -56.6705787, -29.6050254 ], [ -56.6698656, -29.6048932 ], [ -56.6688105, -29.6056995 ], [ -56.6684413, -29.6070103 ], [ -56.6685705, -29.6077191 ], [ -56.6683029, -29.6080865 ], [ -56.6680211, -29.6082667 ], [ -56.6672516, -29.6081251 ], [ -56.6661337, -29.6083637 ], [ -56.6642638, -29.6083478 ], [ -56.6640435, -29.6082152 ], [ -56.6634702, -29.606772 ], [ -56.6610979, -29.6067597 ], [ -56.6607238, -29.6070642 ], [ -56.6604619, -29.6076927 ], [ -56.6597255, -29.6078957 ], [ -56.6595636, -29.608066599999983 ], [ -56.6595297, -29.6085985 ], [ -56.6597789, -29.6096276 ], [ -56.6593754, -29.611043 ], [ -56.6578228, -29.6113949 ], [ -56.6566558, -29.611486 ], [ -56.6559026, -29.6119866 ], [ -56.6559374, -29.6137018 ], [ -56.6566255, -29.6148783 ], [ -56.6562126, -29.6161275 ], [ -56.6566822, -29.6166501 ], [ -56.6570169, -29.617524 ], [ -56.6567533, -29.6175559 ], [ -56.656709, -29.6178123 ], [ -56.6564582, -29.6178199 ], [ -56.6563867, -29.6184545 ], [ -56.655954, -29.6191381 ], [ -56.6566222, -29.6208275 ], [ -56.6561624, -29.6215953 ], [ -56.6551663, -29.6223456 ], [ -56.6548406, -29.6234498 ], [ -56.6552076, -29.6243727 ], [ -56.6557551, -29.6246027 ], [ -56.6571703, -29.6259322 ], [ -56.6565722, -29.6268167 ], [ -56.656756, -29.628056 ], [ -56.6570943, -29.6287739 ], [ -56.6574792, -29.6291016 ], [ -56.6576357, -29.6301706 ], [ -56.6579419, -29.630989599999989 ], [ -56.6582667, -29.6312835 ], [ -56.6581635, -29.631961 ], [ -56.6584027, -29.6333755 ], [ -56.6591816, -29.6336487 ], [ -56.6607137, -29.6336034 ], [ -56.6610899, -29.6333032 ], [ -56.6615793, -29.6325539 ], [ -56.6624011, -29.6320866 ], [ -56.6634469, -29.6329707 ], [ -56.6638136, -29.633086 ], [ -56.6650381, -29.633072 ], [ -56.6665298, -29.6327197 ], [ -56.6667598, -29.6325395 ], [ -56.6690828, -29.6329765 ], [ -56.6695424, -29.6328992 ], [ -56.6699266, -29.6335501 ], [ -56.6705822, -29.6338761 ], [ -56.6715245, -29.6335898 ], [ -56.671945, -29.633166 ], [ -56.6727307, -29.6328837 ], [ -56.6739583, -29.6330977 ], [ -56.673984, -29.633602 ], [ -56.6745093, -29.6340573 ], [ -56.6745139, -29.634208799999989 ], [ -56.6742437, -29.6342564 ], [ -56.6742361, -29.6350421 ], [ -56.6752687, -29.6355376 ], [ -56.6760692, -29.6356858 ], [ -56.6774071, -29.6363397 ], [ -56.6785668, -29.6365211 ], [ -56.6788554, -29.6367905 ], [ -56.6791738, -29.637749599999985 ], [ -56.6804651, -29.6380728 ], [ -56.6815768, -29.6378924 ], [ -56.6821271, -29.638128399999982 ], [ -56.6827841, -29.6387817 ] ] ] } },
{ "type": "Feature", "properties": { "wts_pk": 133670, "codigo_otto": "82576", "nivel_otto_declarado": 5, "area_m2_bho": 22.30594505007009, "nivel_otto": 5 }, "geometry": { "type": "Polygon", "coordinates": [ [ [ -56.9156347, -29.5938036 ], [ -56.9158206, -29.5928829 ], [ -56.9155088, -29.592361 ], [ -56.9142784, -29.5915829 ], [ -56.9135, -29.590798 ], [ -56.9133606, -29.5892605 ], [ -56.9129257, -29.5885862 ], [ -56.9144178, -29.5866308 ], [ -56.9155988, -29.5845214 ], [ -56.9155033, -29.5837573 ], [ -56.9146107, -29.5832902 ], [ -56.9143435, -29.582934 ], [ -56.9149417, -29.5819362 ], [ -56.9148421, -29.581097 ], [ -56.9155268, -29.5799635 ], [ -56.915694, -29.5793544 ], [ -56.9167065, -29.57832920000001 ], [ -56.917007, -29.5765635 ], [ -56.9166929, -29.5758125 ], [ -56.9162426, -29.5753102 ], [ -56.9166306, -29.5743761 ], [ -56.9164594, -29.5733745 ], [ -56.9174433, -29.5727179 ], [ -56.9177113, -29.5723007 ], [ -56.9185892, -29.571628 ], [ -56.9186784, -29.5710171 ], [ -56.9184699, -29.5702375 ], [ -56.9189594, -29.5697634 ], [ -56.9190498, -29.568446 ], [ -56.9202768, -29.5677622 ], [ -56.9207645, -29.5667441 ], [ -56.9219326, -29.5657069 ], [ -56.9220457, -29.5642613 ], [ -56.9222779, -29.5635108 ], [ -56.9223289, -29.5611068 ], [ -56.9233955, -29.5585983 ], [ -56.9221859, -29.5579035 ], [ -56.9202686, -29.557482 ], [ -56.9190416, -29.5570412 ], [ -56.9171413, -29.5569556 ], [ -56.915857, -29.5567103 ], [ -56.9153859, -29.556826 ], [ -56.9148824, -29.5573371 ], [ -56.9148251, -29.557798 ], [ -56.9150085, -29.5584558 ], [ -56.9147323, -29.5588869 ], [ -56.9143528, -29.5591132 ], [ -56.9136917, -29.5589089 ], [ -56.9134482, -29.5587217 ], [ -56.9129923, -29.5576478 ], [ -56.9115354, -29.556647599999984 ], [ -56.9108485, -29.555733099999983 ], [ -56.9101889, -29.5555027 ], [ -56.9098871, -29.5552436 ], [ -56.9093257, -29.5545955 ], [ -56.9088717, -29.5535119 ], [ -56.9081027, -29.553891 ], [ -56.9069331, -29.5538861 ], [ -56.9063105, -29.5535477 ], [ -56.9060789, -29.5528959 ], [ -56.9057913, -29.5526457 ], [ -56.9044435, -29.5528709 ], [ -56.9029876, -29.5536448 ], [ -56.9015963, -29.5533762 ], [ -56.9008382, -29.5534347 ], [ -56.8988873, -29.5552743 ], [ -56.8983647, -29.5555428 ], [ -56.8974774, -29.5552791 ], [ -56.8971135, -29.5549675 ], [ -56.8968759, -29.5534846 ], [ -56.8949051, -29.5527266 ], [ -56.8940547, -29.5517944 ], [ -56.8937949, -29.5518051 ], [ -56.8931094, -29.5522181 ], [ -56.8909279, -29.5523023 ], [ -56.8903543, -29.552746899999988 ], [ -56.8894362, -29.5528408 ], [ -56.8876712, -29.5540103 ], [ -56.8874617, -29.5546786 ], [ -56.8865585, -29.5557511 ], [ -56.8867288, -29.5568525 ], [ -56.8864276, -29.5574194 ], [ -56.8852392, -29.5580105 ], [ -56.8840666, -29.5581834 ], [ -56.8827622, -29.5590714 ], [ -56.88235, -29.5591238 ], [ -56.8823044, -29.5599002 ], [ -56.8825349, -29.5606954 ], [ -56.8824761, -29.5609864 ], [ -56.8821464, -29.5613311 ], [ -56.8822704, -29.5630464 ], [ -56.8818139, -29.5638121 ], [ -56.8815693, -29.5650552 ], [ -56.881161, -29.5652882 ], [ -56.8795943, -29.5654746 ], [ -56.8787854, -29.5662347 ], [ -56.8785869, -29.5668183 ], [ -56.8782084, -29.5671437 ], [ -56.8774367, -29.5683422 ], [ -56.8770897, -29.5685895 ], [ -56.8762368, -29.5687889 ], [ -56.8759754, -29.5690797 ], [ -56.8758042, -29.5696851 ], [ -56.8755147, -29.5699541 ], [ -56.8733071, -29.570275899999984 ], [ -56.8724238, -29.5700591 ], [ -56.8716351, -29.5701255 ], [ -56.8715897, -29.5710306 ], [ -56.8707531, -29.5712497 ], [ -56.8698901, -29.571785 ], [ -56.8692369, -29.5728191 ], [ -56.869771, -29.5748095 ], [ -56.8697734, -29.5763876 ], [ -56.8690294, -29.5774201 ], [ -56.8688932, -29.578221499999987 ], [ -56.8683413, -29.5793474 ], [ -56.8676407, -29.5801813 ], [ -56.8676696, -29.5805165 ], [ -56.8683463, -29.5815737 ], [ -56.8683752, -29.5819634 ], [ -56.8678972, -29.5827722 ], [ -56.8677593, -29.5841374 ], [ -56.8674404, -29.5847267 ], [ -56.8670083, -29.5850622 ], [ -56.8686077, -29.5858177 ], [ -56.869825, -29.5857825 ], [ -56.8700101, -29.5860163 ], [ -56.8701125, -29.587029099999985 ], [ -56.8704375, -29.587748 ], [ -56.8712363, -29.5885164 ], [ -56.872203, -29.5888244 ], [ -56.8726467, -29.5903248 ], [ -56.8731259, -29.5905969 ], [ -56.8732714, -29.5908559 ], [ -56.8733813, -29.5914153 ], [ -56.873064, -29.5923983 ], [ -56.8720965, -29.5932625 ], [ -56.8717929, -29.5940712 ], [ -56.8718618, -29.5944601 ], [ -56.8728363, -29.595 ], [ -56.8738187, -29.5947845 ], [ -56.8746019, -29.594814199999988 ], [ -56.8752536, -29.595424599999987 ], [ -56.8741585, -29.5973862 ], [ -56.8727316, -29.5986335 ], [ -56.8723713, -29.5988579 ], [ -56.8716947, -29.5989351 ], [ -56.8710641, -29.5993757 ], [ -56.870402, -29.5993906 ], [ -56.8703503, -29.6003667 ], [ -56.8706203, -29.6017636 ], [ -56.8701763, -29.6027154 ], [ -56.8706984, -29.6037757 ], [ -56.8722769, -29.6050438 ], [ -56.8726729, -29.6045056 ], [ -56.8730861, -29.6042691 ], [ -56.873515, -29.6043626 ], [ -56.8742382, -29.6042554 ], [ -56.8751411, -29.604633 ], [ -56.8757359, -29.6045666 ], [ -56.8768797, -29.6054342 ], [ -56.8771521, -29.6060276 ], [ -56.878491, -29.6059372 ], [ -56.8791092, -29.606260499999987 ], [ -56.879383, -29.606605 ], [ -56.8797086, -29.6066785 ], [ -56.880023, -29.6065925 ], [ -56.8805356, -29.606088 ], [ -56.8810062, -29.604839 ], [ -56.8817088, -29.603998 ], [ -56.8826812, -29.6046445 ], [ -56.8832403, -29.6043064 ], [ -56.8837286, -29.6042318 ], [ -56.8847433, -29.604455 ], [ -56.8856517, -29.6042949 ], [ -56.886126, -29.6046927 ], [ -56.8866178, -29.6047435 ], [ -56.8869583, -29.6046406 ], [ -56.8876828, -29.6040217 ], [ -56.8885081, -29.6037348 ], [ -56.8900466, -29.6036123 ], [ -56.8909732, -29.6032149 ], [ -56.8917728, -29.603160299999985 ], [ -56.8938856, -29.6038681 ], [ -56.8949558, -29.6040219 ], [ -56.8962959, -29.6052135 ], [ -56.8986995, -29.6045176 ], [ -56.9000895, -29.6044906 ], [ -56.9010089, -29.6034577 ], [ -56.9028275, -29.603333599999988 ], [ -56.9036174, -29.6028865 ], [ -56.9050237, -29.6026893 ], [ -56.9058004, -29.6016259 ], [ -56.9059698, -29.6007499 ], [ -56.9062026, -29.6004281 ], [ -56.9072174, -29.5997037 ], [ -56.9079907, -29.5987648 ], [ -56.9085648, -29.5985586 ], [ -56.9091731, -29.5980403 ], [ -56.9096575, -29.5974816 ], [ -56.9096792, -29.597068 ], [ -56.9118802, -29.5954321 ], [ -56.9132627, -29.5952066 ], [ -56.9143474, -29.5940137 ], [ -56.9153113, -29.5940608 ], [ -56.9156347, -29.5938036 ] ] ] } },
{ "type": "Feature", "properties": { "wts_pk": 133671, "codigo_otto": "82577", "nivel_otto_declarado": 5, "area_m2_bho": 7.8158133452925904, "nivel_otto": 5 }, "geometry": { "type": "Polygon", "coordinates": [ [ [ -56.8895147, -29.552819 ], [ -56.8903543, -29.552746899999988 ], [ -56.8909279, -29.5523023 ], [ -56.8931094, -29.5522181 ], [ -56.8937949, -29.5518051 ], [ -56.8940547, -29.5517944 ], [ -56.8949051, -29.5527266 ], [ -56.8968759, -29.5534846 ], [ -56.8971135, -29.5549675 ], [ -56.8974774, -29.5552791 ], [ -56.8983647, -29.5555428 ], [ -56.8988873, -29.5552743 ], [ -56.9008382, -29.5534347 ], [ -56.9015963, -29.5533762 ], [ -56.9029876, -29.5536448 ], [ -56.9044435, -29.5528709 ], [ -56.9057913, -29.5526457 ], [ -56.9060789, -29.5528959 ], [ -56.9063105, -29.5535477 ], [ -56.9069331, -29.5538861 ], [ -56.9081027, -29.553891 ], [ -56.9088717, -29.5535119 ], [ -56.9093257, -29.5545955 ], [ -56.9098871, -29.5552436 ], [ -56.9101889, -29.5555027 ], [ -56.9108485, -29.555733099999983 ], [ -56.9115354, -29.556647599999984 ], [ -56.9129923, -29.5576478 ], [ -56.9134482, -29.5587217 ], [ -56.9136917, -29.5589089 ], [ -56.9143528, -29.5591132 ], [ -56.9147323, -29.5588869 ], [ -56.9150085, -29.5584558 ], [ -56.9148251, -29.557798 ], [ -56.9148824, -29.5573371 ], [ -56.9153859, -29.556826 ], [ -56.915857, -29.5567103 ], [ -56.9171413, -29.5569556 ], [ -56.9190416, -29.5570412 ], [ -56.9202686, -29.557482 ], [ -56.9221859, -29.5579035 ], [ -56.9234039, -29.5586522 ], [ -56.923687247645141, -29.558472050829717 ], [ -56.9207, -29.5545 ], [ -56.9121, -29.5446 ], [ -56.902, -29.5338 ], [ -56.894541774742734, -29.529858113430279 ], [ -56.8942347, -29.530301399999981 ], [ -56.8942311, -29.5309333 ], [ -56.8945087, -29.5325036 ], [ -56.8945357, -29.536386 ], [ -56.8952109, -29.5373262 ], [ -56.8952153, -29.537759 ], [ -56.8958105, -29.5382541 ], [ -56.8958074, -29.5385743 ], [ -56.8939083, -29.5404655 ], [ -56.8929695, -29.5407014 ], [ -56.8923961, -29.5410729 ], [ -56.8913537, -29.541066 ], [ -56.890785, -29.5406867 ], [ -56.8904412, -29.5406309 ], [ -56.8901306, -29.5407259 ], [ -56.8894854, -29.5413831 ], [ -56.8871529, -29.5415396 ], [ -56.8866053, -29.5427881 ], [ -56.8848902, -29.5442895 ], [ -56.8849263, -29.5451868 ], [ -56.8842709, -29.5458324 ], [ -56.8842933, -29.546548500000011 ], [ -56.8850369, -29.5477717 ], [ -56.8850703, -29.5494857 ], [ -56.8860677, -29.5498536 ], [ -56.8866797, -29.5505221 ], [ -56.887797, -29.5507298 ], [ -56.8891632, -29.5518589 ], [ -56.8895147, -29.552819 ] ] ] } },
{ "type": "Feature", "properties": { "wts_pk": 133678, "codigo_otto": "82594", "nivel_otto_declarado": 5, "area_m2_bho": 125.97384372972175, "nivel_otto": 5 }, "geometry": { "type": "Polygon", "coordinates": [ [ [ -56.6783594, -29.5925466 ], [ -56.6797466, -29.593073299999986 ], [ -56.6805062, -29.5929347 ], [ -56.6815657, -29.5935759 ], [ -56.6825443, -29.5936318 ], [ -56.683335, -29.5931835 ], [ -56.6839582, -29.593097599999986 ], [ -56.6840083, -29.5921194 ], [ -56.6846259, -29.5915043 ], [ -56.6852301, -29.5915172 ], [ -56.6860626, -29.5921537 ], [ -56.6868557, -29.5915342 ], [ -56.6876469, -29.5913721 ], [ -56.68801, -29.5911361 ], [ -56.6894129, -29.5894045 ], [ -56.6895966, -29.5888037 ], [ -56.689995, -29.5882352 ], [ -56.6895102, -29.5869512 ], [ -56.6895447, -29.5861024 ], [ -56.6898816, -29.5851128 ], [ -56.6903671, -29.5847901 ], [ -56.6921267, -29.5846041 ], [ -56.6924277, -29.5849115 ], [ -56.6926957, -29.5848944 ], [ -56.6928434, -29.5846209 ], [ -56.6928471, -29.5839309 ], [ -56.6933254, -29.5836577 ], [ -56.6937774, -29.5823332 ], [ -56.6946082, -29.5817873 ], [ -56.6950199, -29.581838 ], [ -56.6954781, -29.582444 ], [ -56.6960142, -29.5827486 ], [ -56.6966554, -29.5826746 ], [ -56.6972372, -29.5815069 ], [ -56.6967764, -29.580638 ], [ -56.6967901, -29.5799168 ], [ -56.6974345, -29.5785939 ], [ -56.6974348, -29.5782295 ], [ -56.6982833, -29.578003 ], [ -56.6985703, -29.5777441 ], [ -56.6985246, -29.5770356 ], [ -56.698877, -29.576497 ], [ -56.7001807, -29.5759513 ], [ -56.7006774, -29.5758901 ], [ -56.7017388, -29.576378 ], [ -56.7026624, -29.5762014 ], [ -56.7033681, -29.5763497 ], [ -56.7040654, -29.5762353 ], [ -56.7049952, -29.5769342 ], [ -56.7059832, -29.576946099999986 ], [ -56.7069429, -29.576563 ], [ -56.707271, -29.5759227 ], [ -56.7072916, -29.5750419 ], [ -56.7085017, -29.5742758 ], [ -56.7088465, -29.574291099999986 ], [ -56.7090744, -29.5746592 ], [ -56.709404, -29.5748449 ], [ -56.7098135, -29.5756018 ], [ -56.7099636, -29.5753098 ], [ -56.7098594, -29.5746193 ], [ -56.7107196, -29.5735085 ], [ -56.7116298, -29.5741715 ], [ -56.7121809, -29.5744239 ], [ -56.7124483, -29.5743857 ], [ -56.7127955, -29.5738021 ], [ -56.7131249, -29.5725419 ], [ -56.7143191, -29.5725986 ], [ -56.7154451, -29.5732806 ], [ -56.716068, -29.5732147 ], [ -56.7169363, -29.573542 ], [ -56.7176875, -29.5733079 ], [ -56.7182219, -29.5717793 ], [ -56.7190299, -29.5709855 ], [ -56.7196824, -29.5712216 ], [ -56.7205384, -29.5719345 ], [ -56.7212193, -29.571942 ], [ -56.7217361, -29.5717085 ], [ -56.7218117, -29.5710658 ], [ -56.722189, -29.5704301 ], [ -56.7215558, -29.569688 ], [ -56.7215162, -29.5693489 ], [ -56.7222916, -29.5683752 ], [ -56.7233245, -29.5679351 ], [ -56.7234712, -29.566953899999987 ], [ -56.7238745, -29.5665415 ], [ -56.7239329, -29.5662501 ], [ -56.7234452, -29.565366 ], [ -56.723422, -29.5642476 ], [ -56.7242924, -29.5624013 ], [ -56.7254844, -29.5609105 ], [ -56.726881, -29.5597322 ], [ -56.7270786, -29.5585257 ], [ -56.7273597, -29.5581513 ], [ -56.7288038, -29.557084 ], [ -56.7295952, -29.5569285 ], [ -56.7299694, -29.5566293 ], [ -56.7301759, -29.5556818 ], [ -56.7310841, -29.5546876 ], [ -56.7318398, -29.5529877 ], [ -56.732463, -29.5527241 ], [ -56.7327417, -29.5524326 ], [ -56.7320814, -29.5515584 ], [ -56.7320052, -29.550890399999986 ], [ -56.7320431, -29.5492636 ], [ -56.7324718, -29.5487525 ], [ -56.7326706, -29.5478998 ], [ -56.7334456, -29.5471128 ], [ -56.7343775, -29.5466004 ], [ -56.7346596, -29.5459173 ], [ -56.7354755, -29.545478899999988 ], [ -56.7359286, -29.5445993 ], [ -56.7371129, -29.5434915 ], [ -56.7378472, -29.5433751 ], [ -56.7379483, -29.5438291 ], [ -56.7384434, -29.544366 ], [ -56.7396311, -29.5447479 ], [ -56.7401478, -29.5447137 ], [ -56.7411009, -29.5442669 ], [ -56.7422155, -29.5439781 ], [ -56.743024, -29.5440026 ], [ -56.7435905, -29.5442783 ], [ -56.743899, -29.5446384 ], [ -56.7438546, -29.5457849 ], [ -56.7450136, -29.546009599999987 ], [ -56.7458098, -29.5469036 ], [ -56.7463527, -29.546853 ], [ -56.7467361, -29.5469862 ], [ -56.7468602, -29.5461865 ], [ -56.7476845, -29.5453963 ], [ -56.7482873, -29.545407 ], [ -56.7490383, -29.5460372 ], [ -56.7493841, -29.5458591 ], [ -56.7498929, -29.5448413 ], [ -56.750625, -29.544486199999987 ], [ -56.7511214, -29.5437875 ], [ -56.7510737, -29.5434476 ], [ -56.750479, -29.5426722 ], [ -56.7518003, -29.541817499999986 ], [ -56.7526354, -29.5420537 ], [ -56.753036, -29.5424393 ], [ -56.7537937, -29.542342 ], [ -56.7543289, -29.5425926 ], [ -56.7552089, -29.5434118 ], [ -56.7557448, -29.5441987 ], [ -56.7566612, -29.5446521 ], [ -56.7581988, -29.5428768 ], [ -56.7596751, -29.5419287 ], [ -56.7596217, -29.5416934 ], [ -56.7588152, -29.5410517 ], [ -56.7586948, -29.5407395 ], [ -56.7586588, -29.5393441 ], [ -56.7584547, -29.5385748 ], [ -56.7589584, -29.5378195 ], [ -56.7599028, -29.5385696 ], [ -56.7615219, -29.5389239 ], [ -56.7619006, -29.538850099999987 ], [ -56.7621533, -29.5386238 ], [ -56.762358, -29.5379636 ], [ -56.7626169, -29.5376659 ], [ -56.763577, -29.5375357 ], [ -56.7665466, -29.538148 ], [ -56.7671726, -29.538473 ], [ -56.7675205, -29.5393514 ], [ -56.7675308, -29.5398235 ], [ -56.7665898, -29.5410195 ], [ -56.7674876, -29.541487 ], [ -56.768274, -29.5427199 ], [ -56.7692764, -29.5428259 ], [ -56.7707388, -29.5435396 ], [ -56.7719859, -29.5434103 ], [ -56.7743211, -29.5439878 ], [ -56.7746929, -29.5442944 ], [ -56.7749411, -29.5450225 ], [ -56.7753712, -29.5452586 ], [ -56.7755658, -29.5450876 ], [ -56.7757622, -29.5442515 ], [ -56.7769181, -29.5431953 ], [ -56.7771595, -29.5423727 ], [ -56.7777178, -29.5422839 ], [ -56.7788429, -29.5425179 ], [ -56.7800255, -29.542139 ], [ -56.7802824, -29.5418345 ], [ -56.7804873, -29.5409125 ], [ -56.7816623, -29.5402608 ], [ -56.7823815, -29.5390941 ], [ -56.7832602, -29.5386127 ], [ -56.7835051, -29.5378978 ], [ -56.7840715, -29.5373397 ], [ -56.7849492, -29.5370901 ], [ -56.7861904, -29.5379602 ], [ -56.7869061, -29.5379992 ], [ -56.7875746, -29.5376415 ], [ -56.7880366, -29.5368016 ], [ -56.7882953, -29.5368111 ], [ -56.7889283, -29.5371992 ], [ -56.7896114, -29.5369448 ], [ -56.7900729, -29.5347823 ], [ -56.7895467, -29.5341021 ], [ -56.7895367, -29.533799299999984 ], [ -56.7902515, -29.5333946 ], [ -56.7911808, -29.5333749 ], [ -56.7910978, -29.5323294 ], [ -56.7907761, -29.5318081 ], [ -56.7899153, -29.5313272 ], [ -56.7897732, -29.5306485 ], [ -56.7898516, -29.5299174 ], [ -56.7905888, -29.5289755 ], [ -56.7906143, -29.5282332 ], [ -56.7903598, -29.5271225 ], [ -56.7908411, -29.5260024 ], [ -56.7909099, -29.5252439 ], [ -56.7907391, -29.5238207 ], [ -56.7908848, -29.5220331 ], [ -56.7898755, -29.5205233 ], [ -56.7897974, -29.5196197 ], [ -56.7902726, -29.5187718 ], [ -56.790413, -29.5179726 ], [ -56.7910288, -29.5164569 ], [ -56.7916509, -29.5159296 ], [ -56.7933932, -29.5158427 ], [ -56.7937953, -29.5156146 ], [ -56.7942024, -29.51481 ], [ -56.7943164, -29.5132624 ], [ -56.7952077, -29.5127029 ], [ -56.7954861, -29.5123672 ], [ -56.7960569, -29.5122882 ], [ -56.7972792, -29.5125059 ], [ -56.7985112, -29.5118163 ], [ -56.79917, -29.5118635 ], [ -56.8005837, -29.5110275 ], [ -56.8015067, -29.5099047 ], [ -56.8021758, -29.5099262 ], [ -56.8024601, -29.5097488 ], [ -56.8027468, -29.5094134 ], [ -56.8029232, -29.5085373 ], [ -56.8033335, -29.5079393 ], [ -56.8035457, -29.5062532 ], [ -56.8042106, -29.5061849 ], [ -56.8048734, -29.5065847 ], [ -56.8050556, -29.506564 ], [ -56.8055573, -29.5060035 ], [ -56.8056456, -29.5050853 ], [ -56.8057976, -29.5048742 ], [ -56.8068036, -29.5051003 ], [ -56.8075787, -29.505559 ], [ -56.8080259, -29.505527 ], [ -56.8084997, -29.505275 ], [ -56.8091967, -29.5033883 ], [ -56.8093957, -29.5020732 ], [ -56.8112694, -29.5014661 ], [ -56.8132653, -29.5018585 ], [ -56.8136273, -29.5015158 ], [ -56.8145946, -29.5013777 ], [ -56.8152563, -29.5010811 ], [ -56.8155919, -29.5006438 ], [ -56.8157246, -29.4990057 ], [ -56.8160225, -29.4987411 ], [ -56.8169017, -29.4984757 ], [ -56.8167363, -29.4969859 ], [ -56.8185825, -29.497064 ], [ -56.8191385, -29.4973423 ], [ -56.8198962, -29.4980223 ], [ -56.8205101, -29.4983001 ], [ -56.8212167, -29.4981769 ], [ -56.8219195, -29.4983287 ], [ -56.8226028, -29.4981671 ], [ -56.8232533, -29.4983483 ], [ -56.8247919, -29.4983747 ], [ -56.8255353, -29.4974701 ], [ -56.8256197, -29.4971264 ], [ -56.8256176, -29.4933365 ], [ -56.8253529, -29.492309499999987 ], [ -56.825459020690481, -29.491698927662569 ], [ -56.823874068961857, -29.490897307397361 ], [ -56.8225248, -29.4908894 ], [ -56.8218513, -29.4910385 ], [ -56.8212132, -29.4908925 ], [ -56.8190936, -29.4908509 ], [ -56.8181564, -29.4906122 ], [ -56.8163126, -29.490571 ], [ -56.8151515, -29.4903161 ], [ -56.8137828, -29.490399 ], [ -56.8132203, -29.4906805 ], [ -56.812542, -29.4912882 ], [ -56.8123135, -29.4912899 ], [ -56.8110434, -29.4898733 ], [ -56.8101846, -29.4896252 ], [ -56.8089192, -29.4882207 ], [ -56.8072246, -29.4874688 ], [ -56.8068272, -29.4870459 ], [ -56.804907, -29.486339 ], [ -56.8041185, -29.4856901 ], [ -56.8030167, -29.4852698 ], [ -56.8023947, -29.4848081 ], [ -56.8019008, -29.4845984 ], [ -56.80153, -29.4846345 ], [ -56.800526, -29.483752499999987 ], [ -56.800262, -29.4837461 ], [ -56.7999255, -29.4840954 ], [ -56.7995624, -29.4841895 ], [ -56.7990767, -29.4841277 ], [ -56.7987497, -29.4838846 ], [ -56.7978619, -29.4827418 ], [ -56.797362, -29.4826262 ], [ -56.7966344, -29.4810488 ], [ -56.7957219, -29.4806971 ], [ -56.7952602, -29.4790919 ], [ -56.7943367, -29.4785729 ], [ -56.7940228, -29.4782257 ], [ -56.7939203, -29.4769343 ], [ -56.7936151, -29.4764822 ], [ -56.7932876, -29.4762439 ], [ -56.7924368, -29.4760375 ], [ -56.7905499, -29.4739899 ], [ -56.7895672, -29.4735177 ], [ -56.7890306, -29.4728681 ], [ -56.788417, -29.4725403 ], [ -56.7876716, -29.4727301 ], [ -56.7860389, -29.4721561 ], [ -56.7848583, -29.4710052 ], [ -56.7849453, -29.4701578 ], [ -56.7845374, -29.4693454 ], [ -56.7846358, -29.4684512 ], [ -56.7838468, -29.467912 ], [ -56.7829599, -29.4677308 ], [ -56.7804495, -29.4663492 ], [ -56.7797156, -29.4653794 ], [ -56.7779821, -29.4641006 ], [ -56.7777424, -29.4634552 ], [ -56.7771769, -29.4628306 ], [ -56.7767726, -29.4626134 ], [ -56.7760691, -29.4627392 ], [ -56.7756937, -29.462494 ], [ -56.7751293, -29.4615607 ], [ -56.7747548, -29.4597048 ], [ -56.7744633, -29.4593204 ], [ -56.7741454, -29.4592246 ], [ -56.7737328, -29.4593203 ], [ -56.7732126, -29.4601066 ], [ -56.7726804, -29.4633946 ], [ -56.7723414, -29.4635924 ], [ -56.7715163, -29.4634069 ], [ -56.7705263, -29.4636007 ], [ -56.7698584, -29.4634981 ], [ -56.7693745, -29.4639674 ], [ -56.7690237, -29.4646958 ], [ -56.7685291, -29.4646824 ], [ -56.7679048, -29.4640114 ], [ -56.7669505, -29.4638614 ], [ -56.7660573, -29.4633982 ], [ -56.7646368, -29.4633424 ], [ -56.7636197, -29.4631167 ], [ -56.76324, -29.4631896 ], [ -56.7626731, -29.4635677 ], [ -56.7613672, -29.4635963 ], [ -56.7606613, -29.4632589 ], [ -56.7598221, -29.4623103 ], [ -56.7600677, -29.460725 ], [ -56.7599897, -29.457136 ], [ -56.7593089, -29.4568092 ], [ -56.7588162, -29.4570797 ], [ -56.758279, -29.4577367 ], [ -56.7571232, -29.4577454 ], [ -56.7568414, -29.4574441 ], [ -56.7569704, -29.4563949 ], [ -56.7565345, -29.4557158 ], [ -56.7563789, -29.454928 ], [ -56.755761, -29.4545666 ], [ -56.755275, -29.454484 ], [ -56.7543369, -29.4549566 ], [ -56.7537195, -29.4548301 ], [ -56.7534889, -29.4549327 ], [ -56.7532912, -29.4555025 ], [ -56.7526067, -29.456389 ], [ -56.7524032, -29.4573729 ], [ -56.7525092, -29.4584996 ], [ -56.7515976, -29.4596645 ], [ -56.7511166, -29.4596965 ], [ -56.7507592, -29.4593287 ], [ -56.7496795, -29.4587667 ], [ -56.7492906, -29.4596248 ], [ -56.7492398, -29.4609094 ], [ -56.7494881, -29.4617555 ], [ -56.7495158, -29.4630453 ], [ -56.7489815, -29.4645342 ], [ -56.7491153, -29.4654291 ], [ -56.7489806, -29.4663832 ], [ -56.7497283, -29.4676921 ], [ -56.7501314, -29.4696135 ], [ -56.7506198, -29.4703762 ], [ -56.749372, -29.4707053 ], [ -56.7490955, -29.4713929 ], [ -56.7477267, -29.4727307 ], [ -56.7471308, -29.4727902 ], [ -56.7463671, -29.4726409 ], [ -56.7458016, -29.4735482 ], [ -56.7449615, -29.4734577 ], [ -56.743886, -29.4737128 ], [ -56.7431962, -29.4741419 ], [ -56.7424, -29.4742943 ], [ -56.7413127, -29.474869 ], [ -56.7409978, -29.4755999 ], [ -56.7396794, -29.4766233 ], [ -56.7387812, -29.4765714 ], [ -56.7384024, -29.476708399999989 ], [ -56.7385598, -29.4788799 ], [ -56.7377947, -29.4810189 ], [ -56.7369176, -29.4819147 ], [ -56.7359643, -29.4822492 ], [ -56.7348341, -29.4820001 ], [ -56.733316, -29.4820359 ], [ -56.7324014, -29.4823509 ], [ -56.7313417, -29.4832894 ], [ -56.7303202, -29.483361399999989 ], [ -56.7294774, -29.4831697 ], [ -56.7288048, -29.4837464 ], [ -56.7286059, -29.4851685 ], [ -56.7282625, -29.4856593 ], [ -56.7282817, -29.4860387 ], [ -56.7278684, -29.4867498 ], [ -56.7278916, -29.4875872 ], [ -56.7283009, -29.4882231 ], [ -56.7280988, -29.4887222 ], [ -56.7275, -29.4889268 ], [ -56.7264274, -29.4886877 ], [ -56.7258382, -29.4887188 ], [ -56.7256895, -29.488929 ], [ -56.7257773, -29.4895944 ], [ -56.7251967, -29.4899446 ], [ -56.7257257, -29.4921834 ], [ -56.7267121, -29.4929335 ], [ -56.727512, -29.4941387 ], [ -56.7273687, -29.4944207 ], [ -56.7260023, -29.4951174 ], [ -56.7253469, -29.497264 ], [ -56.7247186, -29.4974193 ], [ -56.7239553, -29.4973029 ], [ -56.723035, -29.4975913 ], [ -56.7219132, -29.4985733 ], [ -56.7209244, -29.4989337 ], [ -56.720862, -29.4979484 ], [ -56.7203257, -29.4975573 ], [ -56.7189972, -29.4975774 ], [ -56.7182797, -29.4982891 ], [ -56.7175368, -29.4983747 ], [ -56.7166279, -29.4980566 ], [ -56.71599, -29.4975987 ], [ -56.7150442, -29.497298 ], [ -56.7132109, -29.4970284 ], [ -56.7124003, -29.4974301 ], [ -56.7113882, -29.4972035 ], [ -56.7106054, -29.4967474 ], [ -56.7094179, -29.4969336 ], [ -56.7086422, -29.4967779 ], [ -56.7074433, -29.4973817 ], [ -56.7070647, -29.4980175 ], [ -56.7059525, -29.4982297 ], [ -56.7044973, -29.4997667 ], [ -56.7035764, -29.4990129 ], [ -56.7026044, -29.4985319 ], [ -56.7021076, -29.4980199 ], [ -56.70177, -29.4964516 ], [ -56.7019182, -29.4962127 ], [ -56.7027177, -29.495773 ], [ -56.7027941, -29.49545740000001 ], [ -56.7024276, -29.4948273 ], [ -56.701337, -29.4940178 ], [ -56.7005572, -29.4938409 ], [ -56.7001706, -29.4934958 ], [ -56.699396, -29.4941218 ], [ -56.6987941, -29.494129 ], [ -56.6982187, -29.4935834 ], [ -56.6977193, -29.4926297 ], [ -56.6971349, -29.4923364 ], [ -56.6968694, -29.492381 ], [ -56.6964853, -29.4927281 ], [ -56.6957944, -29.4926255 ], [ -56.6942733, -29.4930334 ], [ -56.6929309, -29.4923207 ], [ -56.6908181, -29.4922097 ], [ -56.690435, -29.4919163 ], [ -56.6896544, -29.4908347 ], [ -56.689446, -29.4901803 ], [ -56.6891846, -29.4898922 ], [ -56.688778, -29.4897979 ], [ -56.6882487, -29.489912399999984 ], [ -56.6877323, -29.4896079 ], [ -56.6862131, -29.4897291 ], [ -56.6854108, -29.489277899999987 ], [ -56.6841738, -29.4891391 ], [ -56.6835474, -29.4882025 ], [ -56.6829416, -29.4877444 ], [ -56.6825564, -29.4869866 ], [ -56.6813137, -29.4873702 ], [ -56.6806441, -29.488698 ], [ -56.6806476, -29.491943099999986 ], [ -56.6813479, -29.4929316 ], [ -56.6807618, -29.493479 ], [ -56.6806393, -29.493784 ], [ -56.6806445, -29.4944377 ], [ -56.6808985, -29.4952847 ], [ -56.6808529, -29.4964617 ], [ -56.6804439, -29.4968775 ], [ -56.6800133, -29.4979609 ], [ -56.6795133, -29.4986531 ], [ -56.6782104, -29.4991002 ], [ -56.6780113, -29.4999534 ], [ -56.6773201, -29.5006465 ], [ -56.6774389, -29.5019311 ], [ -56.6769256, -29.5027465 ], [ -56.6763613, -29.5033014 ], [ -56.6757044, -29.5036072 ], [ -56.6746757, -29.5038291 ], [ -56.6738591, -29.502897 ], [ -56.6731169, -29.5025696 ], [ -56.6710671, -29.5028818 ], [ -56.6701033, -29.5032655 ], [ -56.669191, -29.5028698 ], [ -56.6685318, -29.5031892 ], [ -56.6679145, -29.5041435 ], [ -56.6665343, -29.5042062 ], [ -56.6651805, -29.5039616 ], [ -56.6642707, -29.5044173 ], [ -56.6635384, -29.503830199999985 ], [ -56.6631315, -29.5029909 ], [ -56.6625971, -29.5028132 ], [ -56.6615749, -29.5029033 ], [ -56.660737, -29.5038493 ], [ -56.6604791, -29.5038094 ], [ -56.6601354, -29.5034577 ], [ -56.6597076, -29.5034431 ], [ -56.6589871, -29.5041322 ], [ -56.6582002, -29.5037221 ], [ -56.6567678, -29.5034332 ], [ -56.6559768, -29.5037468 ], [ -56.6556215, -29.5041915 ], [ -56.6559236, -29.5051204 ], [ -56.6571597, -29.5062935 ], [ -56.6562306, -29.506646 ], [ -56.6549971, -29.5098956 ], [ -56.6544403, -29.5109581 ], [ -56.6540312, -29.511070900000011 ], [ -56.6535886, -29.5121887 ], [ -56.6532938, -29.5124549 ], [ -56.6526242, -29.5126783 ], [ -56.6517307, -29.5133558 ], [ -56.6525075, -29.5137017 ], [ -56.6531243, -29.5144865 ], [ -56.6534921, -29.5143367 ], [ -56.6553212, -29.5145194 ], [ -56.6580404, -29.5155467 ], [ -56.659791, -29.51559760000001 ], [ -56.6604808, -29.5159816 ], [ -56.6607623, -29.5166728 ], [ -56.6621697, -29.5176382 ], [ -56.6624892, -29.5181911 ], [ -56.6625688, -29.5189309 ], [ -56.6622728, -29.5189921 ], [ -56.6620821, -29.519230699999984 ], [ -56.6613759, -29.5220984 ], [ -56.6607285, -29.5223941 ], [ -56.6603423, -29.5228005 ], [ -56.6603672, -29.5238039 ], [ -56.6605685, -29.5244844 ], [ -56.6603613, -29.5251844 ], [ -56.6603809, -29.526473899999985 ], [ -56.6606925, -29.5273961 ], [ -56.6613627, -29.5281793 ], [ -56.6614545, -29.5286018 ], [ -56.6611215, -29.530633799999986 ], [ -56.6606797, -29.531110300000012 ], [ -56.6603977, -29.53206 ], [ -56.6607566, -29.5330624 ], [ -56.6616881, -29.5335061 ], [ -56.6622621, -29.5341573 ], [ -56.6622552, -29.535366800000013 ], [ -56.6615498, -29.5362393 ], [ -56.6614931, -29.5367674 ], [ -56.6618052, -29.5372046 ], [ -56.6624657, -29.5376981 ], [ -56.6623717, -29.5385136 ], [ -56.663059, -29.5399164 ], [ -56.6637678, -29.5424725 ], [ -56.6640821, -29.542999199999986 ], [ -56.6646906, -29.5432247 ], [ -56.665063, -29.543597300000012 ], [ -56.6643471, -29.5451523 ], [ -56.6646761, -29.5457632 ], [ -56.6640716, -29.5465147 ], [ -56.6638193, -29.5472267 ], [ -56.6619627, -29.548811 ], [ -56.661203, -29.5488963 ], [ -56.6604256, -29.5484375 ], [ -56.6598266, -29.5484857 ], [ -56.6593647, -29.5487464 ], [ -56.6588988, -29.549345599999988 ], [ -56.6581215, -29.5496692 ], [ -56.6571567, -29.55112 ], [ -56.6560137, -29.551943699999988 ], [ -56.6545943, -29.552488300000011 ], [ -56.653286, -29.5523398 ], [ -56.652408, -29.552627 ], [ -56.6518153, -29.5530395 ], [ -56.6504882, -29.5531506 ], [ -56.6501539, -29.553507 ], [ -56.6500024, -29.5546125 ], [ -56.6495912, -29.5551963 ], [ -56.6493805, -29.5558436 ], [ -56.6477047, -29.5570942 ], [ -56.6474785, -29.5576557 ], [ -56.6468754, -29.5582662 ], [ -56.6457477, -29.558751 ], [ -56.6451972, -29.5595171 ], [ -56.6448912, -29.561276 ], [ -56.64525, -29.5616473 ], [ -56.6461005, -29.5615622 ], [ -56.6479746, -29.5626218 ], [ -56.6476903, -29.5635954 ], [ -56.6481245, -29.5642088 ], [ -56.6489196, -29.5648461 ], [ -56.6489579, -29.5661532 ], [ -56.6497139, -29.5663207 ], [ -56.6516146, -29.5654264 ], [ -56.6524934, -29.5660884 ], [ -56.653756, -29.5662109 ], [ -56.6552678, -29.5669144 ], [ -56.6559024, -29.5669865 ], [ -56.6562781, -29.5677422 ], [ -56.6569189, -29.5682735 ], [ -56.6571621, -29.5690911 ], [ -56.6579992, -29.5693084 ], [ -56.6588113, -29.5699422 ], [ -56.6593826, -29.5701563 ], [ -56.6594953, -29.5703707 ], [ -56.6594372, -29.5710754 ], [ -56.6591078, -29.5716061 ], [ -56.6584987, -29.5720722 ], [ -56.6584223, -29.5724422 ], [ -56.65883, -29.5732136 ], [ -56.6587909, -29.5738543 ], [ -56.6596548, -29.5747899 ], [ -56.6596775, -29.5749881 ], [ -56.6593262, -29.5752584 ], [ -56.6581785, -29.5754525 ], [ -56.6567983, -29.5767115 ], [ -56.6569716, -29.5773581 ], [ -56.656744, -29.5782397 ], [ -56.6568244, -29.5788546 ], [ -56.657338, -29.5793575 ], [ -56.6582989, -29.5797841 ], [ -56.6585739, -29.5802658 ], [ -56.6583376, -29.580716600000013 ], [ -56.6571126, -29.5820648 ], [ -56.656947, -29.5837773 ], [ -56.6562193, -29.5847036 ], [ -56.6564391, -29.5857983 ], [ -56.656443, -29.5871895 ], [ -56.6556924, -29.5885271 ], [ -56.6555234, -29.5899619 ], [ -56.6546626, -29.5913291 ], [ -56.6537676, -29.5918706 ], [ -56.6533027, -29.5930263 ], [ -56.6528805, -29.5933266 ], [ -56.6524882, -29.5933952 ], [ -56.6520903, -29.5937697 ], [ -56.6509613, -29.596307499999984 ], [ -56.6510561, -29.5974307 ], [ -56.6507368, -29.5979889 ], [ -56.6509748, -29.599051 ], [ -56.6513554, -29.5995669 ], [ -56.6513958, -29.5999093 ], [ -56.6510982, -29.6007102 ], [ -56.6504366, -29.6010416 ], [ -56.6500617, -29.6017306 ], [ -56.6508675, -29.6021069 ], [ -56.6513621, -29.6026186 ], [ -56.6515583, -29.6032986 ], [ -56.652226, -29.6044208 ], [ -56.6518709, -29.6051933 ], [ -56.6530689, -29.6062887 ], [ -56.653901, -29.6082941 ], [ -56.6539581, -29.608931 ], [ -56.6543668, -29.6092707 ], [ -56.6545749, -29.6098592 ], [ -56.6552435, -29.609865799999987 ], [ -56.6558567, -29.6104494 ], [ -56.656091, -29.6110399 ], [ -56.6559026, -29.6119866 ], [ -56.6566558, -29.611486 ], [ -56.6578228, -29.6113949 ], [ -56.6593754, -29.611043 ], [ -56.6597789, -29.6096276 ], [ -56.6595297, -29.6085985 ], [ -56.6595636, -29.608066599999983 ], [ -56.6597255, -29.6078957 ], [ -56.6604619, -29.6076927 ], [ -56.6607238, -29.6070642 ], [ -56.6610979, -29.6067597 ], [ -56.6634702, -29.606772 ], [ -56.6640435, -29.6082152 ], [ -56.6642638, -29.6083478 ], [ -56.6661337, -29.6083637 ], [ -56.6672516, -29.6081251 ], [ -56.6680211, -29.6082667 ], [ -56.6683029, -29.6080865 ], [ -56.6685705, -29.6077191 ], [ -56.6684413, -29.6070103 ], [ -56.6688105, -29.6056995 ], [ -56.6698656, -29.6048932 ], [ -56.6705787, -29.6050254 ], [ -56.6710365, -29.6049345 ], [ -56.6712699, -29.603271399999983 ], [ -56.6719526, -29.602956699999986 ], [ -56.6739582, -29.601431 ], [ -56.6742996, -29.6004629 ], [ -56.674973, -29.599687899999989 ], [ -56.6755337, -29.598579299999983 ], [ -56.6758717, -29.597583 ], [ -56.6758728, -29.5969419 ], [ -56.6755317, -29.5962282 ], [ -56.6748481, -29.595445 ], [ -56.6746591, -29.5945632 ], [ -56.6752529, -29.5942647 ], [ -56.6760567, -29.5941136 ], [ -56.6774066, -29.593188799999989 ], [ -56.6780162, -29.5929641 ], [ -56.6783594, -29.5925466 ] ] ] } },
{ "type": "Feature", "properties": { "wts_pk": 133673, "codigo_otto": "82579", "nivel_otto_declarado": 5, "area_m2_bho": 6.9956744539329998, "nivel_otto": 5 }, "geometry": { "type": "Polygon", "coordinates": [ [ [ -56.8715065, -29.5283732 ], [ -56.8717106, -29.5277885 ], [ -56.8715301, -29.5268429 ], [ -56.8721077, -29.5257495 ], [ -56.8727208, -29.525607699999988 ], [ -56.8730632, -29.5257157 ], [ -56.8738798, -29.526369 ], [ -56.8760693, -29.5265188 ], [ -56.8771293, -29.5274503 ], [ -56.879129, -29.5281822 ], [ -56.880734, -29.5289764 ], [ -56.8815798, -29.5296678 ], [ -56.8821517, -29.529875 ], [ -56.8826477, -29.5305361 ], [ -56.8840732, -29.5318807 ], [ -56.8848872, -29.5312363 ], [ -56.8856421, -29.5309059 ], [ -56.8882688, -29.5308525 ], [ -56.8905899, -29.5303306 ], [ -56.8942369, -29.530319 ], [ -56.894541774742734, -29.529858113430279 ], [ -56.888, -29.5264 ], [ -56.8728, -29.5147 ], [ -56.860681069322858, -29.507242670426884 ], [ -56.8595144, -29.5078191 ], [ -56.8590139, -29.5085201 ], [ -56.8588755, -29.5112623 ], [ -56.8571252, -29.5117958 ], [ -56.8565248, -29.5123158 ], [ -56.8558114, -29.5137649 ], [ -56.8551288, -29.5143472 ], [ -56.8545144, -29.5158747 ], [ -56.8551589, -29.5160619 ], [ -56.8557911, -29.515697899999985 ], [ -56.8569681, -29.5159962 ], [ -56.8572556, -29.5163772 ], [ -56.857395, -29.51746 ], [ -56.8579406, -29.518306 ], [ -56.8583986, -29.5186354 ], [ -56.8591191, -29.5188304 ], [ -56.8608349, -29.518140699999986 ], [ -56.8618771, -29.5181999 ], [ -56.8621873, -29.5190338 ], [ -56.8620875, -29.5198111 ], [ -56.8624781, -29.5202594 ], [ -56.8621431, -29.520833 ], [ -56.862424, -29.5213144 ], [ -56.8630062, -29.5215211 ], [ -56.8633021, -29.52179 ], [ -56.8636009, -29.522683 ], [ -56.8635633, -29.5233025 ], [ -56.8640601, -29.5235428 ], [ -56.8646966, -29.5234695 ], [ -56.8655147, -29.5237338 ], [ -56.865775, -29.5239552 ], [ -56.8666383, -29.5263761 ], [ -56.867211, -29.5266523 ], [ -56.8682596, -29.5268219 ], [ -56.8689967, -29.5276966 ], [ -56.8696163, -29.5280162 ], [ -56.8715065, -29.5283732 ] ] ] } },
{ "type": "Feature", "properties": { "wts_pk": 133676, "codigo_otto": "82592", "nivel_otto_declarado": 5, "area_m2_bho": 11.2904630957183, "nivel_otto": 5 }, "geometry": { "type": "Polygon", "coordinates": [ [ [ -56.8237854, -29.4983753 ], [ -56.8226028, -29.4981671 ], [ -56.8219195, -29.4983287 ], [ -56.8212167, -29.4981769 ], [ -56.8205101, -29.4983001 ], [ -56.8198962, -29.4980223 ], [ -56.8191385, -29.4973423 ], [ -56.8185825, -29.497064 ], [ -56.8167363, -29.4969859 ], [ -56.8169017, -29.4984757 ], [ -56.8160225, -29.4987411 ], [ -56.8157246, -29.4990057 ], [ -56.8155919, -29.5006438 ], [ -56.8152563, -29.5010811 ], [ -56.8145946, -29.5013777 ], [ -56.8136273, -29.5015158 ], [ -56.8132653, -29.5018585 ], [ -56.8112694, -29.5014661 ], [ -56.8093957, -29.5020732 ], [ -56.8091967, -29.5033883 ], [ -56.8084997, -29.505275 ], [ -56.8080259, -29.505527 ], [ -56.8075787, -29.505559 ], [ -56.8068036, -29.5051003 ], [ -56.8057976, -29.5048742 ], [ -56.8056456, -29.5050853 ], [ -56.8055573, -29.5060035 ], [ -56.8050556, -29.506564 ], [ -56.8048734, -29.5065847 ], [ -56.8042106, -29.5061849 ], [ -56.8035457, -29.5062532 ], [ -56.8033335, -29.5079393 ], [ -56.8029232, -29.5085373 ], [ -56.8027468, -29.5094134 ], [ -56.8024601, -29.5097488 ], [ -56.8021758, -29.5099262 ], [ -56.8015067, -29.5099047 ], [ -56.8005837, -29.5110275 ], [ -56.79917, -29.5118635 ], [ -56.7985112, -29.5118163 ], [ -56.7972792, -29.5125059 ], [ -56.7960569, -29.5122882 ], [ -56.7954861, -29.5123672 ], [ -56.7952077, -29.5127029 ], [ -56.7943164, -29.5132624 ], [ -56.7942024, -29.51481 ], [ -56.7937953, -29.5156146 ], [ -56.7933932, -29.5158427 ], [ -56.7916509, -29.5159296 ], [ -56.7912423, -29.5162015 ], [ -56.790413, -29.5179726 ], [ -56.7902726, -29.5187718 ], [ -56.7898535, -29.5193643 ], [ -56.789783, -29.519903 ], [ -56.7901241, -29.5210147 ], [ -56.7908417, -29.5218615 ], [ -56.7909121, -29.522628 ], [ -56.7907392, -29.5237616 ], [ -56.7908938, -29.5244407 ], [ -56.7908805, -29.525830499999984 ], [ -56.7903598, -29.5271225 ], [ -56.7906064, -29.52889 ], [ -56.7898516, -29.5299174 ], [ -56.7897856, -29.5309344 ], [ -56.7899153, -29.5313272 ], [ -56.7907761, -29.5318081 ], [ -56.7910978, -29.5323294 ], [ -56.7912144, -29.5334691 ], [ -56.7916631, -29.5333178 ], [ -56.7930185, -29.531909399999989 ], [ -56.7928716, -29.5310496 ], [ -56.7929879, -29.5307125 ], [ -56.79411, -29.5304992 ], [ -56.7957421, -29.5293009 ], [ -56.7970835, -29.5291446 ], [ -56.7977003, -29.5287557 ], [ -56.7985702, -29.5285623 ], [ -56.7988968, -29.5282188 ], [ -56.7990889, -29.527108 ], [ -56.8002691, -29.5277716 ], [ -56.8013463, -29.5277423 ], [ -56.8019181, -29.5271893 ], [ -56.8021226, -29.5265121 ], [ -56.8029106, -29.525442399999985 ], [ -56.8032542, -29.5261085 ], [ -56.8035589, -29.526323 ], [ -56.8057206, -29.5258212 ], [ -56.806856, -29.5251534 ], [ -56.8078079, -29.5258028 ], [ -56.8085611, -29.5254389 ], [ -56.8094455, -29.5255914 ], [ -56.8118216, -29.5255468 ], [ -56.8137868, -29.5242904 ], [ -56.815203, -29.5239453 ], [ -56.8160769, -29.5240075 ], [ -56.81741, -29.5246912 ], [ -56.817822, -29.5243885 ], [ -56.8184754, -29.5234279 ], [ -56.8193304, -29.5229034 ], [ -56.8196944, -29.5229065 ], [ -56.8207978, -29.523579 ], [ -56.8216446, -29.5233147 ], [ -56.8222144, -29.5229461 ], [ -56.8228891, -29.5218268 ], [ -56.8234929, -29.5215227 ], [ -56.8246011, -29.5216429 ], [ -56.8264193, -29.5209376 ], [ -56.8276987, -29.5214098 ], [ -56.8291878, -29.5211821 ], [ -56.8299605, -29.5213209 ], [ -56.831265, -29.5208113 ], [ -56.8315564, -29.5202062 ], [ -56.831774, -29.5200809 ], [ -56.8325912, -29.5200509 ], [ -56.8335807, -29.5202189 ], [ -56.8343517, -29.5195815 ], [ -56.8355527, -29.5190079 ], [ -56.8361809, -29.5189303 ], [ -56.8362343, -29.5176829 ], [ -56.837056, -29.5168337 ], [ -56.8380462, -29.5164875 ], [ -56.839029, -29.5163646 ], [ -56.8397216, -29.5159331 ], [ -56.8410115, -29.5156729 ], [ -56.8421232, -29.5163521 ], [ -56.8425147, -29.5164187 ], [ -56.8440981, -29.5160457 ], [ -56.8443382, -29.5148443 ], [ -56.8450757, -29.5142285 ], [ -56.845109, -29.5133398 ], [ -56.8455612, -29.5120564 ], [ -56.8453921, -29.5110931 ], [ -56.8463925, -29.5098966 ], [ -56.8466926, -29.5089745 ], [ -56.8468172, -29.5077128 ], [ -56.847051, -29.5076112 ], [ -56.8475657, -29.5077648 ], [ -56.8480134, -29.5077251 ], [ -56.8488586, -29.5068778 ], [ -56.8473881, -29.5049654 ], [ -56.8466647, -29.503424 ], [ -56.8462152, -29.5031454 ], [ -56.845734, -29.503097 ], [ -56.8442227, -29.5036196 ], [ -56.8423065, -29.5036861 ], [ -56.8412244, -29.5040584 ], [ -56.8404765, -29.5045953 ], [ -56.8400004, -29.505198499999988 ], [ -56.8384369, -29.5050053 ], [ -56.8376406, -29.5045506 ], [ -56.833796, -29.503839 ], [ -56.8320598, -29.5026864 ], [ -56.8314355, -29.5018637 ], [ -56.8306273, -29.5019358 ], [ -56.8298943, -29.501633 ], [ -56.8290853, -29.5010528 ], [ -56.8282775, -29.5001409 ], [ -56.8277555, -29.4998366 ], [ -56.8254399, -29.4988559 ], [ -56.8247919, -29.4983747 ], [ -56.8237854, -29.4983753 ] ] ] } },
{ "type": "Feature", "properties": { "wts_pk": 133675, "codigo_otto": "82591", "nivel_otto_declarado": 5, "area_m2_bho": 1.6156453248497999, "nivel_otto": 5 }, "geometry": { "type": "Polygon", "coordinates": [ [ [ -56.8459749, -29.5030951 ], [ -56.846393, -29.5032376 ], [ -56.8468828, -29.5036832 ], [ -56.8473881, -29.5049654 ], [ -56.8488586, -29.5068778 ], [ -56.8480134, -29.5077251 ], [ -56.8475657, -29.5077648 ], [ -56.847051, -29.5076112 ], [ -56.8468172, -29.5077128 ], [ -56.8466926, -29.5089745 ], [ -56.8463925, -29.5098966 ], [ -56.8453921, -29.5110931 ], [ -56.8455612, -29.5120564 ], [ -56.845109, -29.5133398 ], [ -56.8450699, -29.514208 ], [ -56.8473286, -29.514219099999984 ], [ -56.8481591, -29.5144445 ], [ -56.8494921, -29.514518100000011 ], [ -56.85025, -29.5148409 ], [ -56.8513812, -29.5158178 ], [ -56.8533731, -29.5161449 ], [ -56.8544042, -29.5160204 ], [ -56.8551288, -29.5143472 ], [ -56.8558114, -29.5137649 ], [ -56.8565248, -29.5123158 ], [ -56.8571252, -29.5117958 ], [ -56.8586653, -29.511393299999988 ], [ -56.8589128, -29.51119 ], [ -56.8589911, -29.5086039 ], [ -56.8595172, -29.5078009 ], [ -56.858589092353832, -29.506234221826958 ], [ -56.847031355129303, -29.500661798745892 ], [ -56.8469554, -29.5021129 ], [ -56.8459749, -29.5030951 ] ] ] } },
{ "type": "Feature", "properties": { "wts_pk": 133677, "codigo_otto": "82593", "nivel_otto_declarado": 5, "area_m2_bho": 2.95773357931132, "nivel_otto": 5 }, "geometry": { "type": "Polygon", "coordinates": [ [ [ -56.8254374, -29.4917416 ], [ -56.825359, -29.4924024 ], [ -56.8256255, -29.4935362 ], [ -56.8256197, -29.4971264 ], [ -56.8255353, -29.4974701 ], [ -56.8248002, -29.4984288 ], [ -56.8254399, -29.4988559 ], [ -56.828219, -29.5000992 ], [ -56.8290853, -29.5010528 ], [ -56.8299608, -29.501669 ], [ -56.8306273, -29.5019358 ], [ -56.8314355, -29.5018637 ], [ -56.8320598, -29.5026864 ], [ -56.833796, -29.503839 ], [ -56.8350951, -29.504171 ], [ -56.8375438, -29.5045271 ], [ -56.838337, -29.5049816 ], [ -56.8399565, -29.505211 ], [ -56.8404765, -29.5045953 ], [ -56.841366, -29.503983299999984 ], [ -56.8423065, -29.5036861 ], [ -56.8443231, -29.5036001 ], [ -56.8452732, -29.5031729 ], [ -56.8459031, -29.5030969 ], [ -56.8469215, -29.502188600000011 ], [ -56.847031355129303, -29.500661798745892 ], [ -56.844, -29.4992 ], [ -56.8308, -29.4944 ], [ -56.8254374, -29.4917416 ] ] ] } },
{ "type": "Feature", "properties": { "wts_pk": 133680, "codigo_otto": "82596", "nivel_otto_declarado": 5, "area_m2_bho": 7.5006448513847603, "nivel_otto": 5 }, "geometry": { "type": "Polygon", "coordinates": [ [ [ -56.7553491, -29.452295 ], [ -56.7551034, -29.4526239 ], [ -56.7550607, -29.4530713 ], [ -56.7550937, -29.4535257 ], [ -56.7553311, -29.4538211 ], [ -56.7553468, -29.4544861 ], [ -56.7563789, -29.454928 ], [ -56.7565345, -29.4557158 ], [ -56.7569704, -29.4563949 ], [ -56.7569191, -29.4575747 ], [ -56.7573054, -29.4578002 ], [ -56.7581931, -29.4577713 ], [ -56.7588162, -29.4570797 ], [ -56.7593569, -29.4567994 ], [ -56.7599897, -29.457136 ], [ -56.7600677, -29.460725 ], [ -56.7598063, -29.4622234 ], [ -56.76008, -29.4627149 ], [ -56.7607224, -29.463304 ], [ -56.7615479, -29.4636195 ], [ -56.7621274, -29.4635013 ], [ -56.7626731, -29.4635677 ], [ -56.76324, -29.4631896 ], [ -56.7636197, -29.4631167 ], [ -56.7646368, -29.4633424 ], [ -56.7661613, -29.46341390000001 ], [ -56.7669505, -29.4638614 ], [ -56.7679048, -29.4640114 ], [ -56.7684668, -29.4646424 ], [ -56.7689466, -29.46472 ], [ -56.7691735, -29.4645432 ], [ -56.7693745, -29.4639674 ], [ -56.7698584, -29.4634981 ], [ -56.7705263, -29.4636007 ], [ -56.7715163, -29.4634069 ], [ -56.7723414, -29.4635924 ], [ -56.7726804, -29.4633946 ], [ -56.7732126, -29.4601066 ], [ -56.7737328, -29.4593203 ], [ -56.7743228, -29.4592513 ], [ -56.7747284, -29.4596227 ], [ -56.7751293, -29.4615607 ], [ -56.7756937, -29.462494 ], [ -56.7760691, -29.4627392 ], [ -56.7767726, -29.4626134 ], [ -56.7771769, -29.4628306 ], [ -56.7777424, -29.4634552 ], [ -56.7779821, -29.4641006 ], [ -56.7797156, -29.4653794 ], [ -56.7804495, -29.4663492 ], [ -56.7829599, -29.4677308 ], [ -56.7838468, -29.467912 ], [ -56.7846358, -29.4684512 ], [ -56.7845374, -29.4693454 ], [ -56.7849453, -29.4701578 ], [ -56.7848906, -29.4710699 ], [ -56.785566, -29.4715673 ], [ -56.7860389, -29.4721561 ], [ -56.7869178, -29.4724961 ], [ -56.7878508, -29.4727495 ], [ -56.7884027, -29.4725415 ], [ -56.7882903, -29.4721854 ], [ -56.7878736, -29.471739500000012 ], [ -56.7879658, -29.4709056 ], [ -56.7891603, -29.46998180000001 ], [ -56.7908312, -29.4683182 ], [ -56.7913171, -29.4672986 ], [ -56.7924366, -29.4663251 ], [ -56.7929244, -29.4656577 ], [ -56.7938532, -29.4652297 ], [ -56.7941872, -29.4648878 ], [ -56.7941179, -29.463963899999989 ], [ -56.7936411, -29.4634992 ], [ -56.7926706, -29.4629414 ], [ -56.7928234, -29.4621602 ], [ -56.7927104, -29.461820600000014 ], [ -56.7907591, -29.4616023 ], [ -56.7901529, -29.4609938 ], [ -56.7896577, -29.4597962 ], [ -56.7878286, -29.4582431 ], [ -56.7876425, -29.4582799 ], [ -56.7874382, -29.4588185 ], [ -56.7869083, -29.4590995 ], [ -56.7861289, -29.4589661 ], [ -56.7852254, -29.4591385 ], [ -56.7846028, -29.4588626 ], [ -56.7843214, -29.4585768 ], [ -56.7842167, -29.4578616 ], [ -56.7843522, -29.4573655 ], [ -56.7848976, -29.4570697 ], [ -56.7857988, -29.4568921 ], [ -56.7860914, -29.4566322 ], [ -56.7861297, -29.4562908 ], [ -56.78578, -29.4557048 ], [ -56.7852242, -29.4554737 ], [ -56.7849292, -29.4551461 ], [ -56.7843176, -29.4550506 ], [ -56.7834642, -29.455199899999986 ], [ -56.7823817, -29.4546895 ], [ -56.7820715, -29.454343 ], [ -56.7820511, -29.4538753 ], [ -56.7824553, -29.4529352 ], [ -56.7820636, -29.4523087 ], [ -56.7817963, -29.4508721 ], [ -56.7822318, -29.4499702 ], [ -56.7816278, -29.4490062 ], [ -56.7810462, -29.448533200000011 ], [ -56.7817128, -29.447987099999985 ], [ -56.7818942, -29.4476012 ], [ -56.78111, -29.4467685 ], [ -56.780203, -29.446120199999985 ], [ -56.7796122, -29.4452411 ], [ -56.7792358, -29.4430971 ], [ -56.778168, -29.4426924 ], [ -56.7774943, -29.4417675 ], [ -56.7752733, -29.439544299999984 ], [ -56.7739106, -29.438505 ], [ -56.7721338, -29.438353 ], [ -56.7718222, -29.4382138 ], [ -56.7711223, -29.436291099999988 ], [ -56.7693391, -29.4340506 ], [ -56.7693764, -29.433435899999989 ], [ -56.7684653, -29.4321212 ], [ -56.7679094, -29.4306698 ], [ -56.7680084, -29.430154 ], [ -56.767789, -29.4285208 ], [ -56.7667357, -29.4275416 ], [ -56.7662431, -29.4288021 ], [ -56.7659057, -29.4305417 ], [ -56.7659412, -29.4314796 ], [ -56.7663491, -29.4326479 ], [ -56.7661933, -29.4333238 ], [ -56.766133, -29.4361991 ], [ -56.7657762, -29.436415299999986 ], [ -56.7646246, -29.4362641 ], [ -56.7641225, -29.43646690000001 ], [ -56.7627017, -29.437982 ], [ -56.7619312, -29.4381542 ], [ -56.7615893, -29.4384056 ], [ -56.7611164, -29.4412808 ], [ -56.7601482, -29.4421419 ], [ -56.75931, -29.443793 ], [ -56.7597662, -29.4450857 ], [ -56.7598499, -29.4476714 ], [ -56.7601676, -29.4480205 ], [ -56.761341, -29.4486934 ], [ -56.7613923, -29.4493255 ], [ -56.7607182, -29.4497115 ], [ -56.7585136, -29.4501297 ], [ -56.7569184, -29.4519107 ], [ -56.7562213, -29.4522192 ], [ -56.7553491, -29.452295 ] ] ] } },
{ "type": "Feature", "properties": { "wts_pk": 133682, "codigo_otto": "82611", "nivel_otto_declarado": 5, "area_m2_bho": 120.62201406533092, "nivel_otto": 5 }, "geometry": { "type": "Polygon", "coordinates": [ [ [ -56.6453378, -29.4753737 ], [ -56.6443789, -29.4772314 ], [ -56.6429332, -29.4785437 ], [ -56.6427846, -29.4796191 ], [ -56.6423005, -29.4804325 ], [ -56.6416603, -29.4805401 ], [ -56.6410573, -29.480132 ], [ -56.6405661, -29.4800477 ], [ -56.640179, -29.4801113 ], [ -56.6398363, -29.4804454 ], [ -56.6397983, -29.4814855 ], [ -56.6405538, -29.4818612 ], [ -56.6410957, -29.4828914 ], [ -56.6411104, -29.483235 ], [ -56.6404551, -29.48401350000001 ], [ -56.639974, -29.4852459 ], [ -56.6387669, -29.4863116 ], [ -56.6387479, -29.4865712 ], [ -56.6389687, -29.486875 ], [ -56.6399245, -29.4876977 ], [ -56.6390918, -29.4879134 ], [ -56.6379398, -29.4887296 ], [ -56.6379395, -29.4891266 ], [ -56.6388771, -29.4903963 ], [ -56.6389192, -29.4909321 ], [ -56.6382204, -29.4916051 ], [ -56.6380183, -29.4924578 ], [ -56.6373954, -29.4931805 ], [ -56.6372088, -29.493708 ], [ -56.6369655, -29.4938825 ], [ -56.6364574, -29.493931 ], [ -56.636416, -29.4947968 ], [ -56.6359034, -29.4957314 ], [ -56.63596, -29.4965553 ], [ -56.636543, -29.4976591 ], [ -56.6383176, -29.498726 ], [ -56.6385918, -29.4993178 ], [ -56.6384019, -29.500042099999987 ], [ -56.6394776, -29.5004406 ], [ -56.6398959, -29.501347799999987 ], [ -56.6407961, -29.502349399999989 ], [ -56.6410108, -29.502923599999988 ], [ -56.6416756, -29.5033327 ], [ -56.6416773, -29.5037829 ], [ -56.6412885, -29.5046527 ], [ -56.6417219, -29.5065725 ], [ -56.6412918, -29.5079277 ], [ -56.6416652, -29.5085239 ], [ -56.6417083, -29.5089113 ], [ -56.6409421, -29.5102587 ], [ -56.6409561, -29.5107109 ], [ -56.6411798, -29.5111532 ], [ -56.6422596, -29.5109501 ], [ -56.6427073, -29.5110264 ], [ -56.6429714, -29.5106943 ], [ -56.643511, -29.5103946 ], [ -56.6443099, -29.5103697 ], [ -56.6451715, -29.5110695 ], [ -56.6458056, -29.5113812 ], [ -56.6467514, -29.5116715 ], [ -56.6485713, -29.511794700000014 ], [ -56.6491331, -29.5123456 ], [ -56.6493826, -29.5129824 ], [ -56.6511739, -29.513535 ], [ -56.6517354, -29.5133754 ], [ -56.6526242, -29.5126783 ], [ -56.6532938, -29.5124549 ], [ -56.6535886, -29.5121887 ], [ -56.6540312, -29.511070900000011 ], [ -56.6544403, -29.5109581 ], [ -56.6549971, -29.5098956 ], [ -56.6562306, -29.506646 ], [ -56.6571597, -29.5062935 ], [ -56.6569874, -29.5060078 ], [ -56.6559948, -29.5052504 ], [ -56.6556398, -29.5044149 ], [ -56.6556313, -29.5041541 ], [ -56.655903, -29.5038132 ], [ -56.656547, -29.5034577 ], [ -56.6582002, -29.5037221 ], [ -56.6589871, -29.5041322 ], [ -56.6597076, -29.5034431 ], [ -56.6601354, -29.5034577 ], [ -56.6604791, -29.5038094 ], [ -56.660737, -29.5038493 ], [ -56.6615749, -29.5029033 ], [ -56.6627131, -29.5028238 ], [ -56.663227, -29.503084 ], [ -56.6635384, -29.503830199999985 ], [ -56.6642707, -29.5044173 ], [ -56.6651805, -29.5039616 ], [ -56.6665343, -29.5042062 ], [ -56.6679145, -29.5041435 ], [ -56.6685318, -29.5031892 ], [ -56.669191, -29.5028698 ], [ -56.6701033, -29.5032655 ], [ -56.6710671, -29.5028818 ], [ -56.6731169, -29.5025696 ], [ -56.6738591, -29.502897 ], [ -56.6746757, -29.5038291 ], [ -56.6757044, -29.5036072 ], [ -56.6763613, -29.5033014 ], [ -56.6769256, -29.5027465 ], [ -56.6774389, -29.5019311 ], [ -56.6773201, -29.5006465 ], [ -56.6780113, -29.4999534 ], [ -56.6782104, -29.4991002 ], [ -56.6795133, -29.4986531 ], [ -56.6800133, -29.4979609 ], [ -56.6804439, -29.4968775 ], [ -56.6808529, -29.4964617 ], [ -56.6808985, -29.4952847 ], [ -56.6806445, -29.4944377 ], [ -56.6806393, -29.493784 ], [ -56.6807618, -29.493479 ], [ -56.6813479, -29.4929316 ], [ -56.6806476, -29.491943099999986 ], [ -56.6806441, -29.488698 ], [ -56.6813137, -29.4873702 ], [ -56.6825564, -29.4869866 ], [ -56.6829416, -29.4877444 ], [ -56.6835474, -29.4882025 ], [ -56.6841738, -29.4891391 ], [ -56.6854108, -29.489277899999987 ], [ -56.6862131, -29.4897291 ], [ -56.6877323, -29.4896079 ], [ -56.6882487, -29.489912399999984 ], [ -56.688778, -29.4897979 ], [ -56.6891846, -29.4898922 ], [ -56.689446, -29.4901803 ], [ -56.6896544, -29.4908347 ], [ -56.690435, -29.4919163 ], [ -56.6908181, -29.4922097 ], [ -56.6929309, -29.4923207 ], [ -56.6942733, -29.4930334 ], [ -56.6957944, -29.4926255 ], [ -56.6964853, -29.4927281 ], [ -56.6968694, -29.492381 ], [ -56.6971349, -29.4923364 ], [ -56.6977193, -29.4926297 ], [ -56.6982187, -29.4935834 ], [ -56.6987941, -29.494129 ], [ -56.699396, -29.4941218 ], [ -56.7001706, -29.4934958 ], [ -56.7005572, -29.4938409 ], [ -56.701337, -29.4940178 ], [ -56.7024276, -29.4948273 ], [ -56.7027941, -29.49545740000001 ], [ -56.7027177, -29.495773 ], [ -56.7019182, -29.4962127 ], [ -56.70177, -29.4964516 ], [ -56.7021076, -29.4980199 ], [ -56.7026044, -29.4985319 ], [ -56.7035764, -29.4990129 ], [ -56.7044973, -29.4997667 ], [ -56.7059525, -29.4982297 ], [ -56.7070647, -29.4980175 ], [ -56.7074433, -29.4973817 ], [ -56.7086422, -29.4967779 ], [ -56.7094179, -29.4969336 ], [ -56.7106054, -29.4967474 ], [ -56.7113882, -29.4972035 ], [ -56.7124003, -29.4974301 ], [ -56.7132109, -29.4970284 ], [ -56.7150442, -29.497298 ], [ -56.71599, -29.4975987 ], [ -56.7166279, -29.4980566 ], [ -56.7175368, -29.4983747 ], [ -56.7182797, -29.4982891 ], [ -56.7189972, -29.4975774 ], [ -56.7203257, -29.4975573 ], [ -56.720862, -29.4979484 ], [ -56.7209244, -29.4989337 ], [ -56.7219132, -29.4985733 ], [ -56.723035, -29.4975913 ], [ -56.7239553, -29.4973029 ], [ -56.7247186, -29.4974193 ], [ -56.7253469, -29.497264 ], [ -56.7260023, -29.4951174 ], [ -56.7273687, -29.4944207 ], [ -56.727512, -29.4941387 ], [ -56.7267121, -29.4929335 ], [ -56.7257257, -29.4921834 ], [ -56.7251967, -29.4899446 ], [ -56.7257773, -29.4895944 ], [ -56.7256895, -29.488929 ], [ -56.7258382, -29.4887188 ], [ -56.7264274, -29.4886877 ], [ -56.7275, -29.4889268 ], [ -56.7280988, -29.4887222 ], [ -56.7283009, -29.4882231 ], [ -56.7278916, -29.4875872 ], [ -56.7278684, -29.4867498 ], [ -56.7282817, -29.4860387 ], [ -56.7282625, -29.4856593 ], [ -56.7286059, -29.4851685 ], [ -56.7288048, -29.4837464 ], [ -56.7294774, -29.4831697 ], [ -56.7303202, -29.483361399999989 ], [ -56.7313417, -29.4832894 ], [ -56.7324014, -29.4823509 ], [ -56.733316, -29.4820359 ], [ -56.7348341, -29.4820001 ], [ -56.7359643, -29.4822492 ], [ -56.7369176, -29.4819147 ], [ -56.7377947, -29.4810189 ], [ -56.7385598, -29.4788799 ], [ -56.7384024, -29.476708399999989 ], [ -56.7387812, -29.4765714 ], [ -56.7396794, -29.4766233 ], [ -56.7409978, -29.4755999 ], [ -56.7413127, -29.474869 ], [ -56.7424, -29.4742943 ], [ -56.7431962, -29.4741419 ], [ -56.743886, -29.4737128 ], [ -56.7449615, -29.4734577 ], [ -56.7458016, -29.4735482 ], [ -56.7463671, -29.4726409 ], [ -56.7471308, -29.4727902 ], [ -56.7477267, -29.4727307 ], [ -56.7490955, -29.4713929 ], [ -56.749372, -29.4707053 ], [ -56.7506198, -29.4703762 ], [ -56.7501314, -29.4696135 ], [ -56.7497283, -29.4676921 ], [ -56.7489709, -29.4662928 ], [ -56.7491151, -29.4654888 ], [ -56.7489962, -29.4644464 ], [ -56.7495031, -29.4632385 ], [ -56.7494996, -29.4618481 ], [ -56.7492594, -29.4611005 ], [ -56.7492271, -29.4603013 ], [ -56.7495735, -29.4588271 ], [ -56.7497178, -29.4587728 ], [ -56.7506889, -29.4592864 ], [ -56.7511166, -29.4596965 ], [ -56.7515976, -29.4596645 ], [ -56.7525092, -29.4584996 ], [ -56.7524032, -29.4573729 ], [ -56.7526067, -29.456389 ], [ -56.7532912, -29.4555025 ], [ -56.7534889, -29.4549327 ], [ -56.7537195, -29.4548301 ], [ -56.7543369, -29.4549566 ], [ -56.7553468, -29.4544861 ], [ -56.7553311, -29.4538211 ], [ -56.7550937, -29.4535257 ], [ -56.7550607, -29.4530713 ], [ -56.7550881, -29.4526651 ], [ -56.7553468, -29.4522638 ], [ -56.7562213, -29.4522192 ], [ -56.7569184, -29.4519107 ], [ -56.7585136, -29.4501297 ], [ -56.7607182, -29.4497115 ], [ -56.7613923, -29.4493255 ], [ -56.761341, -29.4486934 ], [ -56.7601676, -29.4480205 ], [ -56.7598499, -29.4476714 ], [ -56.7597662, -29.4450857 ], [ -56.75931, -29.443793 ], [ -56.7601482, -29.4421419 ], [ -56.7611164, -29.4412808 ], [ -56.7615893, -29.4384056 ], [ -56.7619312, -29.4381542 ], [ -56.7627017, -29.437982 ], [ -56.7641225, -29.43646690000001 ], [ -56.7646246, -29.4362641 ], [ -56.7657762, -29.436415299999986 ], [ -56.766133, -29.4361991 ], [ -56.7661933, -29.4333238 ], [ -56.7663491, -29.4326479 ], [ -56.765925, -29.4313933 ], [ -56.7659248, -29.4303594 ], [ -56.7665736, -29.427688299999989 ], [ -56.7674876, -29.4271066 ], [ -56.7677883, -29.426283 ], [ -56.7680985, -29.4249933 ], [ -56.7681855, -29.4232727 ], [ -56.768338, -29.4232038 ], [ -56.768842, -29.42344 ], [ -56.7693605, -29.4241107 ], [ -56.7699028, -29.4244171 ], [ -56.7709605, -29.4244265 ], [ -56.7719516, -29.4226708 ], [ -56.7720564, -29.4216594 ], [ -56.7724199, -29.4204302 ], [ -56.7727332, -29.4204071 ], [ -56.7737759, -29.4210852 ], [ -56.7746244, -29.4213633 ], [ -56.7754961, -29.4205735 ], [ -56.7761801, -29.419486 ], [ -56.775917707000652, -29.419174945770006 ], [ -56.771083943092691, -29.418197836193212 ], [ -56.7707783, -29.4183051 ], [ -56.7698034, -29.4180647 ], [ -56.76956688927374, -29.41776296862076 ], [ -56.7516, -29.4119 ], [ -56.7432, -29.4108 ], [ -56.7307, -29.4055 ], [ -56.7031, -29.4002 ], [ -56.695, -29.4005 ], [ -56.6869, -29.4032 ], [ -56.6819, -29.4066 ], [ -56.6778, -29.4133 ], [ -56.6745, -29.4236 ], [ -56.6712, -29.4255 ], [ -56.6674, -29.4255 ], [ -56.6605, -29.4233 ], [ -56.660146137443256, -29.42362170106264 ], [ -56.6608007, -29.4238293 ], [ -56.6603424, -29.4247481 ], [ -56.6603825, -29.425058 ], [ -56.6607191, -29.4258014 ], [ -56.6616328, -29.4267837 ], [ -56.6615311, -29.4276822 ], [ -56.6620142, -29.4287147 ], [ -56.6616375, -29.4302423 ], [ -56.6604484, -29.4315119 ], [ -56.6600077, -29.4326796 ], [ -56.659294, -29.4335284 ], [ -56.6592557, -29.4344457 ], [ -56.659663, -29.4354704 ], [ -56.6593413, -29.4357669 ], [ -56.6591042, -29.436322 ], [ -56.6581985, -29.4370452 ], [ -56.6572446, -29.4382462 ], [ -56.6554469, -29.4387346 ], [ -56.6543087, -29.43937 ], [ -56.6542931, -29.4398898 ], [ -56.6549662, -29.4407687 ], [ -56.6547051, -29.4415394 ], [ -56.6540918, -29.4420243 ], [ -56.6539732, -29.4423057 ], [ -56.6539981, -29.4431408 ], [ -56.6544033, -29.4437705 ], [ -56.6541771, -29.444616899999989 ], [ -56.6538441, -29.4449488 ], [ -56.6532128, -29.445205 ], [ -56.6527791, -29.4462956 ], [ -56.6524557, -29.44662610000001 ], [ -56.6519361, -29.4466484 ], [ -56.6512897, -29.446266 ], [ -56.6502562, -29.4464768 ], [ -56.6496429, -29.4468011 ], [ -56.6494764, -29.4489807 ], [ -56.6489573, -29.449764199999986 ], [ -56.64891, -29.4509172 ], [ -56.6482674, -29.4514712 ], [ -56.6480195, -29.4521814 ], [ -56.6471084, -29.4531733 ], [ -56.6469667, -29.4543843 ], [ -56.6466723, -29.454485599999987 ], [ -56.6439573, -29.4544865 ], [ -56.6437825, -29.4560436 ], [ -56.644429, -29.4565845 ], [ -56.6446999, -29.4570565 ], [ -56.6450651, -29.4583379 ], [ -56.6450582, -29.4600798 ], [ -56.6449026, -29.4607662 ], [ -56.6450576, -29.4613913 ], [ -56.6450678, -29.4638726 ], [ -56.6449576, -29.4643787 ], [ -56.6445609, -29.4649163 ], [ -56.6445418, -29.4653831 ], [ -56.6448971, -29.4658575 ], [ -56.6457603, -29.4662647 ], [ -56.6466039, -29.4670225 ], [ -56.6469652, -29.4680278 ], [ -56.6468872, -29.4683465 ], [ -56.6463469, -29.4689124 ], [ -56.6447433, -29.4701896 ], [ -56.6439972, -29.470444 ], [ -56.6434191, -29.4709485 ], [ -56.6431224, -29.4724014 ], [ -56.6431788, -29.4732274 ], [ -56.6440275, -29.4741528 ], [ -56.6452824, -29.475171899999989 ], [ -56.6453378, -29.4753737 ] ] ] } },
{ "type": "Feature", "properties": { "wts_pk": 133681, "codigo_otto": "82597", "nivel_otto_declarado": 5, "area_m2_bho": 2.0699735272775599, "nivel_otto": 5 }, "geometry": { "type": "Polygon", "coordinates": [ [ [ -56.7761714, -29.4195396 ], [ -56.7753265, -29.4207744 ], [ -56.7746244, -29.4213633 ], [ -56.7737759, -29.4210852 ], [ -56.7727332, -29.4204071 ], [ -56.7724199, -29.4204302 ], [ -56.7720564, -29.4216594 ], [ -56.7719516, -29.4226708 ], [ -56.7709605, -29.4244265 ], [ -56.7699028, -29.4244171 ], [ -56.7693605, -29.4241107 ], [ -56.768842, -29.42344 ], [ -56.7682223, -29.423227 ], [ -56.7680985, -29.4249933 ], [ -56.7677883, -29.426283 ], [ -56.7674876, -29.4271066 ], [ -56.7667316, -29.427560599999989 ], [ -56.767789, -29.4285208 ], [ -56.7680084, -29.430154 ], [ -56.7679094, -29.4306698 ], [ -56.7684653, -29.4321212 ], [ -56.7693764, -29.433435899999989 ], [ -56.7693391, -29.4340506 ], [ -56.7711223, -29.436291099999988 ], [ -56.7718222, -29.4382138 ], [ -56.7721338, -29.438353 ], [ -56.7739106, -29.438505 ], [ -56.7752733, -29.439544299999984 ], [ -56.7774943, -29.4417675 ], [ -56.778168, -29.4426924 ], [ -56.7792229, -29.4430972 ], [ -56.7804696, -29.4432779 ], [ -56.7806216, -29.4429667 ], [ -56.7804104, -29.4419919 ], [ -56.780598, -29.44138310000001 ], [ -56.780625, -29.440383 ], [ -56.7803011, -29.4383295 ], [ -56.780110129820194, -29.437847458242217 ], [ -56.7795, -29.4374 ], [ -56.7779, -29.4324 ], [ -56.7778, -29.429 ], [ -56.778679544427177, -29.426413169618883 ], [ -56.778641, -29.4227754 ], [ -56.777565892165249, -29.419508069854132 ], [ -56.7761714, -29.4195396 ] ] ] } },
{ "type": "Feature", "properties": { "wts_pk": 133674, "codigo_otto": "8258", "nivel_otto_declarado": 5, "area_m2_bho": 1861.0759036244599, "nivel_otto": 5 }, "geometry": { "type": "Polygon", "coordinates": [ [ [ -56.858589092353832, -29.506234221826958 ], [ -56.8595144, -29.5078191 ], [ -56.860681069322858, -29.507242670426884 ], [ -56.858589092353832, -29.506234221826958 ] ] ] } },
{ "type": "Feature", "properties": { "wts_pk": 133679, "codigo_otto": "82595", "nivel_otto_declarado": 5, "area_m2_bho": 203.39301164603901, "nivel_otto": 5 }, "geometry": { "type": "MultiPolygon", "coordinates": [ [ [ [ -56.7775669, -29.4195482 ], [ -56.7786564, -29.4228646 ], [ -56.778679544427177, -29.426413169618883 ], [ -56.7795, -29.424 ], [ -56.78, -29.42 ], [ -56.7775669, -29.4195482 ] ] ], [ [ [ -56.780112, -29.4378584 ], [ -56.7806124, -29.4401871 ], [ -56.7806094, -29.4412888 ], [ -56.7804104, -29.4419919 ], [ -56.7806141, -29.4430522 ], [ -56.7804696, -29.4432779 ], [ -56.7792358, -29.4430971 ], [ -56.7792557, -29.4435189 ], [ -56.7796122, -29.4452411 ], [ -56.780203, -29.446120199999985 ], [ -56.78111, -29.4467685 ], [ -56.7819094, -29.4476547 ], [ -56.7810462, -29.448533200000011 ], [ -56.7816278, -29.4490062 ], [ -56.7822318, -29.4499702 ], [ -56.7817963, -29.4508721 ], [ -56.7820636, -29.4523087 ], [ -56.7824553, -29.4529352 ], [ -56.7820511, -29.4538753 ], [ -56.7820715, -29.454343 ], [ -56.7823817, -29.4546895 ], [ -56.7834642, -29.455199899999986 ], [ -56.7843176, -29.4550506 ], [ -56.7849292, -29.4551461 ], [ -56.7852242, -29.4554737 ], [ -56.78578, -29.4557048 ], [ -56.7861297, -29.4562908 ], [ -56.7860914, -29.4566322 ], [ -56.7857988, -29.4568921 ], [ -56.7848976, -29.4570697 ], [ -56.7843522, -29.4573655 ], [ -56.7842167, -29.4578616 ], [ -56.7843214, -29.4585768 ], [ -56.7846028, -29.4588626 ], [ -56.7852254, -29.4591385 ], [ -56.7861289, -29.4589661 ], [ -56.7869083, -29.4590995 ], [ -56.7874382, -29.4588185 ], [ -56.7876425, -29.4582799 ], [ -56.7878286, -29.4582431 ], [ -56.7896577, -29.4597962 ], [ -56.7901529, -29.4609938 ], [ -56.7907591, -29.4616023 ], [ -56.7927104, -29.461820600000014 ], [ -56.7928234, -29.4621602 ], [ -56.7926706, -29.4629414 ], [ -56.7936411, -29.4634992 ], [ -56.7942137, -29.4641674 ], [ -56.7941128, -29.4650053 ], [ -56.7929244, -29.4656577 ], [ -56.7924366, -29.4663251 ], [ -56.7913171, -29.4672986 ], [ -56.7908312, -29.4683182 ], [ -56.7891603, -29.46998180000001 ], [ -56.7879313, -29.4709524 ], [ -56.7878736, -29.471739500000012 ], [ -56.7882903, -29.4721854 ], [ -56.7884027, -29.4725415 ], [ -56.7891, -29.4729196 ], [ -56.7895672, -29.4735177 ], [ -56.7905499, -29.4739899 ], [ -56.7924368, -29.4760375 ], [ -56.7932876, -29.4762439 ], [ -56.7936653, -29.476535 ], [ -56.7939203, -29.4769343 ], [ -56.7940228, -29.4782257 ], [ -56.7943367, -29.4785729 ], [ -56.7952602, -29.4790919 ], [ -56.7957219, -29.4806971 ], [ -56.7966344, -29.4810488 ], [ -56.797362, -29.4826262 ], [ -56.7978619, -29.4827418 ], [ -56.7987953, -29.483923 ], [ -56.7991599, -29.4841578 ], [ -56.7995624, -29.4841895 ], [ -56.7999255, -29.4840954 ], [ -56.800262, -29.4837461 ], [ -56.800526, -29.483752499999987 ], [ -56.80153, -29.4846345 ], [ -56.8019008, -29.4845984 ], [ -56.8023947, -29.4848081 ], [ -56.8030167, -29.4852698 ], [ -56.8041185, -29.4856901 ], [ -56.804907, -29.486339 ], [ -56.8068272, -29.4870459 ], [ -56.8072246, -29.4874688 ], [ -56.8089192, -29.4882207 ], [ -56.8101113, -29.4895605 ], [ -56.8110434, -29.4898733 ], [ -56.812363, -29.4913159 ], [ -56.8132857, -29.4906428 ], [ -56.8143033, -29.4903173 ], [ -56.8153853, -29.490329 ], [ -56.8163126, -29.490571 ], [ -56.8181564, -29.4906122 ], [ -56.8190936, -29.4908509 ], [ -56.8212132, -29.4908925 ], [ -56.8218513, -29.4910385 ], [ -56.8225248, -29.4908894 ], [ -56.823874068961857, -29.490897307397361 ], [ -56.8221, -29.49 ], [ -56.8139, -29.4811 ], [ -56.8082, -29.4731 ], [ -56.8054, -29.4663 ], [ -56.804, -29.4597 ], [ -56.8014, -29.4549 ], [ -56.797, -29.4491 ], [ -56.7855, -29.4418 ], [ -56.780112, -29.4378584 ] ] ] ] } },
{ "type": "Feature", "properties": { "wts_pk": 133684, "codigo_otto": "82613", "nivel_otto_declarado": 5, "area_m2_bho": 517.62389347672695, "nivel_otto": 5 }, "geometry": { "type": "Polygon", "coordinates": [ [ [ -56.6588029, -29.4248761 ], [ -56.6592773, -29.4249754 ], [ -56.6603461, -29.4247642 ], [ -56.6607831, -29.423783 ], [ -56.660146137443256, -29.42362170106264 ], [ -56.6588029, -29.4248761 ] ] ] } },
{ "type": "Feature", "properties": { "wts_pk": 133763, "codigo_otto": "82711", "nivel_otto_declarado": 5, "area_m2_bho": 528.05813086828732, "nivel_otto": 5 }, "geometry": { "type": "MultiPolygon", "coordinates": [ [ [ [ -56.7695668, -29.4178218 ], [ -56.7697194, -29.4180347 ], [ -56.7707097, -29.4182908 ], [ -56.771083943092691, -29.418197836193212 ], [ -56.7695668, -29.4178218 ] ] ], [ [ [ -56.775917707000652, -29.419174945770006 ], [ -56.7761622, -29.4194901 ], [ -56.777456242609269, -29.419485908658487 ], [ -56.775917707000652, -29.419174945770006 ] ] ] ] } }
]
}
