{
"type": "FeatureCollection",
"name": "nivel4",
"crs": { "type": "name", "properties": { "name": "urn:ogc:def:crs:OGC:1.3:CRS84" } },
"features": [
{ "type": "Feature", "properties": { "wts_pk": 137983, "codigo_otto": "8251", "nivel_otto_declarado": 4, "area_m2_bho": 1565.9029424580954, "nivel_otto": 4 }, "geometry": { "type": "Polygon", "coordinates": [ [ [ -57.2036908, -29.7785134 ], [ -57.2042399, -29.7794847 ], [ -57.2049347, -29.7797761 ], [ -57.2077765, -29.7820436 ], [ -57.2102943, -29.7846315 ], [ -57.2102922, -29.7851663 ], [ -57.2095515, -29.7863816 ], [ -57.2095163, -29.7882243 ], [ -57.209376, -29.7886144 ], [ -57.2088492, -29.7891177 ], [ -57.2080469, -29.7892646 ], [ -57.2073917, -29.7895626 ], [ -57.2065863, -29.7901358 ], [ -57.2065168, -29.7903508 ], [ -57.2067634, -29.7913313 ], [ -57.206996, -29.7915297 ], [ -57.2070369, -29.792164 ], [ -57.2072955, -29.7925403 ], [ -57.2085033, -29.7925833 ], [ -57.2089037, -29.7929593 ], [ -57.2094551, -29.7941345 ], [ -57.2092545, -29.7948956 ], [ -57.2092761, -29.7956407 ], [ -57.2100143, -29.796568 ], [ -57.2104458, -29.7980209 ], [ -57.2107466, -29.7982997 ], [ -57.211743, -29.798429 ], [ -57.2110958, -29.7996924 ], [ -57.2098858, -29.8011251 ], [ -57.2087994, -29.8015201 ], [ -57.207742, -29.8021762 ], [ -57.2063193, -29.8023692 ], [ -57.2050733, -29.8033736 ], [ -57.2048995, -29.8046493 ], [ -57.2051335, -29.806002 ], [ -57.2058706, -29.8072179 ], [ -57.2059058, -29.8090778 ], [ -57.2058092, -29.809195799999983 ], [ -57.2051429, -29.8092291 ], [ -57.2050046, -29.8094617 ], [ -57.2044669, -29.8094893 ], [ -57.2043941, -29.809644899999988 ], [ -57.2052295, -29.8106511 ], [ -57.2048727, -29.8120412 ], [ -57.2055715, -29.8123949 ], [ -57.205841, -29.8126895 ], [ -57.2060684, -29.8144381 ], [ -57.20582, -29.8149653 ], [ -57.2039174, -29.817139 ], [ -57.203505, -29.8172304 ], [ -57.2027389, -29.8170611 ], [ -57.20174, -29.8175403 ], [ -57.2017302, -29.8185202 ], [ -57.2012121, -29.8190357 ], [ -57.2011777, -29.8202175 ], [ -57.200908, -29.8204844 ], [ -57.2009731, -29.8209917 ], [ -57.2012958, -29.8213537 ], [ -57.2018346, -29.8213687 ], [ -57.2029626, -29.8209814 ], [ -57.2031287, -29.8212783 ], [ -57.2029654, -29.82320480000001 ], [ -57.2031218, -29.8238915 ], [ -57.2030781, -29.825173 ], [ -57.2027065, -29.8260368 ], [ -57.2016634, -29.8262106 ], [ -57.2012788, -29.8265038 ], [ -57.2011223, -29.8282236 ], [ -57.2003691, -29.829583 ], [ -57.2004659, -29.8299362 ], [ -57.2022075, -29.8317803 ], [ -57.2022252, -29.8321258 ], [ -57.2017995, -29.8330961 ], [ -57.2022214, -29.8337963 ], [ -57.2022269, -29.8340712 ], [ -57.2016959, -29.8346284 ], [ -57.2010224, -29.8348523 ], [ -57.200732, -29.8351212 ], [ -57.2005565, -29.8359931 ], [ -57.1998968, -29.8367869 ], [ -57.1995179, -29.837818099999989 ], [ -57.1985137, -29.837851 ], [ -57.1983291, -29.8383123 ], [ -57.1979248, -29.838431899999986 ], [ -57.1975976, -29.8387902 ], [ -57.1972328, -29.8410009 ], [ -57.1964644, -29.8426757 ], [ -57.19656, -29.8435716 ], [ -57.1974789, -29.844375699999983 ], [ -57.1967402, -29.845873699999984 ], [ -57.1959396, -29.845591899999985 ], [ -57.1951078, -29.845710900000014 ], [ -57.1945782, -29.8462969 ], [ -57.194436, -29.847664 ], [ -57.1938771, -29.8480141 ], [ -57.1924618, -29.847655 ], [ -57.1919831, -29.8477465 ], [ -57.1910995, -29.847554299999985 ], [ -57.1903929, -29.8477184 ], [ -57.190314, -29.8489802 ], [ -57.1895652, -29.8502629 ], [ -57.1896656, -29.8511093 ], [ -57.1891767, -29.851595 ], [ -57.1879458, -29.850650399999985 ], [ -57.1869897, -29.8503461 ], [ -57.1859068, -29.8503182 ], [ -57.1856407, -29.851111 ], [ -57.1858388, -29.8519806 ], [ -57.1854386, -29.8524816 ], [ -57.1855623, -29.8531639 ], [ -57.1851175, -29.8541658 ], [ -57.184987, -29.8557045 ], [ -57.183935, -29.8563838 ], [ -57.1826703, -29.8562495 ], [ -57.1823467, -29.8565546 ], [ -57.181957, -29.8579462 ], [ -57.1817019, -29.8582508 ], [ -57.1806694, -29.8586075 ], [ -57.1797957, -29.8586516 ], [ -57.1808822, -29.8599249 ], [ -57.1808994, -29.860648399999985 ], [ -57.1806178, -29.861405 ], [ -57.1803625, -29.8614537 ], [ -57.1803513, -29.8617071 ], [ -57.1787801, -29.8618445 ], [ -57.1786212, -29.8626599 ], [ -57.1782805, -29.8633456 ], [ -57.1761796, -29.8650207 ], [ -57.1766172, -29.865364 ], [ -57.1768961, -29.86593 ], [ -57.1766177, -29.8666267 ], [ -57.1777697, -29.867481 ], [ -57.1796658, -29.8676476 ], [ -57.1799909, -29.8684841 ], [ -57.1800631, -29.8697132 ], [ -57.1797392, -29.8710275 ], [ -57.179107, -29.8718735 ], [ -57.1786815, -29.872003300000014 ], [ -57.1790547, -29.8735806 ], [ -57.1799675, -29.8749287 ], [ -57.1787794, -29.8765082 ], [ -57.1787038, -29.8768799 ], [ -57.1789426, -29.8776776 ], [ -57.1789624, -29.8792071 ], [ -57.1794965, -29.8792534 ], [ -57.179533, -29.8796923 ], [ -57.1797809, -29.8798445 ], [ -57.1800405, -29.880821499999989 ], [ -57.1801221, -29.8849039 ], [ -57.1804856, -29.885503 ], [ -57.1811206, -29.8856106 ], [ -57.1817964, -29.8855281 ], [ -57.1824769, -29.8848999 ], [ -57.1843874, -29.8865325 ], [ -57.1850788, -29.8878378 ], [ -57.1846132, -29.8882328 ], [ -57.1843076, -29.8890604 ], [ -57.1845155, -29.8900057 ], [ -57.184472, -29.8911853 ], [ -57.1843081, -29.8913593 ], [ -57.1830154, -29.8917489 ], [ -57.1827078, -29.8920178 ], [ -57.18223, -29.8932304 ], [ -57.1818004, -29.8938047 ], [ -57.1817249, -29.8943421 ], [ -57.181905, -29.8953308 ], [ -57.1826776, -29.8957931 ], [ -57.1838706, -29.8962325 ], [ -57.1841233, -29.8965955 ], [ -57.183836, -29.8971231 ], [ -57.1846991, -29.8974296 ], [ -57.1847959, -29.8997627 ], [ -57.1841079, -29.8999161 ], [ -57.1838638, -29.9005231 ], [ -57.1831105, -29.9012777 ], [ -57.1821371, -29.9012463 ], [ -57.1813354, -29.901882 ], [ -57.1807716, -29.9020976 ], [ -57.1805517, -29.903219399999987 ], [ -57.1801969, -29.9037694 ], [ -57.1802253, -29.9041558 ], [ -57.1796918, -29.9046795 ], [ -57.1785962, -29.9050014 ], [ -57.177573, -29.9048089 ], [ -57.1765459, -29.90526 ], [ -57.1753065, -29.9053214 ], [ -57.1749463, -29.9056484 ], [ -57.1746487, -29.9063131 ], [ -57.1740717, -29.9065157 ], [ -57.173783, -29.9067848 ], [ -57.1736212, -29.9084991 ], [ -57.1726676, -29.909562 ], [ -57.1720745, -29.9107989 ], [ -57.1733442, -29.9124619 ], [ -57.1728906, -29.9131484 ], [ -57.1727953, -29.9154488 ], [ -57.1722751, -29.9163209 ], [ -57.1707421, -29.917721900000011 ], [ -57.171211, -29.9182537 ], [ -57.1717441, -29.9185076 ], [ -57.1727151, -29.9184787 ], [ -57.1732999, -29.9193107 ], [ -57.173407, -29.9197628 ], [ -57.1725592, -29.9200198 ], [ -57.1718686, -29.9200254 ], [ -57.1708825, -29.9195215 ], [ -57.1679835, -29.9194631 ], [ -57.1665049, -29.9190001 ], [ -57.1659789, -29.9194016 ], [ -57.1655452, -29.9194362 ], [ -57.1645181, -29.9192072 ], [ -57.1638738, -29.9184395 ], [ -57.1630269, -29.9181653 ], [ -57.1625786, -29.9183486 ], [ -57.1614601, -29.9183644 ], [ -57.1601148, -29.9178767 ], [ -57.1592442, -29.9186166 ], [ -57.1588804, -29.9186081 ], [ -57.1581619, -29.9182809 ], [ -57.1580793, -29.9193522 ], [ -57.1573856, -29.9199939 ], [ -57.1568615, -29.9199571 ], [ -57.1557065, -29.919256 ], [ -57.1551104, -29.9193263 ], [ -57.1548428, -29.9198194 ], [ -57.1553165, -29.9208271 ], [ -57.1553384, -29.921664 ], [ -57.1552305, -29.9218875 ], [ -57.1545181, -29.9222628 ], [ -57.1533908, -29.9220198 ], [ -57.1513912, -29.9219195 ], [ -57.1507684, -29.9208928 ], [ -57.1502108, -29.9204346 ], [ -57.1485809, -29.9221806 ], [ -57.1468539, -29.9232776 ], [ -57.1457052, -29.923804399999984 ], [ -57.1451402, -29.9249165 ], [ -57.1450105, -29.9257231 ], [ -57.1447588, -29.926029899999985 ], [ -57.1435713, -29.9266177 ], [ -57.1423774, -29.9268644 ], [ -57.1418037, -29.9276834 ], [ -57.1412447, -29.9293528 ], [ -57.1411847, -29.930874 ], [ -57.1393582, -29.9308448 ], [ -57.1388105, -29.9304167 ], [ -57.1383511, -29.9303297 ], [ -57.1379967, -29.9304163 ], [ -57.13738, -29.9310953 ], [ -57.1358863, -29.9311566 ], [ -57.1354474, -29.9306568 ], [ -57.1344052, -29.9305503 ], [ -57.13379, -29.9302352 ], [ -57.133599, -29.9290136 ], [ -57.1334069, -29.9286518 ], [ -57.1331291, -29.9286518 ], [ -57.1328126, -29.929358 ], [ -57.131342, -29.9302303 ], [ -57.1307455, -29.9302881 ], [ -57.12996, -29.930120199999983 ], [ -57.1289389, -29.9312725 ], [ -57.1279969, -29.9312676 ], [ -57.1277725, -29.9320956 ], [ -57.1273699, -29.9326981 ], [ -57.1271667, -29.9338316 ], [ -57.1259484, -29.9344218 ], [ -57.1251339, -29.9339851 ], [ -57.1244126, -29.934005700000011 ], [ -57.1245027, -29.9352804 ], [ -57.124165, -29.936004 ], [ -57.1233521, -29.936155 ], [ -57.1221108, -29.9359703 ], [ -57.1215434, -29.9364957 ], [ -57.1212316, -29.9372576 ], [ -57.1217297, -29.9382266 ], [ -57.1214711, -29.9392611 ], [ -57.122223, -29.9398208 ], [ -57.1229029, -29.9407452 ], [ -57.1238339, -29.9412747 ], [ -57.1237206, -29.9425833 ], [ -57.1242337, -29.9438577 ], [ -57.1231626, -29.9439564 ], [ -57.1231505, -29.9444088 ], [ -57.1241458, -29.9453931 ], [ -57.1243092, -29.946832699999984 ], [ -57.1247176, -29.9474175 ], [ -57.1249031, -29.9480123 ], [ -57.1255555, -29.9485307 ], [ -57.125875, -29.9491463 ], [ -57.1258557, -29.9496195 ], [ -57.125544, -29.9502461 ], [ -57.1243045, -29.9512888 ], [ -57.124518, -29.9519852 ], [ -57.1252162, -29.9523619 ], [ -57.1254508, -29.9530177 ], [ -57.1262254, -29.953805 ], [ -57.1282426, -29.9549649 ], [ -57.1292037, -29.954997299999988 ], [ -57.1296953, -29.9546106 ], [ -57.1316544, -29.9547952 ], [ -57.1322959, -29.9550407 ], [ -57.1316979, -29.956489399999988 ], [ -57.131078, -29.956978499999988 ], [ -57.1309207, -29.9572994 ], [ -57.1309678, -29.9585033 ], [ -57.1316282, -29.9591126 ], [ -57.1314626, -29.9600407 ], [ -57.1307083, -29.960482 ], [ -57.1302637, -29.9621011 ], [ -57.1293374, -29.963173 ], [ -57.1281245, -29.9653382 ], [ -57.1292907, -29.9662973 ], [ -57.1299551, -29.9665235 ], [ -57.1313839, -29.9674911 ], [ -57.132158, -29.9675365 ], [ -57.133407, -29.967263 ], [ -57.1333801, -29.9686215 ], [ -57.1329993, -29.9699655 ], [ -57.1338848, -29.9705354 ], [ -57.1353077, -29.9707253 ], [ -57.1358563, -29.9712902 ], [ -57.1361411, -29.972208499999986 ], [ -57.1375379, -29.9723018 ], [ -57.1387701, -29.9725948 ], [ -57.1395182, -29.9730963 ], [ -57.1404976, -29.9725888 ], [ -57.1413162, -29.9727695 ], [ -57.1425069, -29.9722608 ], [ -57.1432286, -29.9727863 ], [ -57.1441829, -29.972864 ], [ -57.1445222, -29.973112 ], [ -57.1440038, -29.9737599 ], [ -57.1439749, -29.9745377 ], [ -57.1443163, -29.9752579 ], [ -57.1447234, -29.975587 ], [ -57.1450469, -29.9755887 ], [ -57.1450912, -29.9753322 ], [ -57.1453516, -29.9753185 ], [ -57.1457093, -29.9748687 ], [ -57.1461385, -29.9747655 ], [ -57.1474474, -29.9747844 ], [ -57.148376, -29.9750269 ], [ -57.152081, -29.9751103 ], [ -57.1525158, -29.9755169 ], [ -57.1538808, -29.976040699999988 ], [ -57.1539635, -29.9770373 ], [ -57.1537204, -29.9781591 ], [ -57.1543829, -29.9788753 ], [ -57.1552853, -29.979164 ], [ -57.1559044, -29.9789772 ], [ -57.1564306, -29.9791802 ], [ -57.1570522, -29.979185899999983 ], [ -57.1572366, -29.979091899999986 ], [ -57.1575895, -29.9783717 ], [ -57.1583374, -29.9789847 ], [ -57.1591407, -29.9798418 ], [ -57.159585, -29.9815621 ], [ -57.1603046, -29.982237 ], [ -57.1603517, -29.9830962 ], [ -57.1620414, -29.9828113 ], [ -57.1628465, -29.9828527 ], [ -57.1634126, -29.9830516 ], [ -57.1641334, -29.982922399999985 ], [ -57.165074, -29.9830962 ], [ -57.1651508, -29.9840452 ], [ -57.1660588, -29.9845848 ], [ -57.1669518, -29.9860276 ], [ -57.1672847, -29.9873942 ], [ -57.1672893, -29.9895009 ], [ -57.1678215, -29.9900052 ], [ -57.167587, -29.990644199999984 ], [ -57.167591, -29.9917299 ], [ -57.1680222, -29.9921301 ], [ -57.1681296, -29.9925406 ], [ -57.1694214, -29.9917594 ], [ -57.1708592, -29.9919801 ], [ -57.1721841, -29.99181930000001 ], [ -57.1730557, -29.9921976 ], [ -57.1745753, -29.9923348 ], [ -57.1751183, -29.9932516 ], [ -57.1760852, -29.993633599999988 ], [ -57.1764525, -29.993495 ], [ -57.1767811, -29.9929967 ], [ -57.1773308, -29.9926423 ], [ -57.1780161, -29.9925549 ], [ -57.1783225, -29.9926911 ], [ -57.1790662, -29.9935693 ], [ -57.1802432, -29.9940154 ], [ -57.1804965, -29.9942396 ], [ -57.1806931, -29.9954527 ], [ -57.1812509, -29.996318 ], [ -57.1825101, -29.9958908 ], [ -57.1833944, -29.9961534 ], [ -57.1838186, -29.9959143 ], [ -57.1848331, -29.9960964 ], [ -57.1865868, -29.9956905 ], [ -57.187652, -29.9958967 ], [ -57.18808, -29.9967037 ], [ -57.1873866, -29.9973422 ], [ -57.1871262, -29.9978708 ], [ -57.1873257, -29.9984328 ], [ -57.1879871, -29.9989661 ], [ -57.1888671, -30.0001163 ], [ -57.1893418, -30.0013497 ], [ -57.1901508, -30.0022103 ], [ -57.1908359, -30.0025425 ], [ -57.1909076, -30.0022628 ], [ -57.1917409, -30.0022628 ], [ -57.1927546, -30.0031731 ], [ -57.1932576, -30.0041064 ], [ -57.1944269, -30.0048396 ], [ -57.1950104, -30.0057963 ], [ -57.1945219, -30.006653 ], [ -57.1945238, -30.0075122 ], [ -57.1947747, -30.007928 ], [ -57.1952954, -30.0080993 ], [ -57.1967262, -30.0080691 ], [ -57.1978056, -30.0076841 ], [ -57.1984864, -30.0068217 ], [ -57.1991413, -30.0070508 ], [ -57.1996638, -30.0075935 ], [ -57.1996327, -30.0079847 ], [ -57.1998674, -30.0083149 ], [ -57.2013348, -30.0093083 ], [ -57.201848, -30.009964 ], [ -57.2025743, -30.0103183 ], [ -57.2024063, -30.0110991 ], [ -57.2026666, -30.0119106 ], [ -57.2031993, -30.0124987 ], [ -57.2035237, -30.0127334 ], [ -57.2038652, -30.0127744 ], [ -57.204433, -30.0123547 ], [ -57.204716, -30.0124265 ], [ -57.2049009, -30.013280399999989 ], [ -57.2053551, -30.0139117 ], [ -57.205403, -30.015187 ], [ -57.2058176, -30.0155612 ], [ -57.2065757, -30.0157804 ], [ -57.2069536, -30.0155578 ], [ -57.2075192, -30.0149016 ], [ -57.2075744, -30.0139294 ], [ -57.2095182, -30.0139542 ], [ -57.2104917, -30.0143163 ], [ -57.2107706, -30.0152806 ], [ -57.2110752, -30.0155525 ], [ -57.2121675, -30.0159818 ], [ -57.2124605, -30.0164718 ], [ -57.2123093, -30.0179661 ], [ -57.2128077, -30.0188882 ], [ -57.2129785, -30.0208472 ], [ -57.2135034, -30.0213539 ], [ -57.214869919496863, -30.022157242486891 ], [ -57.2151, -30.022 ], [ -57.215749184044263, -30.022558627073998 ], [ -57.2171801, -30.0231881 ], [ -57.217564709568222, -30.024120847850973 ], [ -57.2194, -30.0257 ], [ -57.2287, -30.02 ], [ -57.2312, -30.0188 ], [ -57.2275, -30.0143 ], [ -57.237, -30.0083 ], [ -57.2433, -30.0047 ], [ -57.2438, -30.002 ], [ -57.2459, -29.9968 ], [ -57.2518, -29.9905 ], [ -57.2569, -29.9785 ], [ -57.2577, -29.9759 ], [ -57.2576, -29.9743 ], [ -57.2565, -29.9718 ], [ -57.2597, -29.9718 ], [ -57.2611, -29.9707 ], [ -57.2636, -29.9708 ], [ -57.2653, -29.9693 ], [ -57.2691, -29.9681 ], [ -57.2709, -29.9672 ], [ -57.2739, -29.9617 ], [ -57.2743, -29.9598 ], [ -57.2792, -29.9541 ], [ -57.2805, -29.9531 ], [ -57.2827, -29.9532 ], [ -57.2851, -29.9526 ], [ -57.2875, -29.9507 ], [ -57.2883, -29.951 ], [ -57.2917, -29.9494 ], [ -57.2936, -29.9495 ], [ -57.2953, -29.951 ], [ -57.2992, -29.9502 ], [ -57.3005, -29.9514 ], [ -57.3029, -29.9528 ], [ -57.3064, -29.953 ], [ -57.3077, -29.9522 ], [ -57.3082, -29.9501 ], [ -57.3089, -29.9495 ], [ -57.3108, -29.9498 ], [ -57.3104, -29.9537 ], [ -57.3115, -29.9563 ], [ -57.3156, -29.959 ], [ -57.319, -29.9654 ], [ -57.3204, -29.9675 ], [ -57.3227, -29.9692 ], [ -57.3257, -29.9709 ], [ -57.3281, -29.9719 ], [ -57.3255, -29.9545 ], [ -57.324, -29.9398 ], [ -57.3241, -29.9217 ], [ -57.3286, -29.9025 ], [ -57.3297, -29.8876 ], [ -57.3246, -29.8728 ], [ -57.3145, -29.8599 ], [ -57.3047, -29.8448 ], [ -57.2978, -29.8347 ], [ -57.2872, -29.8232 ], [ -57.2822, -29.8173 ], [ -57.2678, -29.8095 ], [ -57.2485, -29.7928 ], [ -57.2354, -29.7808 ], [ -57.2211, -29.7763 ], [ -57.208, -29.7778 ], [ -57.2036908, -29.7785134 ] ] ] } },
{ "type": "Feature", "properties": { "wts_pk": 137984, "codigo_otto": "8252", "nivel_otto_declarado": 4, "area_m2_bho": 350.89149384325373, "nivel_otto": 4 }, "geometry": { "type": "Polygon", "coordinates": [ [ [ -56.9567144, -29.905315899999984 ], [ -56.9571377, -29.9063347 ], [ -56.9586117, -29.9071351 ], [ -56.958901, -29.9076882 ], [ -56.9590953, -29.9088975 ], [ -56.9601941, -29.9096674 ], [ -56.9611354, -29.9098943 ], [ -56.9616567, -29.910664 ], [ -56.9617171, -29.9124044 ], [ -56.9613221, -29.9130481 ], [ -56.9618377, -29.9141253 ], [ -56.962797, -29.9153164 ], [ -56.9628543, -29.9157528 ], [ -56.962795, -29.9158735 ], [ -56.9622947, -29.9158747 ], [ -56.9624383, -29.916335 ], [ -56.9618216, -29.9168714 ], [ -56.9615157, -29.9184524 ], [ -56.9621956, -29.9196789 ], [ -56.9632306, -29.9192459 ], [ -56.9635913, -29.9192857 ], [ -56.9641116, -29.9195871 ], [ -56.9638006, -29.9199128 ], [ -56.9634042, -29.920859 ], [ -56.9634257, -29.921945 ], [ -56.9660858, -29.922063 ], [ -56.9669501, -29.9225942 ], [ -56.9678665, -29.9238262 ], [ -56.9683223, -29.9241616 ], [ -56.9696511, -29.9242033 ], [ -56.9704921, -29.9239405 ], [ -56.9711892, -29.9239258 ], [ -56.9714242, -29.9239596 ], [ -56.9715422, -29.924199 ], [ -56.972017, -29.924208 ], [ -56.9721921, -29.924923099999983 ], [ -56.9717924, -29.9257477 ], [ -56.971768, -29.9264742 ], [ -56.9721083, -29.9271884 ], [ -56.9727901, -29.927965699999987 ], [ -56.9728476, -29.929226 ], [ -56.9733007, -29.9298454 ], [ -56.9735026, -29.9305205 ], [ -56.9744628, -29.931288 ], [ -56.9749418, -29.9318705 ], [ -56.9758042, -29.9320703 ], [ -56.9764132, -29.9324853 ], [ -56.9759157, -29.935742899999983 ], [ -56.9760486, -29.9360373 ], [ -56.9768868, -29.9364694 ], [ -56.9770014, -29.9368811 ], [ -56.9765115, -29.9377735 ], [ -56.976196, -29.939337899999988 ], [ -56.9761838, -29.940319099999989 ], [ -56.9777195, -29.9405907 ], [ -56.9785531, -29.9405758 ], [ -56.9788273, -29.9404816 ], [ -56.9793452, -29.939885 ], [ -56.9799098, -29.940504 ], [ -56.9807172, -29.9407826 ], [ -56.9810522, -29.9407504 ], [ -56.9815595, -29.9403643 ], [ -56.9827481, -29.940670299999987 ], [ -56.9836325, -29.941285 ], [ -56.9843761, -29.943340899999988 ], [ -56.9860218, -29.9443891 ], [ -56.9863588, -29.9441393 ], [ -56.9865978, -29.9434153 ], [ -56.9873334, -29.9426644 ], [ -56.9885121, -29.9420632 ], [ -56.9895188, -29.9417459 ], [ -56.9899683, -29.9417883 ], [ -56.9910269, -29.9424295 ], [ -56.9917453, -29.9423155 ], [ -56.9925728, -29.9425412 ], [ -56.9925728, -29.942819 ], [ -56.9929769, -29.9428785 ], [ -56.9938738, -29.9433458 ], [ -56.9949505, -29.9428632 ], [ -56.9956284, -29.942819 ], [ -56.9956396, -29.9430725 ], [ -56.9959049, -29.943144 ], [ -56.996307, -29.944667 ], [ -56.9974549, -29.945141599999985 ], [ -56.9979936, -29.9457377 ], [ -56.9984993, -29.9456381 ], [ -56.998877, -29.9457529 ], [ -56.9996132, -29.9476534 ], [ -57.0002914, -29.9479698 ], [ -57.0007276, -29.9485093 ], [ -57.0014222, -29.9481653 ], [ -57.0018488, -29.9483502 ], [ -57.0022951, -29.948930099999984 ], [ -57.0026603, -29.9498796 ], [ -57.0033593, -29.9501708 ], [ -57.0038662, -29.9506723 ], [ -57.0045173, -29.9522634 ], [ -57.0057321, -29.9522801 ], [ -57.0064393, -29.9525085 ], [ -57.0068468, -29.9524911 ], [ -57.0077506, -29.9520416 ], [ -57.0089618, -29.9517078 ], [ -57.0090709, -29.9511836 ], [ -57.0104045, -29.9511399 ], [ -57.011024, -29.9508743 ], [ -57.0115402, -29.9508961 ], [ -57.0130927, -29.9518296 ], [ -57.0133723, -29.9522174 ], [ -57.0136498, -29.9537184 ], [ -57.013079, -29.9546333 ], [ -57.0126664, -29.9547228 ], [ -57.0121895, -29.9546072 ], [ -57.0120327, -29.9547096 ], [ -57.0117339, -29.9555331 ], [ -57.0120174, -29.9564301 ], [ -57.0135278, -29.9561735 ], [ -57.0146144, -29.9563802 ], [ -57.0154703, -29.9562256 ], [ -57.0161935, -29.9566088 ], [ -57.0166204, -29.9574394 ], [ -57.0170118, -29.9575 ], [ -57.0172582, -29.95722760000001 ], [ -57.0172374, -29.9562048 ], [ -57.0190192, -29.9558015 ], [ -57.0199199, -29.9551204 ], [ -57.0209063, -29.9550411 ], [ -57.0216928, -29.9546294 ], [ -57.0222038, -29.9539804 ], [ -57.0226853, -29.9537606 ], [ -57.0232336, -29.953837199999985 ], [ -57.0238477, -29.9534812 ], [ -57.025064, -29.9537836 ], [ -57.0257185, -29.9544252 ], [ -57.0262459, -29.954677 ], [ -57.0267625, -29.954505 ], [ -57.0276259, -29.954507 ], [ -57.0281056, -29.9550464 ], [ -57.0289278, -29.9547603 ], [ -57.0296569, -29.9548674 ], [ -57.0301336, -29.955455 ], [ -57.0307951, -29.9556844 ], [ -57.0313305, -29.9561829 ], [ -57.0315322, -29.9571069 ], [ -57.0321485, -29.9580667 ], [ -57.0324139, -29.9582816 ], [ -57.0333032, -29.958460199999987 ], [ -57.0338366, -29.9587558 ], [ -57.0339324, -29.9591105 ], [ -57.0337925, -29.9598932 ], [ -57.0346081, -29.9602426 ], [ -57.0349837, -29.96015 ], [ -57.0351757, -29.9592881 ], [ -57.0357249, -29.9587432 ], [ -57.0360785, -29.9587408 ], [ -57.0370469, -29.9591806 ], [ -57.0378166, -29.9591708 ], [ -57.0380297, -29.9590366 ], [ -57.038351, -29.9581665 ], [ -57.0389872, -29.9581047 ], [ -57.0398183, -29.9583382 ], [ -57.0404325, -29.9583202 ], [ -57.0415661, -29.9570818 ], [ -57.04191, -29.9570867 ], [ -57.0424543, -29.9574133 ], [ -57.043165, -29.957057499999987 ], [ -57.044356, -29.9574202 ], [ -57.0451416, -29.9573412 ], [ -57.0463502, -29.9583303 ], [ -57.0469419, -29.9585921 ], [ -57.0480212, -29.9587371 ], [ -57.0483891, -29.9591421 ], [ -57.0484065, -29.9603188 ], [ -57.048909, -29.9603134 ], [ -57.0489985, -29.9600515 ], [ -57.0494938, -29.9600222 ], [ -57.0495545, -29.9597741 ], [ -57.0500732, -29.9597633 ], [ -57.0500823, -29.9592561 ], [ -57.0503335, -29.959174 ], [ -57.050351, -29.9589299 ], [ -57.0506389, -29.9588633 ], [ -57.0511091, -29.9584404 ], [ -57.0524611, -29.958008 ], [ -57.0534582, -29.9568411 ], [ -57.0544385, -29.9565525 ], [ -57.0547529, -29.9559672 ], [ -57.0547954, -29.9553188 ], [ -57.0540362, -29.9543977 ], [ -57.0539635, -29.954098 ], [ -57.0540443, -29.9537245 ], [ -57.0543434, -29.9534574 ], [ -57.0554609, -29.953208 ], [ -57.0560284, -29.953348 ], [ -57.0566301, -29.9532939 ], [ -57.0571939, -29.95302 ], [ -57.0580208, -29.9523019 ], [ -57.0586443, -29.9520456 ], [ -57.0593609, -29.9521712 ], [ -57.0597954, -29.9517077 ], [ -57.0618994, -29.9518758 ], [ -57.0623973, -29.9509582 ], [ -57.0633014, -29.9502358 ], [ -57.0635139, -29.9495703 ], [ -57.0647954, -29.9478187 ], [ -57.0665231, -29.948535499999988 ], [ -57.0674893, -29.9483927 ], [ -57.0689545, -29.9486231 ], [ -57.0694143, -29.948299 ], [ -57.0697309, -29.9473348 ], [ -57.0725733, -29.9467076 ], [ -57.0725657, -29.9459219 ], [ -57.0722955, -29.945874300000014 ], [ -57.0723082, -29.9454466 ], [ -57.0724273, -29.945084 ], [ -57.0733634, -29.9439889 ], [ -57.0732463, -29.9417543 ], [ -57.0734883, -29.9412223 ], [ -57.074003, -29.940719200000011 ], [ -57.0750913, -29.9403431 ], [ -57.0758574, -29.9404385 ], [ -57.077046, -29.9416703 ], [ -57.0798626, -29.9417146 ], [ -57.080422, -29.9418027 ], [ -57.0806288, -29.9419853 ], [ -57.0815441, -29.942005899999984 ], [ -57.0819363, -29.9423319 ], [ -57.0821199, -29.9427496 ], [ -57.0823584, -29.942818900000013 ], [ -57.0827592, -29.9427684 ], [ -57.0834536, -29.9422646 ], [ -57.0839515, -29.9431975 ], [ -57.0849591, -29.9434645 ], [ -57.0855423, -29.9439982 ], [ -57.0861282, -29.9455145 ], [ -57.0862061, -29.946154300000011 ], [ -57.0871759, -29.9457797 ], [ -57.0873762, -29.9446483 ], [ -57.0889622, -29.9433742 ], [ -57.0889622, -29.9430964 ], [ -57.0902216, -29.9430587 ], [ -57.0910932, -29.9424688 ], [ -57.091328, -29.9420491 ], [ -57.0919404, -29.9419691 ], [ -57.0920981, -29.941716099999983 ], [ -57.0931289, -29.94170750000001 ], [ -57.0942868, -29.9430184 ], [ -57.0947956, -29.9430964 ], [ -57.0948506, -29.9440668 ], [ -57.0951335, -29.9449178 ], [ -57.0953901, -29.9451986 ], [ -57.0957914, -29.9452298 ], [ -57.096945, -29.9445305 ], [ -57.0980248, -29.9445648 ], [ -57.0983825, -29.9450507 ], [ -57.0983179, -29.9454265 ], [ -57.0979871, -29.9457272 ], [ -57.0981887, -29.9460951 ], [ -57.0994745, -29.9468328 ], [ -57.1000734, -29.9475408 ], [ -57.1007378, -29.9475625 ], [ -57.1013894, -29.9478762 ], [ -57.1016974, -29.9481857 ], [ -57.1020339, -29.9489326 ], [ -57.1033194, -29.9481418 ], [ -57.1040858, -29.9479358 ], [ -57.1045349, -29.9480548 ], [ -57.1049282, -29.9479891 ], [ -57.1048763, -29.9471268 ], [ -57.1054861, -29.9456884 ], [ -57.106254, -29.945632 ], [ -57.1072687, -29.9463739 ], [ -57.1078849, -29.9463816 ], [ -57.1083545, -29.9460179 ], [ -57.1087451, -29.944630499999985 ], [ -57.1090276, -29.9442512 ], [ -57.1095092, -29.943964299999983 ], [ -57.1103027, -29.9440541 ], [ -57.110629, -29.9436519 ], [ -57.1113568, -29.943772899999985 ], [ -57.1121148, -29.9444125 ], [ -57.1127706, -29.9447156 ], [ -57.1135525, -29.9447431 ], [ -57.1144294, -29.9445727 ], [ -57.1151797, -29.9448843 ], [ -57.1153513, -29.9453186 ], [ -57.1160975, -29.9454364 ], [ -57.1171261, -29.9460399 ], [ -57.1181979, -29.9448895 ], [ -57.1190041, -29.9450101 ], [ -57.1199248, -29.9447884 ], [ -57.1222756, -29.9447289 ], [ -57.1231291, -29.9442074 ], [ -57.1231847, -29.9439452 ], [ -57.1241846, -29.943914 ], [ -57.1242402, -29.9436518 ], [ -57.123707, -29.9424946 ], [ -57.1238339, -29.9412747 ], [ -57.1229029, -29.9407452 ], [ -57.122223, -29.9398208 ], [ -57.1214711, -29.9392611 ], [ -57.1217297, -29.9382266 ], [ -57.1212549, -29.9373965 ], [ -57.1212711, -29.9370511 ], [ -57.1215434, -29.9364957 ], [ -57.1221108, -29.9359703 ], [ -57.1233521, -29.936155 ], [ -57.124165, -29.936004 ], [ -57.1245027, -29.9352804 ], [ -57.1244126, -29.934005700000011 ], [ -57.1251339, -29.9339851 ], [ -57.1259484, -29.9344218 ], [ -57.1271128, -29.9338775 ], [ -57.1273699, -29.9326981 ], [ -57.1277725, -29.9320956 ], [ -57.1279453, -29.9313234 ], [ -57.1282239, -29.9311956 ], [ -57.1289389, -29.9312725 ], [ -57.1298952, -29.9301421 ], [ -57.1308515, -29.9302947 ], [ -57.131342, -29.9302303 ], [ -57.1327505, -29.9294061 ], [ -57.1330604, -29.9290351 ], [ -57.1331291, -29.9286518 ], [ -57.1334069, -29.9286518 ], [ -57.1336289, -29.9291051 ], [ -57.13379, -29.9302352 ], [ -57.1344052, -29.9305503 ], [ -57.1354474, -29.9306568 ], [ -57.1358863, -29.9311566 ], [ -57.13738, -29.9310953 ], [ -57.1379967, -29.9304163 ], [ -57.1383511, -29.9303297 ], [ -57.1388105, -29.9304167 ], [ -57.1393582, -29.9308448 ], [ -57.1411847, -29.930874 ], [ -57.1412447, -29.9293528 ], [ -57.1418037, -29.9276834 ], [ -57.1423774, -29.9268644 ], [ -57.1435713, -29.9266177 ], [ -57.1447588, -29.926029899999985 ], [ -57.1450105, -29.9257231 ], [ -57.1451402, -29.9249165 ], [ -57.1457052, -29.923804399999984 ], [ -57.1468539, -29.9232776 ], [ -57.1485809, -29.9221806 ], [ -57.1501747, -29.920450399999986 ], [ -57.1507684, -29.9208928 ], [ -57.1513912, -29.9219195 ], [ -57.1533908, -29.9220198 ], [ -57.1545181, -29.9222628 ], [ -57.1552305, -29.9218875 ], [ -57.1553519, -29.921575 ], [ -57.1553165, -29.9208271 ], [ -57.154857, -29.9198897 ], [ -57.1549235, -29.9195023 ], [ -57.155251, -29.9192586 ], [ -57.1557065, -29.919256 ], [ -57.1568615, -29.9199571 ], [ -57.1574635, -29.9199675 ], [ -57.1580793, -29.9193522 ], [ -57.1582319, -29.9182527 ], [ -57.1588015, -29.9185818 ], [ -57.1592442, -29.9186166 ], [ -57.1596597, -29.9183398 ], [ -57.1599233, -29.9179315 ], [ -57.1601847, -29.9178812 ], [ -57.1614601, -29.9183644 ], [ -57.1625786, -29.9183486 ], [ -57.1630269, -29.9181653 ], [ -57.1638738, -29.9184395 ], [ -57.1645181, -29.9192072 ], [ -57.1655452, -29.9194362 ], [ -57.1659789, -29.9194016 ], [ -57.1665049, -29.9190001 ], [ -57.1679835, -29.9194631 ], [ -57.1708825, -29.9195215 ], [ -57.1718686, -29.9200254 ], [ -57.1725592, -29.9200198 ], [ -57.173407, -29.9197628 ], [ -57.1732999, -29.9193107 ], [ -57.1727151, -29.9184787 ], [ -57.1717441, -29.9185076 ], [ -57.171211, -29.9182537 ], [ -57.1707421, -29.917721900000011 ], [ -57.1722751, -29.9163209 ], [ -57.1727953, -29.9154488 ], [ -57.1728906, -29.9131484 ], [ -57.1733442, -29.9124619 ], [ -57.1720745, -29.9107989 ], [ -57.1726676, -29.909562 ], [ -57.1736212, -29.9084991 ], [ -57.173783, -29.9067848 ], [ -57.1740717, -29.9065157 ], [ -57.1746487, -29.9063131 ], [ -57.1749463, -29.9056484 ], [ -57.1753065, -29.9053214 ], [ -57.1765459, -29.90526 ], [ -57.177573, -29.9048089 ], [ -57.1785962, -29.9050014 ], [ -57.1796918, -29.9046795 ], [ -57.1802253, -29.9041558 ], [ -57.1801969, -29.9037694 ], [ -57.1805517, -29.903219399999987 ], [ -57.1807716, -29.9020976 ], [ -57.1813354, -29.901882 ], [ -57.1821371, -29.9012463 ], [ -57.1831105, -29.9012777 ], [ -57.1838638, -29.9005231 ], [ -57.1841079, -29.8999161 ], [ -57.1847959, -29.8997627 ], [ -57.1846991, -29.8974296 ], [ -57.183836, -29.8971231 ], [ -57.1841233, -29.8965955 ], [ -57.1838706, -29.8962325 ], [ -57.1826776, -29.8957931 ], [ -57.181905, -29.8953308 ], [ -57.1817249, -29.8943421 ], [ -57.1818004, -29.8938047 ], [ -57.18223, -29.8932304 ], [ -57.1827078, -29.8920178 ], [ -57.1830154, -29.8917489 ], [ -57.1843081, -29.8913593 ], [ -57.184472, -29.8911853 ], [ -57.1845155, -29.8900057 ], [ -57.1843076, -29.8890604 ], [ -57.1846132, -29.8882328 ], [ -57.1850788, -29.8878378 ], [ -57.1843874, -29.8865325 ], [ -57.1824769, -29.8848999 ], [ -57.1817964, -29.8855281 ], [ -57.1811206, -29.8856106 ], [ -57.1804856, -29.885503 ], [ -57.1801221, -29.8849039 ], [ -57.1800405, -29.880821499999989 ], [ -57.1797809, -29.8798445 ], [ -57.179533, -29.8796923 ], [ -57.1794965, -29.8792534 ], [ -57.1789624, -29.8792071 ], [ -57.1789426, -29.8776776 ], [ -57.1787038, -29.8768799 ], [ -57.1787794, -29.8765082 ], [ -57.1799675, -29.8749287 ], [ -57.1790547, -29.8735806 ], [ -57.1786815, -29.872003300000014 ], [ -57.179107, -29.8718735 ], [ -57.1797392, -29.8710275 ], [ -57.1800631, -29.8697132 ], [ -57.1799909, -29.8684841 ], [ -57.1796658, -29.8676476 ], [ -57.1777697, -29.867481 ], [ -57.1766177, -29.8666267 ], [ -57.1768961, -29.86593 ], [ -57.1766172, -29.865364 ], [ -57.1761796, -29.8650207 ], [ -57.1782805, -29.8633456 ], [ -57.1786212, -29.8626599 ], [ -57.1787801, -29.8618445 ], [ -57.1803513, -29.8617071 ], [ -57.1803625, -29.8614537 ], [ -57.1806178, -29.861405 ], [ -57.1808994, -29.860648399999985 ], [ -57.1808822, -29.8599249 ], [ -57.1797957, -29.8586516 ], [ -57.1806694, -29.8586075 ], [ -57.1817019, -29.8582508 ], [ -57.181957, -29.8579462 ], [ -57.1823467, -29.8565546 ], [ -57.1826703, -29.8562495 ], [ -57.183935, -29.8563838 ], [ -57.184987, -29.8557045 ], [ -57.1851175, -29.8541658 ], [ -57.1855623, -29.8531639 ], [ -57.1854386, -29.8524816 ], [ -57.1858388, -29.8519806 ], [ -57.1856407, -29.851111 ], [ -57.1859068, -29.8503182 ], [ -57.1869897, -29.8503461 ], [ -57.1879458, -29.850650399999985 ], [ -57.1891767, -29.851595 ], [ -57.1896656, -29.8511093 ], [ -57.1895652, -29.8502629 ], [ -57.190314, -29.8489802 ], [ -57.1903929, -29.8477184 ], [ -57.1910995, -29.847554299999985 ], [ -57.1919831, -29.8477465 ], [ -57.1924618, -29.847655 ], [ -57.1938771, -29.8480141 ], [ -57.194436, -29.847664 ], [ -57.1945782, -29.8462969 ], [ -57.1951078, -29.845710900000014 ], [ -57.1959396, -29.845591899999985 ], [ -57.1967402, -29.845873699999984 ], [ -57.1974789, -29.844375699999983 ], [ -57.19656, -29.8435716 ], [ -57.1964644, -29.8426757 ], [ -57.1972328, -29.8410009 ], [ -57.1975976, -29.8387902 ], [ -57.1979248, -29.838431899999986 ], [ -57.1983291, -29.8383123 ], [ -57.1985137, -29.837851 ], [ -57.1995179, -29.837818099999989 ], [ -57.1998968, -29.8367869 ], [ -57.2005565, -29.8359931 ], [ -57.200732, -29.8351212 ], [ -57.2010224, -29.8348523 ], [ -57.2016959, -29.8346284 ], [ -57.2022269, -29.8340712 ], [ -57.2022214, -29.8337963 ], [ -57.2017995, -29.8330961 ], [ -57.2022252, -29.8321258 ], [ -57.2022075, -29.8317803 ], [ -57.2004659, -29.8299362 ], [ -57.2003691, -29.829583 ], [ -57.2011223, -29.8282236 ], [ -57.2012788, -29.8265038 ], [ -57.2016634, -29.8262106 ], [ -57.2027065, -29.8260368 ], [ -57.2030781, -29.825173 ], [ -57.2031218, -29.8238915 ], [ -57.2029654, -29.82320480000001 ], [ -57.2031287, -29.8212783 ], [ -57.2029626, -29.8209814 ], [ -57.2018346, -29.8213687 ], [ -57.2012958, -29.8213537 ], [ -57.2009731, -29.8209917 ], [ -57.200908, -29.8204844 ], [ -57.2011777, -29.8202175 ], [ -57.2012121, -29.8190357 ], [ -57.2017302, -29.8185202 ], [ -57.20174, -29.8175403 ], [ -57.2027389, -29.8170611 ], [ -57.203505, -29.8172304 ], [ -57.2039174, -29.817139 ], [ -57.20582, -29.8149653 ], [ -57.2060684, -29.8144381 ], [ -57.205841, -29.8126895 ], [ -57.2055715, -29.8123949 ], [ -57.2048727, -29.8120412 ], [ -57.2052295, -29.8106511 ], [ -57.2043941, -29.809644899999988 ], [ -57.2044669, -29.8094893 ], [ -57.2050046, -29.8094617 ], [ -57.2051429, -29.8092291 ], [ -57.2058092, -29.809195799999983 ], [ -57.2059058, -29.8090778 ], [ -57.2058706, -29.8072179 ], [ -57.2051335, -29.806002 ], [ -57.2048995, -29.8046493 ], [ -57.2050733, -29.8033736 ], [ -57.2063193, -29.8023692 ], [ -57.207742, -29.8021762 ], [ -57.2087994, -29.8015201 ], [ -57.2098858, -29.8011251 ], [ -57.2110958, -29.7996924 ], [ -57.211733, -29.7985587 ], [ -57.21174, -29.7983736 ], [ -57.2108594, -29.79833480000001 ], [ -57.2104458, -29.7980209 ], [ -57.2100143, -29.796568 ], [ -57.2092761, -29.7956407 ], [ -57.2092545, -29.7948956 ], [ -57.2094551, -29.7941345 ], [ -57.2089037, -29.7929593 ], [ -57.2085033, -29.7925833 ], [ -57.2072955, -29.7925403 ], [ -57.2070369, -29.792164 ], [ -57.206996, -29.7915297 ], [ -57.2067634, -29.7913313 ], [ -57.2065168, -29.7903508 ], [ -57.2065863, -29.7901358 ], [ -57.2073917, -29.7895626 ], [ -57.2080469, -29.7892646 ], [ -57.2088492, -29.7891177 ], [ -57.209376, -29.7886144 ], [ -57.2095163, -29.7882243 ], [ -57.2095515, -29.7863816 ], [ -57.2102922, -29.7851663 ], [ -57.2102624, -29.7845658 ], [ -57.2077318, -29.7820058 ], [ -57.2049347, -29.7797761 ], [ -57.2042242, -29.779482399999988 ], [ -57.2023189, -29.7812626 ], [ -57.2016435, -29.7824641 ], [ -57.199371, -29.784793 ], [ -57.1986843, -29.7858737 ], [ -57.1980425, -29.7856228 ], [ -57.1970271, -29.7855873 ], [ -57.1962023, -29.785631 ], [ -57.1942382, -29.7861016 ], [ -57.1928684, -29.7859114 ], [ -57.1915408, -29.7866501 ], [ -57.1903814, -29.7867479 ], [ -57.1877806, -29.787329 ], [ -57.1875988, -29.787577 ], [ -57.1872126, -29.7901571 ], [ -57.1862971, -29.7907951 ], [ -57.1855198, -29.7906814 ], [ -57.1840564, -29.7911151 ], [ -57.1831934, -29.7906663 ], [ -57.1818418, -29.7905075 ], [ -57.1815642, -29.7902174 ], [ -57.1820214, -29.789251 ], [ -57.1819758, -29.7886078 ], [ -57.1817464, -29.7884215 ], [ -57.1806664, -29.7886273 ], [ -57.1796809, -29.7884935 ], [ -57.1790566, -29.7886089 ], [ -57.1765377, -29.7881026 ], [ -57.1761101, -29.7881572 ], [ -57.175519, -29.7885505 ], [ -57.1752345, -29.7885812 ], [ -57.1743583, -29.7882879 ], [ -57.1735623, -29.7876236 ], [ -57.1727789, -29.7875272 ], [ -57.1722076, -29.787584899999988 ], [ -57.1718565, -29.7878642 ], [ -57.1722315, -29.7887962 ], [ -57.1722552, -29.7892697 ], [ -57.171454, -29.7901678 ], [ -57.1708737, -29.7898099 ], [ -57.1700053, -29.7898146 ], [ -57.1691165, -29.7904968 ], [ -57.168182, -29.7907306 ], [ -57.167176, -29.7916127 ], [ -57.1663083, -29.7918053 ], [ -57.1652404, -29.7924533 ], [ -57.1640736, -29.7926303 ], [ -57.1625706, -29.7933361 ], [ -57.1621335, -29.7932852 ], [ -57.1614057, -29.7926646 ], [ -57.1609979, -29.7925692 ], [ -57.160686, -29.7926646 ], [ -57.1602265, -29.7932699 ], [ -57.1596043, -29.7936002 ], [ -57.1571466, -29.793804900000016 ], [ -57.1566878, -29.7932372 ], [ -57.155933, -29.7927058 ], [ -57.1552779, -29.791764699999987 ], [ -57.1543621, -29.791331 ], [ -57.1535643, -29.7906775 ], [ -57.1525035, -29.7906454 ], [ -57.1518916, -29.7910479 ], [ -57.1512807, -29.7912278 ], [ -57.1508056, -29.7914842 ], [ -57.1506513, -29.7917464 ], [ -57.1507682, -29.793244300000012 ], [ -57.1501375, -29.7935112 ], [ -57.1491379, -29.7944039 ], [ -57.1481285, -29.795040499999985 ], [ -57.1481147, -29.7955404 ], [ -57.1482505, -29.7963329 ], [ -57.1488242, -29.7968742 ], [ -57.1493796, -29.7970939 ], [ -57.1497144, -29.7976044 ], [ -57.1500083, -29.7982464 ], [ -57.1502022, -29.7993828 ], [ -57.1514619, -29.7997627 ], [ -57.1510978, -29.800713 ], [ -57.1504511, -29.801231 ], [ -57.1499353, -29.802227300000013 ], [ -57.1490721, -29.8029097 ], [ -57.1488176, -29.8038207 ], [ -57.1483249, -29.8038753 ], [ -57.147187, -29.8034488 ], [ -57.1465526, -29.8041408 ], [ -57.1450526, -29.8049534 ], [ -57.1447961, -29.8054673 ], [ -57.1446987, -29.807742 ], [ -57.1441082, -29.8086209 ], [ -57.1429539, -29.8098443 ], [ -57.1427464, -29.8107914 ], [ -57.1411251, -29.812912 ], [ -57.1406915, -29.8129384 ], [ -57.1402085, -29.8131962 ], [ -57.1396657, -29.814455399999989 ], [ -57.1391825, -29.8149041 ], [ -57.138454, -29.8152827 ], [ -57.1383986, -29.8159164 ], [ -57.1386653, -29.8168304 ], [ -57.1386779, -29.81815180000001 ], [ -57.1377844, -29.8184434 ], [ -57.1374323, -29.8188183 ], [ -57.136282, -29.8192857 ], [ -57.1356403, -29.8198705 ], [ -57.1353825, -29.8203353 ], [ -57.1355246, -29.8213554 ], [ -57.1349325, -29.8221491 ], [ -57.1343547, -29.822353 ], [ -57.1340664, -29.822623 ], [ -57.1339264, -29.8237031 ], [ -57.1336982, -29.8240335 ], [ -57.1333892, -29.8241776 ], [ -57.1322214, -29.8242721 ], [ -57.1311199, -29.8246418 ], [ -57.1301983, -29.8245165 ], [ -57.1294893, -29.8247197 ], [ -57.1280498, -29.8248176 ], [ -57.1263405, -29.8255702 ], [ -57.1253844, -29.825394 ], [ -57.1248285, -29.8255179 ], [ -57.124353, -29.8254262 ], [ -57.1234498, -29.8261482 ], [ -57.1230077, -29.8260597 ], [ -57.1221104, -29.8252449 ], [ -57.1212736, -29.823576 ], [ -57.1213107, -29.8219984 ], [ -57.1200203, -29.8207309 ], [ -57.1192378, -29.8204125 ], [ -57.1186074, -29.8195457 ], [ -57.1176462, -29.8188716 ], [ -57.1168666, -29.818068900000011 ], [ -57.1165019, -29.8173129 ], [ -57.1163427, -29.8159682 ], [ -57.1153507, -29.8153184 ], [ -57.1149252, -29.8154617 ], [ -57.1143138, -29.8151043 ], [ -57.1130696, -29.8149623 ], [ -57.1124971, -29.8143306 ], [ -57.110867, -29.8147022 ], [ -57.1095173, -29.8142073 ], [ -57.1094668, -29.8148533 ], [ -57.1092209, -29.8152215 ], [ -57.1087913, -29.815573799999985 ], [ -57.1081002, -29.8158134 ], [ -57.107225, -29.8145422 ], [ -57.1063478, -29.8140187 ], [ -57.1055, -29.8138059 ], [ -57.105246, -29.8131733 ], [ -57.1049105, -29.8129196 ], [ -57.1035501, -29.8132053 ], [ -57.1028377, -29.8141611 ], [ -57.1024131, -29.814120299999988 ], [ -57.1015337, -29.813492 ], [ -57.100769, -29.8146522 ], [ -57.0994446, -29.8148303 ], [ -57.0986204, -29.815199 ], [ -57.0957819, -29.8148854 ], [ -57.0953049, -29.8149758 ], [ -57.0948624, -29.8147168 ], [ -57.0943022, -29.8140673 ], [ -57.093861, -29.812057 ], [ -57.0934429, -29.8117532 ], [ -57.0930462, -29.811705 ], [ -57.0920011, -29.8119505 ], [ -57.0900117, -29.8120578 ], [ -57.0896329, -29.8126904 ], [ -57.0887992, -29.8129098 ], [ -57.0885069, -29.8131761 ], [ -57.0883425, -29.8143374 ], [ -57.0880218, -29.8146837 ], [ -57.0870208, -29.8149989 ], [ -57.0862162, -29.8148497 ], [ -57.0854411, -29.8150029 ], [ -57.0851282, -29.814802 ], [ -57.0849309, -29.8139718 ], [ -57.0840205, -29.812951799999986 ], [ -57.0839616, -29.8114297 ], [ -57.0834639, -29.8113839 ], [ -57.0828868, -29.8108026 ], [ -57.0827749, -29.8103777 ], [ -57.0825558, -29.8103152 ], [ -57.0818263, -29.8108231 ], [ -57.0793497, -29.8109614 ], [ -57.0784916, -29.8119358 ], [ -57.0761048, -29.8120567 ], [ -57.0757642, -29.8122974 ], [ -57.0752317, -29.8130757 ], [ -57.0743964, -29.813498700000011 ], [ -57.0741444, -29.81404160000001 ], [ -57.0739333, -29.814164 ], [ -57.0718504, -29.8143723 ], [ -57.0713292, -29.813782 ], [ -57.0707037, -29.813802 ], [ -57.0700726, -29.8130964 ], [ -57.0696647, -29.8131166 ], [ -57.0693584, -29.8132415 ], [ -57.0688887, -29.813872199999985 ], [ -57.067695, -29.814859899999984 ], [ -57.0670633, -29.8155926 ], [ -57.0652438, -29.8159251 ], [ -57.0643417, -29.8162329 ], [ -57.0636702, -29.8166817 ], [ -57.0622648, -29.8167011 ], [ -57.0609986, -29.816516 ], [ -57.0606957, -29.8168455 ], [ -57.0605267, -29.8174574 ], [ -57.0600354, -29.8179739 ], [ -57.0584961, -29.8185435 ], [ -57.0583124, -29.819967 ], [ -57.0580355, -29.8205231 ], [ -57.0573516, -29.8212895 ], [ -57.057017, -29.8222631 ], [ -57.0556026, -29.822272199999986 ], [ -57.0547608, -29.8224995 ], [ -57.0534415, -29.8225842 ], [ -57.052935, -29.8230347 ], [ -57.0518276, -29.8235967 ], [ -57.0513778, -29.8235859 ], [ -57.0505241, -29.8231249 ], [ -57.0501801, -29.8231748 ], [ -57.0498917, -29.8234393 ], [ -57.0495122, -29.8254813 ], [ -57.0497686, -29.8277721 ], [ -57.049654, -29.8279802 ], [ -57.0490804, -29.8281888 ], [ -57.0487472, -29.8285264 ], [ -57.0486405, -29.8300819 ], [ -57.0481849, -29.8313594 ], [ -57.0488933, -29.8332349 ], [ -57.0481936, -29.8340778 ], [ -57.0481281, -29.8350409 ], [ -57.0470598, -29.8351644 ], [ -57.0463696, -29.8363633 ], [ -57.0458735, -29.8368623 ], [ -57.045602, -29.8369363 ], [ -57.0449091, -29.836743 ], [ -57.0436676, -29.836708399999985 ], [ -57.0421613, -29.8370319 ], [ -57.0412361, -29.8373741 ], [ -57.0411837, -29.8380965 ], [ -57.0401584, -29.8381225 ], [ -57.0397387, -29.8386078 ], [ -57.0392392, -29.8386521 ], [ -57.0386409, -29.8393666 ], [ -57.0377794, -29.8399157 ], [ -57.0367637, -29.8398089 ], [ -57.0359736, -29.8402618 ], [ -57.0354287, -29.8403133 ], [ -57.0349993, -29.8402583 ], [ -57.0343005, -29.8398781 ], [ -57.0324343, -29.8408671 ], [ -57.0322947, -29.8408743 ], [ -57.0316473, -29.8401137 ], [ -57.0310129, -29.8399563 ], [ -57.030801, -29.8395683 ], [ -57.0298319, -29.8392089 ], [ -57.0287609, -29.8402752 ], [ -57.0281563, -29.840272799999983 ], [ -57.0276977, -29.8398699 ], [ -57.0272943, -29.8398118 ], [ -57.0270671, -29.8399806 ], [ -57.0268458, -29.8406967 ], [ -57.0270057, -29.8412918 ], [ -57.0269478, -29.8418213 ], [ -57.0256146, -29.8425416 ], [ -57.0238561, -29.84194 ], [ -57.0234912, -29.8416322 ], [ -57.0234224, -29.8406429 ], [ -57.0239008, -29.8398809 ], [ -57.0239511, -29.8392522 ], [ -57.0237986, -29.8389229 ], [ -57.0232189, -29.8384862 ], [ -57.0229266, -29.837841899999987 ], [ -57.0212911, -29.837733799999988 ], [ -57.0194638, -29.8362857 ], [ -57.0188012, -29.8360549 ], [ -57.0179584, -29.835384 ], [ -57.0176763, -29.8353948 ], [ -57.0170168, -29.8358744 ], [ -57.0168336, -29.83631 ], [ -57.0168811, -29.8368467 ], [ -57.0162881, -29.8371628 ], [ -57.0161265, -29.8381383 ], [ -57.0158836, -29.8383348 ], [ -57.0149125, -29.8382247 ], [ -57.0142422, -29.8383279 ], [ -57.0132147, -29.8378756 ], [ -57.0126634, -29.8378148 ], [ -57.0109057, -29.8378188 ], [ -57.0107062, -29.8379964 ], [ -57.0095946, -29.8383288 ], [ -57.0090077, -29.8383815 ], [ -57.0080492, -29.8383201 ], [ -57.0071252, -29.8379019 ], [ -57.0063364, -29.8380727 ], [ -57.0057666, -29.8379934 ], [ -57.0051271, -29.8371288 ], [ -57.0046887, -29.8359582 ], [ -57.0040678, -29.8352345 ], [ -57.0038661, -29.834103 ], [ -57.0032784, -29.8338057 ], [ -57.0027395, -29.833205500000012 ], [ -57.0021302, -29.8332609 ], [ -57.0018706, -29.8330639 ], [ -57.0016651, -29.8318636 ], [ -57.0009839, -29.8310154 ], [ -57.0010039, -29.8307578 ], [ -57.0014262, -29.830272 ], [ -57.0014281, -29.8294431 ], [ -57.0009746, -29.8284979 ], [ -57.0008344, -29.827698599999984 ], [ -57.0004184, -29.8271101 ], [ -57.0002753, -29.8261712 ], [ -57.00009, -29.8259354 ], [ -56.9997945, -29.8258744 ], [ -56.999519, -29.825063 ], [ -56.9995402, -29.8243534 ], [ -57.0000274, -29.8238095 ], [ -57.0000726, -29.8233349 ], [ -56.9995308, -29.8229493 ], [ -56.9991095, -29.8223656 ], [ -56.9984857, -29.8221206 ], [ -56.9979039, -29.8212816 ], [ -56.99785, -29.8205967 ], [ -56.9971847, -29.8205736 ], [ -56.9968513, -29.8203398 ], [ -56.9955112, -29.8203012 ], [ -56.9950722, -29.8200411 ], [ -56.9952631, -29.8207831 ], [ -56.994971, -29.8210533 ], [ -56.9935579, -29.8206178 ], [ -56.9905858, -29.8206019 ], [ -56.9899317, -29.8209812 ], [ -56.9894014, -29.8216193 ], [ -56.9883611, -29.8214998 ], [ -56.987959, -29.821719 ], [ -56.9877004, -29.8220338 ], [ -56.9877304, -29.8224933 ], [ -56.9873586, -29.823309 ], [ -56.9862908, -29.823373 ], [ -56.9852376, -29.8231764 ], [ -56.9843915, -29.823835 ], [ -56.9836207, -29.8240225 ], [ -56.983223, -29.8243702 ], [ -56.9829525, -29.8241387 ], [ -56.9827489, -29.8234628 ], [ -56.9822283, -29.822872399999987 ], [ -56.9818187, -29.8226003 ], [ -56.980958, -29.8224071 ], [ -56.9797479, -29.821431899999986 ], [ -56.9794182, -29.8221856 ], [ -56.9788136, -29.8226444 ], [ -56.9783206, -29.823494299999989 ], [ -56.9773504, -29.82435509999998 ], [ -56.9773774, -29.8248742 ], [ -56.9777701, -29.8251999 ], [ -56.9780669, -29.8257366 ], [ -56.9780017, -29.8261206 ], [ -56.9768189, -29.8269258 ], [ -56.9750107, -29.8270601 ], [ -56.9746937, -29.8279231 ], [ -56.9745049, -29.8280635 ], [ -56.9738519, -29.8282646 ], [ -56.973282, -29.8281225 ], [ -56.972713, -29.8282037 ], [ -56.971808, -29.8291443 ], [ -56.9722588, -29.8305426 ], [ -56.9721184, -29.8310938 ], [ -56.9712967, -29.831518 ], [ -56.9705104, -29.832175 ], [ -56.9694002, -29.8327092 ], [ -56.9666991, -29.8322026 ], [ -56.9661832, -29.8319857 ], [ -56.9648811, -29.8337292 ], [ -56.9645662, -29.8344149 ], [ -56.9648925, -29.8352416 ], [ -56.9655083, -29.8357764 ], [ -56.965122, -29.8366441 ], [ -56.9652185, -29.8374267 ], [ -56.9650721, -29.837819 ], [ -56.9647943, -29.837819 ], [ -56.9641215, -29.8370717 ], [ -56.9635739, -29.8367852 ], [ -56.962969, -29.8367344 ], [ -56.9624166, -29.836862 ], [ -56.9616239, -29.8364567 ], [ -56.959715, -29.8367807 ], [ -56.9590229, -29.8371488 ], [ -56.9587187, -29.8367869 ], [ -56.9583205, -29.8351754 ], [ -56.9578656, -29.834761 ], [ -56.9572665, -29.8352853 ], [ -56.9557729, -29.835475899999985 ], [ -56.9552307, -29.83542 ], [ -56.9552738, -29.8360185 ], [ -56.9549099, -29.836592099999983 ], [ -56.9526812, -29.836346499999987 ], [ -56.950514, -29.8354089 ], [ -56.9496241, -29.835234 ], [ -56.948243, -29.8343043 ], [ -56.9478498, -29.834208 ], [ -56.9472353, -29.831824 ], [ -56.9467935, -29.8315578 ], [ -56.9467147, -29.8311972 ], [ -56.9464728, -29.8310909 ], [ -56.9463747, -29.8293775 ], [ -56.9454914, -29.8288914 ], [ -56.9452431, -29.8281811 ], [ -56.9439839, -29.8271527 ], [ -56.9426321, -29.825168599999987 ], [ -56.9425748, -29.8239736 ], [ -56.94285, -29.8233138 ], [ -56.9425902, -29.8230031 ], [ -56.9424627, -29.8222723 ], [ -56.9414448, -29.8223259 ], [ -56.9404877, -29.823544800000011 ], [ -56.9399395, -29.8237765 ], [ -56.9395195, -29.824314599999987 ], [ -56.9392028, -29.824428599999987 ], [ -56.9379794, -29.8235406 ], [ -56.9374563, -29.8229256 ], [ -56.9366402, -29.8235713 ], [ -56.9357899, -29.8239137 ], [ -56.9352725, -29.823882 ], [ -56.9343974, -29.8234727 ], [ -56.9336153, -29.823307 ], [ -56.9329377, -29.8224411 ], [ -56.9328496, -29.821708 ], [ -56.9323459, -29.8220883 ], [ -56.9318893, -29.82274 ], [ -56.9313526, -29.822999199999987 ], [ -56.9305256, -29.8223417 ], [ -56.9298643, -29.8220962 ], [ -56.9287569, -29.822473 ], [ -56.9276843, -29.8226293 ], [ -56.9273585, -29.8229709 ], [ -56.9271597, -29.823824 ], [ -56.9259597, -29.8243437 ], [ -56.9252419, -29.825234 ], [ -56.9242514, -29.8255971 ], [ -56.9240595, -29.8253916 ], [ -56.9221073, -29.8246916 ], [ -56.9220162, -29.8236525 ], [ -56.9211449, -29.8235916 ], [ -56.9202413, -29.8232021 ], [ -56.9195889, -29.823586899999984 ], [ -56.9182352, -29.8238238 ], [ -56.9171415, -29.823208799999986 ], [ -56.9164543, -29.82395 ], [ -56.916958, -29.824706 ], [ -56.9168908, -29.8254676 ], [ -56.9162891, -29.8259516 ], [ -56.9155584, -29.8272088 ], [ -56.9126116, -29.8287766 ], [ -56.9118352, -29.8295624 ], [ -56.9113332, -29.8304962 ], [ -56.9104571, -29.8309598 ], [ -56.9097479, -29.8318569 ], [ -56.908019, -29.8328882 ], [ -56.9076154, -29.8333706 ], [ -56.9066018, -29.8330988 ], [ -56.9058675, -29.8331302 ], [ -56.9052104, -29.8333571 ], [ -56.9044762, -29.833121 ], [ -56.9034051, -29.833097 ], [ -56.903042, -29.8338693 ], [ -56.9024593, -29.8343993 ], [ -56.9015268, -29.8343336 ], [ -56.9005132, -29.8349256 ], [ -56.8998262, -29.8347792 ], [ -56.8988829, -29.8348097 ], [ -56.8978495, -29.8353193 ], [ -56.8974983, -29.8360251 ], [ -56.8970838, -29.8362802 ], [ -56.8969604, -29.8371455 ], [ -56.8964628, -29.8379354 ], [ -56.8964954, -29.8381992 ], [ -56.8974909, -29.8393645 ], [ -56.8975038, -29.8396256 ], [ -56.8965572, -29.8406763 ], [ -56.8964619, -29.8414814 ], [ -56.8966157, -29.8422154 ], [ -56.8954097, -29.8438034 ], [ -56.8951022, -29.8451416 ], [ -56.8952872, -29.8462862 ], [ -56.8942635, -29.8473799 ], [ -56.8939606, -29.8480971 ], [ -56.8937317, -29.8481268 ], [ -56.893648, -29.8483473 ], [ -56.8914762, -29.8483876 ], [ -56.8904741, -29.84889140000001 ], [ -56.8899866, -29.8489369 ], [ -56.889554, -29.8488404 ], [ -56.8892384, -29.8483749 ], [ -56.8878112, -29.8481544 ], [ -56.8866258, -29.8488393 ], [ -56.8857452, -29.8490248 ], [ -56.8846277, -29.8499621 ], [ -56.8837819, -29.8498151 ], [ -56.8825415, -29.850026 ], [ -56.881119, -29.8497671 ], [ -56.8799742, -29.849994 ], [ -56.8793485, -29.8498792 ], [ -56.8782925, -29.8502014 ], [ -56.8777349, -29.8501179 ], [ -56.8768555, -29.8504058 ], [ -56.8760826, -29.851075 ], [ -56.8754283, -29.8513817 ], [ -56.8744926, -29.8514217 ], [ -56.8737911, -29.8512622 ], [ -56.8726849, -29.8515204 ], [ -56.8710793, -29.8521574 ], [ -56.8683184, -29.8523151 ], [ -56.8674337, -29.852652 ], [ -56.8671603, -29.8530648 ], [ -56.866726, -29.8533452 ], [ -56.8642383, -29.853375 ], [ -56.8642949, -29.8543399 ], [ -56.864999, -29.8554778 ], [ -56.8652028, -29.8564 ], [ -56.8657239, -29.8569097 ], [ -56.8669662, -29.8573986 ], [ -56.8676962, -29.8582553 ], [ -56.8687607, -29.8581081 ], [ -56.8694098, -29.8581719 ], [ -56.8701871, -29.8586346 ], [ -56.8703494, -29.8594861 ], [ -56.8705401, -29.859489 ], [ -56.8708171, -29.8594566 ], [ -56.871066, -29.8592157 ], [ -56.8737717, -29.8591568 ], [ -56.8747599, -29.8581702 ], [ -56.8761054, -29.8583698 ], [ -56.8773419, -29.8581596 ], [ -56.8781234, -29.8584019 ], [ -56.8783645, -29.8585873 ], [ -56.8790965, -29.8599341 ], [ -56.8805822, -29.8601698 ], [ -56.8814606, -29.8608749 ], [ -56.8817166, -29.8615142 ], [ -56.8822264, -29.861841 ], [ -56.8825577, -29.862541600000011 ], [ -56.8825718, -29.864486 ], [ -56.8835092, -29.8648208 ], [ -56.8842566, -29.8652923 ], [ -56.884866, -29.8652627 ], [ -56.8857507, -29.8647819 ], [ -56.8862618, -29.8648086 ], [ -56.8866727, -29.8650812 ], [ -56.8875718, -29.8658749 ], [ -56.887592, -29.8674047 ], [ -56.8878132, -29.8684399 ], [ -56.8869703, -29.869355899999988 ], [ -56.8860153, -29.8695738 ], [ -56.8849089, -29.870148 ], [ -56.8847731, -29.8706481 ], [ -56.8848598, -29.8712557 ], [ -56.8850977, -29.871361 ], [ -56.8861645, -29.8711888 ], [ -56.8869807, -29.8715456 ], [ -56.887729, -29.872688799999988 ], [ -56.888028, -29.8738867 ], [ -56.888511, -29.8741013 ], [ -56.8891404, -29.8740285 ], [ -56.8896872, -29.8742849 ], [ -56.8905355, -29.8749878 ], [ -56.8914242, -29.8752721 ], [ -56.8922941, -29.8753193 ], [ -56.8926572, -29.8765481 ], [ -56.8932627, -29.8770255 ], [ -56.8937324, -29.8776877 ], [ -56.8944165, -29.878176 ], [ -56.8957468, -29.880225 ], [ -56.8963813, -29.8805428 ], [ -56.8979865, -29.8807085 ], [ -56.8985024, -29.882372099999987 ], [ -56.8991444, -29.8827086 ], [ -56.899662, -29.8835375 ], [ -56.9001964, -29.8837738 ], [ -56.9004992, -29.8846456 ], [ -56.9013381, -29.8848608 ], [ -56.9016105, -29.8850696 ], [ -56.9020164, -29.8858748 ], [ -56.9039787, -29.8858693 ], [ -56.9044279, -29.886365 ], [ -56.904886, -29.8863819 ], [ -56.9057898, -29.8860667 ], [ -56.9065815, -29.885415 ], [ -56.907447, -29.8852205 ], [ -56.9080418, -29.8848213 ], [ -56.9088855, -29.8845442 ], [ -56.910231, -29.8843882 ], [ -56.9108365, -29.8837298 ], [ -56.9120657, -29.8839044 ], [ -56.912852, -29.8837026 ], [ -56.9133043, -29.8837457 ], [ -56.9136832, -29.8839304 ], [ -56.9137327, -29.8849063 ], [ -56.914121, -29.885291 ], [ -56.91475, -29.8855318 ], [ -56.9154707, -29.8853457 ], [ -56.916065, -29.8854062 ], [ -56.917136, -29.8863353 ], [ -56.9180039, -29.8865281 ], [ -56.919074, -29.8871743 ], [ -56.9199508, -29.8873595 ], [ -56.9207501, -29.8880002 ], [ -56.9217928, -29.8881741 ], [ -56.9222329, -29.8885757 ], [ -56.9233071, -29.8890081 ], [ -56.9236312, -29.8893418 ], [ -56.9240221, -29.8907255 ], [ -56.9243425, -29.8910706 ], [ -56.9253631, -29.8913955 ], [ -56.927081, -29.8915014 ], [ -56.927446, -29.891866 ], [ -56.9279864, -29.8920976 ], [ -56.928507, -29.892739 ], [ -56.9290637, -29.8930159 ], [ -56.9303183, -29.8933239 ], [ -56.9311833, -29.8933747 ], [ -56.9314052, -29.8943655 ], [ -56.9304575, -29.895136 ], [ -56.9303776, -29.8954132 ], [ -56.9307514, -29.8958046 ], [ -56.9314611, -29.8958747 ], [ -56.9317229, -29.8966849 ], [ -56.9317466, -29.8986017 ], [ -56.9320167, -29.8994859 ], [ -56.9325498, -29.8992045 ], [ -56.933018, -29.899477 ], [ -56.9341843, -29.899508 ], [ -56.9346755, -29.8998497 ], [ -56.9349973, -29.9005308 ], [ -56.9363845, -29.901096 ], [ -56.9380799, -29.901283 ], [ -56.9387918, -29.9019001 ], [ -56.9402259, -29.9026395 ], [ -56.940838, -29.903520900000018 ], [ -56.9412696, -29.9048871 ], [ -56.9418331, -29.9052647 ], [ -56.9424116, -29.9055006 ], [ -56.9427635, -29.9052576 ], [ -56.9430834, -29.9045461 ], [ -56.9429011, -29.9036528 ], [ -56.9430217, -29.903482 ], [ -56.9441838, -29.9037753 ], [ -56.9452693, -29.9049874 ], [ -56.9468283, -29.9048256 ], [ -56.9479308, -29.9050954 ], [ -56.9499346, -29.9058662 ], [ -56.9502121, -29.9058431 ], [ -56.9507406, -29.9053575 ], [ -56.9513877, -29.905261 ], [ -56.951739, -29.9044858 ], [ -56.95294, -29.9045634 ], [ -56.9542447, -29.9052893 ], [ -56.9560451, -29.9054947 ], [ -56.9567144, -29.905315899999984 ] ] ] } },
{ "type": "Feature", "properties": { "wts_pk": 137985, "codigo_otto": "8253", "nivel_otto_declarado": 4, "area_m2_bho": 187.73798819208389, "nivel_otto": 4 }, "geometry": { "type": "Polygon", "coordinates": [ [ [ -57.0231378, -29.8383208 ], [ -57.0238383, -29.8389654 ], [ -57.0239511, -29.8392522 ], [ -57.0239008, -29.8398809 ], [ -57.0234224, -29.8406429 ], [ -57.0234912, -29.8416322 ], [ -57.0238561, -29.84194 ], [ -57.025628, -29.842541 ], [ -57.0269478, -29.8418213 ], [ -57.0270057, -29.8412918 ], [ -57.0268458, -29.8406967 ], [ -57.0270671, -29.8399806 ], [ -57.0272943, -29.8398118 ], [ -57.0276977, -29.8398699 ], [ -57.0281563, -29.840272799999983 ], [ -57.0287609, -29.8402752 ], [ -57.0298319, -29.8392089 ], [ -57.030801, -29.8395683 ], [ -57.0310129, -29.8399563 ], [ -57.0316473, -29.8401137 ], [ -57.0322947, -29.8408743 ], [ -57.0324343, -29.8408671 ], [ -57.0343005, -29.8398781 ], [ -57.0349993, -29.8402583 ], [ -57.0354287, -29.8403133 ], [ -57.0359736, -29.8402618 ], [ -57.0367637, -29.8398089 ], [ -57.0377794, -29.8399157 ], [ -57.0386409, -29.8393666 ], [ -57.0392392, -29.8386521 ], [ -57.0397387, -29.8386078 ], [ -57.0401584, -29.8381225 ], [ -57.0411837, -29.8380965 ], [ -57.0412361, -29.8373741 ], [ -57.0421613, -29.8370319 ], [ -57.0436676, -29.836708399999985 ], [ -57.0458137, -29.8368982 ], [ -57.0463696, -29.8363633 ], [ -57.0470598, -29.8351644 ], [ -57.0481281, -29.8350409 ], [ -57.0481936, -29.8340778 ], [ -57.0488933, -29.8332349 ], [ -57.0481849, -29.8313594 ], [ -57.0486405, -29.8300819 ], [ -57.0487472, -29.8285264 ], [ -57.0490804, -29.8281888 ], [ -57.049654, -29.8279802 ], [ -57.0497686, -29.8277721 ], [ -57.0495201, -29.82528180000001 ], [ -57.04983, -29.823591399999987 ], [ -57.0501169, -29.8232138 ], [ -57.0507012, -29.8231543 ], [ -57.0513004, -29.8235565 ], [ -57.0517397, -29.8236111 ], [ -57.052935, -29.8230347 ], [ -57.0534415, -29.8225842 ], [ -57.0547608, -29.8224995 ], [ -57.0556026, -29.822272199999986 ], [ -57.057017, -29.8222631 ], [ -57.0573516, -29.8212895 ], [ -57.0580355, -29.8205231 ], [ -57.0583124, -29.819967 ], [ -57.0584961, -29.8185435 ], [ -57.0600354, -29.8179739 ], [ -57.0605267, -29.8174574 ], [ -57.0606957, -29.8168455 ], [ -57.0609986, -29.816516 ], [ -57.0622648, -29.8167011 ], [ -57.0636702, -29.8166817 ], [ -57.0643417, -29.8162329 ], [ -57.0652438, -29.8159251 ], [ -57.0670633, -29.8155926 ], [ -57.067695, -29.814859899999984 ], [ -57.0688887, -29.813872199999985 ], [ -57.0693584, -29.8132415 ], [ -57.0696647, -29.8131166 ], [ -57.0700726, -29.8130964 ], [ -57.0707037, -29.813802 ], [ -57.0713292, -29.813782 ], [ -57.0718504, -29.8143723 ], [ -57.0739333, -29.814164 ], [ -57.0741444, -29.81404160000001 ], [ -57.0743964, -29.813498700000011 ], [ -57.0752317, -29.8130757 ], [ -57.0757642, -29.8122974 ], [ -57.0761048, -29.8120567 ], [ -57.0784916, -29.8119358 ], [ -57.0793497, -29.8109614 ], [ -57.0818263, -29.8108231 ], [ -57.0825558, -29.8103152 ], [ -57.0827749, -29.8103777 ], [ -57.0828868, -29.8108026 ], [ -57.0834639, -29.8113839 ], [ -57.0839616, -29.8114297 ], [ -57.0840205, -29.812951799999986 ], [ -57.0849635, -29.8140197 ], [ -57.0851282, -29.814802 ], [ -57.0853561, -29.81499 ], [ -57.0862162, -29.8148497 ], [ -57.0870208, -29.8149989 ], [ -57.0880218, -29.8146837 ], [ -57.0883425, -29.8143374 ], [ -57.0885069, -29.8131761 ], [ -57.0887992, -29.8129098 ], [ -57.0896329, -29.8126904 ], [ -57.0900117, -29.8120578 ], [ -57.0920011, -29.8119505 ], [ -57.0931504, -29.8117042 ], [ -57.093861, -29.812057 ], [ -57.0943022, -29.8140673 ], [ -57.0948624, -29.8147168 ], [ -57.0953049, -29.8149758 ], [ -57.0957819, -29.8148854 ], [ -57.0986204, -29.815199 ], [ -57.0994446, -29.8148303 ], [ -57.100769, -29.8146522 ], [ -57.1015337, -29.813492 ], [ -57.1024131, -29.814120299999988 ], [ -57.1028377, -29.8141611 ], [ -57.1035501, -29.8132053 ], [ -57.1049105, -29.8129196 ], [ -57.105246, -29.8131733 ], [ -57.1055, -29.8138059 ], [ -57.1063478, -29.8140187 ], [ -57.107225, -29.8145422 ], [ -57.1081002, -29.8158134 ], [ -57.1087913, -29.815573799999985 ], [ -57.1092209, -29.8152215 ], [ -57.1094668, -29.8148533 ], [ -57.1095309, -29.8142057 ], [ -57.110867, -29.8147022 ], [ -57.1124535, -29.814318 ], [ -57.1130696, -29.8149623 ], [ -57.1143138, -29.8151043 ], [ -57.1149252, -29.8154617 ], [ -57.1153507, -29.8153184 ], [ -57.1163858, -29.8160321 ], [ -57.116523, -29.8173942 ], [ -57.1170372, -29.8182657 ], [ -57.1186074, -29.8195457 ], [ -57.1192378, -29.8204125 ], [ -57.1200203, -29.8207309 ], [ -57.1213107, -29.8219984 ], [ -57.1212736, -29.823576 ], [ -57.1221104, -29.8252449 ], [ -57.1226476, -29.8258227 ], [ -57.123184, -29.8261288 ], [ -57.1234857, -29.8261306 ], [ -57.124353, -29.8254262 ], [ -57.1248285, -29.8255179 ], [ -57.1253844, -29.825394 ], [ -57.1264408, -29.8255576 ], [ -57.1271328, -29.8251362 ], [ -57.1280498, -29.8248176 ], [ -57.1294893, -29.8247197 ], [ -57.1301983, -29.8245165 ], [ -57.1310711, -29.8246498 ], [ -57.1322214, -29.8242721 ], [ -57.1334891, -29.824155 ], [ -57.1339024, -29.8237833 ], [ -57.1340664, -29.822623 ], [ -57.1343547, -29.822353 ], [ -57.1349325, -29.8221491 ], [ -57.1355246, -29.8213554 ], [ -57.1353825, -29.8203353 ], [ -57.1356403, -29.8198705 ], [ -57.136282, -29.8192857 ], [ -57.1374323, -29.8188183 ], [ -57.1377844, -29.8184434 ], [ -57.1386779, -29.81815180000001 ], [ -57.1386653, -29.8168304 ], [ -57.1383986, -29.8159164 ], [ -57.138454, -29.8152827 ], [ -57.1391825, -29.8149041 ], [ -57.1396657, -29.814455399999989 ], [ -57.1402085, -29.8131962 ], [ -57.1406915, -29.8129384 ], [ -57.1411251, -29.812912 ], [ -57.1427464, -29.8107914 ], [ -57.1429539, -29.8098443 ], [ -57.1441082, -29.8086209 ], [ -57.1446987, -29.807742 ], [ -57.1447961, -29.8054673 ], [ -57.144946, -29.8050847 ], [ -57.1465526, -29.8041408 ], [ -57.147187, -29.8034488 ], [ -57.1483249, -29.8038753 ], [ -57.1488176, -29.8038207 ], [ -57.1490721, -29.8029097 ], [ -57.1499353, -29.802227300000013 ], [ -57.1504511, -29.801231 ], [ -57.1511332, -29.8006484 ], [ -57.1514619, -29.7997627 ], [ -57.1502022, -29.7993828 ], [ -57.1500083, -29.7982464 ], [ -57.1497144, -29.7976044 ], [ -57.1493796, -29.7970939 ], [ -57.1488242, -29.7968742 ], [ -57.1482505, -29.7963329 ], [ -57.1481155, -29.7958024 ], [ -57.1481285, -29.795040499999985 ], [ -57.1491379, -29.7944039 ], [ -57.1501375, -29.7935112 ], [ -57.1507682, -29.793244300000012 ], [ -57.1506228, -29.7920191 ], [ -57.1508056, -29.7914842 ], [ -57.1525035, -29.7906454 ], [ -57.1534785, -29.7906446 ], [ -57.1543621, -29.791331 ], [ -57.1552337, -29.7917264 ], [ -57.1559825, -29.7927595 ], [ -57.1566878, -29.7932372 ], [ -57.1571882, -29.7938115 ], [ -57.1596043, -29.7936002 ], [ -57.1602265, -29.7932699 ], [ -57.160686, -29.7926646 ], [ -57.1609979, -29.7925692 ], [ -57.1614057, -29.7926646 ], [ -57.1621335, -29.7932852 ], [ -57.1626583, -29.7933208 ], [ -57.1640736, -29.7926303 ], [ -57.1652404, -29.7924533 ], [ -57.1663083, -29.7918053 ], [ -57.167176, -29.7916127 ], [ -57.168182, -29.7907306 ], [ -57.1691165, -29.7904968 ], [ -57.1700053, -29.7898146 ], [ -57.1708737, -29.7898099 ], [ -57.171454, -29.7901678 ], [ -57.1722552, -29.7892697 ], [ -57.1722315, -29.7887962 ], [ -57.1718565, -29.7878642 ], [ -57.1722076, -29.787584899999988 ], [ -57.1727789, -29.7875272 ], [ -57.1735623, -29.7876236 ], [ -57.1743583, -29.7882879 ], [ -57.1752345, -29.7885812 ], [ -57.175519, -29.7885505 ], [ -57.1761101, -29.7881572 ], [ -57.1765377, -29.7881026 ], [ -57.1790566, -29.7886089 ], [ -57.1796809, -29.7884935 ], [ -57.1806664, -29.7886273 ], [ -57.1817464, -29.7884215 ], [ -57.1819758, -29.7886078 ], [ -57.1820214, -29.789251 ], [ -57.1815642, -29.7902174 ], [ -57.1818418, -29.7905075 ], [ -57.1831934, -29.7906663 ], [ -57.1840564, -29.7911151 ], [ -57.1855198, -29.7906814 ], [ -57.1862971, -29.7907951 ], [ -57.1872126, -29.7901571 ], [ -57.1875988, -29.787577 ], [ -57.1877806, -29.787329 ], [ -57.1903814, -29.7867479 ], [ -57.1915408, -29.7866501 ], [ -57.1928684, -29.7859114 ], [ -57.1942382, -29.7861016 ], [ -57.1962023, -29.785631 ], [ -57.1970271, -29.7855873 ], [ -57.1980425, -29.7856228 ], [ -57.1986843, -29.7858737 ], [ -57.199371, -29.784793 ], [ -57.2016435, -29.7824641 ], [ -57.2023189, -29.7812626 ], [ -57.2042314, -29.7794308 ], [ -57.2037735, -29.7788599 ], [ -57.203688697295398, -29.778479090892915 ], [ -57.1953, -29.7798 ], [ -57.1807, -29.7812 ], [ -57.172, -29.7807 ], [ -57.152, -29.7748 ], [ -57.1319, -29.7702 ], [ -57.1206, -29.7621 ], [ -57.0997, -29.7483 ], [ -57.0829, -29.7346 ], [ -57.076451415337175, -29.728622693886187 ], [ -57.07535, -29.7286518 ], [ -57.0752669, -29.7288878 ], [ -57.0748494, -29.7289731 ], [ -57.0745252, -29.7293332 ], [ -57.0745809, -29.7301883 ], [ -57.0757705, -29.7313167 ], [ -57.0763205, -29.7315409 ], [ -57.0776468, -29.7330373 ], [ -57.0785415, -29.7334863 ], [ -57.0795908, -29.7347043 ], [ -57.0816068, -29.7362564 ], [ -57.0820657, -29.7368538 ], [ -57.0827294, -29.7372852 ], [ -57.0837265, -29.7382473 ], [ -57.0841951, -29.738505800000013 ], [ -57.0844809, -29.738913300000011 ], [ -57.0844134, -29.7393477 ], [ -57.0832847, -29.7397403 ], [ -57.0820129, -29.73954 ], [ -57.0812548, -29.7399854 ], [ -57.0808332, -29.7399731 ], [ -57.080661, -29.7397296 ], [ -57.0805297, -29.7387289 ], [ -57.0800362, -29.7382118 ], [ -57.0795293, -29.7381174 ], [ -57.0784056, -29.7383741 ], [ -57.0782491, -29.7379453 ], [ -57.0750496, -29.7354739 ], [ -57.0745855, -29.7354717 ], [ -57.0721834, -29.7344414 ], [ -57.0714209, -29.7334985 ], [ -57.0707994, -29.7331798 ], [ -57.0691799, -29.7330175 ], [ -57.0687102, -29.732057299999987 ], [ -57.0684869, -29.7321346 ], [ -57.0676836, -29.7331732 ], [ -57.0676905, -29.7339092 ], [ -57.0665324, -29.7348177 ], [ -57.0659055, -29.7358741 ], [ -57.0653701, -29.7359198 ], [ -57.0652678, -29.7366942 ], [ -57.0650722, -29.7367074 ], [ -57.0643394, -29.7357939 ], [ -57.0641833, -29.7349036 ], [ -57.06375, -29.7342687 ], [ -57.0621869, -29.734288 ], [ -57.0614085, -29.7349156 ], [ -57.0610647, -29.735024 ], [ -57.0605479, -29.7349966 ], [ -57.0599607, -29.7347275 ], [ -57.0587156, -29.733804 ], [ -57.0584189, -29.7332798 ], [ -57.0587674, -29.732149199999984 ], [ -57.0597356, -29.7309984 ], [ -57.0597022, -29.7292835 ], [ -57.0594091, -29.7290159 ], [ -57.0582539, -29.7285521 ], [ -57.0577564, -29.7276147 ], [ -57.0572435, -29.7271181 ], [ -57.0561783, -29.7268039 ], [ -57.0555348, -29.7256698 ], [ -57.0550267, -29.7251693 ], [ -57.0533941, -29.7245868 ], [ -57.0531651, -29.7242572 ], [ -57.0530412, -29.7232639 ], [ -57.0520606, -29.7222668 ], [ -57.0519193, -29.7227224 ], [ -57.0516324, -29.7230198 ], [ -57.0504454, -29.7230889 ], [ -57.0494212, -29.7229105 ], [ -57.0489026, -29.7235072 ], [ -57.0479763, -29.7237512 ], [ -57.0472567, -29.7244427 ], [ -57.0455092, -29.7246894 ], [ -57.044406, -29.7240231 ], [ -57.0441299, -29.7240017 ], [ -57.0432024, -29.724985 ], [ -57.0415788, -29.7248753 ], [ -57.0410816, -29.7257325 ], [ -57.0406232, -29.726133 ], [ -57.0407925, -29.7271394 ], [ -57.0396651, -29.7276557 ], [ -57.0394053, -29.7282877 ], [ -57.0384245, -29.7292963 ], [ -57.0382036, -29.7293602 ], [ -57.0376858, -29.7290422 ], [ -57.0371229, -29.7292714 ], [ -57.0364181, -29.7301365 ], [ -57.0354438, -29.7303931 ], [ -57.0348276, -29.7307154 ], [ -57.0345817, -29.7310269 ], [ -57.03445, -29.7318318 ], [ -57.0341415, -29.7321862 ], [ -57.030951, -29.7335029 ], [ -57.0294245, -29.735431099999985 ], [ -57.0285047, -29.7357677 ], [ -57.0272554, -29.7379732 ], [ -57.0266294, -29.7382878 ], [ -57.0257423, -29.7384651 ], [ -57.0251966, -29.7389551 ], [ -57.0245522, -29.7399935 ], [ -57.0242382, -29.7411357 ], [ -57.0242844, -29.7418001 ], [ -57.0247643, -29.7425315 ], [ -57.0253574, -29.7427704 ], [ -57.0261129, -29.7427172 ], [ -57.0259483, -29.7437032 ], [ -57.0264552, -29.7448214 ], [ -57.0253464, -29.7447806 ], [ -57.0249221, -29.7450632 ], [ -57.0247329, -29.7462817 ], [ -57.0244651, -29.746852499999985 ], [ -57.0241248, -29.7471745 ], [ -57.0235198, -29.7473581 ], [ -57.0227282, -29.7478947 ], [ -57.0227989, -29.7495223 ], [ -57.0214147, -29.751033699999986 ], [ -57.0208116, -29.751163899999987 ], [ -57.0199992, -29.7511052 ], [ -57.0196137, -29.7508021 ], [ -57.0193407, -29.7503102 ], [ -57.0189466, -29.7500644 ], [ -57.0179597, -29.7500559 ], [ -57.0172942, -29.7503187 ], [ -57.017032, -29.7512964 ], [ -57.017182, -29.7521547 ], [ -57.016578, -29.7529279 ], [ -57.0166248, -29.7532624 ], [ -57.0162302, -29.754158599999986 ], [ -57.016129, -29.7553573 ], [ -57.015202, -29.7561848 ], [ -57.0145663, -29.757192699999983 ], [ -57.0153498, -29.7586521 ], [ -57.0145934, -29.7589843 ], [ -57.0135812, -29.7602174 ], [ -57.0127372, -29.7601199 ], [ -57.0118519, -29.7606081 ], [ -57.0115615, -29.7609522 ], [ -57.0110983, -29.7621035 ], [ -57.0099285, -29.7626473 ], [ -57.0096955, -29.7635752 ], [ -57.008937, -29.7641866 ], [ -57.0074073, -29.7641269 ], [ -57.0061091, -29.7623049 ], [ -57.0054382, -29.7620028 ], [ -57.0051199, -29.7620961 ], [ -57.0048523, -29.7623948 ], [ -57.0044733, -29.7642031 ], [ -57.0027118, -29.7625036 ], [ -57.0022995, -29.7615969 ], [ -57.0017386, -29.7611521 ], [ -57.0014782, -29.7611384 ], [ -57.0014435, -29.7608881 ], [ -57.0011831, -29.7608744 ], [ -57.0011487, -29.7617438 ], [ -57.0008631, -29.7626014 ], [ -57.0000945, -29.763949899999986 ], [ -57.000168, -29.764403 ], [ -57.0008426, -29.7652467 ], [ -57.0006528, -29.7661075 ], [ -57.0007945, -29.766876 ], [ -57.0005898, -29.7671409 ], [ -56.9996733, -29.7679999 ], [ -56.9987382, -29.7682326 ], [ -56.9975239, -29.7696326 ], [ -56.9956762, -29.7701722 ], [ -56.9949972, -29.7710935 ], [ -56.9938406, -29.7718991 ], [ -56.9932019, -29.7719742 ], [ -56.9921374, -29.7718222 ], [ -56.9920773, -29.772112099999983 ], [ -56.9925254, -29.7730441 ], [ -56.9928498, -29.7747633 ], [ -56.9921028, -29.7747905 ], [ -56.9915756, -29.7753142 ], [ -56.9912669, -29.7752835 ], [ -56.9911353, -29.775042 ], [ -56.9907299, -29.7761013 ], [ -56.9882419, -29.7770762 ], [ -56.9871043, -29.7780474 ], [ -56.9862284, -29.7783092 ], [ -56.985488, -29.778120200000011 ], [ -56.9842651, -29.778125799999984 ], [ -56.9827734, -29.7787172 ], [ -56.9817011, -29.7804744 ], [ -56.9811953, -29.7807768 ], [ -56.9809053, -29.7811522 ], [ -56.9797941, -29.781152199999987 ], [ -56.9788827, -29.7826645 ], [ -56.9772452, -29.784082 ], [ -56.9762942, -29.7844053 ], [ -56.9755124, -29.784285 ], [ -56.9751398, -29.7845322 ], [ -56.9748609, -29.7849122 ], [ -56.9746541, -29.7858369 ], [ -56.9735821, -29.786491199999986 ], [ -56.9734228, -29.7867572 ], [ -56.9734516, -29.7873874 ], [ -56.9737608, -29.7879445 ], [ -56.9741467, -29.788255 ], [ -56.9741223, -29.7886274 ], [ -56.973683, -29.7892078 ], [ -56.9729443, -29.7895624 ], [ -56.9724968, -29.7905091 ], [ -56.971183, -29.7903189 ], [ -56.9707857, -29.7906554 ], [ -56.9701543, -29.7913166 ], [ -56.9699685, -29.7924594 ], [ -56.9690421, -29.7935419 ], [ -56.9689919, -29.7953662 ], [ -56.9696786, -29.7962659 ], [ -56.9697942, -29.7967078 ], [ -56.969097, -29.7969973 ], [ -56.9677331, -29.7983555 ], [ -56.9666215, -29.799115300000011 ], [ -56.9655499, -29.7992663 ], [ -56.9641428, -29.799819499999984 ], [ -56.9639107, -29.8009142 ], [ -56.9637225, -29.8011396 ], [ -56.9630118, -29.8014265 ], [ -56.9614608, -29.8014301 ], [ -56.9613449, -29.801873 ], [ -56.960685, -29.8026958 ], [ -56.9607543, -29.803915 ], [ -56.960175, -29.8045604 ], [ -56.9597941, -29.805319 ], [ -56.9589672, -29.805387 ], [ -56.9592225, -29.8056661 ], [ -56.9592386, -29.8061523 ], [ -56.9581648, -29.8065522 ], [ -56.9568814, -29.8079901 ], [ -56.9549329, -29.8082065 ], [ -56.9539073, -29.809073 ], [ -56.9531796, -29.8093417 ], [ -56.9522392, -29.810183 ], [ -56.9515152, -29.8104546 ], [ -56.9505751, -29.8115739 ], [ -56.949384, -29.811822899999989 ], [ -56.9484442, -29.814163 ], [ -56.9483454, -29.8160054 ], [ -56.9476514, -29.8171288 ], [ -56.9477191, -29.8177645 ], [ -56.9472941, -29.8183746 ], [ -56.9462663, -29.8188918 ], [ -56.9454429, -29.8191492 ], [ -56.9450955, -29.8190819 ], [ -56.9448578, -29.818805 ], [ -56.9448608, -29.8185273 ], [ -56.9455807, -29.8172466 ], [ -56.9452249, -29.8168215 ], [ -56.9448988, -29.8171843 ], [ -56.9434052, -29.8178191 ], [ -56.9423243, -29.8184925 ], [ -56.9420736, -29.818802 ], [ -56.9418106, -29.8198977 ], [ -56.9420047, -29.8210126 ], [ -56.9417386, -29.8222635 ], [ -56.9425243, -29.8223011 ], [ -56.9425902, -29.8230031 ], [ -56.942845, -29.823277 ], [ -56.9425748, -29.8239736 ], [ -56.9426321, -29.825168599999987 ], [ -56.9439839, -29.8271527 ], [ -56.9452431, -29.8281811 ], [ -56.9454914, -29.8288914 ], [ -56.9463747, -29.8293775 ], [ -56.9464728, -29.8310909 ], [ -56.9467147, -29.8311972 ], [ -56.9467935, -29.8315578 ], [ -56.9472353, -29.831824 ], [ -56.9478498, -29.834208 ], [ -56.948243, -29.8343043 ], [ -56.9496241, -29.835234 ], [ -56.950514, -29.8354089 ], [ -56.9527692, -29.83637520000001 ], [ -56.9549521, -29.83658530000001 ], [ -56.9552738, -29.8360185 ], [ -56.9552307, -29.83542 ], [ -56.9557729, -29.835475899999985 ], [ -56.9572665, -29.8352853 ], [ -56.9578656, -29.834761 ], [ -56.9583205, -29.8351754 ], [ -56.9587187, -29.8367869 ], [ -56.9590229, -29.8371488 ], [ -56.959715, -29.8367807 ], [ -56.9616239, -29.8364567 ], [ -56.9624166, -29.836862 ], [ -56.962969, -29.8367344 ], [ -56.9635739, -29.8367852 ], [ -56.9641215, -29.8370717 ], [ -56.9647943, -29.837819 ], [ -56.9650721, -29.837819 ], [ -56.9652185, -29.8374267 ], [ -56.965122, -29.8366441 ], [ -56.9655083, -29.8357764 ], [ -56.9648925, -29.8352416 ], [ -56.9645662, -29.8344149 ], [ -56.9648811, -29.8337292 ], [ -56.9661832, -29.8319857 ], [ -56.9666991, -29.8322026 ], [ -56.9694002, -29.8327092 ], [ -56.9705104, -29.832175 ], [ -56.9712967, -29.831518 ], [ -56.9721184, -29.8310938 ], [ -56.9722588, -29.8305426 ], [ -56.971808, -29.8291443 ], [ -56.972713, -29.8282037 ], [ -56.973282, -29.8281225 ], [ -56.9738519, -29.8282646 ], [ -56.9745049, -29.8280635 ], [ -56.9746937, -29.8279231 ], [ -56.9750107, -29.8270601 ], [ -56.9768189, -29.8269258 ], [ -56.9780017, -29.8261206 ], [ -56.9780669, -29.8257366 ], [ -56.9777701, -29.8251999 ], [ -56.9773774, -29.8248742 ], [ -56.9773504, -29.82435509999998 ], [ -56.9783206, -29.823494299999989 ], [ -56.9788136, -29.8226444 ], [ -56.9794182, -29.8221856 ], [ -56.9797479, -29.821431899999986 ], [ -56.980958, -29.8224071 ], [ -56.9818187, -29.8226003 ], [ -56.9822283, -29.822872399999987 ], [ -56.9827489, -29.8234628 ], [ -56.9829525, -29.8241387 ], [ -56.9832619, -29.824366799999989 ], [ -56.9836207, -29.8240225 ], [ -56.9843915, -29.823835 ], [ -56.9852376, -29.8231764 ], [ -56.9862908, -29.823373 ], [ -56.9873586, -29.823309 ], [ -56.9877304, -29.8224933 ], [ -56.9877004, -29.8220338 ], [ -56.987959, -29.821719 ], [ -56.9883611, -29.8214998 ], [ -56.9894014, -29.8216193 ], [ -56.9899317, -29.8209812 ], [ -56.9905858, -29.8206019 ], [ -56.9935579, -29.8206178 ], [ -56.994971, -29.8210533 ], [ -56.9952631, -29.8207831 ], [ -56.9950895, -29.8200378 ], [ -56.9955112, -29.8203012 ], [ -56.9967938, -29.8203303 ], [ -56.9971847, -29.8205736 ], [ -56.99785, -29.8205967 ], [ -56.9979039, -29.8212816 ], [ -56.9984857, -29.8221206 ], [ -56.9991095, -29.8223656 ], [ -56.9995308, -29.8229493 ], [ -57.0000555, -29.8233029 ], [ -57.0000274, -29.8238095 ], [ -56.9995402, -29.8243534 ], [ -56.999519, -29.825063 ], [ -56.9997945, -29.8258744 ], [ -57.00009, -29.8259354 ], [ -57.0002753, -29.8261712 ], [ -57.0004184, -29.8271101 ], [ -57.0008344, -29.827698599999984 ], [ -57.0009746, -29.8284979 ], [ -57.0014281, -29.8294431 ], [ -57.0014262, -29.830272 ], [ -57.0010039, -29.8307578 ], [ -57.0009839, -29.8310154 ], [ -57.0016651, -29.8318636 ], [ -57.0018706, -29.8330639 ], [ -57.0021302, -29.8332609 ], [ -57.0027395, -29.833205500000012 ], [ -57.0032784, -29.8338057 ], [ -57.0038661, -29.834103 ], [ -57.0040678, -29.8352345 ], [ -57.0046887, -29.8359582 ], [ -57.0051271, -29.8371288 ], [ -57.0057666, -29.8379934 ], [ -57.0063364, -29.8380727 ], [ -57.0071252, -29.8379019 ], [ -57.0080492, -29.8383201 ], [ -57.0090077, -29.8383815 ], [ -57.0095946, -29.8383288 ], [ -57.0107062, -29.8379964 ], [ -57.0109057, -29.8378188 ], [ -57.0126634, -29.8378148 ], [ -57.0132147, -29.8378756 ], [ -57.0142422, -29.8383279 ], [ -57.0149125, -29.8382247 ], [ -57.0158836, -29.8383348 ], [ -57.0161265, -29.8381383 ], [ -57.0162881, -29.8371628 ], [ -57.0168811, -29.8368467 ], [ -57.0168336, -29.83631 ], [ -57.0170168, -29.8358744 ], [ -57.017815, -29.8353675 ], [ -57.0188012, -29.8360549 ], [ -57.0194638, -29.8362857 ], [ -57.0212911, -29.837733799999988 ], [ -57.0228959, -29.837821199999986 ], [ -57.0231378, -29.8383208 ] ] ] } },
{ "type": "Feature", "properties": { "wts_pk": 137987, "codigo_otto": "8255", "nivel_otto_declarado": 4, "area_m2_bho": 210.5537896903445, "nivel_otto": 4 }, "geometry": { "type": "Polygon", "coordinates": [ [ [ -56.889554, -29.8488404 ], [ -56.8904034, -29.8489095 ], [ -56.8914762, -29.8483876 ], [ -56.8936275, -29.8483585 ], [ -56.8937317, -29.8481268 ], [ -56.8939606, -29.8480971 ], [ -56.8942635, -29.8473799 ], [ -56.8952563, -29.8463519 ], [ -56.8953189, -29.8458978 ], [ -56.8951066, -29.8450614 ], [ -56.8954097, -29.8438034 ], [ -56.8966157, -29.8422154 ], [ -56.8964619, -29.8414814 ], [ -56.8965214, -29.8407482 ], [ -56.8975183, -29.8395602 ], [ -56.8974551, -29.839309 ], [ -56.8964954, -29.8381992 ], [ -56.8964862, -29.8377897 ], [ -56.8969604, -29.8371455 ], [ -56.8970838, -29.8362802 ], [ -56.8974983, -29.8360251 ], [ -56.8978495, -29.8353193 ], [ -56.8988829, -29.8348097 ], [ -56.8998262, -29.8347792 ], [ -56.9005132, -29.8349256 ], [ -56.9015268, -29.8343336 ], [ -56.9024593, -29.8343993 ], [ -56.903042, -29.8338693 ], [ -56.9034051, -29.833097 ], [ -56.9044762, -29.833121 ], [ -56.9052104, -29.8333571 ], [ -56.9058675, -29.8331302 ], [ -56.9066018, -29.8330988 ], [ -56.9076154, -29.8333706 ], [ -56.908019, -29.8328882 ], [ -56.9097479, -29.8318569 ], [ -56.9104571, -29.8309598 ], [ -56.9113332, -29.8304962 ], [ -56.9118352, -29.8295624 ], [ -56.9126116, -29.8287766 ], [ -56.9155584, -29.8272088 ], [ -56.9162891, -29.8259516 ], [ -56.9168908, -29.8254676 ], [ -56.916958, -29.824706 ], [ -56.9164543, -29.82395 ], [ -56.9171048, -29.8232212 ], [ -56.9182352, -29.8238238 ], [ -56.9195889, -29.823586899999984 ], [ -56.9202413, -29.8232021 ], [ -56.9211449, -29.8235916 ], [ -56.9220162, -29.8236525 ], [ -56.9221073, -29.8246916 ], [ -56.9240595, -29.8253916 ], [ -56.9242514, -29.8255971 ], [ -56.9252419, -29.825234 ], [ -56.9259597, -29.8243437 ], [ -56.9271597, -29.823824 ], [ -56.9273585, -29.8229709 ], [ -56.9276843, -29.8226293 ], [ -56.9287569, -29.822473 ], [ -56.9299624, -29.8220887 ], [ -56.9313984, -29.8229923 ], [ -56.9318893, -29.82274 ], [ -56.9323459, -29.8220883 ], [ -56.9328339, -29.8217053 ], [ -56.9329377, -29.8224411 ], [ -56.9336153, -29.823307 ], [ -56.9343974, -29.8234727 ], [ -56.9352725, -29.823882 ], [ -56.9357899, -29.8239137 ], [ -56.9366402, -29.8235713 ], [ -56.9374563, -29.8229256 ], [ -56.9388035, -29.8242028 ], [ -56.9393444, -29.8244173 ], [ -56.9399395, -29.8237765 ], [ -56.9405412, -29.823494 ], [ -56.9413691, -29.8223787 ], [ -56.9417386, -29.8222635 ], [ -56.9420047, -29.8210126 ], [ -56.9417981, -29.819968 ], [ -56.9420736, -29.818802 ], [ -56.9423823, -29.8184456 ], [ -56.9434052, -29.8178191 ], [ -56.9448988, -29.8171843 ], [ -56.9452645, -29.8168184 ], [ -56.9455326, -29.8170467 ], [ -56.9455764, -29.8173189 ], [ -56.9448608, -29.8185273 ], [ -56.9448578, -29.818805 ], [ -56.9450955, -29.8190819 ], [ -56.9454429, -29.8191492 ], [ -56.9462663, -29.8188918 ], [ -56.9472941, -29.8183746 ], [ -56.9477191, -29.8177645 ], [ -56.9476514, -29.8171288 ], [ -56.9483454, -29.8160054 ], [ -56.9484442, -29.814163 ], [ -56.949384, -29.811822899999989 ], [ -56.9505751, -29.8115739 ], [ -56.9515152, -29.8104546 ], [ -56.9522392, -29.810183 ], [ -56.9531796, -29.8093417 ], [ -56.9539073, -29.809073 ], [ -56.9549329, -29.8082065 ], [ -56.9568814, -29.8079901 ], [ -56.9581648, -29.8065522 ], [ -56.9592386, -29.8061523 ], [ -56.9592225, -29.8056661 ], [ -56.9589672, -29.805387 ], [ -56.9597941, -29.805319 ], [ -56.960175, -29.8045604 ], [ -56.9607543, -29.803915 ], [ -56.960685, -29.8026958 ], [ -56.9613449, -29.801873 ], [ -56.9614608, -29.8014301 ], [ -56.9630118, -29.8014265 ], [ -56.9637225, -29.8011396 ], [ -56.9639107, -29.8009142 ], [ -56.9641428, -29.799819499999984 ], [ -56.9655499, -29.7992663 ], [ -56.9666215, -29.799115300000011 ], [ -56.9677331, -29.7983555 ], [ -56.969097, -29.7969973 ], [ -56.9697942, -29.7967078 ], [ -56.9696786, -29.7962659 ], [ -56.9689919, -29.7953662 ], [ -56.9690421, -29.7935419 ], [ -56.9699685, -29.7924594 ], [ -56.9701543, -29.7913166 ], [ -56.9707857, -29.7906554 ], [ -56.971183, -29.7903189 ], [ -56.9724968, -29.7905091 ], [ -56.9729443, -29.7895624 ], [ -56.973683, -29.7892078 ], [ -56.9741223, -29.7886274 ], [ -56.9741467, -29.788255 ], [ -56.9737608, -29.7879445 ], [ -56.9734516, -29.7873874 ], [ -56.9734228, -29.7867572 ], [ -56.9735821, -29.786491199999986 ], [ -56.9746541, -29.7858369 ], [ -56.9748609, -29.7849122 ], [ -56.9751398, -29.7845322 ], [ -56.9755124, -29.784285 ], [ -56.9762942, -29.7844053 ], [ -56.9772452, -29.784082 ], [ -56.9788827, -29.7826645 ], [ -56.9797941, -29.781152199999987 ], [ -56.9809053, -29.7811522 ], [ -56.9811953, -29.7807768 ], [ -56.9817011, -29.7804744 ], [ -56.9827734, -29.7787172 ], [ -56.9842651, -29.778125799999984 ], [ -56.985488, -29.778120200000011 ], [ -56.9862284, -29.7783092 ], [ -56.9871043, -29.7780474 ], [ -56.9882419, -29.7770762 ], [ -56.9907299, -29.7761013 ], [ -56.9911353, -29.775042 ], [ -56.9912669, -29.7752835 ], [ -56.9915756, -29.7753142 ], [ -56.9921028, -29.7747905 ], [ -56.9928498, -29.7747633 ], [ -56.9925254, -29.7730441 ], [ -56.9920773, -29.772112099999983 ], [ -56.9921374, -29.7718222 ], [ -56.9932019, -29.7719742 ], [ -56.9938406, -29.7718991 ], [ -56.9949972, -29.7710935 ], [ -56.9956762, -29.7701722 ], [ -56.9975239, -29.7696326 ], [ -56.9987382, -29.7682326 ], [ -56.9996733, -29.7679999 ], [ -57.0006379, -29.7670913 ], [ -57.0007945, -29.766876 ], [ -57.0006528, -29.7661075 ], [ -57.0008426, -29.7652467 ], [ -57.000168, -29.764403 ], [ -57.0000945, -29.763949899999986 ], [ -57.0008631, -29.7626014 ], [ -57.0011487, -29.7617438 ], [ -57.0011831, -29.7608744 ], [ -57.0014435, -29.7608881 ], [ -57.0014782, -29.7611384 ], [ -57.0017386, -29.7611521 ], [ -57.0022995, -29.7615969 ], [ -57.0027118, -29.7625036 ], [ -57.0044733, -29.7642031 ], [ -57.0048523, -29.7623948 ], [ -57.0051199, -29.7620961 ], [ -57.0054382, -29.7620028 ], [ -57.0061091, -29.7623049 ], [ -57.0074073, -29.7641269 ], [ -57.008937, -29.7641866 ], [ -57.0096955, -29.7635752 ], [ -57.0099285, -29.7626473 ], [ -57.0110983, -29.7621035 ], [ -57.0115615, -29.7609522 ], [ -57.0118519, -29.7606081 ], [ -57.0127372, -29.7601199 ], [ -57.0135812, -29.7602174 ], [ -57.0145934, -29.7589843 ], [ -57.0153498, -29.7586521 ], [ -57.0145663, -29.757192699999983 ], [ -57.015202, -29.7561848 ], [ -57.016129, -29.7553573 ], [ -57.0162302, -29.754158599999986 ], [ -57.0166248, -29.7532624 ], [ -57.016578, -29.7529279 ], [ -57.017182, -29.7521547 ], [ -57.017032, -29.7512964 ], [ -57.0172942, -29.7503187 ], [ -57.0179597, -29.7500559 ], [ -57.0189466, -29.7500644 ], [ -57.0193407, -29.7503102 ], [ -57.0196137, -29.7508021 ], [ -57.0199992, -29.7511052 ], [ -57.0208116, -29.751163899999987 ], [ -57.0214147, -29.751033699999986 ], [ -57.0227989, -29.7495223 ], [ -57.0227282, -29.7478947 ], [ -57.0235198, -29.7473581 ], [ -57.0241248, -29.7471745 ], [ -57.0244651, -29.746852499999985 ], [ -57.0247329, -29.7462817 ], [ -57.0249221, -29.7450632 ], [ -57.0253464, -29.7447806 ], [ -57.0264552, -29.7448214 ], [ -57.0259483, -29.7437032 ], [ -57.0261129, -29.7427172 ], [ -57.0253574, -29.7427704 ], [ -57.0247643, -29.7425315 ], [ -57.0242844, -29.7418001 ], [ -57.0242382, -29.7411357 ], [ -57.0245522, -29.7399935 ], [ -57.0251605, -29.7389998 ], [ -57.0257423, -29.7384651 ], [ -57.0266294, -29.7382878 ], [ -57.0272554, -29.7379732 ], [ -57.0285047, -29.7357677 ], [ -57.0294245, -29.735431099999985 ], [ -57.030951, -29.7335029 ], [ -57.0341415, -29.7321862 ], [ -57.03445, -29.7318318 ], [ -57.0345817, -29.7310269 ], [ -57.0348276, -29.7307154 ], [ -57.0354438, -29.7303931 ], [ -57.0364181, -29.7301365 ], [ -57.0371229, -29.7292714 ], [ -57.0376858, -29.7290422 ], [ -57.0382036, -29.7293602 ], [ -57.0384245, -29.7292963 ], [ -57.0394053, -29.7282877 ], [ -57.0396651, -29.7276557 ], [ -57.0407925, -29.7271394 ], [ -57.0406232, -29.726133 ], [ -57.0410816, -29.7257325 ], [ -57.0415788, -29.7248753 ], [ -57.0432024, -29.724985 ], [ -57.0441993, -29.723991 ], [ -57.0455092, -29.7246894 ], [ -57.0472567, -29.7244427 ], [ -57.0479763, -29.7237512 ], [ -57.0489026, -29.7235072 ], [ -57.0494212, -29.7229105 ], [ -57.0504454, -29.7230889 ], [ -57.0516324, -29.7230198 ], [ -57.0519193, -29.7227224 ], [ -57.0520606, -29.7222668 ], [ -57.0530412, -29.7232639 ], [ -57.0531651, -29.7242572 ], [ -57.0533941, -29.7245868 ], [ -57.0550267, -29.7251693 ], [ -57.0555348, -29.7256698 ], [ -57.0561783, -29.7268039 ], [ -57.0572435, -29.7271181 ], [ -57.0577564, -29.7276147 ], [ -57.0582539, -29.7285521 ], [ -57.0594091, -29.7290159 ], [ -57.0597022, -29.7292835 ], [ -57.0597356, -29.7309984 ], [ -57.0587674, -29.732149199999984 ], [ -57.0584189, -29.7332798 ], [ -57.0587156, -29.733804 ], [ -57.0599607, -29.7347275 ], [ -57.0605479, -29.7349966 ], [ -57.0610647, -29.735024 ], [ -57.0614085, -29.7349156 ], [ -57.0621869, -29.734288 ], [ -57.06375, -29.7342687 ], [ -57.0641833, -29.7349036 ], [ -57.0643394, -29.7357939 ], [ -57.0650722, -29.7367074 ], [ -57.0652678, -29.7366942 ], [ -57.0653701, -29.7359198 ], [ -57.0659055, -29.7358741 ], [ -57.0665324, -29.7348177 ], [ -57.0676905, -29.7339092 ], [ -57.0676836, -29.7331732 ], [ -57.0684869, -29.7321346 ], [ -57.0687102, -29.732057299999987 ], [ -57.0691799, -29.7330175 ], [ -57.0707994, -29.7331798 ], [ -57.0714209, -29.7334985 ], [ -57.0721834, -29.7344414 ], [ -57.0745855, -29.7354717 ], [ -57.0750496, -29.7354739 ], [ -57.0782491, -29.7379453 ], [ -57.0784056, -29.7383741 ], [ -57.0795293, -29.7381174 ], [ -57.0800362, -29.7382118 ], [ -57.0805297, -29.7387289 ], [ -57.080661, -29.7397296 ], [ -57.0808332, -29.7399731 ], [ -57.0812548, -29.7399854 ], [ -57.082104, -29.7395302 ], [ -57.0834864, -29.7397148 ], [ -57.0845097, -29.739262 ], [ -57.0844455, -29.7388263 ], [ -57.0841951, -29.738505800000013 ], [ -57.0837265, -29.7382473 ], [ -57.0827294, -29.7372852 ], [ -57.0820657, -29.7368538 ], [ -57.0816068, -29.7362564 ], [ -57.0795908, -29.7347043 ], [ -57.0785415, -29.7334863 ], [ -57.0776468, -29.7330373 ], [ -57.0763205, -29.7315409 ], [ -57.0757705, -29.7313167 ], [ -57.0747822, -29.730435500000013 ], [ -57.0745142, -29.7300586 ], [ -57.0745348, -29.7293011 ], [ -57.0748494, -29.7289731 ], [ -57.0752669, -29.7288878 ], [ -57.0753526, -29.7286816 ], [ -57.0748863, -29.7280235 ], [ -57.074504591164846, -29.726817946089625 ], [ -57.0692, -29.7219 ], [ -57.0573, -29.7137 ], [ -57.0521, -29.7075 ], [ -57.0455, -29.7016 ], [ -57.0334, -29.6957 ], [ -57.027, -29.6894 ], [ -57.0211, -29.6833 ], [ -57.0162, -29.6748 ], [ -57.0115, -29.6645 ], [ -57.0066, -29.6582 ], [ -57.0009, -29.6519 ], [ -56.9906, -29.6467 ], [ -56.9802, -29.6445 ], [ -56.9711, -29.6434 ], [ -56.968842550124343, -29.639678358628686 ], [ -56.9687844, -29.6397966 ], [ -56.9686189, -29.6410036 ], [ -56.9681857, -29.6418553 ], [ -56.9678994, -29.642895 ], [ -56.9682165, -29.6432954 ], [ -56.9696649, -29.6440314 ], [ -56.9704232, -29.644982399999989 ], [ -56.9713501, -29.6454077 ], [ -56.9716799, -29.6457487 ], [ -56.9719162, -29.6468177 ], [ -56.971679, -29.6476737 ], [ -56.9713421, -29.6480772 ], [ -56.970607, -29.6485551 ], [ -56.9703947, -29.6489263 ], [ -56.9716827, -29.6513034 ], [ -56.9717176, -29.6527689 ], [ -56.9715601, -29.6530416 ], [ -56.9696586, -29.6543209 ], [ -56.9693697, -29.654925599999988 ], [ -56.9675867, -29.6550827 ], [ -56.9672814, -29.6553174 ], [ -56.9670754, -29.6560103 ], [ -56.9678283, -29.65764 ], [ -56.9675276, -29.6589681 ], [ -56.9672675, -29.6591711 ], [ -56.9657595, -29.6593127 ], [ -56.965349, -29.6600411 ], [ -56.9653245, -29.6616648 ], [ -56.9648474, -29.6625422 ], [ -56.9653242, -29.6640261 ], [ -56.965091, -29.6648855 ], [ -56.9650713, -29.6661522 ], [ -56.9643806, -29.6664605 ], [ -56.9641124, -29.6671639 ], [ -56.962938, -29.668167 ], [ -56.96284, -29.6687444 ], [ -56.9628491, -29.6692077 ], [ -56.9637433, -29.669251 ], [ -56.9641453, -29.66959 ], [ -56.9635055, -29.6713224 ], [ -56.9637864, -29.6721781 ], [ -56.9644772, -29.6728457 ], [ -56.964085, -29.6741506 ], [ -56.9649755, -29.6751167 ], [ -56.9655574, -29.676288600000014 ], [ -56.9651039, -29.6773603 ], [ -56.9651651, -29.6776536 ], [ -56.965578, -29.6781241 ], [ -56.9655352, -29.6784834 ], [ -56.9652032, -29.6788292 ], [ -56.9653852, -29.6806392 ], [ -56.9656774, -29.681575 ], [ -56.9661115, -29.6821974 ], [ -56.9678372, -29.682297499999986 ], [ -56.9683002, -29.6825514 ], [ -56.968628, -29.6829582 ], [ -56.9689254, -29.6842691 ], [ -56.9685952, -29.684967399999987 ], [ -56.9674018, -29.6862552 ], [ -56.9674133, -29.6865788 ], [ -56.9675714, -29.6867077 ], [ -56.9675714, -29.6880966 ], [ -56.9673443, -29.6881961 ], [ -56.9670132, -29.688887 ], [ -56.9672671, -29.6893187 ], [ -56.9672936, -29.6897633 ], [ -56.9669141, -29.6898993 ], [ -56.9662845, -29.6898558 ], [ -56.9652047, -29.6906271 ], [ -56.9648312, -29.6916643 ], [ -56.9646954, -29.693297 ], [ -56.9638602, -29.6943226 ], [ -56.9631981, -29.6947071 ], [ -56.9632231, -29.6949614 ], [ -56.9641274, -29.6962607 ], [ -56.9641509, -29.6980221 ], [ -56.9634881, -29.698600499999984 ], [ -56.9623985, -29.698848 ], [ -56.9618289, -29.6987933 ], [ -56.9614364, -29.700268 ], [ -56.9610982, -29.7005873 ], [ -56.9603492, -29.7005967 ], [ -56.96001, -29.7018388 ], [ -56.9593071, -29.7029617 ], [ -56.9593352, -29.7032967 ], [ -56.961146, -29.7058107 ], [ -56.9614608, -29.7066915 ], [ -56.9613127, -29.7070971 ], [ -56.9614681, -29.7077721 ], [ -56.9614054, -29.7085043 ], [ -56.959968, -29.7096859 ], [ -56.9588976, -29.7102037 ], [ -56.9571315, -29.7098734 ], [ -56.9561154, -29.7103862 ], [ -56.9557656, -29.7113927 ], [ -56.9554319, -29.711651 ], [ -56.954658, -29.7118203 ], [ -56.9545124, -29.7121788 ], [ -56.9545159, -29.7128189 ], [ -56.9563273, -29.7134798 ], [ -56.9568732, -29.7143799 ], [ -56.9577234, -29.7148692 ], [ -56.9578428, -29.715363 ], [ -56.9576679, -29.716358899999989 ], [ -56.9579931, -29.7166721 ], [ -56.9589637, -29.7170041 ], [ -56.9584679, -29.717692 ], [ -56.9580627, -29.7193425 ], [ -56.9573657, -29.721009 ], [ -56.9575693, -29.7223126 ], [ -56.9572921, -29.7230801 ], [ -56.9573817, -29.7238299 ], [ -56.9580592, -29.72491680000001 ], [ -56.9582042, -29.725997 ], [ -56.9586533, -29.7267289 ], [ -56.9586159, -29.7271119 ], [ -56.9581667, -29.7277765 ], [ -56.9581866, -29.7287753 ], [ -56.9586044, -29.7293605 ], [ -56.9588155, -29.7300089 ], [ -56.9597938, -29.7308745 ], [ -56.959447, -29.7323949 ], [ -56.9587081, -29.733143 ], [ -56.9587044, -29.7338845 ], [ -56.9589512, -29.7349087 ], [ -56.9588261, -29.7352838 ], [ -56.9581953, -29.735813899999989 ], [ -56.9584049, -29.7369856 ], [ -56.9573332, -29.7373872 ], [ -56.9560409, -29.7384821 ], [ -56.955554, -29.739428 ], [ -56.9536632, -29.7407238 ], [ -56.952697, -29.7406293 ], [ -56.9517918, -29.7408267 ], [ -56.9511827, -29.7405967 ], [ -56.95083, -29.741058699999989 ], [ -56.9501152, -29.7413745 ], [ -56.9486275, -29.7410798 ], [ -56.948255, -29.7407137 ], [ -56.9474154, -29.7404932 ], [ -56.9469393, -29.7401721 ], [ -56.9462334, -29.7402985 ], [ -56.9457446, -29.7402323 ], [ -56.9451425, -29.7397095 ], [ -56.9446206, -29.738914099999985 ], [ -56.9441132, -29.738662899999984 ], [ -56.943331, -29.7387007 ], [ -56.9421832, -29.7390953 ], [ -56.9414791, -29.7389425 ], [ -56.9403785, -29.7389695 ], [ -56.9396674, -29.7393983 ], [ -56.9393328, -29.7394484 ], [ -56.93905, -29.7393323 ], [ -56.9385817, -29.7387347 ], [ -56.9380202, -29.7384493 ], [ -56.9366001, -29.7383865 ], [ -56.9362742, -29.7385344 ], [ -56.9355413, -29.7398955 ], [ -56.9349903, -29.7399904 ], [ -56.9340928, -29.739382699999986 ], [ -56.9335673, -29.7387448 ], [ -56.9331292, -29.7387 ], [ -56.932475, -29.738892 ], [ -56.9320589, -29.7388079 ], [ -56.9315534, -29.738306200000011 ], [ -56.9313036, -29.7375704 ], [ -56.9306054, -29.737259 ], [ -56.9304623, -29.7374691 ], [ -56.9304912, -29.7380397 ], [ -56.9299222, -29.7384996 ], [ -56.930561, -29.7393559 ], [ -56.9306292, -29.7403755 ], [ -56.9295507, -29.7427708 ], [ -56.9295159, -29.7447635 ], [ -56.9289963, -29.7449809 ], [ -56.9278714, -29.7450757 ], [ -56.9266542, -29.7453748 ], [ -56.9252041, -29.7459796 ], [ -56.9245995, -29.7465893 ], [ -56.924022, -29.7479748 ], [ -56.9240824, -29.7491324 ], [ -56.923019, -29.7496749 ], [ -56.922064, -29.7498937 ], [ -56.9207078, -29.7514104 ], [ -56.9197065, -29.7511606 ], [ -56.918399, -29.7513879 ], [ -56.9172234, -29.750708 ], [ -56.9167729, -29.7507297 ], [ -56.9152904, -29.7503276 ], [ -56.9149139, -29.7504072 ], [ -56.9143086, -29.7508079 ], [ -56.9132521, -29.7509733 ], [ -56.91265, -29.7513702 ], [ -56.9109895, -29.751467 ], [ -56.910363, -29.7517089 ], [ -56.9094809, -29.7516497 ], [ -56.9085675, -29.751222 ], [ -56.9081354, -29.751197 ], [ -56.9074052, -29.7519383 ], [ -56.9055015, -29.7525233 ], [ -56.9038107, -29.7525214 ], [ -56.901493, -29.7519959 ], [ -56.8995324, -29.7520165 ], [ -56.8985164, -29.7523518 ], [ -56.8980093, -29.7527261 ], [ -56.8968992, -29.753191 ], [ -56.8967339, -29.7533933 ], [ -56.8970053, -29.7542468 ], [ -56.8969814, -29.7553699 ], [ -56.8962391, -29.7561045 ], [ -56.8955316, -29.7591339 ], [ -56.8950713, -29.7597636 ], [ -56.8948302, -29.7598499 ], [ -56.8947418, -29.7602783 ], [ -56.8943229, -29.7603497 ], [ -56.8941252, -29.760582 ], [ -56.8936824, -29.760597 ], [ -56.8933225, -29.761546 ], [ -56.8924305, -29.7622991 ], [ -56.8919369, -29.7633171 ], [ -56.8910423, -29.7637817 ], [ -56.8911728, -29.7661903 ], [ -56.8906915, -29.7670629 ], [ -56.8911439, -29.7680536 ], [ -56.8911806, -29.7693465 ], [ -56.8910945, -29.7696907 ], [ -56.8903456, -29.770578399999987 ], [ -56.890615, -29.7706064 ], [ -56.8906269, -29.770874799999984 ], [ -56.8908698, -29.7709003 ], [ -56.8912173, -29.7714048 ], [ -56.8914603, -29.7714303 ], [ -56.8921668, -29.7720862 ], [ -56.8926137, -29.7731561 ], [ -56.8930302, -29.7735439 ], [ -56.893449, -29.774358299999985 ], [ -56.8944678, -29.7748942 ], [ -56.8951726, -29.7757947 ], [ -56.8958251, -29.7760935 ], [ -56.8966251, -29.7762419 ], [ -56.8969503, -29.7764822 ], [ -56.8972338, -29.776848 ], [ -56.8976601, -29.778028 ], [ -56.8985777, -29.7793658 ], [ -56.8981762, -29.7799906 ], [ -56.8980623, -29.7812804 ], [ -56.8976358, -29.7818514 ], [ -56.8972611, -29.782923 ], [ -56.8956983, -29.7842645 ], [ -56.8949454, -29.7854973 ], [ -56.8929864, -29.7867434 ], [ -56.8925156, -29.787960299999984 ], [ -56.892225, -29.7883207 ], [ -56.8905277, -29.7896674 ], [ -56.889363, -29.7895115 ], [ -56.8884048, -29.7897637 ], [ -56.8881507, -29.790192899999987 ], [ -56.8881277, -29.7908201 ], [ -56.8883812, -29.7913664 ], [ -56.8884367, -29.7921123 ], [ -56.8886826, -29.7925415 ], [ -56.8882748, -29.7926693 ], [ -56.8877385, -29.7920673 ], [ -56.8866236, -29.791779699999989 ], [ -56.8851841, -29.7922806 ], [ -56.8844232, -29.7935876 ], [ -56.884041, -29.793883 ], [ -56.8833381, -29.793876199999989 ], [ -56.8827271, -29.7934666 ], [ -56.8822393, -29.793390099999989 ], [ -56.8805692, -29.794087 ], [ -56.8798568, -29.793675 ], [ -56.8788223, -29.7939219 ], [ -56.8771151, -29.7932963 ], [ -56.8754445, -29.7917646 ], [ -56.8740427, -29.7912073 ], [ -56.871738, -29.7908749 ], [ -56.8712792, -29.791377 ], [ -56.870429, -29.7916687 ], [ -56.869992, -29.7916464 ], [ -56.8684047, -29.788930399999987 ], [ -56.8677216, -29.789001 ], [ -56.8671325, -29.7893113 ], [ -56.8668951, -29.7896592 ], [ -56.8662513, -29.7895954 ], [ -56.8650713, -29.7903193 ], [ -56.865023, -29.7909738 ], [ -56.8647768, -29.7912822 ], [ -56.8639002, -29.7911669 ], [ -56.8634932, -29.7913188 ], [ -56.863193, -29.7924707 ], [ -56.8632674, -29.7929684 ], [ -56.862387, -29.7940104 ], [ -56.862294, -29.7944361 ], [ -56.8626307, -29.7957322 ], [ -56.8634072, -29.7967261 ], [ -56.8619673, -29.7982442 ], [ -56.8610189, -29.798467 ], [ -56.859626, -29.7991272 ], [ -56.8585193, -29.7990219 ], [ -56.857801, -29.7999094 ], [ -56.8560761, -29.8010698 ], [ -56.8551851, -29.8009962 ], [ -56.8546048, -29.8011026 ], [ -56.8539356, -29.8009511 ], [ -56.8533987, -29.8013829 ], [ -56.8520157, -29.8017083 ], [ -56.8525519, -29.8023615 ], [ -56.8525295, -29.8034754 ], [ -56.852063, -29.8035883 ], [ -56.8514439, -29.8034031 ], [ -56.8503524, -29.8033587 ], [ -56.8493683, -29.8034758 ], [ -56.8487473, -29.804360499999987 ], [ -56.8485809, -29.8052391 ], [ -56.8475713, -29.8064305 ], [ -56.8461974, -29.8064018 ], [ -56.8447035, -29.8058206 ], [ -56.8437545, -29.8049846 ], [ -56.8432767, -29.8042362 ], [ -56.8427374, -29.8037407 ], [ -56.8404361, -29.803152 ], [ -56.8399679, -29.803157199999983 ], [ -56.8395222, -29.8035971 ], [ -56.8394526, -29.8046125 ], [ -56.8390685, -29.8051274 ], [ -56.8388605, -29.8057962 ], [ -56.8368269, -29.807642699999985 ], [ -56.8367379, -29.808375 ], [ -56.8382917, -29.809019899999985 ], [ -56.8394755, -29.8098886 ], [ -56.8397314, -29.8101844 ], [ -56.8400717, -29.8113781 ], [ -56.8394523, -29.814337599999988 ], [ -56.8385067, -29.8154 ], [ -56.8380715, -29.816572 ], [ -56.8375683, -29.8172457 ], [ -56.838073, -29.8175181 ], [ -56.839117, -29.8195354 ], [ -56.8389815, -29.8203648 ], [ -56.8391831, -29.8211549 ], [ -56.8388339, -29.8222336 ], [ -56.8382948, -29.8227319 ], [ -56.8376556, -29.8229874 ], [ -56.8375713, -29.8239306 ], [ -56.8385516, -29.824437499999984 ], [ -56.8393677, -29.8245356 ], [ -56.8398181, -29.8251828 ], [ -56.8403491, -29.8253195 ], [ -56.8400697, -29.8261323 ], [ -56.840088, -29.8274585 ], [ -56.8402596, -29.8280091 ], [ -56.8397936, -29.8289306 ], [ -56.8404419, -29.828991099999985 ], [ -56.841056, -29.8293084 ], [ -56.8412106, -29.8302774 ], [ -56.8413936, -29.8305279 ], [ -56.8435408, -29.8309871 ], [ -56.8437795, -29.8321874 ], [ -56.8448817, -29.8337717 ], [ -56.8452593, -29.8338868 ], [ -56.8457862, -29.8337702 ], [ -56.8460542, -29.8339601 ], [ -56.8466706, -29.834916 ], [ -56.8468691, -29.8357789 ], [ -56.8475714, -29.8361528 ], [ -56.8486033, -29.8371498 ], [ -56.8489387, -29.8384213 ], [ -56.8490554, -29.8399691 ], [ -56.8500344, -29.8411004 ], [ -56.8501032, -29.8422224 ], [ -56.8503348, -29.8429647 ], [ -56.8503858, -29.8450849 ], [ -56.8513496, -29.8473718 ], [ -56.8512359, -29.8485039 ], [ -56.8515591, -29.8493159 ], [ -56.8523597, -29.8495646 ], [ -56.8525532, -29.8498136 ], [ -56.8525539, -29.8503532 ], [ -56.8520865, -29.8510747 ], [ -56.852016, -29.8517083 ], [ -56.8529941, -29.8519886 ], [ -56.8537528, -29.8519281 ], [ -56.854333, -29.8509428 ], [ -56.8547834, -29.8506369 ], [ -56.8579991, -29.8510416 ], [ -56.8586827, -29.850875 ], [ -56.8601593, -29.8529378 ], [ -56.8608052, -29.853458299999989 ], [ -56.8607399, -29.8543764 ], [ -56.8609485, -29.854904499999986 ], [ -56.8613836, -29.8555744 ], [ -56.8617383, -29.855597199999984 ], [ -56.8617706, -29.8546703 ], [ -56.862378, -29.8542749 ], [ -56.8635848, -29.8538531 ], [ -56.864219, -29.853372 ], [ -56.8668216, -29.853321 ], [ -56.8674337, -29.852652 ], [ -56.8683184, -29.8523151 ], [ -56.8710793, -29.8521574 ], [ -56.8726849, -29.8515204 ], [ -56.8737911, -29.8512622 ], [ -56.8744926, -29.8514217 ], [ -56.8754283, -29.8513817 ], [ -56.8760826, -29.851075 ], [ -56.8769321, -29.8503716 ], [ -56.8777349, -29.8501179 ], [ -56.8783411, -29.8501927 ], [ -56.8793485, -29.8498792 ], [ -56.8799742, -29.849994 ], [ -56.8812411, -29.8497671 ], [ -56.8825415, -29.850026 ], [ -56.8837819, -29.8498151 ], [ -56.8846277, -29.8499621 ], [ -56.8857452, -29.8490248 ], [ -56.8866258, -29.8488393 ], [ -56.8878112, -29.8481544 ], [ -56.8892384, -29.8483749 ], [ -56.889554, -29.8488404 ] ] ] } },
{ "type": "Feature", "properties": { "wts_pk": 137986, "codigo_otto": "8254", "nivel_otto_declarado": 4, "area_m2_bho": 390.82324852102897, "nivel_otto": 4 }, "geometry": { "type": "Polygon", "coordinates": [ [ [ -57.074504591164846, -29.726817946089625 ], [ -57.0748863, -29.7280235 ], [ -57.0752727, -29.728629299999987 ], [ -57.076451415337175, -29.728622693886187 ], [ -57.074504591164846, -29.726817946089625 ] ] ] } },
{ "type": "Feature", "properties": { "wts_pk": 137990, "codigo_otto": "8258", "nivel_otto_declarado": 4, "area_m2_bho": 1861.0759036244599, "nivel_otto": 4 }, "geometry": { "type": "Polygon", "coordinates": [ [ [ -56.858589092353832, -29.506234221826958 ], [ -56.8595144, -29.5078191 ], [ -56.860681069322858, -29.507242670426884 ], [ -56.858589092353832, -29.506234221826958 ] ] ] } },
{ "type": "Feature", "properties": { "wts_pk": 137980, "codigo_otto": "8247", "nivel_otto_declarado": 4, "area_m2_bho": 2842.8219286468689, "nivel_otto": 4 }, "geometry": { "type": "Polygon", "coordinates": [ [ [ -56.6581679, -30.2011954 ], [ -56.6580539, -30.2012207 ], [ -56.658011987105283, -30.201233993596389 ], [ -56.6581, -30.2013 ], [ -56.6581679, -30.2011954 ] ] ] } },
{ "type": "Feature", "properties": { "wts_pk": 137979, "codigo_otto": "8246", "nivel_otto_declarado": 4, "area_m2_bho": 1178.0447640117554, "nivel_otto": 4 }, "geometry": { "type": "Polygon", "coordinates": [ [ [ -56.6580539, -30.2012207 ], [ -56.658507406458931, -30.200847341567574 ], [ -56.6578961, -30.19964520000001 ], [ -56.6578595, -30.1991772 ], [ -56.6584054, -30.198376 ], [ -56.6586203, -30.1971196 ], [ -56.6577553, -30.1962299 ], [ -56.6570935, -30.1959351 ], [ -56.6561041, -30.1958188 ], [ -56.6556905, -30.195548 ], [ -56.6551205, -30.1943364 ], [ -56.6550814, -30.193697699999984 ], [ -56.6559054, -30.1925427 ], [ -56.6571259, -30.1928039 ], [ -56.6577498, -30.1925369 ], [ -56.6580711, -30.1920669 ], [ -56.6578846, -30.1911734 ], [ -56.6582131, -30.189935 ], [ -56.6585388, -30.1897867 ], [ -56.6595911, -30.1897059 ], [ -56.6601864, -30.1894459 ], [ -56.6613683, -30.1882722 ], [ -56.661461, -30.1875427 ], [ -56.6606906, -30.1871043 ], [ -56.6606534, -30.186105 ], [ -56.6610002, -30.185211 ], [ -56.6616507, -30.184878500000021 ], [ -56.6622486, -30.183653599999989 ], [ -56.6619243, -30.182898 ], [ -56.6612417, -30.1821154 ], [ -56.6612407, -30.1815806 ], [ -56.663482, -30.1787106 ], [ -56.6646739, -30.1781981 ], [ -56.6639854, -30.1753368 ], [ -56.6646904, -30.1744081 ], [ -56.6650677, -30.173527699999987 ], [ -56.6644127, -30.171791099999986 ], [ -56.6634416, -30.1709248 ], [ -56.6632431, -30.1685418 ], [ -56.6633821, -30.1675887 ], [ -56.6629038, -30.1665016 ], [ -56.6628615, -30.1647568 ], [ -56.6643971, -30.1636327 ], [ -56.6645164, -30.1628204 ], [ -56.6663034, -30.1623835 ], [ -56.6666327, -30.1624379 ], [ -56.6669294, -30.1621977 ], [ -56.6672643, -30.1614857 ], [ -56.6672975, -30.1605385 ], [ -56.667191, -30.1601249 ], [ -56.6664987, -30.1594597 ], [ -56.666527, -30.1590832 ], [ -56.666987, -30.1582758 ], [ -56.6669094, -30.1579019 ], [ -56.6665323, -30.1573946 ], [ -56.6665553, -30.1570582 ], [ -56.66749, -30.1564819 ], [ -56.6682792, -30.1564592 ], [ -56.66881, -30.1566011 ], [ -56.6690805, -30.1564403 ], [ -56.6692149, -30.1560671 ], [ -56.6690651, -30.1551179 ], [ -56.6701219, -30.154064299999987 ], [ -56.6707871, -30.1538384 ], [ -56.6719422, -30.152947 ], [ -56.6722353, -30.1523949 ], [ -56.6726489, -30.1507454 ], [ -56.673014, -30.15021 ], [ -56.672859, -30.1494357 ], [ -56.6728497, -30.1469871 ], [ -56.6722391, -30.1469538 ], [ -56.6718585, -30.1466877 ], [ -56.6714062, -30.1454428 ], [ -56.6706275, -30.1444871 ], [ -56.6706039, -30.1421339 ], [ -56.6700719, -30.1417093 ], [ -56.6699882, -30.140834699999989 ], [ -56.6696446, -30.1404323 ], [ -56.671657, -30.1401658 ], [ -56.6727828, -30.1385 ], [ -56.6731884, -30.1365806 ], [ -56.673683, -30.1355982 ], [ -56.674314, -30.1355585 ], [ -56.6749168, -30.135271 ], [ -56.675958, -30.134034 ], [ -56.6767386, -30.1339315 ], [ -56.6767628, -30.13203110000001 ], [ -56.6772641, -30.1299402 ], [ -56.6771363, -30.1293776 ], [ -56.6772257, -30.1288618 ], [ -56.6770203, -30.1281502 ], [ -56.6770707, -30.127413 ], [ -56.6773856, -30.126783 ], [ -56.6780156, -30.1260655 ], [ -56.6782613, -30.125426 ], [ -56.6797941, -30.1253203 ], [ -56.6797565, -30.1233298 ], [ -56.6792847, -30.1220299 ], [ -56.6791697, -30.1210294 ], [ -56.6784458, -30.120086200000014 ], [ -56.6782761, -30.1181269 ], [ -56.6779464, -30.1178692 ], [ -56.6755953, -30.117017 ], [ -56.6745162, -30.116987 ], [ -56.6743098, -30.11717 ], [ -56.6731991, -30.1174285 ], [ -56.6723372, -30.1168656 ], [ -56.6712537, -30.1158201 ], [ -56.6706634, -30.1147809 ], [ -56.6706408, -30.1142794 ], [ -56.6708889, -30.113847899999985 ], [ -56.6727762, -30.1124084 ], [ -56.6725803, -30.1111 ], [ -56.6726702, -30.110141 ], [ -56.6728903, -30.1097064 ], [ -56.673847, -30.1093946 ], [ -56.6741361, -30.1091021 ], [ -56.6739068, -30.107965 ], [ -56.673632, -30.1074443 ], [ -56.6726704, -30.10719 ], [ -56.672048, -30.106492 ], [ -56.6721054, -30.1059601 ], [ -56.6730053, -30.1050047 ], [ -56.6731101, -30.1046682 ], [ -56.6730044, -30.1043191 ], [ -56.6723588, -30.1037914 ], [ -56.6715151, -30.1021106 ], [ -56.6715053, -30.1013875 ], [ -56.6718905, -30.1006523 ], [ -56.6707585, -30.0999421 ], [ -56.6702505, -30.0990098 ], [ -56.6693581, -30.0983276 ], [ -56.6690049, -30.0978238 ], [ -56.6687455, -30.0978749 ], [ -56.668323, -30.0983477 ], [ -56.667477, -30.09863 ], [ -56.6666196, -30.0976335 ], [ -56.6659884, -30.0971958 ], [ -56.6660779, -30.0965433 ], [ -56.665905, -30.0961537 ], [ -56.664614, -30.0963412 ], [ -56.6633356, -30.095160599999989 ], [ -56.661922, -30.0955923 ], [ -56.6607858, -30.0954423 ], [ -56.6600729, -30.0955435 ], [ -56.6592748, -30.0951193 ], [ -56.6579829, -30.0953011 ], [ -56.6576541, -30.0951715 ], [ -56.6569991, -30.094381 ], [ -56.6562658, -30.0942059 ], [ -56.6561493, -30.0946988 ], [ -56.6556619, -30.0951097 ], [ -56.6554518, -30.0955933 ], [ -56.6537631, -30.0948164 ], [ -56.6521983, -30.0949856 ], [ -56.6515055, -30.09464220000001 ], [ -56.6509317, -30.0939549 ], [ -56.6496381, -30.0935574 ], [ -56.6488372, -30.0929177 ], [ -56.6478982, -30.0926892 ], [ -56.6470328, -30.0917061 ], [ -56.6463098, -30.092081 ], [ -56.6454212, -30.0932342 ], [ -56.6457944, -30.0949309 ], [ -56.6455962, -30.0970378 ], [ -56.6452466, -30.0974615 ], [ -56.6446417, -30.0976419 ], [ -56.6436826, -30.098376 ], [ -56.6430438, -30.0981243 ], [ -56.6416891, -30.0981045 ], [ -56.6394499, -30.0987215 ], [ -56.6393014, -30.098934 ], [ -56.6394845, -30.0995846 ], [ -56.6393823, -30.1000052 ], [ -56.6380227, -30.1010728 ], [ -56.6365653, -30.1019175 ], [ -56.6362878, -30.1018971 ], [ -56.6355246, -30.1012421 ], [ -56.6342522, -30.100597 ], [ -56.6335769, -30.1013646 ], [ -56.6330151, -30.1016126 ], [ -56.6323352, -30.101645100000013 ], [ -56.6313554, -30.1006977 ], [ -56.6310117, -30.1007015 ], [ -56.6305267, -30.101014700000011 ], [ -56.6301304, -30.1006707 ], [ -56.6294432, -30.1006502 ], [ -56.6284808, -30.1013051 ], [ -56.6276822, -30.1023448 ], [ -56.6276973, -30.103090299999984 ], [ -56.6270249, -30.1036167 ], [ -56.6258199, -30.1033205 ], [ -56.6251743, -30.1029089 ], [ -56.6245918, -30.1029683 ], [ -56.6236137, -30.1024772 ], [ -56.6230497, -30.1017712 ], [ -56.6223025, -30.1012074 ], [ -56.6222495, -30.1006331 ], [ -56.6218135, -30.1005725 ], [ -56.6216371, -30.1003328 ], [ -56.6211825, -30.100320499999988 ], [ -56.6214436, -30.099681 ], [ -56.6227295, -30.098831299999986 ], [ -56.6233522, -30.0978919 ], [ -56.6232278, -30.0976023 ], [ -56.6221623, -30.0969389 ], [ -56.6218276, -30.096241 ], [ -56.6205707, -30.0965103 ], [ -56.6201336, -30.0971381 ], [ -56.6191107, -30.0965991 ], [ -56.6186355, -30.0957273 ], [ -56.6175193, -30.0948846 ], [ -56.6171109, -30.0947934 ], [ -56.6167954, -30.0948875 ], [ -56.616065, -30.0955016 ], [ -56.6147206, -30.0956586 ], [ -56.6129236, -30.096384 ], [ -56.6118295, -30.0964391 ], [ -56.611214, -30.0963095 ], [ -56.610727, -30.0957177 ], [ -56.6116064, -30.0943203 ], [ -56.6110108, -30.0937699 ], [ -56.6106269, -30.0936539 ], [ -56.6103438, -30.092868 ], [ -56.6104203, -30.092137 ], [ -56.6108691, -30.0914821 ], [ -56.6108262, -30.0910384 ], [ -56.6099305, -30.0904929 ], [ -56.6093957, -30.0897869 ], [ -56.6078859, -30.0887174 ], [ -56.6073567, -30.0876691 ], [ -56.6072179, -30.0868668 ], [ -56.6067802, -30.0862123 ], [ -56.6070157, -30.0844872 ], [ -56.6063542, -30.084015299999983 ], [ -56.6051647, -30.0835801 ], [ -56.6039555, -30.0822863 ], [ -56.6042846, -30.081278199999989 ], [ -56.6048895, -30.0804118 ], [ -56.6067094, -30.0808181 ], [ -56.60712, -30.0806133 ], [ -56.6074027, -30.0796706 ], [ -56.6079844, -30.0793513 ], [ -56.6078808, -30.0786069 ], [ -56.6079977, -30.0779467 ], [ -56.6069149, -30.0770688 ], [ -56.6055609, -30.0766397 ], [ -56.6053993, -30.0764651 ], [ -56.6052823, -30.0749181 ], [ -56.6043382, -30.0738197 ], [ -56.6050731, -30.0722818 ], [ -56.6047263, -30.0714732 ], [ -56.6040727, -30.0709443 ], [ -56.6026672, -30.0713947 ], [ -56.6011043, -30.0710989 ], [ -56.6007363, -30.0708632 ], [ -56.5996239, -30.0693758 ], [ -56.6000447, -30.0682807 ], [ -56.5996629, -30.066740799999987 ], [ -56.5985731, -30.0656845 ], [ -56.5966573, -30.0653008 ], [ -56.5957104, -30.0641322 ], [ -56.595412, -30.0632357 ], [ -56.5966386, -30.0620695 ], [ -56.5967377, -30.0617095 ], [ -56.5946459, -30.0610483 ], [ -56.5942845, -30.0594817 ], [ -56.5945537, -30.0590586 ], [ -56.5955529, -30.058487 ], [ -56.5955116, -30.0578565 ], [ -56.5946879, -30.0573518 ], [ -56.5936, -30.0572106 ], [ -56.593254, -30.0569596 ], [ -56.5931157, -30.0551697 ], [ -56.5929255, -30.054836 ], [ -56.5921403, -30.0549131 ], [ -56.5910394, -30.054782699999983 ], [ -56.5897754, -30.0552876 ], [ -56.5884043, -30.0553206 ], [ -56.5881932, -30.0535895 ], [ -56.5891327, -30.0527387 ], [ -56.5893018, -30.0519562 ], [ -56.5897637, -30.0514836 ], [ -56.5899589, -30.0511034 ], [ -56.5898808, -30.0509237 ], [ -56.5889709, -30.0505982 ], [ -56.5885036, -30.0507872 ], [ -56.587885, -30.0506749 ], [ -56.5872495, -30.050817 ], [ -56.5866234, -30.0505653 ], [ -56.586284, -30.050244 ], [ -56.5860742, -30.049571 ], [ -56.5852522, -30.0485228 ], [ -56.5846845, -30.0485715 ], [ -56.5841324, -30.0483347 ], [ -56.5829294, -30.0473187 ], [ -56.5823166, -30.0472989 ], [ -56.581375, -30.0475251 ], [ -56.5802319, -30.047351 ], [ -56.57937, -30.047975 ], [ -56.5787132, -30.046690899999984 ], [ -56.5791151, -30.0455468 ], [ -56.5790438, -30.045361399999983 ], [ -56.5780188, -30.0448539 ], [ -56.5771342, -30.0446719 ], [ -56.57614, -30.0437781 ], [ -56.5755206, -30.0434536 ], [ -56.574552, -30.0431703 ], [ -56.5737775, -30.043279 ], [ -56.5728221, -30.0425802 ], [ -56.5719094, -30.0425877 ], [ -56.5711819, -30.0428207 ], [ -56.57117, -30.043089 ], [ -56.5709042, -30.0430984 ], [ -56.5705467, -30.0424223 ], [ -56.5696083, -30.0416366 ], [ -56.5698551, -30.04046880000001 ], [ -56.5705357, -30.0396861 ], [ -56.5708313, -30.0390708 ], [ -56.5705074, -30.0381763 ], [ -56.5715266, -30.037391 ], [ -56.5725163, -30.0375467 ], [ -56.5732614, -30.0374368 ], [ -56.57347, -30.0363058 ], [ -56.5737187, -30.0358128 ], [ -56.5747015, -30.0349706 ], [ -56.5750717, -30.0342261 ], [ -56.5729607, -30.0332877 ], [ -56.5725793, -30.0325097 ], [ -56.5725708, -30.0319873 ], [ -56.5731909, -30.0317308 ], [ -56.5744587, -30.0304488 ], [ -56.5745115, -30.029173 ], [ -56.5742754, -30.0282716 ], [ -56.5744124, -30.0273381 ], [ -56.5729026, -30.0262968 ], [ -56.5724801, -30.0249377 ], [ -56.5718377, -30.0244081 ], [ -56.5712386, -30.0232322 ], [ -56.5711818, -30.0219873 ], [ -56.5697193, -30.0219106 ], [ -56.5685034, -30.0213467 ], [ -56.5682296, -30.0210454 ], [ -56.5683541, -30.0205008 ], [ -56.5682632, -30.0198979 ], [ -56.5688206, -30.0194516 ], [ -56.5689492, -30.0190785 ], [ -56.5686924, -30.0178703 ], [ -56.5687424, -30.0149133 ], [ -56.5693605, -30.014029 ], [ -56.570743, -30.0131907 ], [ -56.5715353, -30.0130157 ], [ -56.5720151, -30.0125429 ], [ -56.5716062, -30.0112542 ], [ -56.5699933, -30.0113755 ], [ -56.5684967, -30.0102411 ], [ -56.5684066, -30.0097235 ], [ -56.5686402, -30.008911 ], [ -56.5685251, -30.0082662 ], [ -56.5686219, -30.0077478 ], [ -56.5680482, -30.0063093 ], [ -56.5665352, -30.005658300000011 ], [ -56.5654661, -30.0055055 ], [ -56.564325, -30.004881 ], [ -56.5636806, -30.003393 ], [ -56.5638118, -30.0028567 ], [ -56.5624191, -30.001888 ], [ -56.5619256, -30.0010395 ], [ -56.5615462, -30.000709699999987 ], [ -56.5614221, -29.9994351 ], [ -56.5610472, -29.9984824 ], [ -56.559626, -29.9982873 ], [ -56.5589435, -29.9978168 ], [ -56.5580796, -29.9985441 ], [ -56.5577364, -29.9985921 ], [ -56.5573177, -29.9982736 ], [ -56.556714, -29.9974222 ], [ -56.5560743, -29.9974594 ], [ -56.5555152, -29.997227 ], [ -56.5544177, -29.9966323 ], [ -56.5540437, -29.9962345 ], [ -56.5537357, -29.996384599999988 ], [ -56.5536091, -29.9973798 ], [ -56.5529408, -29.9984499 ], [ -56.552631, -29.9993621 ], [ -56.5527144, -30.0007498 ], [ -56.5518722, -30.0009743 ], [ -56.5508898, -30.0017107 ], [ -56.5493653, -30.0007751 ], [ -56.5488821, -30.000104 ], [ -56.5481775, -29.9996319 ], [ -56.5476655, -29.9989884 ], [ -56.5463355, -29.9984546 ], [ -56.5450576, -29.9983112 ], [ -56.5447429, -29.9973979 ], [ -56.5444059, -29.9970649 ], [ -56.5438082, -29.9970092 ], [ -56.543088, -29.9971946 ], [ -56.541934, -29.9969344 ], [ -56.5414795, -29.9966016 ], [ -56.5405846, -29.9954564 ], [ -56.5395587, -29.9954609 ], [ -56.538359, -29.9943382 ], [ -56.5374204, -29.993831 ], [ -56.5364032, -29.9926797 ], [ -56.535212, -29.9924295 ], [ -56.5345679, -29.9912127 ], [ -56.5338235, -29.9912461 ], [ -56.5332228, -29.9920583 ], [ -56.533202, -29.9923977 ], [ -56.5336603, -29.9931986 ], [ -56.5333257, -29.9941416 ], [ -56.5329452, -29.994442 ], [ -56.5319507, -29.9945942 ], [ -56.5316896, -29.9947642 ], [ -56.5313999, -29.9935224 ], [ -56.53052, -29.9923485 ], [ -56.5290552, -29.9919798 ], [ -56.5279318, -29.9920131 ], [ -56.5272926, -29.9922652 ], [ -56.5269705, -29.991552799999987 ], [ -56.5266236, -29.9912401 ], [ -56.5261781, -29.9912056 ], [ -56.5256565, -29.9913686 ], [ -56.5253338, -29.9912559 ], [ -56.525133, -29.9910197 ], [ -56.5247173, -29.9896387 ], [ -56.5242774, -29.9889734 ], [ -56.5243659, -29.987555499999988 ], [ -56.5231568, -29.986482899999988 ], [ -56.5221421, -29.9866013 ], [ -56.5218803, -29.9859132 ], [ -56.5206172, -29.9847953 ], [ -56.5201249, -29.9848131 ], [ -56.5197238, -29.9850446 ], [ -56.5180897, -29.9847911 ], [ -56.517125, -29.9854062 ], [ -56.5167369, -29.9864319 ], [ -56.5163103, -29.9866217 ], [ -56.5155327, -29.9883028 ], [ -56.5140547, -29.989563 ], [ -56.5135806, -29.9907992 ], [ -56.5126861, -29.9916489 ], [ -56.5123771, -29.9916077 ], [ -56.5119987, -29.9911513 ], [ -56.5107902, -29.9921809 ], [ -56.5092308, -29.992224 ], [ -56.5085359, -29.9918803 ], [ -56.5082146, -29.9912381 ], [ -56.507957, -29.991233899999987 ], [ -56.5072547, -29.9916533 ], [ -56.506598, -29.9917022 ], [ -56.5057142, -29.9912094 ], [ -56.5043411, -29.990789 ], [ -56.5032857, -29.9901524 ], [ -56.502369, -29.9905303 ], [ -56.5011054, -29.990655499999988 ], [ -56.5007137, -29.9909455 ], [ -56.5001449, -29.9915835 ], [ -56.4996528, -29.9924995 ], [ -56.4992368, -29.992820899999984 ], [ -56.4992335, -29.994313899999984 ], [ -56.4989748, -29.9946375 ], [ -56.4990088, -29.995054 ], [ -56.4999052, -29.9957726 ], [ -56.5009326, -29.9953491 ], [ -56.5020823, -29.9953791 ], [ -56.502513, -29.9960151 ], [ -56.5024838, -29.9970145 ], [ -56.5029395, -29.9972255 ], [ -56.5038048, -29.997085 ], [ -56.5034566, -29.9977664 ], [ -56.5032544, -29.999363299999985 ], [ -56.5050594, -29.9995178 ], [ -56.5055014, -29.9997896 ], [ -56.5056896, -30.0012835 ], [ -56.5063106, -30.0025143 ], [ -56.5063124, -30.0027947 ], [ -56.5055189, -30.0035449 ], [ -56.5047673, -30.003133499999983 ], [ -56.5038879, -30.0031492 ], [ -56.5032137, -30.003867899999989 ], [ -56.5018827, -30.004325 ], [ -56.5008839, -30.0063289 ], [ -56.5005087, -30.0065937 ], [ -56.4999743, -30.0064726 ], [ -56.4995668, -30.0065662 ], [ -56.4988871, -30.0077021 ], [ -56.4980035, -30.0070977 ], [ -56.4970034, -30.0074316 ], [ -56.4968423, -30.0076968 ], [ -56.4972628, -30.0084159 ], [ -56.4970839, -30.0095241 ], [ -56.4972925, -30.0100431 ], [ -56.4960917, -30.010091 ], [ -56.495249, -30.0106532 ], [ -56.4950068, -30.0118466 ], [ -56.4947042, -30.0121828 ], [ -56.4931258, -30.0119876 ], [ -56.4920998, -30.0128965 ], [ -56.491853, -30.0134889 ], [ -56.491881, -30.0141122 ], [ -56.4907906, -30.0146742 ], [ -56.4896606, -30.0148804 ], [ -56.489378, -30.0160464 ], [ -56.4881805, -30.0168457 ], [ -56.4873515, -30.0188094 ], [ -56.4871202, -30.0198756 ], [ -56.48776, -30.0204885 ], [ -56.4880039, -30.0211958 ], [ -56.4873439, -30.0221875 ], [ -56.4875702, -30.0233765 ], [ -56.4871099, -30.023205 ], [ -56.4865566, -30.023447600000011 ], [ -56.484169, -30.0258558 ], [ -56.4829045, -30.0259408 ], [ -56.4822833, -30.026395 ], [ -56.4810183, -30.0260633 ], [ -56.4804898, -30.0254529 ], [ -56.47944, -30.0255402 ], [ -56.4776151, -30.0249156 ], [ -56.4764567, -30.0236721 ], [ -56.4771534, -30.023615 ], [ -56.4777919, -30.0232539 ], [ -56.4775172, -30.0226562 ], [ -56.4770735, -30.0223987 ], [ -56.4770146, -30.0219877 ], [ -56.4753927, -30.0218542 ], [ -56.4740546, -30.0205236 ], [ -56.4729997, -30.018742199999988 ], [ -56.4722596, -30.0184442 ], [ -56.4716268, -30.018831100000011 ], [ -56.4713059, -30.0188192 ], [ -56.4705874, -30.017389499999986 ], [ -56.4699623, -30.017073 ], [ -56.4690092, -30.0168555 ], [ -56.4678687, -30.015763 ], [ -56.4675701, -30.015043200000012 ], [ -56.4670432, -30.014807 ], [ -56.4663501, -30.0148111 ], [ -56.465995, -30.0151139 ], [ -56.4659795, -30.0154542 ], [ -56.4663232, -30.016027 ], [ -56.4654249, -30.0171922 ], [ -56.4644293, -30.0170403 ], [ -56.4634589, -30.0172394 ], [ -56.4623017, -30.016991800000014 ], [ -56.4613255, -30.0170869 ], [ -56.4614008, -30.0182399 ], [ -56.4611067, -30.018785199999989 ], [ -56.460793, -30.0189133 ], [ -56.4588818, -30.018599 ], [ -56.4574529, -30.0179136 ], [ -56.4565045, -30.0176925 ], [ -56.4559514, -30.0168484 ], [ -56.4559034, -30.0158766 ], [ -56.4553846, -30.016090099999985 ], [ -56.4544316, -30.0162086 ], [ -56.4529628, -30.0168008 ], [ -56.4521728, -30.017449 ], [ -56.4515084, -30.017675 ], [ -56.4504792, -30.018598 ], [ -56.4501768, -30.0187117 ], [ -56.4495846, -30.0192654 ], [ -56.4494657, -30.0199453 ], [ -56.4490055, -30.0205997 ], [ -56.4482369, -30.0202395 ], [ -56.4471545, -30.0193844 ], [ -56.447178, -30.0187653 ], [ -56.4469065, -30.0184645 ], [ -56.4454231, -30.0178745 ], [ -56.4439263, -30.0176129 ], [ -56.4424905, -30.019154800000013 ], [ -56.4417366, -30.0194878 ], [ -56.4421122, -30.0204398 ], [ -56.4427912, -30.0210225 ], [ -56.4427928, -30.0212954 ], [ -56.4425442, -30.0215794 ], [ -56.4407698, -30.0223204 ], [ -56.4404502, -30.0226807 ], [ -56.4402616, -30.0233145 ], [ -56.4399604, -30.0235796 ], [ -56.4387101, -30.0236209 ], [ -56.4379047, -30.0232104 ], [ -56.4371528, -30.0234707 ], [ -56.4367598, -30.0239032 ], [ -56.4359033, -30.02421 ], [ -56.4359178, -30.0249702 ], [ -56.4364639, -30.025341 ], [ -56.4357754, -30.025922799999986 ], [ -56.435541, -30.0265543 ], [ -56.4346409, -30.0267205 ], [ -56.4332354, -30.0265439 ], [ -56.4321483, -30.0273605 ], [ -56.4322357, -30.0287807 ], [ -56.4319235, -30.0294137 ], [ -56.4308558, -30.0307466 ], [ -56.429671, -30.0312135 ], [ -56.4292366, -30.0317101 ], [ -56.4287677, -30.0319714 ], [ -56.4280443, -30.0319615 ], [ -56.4274418, -30.0317082 ], [ -56.426745, -30.031821 ], [ -56.4264578, -30.0322308 ], [ -56.4264721, -30.033539 ], [ -56.4266013, -30.0338371 ], [ -56.4272034, -30.0343051 ], [ -56.427207, -30.0346272 ], [ -56.4251805, -30.0343171 ], [ -56.424359, -30.0345765 ], [ -56.4237505, -30.0349791 ], [ -56.4221194, -30.0351263 ], [ -56.4217819, -30.035458 ], [ -56.4214588, -30.0367101 ], [ -56.4207383, -30.0366399 ], [ -56.4193568, -30.0359229 ], [ -56.4183463, -30.035839 ], [ -56.4175699, -30.035599 ], [ -56.4179321, -30.0368472 ], [ -56.4183404, -30.0374121 ], [ -56.4183132, -30.037665 ], [ -56.4165603, -30.038456 ], [ -56.4159032, -30.0392101 ], [ -56.4152682, -30.0391359 ], [ -56.4137268, -30.03844 ], [ -56.4129241, -30.0391474 ], [ -56.409712, -30.0395304 ], [ -56.4092365, -30.0397657 ], [ -56.4080412, -30.0397083 ], [ -56.4070106, -30.039259800000014 ], [ -56.4062437, -30.0393689 ], [ -56.4052059, -30.0388291 ], [ -56.4049662, -30.0381818 ], [ -56.4046939, -30.0378991 ], [ -56.4040384, -30.0376003 ], [ -56.4028953, -30.0374133 ], [ -56.401804, -30.0363312 ], [ -56.4014587, -30.035876799999986 ], [ -56.4014587, -30.0355991 ], [ -56.4003476, -30.035043499999983 ], [ -56.4005657, -30.0335208 ], [ -56.399767, -30.0323786 ], [ -56.3987842, -30.0316282 ], [ -56.3985794, -30.0306752 ], [ -56.3979187, -30.029825799999987 ], [ -56.3983761, -30.0288912 ], [ -56.3984031, -30.0272657 ], [ -56.3964262, -30.026735700000017 ], [ -56.3953239, -30.026712 ], [ -56.3949264, -30.0268106 ], [ -56.393854, -30.0277014 ], [ -56.3931253, -30.0278213 ], [ -56.3930653, -30.0271858 ], [ -56.3926299, -30.0265654 ], [ -56.3921982, -30.0254653 ], [ -56.3905492, -30.0255486 ], [ -56.3898901, -30.0252462 ], [ -56.3891032, -30.0245738 ], [ -56.3881109, -30.0244843 ], [ -56.3876764, -30.0247037 ], [ -56.3872008, -30.0242861 ], [ -56.3865535, -30.0241359 ], [ -56.3861476, -30.0229958 ], [ -56.3851261, -30.0221149 ], [ -56.3851303, -30.0206433 ], [ -56.3842187, -30.0203428 ], [ -56.3833265, -30.020372 ], [ -56.3823958, -30.0213155 ], [ -56.3818298, -30.0206697 ], [ -56.3802401, -30.0197718 ], [ -56.3800971, -30.0193908 ], [ -56.3802132, -30.0187127 ], [ -56.379005, -30.0178566 ], [ -56.3789802, -30.0173164 ], [ -56.3792303, -30.0165635 ], [ -56.37915, -30.0160498 ], [ -56.3779552, -30.0157786 ], [ -56.3776375, -30.0154649 ], [ -56.3777007, -30.0151524 ], [ -56.3782996, -30.014684 ], [ -56.378287, -30.0142374 ], [ -56.3778199, -30.013775 ], [ -56.3774558, -30.01366 ], [ -56.3765694, -30.0136701 ], [ -56.3759029, -30.0139325 ], [ -56.3758676, -30.0124866 ], [ -56.3751086, -30.0114338 ], [ -56.3756036, -30.0104797 ], [ -56.3756251, -30.0100436 ], [ -56.3753854, -30.009728 ], [ -56.3756059, -30.009257099999989 ], [ -56.3756519, -30.0079875 ], [ -56.3761845, -30.007281399999989 ], [ -56.3752235, -30.0054124 ], [ -56.3744021, -30.0048721 ], [ -56.3723301, -30.005312 ], [ -56.3716963, -30.0052726 ], [ -56.3711806, -30.0050436 ], [ -56.3708152, -30.003824899999984 ], [ -56.3699303, -30.0033406 ], [ -56.3693304, -30.002323 ], [ -56.3677286, -30.0012484 ], [ -56.3668023, -30.0008247 ], [ -56.3665067, -30.0004096 ], [ -56.3664583, -29.9997658 ], [ -56.365471, -29.9999418 ], [ -56.3633082, -29.999438 ], [ -56.362901, -29.9990747 ], [ -56.3624203, -29.9979314 ], [ -56.361817, -29.9978307 ], [ -56.3610421, -29.997962699999984 ], [ -56.3607566, -29.9970976 ], [ -56.3602013, -29.9969937 ], [ -56.3593069, -29.9974544 ], [ -56.3586805, -29.9975436 ], [ -56.3588643, -29.9991081 ], [ -56.358635, -29.9996311 ], [ -56.3582908, -29.9999513 ], [ -56.3576275, -30.0001811 ], [ -56.3566309, -30.0013495 ], [ -56.3546902, -30.0014777 ], [ -56.3542237, -30.0017131 ], [ -56.3532889, -30.001184 ], [ -56.3527243, -30.0011657 ], [ -56.3522916, -30.0017103 ], [ -56.3521762, -30.002208 ], [ -56.3516259, -30.0027379 ], [ -56.3508364, -30.0014871 ], [ -56.3501492, -30.0011531 ], [ -56.3492318, -30.0019617 ], [ -56.3484031, -30.0022194 ], [ -56.3473915, -30.0020903 ], [ -56.3464478, -30.0030524 ], [ -56.346024, -30.0030163 ], [ -56.34457, -30.0021053 ], [ -56.3428885, -30.0030023 ], [ -56.343115, -30.0035362 ], [ -56.3430455, -30.004053399999989 ], [ -56.342065, -30.0043431 ], [ -56.3413854, -30.005264 ], [ -56.3406065, -30.0058816 ], [ -56.3399471, -30.0048623 ], [ -56.3388418, -30.0040212 ], [ -56.3375636, -30.0037074 ], [ -56.3368056, -30.003807 ], [ -56.3365594, -30.0035767 ], [ -56.3363654, -30.0029894 ], [ -56.3360742, -30.0028377 ], [ -56.3346351, -30.0031551 ], [ -56.3321873, -30.0049602 ], [ -56.331039, -30.0054292 ], [ -56.3307996, -30.0069069 ], [ -56.3299347, -30.0075838 ], [ -56.3291911, -30.0085269 ], [ -56.3268408, -30.0090167 ], [ -56.3251514, -30.0099868 ], [ -56.3229633, -30.0104135 ], [ -56.3221801, -30.0110682 ], [ -56.3212175, -30.0115603 ], [ -56.320965, -30.0119157 ], [ -56.3210445, -30.0124838 ], [ -56.3201325, -30.0135201 ], [ -56.3201488, -30.0139929 ], [ -56.320347, -30.0142105 ], [ -56.3203237, -30.014992 ], [ -56.3192359, -30.0150438 ], [ -56.3189704, -30.0156798 ], [ -56.31853, -30.0159778 ], [ -56.3168759, -30.0178699 ], [ -56.3166351, -30.0185144 ], [ -56.314678, -30.0179268 ], [ -56.3145137, -30.0181605 ], [ -56.3145137, -30.0189327 ], [ -56.3126447, -30.018937599999987 ], [ -56.3116034, -30.0191868 ], [ -56.3085811, -30.0193001 ], [ -56.3076663, -30.0203932 ], [ -56.3078469, -30.0212879 ], [ -56.3077387, -30.0215323 ], [ -56.3074295, -30.0216997 ], [ -56.3065933, -30.021611499999988 ], [ -56.3063599, -30.0206782 ], [ -56.3058863, -30.0198716 ], [ -56.3055235, -30.019568299999982 ], [ -56.3044986, -30.019208599999988 ], [ -56.3035343, -30.0198735 ], [ -56.3033176, -30.0207212 ], [ -56.3027893, -30.0210509 ], [ -56.3018472, -30.0208025 ], [ -56.3002213, -30.0198446 ], [ -56.2995263, -30.0197893 ], [ -56.2990945, -30.0200679 ], [ -56.2988169, -30.0208398 ], [ -56.2977919, -30.0218604 ], [ -56.2971632, -30.021464 ], [ -56.2953726, -30.0214746 ], [ -56.2951234, -30.0216827 ], [ -56.2949304, -30.0224104 ], [ -56.2937096, -30.022307 ], [ -56.2926093, -30.0227509 ], [ -56.2918749, -30.0225655 ], [ -56.2909446, -30.0225865 ], [ -56.290396, -30.023018 ], [ -56.2890795, -30.0231985 ], [ -56.2883733, -30.0238932 ], [ -56.2877728, -30.0238865 ], [ -56.2868264, -30.0234353 ], [ -56.2848701, -30.022873 ], [ -56.28365, -30.0228257 ], [ -56.2821599, -30.023336199999989 ], [ -56.2813156, -30.0234216 ], [ -56.2801395, -30.0238984 ], [ -56.2790392, -30.0239422 ], [ -56.2789009, -30.024193 ], [ -56.2784024, -30.0242106 ], [ -56.27831, -30.0244028 ], [ -56.277667, -30.0247452 ], [ -56.2758527, -30.0247916 ], [ -56.2756246, -30.025044 ], [ -56.2725456, -30.0258398 ], [ -56.270267, -30.0259449 ], [ -56.2701157, -30.0262934 ], [ -56.2704179, -30.026820299999986 ], [ -56.2713428, -30.0270803 ], [ -56.271685, -30.0274167 ], [ -56.2716469, -30.028574399999986 ], [ -56.2713447, -30.028839100000013 ], [ -56.2705026, -30.0290553 ], [ -56.2702428, -30.0298614 ], [ -56.2696022, -30.0302101 ], [ -56.2691034, -30.0313214 ], [ -56.267571, -30.0311616 ], [ -56.2662861, -30.0315167 ], [ -56.2654789, -30.0323729 ], [ -56.2652806, -30.0332344 ], [ -56.2649113, -30.0335975 ], [ -56.2646229, -30.0335898 ], [ -56.2636801, -30.0330996 ], [ -56.2627684, -30.0348896 ], [ -56.2620926, -30.0353844 ], [ -56.2610444, -30.0366104 ], [ -56.2602039, -30.0371149 ], [ -56.2605055, -30.037654 ], [ -56.2603067, -30.0382417 ], [ -56.2599377, -30.0388247 ], [ -56.2593276, -30.039101499999987 ], [ -56.2589579, -30.0397663 ], [ -56.2588836, -30.0402552 ], [ -56.2584266, -30.040746399999986 ], [ -56.2584126, -30.0417879 ], [ -56.2586801, -30.0422663 ], [ -56.2579382, -30.0423754 ], [ -56.2568418, -30.0430519 ], [ -56.2557607, -30.0434849 ], [ -56.2547912, -30.0444885 ], [ -56.2541617, -30.0442968 ], [ -56.253812, -30.0446456 ], [ -56.2532551, -30.044867 ], [ -56.2529055, -30.0454663 ], [ -56.2528187, -30.0466779 ], [ -56.2526038, -30.0469796 ], [ -56.2520638, -30.0472049 ], [ -56.2512803, -30.0470365 ], [ -56.2505968, -30.0472218 ], [ -56.2491534, -30.047317 ], [ -56.2487564, -30.0476039 ], [ -56.2484023, -30.0483774 ], [ -56.2469125, -30.0483208 ], [ -56.2460331, -30.0476498 ], [ -56.2457785, -30.0482598 ], [ -56.2450689, -30.048933 ], [ -56.2440431, -30.049187199999988 ], [ -56.2426689, -30.0485774 ], [ -56.2423636, -30.0482268 ], [ -56.2421914, -30.0476179 ], [ -56.2417207, -30.0472888 ], [ -56.2409337, -30.0472865 ], [ -56.2396977, -30.0476086 ], [ -56.239193, -30.048200699999988 ], [ -56.2386609, -30.0483499 ], [ -56.2382324, -30.0482917 ], [ -56.2373637, -30.0478704 ], [ -56.2363124, -30.047663 ], [ -56.2354854, -30.0484825 ], [ -56.2350257, -30.0493614 ], [ -56.2339012, -30.0497428 ], [ -56.23368, -30.04976640000001 ], [ -56.233658, -30.0495312 ], [ -56.233423, -30.049447 ], [ -56.2332759, -30.048933199999983 ], [ -56.2331244, -30.048933 ], [ -56.2329712, -30.049379699999985 ], [ -56.2324033, -30.0497033 ], [ -56.2313462, -30.0493262 ], [ -56.2309407, -30.0494115 ], [ -56.2300989, -30.0492166 ], [ -56.2293513, -30.0492931 ], [ -56.2290512, -30.0495573 ], [ -56.2285585, -30.0505034 ], [ -56.2280227, -30.0507971 ], [ -56.2269367, -30.0509367 ], [ -56.2256431, -30.0515552 ], [ -56.2251392, -30.0515387 ], [ -56.2237708, -30.0520578 ], [ -56.2234515, -30.0524038 ], [ -56.2231244, -30.0539331 ], [ -56.2226259, -30.0539155 ], [ -56.2224599, -30.053659099999983 ], [ -56.2217355, -30.0536553 ], [ -56.2209912, -30.053149599999983 ], [ -56.2191953, -30.05308 ], [ -56.2178651, -30.05286 ], [ -56.2169915, -30.0533354 ], [ -56.2148934, -30.0534583 ], [ -56.2139148, -30.0541723 ], [ -56.2128466, -30.0542109 ], [ -56.2127741, -30.0554458 ], [ -56.211721, -30.0558543 ], [ -56.2109332, -30.0558471 ], [ -56.209984, -30.0556071 ], [ -56.2071266, -30.0555869 ], [ -56.2059868, -30.0553502 ], [ -56.205673, -30.0554516 ], [ -56.2049523, -30.0560693 ], [ -56.2045124, -30.0561211 ], [ -56.2034501, -30.0557535 ], [ -56.2026431, -30.0545486 ], [ -56.2014576, -30.0544887 ], [ -56.2007891, -30.0549538 ], [ -56.2002101, -30.05515590000001 ], [ -56.1996682, -30.0557807 ], [ -56.198454, -30.0560112 ], [ -56.1977927, -30.0571315 ], [ -56.1967275, -30.0574455 ], [ -56.1962597, -30.0582537 ], [ -56.195902, -30.0583776 ], [ -56.1956524, -30.0587138 ], [ -56.1956079, -30.0594033 ], [ -56.1953307, -30.059769 ], [ -56.1939135, -30.058505 ], [ -56.1929709, -30.058001 ], [ -56.1923787, -30.0573773 ], [ -56.1919249, -30.0562934 ], [ -56.1912599, -30.0566449 ], [ -56.1908289, -30.056702499999989 ], [ -56.1890724, -30.0563445 ], [ -56.1876963, -30.0552811 ], [ -56.1875686, -30.0544888 ], [ -56.1873148, -30.054353 ], [ -56.1872322, -30.0537017 ], [ -56.1868009, -30.0536037 ], [ -56.1866371, -30.0534069 ], [ -56.1849872, -30.0530906 ], [ -56.1830365, -30.0534303 ], [ -56.1818385, -30.0539465 ], [ -56.1814841, -30.0545018 ], [ -56.1816938, -30.0559215 ], [ -56.1811559, -30.0563281 ], [ -56.1805425, -30.0563818 ], [ -56.1796795, -30.0559624 ], [ -56.1792415, -30.0559146 ], [ -56.1789942, -30.0561649 ], [ -56.1789575, -30.056711 ], [ -56.1758751, -30.0575174 ], [ -56.175047, -30.0573849 ], [ -56.1748298, -30.0569749 ], [ -56.1750686, -30.0564333 ], [ -56.1744257, -30.056367399999989 ], [ -56.1737727, -30.0560751 ], [ -56.173267, -30.0551738 ], [ -56.1729194, -30.0551953 ], [ -56.1717225, -30.054519699999986 ], [ -56.1703463, -30.054488799999987 ], [ -56.1705981, -30.0553045 ], [ -56.1701399, -30.0565911 ], [ -56.1700171, -30.0575932 ], [ -56.1697897, -30.0577803 ], [ -56.169436, -30.0577771 ], [ -56.1676738, -30.057185099999987 ], [ -56.1662587, -30.0562101 ], [ -56.1635259, -30.0561673 ], [ -56.1627497, -30.0564885 ], [ -56.1622446, -30.0574163 ], [ -56.1608105, -30.0582846 ], [ -56.1594324, -30.0581515 ], [ -56.1585087, -30.0584586 ], [ -56.1578894, -30.058929 ], [ -56.1575804, -30.0589239 ], [ -56.1575521, -30.0586541 ], [ -56.1563548, -30.0589906 ], [ -56.1556671, -30.0594423 ], [ -56.1549105, -30.0592284 ], [ -56.1534018, -30.0592111 ], [ -56.153413509524249, -30.059644102112667 ], [ -56.1562, -30.0638 ], [ -56.1615, -30.0633 ], [ -56.1627, -30.0638 ], [ -56.165, -30.0683 ], [ -56.171, -30.074 ], [ -56.1714, -30.0774 ], [ -56.1762, -30.0796 ], [ -56.1818, -30.0859 ], [ -56.1917, -30.0868 ], [ -56.195, -30.0894 ], [ -56.2, -30.088 ], [ -56.2101, -30.0896 ], [ -56.2133, -30.0913 ], [ -56.2161, -30.0897 ], [ -56.2198, -30.0922 ], [ -56.2246, -30.0914 ], [ -56.231, -30.0918 ], [ -56.2353, -30.0938 ], [ -56.2396, -30.097 ], [ -56.2464, -30.0987 ], [ -56.249, -30.1023 ], [ -56.2505, -30.103 ], [ -56.2558, -30.1023 ], [ -56.2576, -30.1034 ], [ -56.2588, -30.1062 ], [ -56.2643, -30.1075 ], [ -56.269, -30.1104 ], [ -56.2784, -30.1141 ], [ -56.2804, -30.1144 ], [ -56.2905, -30.1123 ], [ -56.2931, -30.113 ], [ -56.299, -30.1168 ], [ -56.304, -30.1165 ], [ -56.3081, -30.1146 ], [ -56.3105, -30.1148 ], [ -56.3178, -30.1194 ], [ -56.3205, -30.1201 ], [ -56.3312, -30.1197 ], [ -56.335, -30.1188 ], [ -56.3392, -30.1189 ], [ -56.3426, -30.1206 ], [ -56.3487, -30.1193 ], [ -56.3536, -30.1152 ], [ -56.3585, -30.113 ], [ -56.365, -30.113 ], [ -56.3699, -30.1155 ], [ -56.3752, -30.1162 ], [ -56.3791, -30.1178 ], [ -56.3893, -30.1151 ], [ -56.3942, -30.1152 ], [ -56.3994, -30.1165 ], [ -56.406, -30.1163 ], [ -56.413, -30.1208 ], [ -56.4169, -30.1218 ], [ -56.4261, -30.1208 ], [ -56.4304, -30.124 ], [ -56.4337, -30.1249 ], [ -56.4358, -30.1323 ], [ -56.4396, -30.1369 ], [ -56.4454, -30.1373 ], [ -56.4492, -30.1393 ], [ -56.4599, -30.1408 ], [ -56.4608, -30.1424 ], [ -56.4621, -30.1429 ], [ -56.466, -30.1418 ], [ -56.4726, -30.1434 ], [ -56.4776, -30.1458 ], [ -56.4803, -30.1495 ], [ -56.4822, -30.1504 ], [ -56.489, -30.15 ], [ -56.5006, -30.1475 ], [ -56.5037, -30.1481 ], [ -56.5059, -30.1497 ], [ -56.5094, -30.1564 ], [ -56.5128, -30.159 ], [ -56.5151, -30.1587 ], [ -56.5178, -30.1567 ], [ -56.5249, -30.1487 ], [ -56.5295, -30.1473 ], [ -56.535, -30.1444 ], [ -56.5448, -30.1352 ], [ -56.5468, -30.1343 ], [ -56.5621, -30.1456 ], [ -56.5686, -30.1467 ], [ -56.574, -30.1453 ], [ -56.5785, -30.1452 ], [ -56.5808, -30.1442 ], [ -56.584, -30.1443 ], [ -56.5876, -30.1448 ], [ -56.5907, -30.1465 ], [ -56.5942, -30.1458 ], [ -56.6002, -30.1481 ], [ -56.614, -30.1584 ], [ -56.6154, -30.1623 ], [ -56.6212, -30.1691 ], [ -56.6249, -30.1753 ], [ -56.6243, -30.1799 ], [ -56.6252, -30.183 ], [ -56.6434, -30.1869 ], [ -56.6483, -30.1872 ], [ -56.6509, -30.1884 ], [ -56.6528, -30.1924 ], [ -56.6541, -30.1983 ], [ -56.6580539, -30.2012207 ] ] ] } },
{ "type": "Feature", "properties": { "wts_pk": 137978, "codigo_otto": "8245", "nivel_otto_declarado": 4, "area_m2_bho": 2327.369237092812, "nivel_otto": 4 }, "geometry": { "type": "MultiPolygon", "coordinates": [ [ [ [ -56.6797941, -30.1253203 ], [ -56.6782613, -30.125426 ], [ -56.6780156, -30.1260655 ], [ -56.6773856, -30.126783 ], [ -56.6770707, -30.127413 ], [ -56.6770203, -30.1281502 ], [ -56.6772257, -30.1288618 ], [ -56.6771363, -30.1293776 ], [ -56.6772641, -30.1299402 ], [ -56.6767628, -30.13203110000001 ], [ -56.6767386, -30.1339315 ], [ -56.675958, -30.134034 ], [ -56.6749168, -30.135271 ], [ -56.674314, -30.1355585 ], [ -56.673683, -30.1355982 ], [ -56.6731884, -30.1365806 ], [ -56.6727828, -30.1385 ], [ -56.671657, -30.1401658 ], [ -56.6696446, -30.1404323 ], [ -56.6699882, -30.140834699999989 ], [ -56.6700719, -30.1417093 ], [ -56.6706039, -30.1421339 ], [ -56.6706275, -30.1444871 ], [ -56.6714062, -30.1454428 ], [ -56.6718585, -30.1466877 ], [ -56.6722391, -30.1469538 ], [ -56.6728497, -30.1469871 ], [ -56.672859, -30.1494357 ], [ -56.673014, -30.15021 ], [ -56.6726489, -30.1507454 ], [ -56.6722353, -30.1523949 ], [ -56.6719422, -30.152947 ], [ -56.6707871, -30.1538384 ], [ -56.6701219, -30.154064299999987 ], [ -56.6690651, -30.1551179 ], [ -56.6692149, -30.1560671 ], [ -56.6690805, -30.1564403 ], [ -56.66881, -30.1566011 ], [ -56.6682792, -30.1564592 ], [ -56.66749, -30.1564819 ], [ -56.6665553, -30.1570582 ], [ -56.6665323, -30.1573946 ], [ -56.6669094, -30.1579019 ], [ -56.666987, -30.1582758 ], [ -56.666527, -30.1590832 ], [ -56.6664987, -30.1594597 ], [ -56.667191, -30.1601249 ], [ -56.6672975, -30.1605385 ], [ -56.6672643, -30.1614857 ], [ -56.6669294, -30.1621977 ], [ -56.6666327, -30.1624379 ], [ -56.6663034, -30.1623835 ], [ -56.6645164, -30.1628204 ], [ -56.6643971, -30.1636327 ], [ -56.6638652, -30.1641339 ], [ -56.6628826, -30.164686599999985 ], [ -56.6629038, -30.1665016 ], [ -56.6633906, -30.1676802 ], [ -56.6632431, -30.1685418 ], [ -56.6634416, -30.1709248 ], [ -56.6644127, -30.171791099999986 ], [ -56.6650677, -30.173527699999987 ], [ -56.6646904, -30.1744081 ], [ -56.6639854, -30.1753368 ], [ -56.6646739, -30.1781981 ], [ -56.663482, -30.1787106 ], [ -56.6612407, -30.1815806 ], [ -56.6612417, -30.1821154 ], [ -56.6619243, -30.182898 ], [ -56.6622486, -30.183653599999989 ], [ -56.6616507, -30.184878500000021 ], [ -56.6610002, -30.185211 ], [ -56.6606534, -30.186105 ], [ -56.6606906, -30.1871043 ], [ -56.661461, -30.1875427 ], [ -56.6613683, -30.1882722 ], [ -56.6601864, -30.1894459 ], [ -56.6595911, -30.1897059 ], [ -56.6582679, -30.189877 ], [ -56.6578846, -30.1911734 ], [ -56.6580013, -30.192244699999989 ], [ -56.6573128, -30.1927913 ], [ -56.6559054, -30.1925427 ], [ -56.6551548, -30.1934531 ], [ -56.6550986, -30.1942522 ], [ -56.6554059, -30.195181399999985 ], [ -56.655735, -30.1955861 ], [ -56.6561041, -30.1958188 ], [ -56.6570935, -30.1959351 ], [ -56.657689, -30.19619440000001 ], [ -56.6585908, -30.1970572 ], [ -56.6584054, -30.198376 ], [ -56.657918, -30.1989965 ], [ -56.6578491, -30.1993146 ], [ -56.658507406458931, -30.200847341567574 ], [ -56.6608, -30.1983 ], [ -56.6637, -30.1974 ], [ -56.6699, -30.1994 ], [ -56.6766, -30.2003 ], [ -56.6787, -30.2003 ], [ -56.6802, -30.1986 ], [ -56.6803, -30.1948 ], [ -56.6819, -30.1945 ], [ -56.6855, -30.1961 ], [ -56.6921, -30.2026 ], [ -56.6963, -30.2051 ], [ -56.6982, -30.2044 ], [ -56.6983, -30.2027 ], [ -56.7005, -30.1976 ], [ -56.7021, -30.1956 ], [ -56.7042, -30.1935 ], [ -56.7075, -30.1897 ], [ -56.7084, -30.1881 ], [ -56.7062, -30.1833 ], [ -56.7048, -30.1793 ], [ -56.705, -30.177 ], [ -56.7056, -30.1761 ], [ -56.7099, -30.1758 ], [ -56.7135, -30.177 ], [ -56.7153, -30.1786 ], [ -56.7177, -30.1799 ], [ -56.7199, -30.1797 ], [ -56.7214, -30.1781 ], [ -56.7256, -30.1745 ], [ -56.7298, -30.1717 ], [ -56.7365, -30.1704 ], [ -56.7414, -30.168 ], [ -56.7466, -30.1667 ], [ -56.7516, -30.1647 ], [ -56.7582, -30.1608 ], [ -56.7609, -30.1604 ], [ -56.7644, -30.1614 ], [ -56.7691, -30.1631 ], [ -56.773, -30.1643 ], [ -56.7749, -30.1642 ], [ -56.7779, -30.1624 ], [ -56.7819, -30.1588 ], [ -56.783, -30.1561 ], [ -56.784, -30.1512 ], [ -56.7836, -30.1481 ], [ -56.7816, -30.1453 ], [ -56.7778, -30.1337 ], [ -56.7782, -30.1307 ], [ -56.7803, -30.1266 ], [ -56.7846, -30.1254 ], [ -56.7924, -30.1236 ], [ -56.7971, -30.123 ], [ -56.7994, -30.1223 ], [ -56.8019, -30.1199 ], [ -56.8019, -30.1161 ], [ -56.803, -30.1101 ], [ -56.8046, -30.106 ], [ -56.8081, -30.1032 ], [ -56.81, -30.103 ], [ -56.8125, -30.1065 ], [ -56.8145, -30.1076 ], [ -56.8168, -30.1073 ], [ -56.8186, -30.1061 ], [ -56.8208, -30.1018 ], [ -56.8222, -30.0979 ], [ -56.8242, -30.0956 ], [ -56.8336, -30.0923 ], [ -56.8427, -30.0903 ], [ -56.8504, -30.0889 ], [ -56.8542, -30.0888 ], [ -56.8574, -30.0891 ], [ -56.8646, -30.0901 ], [ -56.8692, -30.0936 ], [ -56.8721, -30.0937 ], [ -56.8737, -30.0927 ], [ -56.8738, -30.0904 ], [ -56.8733, -30.0887 ], [ -56.8745, -30.0862 ], [ -56.8761, -30.0867 ], [ -56.8786, -30.0881 ], [ -56.8812, -30.0885 ], [ -56.8848, -30.0871 ], [ -56.886, -30.0874 ], [ -56.8889, -30.0891 ], [ -56.8895, -30.0937 ], [ -56.8904, -30.097 ], [ -56.8919, -30.1003 ], [ -56.8952, -30.1045 ], [ -56.8985, -30.108 ], [ -56.9009, -30.1102 ], [ -56.9026, -30.1123 ], [ -56.9054, -30.1135 ], [ -56.9067, -30.1124 ], [ -56.9065, -30.1115 ], [ -56.9047, -30.1091 ], [ -56.9054, -30.1077 ], [ -56.9071, -30.1073 ], [ -56.91, -30.1082 ], [ -56.9123, -30.1105 ], [ -56.9139, -30.111 ], [ -56.9154, -30.1102 ], [ -56.9151, -30.1075 ], [ -56.912, -30.1043 ], [ -56.9114, -30.1011 ], [ -56.9149, -30.0991 ], [ -56.9162, -30.0969 ], [ -56.9178, -30.0962 ], [ -56.9261, -30.0953 ], [ -56.9307, -30.094 ], [ -56.9324, -30.0939 ], [ -56.936, -30.0945 ], [ -56.9404, -30.097 ], [ -56.9443, -30.0985 ], [ -56.9509, -30.0997 ], [ -56.9536, -30.1008 ], [ -56.9556, -30.1011 ], [ -56.9678, -30.0977 ], [ -56.9715, -30.0972 ], [ -56.9748, -30.0975 ], [ -56.9761, -30.098 ], [ -56.9774, -30.0976 ], [ -56.9783, -30.0949 ], [ -56.9804, -30.0922 ], [ -56.9816, -30.0897 ], [ -56.9845, -30.0874 ], [ -56.9874, -30.0871 ], [ -56.9934, -30.0857 ], [ -56.9978, -30.0863 ], [ -57.0017, -30.0873 ], [ -57.0058, -30.0878 ], [ -57.0139, -30.0875 ], [ -57.0183, -30.0878 ], [ -57.0208, -30.0873 ], [ -57.0239, -30.0875 ], [ -57.0289, -30.0928 ], [ -57.0301, -30.0953 ], [ -57.03, -30.099 ], [ -57.0303, -30.1006 ], [ -57.0313, -30.1021 ], [ -57.0335, -30.1031 ], [ -57.0358, -30.1035 ], [ -57.0403, -30.105 ], [ -57.0448, -30.1057 ], [ -57.0465, -30.1054 ], [ -57.0489, -30.1037 ], [ -57.0499, -30.1018 ], [ -57.0509, -30.101 ], [ -57.0534, -30.1006 ], [ -57.0579, -30.0986 ], [ -57.0609, -30.0993 ], [ -57.064, -30.101 ], [ -57.0664, -30.1016 ], [ -57.0678, -30.1012 ], [ -57.0693, -30.0992 ], [ -57.0678, -30.0942 ], [ -57.0671, -30.0912 ], [ -57.0656, -30.09 ], [ -57.0638, -30.0903 ], [ -57.0615, -30.0896 ], [ -57.0616, -30.0876 ], [ -57.0639, -30.0861 ], [ -57.0665, -30.0853 ], [ -57.0691, -30.0856 ], [ -57.0714, -30.087 ], [ -57.0736, -30.09 ], [ -57.0783, -30.0915 ], [ -57.0829, -30.0953 ], [ -57.0841, -30.0983 ], [ -57.0872, -30.101 ], [ -57.0872, -30.105 ], [ -57.0877, -30.1066 ], [ -57.089, -30.1079 ], [ -57.0912, -30.109 ], [ -57.0922, -30.1105 ], [ -57.0921, -30.1127 ], [ -57.0894, -30.1134 ], [ -57.0879, -30.1127 ], [ -57.0872, -30.1106 ], [ -57.0859, -30.1103 ], [ -57.0846, -30.1122 ], [ -57.0848, -30.1145 ], [ -57.087, -30.1181 ], [ -57.0893, -30.1204 ], [ -57.0924, -30.1218 ], [ -57.0955, -30.1213 ], [ -57.0951, -30.1189 ], [ -57.0953, -30.115 ], [ -57.0987, -30.1144 ], [ -57.1015, -30.1152 ], [ -57.1063, -30.1153 ], [ -57.1082, -30.1167 ], [ -57.1116, -30.1149 ], [ -57.1152, -30.1137 ], [ -57.1156, -30.1125 ], [ -57.1214, -30.1092 ], [ -57.134, -30.0883 ], [ -57.1384, -30.0735 ], [ -57.1363, -30.0674 ], [ -57.1362, -30.0645 ], [ -57.1518, -30.0568 ], [ -57.1528, -30.0567 ], [ -57.1553, -30.0596 ], [ -57.1605, -30.0604 ], [ -57.1624, -30.0598 ], [ -57.1662, -30.0566 ], [ -57.1677, -30.0543 ], [ -57.1696, -30.0504 ], [ -57.1701, -30.0463 ], [ -57.1848, -30.0427 ], [ -57.214869919496863, -30.022157242486891 ], [ -57.2135034, -30.0213539 ], [ -57.2129455, -30.02080010000001 ], [ -57.2128077, -30.0188882 ], [ -57.2123093, -30.0179661 ], [ -57.2124605, -30.0164718 ], [ -57.2121675, -30.0159818 ], [ -57.2110752, -30.0155525 ], [ -57.2107706, -30.0152806 ], [ -57.2104917, -30.0143163 ], [ -57.2095182, -30.0139542 ], [ -57.2075744, -30.0139294 ], [ -57.2075192, -30.0149016 ], [ -57.2069536, -30.0155578 ], [ -57.2065757, -30.0157804 ], [ -57.2058176, -30.0155612 ], [ -57.205403, -30.015187 ], [ -57.2053551, -30.0139117 ], [ -57.2049009, -30.013280399999989 ], [ -57.204716, -30.0124265 ], [ -57.204433, -30.0123547 ], [ -57.2038652, -30.0127744 ], [ -57.2035237, -30.0127334 ], [ -57.2031993, -30.0124987 ], [ -57.2026666, -30.0119106 ], [ -57.2024063, -30.0110991 ], [ -57.2025743, -30.0103183 ], [ -57.201848, -30.009964 ], [ -57.2013348, -30.0093083 ], [ -57.1998674, -30.0083149 ], [ -57.1996327, -30.0079847 ], [ -57.1996638, -30.0075935 ], [ -57.1991413, -30.0070508 ], [ -57.1984864, -30.0068217 ], [ -57.1978056, -30.0076841 ], [ -57.1967262, -30.0080691 ], [ -57.1951836, -30.0080888 ], [ -57.1946785, -30.0078362 ], [ -57.1945125, -30.0074219 ], [ -57.1945346, -30.006562 ], [ -57.1950104, -30.0057963 ], [ -57.1944269, -30.0048396 ], [ -57.1932576, -30.0041064 ], [ -57.1927546, -30.0031731 ], [ -57.1917409, -30.0022628 ], [ -57.1909076, -30.0022628 ], [ -57.1908359, -30.0025425 ], [ -57.1901508, -30.0022103 ], [ -57.1893418, -30.0013497 ], [ -57.1888671, -30.0001163 ], [ -57.1879871, -29.9989661 ], [ -57.1873257, -29.9984328 ], [ -57.1871262, -29.9978708 ], [ -57.1873866, -29.9973422 ], [ -57.18808, -29.9967037 ], [ -57.187652, -29.9958967 ], [ -57.1865868, -29.9956905 ], [ -57.1848331, -29.9960964 ], [ -57.1838186, -29.9959143 ], [ -57.1833944, -29.9961534 ], [ -57.1825101, -29.9958908 ], [ -57.1812509, -29.996318 ], [ -57.1806931, -29.9954527 ], [ -57.1804965, -29.9942396 ], [ -57.1802432, -29.9940154 ], [ -57.1790662, -29.9935693 ], [ -57.1783225, -29.9926911 ], [ -57.1780161, -29.9925549 ], [ -57.1773308, -29.9926423 ], [ -57.1767811, -29.9929967 ], [ -57.1764525, -29.993495 ], [ -57.1760852, -29.993633599999988 ], [ -57.1751183, -29.9932516 ], [ -57.1745753, -29.9923348 ], [ -57.1730557, -29.9921976 ], [ -57.1721841, -29.99181930000001 ], [ -57.1708592, -29.9919801 ], [ -57.1694214, -29.9917594 ], [ -57.1681296, -29.9925406 ], [ -57.1680222, -29.9921301 ], [ -57.167591, -29.9917299 ], [ -57.167587, -29.990644199999984 ], [ -57.1678215, -29.9900052 ], [ -57.1672893, -29.9895009 ], [ -57.1672847, -29.9873942 ], [ -57.1669518, -29.9860276 ], [ -57.1660588, -29.9845848 ], [ -57.1651508, -29.9840452 ], [ -57.165074, -29.9830962 ], [ -57.1641334, -29.982922399999985 ], [ -57.1634126, -29.9830516 ], [ -57.1628465, -29.9828527 ], [ -57.1620414, -29.9828113 ], [ -57.1603517, -29.9830962 ], [ -57.1603046, -29.982237 ], [ -57.159585, -29.9815621 ], [ -57.1591407, -29.9798418 ], [ -57.1583374, -29.9789847 ], [ -57.1575895, -29.9783717 ], [ -57.1572366, -29.979091899999986 ], [ -57.1570522, -29.979185899999983 ], [ -57.1564306, -29.9791802 ], [ -57.1559044, -29.9789772 ], [ -57.1552853, -29.979164 ], [ -57.1543829, -29.9788753 ], [ -57.1537204, -29.9781591 ], [ -57.1539635, -29.9770373 ], [ -57.1538808, -29.976040699999988 ], [ -57.1525158, -29.9755169 ], [ -57.152081, -29.9751103 ], [ -57.148376, -29.9750269 ], [ -57.1474474, -29.9747844 ], [ -57.1461385, -29.9747655 ], [ -57.1457093, -29.9748687 ], [ -57.1453516, -29.9753185 ], [ -57.1450912, -29.9753322 ], [ -57.1450469, -29.9755887 ], [ -57.1447234, -29.975587 ], [ -57.1443163, -29.9752579 ], [ -57.1439749, -29.9745377 ], [ -57.1440038, -29.9737599 ], [ -57.1445222, -29.973112 ], [ -57.1441829, -29.972864 ], [ -57.1432286, -29.9727863 ], [ -57.1425069, -29.9722608 ], [ -57.1413162, -29.9727695 ], [ -57.1404976, -29.9725888 ], [ -57.1395182, -29.9730963 ], [ -57.1387701, -29.9725948 ], [ -57.1375379, -29.9723018 ], [ -57.1361411, -29.972208499999986 ], [ -57.1358563, -29.9712902 ], [ -57.1353077, -29.9707253 ], [ -57.1338848, -29.9705354 ], [ -57.1330424, -29.9700028 ], [ -57.1329679, -29.9698147 ], [ -57.1333924, -29.9685321 ], [ -57.133407, -29.967263 ], [ -57.132158, -29.9675365 ], [ -57.1313839, -29.9674911 ], [ -57.1299551, -29.9665235 ], [ -57.1292907, -29.9662973 ], [ -57.1281245, -29.9653382 ], [ -57.1293374, -29.963173 ], [ -57.1302637, -29.9621011 ], [ -57.1307083, -29.960482 ], [ -57.1314626, -29.9600407 ], [ -57.1316282, -29.9591126 ], [ -57.1309678, -29.9585033 ], [ -57.1309207, -29.9572994 ], [ -57.131078, -29.956978499999988 ], [ -57.1316979, -29.956489399999988 ], [ -57.1322959, -29.9550407 ], [ -57.1316544, -29.9547952 ], [ -57.1296953, -29.9546106 ], [ -57.1292037, -29.954997299999988 ], [ -57.1282426, -29.9549649 ], [ -57.1262254, -29.953805 ], [ -57.1254508, -29.9530177 ], [ -57.1252162, -29.9523619 ], [ -57.124518, -29.9519852 ], [ -57.1243045, -29.9512888 ], [ -57.125544, -29.9502461 ], [ -57.1258557, -29.9496195 ], [ -57.125875, -29.9491463 ], [ -57.1255555, -29.9485307 ], [ -57.1249031, -29.9480123 ], [ -57.1247176, -29.9474175 ], [ -57.1243092, -29.946832699999984 ], [ -57.1241458, -29.9453931 ], [ -57.1232296, -29.9445654 ], [ -57.1231291, -29.9442074 ], [ -57.1221687, -29.9447451 ], [ -57.1200405, -29.9447785 ], [ -57.1190041, -29.9450101 ], [ -57.1181979, -29.9448895 ], [ -57.1171261, -29.9460399 ], [ -57.1160975, -29.9454364 ], [ -57.1153513, -29.9453186 ], [ -57.1151797, -29.9448843 ], [ -57.1144294, -29.9445727 ], [ -57.1135525, -29.9447431 ], [ -57.1127706, -29.9447156 ], [ -57.1121148, -29.9444125 ], [ -57.1113568, -29.943772899999985 ], [ -57.110629, -29.9436519 ], [ -57.1103027, -29.9440541 ], [ -57.1095092, -29.943964299999983 ], [ -57.1090276, -29.9442512 ], [ -57.1087451, -29.944630499999985 ], [ -57.1083545, -29.9460179 ], [ -57.1078849, -29.9463816 ], [ -57.1072687, -29.9463739 ], [ -57.106254, -29.945632 ], [ -57.1054861, -29.9456884 ], [ -57.1048763, -29.9471268 ], [ -57.1049282, -29.9479891 ], [ -57.1045349, -29.9480548 ], [ -57.1040858, -29.9479358 ], [ -57.1033194, -29.9481418 ], [ -57.1020339, -29.9489326 ], [ -57.1016974, -29.9481857 ], [ -57.1013894, -29.9478762 ], [ -57.1007378, -29.9475625 ], [ -57.1000734, -29.9475408 ], [ -57.0994745, -29.9468328 ], [ -57.0981887, -29.9460951 ], [ -57.0979871, -29.9457272 ], [ -57.0983179, -29.9454265 ], [ -57.0983825, -29.9450507 ], [ -57.0980248, -29.9445648 ], [ -57.096945, -29.9445305 ], [ -57.0957914, -29.9452298 ], [ -57.0953901, -29.9451986 ], [ -57.0951335, -29.9449178 ], [ -57.0948506, -29.9440668 ], [ -57.0947956, -29.9430964 ], [ -57.0942868, -29.9430184 ], [ -57.0931289, -29.94170750000001 ], [ -57.0920981, -29.941716099999983 ], [ -57.0919404, -29.9419691 ], [ -57.091328, -29.9420491 ], [ -57.0910932, -29.9424688 ], [ -57.0902216, -29.9430587 ], [ -57.0889622, -29.9430964 ], [ -57.0889622, -29.9433742 ], [ -57.0873762, -29.9446483 ], [ -57.0871759, -29.9457797 ], [ -57.0862061, -29.946154300000011 ], [ -57.0861282, -29.9455145 ], [ -57.0855423, -29.9439982 ], [ -57.0849591, -29.9434645 ], [ -57.0839515, -29.9431975 ], [ -57.0834536, -29.9422646 ], [ -57.0827592, -29.9427684 ], [ -57.0823584, -29.942818900000013 ], [ -57.0821199, -29.9427496 ], [ -57.0819363, -29.9423319 ], [ -57.0815441, -29.942005899999984 ], [ -57.0806288, -29.9419853 ], [ -57.080422, -29.9418027 ], [ -57.0798626, -29.9417146 ], [ -57.077046, -29.9416703 ], [ -57.0758574, -29.9404385 ], [ -57.0750913, -29.9403431 ], [ -57.074003, -29.940719200000011 ], [ -57.0734883, -29.9412223 ], [ -57.0732463, -29.9417543 ], [ -57.0733634, -29.9439889 ], [ -57.0724273, -29.945084 ], [ -57.0723082, -29.9454466 ], [ -57.0722955, -29.945874300000014 ], [ -57.0725657, -29.9459219 ], [ -57.0725733, -29.9467076 ], [ -57.0697309, -29.9473348 ], [ -57.0694143, -29.948299 ], [ -57.0689545, -29.9486231 ], [ -57.0674893, -29.9483927 ], [ -57.0665231, -29.948535499999988 ], [ -57.0647954, -29.9478187 ], [ -57.0635139, -29.9495703 ], [ -57.0633014, -29.9502358 ], [ -57.0623973, -29.9509582 ], [ -57.0618994, -29.9518758 ], [ -57.0597954, -29.9517077 ], [ -57.0593609, -29.9521712 ], [ -57.0586443, -29.9520456 ], [ -57.0580208, -29.9523019 ], [ -57.0571939, -29.95302 ], [ -57.0566301, -29.9532939 ], [ -57.0560284, -29.953348 ], [ -57.0554609, -29.953208 ], [ -57.0543434, -29.9534574 ], [ -57.0540443, -29.9537245 ], [ -57.0539635, -29.954098 ], [ -57.0540362, -29.9543977 ], [ -57.0547954, -29.9553188 ], [ -57.0547529, -29.9559672 ], [ -57.0544385, -29.9565525 ], [ -57.0534582, -29.9568411 ], [ -57.0524611, -29.958008 ], [ -57.0511091, -29.9584404 ], [ -57.0506389, -29.9588633 ], [ -57.050351, -29.9589299 ], [ -57.0503335, -29.959174 ], [ -57.0500823, -29.9592561 ], [ -57.0500732, -29.9597633 ], [ -57.0495545, -29.9597741 ], [ -57.0494938, -29.9600222 ], [ -57.0489985, -29.9600515 ], [ -57.048909, -29.9603134 ], [ -57.0484065, -29.9603188 ], [ -57.0483891, -29.9591421 ], [ -57.0480212, -29.9587371 ], [ -57.0469419, -29.9585921 ], [ -57.0463502, -29.9583303 ], [ -57.0451416, -29.9573412 ], [ -57.044356, -29.9574202 ], [ -57.043165, -29.957057499999987 ], [ -57.0424543, -29.9574133 ], [ -57.04191, -29.9570867 ], [ -57.0415661, -29.9570818 ], [ -57.0404325, -29.9583202 ], [ -57.0398183, -29.9583382 ], [ -57.0389872, -29.9581047 ], [ -57.038351, -29.9581665 ], [ -57.0380297, -29.9590366 ], [ -57.0378166, -29.9591708 ], [ -57.0370469, -29.9591806 ], [ -57.0360785, -29.9587408 ], [ -57.0357249, -29.9587432 ], [ -57.0351757, -29.9592881 ], [ -57.0349837, -29.96015 ], [ -57.0346081, -29.9602426 ], [ -57.0337925, -29.9598932 ], [ -57.0339324, -29.9591105 ], [ -57.0338366, -29.9587558 ], [ -57.0333032, -29.958460199999987 ], [ -57.0324139, -29.9582816 ], [ -57.0321485, -29.9580667 ], [ -57.0315322, -29.9571069 ], [ -57.0313305, -29.9561829 ], [ -57.0307951, -29.9556844 ], [ -57.0301336, -29.955455 ], [ -57.0296569, -29.9548674 ], [ -57.0289278, -29.9547603 ], [ -57.0281056, -29.9550464 ], [ -57.0276259, -29.954507 ], [ -57.0267625, -29.954505 ], [ -57.0262459, -29.954677 ], [ -57.0257185, -29.9544252 ], [ -57.025064, -29.9537836 ], [ -57.0238477, -29.9534812 ], [ -57.0232336, -29.953837199999985 ], [ -57.0226853, -29.9537606 ], [ -57.0222038, -29.9539804 ], [ -57.0216928, -29.9546294 ], [ -57.0209063, -29.9550411 ], [ -57.0199199, -29.9551204 ], [ -57.0190192, -29.9558015 ], [ -57.0172374, -29.9562048 ], [ -57.0172582, -29.95722760000001 ], [ -57.0170118, -29.9575 ], [ -57.0166204, -29.9574394 ], [ -57.0161935, -29.9566088 ], [ -57.0154703, -29.9562256 ], [ -57.0146144, -29.9563802 ], [ -57.0135278, -29.9561735 ], [ -57.0120174, -29.9564301 ], [ -57.0117339, -29.9555331 ], [ -57.0120327, -29.9547096 ], [ -57.0121895, -29.9546072 ], [ -57.0126664, -29.9547228 ], [ -57.013079, -29.9546333 ], [ -57.0136498, -29.9537184 ], [ -57.0133723, -29.9522174 ], [ -57.0130927, -29.9518296 ], [ -57.0115402, -29.9508961 ], [ -57.011024, -29.9508743 ], [ -57.0104045, -29.9511399 ], [ -57.0090709, -29.9511836 ], [ -57.0089618, -29.9517078 ], [ -57.0077506, -29.9520416 ], [ -57.0068468, -29.9524911 ], [ -57.0064393, -29.9525085 ], [ -57.0057321, -29.9522801 ], [ -57.0045173, -29.9522634 ], [ -57.0038662, -29.9506723 ], [ -57.0033593, -29.9501708 ], [ -57.0026603, -29.9498796 ], [ -57.0022951, -29.948930099999984 ], [ -57.0018488, -29.9483502 ], [ -57.0014222, -29.9481653 ], [ -57.0007276, -29.9485093 ], [ -57.0002914, -29.9479698 ], [ -56.9996132, -29.9476534 ], [ -56.998877, -29.9457529 ], [ -56.9984993, -29.9456381 ], [ -56.9979936, -29.9457377 ], [ -56.9974549, -29.945141599999985 ], [ -56.996307, -29.944667 ], [ -56.9959049, -29.943144 ], [ -56.9956396, -29.9430725 ], [ -56.9956284, -29.942819 ], [ -56.9949505, -29.9428632 ], [ -56.9938738, -29.9433458 ], [ -56.9929769, -29.9428785 ], [ -56.9925728, -29.942819 ], [ -56.9925728, -29.9425412 ], [ -56.9917453, -29.9423155 ], [ -56.9910269, -29.9424295 ], [ -56.9899683, -29.9417883 ], [ -56.9895188, -29.9417459 ], [ -56.9885121, -29.9420632 ], [ -56.9873334, -29.9426644 ], [ -56.9865978, -29.9434153 ], [ -56.9863588, -29.9441393 ], [ -56.9860218, -29.9443891 ], [ -56.9843761, -29.943340899999988 ], [ -56.9836325, -29.941285 ], [ -56.9827481, -29.940670299999987 ], [ -56.9815595, -29.9403643 ], [ -56.9810522, -29.9407504 ], [ -56.9807172, -29.9407826 ], [ -56.9799098, -29.940504 ], [ -56.9793452, -29.939885 ], [ -56.9788273, -29.9404816 ], [ -56.9785531, -29.9405758 ], [ -56.9777195, -29.9405907 ], [ -56.9761838, -29.940319099999989 ], [ -56.976196, -29.939337899999988 ], [ -56.9765115, -29.9377735 ], [ -56.9770014, -29.9368811 ], [ -56.9768868, -29.9364694 ], [ -56.9760486, -29.9360373 ], [ -56.9759157, -29.935742899999983 ], [ -56.9764132, -29.9324853 ], [ -56.9758042, -29.9320703 ], [ -56.9749418, -29.9318705 ], [ -56.9744628, -29.931288 ], [ -56.9735026, -29.9305205 ], [ -56.9733007, -29.9298454 ], [ -56.9728476, -29.929226 ], [ -56.9727901, -29.927965699999987 ], [ -56.9721083, -29.9271884 ], [ -56.971768, -29.9264742 ], [ -56.9717924, -29.9257477 ], [ -56.9721921, -29.924923099999983 ], [ -56.972017, -29.924208 ], [ -56.9715422, -29.924199 ], [ -56.9714242, -29.9239596 ], [ -56.9711892, -29.9239258 ], [ -56.9704921, -29.9239405 ], [ -56.9696511, -29.9242033 ], [ -56.9683223, -29.9241616 ], [ -56.9678665, -29.9238262 ], [ -56.9669501, -29.9225942 ], [ -56.9660858, -29.922063 ], [ -56.9634257, -29.921945 ], [ -56.9634042, -29.920859 ], [ -56.9638006, -29.9199128 ], [ -56.9641116, -29.9195871 ], [ -56.9635913, -29.9192857 ], [ -56.9632306, -29.9192459 ], [ -56.9621956, -29.9196789 ], [ -56.9615157, -29.9184524 ], [ -56.9618216, -29.9168714 ], [ -56.9624383, -29.916335 ], [ -56.9622947, -29.9158747 ], [ -56.9628533, -29.9158076 ], [ -56.962797, -29.9153164 ], [ -56.9618377, -29.9141253 ], [ -56.9613221, -29.9130481 ], [ -56.9617171, -29.9124044 ], [ -56.9616877, -29.910741 ], [ -56.9611354, -29.9098943 ], [ -56.9601941, -29.9096674 ], [ -56.9590953, -29.9088975 ], [ -56.958901, -29.9076882 ], [ -56.9586117, -29.9071351 ], [ -56.9571377, -29.9063347 ], [ -56.9567391, -29.9053191 ], [ -56.9560451, -29.9054947 ], [ -56.9542447, -29.9052893 ], [ -56.95294, -29.9045634 ], [ -56.951739, -29.9044858 ], [ -56.9513877, -29.905261 ], [ -56.9507406, -29.9053575 ], [ -56.9502121, -29.9058431 ], [ -56.9499346, -29.9058662 ], [ -56.9479308, -29.9050954 ], [ -56.9468283, -29.9048256 ], [ -56.9452693, -29.9049874 ], [ -56.9441838, -29.9037753 ], [ -56.9430217, -29.903482 ], [ -56.9429011, -29.9036528 ], [ -56.9430834, -29.9045461 ], [ -56.9427635, -29.9052576 ], [ -56.9424116, -29.9055006 ], [ -56.9418331, -29.9052647 ], [ -56.9412696, -29.9048871 ], [ -56.940838, -29.903520900000018 ], [ -56.9402259, -29.9026395 ], [ -56.9387918, -29.9019001 ], [ -56.9380799, -29.901283 ], [ -56.9363845, -29.901096 ], [ -56.9349973, -29.9005308 ], [ -56.9346755, -29.8998497 ], [ -56.9341843, -29.899508 ], [ -56.933018, -29.899477 ], [ -56.9325498, -29.8992045 ], [ -56.9320167, -29.8994859 ], [ -56.9317466, -29.8986017 ], [ -56.9317229, -29.8966849 ], [ -56.9314611, -29.8958747 ], [ -56.9307514, -29.8958046 ], [ -56.9303776, -29.8954132 ], [ -56.9304575, -29.895136 ], [ -56.9314052, -29.8943655 ], [ -56.9311833, -29.8933747 ], [ -56.9303183, -29.8933239 ], [ -56.9290637, -29.8930159 ], [ -56.928507, -29.892739 ], [ -56.9279864, -29.8920976 ], [ -56.927446, -29.891866 ], [ -56.927081, -29.8915014 ], [ -56.9253631, -29.8913955 ], [ -56.9243425, -29.8910706 ], [ -56.9240221, -29.8907255 ], [ -56.9236312, -29.8893418 ], [ -56.9233071, -29.8890081 ], [ -56.9222329, -29.8885757 ], [ -56.9217928, -29.8881741 ], [ -56.9207501, -29.8880002 ], [ -56.9199508, -29.8873595 ], [ -56.919074, -29.8871743 ], [ -56.9180039, -29.8865281 ], [ -56.917136, -29.8863353 ], [ -56.916065, -29.8854062 ], [ -56.9154707, -29.8853457 ], [ -56.91475, -29.8855318 ], [ -56.914121, -29.885291 ], [ -56.9137327, -29.8849063 ], [ -56.9136832, -29.8839304 ], [ -56.9133043, -29.8837457 ], [ -56.912852, -29.8837026 ], [ -56.9120657, -29.8839044 ], [ -56.9108365, -29.8837298 ], [ -56.910231, -29.8843882 ], [ -56.9088855, -29.8845442 ], [ -56.9080418, -29.8848213 ], [ -56.907447, -29.8852205 ], [ -56.9065815, -29.885415 ], [ -56.9057898, -29.8860667 ], [ -56.904886, -29.8863819 ], [ -56.9044279, -29.886365 ], [ -56.9039787, -29.8858693 ], [ -56.9020164, -29.8858748 ], [ -56.9016105, -29.8850696 ], [ -56.9013381, -29.8848608 ], [ -56.9004992, -29.8846456 ], [ -56.9001964, -29.8837738 ], [ -56.899662, -29.8835375 ], [ -56.8991444, -29.8827086 ], [ -56.8985024, -29.882372099999987 ], [ -56.8979865, -29.8807085 ], [ -56.8963813, -29.8805428 ], [ -56.8957468, -29.880225 ], [ -56.8944165, -29.878176 ], [ -56.8937324, -29.8776877 ], [ -56.8932627, -29.8770255 ], [ -56.8926572, -29.8765481 ], [ -56.8922941, -29.8753193 ], [ -56.8914242, -29.8752721 ], [ -56.8905355, -29.8749878 ], [ -56.8896872, -29.8742849 ], [ -56.8891404, -29.8740285 ], [ -56.888511, -29.8741013 ], [ -56.888028, -29.8738867 ], [ -56.887729, -29.872688799999988 ], [ -56.8869807, -29.8715456 ], [ -56.8861645, -29.8711888 ], [ -56.8850977, -29.871361 ], [ -56.8848598, -29.8712557 ], [ -56.8847731, -29.8706481 ], [ -56.8849089, -29.870148 ], [ -56.8860153, -29.8695738 ], [ -56.8869027, -29.8693953 ], [ -56.8877605, -29.8685777 ], [ -56.8875718, -29.8658749 ], [ -56.8862618, -29.8648086 ], [ -56.8855569, -29.8648192 ], [ -56.8849487, -29.8652302 ], [ -56.8843576, -29.865304 ], [ -56.8825718, -29.864486 ], [ -56.8825577, -29.862541600000011 ], [ -56.8822264, -29.861841 ], [ -56.8817166, -29.8615142 ], [ -56.8814606, -29.8608749 ], [ -56.8805822, -29.8601698 ], [ -56.8790965, -29.8599341 ], [ -56.8783645, -29.8585873 ], [ -56.8781234, -29.8584019 ], [ -56.8773419, -29.8581596 ], [ -56.8761054, -29.8583698 ], [ -56.8747599, -29.8581702 ], [ -56.8737717, -29.8591568 ], [ -56.871066, -29.8592157 ], [ -56.8708171, -29.8594566 ], [ -56.8703494, -29.8594861 ], [ -56.8703037, -29.8588387 ], [ -56.8699803, -29.8584427 ], [ -56.869108, -29.858114 ], [ -56.8677533, -29.8582831 ], [ -56.8669662, -29.8573986 ], [ -56.8657905, -29.856945 ], [ -56.8654161, -29.8566556 ], [ -56.8651354, -29.8562791 ], [ -56.8649645, -29.8554041 ], [ -56.8642949, -29.8543399 ], [ -56.8641439, -29.8534002 ], [ -56.8635848, -29.8538531 ], [ -56.8629464, -29.8540072 ], [ -56.8618406, -29.854567 ], [ -56.8617383, -29.855597199999984 ], [ -56.8614605, -29.8555972 ], [ -56.8607075, -29.8569241 ], [ -56.8597819, -29.8572325 ], [ -56.8577701, -29.8573219 ], [ -56.8568962, -29.8580025 ], [ -56.8554915, -29.8584873 ], [ -56.8552369, -29.8591194 ], [ -56.8546194, -29.8598456 ], [ -56.8544287, -29.8604356 ], [ -56.853984, -29.8609531 ], [ -56.8539605, -29.8628194 ], [ -56.8531983, -29.8626457 ], [ -56.8526681, -29.8631674 ], [ -56.8523369, -29.8644381 ], [ -56.8522325, -29.8657285 ], [ -56.8511613, -29.86771 ], [ -56.8502485, -29.8685731 ], [ -56.8487466, -29.8692589 ], [ -56.8484281, -29.8697192 ], [ -56.8484049, -29.8705973 ], [ -56.8480108, -29.8708359 ], [ -56.8460898, -29.8708549 ], [ -56.8453494, -29.8703195 ], [ -56.8455618, -29.8715739 ], [ -56.8439958, -29.8733112 ], [ -56.8442383, -29.8750417 ], [ -56.842376, -29.8755668 ], [ -56.8411813, -29.8748961 ], [ -56.8404466, -29.8753825 ], [ -56.8400716, -29.8767084 ], [ -56.8389605, -29.8767084 ], [ -56.8384833, -29.876002699999983 ], [ -56.8385515, -29.8751623 ], [ -56.835313, -29.8753097 ], [ -56.8327909, -29.8747615 ], [ -56.8324251, -29.8748224 ], [ -56.8318851, -29.8752862 ], [ -56.8313121, -29.875323899999984 ], [ -56.8306489, -29.8750585 ], [ -56.8292791, -29.8749957 ], [ -56.8282927, -29.8745549 ], [ -56.8277941, -29.8744954 ], [ -56.8254682, -29.8754138 ], [ -56.8249488, -29.8757806 ], [ -56.8241578, -29.875943 ], [ -56.8232878, -29.8763272 ], [ -56.8215337, -29.875378 ], [ -56.8192362, -29.8750822 ], [ -56.8180546, -29.8763259 ], [ -56.8173913, -29.876661 ], [ -56.815993, -29.876990700000011 ], [ -56.8149157, -29.8769637 ], [ -56.8136928, -29.8767347 ], [ -56.8128305, -29.8772697 ], [ -56.8122308, -29.876550599999984 ], [ -56.8112563, -29.876708099999988 ], [ -56.8106165, -29.8765385 ], [ -56.8104086, -29.8762951 ], [ -56.8099684, -29.874845199999985 ], [ -56.8091667, -29.8736976 ], [ -56.8085148, -29.8731938 ], [ -56.8077119, -29.8736822 ], [ -56.8074664, -29.8744126 ], [ -56.8069427, -29.8749283 ], [ -56.8063718, -29.8747082 ], [ -56.8060118, -29.874341 ], [ -56.8055139, -29.8746371 ], [ -56.8047124, -29.8744994 ], [ -56.8035376, -29.8746129 ], [ -56.8030112, -29.8752214 ], [ -56.8009858, -29.8758216 ], [ -56.8003659, -29.8758345 ], [ -56.7995397, -29.8756053 ], [ -56.7987912, -29.8756799 ], [ -56.798418, -29.8760722 ], [ -56.7982311, -29.8765329 ], [ -56.798281, -29.8769355 ], [ -56.7980055, -29.8775117 ], [ -56.7974798, -29.878022499999989 ], [ -56.7964819, -29.8783781 ], [ -56.7959047, -29.8783752 ], [ -56.7954174, -29.8776646 ], [ -56.7952486, -29.8767876 ], [ -56.7942624, -29.8758299 ], [ -56.7944791, -29.8738891 ], [ -56.7931775, -29.8717821 ], [ -56.7938996, -29.8704549 ], [ -56.7941875, -29.8695575 ], [ -56.7938063, -29.8687184 ], [ -56.793603, -29.8686741 ], [ -56.7927382, -29.8693875 ], [ -56.7904939, -29.8688173 ], [ -56.7902563, -29.8678931 ], [ -56.7899346, -29.8673722 ], [ -56.7885204, -29.8671726 ], [ -56.7877021, -29.8664005 ], [ -56.7869252, -29.8642801 ], [ -56.7863606, -29.8634535 ], [ -56.7848664, -29.8626019 ], [ -56.7837576, -29.8626899 ], [ -56.7822076, -29.8619202 ], [ -56.7817031, -29.8614718 ], [ -56.7809296, -29.8614679 ], [ -56.7802499, -29.8616717 ], [ -56.7798375, -29.8615837 ], [ -56.7787932, -29.8605186 ], [ -56.7788506, -29.859871 ], [ -56.7786895, -29.8596602 ], [ -56.7763178, -29.8591017 ], [ -56.7757662, -29.857929 ], [ -56.7745156, -29.857542 ], [ -56.774468, -29.8565269 ], [ -56.7740442, -29.8563643 ], [ -56.7735669, -29.8559116 ], [ -56.7728489, -29.8558753 ], [ -56.7727551, -29.8562412 ], [ -56.7723315, -29.856424 ], [ -56.7707074, -29.85643 ], [ -56.7702133, -29.8563192 ], [ -56.7698427, -29.85595180000001 ], [ -56.7683262, -29.8558002 ], [ -56.7677387, -29.8554421 ], [ -56.7674379, -29.8560367 ], [ -56.7668927, -29.8566192 ], [ -56.7662724, -29.856939 ], [ -56.7657443, -29.8569043 ], [ -56.7647428, -29.8559982 ], [ -56.7642949, -29.8558856 ], [ -56.763041, -29.8562072 ], [ -56.7623707, -29.8566512 ], [ -56.7616224, -29.8568715 ], [ -56.7612517, -29.856834 ], [ -56.760307, -29.8579702 ], [ -56.7591378, -29.8588519 ], [ -56.7578557, -29.8594314 ], [ -56.7580815, -29.8598245 ], [ -56.758133, -29.860666399999985 ], [ -56.7577312, -29.8616156 ], [ -56.7569055, -29.8621784 ], [ -56.7552318, -29.8626959 ], [ -56.7547932, -29.862542 ], [ -56.7546883, -29.8620919 ], [ -56.7541252, -29.8614464 ], [ -56.7537562, -29.861215899999987 ], [ -56.7529588, -29.8610634 ], [ -56.7524157, -29.8605681 ], [ -56.7523173, -29.8601435 ], [ -56.7525102, -29.8594048 ], [ -56.7522092, -29.858794 ], [ -56.751814, -29.8587968 ], [ -56.7509813, -29.8584211 ], [ -56.7503591, -29.8583994 ], [ -56.7498535, -29.858794599999989 ], [ -56.7491829, -29.8612003 ], [ -56.7489362, -29.8614006 ], [ -56.748255, -29.8613557 ], [ -56.7474545, -29.8606926 ], [ -56.7462499, -29.8600911 ], [ -56.7452001, -29.8600458 ], [ -56.7446123, -29.860393 ], [ -56.7444126, -29.8613564 ], [ -56.7439487, -29.8618401 ], [ -56.7424965, -29.8617623 ], [ -56.7414009, -29.8620618 ], [ -56.7409596, -29.862470799999986 ], [ -56.7398778, -29.8627704 ], [ -56.7393743, -29.8627155 ], [ -56.7388849, -29.8620438 ], [ -56.7382405, -29.8614978 ], [ -56.7364598, -29.8619865 ], [ -56.7364316, -29.863451699999985 ], [ -56.736021, -29.8638645 ], [ -56.7352339, -29.8634969 ], [ -56.7336476, -29.863862 ], [ -56.7312833, -29.8634748 ], [ -56.729668, -29.8643871 ], [ -56.7290708, -29.8645746 ], [ -56.728781, -29.8648438 ], [ -56.7281472, -29.8662509 ], [ -56.7286609, -29.8673148 ], [ -56.7286411, -29.8686898 ], [ -56.7284395, -29.8689129 ], [ -56.7271497, -29.8695196 ], [ -56.7266449, -29.8705245 ], [ -56.7261315, -29.8710207 ], [ -56.7252197, -29.8712711 ], [ -56.7247344, -29.8718492 ], [ -56.7240778, -29.8720871 ], [ -56.7232354, -29.8727471 ], [ -56.72298, -29.8727083 ], [ -56.7224651, -29.8720723 ], [ -56.7215733, -29.8715354 ], [ -56.7204615, -29.8717899 ], [ -56.7193173, -29.8724775 ], [ -56.7179608, -29.8723674 ], [ -56.7172093, -29.8726374 ], [ -56.7163577, -29.8732984 ], [ -56.7157432, -29.8734799 ], [ -56.7154041, -29.87389 ], [ -56.7151204, -29.8738386 ], [ -56.7142906, -29.8731025 ], [ -56.7132528, -29.8731784 ], [ -56.7126413, -29.873709 ], [ -56.7119721, -29.874637699999987 ], [ -56.7098999, -29.875687 ], [ -56.709206, -29.8763968 ], [ -56.7086259, -29.8763692 ], [ -56.7080174, -29.8756739 ], [ -56.7072991, -29.8754464 ], [ -56.7065604, -29.8759467 ], [ -56.7060798, -29.877462 ], [ -56.7051528, -29.8782695 ], [ -56.7052183, -29.8797375 ], [ -56.7047607, -29.8801966 ], [ -56.7033473, -29.8811293 ], [ -56.7031264, -29.8811534 ], [ -56.7030468, -29.8793738 ], [ -56.7013617, -29.8776598 ], [ -56.7009959, -29.8783123 ], [ -56.7005169, -29.878582 ], [ -56.7000201, -29.8786446 ], [ -56.6996035, -29.8785029 ], [ -56.6990565, -29.877627899999986 ], [ -56.69819, -29.8777596 ], [ -56.6975708, -29.8775423 ], [ -56.6975599, -29.8777647 ], [ -56.6973287, -29.8778482 ], [ -56.697261, -29.878072500000012 ], [ -56.6967374, -29.8780978 ], [ -56.6966875, -29.8787419 ], [ -56.6964126, -29.8793636 ], [ -56.6958589, -29.8799263 ], [ -56.6953566, -29.8800006 ], [ -56.6945835, -29.8795422 ], [ -56.6938974, -29.879549 ], [ -56.6932709, -29.8805021 ], [ -56.6924468, -29.8810551 ], [ -56.6920816, -29.8807396 ], [ -56.6919143, -29.8795674 ], [ -56.6908342, -29.878491 ], [ -56.6890705, -29.879132099999985 ], [ -56.6874614, -29.8790251 ], [ -56.6870152, -29.8794867 ], [ -56.6870024, -29.8805764 ], [ -56.6871145, -29.8810783 ], [ -56.6880718, -29.8819129 ], [ -56.6875875, -29.8829473 ], [ -56.6877249, -29.8844365 ], [ -56.6868163, -29.8852609 ], [ -56.6858373, -29.8853902 ], [ -56.6850451, -29.8858314 ], [ -56.6839742, -29.8857469 ], [ -56.6834947, -29.886218 ], [ -56.6827941, -29.8879693 ], [ -56.6824609, -29.8882842 ], [ -56.6817046, -29.888377600000013 ], [ -56.6812986, -29.8881038 ], [ -56.679499, -29.8880942 ], [ -56.6786453, -29.8888146 ], [ -56.6783697, -29.8888784 ], [ -56.6766628, -29.8883117 ], [ -56.6762258, -29.8876416 ], [ -56.6756262, -29.8875423 ], [ -56.6752682, -29.8882164 ], [ -56.6746227, -29.8887458 ], [ -56.6744316, -29.8895972 ], [ -56.6741285, -29.8897007 ], [ -56.6732497, -29.8894043 ], [ -56.6726414, -29.8889997 ], [ -56.6718608, -29.8888316 ], [ -56.6712418, -29.8881681 ], [ -56.6707496, -29.8881229 ], [ -56.6696259, -29.8883529 ], [ -56.6688399, -29.8880614 ], [ -56.6685336, -29.8877672 ], [ -56.6685436, -29.8873264 ], [ -56.6677149, -29.8861808 ], [ -56.66738, -29.8859198 ], [ -56.6666732, -29.8857021 ], [ -56.6659462, -29.88599 ], [ -56.6645914, -29.88748 ], [ -56.6634665, -29.887814599999988 ], [ -56.6622928, -29.8875424 ], [ -56.6613065, -29.8866836 ], [ -56.6608171, -29.8853888 ], [ -56.6600706, -29.8847646 ], [ -56.6596026, -29.8852529 ], [ -56.6581413, -29.8853468 ], [ -56.65763, -29.8856449 ], [ -56.6573546, -29.8860238 ], [ -56.6571592, -29.8872323 ], [ -56.6569012, -29.8874524 ], [ -56.656011, -29.8876271 ], [ -56.6554295, -29.8879836 ], [ -56.6552527, -29.8891337 ], [ -56.6543076, -29.890543 ], [ -56.6535194, -29.890814 ], [ -56.6532512, -29.8907711 ], [ -56.6524302, -29.8895335 ], [ -56.6519424, -29.8892065 ], [ -56.6515391, -29.8893601 ], [ -56.6510607, -29.8899468 ], [ -56.6502302, -29.8905047 ], [ -56.6490803, -29.8906945 ], [ -56.6485504, -29.891335 ], [ -56.6480153, -29.8916366 ], [ -56.6472307, -29.8916486 ], [ -56.6468291, -29.8912737 ], [ -56.6459039, -29.8914314 ], [ -56.6456946, -29.8930963 ], [ -56.6461214, -29.8937287 ], [ -56.6454504, -29.894591 ], [ -56.6453483, -29.8953202 ], [ -56.6441387, -29.8942863 ], [ -56.6430162, -29.8937283 ], [ -56.6419541, -29.8936365 ], [ -56.6413221, -29.8937578 ], [ -56.6405701, -29.895739 ], [ -56.6393268, -29.89678 ], [ -56.6388614, -29.8979142 ], [ -56.6372121, -29.8978678 ], [ -56.6362756, -29.8981718 ], [ -56.6357045, -29.89854260000001 ], [ -56.6355375, -29.8993315 ], [ -56.6352083, -29.899865899999984 ], [ -56.6357605, -29.9002671 ], [ -56.634857, -29.9018602 ], [ -56.6347042, -29.9032474 ], [ -56.6331261, -29.9030981 ], [ -56.6330688, -29.9036084 ], [ -56.6320131, -29.9044312 ], [ -56.6329962, -29.9053497 ], [ -56.6344408, -29.9074415 ], [ -56.6345174, -29.9078374 ], [ -56.6339733, -29.9091127 ], [ -56.6345682, -29.9104623 ], [ -56.6348954, -29.9107945 ], [ -56.6357717, -29.9112581 ], [ -56.6362312, -29.9118552 ], [ -56.6377718, -29.9129734 ], [ -56.6382012, -29.914057300000014 ], [ -56.6386106, -29.9146442 ], [ -56.6387802, -29.9155202 ], [ -56.6395151, -29.9161536 ], [ -56.6391491, -29.9162713 ], [ -56.6386359, -29.9168582 ], [ -56.6379231, -29.9173238 ], [ -56.6363384, -29.9191156 ], [ -56.6357101, -29.9194423 ], [ -56.6346608, -29.919471 ], [ -56.6335801, -29.9192167 ], [ -56.6304813, -29.9191933 ], [ -56.6292372, -29.9189314 ], [ -56.6292859, -29.920364 ], [ -56.6302508, -29.920771099999989 ], [ -56.6307868, -29.9218237 ], [ -56.6307414, -29.9223831 ], [ -56.6311538, -29.9229228 ], [ -56.6308514, -29.923791099999985 ], [ -56.6301242, -29.9246451 ], [ -56.6301175, -29.9254499 ], [ -56.6308181, -29.926102399999987 ], [ -56.6314378, -29.9261191 ], [ -56.6320514, -29.9259466 ], [ -56.6328188, -29.926369 ], [ -56.6336817, -29.9264314 ], [ -56.6338855, -29.9269529 ], [ -56.6337342, -29.9276161 ], [ -56.6340117, -29.928426 ], [ -56.6349415, -29.9293329 ], [ -56.6345719, -29.9299937 ], [ -56.6344522, -29.931002 ], [ -56.6340034, -29.9316991 ], [ -56.6338547, -29.9324394 ], [ -56.6330771, -29.933263700000015 ], [ -56.6322179, -29.9333241 ], [ -56.6313503, -29.9326364 ], [ -56.6309486, -29.932668 ], [ -56.628905, -29.9343513 ], [ -56.6279656, -29.9347843 ], [ -56.6269432, -29.936096899999985 ], [ -56.6253922, -29.9371143 ], [ -56.6238459, -29.9385715 ], [ -56.622989, -29.938637299999986 ], [ -56.6215343, -29.9383753 ], [ -56.6201602, -29.9386104 ], [ -56.6193838, -29.9383977 ], [ -56.6186025, -29.9384202 ], [ -56.6178447, -29.938948 ], [ -56.6179603, -29.9395569 ], [ -56.6185358, -29.9398535 ], [ -56.6185259, -29.9399639 ], [ -56.617657, -29.940257 ], [ -56.6166536, -29.9403728 ], [ -56.6162697, -29.9406705 ], [ -56.6161898, -29.9418531 ], [ -56.6164297, -29.9425889 ], [ -56.6164975, -29.944255 ], [ -56.6168206, -29.9454313 ], [ -56.6179639, -29.9463403 ], [ -56.6185622, -29.9465259 ], [ -56.6199598, -29.9474985 ], [ -56.6212778, -29.9479542 ], [ -56.6214595, -29.9482465 ], [ -56.6210861, -29.94968919999998 ], [ -56.6201762, -29.9506816 ], [ -56.6197728, -29.9516008 ], [ -56.6189702, -29.9521661 ], [ -56.6186818, -29.952542599999987 ], [ -56.6175812, -29.9525636 ], [ -56.6171741, -29.952741 ], [ -56.6168536, -29.9526263 ], [ -56.6161313, -29.9527987 ], [ -56.6153039, -29.9525388 ], [ -56.6145493, -29.9520403 ], [ -56.6138489, -29.9524301 ], [ -56.6111817, -29.9525426 ], [ -56.6113405, -29.9521522 ], [ -56.6111433, -29.9511116 ], [ -56.6104458, -29.949965799999987 ], [ -56.6102693, -29.949095 ], [ -56.6092584, -29.9486514 ], [ -56.6086173, -29.9494476 ], [ -56.6082192, -29.949708799999986 ], [ -56.6071616, -29.9495099 ], [ -56.6063905, -29.9495448 ], [ -56.6056948, -29.949974799999989 ], [ -56.6047197, -29.9501042 ], [ -56.6037521, -29.9505357 ], [ -56.6025133, -29.9506712 ], [ -56.6019083, -29.9513473 ], [ -56.6007989, -29.9519042 ], [ -56.5989733, -29.9520225 ], [ -56.5981901, -29.9524599 ], [ -56.5975705, -29.9525427 ], [ -56.5973089, -29.9520373 ], [ -56.5972641, -29.9504872 ], [ -56.5968166, -29.9499447 ], [ -56.5967372, -29.9494871 ], [ -56.5960084, -29.9499531 ], [ -56.5951714, -29.949420199999988 ], [ -56.5953142, -29.9484732 ], [ -56.5951177, -29.947312 ], [ -56.5939548, -29.9472691 ], [ -56.5929943, -29.9475135 ], [ -56.5911348, -29.9475979 ], [ -56.5907837, -29.9485601 ], [ -56.5898932, -29.9489025 ], [ -56.5886006, -29.9486015 ], [ -56.5872237, -29.9480275 ], [ -56.5868739, -29.9473032 ], [ -56.5861527, -29.9468214 ], [ -56.5850704, -29.946709399999989 ], [ -56.584968, -29.9463528 ], [ -56.5843242, -29.9455262 ], [ -56.5839818, -29.9441067 ], [ -56.5840906, -29.9437566 ], [ -56.5847284, -29.9433108 ], [ -56.5849503, -29.9429461 ], [ -56.5840569, -29.94232 ], [ -56.5824015, -29.9419014 ], [ -56.5814593, -29.9414316 ], [ -56.5804748, -29.941351 ], [ -56.5770938, -29.9400922 ], [ -56.5754473, -29.9401628 ], [ -56.5753481, -29.9400428 ], [ -56.5744972, -29.9399602 ], [ -56.5741051, -29.9395843 ], [ -56.573833, -29.9395487 ], [ -56.5731558, -29.9398769 ], [ -56.5728927, -29.9403093 ], [ -56.5736815, -29.9428206 ], [ -56.5727362, -29.9435778 ], [ -56.5716222, -29.9438667 ], [ -56.5710072, -29.9435822 ], [ -56.5693972, -29.942358 ], [ -56.5679669, -29.94217050000001 ], [ -56.5670944, -29.9414829 ], [ -56.5662841, -29.9414482 ], [ -56.5656259, -29.9417095 ], [ -56.5652999, -29.940729 ], [ -56.5646842, -29.939777499999987 ], [ -56.5643254, -29.9395394 ], [ -56.5632108, -29.939261 ], [ -56.5620147, -29.9392095 ], [ -56.5619978, -29.9386878 ], [ -56.561766, -29.9386309 ], [ -56.5617369, -29.938376199999983 ], [ -56.5608017, -29.9376233 ], [ -56.5568468, -29.937456 ], [ -56.5561171, -29.9365751 ], [ -56.5554442, -29.9362564 ], [ -56.5552816, -29.9351933 ], [ -56.5549734, -29.9348375 ], [ -56.5536192, -29.9343269 ], [ -56.5528819, -29.9346965 ], [ -56.5518486, -29.9344073 ], [ -56.5515602, -29.93413150000001 ], [ -56.5510582, -29.9329367 ], [ -56.5499295, -29.9329953 ], [ -56.5497924, -29.9319873 ], [ -56.548851, -29.9316628 ], [ -56.5471804, -29.930672 ], [ -56.5464717, -29.9306239 ], [ -56.5457908, -29.930913 ], [ -56.5449481, -29.9318901 ], [ -56.5440072, -29.9318882 ], [ -56.5436839, -29.9328608 ], [ -56.5441351, -29.9343243 ], [ -56.5441427, -29.9348913 ], [ -56.5437674, -29.935224 ], [ -56.5428479, -29.9347651 ], [ -56.5421178, -29.9338502 ], [ -56.5416671, -29.9328757 ], [ -56.5407587, -29.9321593 ], [ -56.5402833, -29.9315715 ], [ -56.5396087, -29.9312622 ], [ -56.5396719, -29.930436 ], [ -56.5393058, -29.9298465 ], [ -56.5392368, -29.9292096 ], [ -56.5383284, -29.9289333 ], [ -56.53657, -29.9291005 ], [ -56.535146, -29.928712399999984 ], [ -56.5335079, -29.9284793 ], [ -56.5322923, -29.928654 ], [ -56.5317369, -29.9303693 ], [ -56.5320145, -29.931431800000013 ], [ -56.5315322, -29.9319027 ], [ -56.5307214, -29.9320631 ], [ -56.5301489, -29.9324266 ], [ -56.5300177, -29.9334144 ], [ -56.5295857, -29.934088 ], [ -56.5291926, -29.93591 ], [ -56.5287722, -29.9360267 ], [ -56.5285003, -29.9365313 ], [ -56.5289574, -29.937879100000011 ], [ -56.528959, -29.938098500000013 ], [ -56.5287286, -29.9381507 ], [ -56.5286596, -29.9385704 ], [ -56.5284121, -29.938766 ], [ -56.5286812, -29.9392096 ], [ -56.527416, -29.9391932 ], [ -56.527201, -29.9389641 ], [ -56.5268192, -29.9388882 ], [ -56.5267367, -29.9386541 ], [ -56.5252031, -29.9386775 ], [ -56.5242612, -29.9389161 ], [ -56.5232406, -29.9387784 ], [ -56.5226079, -29.9391347 ], [ -56.5218086, -29.9387117 ], [ -56.5211956, -29.9386828 ], [ -56.5206871, -29.9389753 ], [ -56.520168, -29.9395563 ], [ -56.5203311, -29.9408299 ], [ -56.5199226, -29.9413431 ], [ -56.5186017, -29.9414922 ], [ -56.5183272, -29.9421302 ], [ -56.5179644, -29.942267 ], [ -56.5171939, -29.9422267 ], [ -56.5155799, -29.9417121 ], [ -56.5151062, -29.9427716 ], [ -56.5150075, -29.9448939 ], [ -56.5139991, -29.9461201 ], [ -56.5140753, -29.9471798 ], [ -56.5137351, -29.9471445 ], [ -56.5127413, -29.9463465 ], [ -56.5126181, -29.9459338 ], [ -56.5114991, -29.9456488 ], [ -56.5106256, -29.9455986 ], [ -56.5105297, -29.9471895 ], [ -56.5096576, -29.947861 ], [ -56.5091576, -29.9488739 ], [ -56.5082349, -29.9495936 ], [ -56.508634, -29.9502767 ], [ -56.5086868, -29.951370299999986 ], [ -56.5086169, -29.9518318 ], [ -56.5081788, -29.9525112 ], [ -56.5080701, -29.9534676 ], [ -56.5050248, -29.9533777 ], [ -56.5046113, -29.9534588 ], [ -56.5042984, -29.9537801 ], [ -56.5047706, -29.9559764 ], [ -56.5045145, -29.956987500000011 ], [ -56.5050599, -29.9571823 ], [ -56.5057666, -29.9569958 ], [ -56.5066106, -29.9569951 ], [ -56.507232, -29.9573126 ], [ -56.5077757, -29.958231 ], [ -56.5076457, -29.9590743 ], [ -56.5081408, -29.9602144 ], [ -56.5088002, -29.9607822 ], [ -56.5096467, -29.9609917 ], [ -56.5107432, -29.9621787 ], [ -56.5113404, -29.9622362 ], [ -56.511983, -29.9620541 ], [ -56.5123061, -29.9621649 ], [ -56.5133433, -29.9636073 ], [ -56.5132253, -29.9646912 ], [ -56.5138517, -29.965241100000011 ], [ -56.513959, -29.9655986 ], [ -56.5142301, -29.9656138 ], [ -56.514499, -29.9675007 ], [ -56.5141411, -29.9684897 ], [ -56.5137241, -29.9689574 ], [ -56.513936, -29.9702739 ], [ -56.5134683, -29.9713059 ], [ -56.5131765, -29.9728271 ], [ -56.5138243, -29.9738186 ], [ -56.5146187, -29.973776 ], [ -56.5147369, -29.9738801 ], [ -56.5145298, -29.9747124 ], [ -56.5145203, -29.9773228 ], [ -56.5152235, -29.9775141 ], [ -56.5162984, -29.977088 ], [ -56.5171561, -29.9771088 ], [ -56.5174327, -29.9777015 ], [ -56.5182991, -29.978458300000014 ], [ -56.5185454, -29.9790976 ], [ -56.5191272, -29.9795744 ], [ -56.5192924, -29.9806375 ], [ -56.5195349, -29.9808431 ], [ -56.520991, -29.9810975 ], [ -56.5221443, -29.9801216 ], [ -56.522709, -29.9801596 ], [ -56.5226143, -29.9807649 ], [ -56.5227807, -29.981430899999985 ], [ -56.5226504, -29.9821251 ], [ -56.5232952, -29.9829033 ], [ -56.5235363, -29.9838999 ], [ -56.5245175, -29.9847761 ], [ -56.5241545, -29.9852566 ], [ -56.5229474, -29.9856655 ], [ -56.5230501, -29.9860329 ], [ -56.5228451, -29.986421 ], [ -56.5236087, -29.9867635 ], [ -56.5243893, -29.9875953 ], [ -56.5242774, -29.9889734 ], [ -56.5247173, -29.9896387 ], [ -56.525133, -29.9910197 ], [ -56.5253861, -29.9912999 ], [ -56.5266236, -29.9912401 ], [ -56.5269705, -29.991552799999987 ], [ -56.5272926, -29.9922652 ], [ -56.5279318, -29.9920131 ], [ -56.5290552, -29.9919798 ], [ -56.53052, -29.9923485 ], [ -56.5313999, -29.9935224 ], [ -56.5315463, -29.9945273 ], [ -56.5317171, -29.9947709 ], [ -56.5319507, -29.9945942 ], [ -56.5329452, -29.994442 ], [ -56.5333257, -29.9941416 ], [ -56.5336603, -29.9931986 ], [ -56.533202, -29.9923977 ], [ -56.5332228, -29.9920583 ], [ -56.5338235, -29.9912461 ], [ -56.5345679, -29.9912127 ], [ -56.535212, -29.9924295 ], [ -56.5364032, -29.9926797 ], [ -56.5374204, -29.993831 ], [ -56.538359, -29.9943382 ], [ -56.5395587, -29.9954609 ], [ -56.5405846, -29.9954564 ], [ -56.5414795, -29.9966016 ], [ -56.541934, -29.9969344 ], [ -56.543088, -29.9971946 ], [ -56.5438082, -29.9970092 ], [ -56.5444059, -29.9970649 ], [ -56.5447429, -29.9973979 ], [ -56.5450576, -29.9983112 ], [ -56.5463355, -29.9984546 ], [ -56.5476655, -29.9989884 ], [ -56.5481775, -29.9996319 ], [ -56.5488821, -30.000104 ], [ -56.5493653, -30.0007751 ], [ -56.5508898, -30.0017107 ], [ -56.5518722, -30.0009743 ], [ -56.5527144, -30.0007498 ], [ -56.552631, -29.9993621 ], [ -56.5529408, -29.9984499 ], [ -56.5536091, -29.9973798 ], [ -56.5538609, -29.996238 ], [ -56.5540992, -29.9962599 ], [ -56.5544177, -29.9966323 ], [ -56.5560053, -29.997441 ], [ -56.556714, -29.9974222 ], [ -56.5573177, -29.9982736 ], [ -56.5577364, -29.9985921 ], [ -56.5580796, -29.9985441 ], [ -56.5589435, -29.9978168 ], [ -56.559626, -29.9982873 ], [ -56.5609726, -29.9984401 ], [ -56.5614025, -29.9993525 ], [ -56.5615462, -30.000709699999987 ], [ -56.5619256, -30.0010395 ], [ -56.5624191, -30.001888 ], [ -56.5638118, -30.0028567 ], [ -56.5636806, -30.003393 ], [ -56.564325, -30.004881 ], [ -56.5654661, -30.0055055 ], [ -56.5665352, -30.005658300000011 ], [ -56.5680482, -30.0063093 ], [ -56.5686219, -30.0077478 ], [ -56.5685251, -30.0082662 ], [ -56.5686402, -30.008911 ], [ -56.5684066, -30.0097235 ], [ -56.5684967, -30.0102411 ], [ -56.5699933, -30.0113755 ], [ -56.5716062, -30.0112542 ], [ -56.5720151, -30.0125429 ], [ -56.5715353, -30.0130157 ], [ -56.570743, -30.0131907 ], [ -56.5693605, -30.014029 ], [ -56.5687424, -30.0149133 ], [ -56.5686924, -30.0178703 ], [ -56.5689492, -30.0190785 ], [ -56.5688206, -30.0194516 ], [ -56.5682632, -30.0198979 ], [ -56.5683541, -30.0205008 ], [ -56.5682296, -30.0210454 ], [ -56.5685034, -30.0213467 ], [ -56.5697193, -30.0219106 ], [ -56.5711818, -30.0219873 ], [ -56.5712386, -30.0232322 ], [ -56.5718377, -30.0244081 ], [ -56.5724801, -30.0249377 ], [ -56.5729026, -30.0262968 ], [ -56.5744124, -30.0273381 ], [ -56.5742754, -30.0282716 ], [ -56.5745115, -30.029173 ], [ -56.5744587, -30.0304488 ], [ -56.5731909, -30.0317308 ], [ -56.5725708, -30.0319873 ], [ -56.5725793, -30.0325097 ], [ -56.5729607, -30.0332877 ], [ -56.5750717, -30.0342261 ], [ -56.5747015, -30.0349706 ], [ -56.5737187, -30.0358128 ], [ -56.57347, -30.0363058 ], [ -56.5732614, -30.0374368 ], [ -56.5725163, -30.0375467 ], [ -56.5715266, -30.037391 ], [ -56.5705074, -30.0381763 ], [ -56.5708313, -30.0390708 ], [ -56.5705357, -30.0396861 ], [ -56.5698551, -30.04046880000001 ], [ -56.5696083, -30.0416366 ], [ -56.5705467, -30.0424223 ], [ -56.5709042, -30.0430984 ], [ -56.57117, -30.043089 ], [ -56.5711819, -30.0428207 ], [ -56.5719094, -30.0425877 ], [ -56.5728221, -30.0425802 ], [ -56.5737775, -30.043279 ], [ -56.574552, -30.0431703 ], [ -56.5755206, -30.0434536 ], [ -56.57614, -30.0437781 ], [ -56.5771342, -30.0446719 ], [ -56.5780188, -30.0448539 ], [ -56.5790438, -30.045361399999983 ], [ -56.5791151, -30.0455468 ], [ -56.5787132, -30.046690899999984 ], [ -56.57937, -30.047975 ], [ -56.5802319, -30.047351 ], [ -56.581375, -30.0475251 ], [ -56.5823166, -30.0472989 ], [ -56.5829294, -30.0473187 ], [ -56.5841324, -30.0483347 ], [ -56.5846845, -30.0485715 ], [ -56.5852522, -30.0485228 ], [ -56.5860742, -30.049571 ], [ -56.586284, -30.050244 ], [ -56.5866234, -30.0505653 ], [ -56.5872495, -30.050817 ], [ -56.587885, -30.0506749 ], [ -56.5885036, -30.0507872 ], [ -56.5889709, -30.0505982 ], [ -56.5898808, -30.0509237 ], [ -56.5899589, -30.0511034 ], [ -56.5897637, -30.0514836 ], [ -56.5893018, -30.0519562 ], [ -56.5891327, -30.0527387 ], [ -56.5881932, -30.0535895 ], [ -56.5884043, -30.0553206 ], [ -56.5897754, -30.0552876 ], [ -56.5910394, -30.054782699999983 ], [ -56.5921403, -30.0549131 ], [ -56.5929255, -30.054836 ], [ -56.5931157, -30.0551697 ], [ -56.593254, -30.0569596 ], [ -56.5936, -30.0572106 ], [ -56.5946879, -30.0573518 ], [ -56.5955116, -30.0578565 ], [ -56.5955529, -30.058487 ], [ -56.5945537, -30.0590586 ], [ -56.5942845, -30.0594817 ], [ -56.5946459, -30.0610483 ], [ -56.5967377, -30.0617095 ], [ -56.5966386, -30.0620695 ], [ -56.595412, -30.0632357 ], [ -56.5957104, -30.0641322 ], [ -56.5966573, -30.0653008 ], [ -56.5985731, -30.0656845 ], [ -56.5996629, -30.066740799999987 ], [ -56.6000447, -30.0682807 ], [ -56.5996239, -30.0693758 ], [ -56.6007363, -30.0708632 ], [ -56.6011043, -30.0710989 ], [ -56.6026672, -30.0713947 ], [ -56.6040727, -30.0709443 ], [ -56.6047263, -30.0714732 ], [ -56.6050731, -30.0722818 ], [ -56.6043382, -30.0738197 ], [ -56.6052823, -30.0749181 ], [ -56.6053993, -30.0764651 ], [ -56.6055609, -30.0766397 ], [ -56.6069149, -30.0770688 ], [ -56.6079977, -30.0779467 ], [ -56.6078808, -30.0786069 ], [ -56.6079844, -30.0793513 ], [ -56.6074027, -30.0796706 ], [ -56.60712, -30.0806133 ], [ -56.6067094, -30.0808181 ], [ -56.6048895, -30.0804118 ], [ -56.6042846, -30.081278199999989 ], [ -56.6039555, -30.0822863 ], [ -56.6051647, -30.0835801 ], [ -56.6063542, -30.084015299999983 ], [ -56.6070157, -30.0844872 ], [ -56.6067802, -30.0862123 ], [ -56.6072179, -30.0868668 ], [ -56.6073567, -30.0876691 ], [ -56.6078859, -30.0887174 ], [ -56.6093957, -30.0897869 ], [ -56.6099305, -30.0904929 ], [ -56.6108262, -30.0910384 ], [ -56.6108472, -30.0915538 ], [ -56.610373, -30.0923013 ], [ -56.6103726, -30.093086399999986 ], [ -56.6106269, -30.0936539 ], [ -56.6110108, -30.0937699 ], [ -56.6116064, -30.0943203 ], [ -56.6107438, -30.0956635 ], [ -56.610956, -30.096106 ], [ -56.611588, -30.0964219 ], [ -56.6129236, -30.096384 ], [ -56.6147206, -30.0956586 ], [ -56.6159776, -30.0955346 ], [ -56.6168598, -30.0948485 ], [ -56.6172025, -30.0947931 ], [ -56.6175193, -30.0948846 ], [ -56.6186355, -30.0957273 ], [ -56.6191107, -30.0965991 ], [ -56.6201336, -30.0971381 ], [ -56.6205707, -30.0965103 ], [ -56.6218276, -30.096241 ], [ -56.6221623, -30.0969389 ], [ -56.6232278, -30.0976023 ], [ -56.6233522, -30.0978919 ], [ -56.6227295, -30.098831299999986 ], [ -56.6214436, -30.099681 ], [ -56.6211825, -30.100320499999988 ], [ -56.6216371, -30.1003328 ], [ -56.6218135, -30.1005725 ], [ -56.6222495, -30.1006331 ], [ -56.6223025, -30.1012074 ], [ -56.6230497, -30.1017712 ], [ -56.6236137, -30.1024772 ], [ -56.6245918, -30.1029683 ], [ -56.6251743, -30.1029089 ], [ -56.6258199, -30.1033205 ], [ -56.6268385, -30.103626 ], [ -56.6271893, -30.1035718 ], [ -56.6275539, -30.1032795 ], [ -56.627737, -30.1029938 ], [ -56.6277118, -30.1022998 ], [ -56.6285294, -30.1012501 ], [ -56.6294432, -30.1006502 ], [ -56.6301304, -30.1006707 ], [ -56.6305267, -30.101014700000011 ], [ -56.6310117, -30.1007015 ], [ -56.6313554, -30.1006977 ], [ -56.6323352, -30.101645100000013 ], [ -56.6330151, -30.1016126 ], [ -56.6335769, -30.1013646 ], [ -56.6342522, -30.100597 ], [ -56.6355246, -30.1012421 ], [ -56.6362878, -30.1018971 ], [ -56.6365653, -30.1019175 ], [ -56.6380227, -30.1010728 ], [ -56.6393823, -30.1000052 ], [ -56.6394845, -30.0995846 ], [ -56.6393014, -30.098934 ], [ -56.6394499, -30.0987215 ], [ -56.6416891, -30.0981045 ], [ -56.6430438, -30.0981243 ], [ -56.6436826, -30.098376 ], [ -56.6446417, -30.0976419 ], [ -56.6452466, -30.0974615 ], [ -56.6455962, -30.0970378 ], [ -56.6457944, -30.0949309 ], [ -56.6454212, -30.0932342 ], [ -56.6463098, -30.092081 ], [ -56.6470022, -30.0917084 ], [ -56.6478982, -30.0926892 ], [ -56.6488372, -30.0929177 ], [ -56.6496381, -30.0935574 ], [ -56.6509317, -30.0939549 ], [ -56.6515055, -30.09464220000001 ], [ -56.6521983, -30.0949856 ], [ -56.6537631, -30.0948164 ], [ -56.6554518, -30.0955933 ], [ -56.6556619, -30.0951097 ], [ -56.6561493, -30.0946988 ], [ -56.6561827, -30.0942093 ], [ -56.656461, -30.0942138 ], [ -56.657126, -30.0944748 ], [ -56.6578804, -30.095284199999984 ], [ -56.6585484, -30.095300100000014 ], [ -56.6592748, -30.0951193 ], [ -56.6600729, -30.0955435 ], [ -56.6607858, -30.0954423 ], [ -56.661922, -30.0955923 ], [ -56.6632915, -30.0951499 ], [ -56.664614, -30.0963412 ], [ -56.665905, -30.0961537 ], [ -56.6660779, -30.0965433 ], [ -56.6659884, -30.0971958 ], [ -56.6666196, -30.0976335 ], [ -56.667432, -30.0986012 ], [ -56.6677164, -30.0986359 ], [ -56.6679311, -30.0984038 ], [ -56.668323, -30.0983477 ], [ -56.6687455, -30.0978749 ], [ -56.6690049, -30.0978238 ], [ -56.6693581, -30.0983276 ], [ -56.6702505, -30.0990098 ], [ -56.6707585, -30.0999421 ], [ -56.6718905, -30.1006523 ], [ -56.6715053, -30.1013875 ], [ -56.6715151, -30.1021106 ], [ -56.6723588, -30.1037914 ], [ -56.6730044, -30.1043191 ], [ -56.6731101, -30.1046682 ], [ -56.6730053, -30.1050047 ], [ -56.6721054, -30.1059601 ], [ -56.672048, -30.106492 ], [ -56.6726704, -30.10719 ], [ -56.673632, -30.1074443 ], [ -56.6739068, -30.107965 ], [ -56.6741361, -30.1091021 ], [ -56.673847, -30.1093946 ], [ -56.6728903, -30.1097064 ], [ -56.6726702, -30.110141 ], [ -56.6725803, -30.1111 ], [ -56.6727762, -30.1124084 ], [ -56.6708889, -30.113847899999985 ], [ -56.6706408, -30.1142794 ], [ -56.6706634, -30.1147809 ], [ -56.6712537, -30.1158201 ], [ -56.6723372, -30.1168656 ], [ -56.6731991, -30.1174285 ], [ -56.6743098, -30.11717 ], [ -56.6745162, -30.116987 ], [ -56.6755953, -30.117017 ], [ -56.6779464, -30.1178692 ], [ -56.6782761, -30.1181269 ], [ -56.6784458, -30.120086200000014 ], [ -56.6791697, -30.1210294 ], [ -56.6792847, -30.1220299 ], [ -56.6797837, -30.1235104 ], [ -56.6797941, -30.1253203 ] ] ], [ [ [ -57.217564709568222, -30.024120847850973 ], [ -57.2171801, -30.0231881 ], [ -57.215749184044263, -30.022558627073998 ], [ -57.217564709568222, -30.024120847850973 ] ] ] ] } },
{ "type": "Feature", "properties": { "wts_pk": 137993, "codigo_otto": "8262", "nivel_otto_declarado": 4, "area_m2_bho": 7983.7189850919167, "nivel_otto": 4 }, "geometry": { "type": "Polygon", "coordinates": [ [ [ -56.153413509524249, -30.059644102112667 ], [ -56.1534018, -30.0592111 ], [ -56.152992100966678, -30.059015559509803 ], [ -56.153413509524249, -30.059644102112667 ] ] ] } },
{ "type": "Feature", "properties": { "wts_pk": 137988, "codigo_otto": "8256", "nivel_otto_declarado": 4, "area_m2_bho": 975.53210716814658, "nivel_otto": 4 }, "geometry": { "type": "Polygon", "coordinates": [ [ [ -56.5969095, -29.9500507 ], [ -56.5972641, -29.9504872 ], [ -56.5973089, -29.9520373 ], [ -56.597595, -29.9525456 ], [ -56.5981901, -29.9524599 ], [ -56.5989733, -29.9520225 ], [ -56.6007989, -29.9519042 ], [ -56.6019083, -29.9513473 ], [ -56.6025133, -29.9506712 ], [ -56.6037521, -29.9505357 ], [ -56.6047197, -29.9501042 ], [ -56.6056948, -29.949974799999989 ], [ -56.6063905, -29.9495448 ], [ -56.6071616, -29.9495099 ], [ -56.6082192, -29.949708799999986 ], [ -56.6086173, -29.9494476 ], [ -56.6092584, -29.9486514 ], [ -56.6102693, -29.949095 ], [ -56.6104458, -29.949965799999987 ], [ -56.6111433, -29.9511116 ], [ -56.6113405, -29.9521522 ], [ -56.6111817, -29.9525426 ], [ -56.6138489, -29.9524301 ], [ -56.6145493, -29.9520403 ], [ -56.6153039, -29.9525388 ], [ -56.6160599, -29.9527843 ], [ -56.61652, -29.9527908 ], [ -56.6168536, -29.9526263 ], [ -56.6171741, -29.952741 ], [ -56.6175812, -29.9525636 ], [ -56.6186818, -29.952542599999987 ], [ -56.6189702, -29.9521661 ], [ -56.6197242, -29.9516551 ], [ -56.6201762, -29.9506816 ], [ -56.6211225, -29.9496188 ], [ -56.6214417, -29.9481718 ], [ -56.6212778, -29.9479542 ], [ -56.6199598, -29.9474985 ], [ -56.6185622, -29.9465259 ], [ -56.6179639, -29.9463403 ], [ -56.6168206, -29.9454313 ], [ -56.6164975, -29.944255 ], [ -56.6164297, -29.9425889 ], [ -56.6161898, -29.9418531 ], [ -56.6162697, -29.9406705 ], [ -56.6166536, -29.9403728 ], [ -56.617657, -29.940257 ], [ -56.6185259, -29.9399639 ], [ -56.6185358, -29.9398535 ], [ -56.6179603, -29.9395569 ], [ -56.6178447, -29.938948 ], [ -56.6186025, -29.9384202 ], [ -56.6193838, -29.9383977 ], [ -56.6201602, -29.9386104 ], [ -56.6215343, -29.9383753 ], [ -56.622989, -29.938637299999986 ], [ -56.6238459, -29.9385715 ], [ -56.6253922, -29.9371143 ], [ -56.6269432, -29.936096899999985 ], [ -56.6279656, -29.9347843 ], [ -56.628905, -29.9343513 ], [ -56.6309486, -29.932668 ], [ -56.6313503, -29.9326364 ], [ -56.6320683, -29.9332499 ], [ -56.6325171, -29.9333687 ], [ -56.6330093, -29.9333029 ], [ -56.6336179, -29.9327764 ], [ -56.633924, -29.9322824 ], [ -56.6340403, -29.9316131 ], [ -56.6344522, -29.931002 ], [ -56.6345719, -29.9299937 ], [ -56.6349415, -29.9293329 ], [ -56.6340117, -29.928426 ], [ -56.6337342, -29.9276161 ], [ -56.6338855, -29.9269529 ], [ -56.6336817, -29.9264314 ], [ -56.6328188, -29.926369 ], [ -56.6320514, -29.9259466 ], [ -56.6314378, -29.9261191 ], [ -56.6308181, -29.926102399999987 ], [ -56.6301528, -29.9255243 ], [ -56.6301242, -29.9246451 ], [ -56.6308514, -29.923791099999985 ], [ -56.6311538, -29.9229228 ], [ -56.6307414, -29.9223831 ], [ -56.6307868, -29.9218237 ], [ -56.6302508, -29.920771099999989 ], [ -56.6292859, -29.920364 ], [ -56.6292372, -29.9189314 ], [ -56.6304813, -29.9191933 ], [ -56.6335801, -29.9192167 ], [ -56.6346608, -29.919471 ], [ -56.6357101, -29.9194423 ], [ -56.6363384, -29.9191156 ], [ -56.6379231, -29.9173238 ], [ -56.6386359, -29.9168582 ], [ -56.6391491, -29.9162713 ], [ -56.6395209, -29.9161331 ], [ -56.6387802, -29.9155202 ], [ -56.6386106, -29.9146442 ], [ -56.6382012, -29.914057300000014 ], [ -56.6377718, -29.9129734 ], [ -56.6362312, -29.9118552 ], [ -56.6357717, -29.9112581 ], [ -56.6348954, -29.9107945 ], [ -56.6345682, -29.9104623 ], [ -56.6339733, -29.9091127 ], [ -56.6345174, -29.9078374 ], [ -56.6344408, -29.9074415 ], [ -56.6329962, -29.9053497 ], [ -56.6320236, -29.9045407 ], [ -56.6320429, -29.9043247 ], [ -56.6325096, -29.904161 ], [ -56.6330688, -29.9036084 ], [ -56.6331261, -29.9030981 ], [ -56.6347042, -29.9032474 ], [ -56.634857, -29.9018602 ], [ -56.6357605, -29.9002671 ], [ -56.6352083, -29.899865899999984 ], [ -56.6355375, -29.8993315 ], [ -56.6357045, -29.89854260000001 ], [ -56.6362756, -29.8981718 ], [ -56.6372121, -29.8978678 ], [ -56.6388614, -29.8979142 ], [ -56.6393268, -29.89678 ], [ -56.6405701, -29.895739 ], [ -56.6413221, -29.8937578 ], [ -56.6419541, -29.8936365 ], [ -56.6430162, -29.8937283 ], [ -56.6441387, -29.8942863 ], [ -56.6453483, -29.8953202 ], [ -56.6454504, -29.894591 ], [ -56.6461214, -29.8937287 ], [ -56.6456946, -29.8930963 ], [ -56.6459039, -29.8914314 ], [ -56.6468291, -29.8912737 ], [ -56.6472307, -29.8916486 ], [ -56.6480153, -29.8916366 ], [ -56.6485504, -29.891335 ], [ -56.6490803, -29.8906945 ], [ -56.6502302, -29.8905047 ], [ -56.6510607, -29.8899468 ], [ -56.6515391, -29.8893601 ], [ -56.6519424, -29.8892065 ], [ -56.6524302, -29.8895335 ], [ -56.6532512, -29.8907711 ], [ -56.6535194, -29.890814 ], [ -56.6543076, -29.890543 ], [ -56.6552527, -29.8891337 ], [ -56.6554295, -29.8879836 ], [ -56.656011, -29.8876271 ], [ -56.6568186, -29.8874847 ], [ -56.6571192, -29.8872738 ], [ -56.6573873, -29.8859505 ], [ -56.6580401, -29.8853693 ], [ -56.6596026, -29.8852529 ], [ -56.6601602, -29.8847872 ], [ -56.6608171, -29.8853888 ], [ -56.6612415, -29.8865785 ], [ -56.6615228, -29.886936799999983 ], [ -56.6622928, -29.8875424 ], [ -56.663358, -29.8878158 ], [ -56.6646588, -29.8874388 ], [ -56.6659462, -29.88599 ], [ -56.6666732, -29.8857021 ], [ -56.66738, -29.8859198 ], [ -56.6677149, -29.8861808 ], [ -56.6685436, -29.8873264 ], [ -56.6685336, -29.8877672 ], [ -56.6688399, -29.8880614 ], [ -56.6696259, -29.8883529 ], [ -56.6707496, -29.8881229 ], [ -56.6712418, -29.8881681 ], [ -56.6718608, -29.8888316 ], [ -56.6726414, -29.8889997 ], [ -56.6732497, -29.8894043 ], [ -56.6741285, -29.8897007 ], [ -56.6744316, -29.8895972 ], [ -56.6746227, -29.8887458 ], [ -56.6752682, -29.8882164 ], [ -56.6756262, -29.8875423 ], [ -56.6762258, -29.8876416 ], [ -56.6766628, -29.8883117 ], [ -56.6783697, -29.8888784 ], [ -56.6786453, -29.8888146 ], [ -56.679499, -29.8880942 ], [ -56.6812986, -29.8881038 ], [ -56.6817046, -29.888377600000013 ], [ -56.6824609, -29.8882842 ], [ -56.6827941, -29.8879693 ], [ -56.6834947, -29.886218 ], [ -56.6839742, -29.8857469 ], [ -56.6850451, -29.8858314 ], [ -56.6858373, -29.8853902 ], [ -56.6868163, -29.8852609 ], [ -56.6877249, -29.8844365 ], [ -56.6875875, -29.8829473 ], [ -56.6880718, -29.8819129 ], [ -56.6871145, -29.8810783 ], [ -56.6870024, -29.8805764 ], [ -56.6870152, -29.8794867 ], [ -56.6874614, -29.8790251 ], [ -56.6890705, -29.879132099999985 ], [ -56.6908342, -29.878491 ], [ -56.6919143, -29.8795674 ], [ -56.6920816, -29.8807396 ], [ -56.6924468, -29.8810551 ], [ -56.6932709, -29.8805021 ], [ -56.6938974, -29.879549 ], [ -56.6945835, -29.8795422 ], [ -56.6953566, -29.8800006 ], [ -56.6958589, -29.8799263 ], [ -56.6964126, -29.8793636 ], [ -56.6966875, -29.8787419 ], [ -56.6967374, -29.8780978 ], [ -56.697261, -29.878072500000012 ], [ -56.6973287, -29.8778482 ], [ -56.6975599, -29.8777647 ], [ -56.6975708, -29.8775423 ], [ -56.69819, -29.8777596 ], [ -56.6990565, -29.877627899999986 ], [ -56.6996035, -29.8785029 ], [ -56.7000201, -29.8786446 ], [ -56.7005169, -29.878582 ], [ -56.7009959, -29.8783123 ], [ -56.7013617, -29.8776598 ], [ -56.7030468, -29.8793738 ], [ -56.7031264, -29.8811534 ], [ -56.7033473, -29.8811293 ], [ -56.7047607, -29.8801966 ], [ -56.7052183, -29.8797375 ], [ -56.7051528, -29.8782695 ], [ -56.7060798, -29.877462 ], [ -56.7065604, -29.8759467 ], [ -56.7072991, -29.8754464 ], [ -56.7080174, -29.8756739 ], [ -56.7086259, -29.8763692 ], [ -56.709206, -29.8763968 ], [ -56.7098999, -29.875687 ], [ -56.7119721, -29.874637699999987 ], [ -56.7126413, -29.873709 ], [ -56.7132528, -29.8731784 ], [ -56.7142906, -29.8731025 ], [ -56.7151204, -29.8738386 ], [ -56.7154041, -29.87389 ], [ -56.7157432, -29.8734799 ], [ -56.7163577, -29.8732984 ], [ -56.7172093, -29.8726374 ], [ -56.7179608, -29.8723674 ], [ -56.7193173, -29.8724775 ], [ -56.7204615, -29.8717899 ], [ -56.7215733, -29.8715354 ], [ -56.7224651, -29.8720723 ], [ -56.72298, -29.8727083 ], [ -56.7232354, -29.8727471 ], [ -56.7240778, -29.8720871 ], [ -56.7247344, -29.8718492 ], [ -56.7252197, -29.8712711 ], [ -56.7261315, -29.8710207 ], [ -56.7266449, -29.8705245 ], [ -56.7271497, -29.8695196 ], [ -56.7284395, -29.8689129 ], [ -56.7286411, -29.8686898 ], [ -56.7286609, -29.8673148 ], [ -56.7281472, -29.8662509 ], [ -56.728781, -29.8648438 ], [ -56.7290708, -29.8645746 ], [ -56.729668, -29.8643871 ], [ -56.7312833, -29.8634748 ], [ -56.7336476, -29.863862 ], [ -56.7352339, -29.8634969 ], [ -56.736021, -29.8638645 ], [ -56.7364316, -29.863451699999985 ], [ -56.7364598, -29.8619865 ], [ -56.7382405, -29.8614978 ], [ -56.7388849, -29.8620438 ], [ -56.7393743, -29.8627155 ], [ -56.7398778, -29.8627704 ], [ -56.7409596, -29.862470799999986 ], [ -56.7414009, -29.8620618 ], [ -56.7424965, -29.8617623 ], [ -56.7439487, -29.8618401 ], [ -56.7444126, -29.8613564 ], [ -56.7446123, -29.860393 ], [ -56.7452001, -29.8600458 ], [ -56.7462499, -29.8600911 ], [ -56.7474545, -29.8606926 ], [ -56.748255, -29.8613557 ], [ -56.7489362, -29.8614006 ], [ -56.7491829, -29.8612003 ], [ -56.7498905, -29.8587216 ], [ -56.7501832, -29.8584519 ], [ -56.7505661, -29.8583812 ], [ -56.7510693, -29.8584501 ], [ -56.751814, -29.8587968 ], [ -56.7522092, -29.858794 ], [ -56.7525102, -29.8594048 ], [ -56.7523173, -29.8601435 ], [ -56.7524157, -29.8605681 ], [ -56.7529588, -29.8610634 ], [ -56.7539089, -29.8612856 ], [ -56.754501, -29.8618172 ], [ -56.7547932, -29.862542 ], [ -56.7553091, -29.8626795 ], [ -56.7569055, -29.8621784 ], [ -56.7577312, -29.8616156 ], [ -56.758133, -29.860666399999985 ], [ -56.7580815, -29.8598245 ], [ -56.7578557, -29.8594314 ], [ -56.7591378, -29.8588519 ], [ -56.760307, -29.8579702 ], [ -56.7612517, -29.856834 ], [ -56.7616224, -29.8568715 ], [ -56.7623707, -29.8566512 ], [ -56.763041, -29.8562072 ], [ -56.7642949, -29.8558856 ], [ -56.7647428, -29.8559982 ], [ -56.7657443, -29.8569043 ], [ -56.7662724, -29.856939 ], [ -56.7668927, -29.8566192 ], [ -56.7674379, -29.8560367 ], [ -56.7677387, -29.8554421 ], [ -56.7683262, -29.8558002 ], [ -56.7698427, -29.85595180000001 ], [ -56.7702133, -29.8563192 ], [ -56.7707074, -29.85643 ], [ -56.7723315, -29.856424 ], [ -56.7727551, -29.8562412 ], [ -56.7728489, -29.8558753 ], [ -56.7735669, -29.8559116 ], [ -56.7740442, -29.8563643 ], [ -56.774468, -29.8565269 ], [ -56.7745156, -29.857542 ], [ -56.7757662, -29.857929 ], [ -56.7763178, -29.8591017 ], [ -56.7786895, -29.8596602 ], [ -56.7788506, -29.859871 ], [ -56.7787932, -29.8605186 ], [ -56.7798375, -29.8615837 ], [ -56.7802499, -29.8616717 ], [ -56.7809296, -29.8614679 ], [ -56.7817031, -29.8614718 ], [ -56.7822076, -29.8619202 ], [ -56.7837576, -29.8626899 ], [ -56.7848664, -29.8626019 ], [ -56.7863606, -29.8634535 ], [ -56.7869252, -29.8642801 ], [ -56.7877021, -29.8664005 ], [ -56.7885204, -29.8671726 ], [ -56.7899346, -29.8673722 ], [ -56.7902563, -29.8678931 ], [ -56.7904939, -29.8688173 ], [ -56.7927382, -29.8693875 ], [ -56.7937601, -29.8686758 ], [ -56.7941875, -29.8695575 ], [ -56.7938679, -29.8705234 ], [ -56.7931973, -29.8715732 ], [ -56.7931909, -29.871851099999986 ], [ -56.7934756, -29.8723838 ], [ -56.793865, -29.8727068 ], [ -56.7944791, -29.8738891 ], [ -56.794493, -29.874437 ], [ -56.7942468, -29.8751796 ], [ -56.7942852, -29.8759113 ], [ -56.7952486, -29.8767876 ], [ -56.7954174, -29.8776646 ], [ -56.7959047, -29.8783752 ], [ -56.7967725, -29.8783274 ], [ -56.7977852, -29.8777639 ], [ -56.798281, -29.8769355 ], [ -56.7982311, -29.8765329 ], [ -56.7984492, -29.8760047 ], [ -56.7987912, -29.8756799 ], [ -56.7995397, -29.8756053 ], [ -56.8003659, -29.8758345 ], [ -56.8009858, -29.8758216 ], [ -56.8030112, -29.8752214 ], [ -56.8035376, -29.8746129 ], [ -56.8047124, -29.8744994 ], [ -56.8055139, -29.8746371 ], [ -56.8060118, -29.874341 ], [ -56.8063718, -29.8747082 ], [ -56.8069427, -29.8749283 ], [ -56.8074664, -29.8744126 ], [ -56.8077119, -29.8736822 ], [ -56.8085148, -29.8731938 ], [ -56.8091667, -29.8736976 ], [ -56.8099684, -29.874845199999985 ], [ -56.8104086, -29.8762951 ], [ -56.8106165, -29.8765385 ], [ -56.8112563, -29.876708099999988 ], [ -56.8122308, -29.876550599999984 ], [ -56.8128305, -29.8772697 ], [ -56.8136928, -29.8767347 ], [ -56.8149157, -29.8769637 ], [ -56.815993, -29.876990700000011 ], [ -56.8173913, -29.876661 ], [ -56.8180546, -29.8763259 ], [ -56.8190305, -29.8751792 ], [ -56.8193245, -29.8750729 ], [ -56.8215337, -29.875378 ], [ -56.8232393, -29.8763274 ], [ -56.8249488, -29.8757806 ], [ -56.8254682, -29.8754138 ], [ -56.8268203, -29.874977 ], [ -56.8276896, -29.8745027 ], [ -56.8282055, -29.8745275 ], [ -56.8292791, -29.8749957 ], [ -56.8306489, -29.8750585 ], [ -56.8313121, -29.875323899999984 ], [ -56.8318851, -29.8752862 ], [ -56.8324251, -29.8748224 ], [ -56.8327909, -29.8747615 ], [ -56.835313, -29.8753097 ], [ -56.8385132, -29.8751564 ], [ -56.8386377, -29.8753211 ], [ -56.8384833, -29.876002699999983 ], [ -56.8389605, -29.8767084 ], [ -56.8400716, -29.8767084 ], [ -56.8404466, -29.8753825 ], [ -56.8411813, -29.8748961 ], [ -56.842376, -29.8755668 ], [ -56.8442383, -29.8750417 ], [ -56.8439958, -29.8733112 ], [ -56.8455618, -29.8715739 ], [ -56.8453494, -29.8703195 ], [ -56.8460898, -29.8708549 ], [ -56.8480108, -29.8708359 ], [ -56.8484049, -29.8705973 ], [ -56.8484281, -29.8697192 ], [ -56.8487466, -29.8692589 ], [ -56.8502485, -29.8685731 ], [ -56.8511613, -29.86771 ], [ -56.8522325, -29.8657285 ], [ -56.8523369, -29.8644381 ], [ -56.8526681, -29.8631674 ], [ -56.8531983, -29.8626457 ], [ -56.8539605, -29.8628194 ], [ -56.853984, -29.8609531 ], [ -56.8544287, -29.8604356 ], [ -56.8546194, -29.8598456 ], [ -56.8552369, -29.8591194 ], [ -56.8554426, -29.8585413 ], [ -56.8568962, -29.8580025 ], [ -56.8577701, -29.8573219 ], [ -56.8597819, -29.8572325 ], [ -56.8607075, -29.8569241 ], [ -56.8614628, -29.8556149 ], [ -56.8607518, -29.8544339 ], [ -56.8608052, -29.853458299999989 ], [ -56.8601593, -29.8529378 ], [ -56.8586827, -29.850875 ], [ -56.8579991, -29.8510416 ], [ -56.8547834, -29.8506369 ], [ -56.854333, -29.8509428 ], [ -56.8537528, -29.8519281 ], [ -56.8529941, -29.8519886 ], [ -56.852016, -29.8517083 ], [ -56.8520865, -29.8510747 ], [ -56.8525539, -29.8503532 ], [ -56.8525532, -29.8498136 ], [ -56.8523597, -29.8495646 ], [ -56.8515591, -29.8493159 ], [ -56.8512359, -29.8485039 ], [ -56.8513496, -29.8473718 ], [ -56.8503858, -29.8450849 ], [ -56.8503348, -29.8429647 ], [ -56.8501032, -29.8422224 ], [ -56.8500344, -29.8411004 ], [ -56.8490554, -29.8399691 ], [ -56.8489387, -29.8384213 ], [ -56.8486033, -29.8371498 ], [ -56.8475714, -29.8361528 ], [ -56.8468691, -29.8357789 ], [ -56.8466706, -29.834916 ], [ -56.8460542, -29.8339601 ], [ -56.8457862, -29.8337702 ], [ -56.8452593, -29.8338868 ], [ -56.8448817, -29.8337717 ], [ -56.8437795, -29.8321874 ], [ -56.8435408, -29.8309871 ], [ -56.8413936, -29.8305279 ], [ -56.8412106, -29.8302774 ], [ -56.841056, -29.8293084 ], [ -56.8404419, -29.828991099999985 ], [ -56.8397936, -29.8289306 ], [ -56.8402596, -29.8280091 ], [ -56.840088, -29.8274585 ], [ -56.8400697, -29.8261323 ], [ -56.8403491, -29.8253195 ], [ -56.8398181, -29.8251828 ], [ -56.8393677, -29.8245356 ], [ -56.8385516, -29.824437499999984 ], [ -56.8375713, -29.8239306 ], [ -56.8376556, -29.8229874 ], [ -56.8382948, -29.8227319 ], [ -56.8388339, -29.8222336 ], [ -56.8391831, -29.8211549 ], [ -56.8389815, -29.8203648 ], [ -56.839117, -29.8195354 ], [ -56.838073, -29.8175181 ], [ -56.8375683, -29.8172457 ], [ -56.8380715, -29.816572 ], [ -56.8385067, -29.8154 ], [ -56.8394523, -29.814337599999988 ], [ -56.8400717, -29.8113781 ], [ -56.8396598, -29.8100749 ], [ -56.8382917, -29.809019899999985 ], [ -56.8367379, -29.808375 ], [ -56.8367484, -29.8079459 ], [ -56.8370832, -29.8073173 ], [ -56.8383342, -29.8063749 ], [ -56.8388605, -29.8057962 ], [ -56.8390685, -29.8051274 ], [ -56.8394526, -29.8046125 ], [ -56.8396178, -29.8034481 ], [ -56.8398767, -29.803200199999988 ], [ -56.8402544, -29.8031258 ], [ -56.8426547, -29.8037084 ], [ -56.8430584, -29.8039845 ], [ -56.8437545, -29.8049846 ], [ -56.8446268, -29.8057872 ], [ -56.8461974, -29.8064018 ], [ -56.8475713, -29.8064305 ], [ -56.8485809, -29.8052391 ], [ -56.8487473, -29.804360499999987 ], [ -56.8493683, -29.8034758 ], [ -56.8503524, -29.8033587 ], [ -56.8514439, -29.8034031 ], [ -56.852063, -29.8035883 ], [ -56.8525295, -29.8034754 ], [ -56.8525519, -29.8023615 ], [ -56.8520157, -29.8017083 ], [ -56.8533987, -29.8013829 ], [ -56.8539356, -29.8009511 ], [ -56.8546048, -29.8011026 ], [ -56.8551851, -29.8009962 ], [ -56.8560761, -29.8010698 ], [ -56.857801, -29.7999094 ], [ -56.8585193, -29.7990219 ], [ -56.8596955, -29.7991093 ], [ -56.8610189, -29.798467 ], [ -56.8619003, -29.7982839 ], [ -56.8622259, -29.7980437 ], [ -56.8634072, -29.7967261 ], [ -56.8626307, -29.7957322 ], [ -56.862294, -29.7944361 ], [ -56.862387, -29.7940104 ], [ -56.8632674, -29.7929684 ], [ -56.863193, -29.7924707 ], [ -56.8634932, -29.7913188 ], [ -56.8639002, -29.7911669 ], [ -56.8647768, -29.7912822 ], [ -56.865023, -29.7909738 ], [ -56.8650713, -29.7903193 ], [ -56.8662513, -29.7895954 ], [ -56.8668951, -29.7896592 ], [ -56.8671325, -29.7893113 ], [ -56.8678247, -29.788972 ], [ -56.8684047, -29.788930399999987 ], [ -56.869992, -29.7916464 ], [ -56.870429, -29.7916687 ], [ -56.8712792, -29.791377 ], [ -56.871738, -29.7908749 ], [ -56.8740427, -29.7912073 ], [ -56.8754445, -29.7917646 ], [ -56.8771151, -29.7932963 ], [ -56.8788223, -29.7939219 ], [ -56.8798568, -29.793675 ], [ -56.8805692, -29.794087 ], [ -56.8822393, -29.793390099999989 ], [ -56.8827271, -29.7934666 ], [ -56.8833381, -29.793876199999989 ], [ -56.884041, -29.793883 ], [ -56.8844232, -29.7935876 ], [ -56.8851841, -29.7922806 ], [ -56.8866236, -29.791779699999989 ], [ -56.8877385, -29.7920673 ], [ -56.8882748, -29.7926693 ], [ -56.8886826, -29.7925415 ], [ -56.8884367, -29.7921123 ], [ -56.8883812, -29.7913664 ], [ -56.8881277, -29.7908201 ], [ -56.8881507, -29.790192899999987 ], [ -56.8884048, -29.7897637 ], [ -56.889363, -29.7895115 ], [ -56.8905277, -29.7896674 ], [ -56.892225, -29.7883207 ], [ -56.8925156, -29.787960299999984 ], [ -56.8929864, -29.7867434 ], [ -56.8949454, -29.7854973 ], [ -56.8956983, -29.7842645 ], [ -56.8972611, -29.782923 ], [ -56.8976358, -29.7818514 ], [ -56.8980623, -29.7812804 ], [ -56.8981762, -29.7799906 ], [ -56.8985777, -29.7793658 ], [ -56.8976601, -29.778028 ], [ -56.8972338, -29.776848 ], [ -56.8969503, -29.7764822 ], [ -56.8966251, -29.7762419 ], [ -56.8958251, -29.7760935 ], [ -56.8951726, -29.7757947 ], [ -56.8944678, -29.7748942 ], [ -56.893449, -29.774358299999985 ], [ -56.8930302, -29.7735439 ], [ -56.8926137, -29.7731561 ], [ -56.8921668, -29.7720862 ], [ -56.8914603, -29.7714303 ], [ -56.8912173, -29.7714048 ], [ -56.8908698, -29.7709003 ], [ -56.8906269, -29.770874799999984 ], [ -56.890615, -29.7706064 ], [ -56.8903456, -29.770578399999987 ], [ -56.8910945, -29.7696907 ], [ -56.8911806, -29.7693465 ], [ -56.8911439, -29.7680536 ], [ -56.8906915, -29.7670629 ], [ -56.8911728, -29.7661903 ], [ -56.8910423, -29.7637817 ], [ -56.8919369, -29.7633171 ], [ -56.8924305, -29.7622991 ], [ -56.8933225, -29.761546 ], [ -56.8936824, -29.760597 ], [ -56.8941252, -29.760582 ], [ -56.8943229, -29.7603497 ], [ -56.8947418, -29.7602783 ], [ -56.8948302, -29.7598499 ], [ -56.8950713, -29.7597636 ], [ -56.8955316, -29.7591339 ], [ -56.8962391, -29.7561045 ], [ -56.896881, -29.7555612 ], [ -56.8970003, -29.7552863 ], [ -56.8970053, -29.7542468 ], [ -56.8967331, -29.753355 ], [ -56.8973224, -29.752948600000011 ], [ -56.8980093, -29.7527261 ], [ -56.8985929, -29.7523181 ], [ -56.899875, -29.7519862 ], [ -56.901716, -29.7520206 ], [ -56.9038107, -29.7525214 ], [ -56.9056094, -29.7525091 ], [ -56.9074052, -29.7519383 ], [ -56.9081354, -29.751197 ], [ -56.9085675, -29.751222 ], [ -56.9094809, -29.7516497 ], [ -56.910363, -29.7517089 ], [ -56.9109895, -29.751467 ], [ -56.91265, -29.7513702 ], [ -56.9132521, -29.7509733 ], [ -56.9143086, -29.7508079 ], [ -56.9149139, -29.7504072 ], [ -56.9152904, -29.7503276 ], [ -56.9167729, -29.7507297 ], [ -56.9172234, -29.750708 ], [ -56.918399, -29.7513879 ], [ -56.9197065, -29.7511606 ], [ -56.9207078, -29.7514104 ], [ -56.922064, -29.7498937 ], [ -56.923019, -29.7496749 ], [ -56.9240824, -29.7491324 ], [ -56.924022, -29.7479748 ], [ -56.9245995, -29.7465893 ], [ -56.9252041, -29.7459796 ], [ -56.9266542, -29.7453748 ], [ -56.9278714, -29.7450757 ], [ -56.9289963, -29.7449809 ], [ -56.9295159, -29.7447635 ], [ -56.9295507, -29.7427708 ], [ -56.9306292, -29.7403755 ], [ -56.930561, -29.7393559 ], [ -56.9299222, -29.7384996 ], [ -56.9304912, -29.7380397 ], [ -56.9304623, -29.7374691 ], [ -56.9306054, -29.737259 ], [ -56.9313036, -29.7375704 ], [ -56.9315534, -29.738306200000011 ], [ -56.9320589, -29.7388079 ], [ -56.932475, -29.738892 ], [ -56.9331292, -29.7387 ], [ -56.9335673, -29.7387448 ], [ -56.9340928, -29.739382699999986 ], [ -56.9349903, -29.7399904 ], [ -56.9355413, -29.7398955 ], [ -56.9362742, -29.7385344 ], [ -56.9366001, -29.7383865 ], [ -56.9380202, -29.7384493 ], [ -56.9385817, -29.7387347 ], [ -56.93905, -29.7393323 ], [ -56.9393328, -29.7394484 ], [ -56.9396674, -29.7393983 ], [ -56.9403785, -29.7389695 ], [ -56.9414791, -29.7389425 ], [ -56.9421832, -29.7390953 ], [ -56.943331, -29.7387007 ], [ -56.9441132, -29.738662899999984 ], [ -56.9446206, -29.738914099999985 ], [ -56.9451425, -29.7397095 ], [ -56.9457446, -29.7402323 ], [ -56.9462334, -29.7402985 ], [ -56.9469393, -29.7401721 ], [ -56.9474154, -29.7404932 ], [ -56.948255, -29.7407137 ], [ -56.9486275, -29.7410798 ], [ -56.9501152, -29.7413745 ], [ -56.95083, -29.741058699999989 ], [ -56.9511827, -29.7405967 ], [ -56.9517918, -29.7408267 ], [ -56.952697, -29.7406293 ], [ -56.9536632, -29.7407238 ], [ -56.955554, -29.739428 ], [ -56.9560409, -29.7384821 ], [ -56.9573332, -29.7373872 ], [ -56.9584049, -29.7369856 ], [ -56.9581953, -29.735813899999989 ], [ -56.9588261, -29.7352838 ], [ -56.9589512, -29.7349087 ], [ -56.9587044, -29.7338845 ], [ -56.9587081, -29.733143 ], [ -56.959447, -29.7323949 ], [ -56.9597938, -29.7308745 ], [ -56.9588155, -29.7300089 ], [ -56.9586044, -29.7293605 ], [ -56.9581866, -29.7287753 ], [ -56.9581667, -29.7277765 ], [ -56.9586159, -29.7271119 ], [ -56.9586533, -29.7267289 ], [ -56.9582042, -29.725997 ], [ -56.9580592, -29.72491680000001 ], [ -56.9573817, -29.7238299 ], [ -56.9572921, -29.7230801 ], [ -56.9575693, -29.7223126 ], [ -56.9573657, -29.721009 ], [ -56.9580627, -29.7193425 ], [ -56.9584679, -29.717692 ], [ -56.9589637, -29.7170041 ], [ -56.9579931, -29.7166721 ], [ -56.9576982, -29.7164029 ], [ -56.9577703, -29.7149329 ], [ -56.9568732, -29.7143799 ], [ -56.9563273, -29.7134798 ], [ -56.9545159, -29.7128189 ], [ -56.9545295, -29.7120593 ], [ -56.9547337, -29.711782399999986 ], [ -56.955577, -29.7115754 ], [ -56.9558361, -29.7112741 ], [ -56.9560514, -29.710430400000011 ], [ -56.9570336, -29.7099108 ], [ -56.9588976, -29.7102037 ], [ -56.959968, -29.7096859 ], [ -56.9614054, -29.7085043 ], [ -56.9614681, -29.7077721 ], [ -56.9613127, -29.7070971 ], [ -56.9614608, -29.7066915 ], [ -56.961146, -29.7058107 ], [ -56.9593352, -29.7032967 ], [ -56.9593071, -29.7029617 ], [ -56.96001, -29.7018388 ], [ -56.9603492, -29.7005967 ], [ -56.9610982, -29.7005873 ], [ -56.9614364, -29.700268 ], [ -56.9618289, -29.6987933 ], [ -56.9623985, -29.698848 ], [ -56.9634881, -29.698600499999984 ], [ -56.9641509, -29.6980221 ], [ -56.9641274, -29.6962607 ], [ -56.9632231, -29.6949614 ], [ -56.9631981, -29.6947071 ], [ -56.9638602, -29.6943226 ], [ -56.9646954, -29.693297 ], [ -56.9648312, -29.6916643 ], [ -56.9652047, -29.6906271 ], [ -56.9662845, -29.6898558 ], [ -56.9669141, -29.6898993 ], [ -56.9672936, -29.6897633 ], [ -56.9672671, -29.6893187 ], [ -56.9670132, -29.688887 ], [ -56.9673443, -29.6881961 ], [ -56.9675714, -29.6880966 ], [ -56.9675714, -29.6867077 ], [ -56.9674133, -29.6865788 ], [ -56.9674018, -29.6862552 ], [ -56.9685952, -29.684967399999987 ], [ -56.9689061, -29.6843435 ], [ -56.9689259, -29.6838705 ], [ -56.9686539, -29.683031 ], [ -56.9683002, -29.6825514 ], [ -56.9678372, -29.682297499999986 ], [ -56.9661115, -29.6821974 ], [ -56.9656774, -29.681575 ], [ -56.9653852, -29.6806392 ], [ -56.9652032, -29.6788292 ], [ -56.9655352, -29.6784834 ], [ -56.965578, -29.6781241 ], [ -56.9651651, -29.6776536 ], [ -56.9651039, -29.6773603 ], [ -56.9655574, -29.676288600000014 ], [ -56.9649755, -29.6751167 ], [ -56.964085, -29.6741506 ], [ -56.9644772, -29.6728457 ], [ -56.9637864, -29.6721781 ], [ -56.9635055, -29.6713224 ], [ -56.9641453, -29.66959 ], [ -56.9637433, -29.669251 ], [ -56.9628491, -29.6692077 ], [ -56.9628488, -29.6685062 ], [ -56.9631937, -29.6678717 ], [ -56.9641578, -29.6671072 ], [ -56.9643806, -29.6664605 ], [ -56.9650713, -29.6661522 ], [ -56.965091, -29.6648855 ], [ -56.9653242, -29.6640261 ], [ -56.9648474, -29.6625422 ], [ -56.9653245, -29.6616648 ], [ -56.965349, -29.6600411 ], [ -56.9657595, -29.6593127 ], [ -56.9672675, -29.6591711 ], [ -56.9675276, -29.6589681 ], [ -56.9678283, -29.65764 ], [ -56.9670754, -29.6560103 ], [ -56.9672814, -29.6553174 ], [ -56.9675867, -29.6550827 ], [ -56.9693697, -29.654925599999988 ], [ -56.9696586, -29.6543209 ], [ -56.9716143, -29.652996 ], [ -56.9717491, -29.6524842 ], [ -56.9716827, -29.6513034 ], [ -56.9703947, -29.6489263 ], [ -56.970607, -29.6485551 ], [ -56.9713421, -29.6480772 ], [ -56.971679, -29.6476737 ], [ -56.9719162, -29.6468177 ], [ -56.9716799, -29.6457487 ], [ -56.9713501, -29.6454077 ], [ -56.9704232, -29.644982399999989 ], [ -56.9696073, -29.6439889 ], [ -56.9682165, -29.6432954 ], [ -56.9679454, -29.6430238 ], [ -56.9679094, -29.6426834 ], [ -56.9686418, -29.6409223 ], [ -56.968842550124343, -29.639678358628686 ], [ -56.96847772168195, -29.639076871451493 ], [ -56.9673679, -29.6386922 ], [ -56.9664776, -29.6386797 ], [ -56.9653224, -29.6396219 ], [ -56.965136, -29.6395831 ], [ -56.9650025, -29.6388203 ], [ -56.9637463, -29.6357256 ], [ -56.9636374, -29.6344374 ], [ -56.9631697, -29.6334345 ], [ -56.9635699, -29.6310375 ], [ -56.9632407, -29.6301558 ], [ -56.9636349, -29.6295426 ], [ -56.9638461, -29.6288208 ], [ -56.9637701, -29.6282394 ], [ -56.964227, -29.6274046 ], [ -56.9641807, -29.626862 ], [ -56.9637135, -29.6258524 ], [ -56.9638213, -29.6246174 ], [ -56.9652203, -29.6241043 ], [ -56.9653172, -29.6237503 ], [ -56.9651796, -29.6229804 ], [ -56.9660572, -29.6227246 ], [ -56.9664387, -29.6224334 ], [ -56.9673709, -29.6204729 ], [ -56.9688701, -29.6188564 ], [ -56.9692047, -29.6181407 ], [ -56.9690287, -29.6169093 ], [ -56.9694014, -29.6157722 ], [ -56.9692096, -29.6156276 ], [ -56.9658, -29.6149638 ], [ -56.9664216, -29.6144366 ], [ -56.9664345, -29.61305 ], [ -56.9660687, -29.6126324 ], [ -56.9648847, -29.6123676 ], [ -56.9644794, -29.6102586 ], [ -56.9641928, -29.6098784 ], [ -56.9635982, -29.6098058 ], [ -56.9629474, -29.6101069 ], [ -56.962378, -29.6106651 ], [ -56.9620642, -29.6113018 ], [ -56.9620505, -29.6120227 ], [ -56.9625212, -29.6127743 ], [ -56.9626385, -29.6140583 ], [ -56.963587, -29.6152144 ], [ -56.9632917, -29.615773 ], [ -56.9624013, -29.616239399999987 ], [ -56.9612983, -29.6171595 ], [ -56.9598754, -29.6159873 ], [ -56.9597316, -29.6140797 ], [ -56.9588085, -29.6132743 ], [ -56.9584946, -29.6127473 ], [ -56.9583384, -29.611581 ], [ -56.9575168, -29.6096657 ], [ -56.9568481, -29.6096544 ], [ -56.9560372, -29.6091051 ], [ -56.9557227, -29.6087043 ], [ -56.9550644, -29.6084002 ], [ -56.9539204, -29.608582 ], [ -56.9533144, -29.6083728 ], [ -56.9515553, -29.6085621 ], [ -56.9512866, -29.608299700000011 ], [ -56.9510329, -29.6076624 ], [ -56.9501457, -29.6072042 ], [ -56.9490377, -29.6059239 ], [ -56.9479911, -29.6058916 ], [ -56.9471055, -29.6061047 ], [ -56.946022, -29.6058996 ], [ -56.9448625, -29.6063625 ], [ -56.9438758, -29.6064831 ], [ -56.9434624, -29.6068518 ], [ -56.9433048, -29.6082974 ], [ -56.9422574, -29.6090767 ], [ -56.9403738, -29.6089602 ], [ -56.9394457, -29.6092832 ], [ -56.9390175, -29.609696199999988 ], [ -56.9386292, -29.609749 ], [ -56.9373753, -29.6092684 ], [ -56.935749, -29.609177599999985 ], [ -56.9349436, -29.6089583 ], [ -56.9331517, -29.6092011 ], [ -56.9321345, -29.6091212 ], [ -56.9309608, -29.6085152 ], [ -56.9304102, -29.6078924 ], [ -56.9282678, -29.6074292 ], [ -56.9271494, -29.606266 ], [ -56.925899, -29.6059711 ], [ -56.9249343, -29.6045875 ], [ -56.9240354, -29.6042507 ], [ -56.9233071, -29.6042908 ], [ -56.923222, -29.6046614 ], [ -56.9226939, -29.604854 ], [ -56.921341, -29.6057818 ], [ -56.9207433, -29.6059729 ], [ -56.9198978, -29.606636299999984 ], [ -56.9195574, -29.6065796 ], [ -56.9184939, -29.6057409 ], [ -56.9180545, -29.6071101 ], [ -56.9173225, -29.607865 ], [ -56.9171328, -29.6102086 ], [ -56.9175355, -29.6110533 ], [ -56.9173172, -29.611974 ], [ -56.9176143, -29.6124084 ], [ -56.9185654, -29.612633 ], [ -56.9191826, -29.6132447 ], [ -56.9192333, -29.613979399999984 ], [ -56.9190723, -29.614654 ], [ -56.9194504, -29.6154656 ], [ -56.919519, -29.6161171 ], [ -56.9195031, -29.6184253 ], [ -56.9192656, -29.6194729 ], [ -56.9201269, -29.6206933 ], [ -56.9207263, -29.6206938 ], [ -56.9212983, -29.6210642 ], [ -56.9218204, -29.6210951 ], [ -56.922745, -29.6205178 ], [ -56.9238035, -29.6195622 ], [ -56.9245772, -29.6195426 ], [ -56.9252173, -29.620140800000012 ], [ -56.9256177, -29.6209749 ], [ -56.9265099, -29.621582800000013 ], [ -56.9270685, -29.6216856 ], [ -56.9280269, -29.6215301 ], [ -56.9293838, -29.6226448 ], [ -56.9298518, -29.6246198 ], [ -56.9301841, -29.6249591 ], [ -56.9308208, -29.6250336 ], [ -56.9316422, -29.6249093 ], [ -56.9323605, -29.6258242 ], [ -56.9328718, -29.6261258 ], [ -56.9337513, -29.6260951 ], [ -56.9344043, -29.6257095 ], [ -56.9359852, -29.6259249 ], [ -56.936405, -29.6261981 ], [ -56.9366957, -29.6266405 ], [ -56.9362477, -29.6277151 ], [ -56.9361186, -29.6290599 ], [ -56.93546, -29.6298564 ], [ -56.9352229, -29.6307536 ], [ -56.9333293, -29.6306495 ], [ -56.9329149, -29.6309269 ], [ -56.9321049, -29.6319051 ], [ -56.931372, -29.6316639 ], [ -56.9310523, -29.6312623 ], [ -56.9298389, -29.630466 ], [ -56.9291137, -29.6294864 ], [ -56.9287919, -29.629274 ], [ -56.9285409, -29.6293189 ], [ -56.9280312, -29.6304294 ], [ -56.9270997, -29.6307711 ], [ -56.92706, -29.6312824 ], [ -56.9276763, -29.6318968 ], [ -56.9295967, -29.6323352 ], [ -56.9297159, -29.6327347 ], [ -56.9294355, -29.633002499999989 ], [ -56.9288312, -29.633233 ], [ -56.928682, -29.6339301 ], [ -56.9276484, -29.6344286 ], [ -56.926403, -29.6345591 ], [ -56.9259567, -29.6349606 ], [ -56.9247, -29.635379199999988 ], [ -56.9241296, -29.6360818 ], [ -56.9233657, -29.6363768 ], [ -56.9227072, -29.6358493 ], [ -56.9223873, -29.6350413 ], [ -56.9215021, -29.6345448 ], [ -56.9212417, -29.6340596 ], [ -56.9211108, -29.633254 ], [ -56.9203606, -29.6318784 ], [ -56.9199377, -29.6317145 ], [ -56.9189388, -29.6317141 ], [ -56.9179176, -29.6321407 ], [ -56.9173834, -29.6314995 ], [ -56.9159813, -29.6307068 ], [ -56.9159171, -29.6301819 ], [ -56.916125, -29.6294085 ], [ -56.9158459, -29.6289823 ], [ -56.9154285, -29.6287126 ], [ -56.9143477, -29.6285656 ], [ -56.9140447, -29.6283075 ], [ -56.9139548, -29.6266881 ], [ -56.9144623, -29.6261959 ], [ -56.9149492, -29.6239831 ], [ -56.9132061, -29.6223856 ], [ -56.9122265, -29.6206495 ], [ -56.9111889, -29.620096199999988 ], [ -56.9116918, -29.619334 ], [ -56.9117392, -29.6188827 ], [ -56.911225, -29.6175863 ], [ -56.9109468, -29.6161267 ], [ -56.911052, -29.6153742 ], [ -56.9094633, -29.614064 ], [ -56.9087965, -29.6138389 ], [ -56.9079263, -29.6132136 ], [ -56.9076261, -29.6121939 ], [ -56.9083116, -29.6113446 ], [ -56.9083701, -29.6108161 ], [ -56.9071607, -29.6095884 ], [ -56.9060007, -29.6090497 ], [ -56.906224, -29.6080414 ], [ -56.9066932, -29.6072556 ], [ -56.9061475, -29.60655 ], [ -56.9053151, -29.6064106 ], [ -56.9041716, -29.6064935 ], [ -56.9039886, -29.606748 ], [ -56.9038951, -29.607673 ], [ -56.903635, -29.6079784 ], [ -56.9031553, -29.6081062 ], [ -56.9023154, -29.6080781 ], [ -56.9018192, -29.6077546 ], [ -56.9015292, -29.6071335 ], [ -56.9017054, -29.6064082 ], [ -56.901642, -29.6059548 ], [ -56.9007042, -29.6052588 ], [ -56.9000706, -29.6044857 ], [ -56.8986995, -29.6045176 ], [ -56.8962959, -29.6052135 ], [ -56.8949558, -29.6040219 ], [ -56.8938856, -29.6038681 ], [ -56.8917728, -29.603160299999985 ], [ -56.8909732, -29.6032149 ], [ -56.8900466, -29.6036123 ], [ -56.8885081, -29.6037348 ], [ -56.8876828, -29.6040217 ], [ -56.8869583, -29.6046406 ], [ -56.8866178, -29.6047435 ], [ -56.886126, -29.6046927 ], [ -56.8856517, -29.6042949 ], [ -56.8847433, -29.604455 ], [ -56.8837286, -29.6042318 ], [ -56.8832403, -29.6043064 ], [ -56.8826812, -29.6046445 ], [ -56.8819674, -29.6040608 ], [ -56.8816438, -29.6040122 ], [ -56.8810062, -29.604839 ], [ -56.8805356, -29.606088 ], [ -56.880023, -29.6065925 ], [ -56.8797086, -29.6066785 ], [ -56.879383, -29.606605 ], [ -56.8791092, -29.606260499999987 ], [ -56.878491, -29.6059372 ], [ -56.8771521, -29.6060276 ], [ -56.8768797, -29.6054342 ], [ -56.8758009, -29.6045884 ], [ -56.8751411, -29.604633 ], [ -56.8742382, -29.6042554 ], [ -56.873515, -29.6043626 ], [ -56.8730148, -29.6042793 ], [ -56.8723254, -29.6049361 ], [ -56.8722328, -29.6056761 ], [ -56.8716463, -29.6068223 ], [ -56.8707046, -29.6079571 ], [ -56.870836, -29.6086468 ], [ -56.8706419, -29.609343499999984 ], [ -56.8706293, -29.6105436 ], [ -56.8708783, -29.6116113 ], [ -56.8705672, -29.612946699999988 ], [ -56.8701973, -29.6132863 ], [ -56.8697927, -29.6133747 ], [ -56.8693753, -29.6140975 ], [ -56.868767, -29.6143683 ], [ -56.8681607, -29.6158096 ], [ -56.868126, -29.6169858 ], [ -56.8677245, -29.617076 ], [ -56.8673445, -29.617397199999985 ], [ -56.8670822, -29.6179716 ], [ -56.8669236, -29.6190365 ], [ -56.8657741, -29.6193253 ], [ -56.8652257, -29.6202223 ], [ -56.864689, -29.6205157 ], [ -56.8629556, -29.6206203 ], [ -56.8626443, -29.62076 ], [ -56.862643, -29.6213397 ], [ -56.8636655, -29.622613 ], [ -56.8636497, -29.6229244 ], [ -56.8632458, -29.6233301 ], [ -56.8626821, -29.6235843 ], [ -56.8616226, -29.6235799 ], [ -56.8610061, -29.6232926 ], [ -56.8603189, -29.6226818 ], [ -56.8600933, -29.6226829 ], [ -56.8594302, -29.6237669 ], [ -56.8587909, -29.6242947 ], [ -56.8586533, -29.6252819 ], [ -56.858464, -29.6255368 ], [ -56.8571634, -29.6255758 ], [ -56.8565143, -29.6251672 ], [ -56.8557126, -29.6255305 ], [ -56.8548016, -29.6256738 ], [ -56.854564, -29.6258676 ], [ -56.8545149, -29.6261525 ], [ -56.8542371, -29.6261525 ], [ -56.8530287, -29.6246291 ], [ -56.8524688, -29.6246661 ], [ -56.8518479, -29.6243152 ], [ -56.8507699, -29.6245912 ], [ -56.8499297, -29.62544 ], [ -56.8496981, -29.6259928 ], [ -56.849402, -29.6260853 ], [ -56.8487796, -29.6255321 ], [ -56.8482248, -29.6245404 ], [ -56.8471046, -29.6239784 ], [ -56.8459037, -29.623930399999985 ], [ -56.8464154, -29.625116 ], [ -56.845299, -29.6263132 ], [ -56.8443463, -29.6263594 ], [ -56.8438172, -29.6260461 ], [ -56.8435828, -29.6254825 ], [ -56.8433918, -29.6253682 ], [ -56.8420391, -29.6256316 ], [ -56.8418319, -29.6257678 ], [ -56.8416669, -29.6265508 ], [ -56.8413615, -29.6269084 ], [ -56.83984, -29.6273938 ], [ -56.8390046, -29.6286497 ], [ -56.8381024, -29.6287113 ], [ -56.8372766, -29.6291787 ], [ -56.8353663, -29.6291764 ], [ -56.8343075, -29.62871710000001 ], [ -56.8333266, -29.6285933 ], [ -56.8329157, -29.6283198 ], [ -56.8320858, -29.6273403 ], [ -56.8313009, -29.6274218 ], [ -56.830092, -29.6272165 ], [ -56.8294052, -29.6268297 ], [ -56.8285676, -29.6277243 ], [ -56.827406, -29.6279087 ], [ -56.825515, -29.6288477 ], [ -56.8243209, -29.6291572 ], [ -56.8237276, -29.6290857 ], [ -56.8225267, -29.6279345 ], [ -56.8218571, -29.6276083 ], [ -56.8215902, -29.6276466 ], [ -56.8212496, -29.62801 ], [ -56.8200703, -29.6283749 ], [ -56.8205178, -29.629433600000013 ], [ -56.8197141, -29.630719 ], [ -56.8182163, -29.6321448 ], [ -56.8182316, -29.6324616 ], [ -56.818817, -29.6329194 ], [ -56.8188794, -29.6331559 ], [ -56.8185083, -29.6335451 ], [ -56.8183327, -29.6343278 ], [ -56.8176586, -29.6351287 ], [ -56.8175812, -29.6354225 ], [ -56.8176251, -29.6357282 ], [ -56.8178901, -29.6360169 ], [ -56.8188202, -29.6364684 ], [ -56.819062, -29.6373648 ], [ -56.8193846, -29.6376709 ], [ -56.8191946, -29.6386898 ], [ -56.8187467, -29.6393587 ], [ -56.8187178, -29.6398231 ], [ -56.8193397, -29.6410734 ], [ -56.8200144, -29.6416609 ], [ -56.8200312, -29.64204320000001 ], [ -56.8196206, -29.643264 ], [ -56.8202512, -29.6438125 ], [ -56.8206265, -29.644747699999989 ], [ -56.8203063, -29.6454765 ], [ -56.8194042, -29.6460704 ], [ -56.8189497, -29.645984 ], [ -56.8183076, -29.644828 ], [ -56.8180238, -29.6445749 ], [ -56.81774, -29.6445472 ], [ -56.8171212, -29.6448322 ], [ -56.8160105, -29.6456817 ], [ -56.815496, -29.6463327 ], [ -56.8147351, -29.6468693 ], [ -56.8141447, -29.6469356 ], [ -56.813797, -29.6466087 ], [ -56.8138187, -29.6459116 ], [ -56.8128004, -29.6451734 ], [ -56.8116692, -29.6449755 ], [ -56.8110575, -29.6445842 ], [ -56.8101773, -29.6444013 ], [ -56.8094956, -29.6440382 ], [ -56.8085035, -29.642744 ], [ -56.80863, -29.6419008 ], [ -56.808233, -29.6412351 ], [ -56.8061793, -29.6416658 ], [ -56.8043099, -29.640929 ], [ -56.8030093, -29.64070280000001 ], [ -56.8018529, -29.6416316 ], [ -56.7996257, -29.6414123 ], [ -56.7991125, -29.6411381 ], [ -56.7991055, -29.64065350000001 ], [ -56.7985752, -29.6401298 ], [ -56.7964884, -29.6398319 ], [ -56.7959357, -29.6399665 ], [ -56.7954474, -29.639886599999976 ], [ -56.7949878, -29.6403227 ], [ -56.7933775, -29.6398293 ], [ -56.7929406, -29.6402524 ], [ -56.7917436, -29.6408312 ], [ -56.7906465, -29.6406063 ], [ -56.7897152, -29.640647500000011 ], [ -56.7893068, -29.6409274 ], [ -56.7888311, -29.6416086 ], [ -56.7882206, -29.6419424 ], [ -56.787335, -29.6421973 ], [ -56.7865956, -29.6420089 ], [ -56.7857647, -29.6420117 ], [ -56.7852002, -29.6424001 ], [ -56.7846157, -29.6423626 ], [ -56.7840404, -29.6431865 ], [ -56.783959, -29.6439306 ], [ -56.7836812, -29.643930600000012 ], [ -56.7834801, -29.6431555 ], [ -56.7826068, -29.6428699 ], [ -56.781839, -29.64317010000001 ], [ -56.7806636, -29.6441486 ], [ -56.7790731, -29.6434552 ], [ -56.7783705, -29.6435782 ], [ -56.7766652, -29.643315499999989 ], [ -56.7755176, -29.6426197 ], [ -56.7746283, -29.6423332 ], [ -56.7735931, -29.6425937 ], [ -56.7726419, -29.6430527 ], [ -56.7721325, -29.643079399999987 ], [ -56.771779, -29.6428894 ], [ -56.7713094, -29.641820299999988 ], [ -56.770708, -29.6417171 ], [ -56.7698885, -29.6418399 ], [ -56.7694385, -29.641219899999985 ], [ -56.7685402, -29.6404316 ], [ -56.7672154, -29.640262 ], [ -56.7669047, -29.6400553 ], [ -56.7661407, -29.6384966 ], [ -56.7650541, -29.6383725 ], [ -56.7641771, -29.639069700000015 ], [ -56.7635449, -29.6393241 ], [ -56.7632747, -29.6404746 ], [ -56.7623004, -29.6403758 ], [ -56.7605294, -29.6408292 ], [ -56.7597833, -29.6406395 ], [ -56.7593462, -29.6406847 ], [ -56.7590608, -29.6409484 ], [ -56.758815, -29.6416658 ], [ -56.7577027, -29.6425736 ], [ -56.7565618, -29.6440122 ], [ -56.7561348, -29.6450977 ], [ -56.7556819, -29.6455626 ], [ -56.755374, -29.6470323 ], [ -56.75531, -29.6486989 ], [ -56.7543005, -29.6499199 ], [ -56.7540758, -29.6509885 ], [ -56.7541783, -29.651506 ], [ -56.7539275, -29.6518615 ], [ -56.7525479, -29.652823299999987 ], [ -56.7507075, -29.6523102 ], [ -56.7501789, -29.6523468 ], [ -56.7482564, -29.6540343 ], [ -56.7475304, -29.6549179 ], [ -56.7468603, -29.6554943 ], [ -56.7464917, -29.6555857 ], [ -56.7459033, -29.6555974 ], [ -56.7458522, -29.6549554 ], [ -56.7455625, -29.6545351 ], [ -56.744961, -29.6540106 ], [ -56.7441331, -29.6537275 ], [ -56.7435887, -29.6537046 ], [ -56.7427609, -29.6539857 ], [ -56.7421487, -29.6546584 ], [ -56.7418293, -29.6547304 ], [ -56.7409758, -29.654281799999989 ], [ -56.7401897, -29.6541105 ], [ -56.739277, -29.6534396 ], [ -56.7383787, -29.6538849 ], [ -56.7349573, -29.6543741 ], [ -56.7315119, -29.6540431 ], [ -56.7307643, -29.6543141 ], [ -56.7300269, -29.6551943 ], [ -56.7296129, -29.6552375 ], [ -56.7257853, -29.6526286 ], [ -56.7251904, -29.6525683 ], [ -56.7242353, -29.6527662 ], [ -56.7235102, -29.6523526 ], [ -56.7229651, -29.6524259 ], [ -56.7212898, -29.6521785 ], [ -56.7210105, -29.6518822 ], [ -56.7210797, -29.651225 ], [ -56.7205291, -29.6503966 ], [ -56.7193268, -29.6498256 ], [ -56.7182205, -29.6499453 ], [ -56.7166242, -29.6491664 ], [ -56.7157349, -29.6480108 ], [ -56.715497, -29.6473655 ], [ -56.7148932, -29.6470301 ], [ -56.7138175, -29.6467187 ], [ -56.7126083, -29.6467465 ], [ -56.7116246, -29.6474677 ], [ -56.7108662, -29.6475471 ], [ -56.710189, -29.647254 ], [ -56.7097919, -29.6464309 ], [ -56.7090886, -29.6462486 ], [ -56.7082244, -29.6465046 ], [ -56.7079368, -29.64678 ], [ -56.7078406, -29.6471984 ], [ -56.7078749, -29.6480588 ], [ -56.7080986, -29.6486795 ], [ -56.7080364, -29.6491342 ], [ -56.7075421, -29.6496467 ], [ -56.7069099, -29.6499588 ], [ -56.7054758, -29.6501436 ], [ -56.7050697, -29.6511531 ], [ -56.7032382, -29.6505081 ], [ -56.702334, -29.6499159 ], [ -56.7010803, -29.6487242 ], [ -56.7005172, -29.648477 ], [ -56.6988106, -29.6487506 ], [ -56.6981723, -29.6500406 ], [ -56.696246, -29.650207 ], [ -56.695169, -29.6491315 ], [ -56.6949747, -29.6478951 ], [ -56.6943087, -29.646836499999985 ], [ -56.6938996, -29.645736800000012 ], [ -56.6932295, -29.644959399999983 ], [ -56.6927882, -29.6437926 ], [ -56.692124, -29.6430105 ], [ -56.6918701, -29.6421004 ], [ -56.6907295, -29.641625499999989 ], [ -56.68993, -29.6406996 ], [ -56.6891793, -29.6404286 ], [ -56.687781, -29.6406599 ], [ -56.6871705, -29.6410643 ], [ -56.6867605, -29.6411493 ], [ -56.6859289, -29.641128 ], [ -56.6849043, -29.6407882 ], [ -56.6843392, -29.6403706 ], [ -56.6832008, -29.6398895 ], [ -56.6828147, -29.638827 ], [ -56.6821936, -29.638164 ], [ -56.6815768, -29.6378924 ], [ -56.6804651, -29.6380728 ], [ -56.6791738, -29.637749599999985 ], [ -56.6788554, -29.6367905 ], [ -56.6785668, -29.6365211 ], [ -56.6774071, -29.6363397 ], [ -56.6760692, -29.6356858 ], [ -56.6752687, -29.6355376 ], [ -56.6742361, -29.6350421 ], [ -56.6742437, -29.6342564 ], [ -56.6745139, -29.634208799999989 ], [ -56.6744887, -29.6339921 ], [ -56.673984, -29.633602 ], [ -56.6739583, -29.6330977 ], [ -56.6729583, -29.6328782 ], [ -56.671945, -29.633166 ], [ -56.6715245, -29.6335898 ], [ -56.6705822, -29.6338761 ], [ -56.6699266, -29.6335501 ], [ -56.6695424, -29.6328992 ], [ -56.6690828, -29.6329765 ], [ -56.6667598, -29.6325395 ], [ -56.6665298, -29.6327197 ], [ -56.6650381, -29.633072 ], [ -56.6638136, -29.633086 ], [ -56.6634469, -29.6329707 ], [ -56.6623551, -29.6320939 ], [ -56.6615358, -29.6325939 ], [ -56.6610899, -29.6333032 ], [ -56.6607137, -29.6336034 ], [ -56.6591816, -29.6336487 ], [ -56.6583266, -29.633378399999984 ], [ -56.6580659, -29.6338844 ], [ -56.6571552, -29.6339504 ], [ -56.656901, -29.63417440000001 ], [ -56.6562362, -29.6342323 ], [ -56.6555128, -29.6345305 ], [ -56.6538957, -29.6357623 ], [ -56.6533705, -29.6356718 ], [ -56.6526054, -29.6358563 ], [ -56.6507179, -29.6359491 ], [ -56.6498879, -29.6365074 ], [ -56.6493832, -29.637995 ], [ -56.6485116, -29.6384682 ], [ -56.6477734, -29.6390927 ], [ -56.646606, -29.6388245 ], [ -56.6460603, -29.6381943 ], [ -56.6449123, -29.6377244 ], [ -56.644236, -29.6367089 ], [ -56.6438447, -29.6365484 ], [ -56.643531, -29.636760099999986 ], [ -56.6436218, -29.6373331 ], [ -56.6433514, -29.6379585 ], [ -56.6425194, -29.639083900000013 ], [ -56.6418207, -29.6392023 ], [ -56.6409623, -29.6390494 ], [ -56.6401308, -29.6395368 ], [ -56.6396133, -29.6401523 ], [ -56.639877, -29.6410761 ], [ -56.6404595, -29.641619 ], [ -56.6415458, -29.6417643 ], [ -56.6421237, -29.6420421 ], [ -56.642272, -29.6425147 ], [ -56.641787, -29.643333199999983 ], [ -56.6411804, -29.6458756 ], [ -56.6401266, -29.6457634 ], [ -56.6408677, -29.6469234 ], [ -56.640851, -29.6473974 ], [ -56.6405868, -29.6479674 ], [ -56.6402033, -29.6485566 ], [ -56.639236, -29.6486534 ], [ -56.6390167, -29.6491152 ], [ -56.6403049, -29.650145 ], [ -56.640423, -29.6514981 ], [ -56.6416408, -29.6526227 ], [ -56.6415654, -29.6535477 ], [ -56.6417962, -29.654059 ], [ -56.6428471, -29.6544867 ], [ -56.6428414, -29.6546117 ], [ -56.6424825, -29.6562666 ], [ -56.6415627, -29.657097099999987 ], [ -56.6417994, -29.6581292 ], [ -56.6422039, -29.6585414 ], [ -56.6421968, -29.65886 ], [ -56.6419119, -29.6591161 ], [ -56.6405105, -29.6595279 ], [ -56.6401589, -29.6598377 ], [ -56.6396227, -29.6609839 ], [ -56.6396482, -29.6626844 ], [ -56.63884, -29.662940099999989 ], [ -56.6385714, -29.663565199999983 ], [ -56.6376265, -29.6646377 ], [ -56.63762, -29.6659135 ], [ -56.6383615, -29.6667078 ], [ -56.6378368, -29.667842300000011 ], [ -56.6388542, -29.6682695 ], [ -56.6382163, -29.6688052 ], [ -56.6375002, -29.6699869 ], [ -56.6364583, -29.6705978 ], [ -56.6361813, -29.6720408 ], [ -56.6363136, -29.6724376 ], [ -56.6368953, -29.6729331 ], [ -56.6368047, -29.6737825 ], [ -56.6372229, -29.67464 ], [ -56.6373647, -29.6754386 ], [ -56.6377793, -29.6760317 ], [ -56.6379085, -29.6776693 ], [ -56.6386761, -29.6793362 ], [ -56.6385923, -29.680247500000011 ], [ -56.6378697, -29.681042 ], [ -56.6380578, -29.6818954 ], [ -56.6372932, -29.6827722 ], [ -56.637617, -29.684250699999989 ], [ -56.6386803, -29.6846721 ], [ -56.63931, -29.6855397 ], [ -56.6401713, -29.6863568 ], [ -56.6409058, -29.6866588 ], [ -56.6416448, -29.6865727 ], [ -56.6425723, -29.6880801 ], [ -56.6422001, -29.688219299999989 ], [ -56.6415704, -29.6890948 ], [ -56.6407116, -29.688953 ], [ -56.6396727, -29.6891327 ], [ -56.638785, -29.6888289 ], [ -56.6383213, -29.688499 ], [ -56.6381847, -29.6885532 ], [ -56.6383562, -29.689818699999989 ], [ -56.6373926, -29.6912337 ], [ -56.6370697, -29.6921355 ], [ -56.6370278, -29.6929644 ], [ -56.6372493, -29.6939913 ], [ -56.6369542, -29.695169299999986 ], [ -56.6364584, -29.6958756 ], [ -56.635157, -29.6956797 ], [ -56.6343717, -29.6959834 ], [ -56.6338807, -29.6966622 ], [ -56.6335209, -29.696883 ], [ -56.6324727, -29.6959559 ], [ -56.6317192, -29.6956315 ], [ -56.6302179, -29.6953377 ], [ -56.6286364, -29.6953273 ], [ -56.628263, -29.6954329 ], [ -56.6280255, -29.6959783 ], [ -56.6277343, -29.6960937 ], [ -56.6267361, -29.6958757 ], [ -56.624961, -29.6951185 ], [ -56.6244599, -29.6950607 ], [ -56.6235545, -29.6952817 ], [ -56.6226426, -29.6951704 ], [ -56.622084, -29.6958074 ], [ -56.6209052, -29.6961145 ], [ -56.6188664, -29.6949786 ], [ -56.6184266, -29.6945077 ], [ -56.6180172, -29.6943159 ], [ -56.6176379, -29.694356499999984 ], [ -56.6168567, -29.6940091 ], [ -56.6142693, -29.6944215 ], [ -56.6130437, -29.6941569 ], [ -56.6123559, -29.6936034 ], [ -56.6115911, -29.692597899999988 ], [ -56.6107607, -29.6925424 ], [ -56.6104512, -29.6926248 ], [ -56.6102356, -29.6930097 ], [ -56.6098364, -29.6932029 ], [ -56.6091372, -29.6941207 ], [ -56.6068884, -29.6948119 ], [ -56.6059946, -29.6954369 ], [ -56.6059027, -29.6958758 ], [ -56.6066125, -29.6961822 ], [ -56.6067237, -29.6966962 ], [ -56.6064094, -29.6971258 ], [ -56.6056836, -29.697506 ], [ -56.6055796, -29.6987038 ], [ -56.6052509, -29.6999055 ], [ -56.6039644, -29.6995242 ], [ -56.6031249, -29.7000424 ], [ -56.6028005, -29.6986019 ], [ -56.6025649, -29.6984196 ], [ -56.6013476, -29.6984526 ], [ -56.6003393, -29.6988718 ], [ -56.5996131, -29.6988016 ], [ -56.5994363, -29.6995952 ], [ -56.5990064, -29.7002777 ], [ -56.5988587, -29.7013534 ], [ -56.597813, -29.7024126 ], [ -56.5951367, -29.7022601 ], [ -56.594613, -29.7023452 ], [ -56.5943769, -29.7025492 ], [ -56.5948019, -29.704903 ], [ -56.5947619, -29.7056518 ], [ -56.5944809, -29.7060342 ], [ -56.5927707, -29.7068575 ], [ -56.5921838, -29.7067905 ], [ -56.5903529, -29.7074867 ], [ -56.5909798, -29.7083208 ], [ -56.5918675, -29.709015099999988 ], [ -56.5916971, -29.7096275 ], [ -56.5911436, -29.710207100000012 ], [ -56.5905654, -29.7104821 ], [ -56.5897656, -29.710074599999984 ], [ -56.5891045, -29.710145 ], [ -56.5888705, -29.71126 ], [ -56.5881839, -29.7118031 ], [ -56.5878405, -29.7123305 ], [ -56.5880306, -29.7126852 ], [ -56.5888455, -29.7129098 ], [ -56.5900082, -29.7137097 ], [ -56.5905358, -29.7142874 ], [ -56.5905604, -29.7146238 ], [ -56.5895355, -29.7154322 ], [ -56.5890771, -29.7162015 ], [ -56.5892182, -29.7169411 ], [ -56.589122, -29.7179891 ], [ -56.5885165, -29.7190387 ], [ -56.5888771, -29.7196268 ], [ -56.5888648, -29.7198876 ], [ -56.5882777, -29.7204965 ], [ -56.5874327, -29.720978699999986 ], [ -56.5874607, -29.721603 ], [ -56.5872103, -29.722103 ], [ -56.5860125, -29.7223581 ], [ -56.5856812, -29.7226867 ], [ -56.5856675, -29.7231515 ], [ -56.5860442, -29.7238032 ], [ -56.5854465, -29.7245578 ], [ -56.5852471, -29.7254513 ], [ -56.5847869, -29.7258563 ], [ -56.5847916, -29.7283759 ], [ -56.5840684, -29.7285006 ], [ -56.5834643, -29.7291381 ], [ -56.5825016, -29.7292755 ], [ -56.5818188, -29.7297046 ], [ -56.5796246, -29.730408 ], [ -56.5785501, -29.7316062 ], [ -56.5773544, -29.7323187 ], [ -56.5770217, -29.7328611 ], [ -56.5770668, -29.7337818 ], [ -56.5773901, -29.7341337 ], [ -56.5785639, -29.7346664 ], [ -56.5771522, -29.7357093 ], [ -56.5766935, -29.7365727 ], [ -56.5755427, -29.7365014 ], [ -56.5746719, -29.7371671 ], [ -56.5737548, -29.737115 ], [ -56.5730166, -29.7377267 ], [ -56.5720138, -29.738098099999984 ], [ -56.5720838, -29.738844 ], [ -56.5731011, -29.7396508 ], [ -56.573082, -29.741251 ], [ -56.572132, -29.741637599999986 ], [ -56.5713273, -29.7414508 ], [ -56.570453, -29.7415074 ], [ -56.5696244, -29.7417946 ], [ -56.5685783, -29.7427395 ], [ -56.5674148, -29.7431957 ], [ -56.5668973, -29.7435616 ], [ -56.5641952, -29.7439326 ], [ -56.5638263, -29.744157900000012 ], [ -56.5632, -29.744268699999985 ], [ -56.5628568, -29.7446871 ], [ -56.5628471, -29.7461537 ], [ -56.5619059, -29.7460726 ], [ -56.5616073, -29.745692 ], [ -56.5613419, -29.746614 ], [ -56.5597915, -29.7464315 ], [ -56.5592893, -29.7474119 ], [ -56.5592247, -29.7479533 ], [ -56.5592988, -29.7487848 ], [ -56.5597644, -29.7497178 ], [ -56.5597099, -29.7501592 ], [ -56.557665, -29.7505582 ], [ -56.5565399, -29.7498103 ], [ -56.5556718, -29.7498742 ], [ -56.5547885, -29.7506133 ], [ -56.5556095, -29.7519294 ], [ -56.5555583, -29.7521999 ], [ -56.5551178, -29.7526983 ], [ -56.5550693, -29.7530982 ], [ -56.5538607, -29.7533467 ], [ -56.552954, -29.7529072 ], [ -56.5519249, -29.753035299999986 ], [ -56.5507811, -29.7523474 ], [ -56.5502936, -29.7522702 ], [ -56.5499079, -29.7523368 ], [ -56.5490724, -29.7529978 ], [ -56.5486804, -29.7530982 ], [ -56.5482718, -29.7544573 ], [ -56.547109, -29.7551239 ], [ -56.5465783, -29.7556505 ], [ -56.5466985, -29.7564058 ], [ -56.5464582, -29.7572649 ], [ -56.5460866, -29.7575124 ], [ -56.5454467, -29.7575776 ], [ -56.5452071, -29.7578023 ], [ -56.544236, -29.7578205 ], [ -56.5438787, -29.7587834 ], [ -56.5430211, -29.7593932 ], [ -56.5426741, -29.7593829 ], [ -56.5419869, -29.7590085 ], [ -56.5410612, -29.7599452 ], [ -56.5401642, -29.7599088 ], [ -56.5397915, -29.7614316 ], [ -56.5390542, -29.761402699999987 ], [ -56.5386148, -29.7609279 ], [ -56.5377692, -29.7606204 ], [ -56.5372222, -29.7621226 ], [ -56.5365972, -29.7628887 ], [ -56.5366334, -29.7634873 ], [ -56.5357116, -29.7635409 ], [ -56.5353984, -29.7643942 ], [ -56.535347, -29.7650427 ], [ -56.5350812, -29.7650522 ], [ -56.5350693, -29.7653205 ], [ -56.5345137, -29.765320500000012 ], [ -56.5343798, -29.764623099999984 ], [ -56.5337286, -29.7643537 ], [ -56.5324296, -29.763218499999983 ], [ -56.5321971, -29.7641248 ], [ -56.5318227, -29.7644394 ], [ -56.5304925, -29.7644823 ], [ -56.5292359, -29.7642094 ], [ -56.5291889, -29.765488 ], [ -56.5282604, -29.7663924 ], [ -56.5272915, -29.7664317 ], [ -56.526955, -29.76621 ], [ -56.5261398, -29.7661623 ], [ -56.5250342, -29.7666457 ], [ -56.524126, -29.7661778 ], [ -56.5221365, -29.76616 ], [ -56.5219861, -29.7666568 ], [ -56.5217511, -29.7667832 ], [ -56.5217359, -29.767265 ], [ -56.5197058, -29.7673193 ], [ -56.51906, -29.7677694 ], [ -56.517891, -29.7682258 ], [ -56.517574, -29.7687758 ], [ -56.5175692, -29.7692095 ], [ -56.5180739, -29.7689799 ], [ -56.518507, -29.7689765 ], [ -56.5191817, -29.7696297 ], [ -56.5192314, -29.7729467 ], [ -56.5190291, -29.7740777 ], [ -56.5195606, -29.7746307 ], [ -56.5202502, -29.7749331 ], [ -56.5207274, -29.7763506 ], [ -56.5217241, -29.7775784 ], [ -56.5216308, -29.7782269 ], [ -56.5209718, -29.7790862 ], [ -56.5209962, -29.779411 ], [ -56.521909, -29.7804018 ], [ -56.5227051, -29.7822308 ], [ -56.5249809, -29.784369499999986 ], [ -56.5253471, -29.7844872 ], [ -56.52553, -29.7852061 ], [ -56.5252565, -29.7862555 ], [ -56.5243894, -29.7865525 ], [ -56.5238227, -29.7877866 ], [ -56.5229851, -29.788207600000014 ], [ -56.5223707, -29.7888177 ], [ -56.5222447, -29.7906416 ], [ -56.5218019, -29.7913632 ], [ -56.5219832, -29.7921627 ], [ -56.5217213, -29.7937444 ], [ -56.5213721, -29.7941414 ], [ -56.5204337, -29.7945558 ], [ -56.5197036, -29.795228 ], [ -56.519236, -29.7953206 ], [ -56.5197533, -29.7964391 ], [ -56.5194615, -29.7968522 ], [ -56.5188268, -29.797121 ], [ -56.5188653, -29.7983032 ], [ -56.5185722, -29.7985727 ], [ -56.5181887, -29.7986424 ], [ -56.517326, -29.7984582 ], [ -56.516689, -29.7985713 ], [ -56.5160998, -29.798224 ], [ -56.5159539, -29.7983162 ], [ -56.5164067, -29.7999966 ], [ -56.5161775, -29.8007751 ], [ -56.5164491, -29.8009245 ], [ -56.5164582, -29.8014317 ], [ -56.5175008, -29.801542200000011 ], [ -56.5182735, -29.8022899 ], [ -56.5184536, -29.804245 ], [ -56.5194287, -29.8052038 ], [ -56.519778, -29.8061939 ], [ -56.5197429, -29.806805 ], [ -56.5195138, -29.8072651 ], [ -56.5183517, -29.8082433 ], [ -56.5171403, -29.808754 ], [ -56.5169134, -29.8099634 ], [ -56.5161772, -29.8108577 ], [ -56.5166626, -29.811569 ], [ -56.5165321, -29.8124054 ], [ -56.5172302, -29.8138007 ], [ -56.5173578, -29.8148656 ], [ -56.5175703, -29.8153041 ], [ -56.5168376, -29.8159161 ], [ -56.5167966, -29.8162155 ], [ -56.5177076, -29.8165464 ], [ -56.5182381, -29.817056 ], [ -56.5179146, -29.8174932 ], [ -56.5179143, -29.8179447 ], [ -56.5185855, -29.8190048 ], [ -56.5187701, -29.8196384 ], [ -56.5192428, -29.8200632 ], [ -56.5182419, -29.820718799999987 ], [ -56.5186077, -29.8221267 ], [ -56.5176303, -29.822965600000011 ], [ -56.5174813, -29.8239704 ], [ -56.517062, -29.824966499999984 ], [ -56.5175466, -29.8262 ], [ -56.5173688, -29.8274109 ], [ -56.5177348, -29.8282096 ], [ -56.517697, -29.8285986 ], [ -56.5181202, -29.8293598 ], [ -56.5177743, -29.8301659 ], [ -56.5174355, -29.8304344 ], [ -56.517076, -29.8310849 ], [ -56.5153165, -29.8313959 ], [ -56.5133581, -29.8316406 ], [ -56.5124593, -29.8309677 ], [ -56.5121942, -29.8309502 ], [ -56.5116044, -29.8320674 ], [ -56.5110589, -29.8323314 ], [ -56.5104616, -29.8334237 ], [ -56.5113909, -29.8343608 ], [ -56.5118266, -29.8362592 ], [ -56.5127725, -29.8367686 ], [ -56.5134035, -29.8378042 ], [ -56.5126532, -29.8381691 ], [ -56.5123249, -29.838597 ], [ -56.5123636, -29.8390635 ], [ -56.512717, -29.8395869 ], [ -56.5121587, -29.840074500000011 ], [ -56.5120255, -29.8404543 ], [ -56.5119959, -29.8426809 ], [ -56.5117457, -29.8436125 ], [ -56.5118047, -29.8440552 ], [ -56.5121769, -29.8446007 ], [ -56.5119544, -29.8460038 ], [ -56.5111312, -29.8468555 ], [ -56.5102056, -29.8470949 ], [ -56.5098343, -29.8477278 ], [ -56.5097917, -29.848376299999984 ], [ -56.5105438, -29.8483856 ], [ -56.5106821, -29.8486364 ], [ -56.5111806, -29.848654 ], [ -56.5113965, -29.8491711 ], [ -56.5113124, -29.8493746 ], [ -56.5107098, -29.8496432 ], [ -56.510394, -29.8501714 ], [ -56.5101061, -29.8508292 ], [ -56.509784, -29.852565 ], [ -56.5105231, -29.8528935 ], [ -56.5108062, -29.8531749 ], [ -56.510975, -29.8540516 ], [ -56.5118079, -29.8555476 ], [ -56.5126348, -29.8560329 ], [ -56.5131086, -29.8560301 ], [ -56.5138089, -29.8567179 ], [ -56.5137642, -29.858584 ], [ -56.5145991, -29.8598786 ], [ -56.515307, -29.8602601 ], [ -56.5161146, -29.8618629 ], [ -56.5162653, -29.8626553 ], [ -56.5165557, -29.8627972 ], [ -56.5172919, -29.862820700000011 ], [ -56.517963, -29.8633621 ], [ -56.5181098, -29.8636944 ], [ -56.5182962, -29.864934 ], [ -56.5173841, -29.8659581 ], [ -56.5173166, -29.8664104 ], [ -56.5179957, -29.8675963 ], [ -56.5179557, -29.8682994 ], [ -56.5189164, -29.8691772 ], [ -56.5189395, -29.8700933 ], [ -56.5184914, -29.870545 ], [ -56.5161961, -29.8709155 ], [ -56.5159605, -29.8710871 ], [ -56.5164491, -29.872501 ], [ -56.5164586, -29.8728207 ], [ -56.5161902, -29.8730181 ], [ -56.5161935, -29.8734951 ], [ -56.5166873, -29.8743631 ], [ -56.5164975, -29.8744887 ], [ -56.5157849, -29.874486599999983 ], [ -56.5155309, -29.8742214 ], [ -56.5147919, -29.8742096 ], [ -56.5143204, -29.874839699999988 ], [ -56.5142658, -29.87529850000001 ], [ -56.5145073, -29.8763905 ], [ -56.5142978, -29.8773376 ], [ -56.5147785, -29.878235200000013 ], [ -56.5145466, -29.8790415 ], [ -56.5149428, -29.879378 ], [ -56.5159322, -29.8789547 ], [ -56.5169739, -29.8790522 ], [ -56.5172189, -29.8793382 ], [ -56.517079, -29.8801134 ], [ -56.5173555, -29.8805421 ], [ -56.5188119, -29.8812697 ], [ -56.5193104, -29.8822067 ], [ -56.5208886, -29.88320280000001 ], [ -56.5211256, -29.8835219 ], [ -56.5211952, -29.884176199999988 ], [ -56.5211531, -29.8853083 ], [ -56.5209031, -29.8858763 ], [ -56.5218332, -29.8869109 ], [ -56.5232939, -29.8873515 ], [ -56.5235871, -29.887617 ], [ -56.5240463, -29.89043 ], [ -56.5255755, -29.8907304 ], [ -56.5269388, -29.8921441 ], [ -56.5279182, -29.8936096 ], [ -56.5284103, -29.8938803 ], [ -56.5291363, -29.8938019 ], [ -56.5297482, -29.8949935 ], [ -56.5298516, -29.8962865 ], [ -56.5305024, -29.8972896 ], [ -56.5309363, -29.8975069 ], [ -56.5314588, -29.8975429 ], [ -56.531464, -29.8973001 ], [ -56.5317253, -29.8972408 ], [ -56.5317366, -29.8969873 ], [ -56.5319887, -29.896966699999989 ], [ -56.5320556, -29.8967194 ], [ -56.5322766, -29.8967364 ], [ -56.5326422, -29.8977635 ], [ -56.5336595, -29.8985215 ], [ -56.533681, -29.8992096 ], [ -56.533302, -29.8993274 ], [ -56.5331475, -29.899664 ], [ -56.5334545, -29.9006482 ], [ -56.5341344, -29.9012345 ], [ -56.5348622, -29.9024876 ], [ -56.5354052, -29.9029604 ], [ -56.5360882, -29.90327 ], [ -56.5362475, -29.9046184 ], [ -56.5368, -29.9052785 ], [ -56.5371769, -29.9054989 ], [ -56.5379357, -29.9052761 ], [ -56.5390002, -29.9045566 ], [ -56.5397061, -29.90497250000001 ], [ -56.5410764, -29.9054025 ], [ -56.5414378, -29.9058133 ], [ -56.5414589, -29.9069873 ], [ -56.5406366, -29.9067536 ], [ -56.5398276, -29.9069091 ], [ -56.5389531, -29.9067507 ], [ -56.5382522, -29.9072872 ], [ -56.5377487, -29.9082976 ], [ -56.5360067, -29.9106801 ], [ -56.5350136, -29.9129613 ], [ -56.5339193, -29.9146413 ], [ -56.5323729, -29.9155433 ], [ -56.5300237, -29.9156131 ], [ -56.5292366, -29.9158763 ], [ -56.5292697, -29.9167465 ], [ -56.5295766, -29.917679 ], [ -56.5308308, -29.9188063 ], [ -56.5311908, -29.9198065 ], [ -56.5311459, -29.9203623 ], [ -56.5307023, -29.9210362 ], [ -56.5305221, -29.9219054 ], [ -56.5295638, -29.9230558 ], [ -56.5294531, -29.9241479 ], [ -56.5292338, -29.9245041 ], [ -56.529304, -29.924885 ], [ -56.5297909, -29.9252901 ], [ -56.53015, -29.9252599 ], [ -56.5307438, -29.924855 ], [ -56.531127, -29.924782 ], [ -56.5329994, -29.9251704 ], [ -56.5323893, -29.925750699999988 ], [ -56.5317062, -29.926872 ], [ -56.5309764, -29.9274383 ], [ -56.5308871, -29.9281579 ], [ -56.5310846, -29.9285912 ], [ -56.5320417, -29.928496 ], [ -56.5325976, -29.9286493 ], [ -56.5335577, -29.9284809 ], [ -56.535146, -29.928712399999984 ], [ -56.53657, -29.9291005 ], [ -56.5383284, -29.9289333 ], [ -56.5392368, -29.9292096 ], [ -56.5393058, -29.9298465 ], [ -56.5396719, -29.930436 ], [ -56.5396087, -29.9312622 ], [ -56.5402833, -29.9315715 ], [ -56.5407587, -29.9321593 ], [ -56.5416671, -29.9328757 ], [ -56.5421178, -29.9338502 ], [ -56.5428479, -29.9347651 ], [ -56.5437674, -29.935224 ], [ -56.5441427, -29.9348913 ], [ -56.5441351, -29.9343243 ], [ -56.5436839, -29.9328608 ], [ -56.5440072, -29.9318882 ], [ -56.5449481, -29.9318901 ], [ -56.5457908, -29.930913 ], [ -56.5463753, -29.9306427 ], [ -56.5470934, -29.930644 ], [ -56.5483014, -29.9312327 ], [ -56.548851, -29.9316628 ], [ -56.5497924, -29.9319873 ], [ -56.5499295, -29.9329953 ], [ -56.5510582, -29.9329367 ], [ -56.5515602, -29.93413150000001 ], [ -56.5518486, -29.9344073 ], [ -56.5528819, -29.9346965 ], [ -56.5536192, -29.9343269 ], [ -56.5549734, -29.9348375 ], [ -56.5552816, -29.9351933 ], [ -56.5554442, -29.9362564 ], [ -56.5561171, -29.9365751 ], [ -56.5568468, -29.937456 ], [ -56.5607115, -29.937591699999984 ], [ -56.5617369, -29.938376199999983 ], [ -56.561766, -29.9386309 ], [ -56.5619978, -29.9386878 ], [ -56.5620147, -29.9392095 ], [ -56.5630941, -29.9392395 ], [ -56.5644077, -29.9395718 ], [ -56.5650219, -29.940173599999987 ], [ -56.5656259, -29.9417095 ], [ -56.5662841, -29.9414482 ], [ -56.5670944, -29.9414829 ], [ -56.5679669, -29.94217050000001 ], [ -56.5693972, -29.942358 ], [ -56.5710072, -29.9435822 ], [ -56.5718483, -29.9438692 ], [ -56.5727362, -29.9435778 ], [ -56.5736815, -29.9428206 ], [ -56.5728961, -29.9403812 ], [ -56.5732149, -29.9398299 ], [ -56.5739765, -29.9395442 ], [ -56.5744972, -29.9399602 ], [ -56.5753481, -29.9400428 ], [ -56.5754473, -29.9401628 ], [ -56.5770938, -29.9400922 ], [ -56.5804748, -29.941351 ], [ -56.5814593, -29.9414316 ], [ -56.5824015, -29.9419014 ], [ -56.5840569, -29.94232 ], [ -56.5848827, -29.9428642 ], [ -56.5848954, -29.9431171 ], [ -56.5839968, -29.9439523 ], [ -56.5843242, -29.9455262 ], [ -56.584968, -29.9463528 ], [ -56.5850704, -29.946709399999989 ], [ -56.5859456, -29.946752099999987 ], [ -56.5866405, -29.947063600000018 ], [ -56.5872237, -29.9480275 ], [ -56.5886006, -29.9486015 ], [ -56.5900812, -29.9488953 ], [ -56.5908312, -29.9485045 ], [ -56.5911348, -29.9475979 ], [ -56.5929943, -29.9475135 ], [ -56.5939548, -29.9472691 ], [ -56.5950332, -29.9472886 ], [ -56.5952318, -29.947434700000013 ], [ -56.5951543, -29.9478814 ], [ -56.5953104, -29.9483921 ], [ -56.5951714, -29.949420199999988 ], [ -56.5960084, -29.9499531 ], [ -56.5967372, -29.9494871 ], [ -56.5969095, -29.9500507 ] ] ] } },
{ "type": "Feature", "properties": { "wts_pk": 137992, "codigo_otto": "8261", "nivel_otto_declarado": 4, "area_m2_bho": 5019.0976787716318, "nivel_otto": 4 }, "geometry": { "type": "Polygon", "coordinates": [ [ [ -56.1530065, -30.0590194 ], [ -56.1533887, -30.0592126 ], [ -56.1549105, -30.0592284 ], [ -56.1556671, -30.0594423 ], [ -56.1563548, -30.0589906 ], [ -56.1575521, -30.0586541 ], [ -56.1575804, -30.0589239 ], [ -56.1578894, -30.058929 ], [ -56.1585087, -30.0584586 ], [ -56.1594324, -30.0581515 ], [ -56.1608105, -30.0582846 ], [ -56.1622446, -30.0574163 ], [ -56.1627497, -30.0564885 ], [ -56.1636427, -30.0561579 ], [ -56.1662587, -30.0562101 ], [ -56.1676738, -30.057185099999987 ], [ -56.169436, -30.0577771 ], [ -56.1697897, -30.0577803 ], [ -56.1700171, -30.0575932 ], [ -56.1701399, -30.0565911 ], [ -56.1705981, -30.0553045 ], [ -56.1703463, -30.054488799999987 ], [ -56.1717225, -30.054519699999986 ], [ -56.1729194, -30.0551953 ], [ -56.173267, -30.0551738 ], [ -56.1737727, -30.0560751 ], [ -56.1744257, -30.056367399999989 ], [ -56.1750686, -30.0564333 ], [ -56.1748298, -30.0569749 ], [ -56.175047, -30.0573849 ], [ -56.1758751, -30.0575174 ], [ -56.1789575, -30.056711 ], [ -56.1789942, -30.0561649 ], [ -56.1792415, -30.0559146 ], [ -56.1796795, -30.0559624 ], [ -56.1805425, -30.0563818 ], [ -56.1810851, -30.056362 ], [ -56.1816938, -30.0559215 ], [ -56.1814962, -30.0544246 ], [ -56.1820496, -30.05378 ], [ -56.1841561, -30.0531508 ], [ -56.1852409, -30.0530947 ], [ -56.1866371, -30.0534069 ], [ -56.1868009, -30.0536037 ], [ -56.1872322, -30.0537017 ], [ -56.1873148, -30.054353 ], [ -56.1875686, -30.0544888 ], [ -56.1876963, -30.0552811 ], [ -56.1890724, -30.0563445 ], [ -56.1908289, -30.056702499999989 ], [ -56.1912599, -30.0566449 ], [ -56.1919249, -30.0562934 ], [ -56.1923787, -30.0573773 ], [ -56.1929709, -30.058001 ], [ -56.1939135, -30.058505 ], [ -56.1953307, -30.059769 ], [ -56.1956079, -30.0594033 ], [ -56.1956524, -30.0587138 ], [ -56.195902, -30.0583776 ], [ -56.1962597, -30.0582537 ], [ -56.1967275, -30.0574455 ], [ -56.1977927, -30.0571315 ], [ -56.198454, -30.0560112 ], [ -56.1996682, -30.0557807 ], [ -56.2002101, -30.05515590000001 ], [ -56.2007891, -30.0549538 ], [ -56.2014576, -30.0544887 ], [ -56.2026431, -30.0545486 ], [ -56.2034501, -30.0557535 ], [ -56.2045124, -30.0561211 ], [ -56.2049523, -30.0560693 ], [ -56.205673, -30.0554516 ], [ -56.2059868, -30.0553502 ], [ -56.2071266, -30.0555869 ], [ -56.209984, -30.0556071 ], [ -56.2109332, -30.0558471 ], [ -56.211721, -30.0558543 ], [ -56.2127741, -30.0554458 ], [ -56.2128466, -30.0542109 ], [ -56.2139148, -30.0541723 ], [ -56.2148934, -30.0534583 ], [ -56.2169915, -30.0533354 ], [ -56.2178651, -30.05286 ], [ -56.2191953, -30.05308 ], [ -56.2209912, -30.053149599999983 ], [ -56.2217355, -30.0536553 ], [ -56.2224599, -30.053659099999983 ], [ -56.2226259, -30.0539155 ], [ -56.2231244, -30.0539331 ], [ -56.2234515, -30.0524038 ], [ -56.2237708, -30.0520578 ], [ -56.2251392, -30.0515387 ], [ -56.2256431, -30.0515552 ], [ -56.2269367, -30.0509367 ], [ -56.2280227, -30.0507971 ], [ -56.2285585, -30.0505034 ], [ -56.2290512, -30.0495573 ], [ -56.2293513, -30.0492931 ], [ -56.2300989, -30.0492166 ], [ -56.2309407, -30.0494115 ], [ -56.2313462, -30.0493262 ], [ -56.2324033, -30.0497033 ], [ -56.2329712, -30.049379699999985 ], [ -56.2331244, -30.048933 ], [ -56.2332759, -30.048933199999983 ], [ -56.233423, -30.049447 ], [ -56.233658, -30.0495312 ], [ -56.23368, -30.04976640000001 ], [ -56.2339012, -30.0497428 ], [ -56.2350257, -30.0493614 ], [ -56.2354854, -30.0484825 ], [ -56.2363124, -30.047663 ], [ -56.2373637, -30.0478704 ], [ -56.2382324, -30.0482917 ], [ -56.2386609, -30.0483499 ], [ -56.239193, -30.048200699999988 ], [ -56.2396977, -30.0476086 ], [ -56.2409337, -30.0472865 ], [ -56.2417207, -30.0472888 ], [ -56.2421914, -30.0476179 ], [ -56.2423636, -30.0482268 ], [ -56.2426689, -30.0485774 ], [ -56.2440431, -30.049187199999988 ], [ -56.2450689, -30.048933 ], [ -56.2457785, -30.0482598 ], [ -56.2460331, -30.0476498 ], [ -56.2469125, -30.0483208 ], [ -56.2484023, -30.0483774 ], [ -56.2487564, -30.0476039 ], [ -56.2491534, -30.047317 ], [ -56.2505968, -30.0472218 ], [ -56.2512803, -30.0470365 ], [ -56.2520638, -30.0472049 ], [ -56.2526038, -30.0469796 ], [ -56.2528187, -30.0466779 ], [ -56.2529055, -30.0454663 ], [ -56.2532551, -30.044867 ], [ -56.253812, -30.0446456 ], [ -56.2541617, -30.0442968 ], [ -56.2547912, -30.0444885 ], [ -56.2557607, -30.0434849 ], [ -56.2568418, -30.0430519 ], [ -56.2579382, -30.0423754 ], [ -56.2586801, -30.0422663 ], [ -56.2584126, -30.0417879 ], [ -56.2584266, -30.040746399999986 ], [ -56.2588836, -30.0402552 ], [ -56.2589579, -30.0397663 ], [ -56.2593276, -30.039101499999987 ], [ -56.2599377, -30.0388247 ], [ -56.2603067, -30.0382417 ], [ -56.2605055, -30.037654 ], [ -56.2602039, -30.0371149 ], [ -56.2610444, -30.0366104 ], [ -56.2620926, -30.0353844 ], [ -56.2627684, -30.0348896 ], [ -56.2636801, -30.0330996 ], [ -56.2646229, -30.0335898 ], [ -56.2649113, -30.0335975 ], [ -56.2652806, -30.0332344 ], [ -56.2654789, -30.0323729 ], [ -56.2662861, -30.0315167 ], [ -56.267571, -30.0311616 ], [ -56.2691034, -30.0313214 ], [ -56.2696022, -30.0302101 ], [ -56.2702428, -30.0298614 ], [ -56.2705026, -30.0290553 ], [ -56.2713447, -30.028839100000013 ], [ -56.2716469, -30.028574399999986 ], [ -56.271685, -30.0274167 ], [ -56.2713428, -30.0270803 ], [ -56.2704179, -30.026820299999986 ], [ -56.2701157, -30.0262934 ], [ -56.270267, -30.0259449 ], [ -56.2725456, -30.0258398 ], [ -56.2756246, -30.025044 ], [ -56.2758527, -30.0247916 ], [ -56.277667, -30.0247452 ], [ -56.27831, -30.0244028 ], [ -56.2784024, -30.0242106 ], [ -56.2789009, -30.024193 ], [ -56.2790392, -30.0239422 ], [ -56.2801395, -30.0238984 ], [ -56.2813156, -30.0234216 ], [ -56.2821599, -30.023336199999989 ], [ -56.28365, -30.0228257 ], [ -56.2848701, -30.022873 ], [ -56.2868264, -30.0234353 ], [ -56.2877728, -30.0238865 ], [ -56.2883733, -30.0238932 ], [ -56.2890795, -30.0231985 ], [ -56.290396, -30.023018 ], [ -56.2909446, -30.0225865 ], [ -56.2918749, -30.0225655 ], [ -56.2926093, -30.0227509 ], [ -56.2937096, -30.022307 ], [ -56.2949304, -30.0224104 ], [ -56.2951234, -30.0216827 ], [ -56.2953726, -30.0214746 ], [ -56.2971632, -30.021464 ], [ -56.2977919, -30.0218604 ], [ -56.2988169, -30.0208398 ], [ -56.2990945, -30.0200679 ], [ -56.2995263, -30.0197893 ], [ -56.3002213, -30.0198446 ], [ -56.3018472, -30.0208025 ], [ -56.3027893, -30.0210509 ], [ -56.3033176, -30.0207212 ], [ -56.3035343, -30.0198735 ], [ -56.3044986, -30.019208599999988 ], [ -56.3055235, -30.019568299999982 ], [ -56.3058863, -30.0198716 ], [ -56.3063599, -30.0206782 ], [ -56.3065933, -30.021611499999988 ], [ -56.3074295, -30.0216997 ], [ -56.3077387, -30.0215323 ], [ -56.3078469, -30.0212879 ], [ -56.3076663, -30.0203932 ], [ -56.3085811, -30.0193001 ], [ -56.3116034, -30.0191868 ], [ -56.3126447, -30.018937599999987 ], [ -56.3145137, -30.0189327 ], [ -56.3145137, -30.0181605 ], [ -56.314678, -30.0179268 ], [ -56.3166351, -30.0185144 ], [ -56.3168759, -30.0178699 ], [ -56.31853, -30.0159778 ], [ -56.3189704, -30.0156798 ], [ -56.3192359, -30.0150438 ], [ -56.3203237, -30.014992 ], [ -56.320347, -30.0142105 ], [ -56.3201488, -30.0139929 ], [ -56.3201325, -30.0135201 ], [ -56.3210445, -30.0124838 ], [ -56.320965, -30.0119157 ], [ -56.3212175, -30.0115603 ], [ -56.3221801, -30.0110682 ], [ -56.3229633, -30.0104135 ], [ -56.3251514, -30.0099868 ], [ -56.3268408, -30.0090167 ], [ -56.3291911, -30.0085269 ], [ -56.3299347, -30.0075838 ], [ -56.3307996, -30.0069069 ], [ -56.331039, -30.0054292 ], [ -56.3321873, -30.0049602 ], [ -56.3346351, -30.0031551 ], [ -56.3360742, -30.0028377 ], [ -56.3363654, -30.0029894 ], [ -56.3365594, -30.0035767 ], [ -56.3368056, -30.003807 ], [ -56.3375636, -30.0037074 ], [ -56.3388418, -30.0040212 ], [ -56.3399471, -30.0048623 ], [ -56.3406065, -30.0058816 ], [ -56.3413854, -30.005264 ], [ -56.342065, -30.0043431 ], [ -56.3430455, -30.004053399999989 ], [ -56.343115, -30.0035362 ], [ -56.3428885, -30.0030023 ], [ -56.34457, -30.0021053 ], [ -56.346024, -30.0030163 ], [ -56.3464478, -30.0030524 ], [ -56.3473915, -30.0020903 ], [ -56.3484031, -30.0022194 ], [ -56.3492318, -30.0019617 ], [ -56.3501492, -30.0011531 ], [ -56.3508364, -30.0014871 ], [ -56.3516259, -30.0027379 ], [ -56.3521762, -30.002208 ], [ -56.3522916, -30.0017103 ], [ -56.3527243, -30.0011657 ], [ -56.3532889, -30.001184 ], [ -56.3542237, -30.0017131 ], [ -56.3546902, -30.0014777 ], [ -56.3566309, -30.0013495 ], [ -56.3576275, -30.0001811 ], [ -56.3582908, -29.9999513 ], [ -56.358635, -29.9996311 ], [ -56.3588643, -29.9991081 ], [ -56.3586805, -29.9975436 ], [ -56.3593069, -29.9974544 ], [ -56.3602013, -29.9969937 ], [ -56.3607566, -29.9970976 ], [ -56.3610421, -29.997962699999984 ], [ -56.361817, -29.9978307 ], [ -56.3624203, -29.9979314 ], [ -56.362901, -29.9990747 ], [ -56.3633082, -29.999438 ], [ -56.365471, -29.9999418 ], [ -56.3664583, -29.9997658 ], [ -56.3665067, -30.0004096 ], [ -56.3668023, -30.0008247 ], [ -56.3677286, -30.0012484 ], [ -56.3693304, -30.002323 ], [ -56.3699303, -30.0033406 ], [ -56.3708152, -30.003824899999984 ], [ -56.3711806, -30.0050436 ], [ -56.3716963, -30.0052726 ], [ -56.3723301, -30.005312 ], [ -56.3744021, -30.0048721 ], [ -56.3752235, -30.0054124 ], [ -56.3761845, -30.007281399999989 ], [ -56.3756519, -30.0079875 ], [ -56.3756059, -30.009257099999989 ], [ -56.3753854, -30.009728 ], [ -56.3756251, -30.0100436 ], [ -56.3756036, -30.0104797 ], [ -56.3751086, -30.0114338 ], [ -56.3758676, -30.0124866 ], [ -56.3759029, -30.0139325 ], [ -56.3765694, -30.0136701 ], [ -56.3774558, -30.01366 ], [ -56.3778199, -30.013775 ], [ -56.378287, -30.0142374 ], [ -56.3782996, -30.014684 ], [ -56.3777007, -30.0151524 ], [ -56.3776375, -30.0154649 ], [ -56.3779552, -30.0157786 ], [ -56.37915, -30.0160498 ], [ -56.3792303, -30.0165635 ], [ -56.3789802, -30.0173164 ], [ -56.379005, -30.0178566 ], [ -56.3802132, -30.0187127 ], [ -56.3800971, -30.0193908 ], [ -56.3802401, -30.0197718 ], [ -56.3818298, -30.0206697 ], [ -56.3823958, -30.0213155 ], [ -56.3833265, -30.020372 ], [ -56.3842187, -30.0203428 ], [ -56.3851303, -30.0206433 ], [ -56.3851261, -30.0221149 ], [ -56.3861476, -30.0229958 ], [ -56.3865535, -30.0241359 ], [ -56.3872008, -30.0242861 ], [ -56.3876764, -30.0247037 ], [ -56.3881109, -30.0244843 ], [ -56.3891032, -30.0245738 ], [ -56.3898901, -30.0252462 ], [ -56.3905492, -30.0255486 ], [ -56.3921982, -30.0254653 ], [ -56.3926299, -30.0265654 ], [ -56.3930653, -30.0271858 ], [ -56.3931253, -30.0278213 ], [ -56.393854, -30.0277014 ], [ -56.3949264, -30.0268106 ], [ -56.3953239, -30.026712 ], [ -56.3964262, -30.026735700000017 ], [ -56.3984031, -30.0272657 ], [ -56.3983761, -30.0288912 ], [ -56.3979187, -30.029825799999987 ], [ -56.3985794, -30.0306752 ], [ -56.3987842, -30.0316282 ], [ -56.399767, -30.0323786 ], [ -56.4005657, -30.0335208 ], [ -56.4003476, -30.035043499999983 ], [ -56.4014587, -30.0355991 ], [ -56.4014587, -30.035876799999986 ], [ -56.401804, -30.0363312 ], [ -56.4028953, -30.0374133 ], [ -56.4040384, -30.0376003 ], [ -56.4046939, -30.0378991 ], [ -56.4049662, -30.0381818 ], [ -56.4052059, -30.0388291 ], [ -56.4062437, -30.0393689 ], [ -56.4070106, -30.039259800000014 ], [ -56.4080412, -30.0397083 ], [ -56.4092365, -30.0397657 ], [ -56.409712, -30.0395304 ], [ -56.4129241, -30.0391474 ], [ -56.4137268, -30.03844 ], [ -56.4152682, -30.0391359 ], [ -56.4159032, -30.0392101 ], [ -56.4165603, -30.038456 ], [ -56.4183132, -30.037665 ], [ -56.4183404, -30.0374121 ], [ -56.4179321, -30.0368472 ], [ -56.4175699, -30.035599 ], [ -56.4183463, -30.035839 ], [ -56.4193568, -30.0359229 ], [ -56.4207383, -30.0366399 ], [ -56.4214588, -30.0367101 ], [ -56.4217819, -30.035458 ], [ -56.4221194, -30.0351263 ], [ -56.4237505, -30.0349791 ], [ -56.424359, -30.0345765 ], [ -56.4251805, -30.0343171 ], [ -56.427207, -30.0346272 ], [ -56.4272034, -30.0343051 ], [ -56.4266013, -30.0338371 ], [ -56.4264721, -30.033539 ], [ -56.4264578, -30.0322308 ], [ -56.426745, -30.031821 ], [ -56.4274418, -30.0317082 ], [ -56.4280443, -30.0319615 ], [ -56.4287677, -30.0319714 ], [ -56.4292366, -30.0317101 ], [ -56.429671, -30.0312135 ], [ -56.4308558, -30.0307466 ], [ -56.4319235, -30.0294137 ], [ -56.4322357, -30.0287807 ], [ -56.4321483, -30.0273605 ], [ -56.4332354, -30.0265439 ], [ -56.4346409, -30.0267205 ], [ -56.435541, -30.0265543 ], [ -56.4357754, -30.025922799999986 ], [ -56.4364639, -30.025341 ], [ -56.4359178, -30.0249702 ], [ -56.4359033, -30.02421 ], [ -56.4367598, -30.0239032 ], [ -56.4371528, -30.0234707 ], [ -56.4379047, -30.0232104 ], [ -56.4387101, -30.0236209 ], [ -56.4399604, -30.0235796 ], [ -56.4402616, -30.0233145 ], [ -56.4404502, -30.0226807 ], [ -56.4407698, -30.0223204 ], [ -56.4425442, -30.0215794 ], [ -56.4427928, -30.0212954 ], [ -56.4427912, -30.0210225 ], [ -56.4421122, -30.0204398 ], [ -56.4417366, -30.0194878 ], [ -56.4424905, -30.019154800000013 ], [ -56.4439263, -30.0176129 ], [ -56.4454231, -30.0178745 ], [ -56.4469065, -30.0184645 ], [ -56.447178, -30.0187653 ], [ -56.4471545, -30.0193844 ], [ -56.4482369, -30.0202395 ], [ -56.4490055, -30.0205997 ], [ -56.4494657, -30.0199453 ], [ -56.4495846, -30.0192654 ], [ -56.4501768, -30.0187117 ], [ -56.4504792, -30.018598 ], [ -56.4515084, -30.017675 ], [ -56.4521728, -30.017449 ], [ -56.4529628, -30.0168008 ], [ -56.4544316, -30.0162086 ], [ -56.4553846, -30.016090099999985 ], [ -56.4559034, -30.0158766 ], [ -56.4559514, -30.0168484 ], [ -56.4565045, -30.0176925 ], [ -56.4574529, -30.0179136 ], [ -56.4588818, -30.018599 ], [ -56.460793, -30.0189133 ], [ -56.4611067, -30.018785199999989 ], [ -56.4614008, -30.0182399 ], [ -56.4613255, -30.0170869 ], [ -56.4623017, -30.016991800000014 ], [ -56.4634589, -30.0172394 ], [ -56.4644293, -30.0170403 ], [ -56.4654249, -30.0171922 ], [ -56.4663232, -30.016027 ], [ -56.4659795, -30.0154542 ], [ -56.465995, -30.0151139 ], [ -56.4663501, -30.0148111 ], [ -56.4669102, -30.0147822 ], [ -56.4675701, -30.015043200000012 ], [ -56.4678687, -30.015763 ], [ -56.4690092, -30.0168555 ], [ -56.4699623, -30.017073 ], [ -56.4705874, -30.017389499999986 ], [ -56.4713059, -30.0188192 ], [ -56.4716268, -30.018831100000011 ], [ -56.4722596, -30.0184442 ], [ -56.4729997, -30.018742199999988 ], [ -56.4740546, -30.0205236 ], [ -56.4753927, -30.0218542 ], [ -56.4770146, -30.0219877 ], [ -56.4770735, -30.0223987 ], [ -56.4775172, -30.0226562 ], [ -56.4777919, -30.0232539 ], [ -56.4771534, -30.023615 ], [ -56.4764567, -30.0236721 ], [ -56.4777575, -30.02499 ], [ -56.4795372, -30.0255572 ], [ -56.4804898, -30.0254529 ], [ -56.4810183, -30.0260633 ], [ -56.4822833, -30.026395 ], [ -56.4829045, -30.0259408 ], [ -56.484169, -30.0258558 ], [ -56.4865566, -30.023447600000011 ], [ -56.4871099, -30.023205 ], [ -56.4875702, -30.0233765 ], [ -56.4873439, -30.0221875 ], [ -56.4880099, -30.0212489 ], [ -56.48776, -30.0204885 ], [ -56.4871249, -30.019932 ], [ -56.4873276, -30.0188929 ], [ -56.4882201, -30.0167844 ], [ -56.4894232, -30.0159828 ], [ -56.4896606, -30.0148804 ], [ -56.4907906, -30.0146742 ], [ -56.4918307, -30.0141545 ], [ -56.4919538, -30.0139309 ], [ -56.4918653, -30.013431 ], [ -56.4920998, -30.0128965 ], [ -56.4931258, -30.0119876 ], [ -56.4944202, -30.0122172 ], [ -56.4947618, -30.0121447 ], [ -56.4950301, -30.0117653 ], [ -56.4951526, -30.0107645 ], [ -56.4959407, -30.0101652 ], [ -56.4972925, -30.0100431 ], [ -56.4970839, -30.0095241 ], [ -56.4972628, -30.0084159 ], [ -56.4968423, -30.0076968 ], [ -56.4970565, -30.0073844 ], [ -56.4980035, -30.0070977 ], [ -56.4988871, -30.0077021 ], [ -56.4995668, -30.0065662 ], [ -56.4999743, -30.0064726 ], [ -56.5005087, -30.0065937 ], [ -56.5008839, -30.0063289 ], [ -56.5018827, -30.004325 ], [ -56.5032137, -30.003867899999989 ], [ -56.5038879, -30.0031492 ], [ -56.5047673, -30.003133499999983 ], [ -56.5055189, -30.0035449 ], [ -56.5063124, -30.0027947 ], [ -56.5063106, -30.0025143 ], [ -56.5056896, -30.0012835 ], [ -56.5055014, -29.9997896 ], [ -56.5050594, -29.9995178 ], [ -56.5032544, -29.999363299999985 ], [ -56.5034566, -29.9977664 ], [ -56.5038048, -29.997085 ], [ -56.5029395, -29.9972255 ], [ -56.5024838, -29.9970145 ], [ -56.502513, -29.9960151 ], [ -56.5020823, -29.9953791 ], [ -56.5009326, -29.9953491 ], [ -56.4999052, -29.9957726 ], [ -56.4990088, -29.995054 ], [ -56.4989748, -29.9946375 ], [ -56.4992335, -29.994313899999984 ], [ -56.4992368, -29.992820899999984 ], [ -56.4996528, -29.9924995 ], [ -56.5001449, -29.9915835 ], [ -56.5007528, -29.9909032 ], [ -56.5011054, -29.990655499999988 ], [ -56.502369, -29.9905303 ], [ -56.5032857, -29.9901524 ], [ -56.5043411, -29.990789 ], [ -56.5057927, -29.9912415 ], [ -56.5065188, -29.9916836 ], [ -56.5072547, -29.9916533 ], [ -56.5081528, -29.9912189 ], [ -56.5085359, -29.9918803 ], [ -56.5090624, -29.9921832 ], [ -56.5107128, -29.9922075 ], [ -56.5119712, -29.9911581 ], [ -56.5123016, -29.991552 ], [ -56.5126148, -29.9916621 ], [ -56.5133366, -29.9911068 ], [ -56.5140547, -29.989563 ], [ -56.5154966, -29.9883475 ], [ -56.5163103, -29.9866217 ], [ -56.5167369, -29.9864319 ], [ -56.517083, -29.9854566 ], [ -56.5179467, -29.9848358 ], [ -56.5184259, -29.984787 ], [ -56.5189479, -29.9849989 ], [ -56.5197238, -29.9850446 ], [ -56.5201249, -29.9848131 ], [ -56.5207036, -29.9848237 ], [ -56.5212322, -29.9854657 ], [ -56.5218803, -29.9859132 ], [ -56.5220994, -29.9865484 ], [ -56.5222872, -29.986646799999988 ], [ -56.522848, -29.9864319 ], [ -56.5230501, -29.9860329 ], [ -56.5229474, -29.9856655 ], [ -56.5241545, -29.9852566 ], [ -56.5244955, -29.984871 ], [ -56.5235039, -29.9838523 ], [ -56.5233313, -29.9829763 ], [ -56.5226504, -29.9821251 ], [ -56.5227807, -29.981430899999985 ], [ -56.5226189, -29.9808461 ], [ -56.5226766, -29.9801198 ], [ -56.5221443, -29.9801216 ], [ -56.520991, -29.9810975 ], [ -56.5195349, -29.9808431 ], [ -56.5192924, -29.9806375 ], [ -56.5191272, -29.9795744 ], [ -56.5185454, -29.9790976 ], [ -56.5182991, -29.978458300000014 ], [ -56.5174327, -29.9777015 ], [ -56.5171561, -29.9771088 ], [ -56.5162984, -29.977088 ], [ -56.5152235, -29.9775141 ], [ -56.5145203, -29.9773228 ], [ -56.5145298, -29.9747124 ], [ -56.5147369, -29.9738801 ], [ -56.5146187, -29.973776 ], [ -56.5138243, -29.9738186 ], [ -56.5131765, -29.9728271 ], [ -56.5134683, -29.9713059 ], [ -56.513936, -29.9702739 ], [ -56.5137241, -29.9689574 ], [ -56.5141411, -29.9684897 ], [ -56.514499, -29.9675007 ], [ -56.5142301, -29.9656138 ], [ -56.513959, -29.9655986 ], [ -56.5138517, -29.965241100000011 ], [ -56.5132253, -29.9646912 ], [ -56.5133433, -29.9636073 ], [ -56.5123061, -29.9621649 ], [ -56.511983, -29.9620541 ], [ -56.5113404, -29.9622362 ], [ -56.5107432, -29.9621787 ], [ -56.5096467, -29.9609917 ], [ -56.5088002, -29.9607822 ], [ -56.5081408, -29.9602144 ], [ -56.5076457, -29.9590743 ], [ -56.5077757, -29.958231 ], [ -56.507232, -29.9573126 ], [ -56.5066106, -29.9569951 ], [ -56.5057666, -29.9569958 ], [ -56.5050599, -29.9571823 ], [ -56.5045145, -29.956987500000011 ], [ -56.5047706, -29.9559764 ], [ -56.5042822, -29.9538476 ], [ -56.5045458, -29.9534995 ], [ -56.5049081, -29.9533877 ], [ -56.5080701, -29.9534676 ], [ -56.5081788, -29.9525112 ], [ -56.5086169, -29.9518318 ], [ -56.5086868, -29.951370299999986 ], [ -56.508634, -29.9502767 ], [ -56.5082349, -29.9495936 ], [ -56.5091576, -29.9488739 ], [ -56.5096576, -29.947861 ], [ -56.5105297, -29.9471895 ], [ -56.5106256, -29.9455986 ], [ -56.5114991, -29.9456488 ], [ -56.5126181, -29.9459338 ], [ -56.5127413, -29.9463465 ], [ -56.5137351, -29.9471445 ], [ -56.5140753, -29.9471798 ], [ -56.5139991, -29.9461201 ], [ -56.5150075, -29.9448939 ], [ -56.5151062, -29.9427716 ], [ -56.5155799, -29.9417121 ], [ -56.5171939, -29.9422267 ], [ -56.5179644, -29.942267 ], [ -56.5183272, -29.9421302 ], [ -56.5186017, -29.9414922 ], [ -56.5199226, -29.9413431 ], [ -56.5203311, -29.9408299 ], [ -56.520168, -29.9395563 ], [ -56.5206871, -29.9389753 ], [ -56.5211956, -29.9386828 ], [ -56.5218086, -29.9387117 ], [ -56.5226079, -29.9391347 ], [ -56.5232406, -29.9387784 ], [ -56.5242612, -29.9389161 ], [ -56.5252031, -29.9386775 ], [ -56.5267367, -29.9386541 ], [ -56.5268192, -29.9388882 ], [ -56.527201, -29.9389641 ], [ -56.527416, -29.9391932 ], [ -56.5286812, -29.9392096 ], [ -56.5284121, -29.938766 ], [ -56.5286596, -29.9385704 ], [ -56.5287286, -29.9381507 ], [ -56.528959, -29.938098500000013 ], [ -56.5289574, -29.937879100000011 ], [ -56.5285003, -29.9365313 ], [ -56.5287722, -29.9360267 ], [ -56.5291926, -29.93591 ], [ -56.5295857, -29.934088 ], [ -56.5300177, -29.9334144 ], [ -56.5301489, -29.9324266 ], [ -56.5307214, -29.9320631 ], [ -56.5315322, -29.9319027 ], [ -56.5320145, -29.931431800000013 ], [ -56.5317428, -29.9303107 ], [ -56.5322982, -29.9286287 ], [ -56.5320417, -29.928496 ], [ -56.5314329, -29.9286357 ], [ -56.5310201, -29.9285511 ], [ -56.5309421, -29.9275128 ], [ -56.5317062, -29.926872 ], [ -56.5323893, -29.925750699999988 ], [ -56.5330103, -29.9252151 ], [ -56.5328257, -29.9250764 ], [ -56.531127, -29.924782 ], [ -56.5307438, -29.924855 ], [ -56.53015, -29.9252599 ], [ -56.5297909, -29.9252901 ], [ -56.529304, -29.924885 ], [ -56.5292338, -29.9245041 ], [ -56.5294531, -29.9241479 ], [ -56.5295638, -29.9230558 ], [ -56.5305221, -29.9219054 ], [ -56.5307023, -29.9210362 ], [ -56.5311459, -29.9203623 ], [ -56.5311908, -29.9198065 ], [ -56.5308308, -29.9188063 ], [ -56.5295766, -29.917679 ], [ -56.5292697, -29.9167465 ], [ -56.5292366, -29.9158763 ], [ -56.5300237, -29.9156131 ], [ -56.5323729, -29.9155433 ], [ -56.5338594, -29.9146865 ], [ -56.5350136, -29.9129613 ], [ -56.5360067, -29.9106801 ], [ -56.5371936, -29.9091316 ], [ -56.5384721, -29.9070338 ], [ -56.5390443, -29.9067424 ], [ -56.5398276, -29.9069091 ], [ -56.5406366, -29.9067536 ], [ -56.5414589, -29.9069873 ], [ -56.5413358, -29.905622099999988 ], [ -56.540999, -29.9053694 ], [ -56.5396288, -29.904938 ], [ -56.5391302, -29.9045839 ], [ -56.5388679, -29.9045747 ], [ -56.5380163, -29.9052434 ], [ -56.5372245, -29.905491899999987 ], [ -56.536524, -29.9050009 ], [ -56.5362242, -29.9045382 ], [ -56.5360882, -29.90327 ], [ -56.5354052, -29.9029604 ], [ -56.5348622, -29.9024876 ], [ -56.5341344, -29.9012345 ], [ -56.5334545, -29.9006482 ], [ -56.5331475, -29.899664 ], [ -56.533302, -29.8993274 ], [ -56.533681, -29.8992096 ], [ -56.5336595, -29.8985215 ], [ -56.5326422, -29.8977635 ], [ -56.5322766, -29.8967364 ], [ -56.5320556, -29.8967194 ], [ -56.5319887, -29.896966699999989 ], [ -56.5317366, -29.8969873 ], [ -56.5317253, -29.8972408 ], [ -56.531464, -29.8973001 ], [ -56.5314588, -29.8975429 ], [ -56.5309363, -29.8975069 ], [ -56.5305024, -29.8972896 ], [ -56.5298516, -29.8962865 ], [ -56.5297482, -29.8949935 ], [ -56.5291363, -29.8938019 ], [ -56.5284103, -29.8938803 ], [ -56.5279182, -29.8936096 ], [ -56.5269388, -29.8921441 ], [ -56.5255755, -29.8907304 ], [ -56.5240463, -29.89043 ], [ -56.5235871, -29.887617 ], [ -56.5232939, -29.8873515 ], [ -56.5218332, -29.8869109 ], [ -56.5209031, -29.8858763 ], [ -56.5211531, -29.8853083 ], [ -56.5211952, -29.884176199999988 ], [ -56.5211256, -29.8835219 ], [ -56.5208886, -29.88320280000001 ], [ -56.5193104, -29.8822067 ], [ -56.5188119, -29.8812697 ], [ -56.5173555, -29.8805421 ], [ -56.517079, -29.8801134 ], [ -56.5172189, -29.8793382 ], [ -56.5169739, -29.8790522 ], [ -56.5159322, -29.8789547 ], [ -56.5149428, -29.879378 ], [ -56.5145466, -29.8790415 ], [ -56.5147785, -29.878235200000013 ], [ -56.5142978, -29.8773376 ], [ -56.5145073, -29.8763905 ], [ -56.5142658, -29.87529850000001 ], [ -56.5143204, -29.874839699999988 ], [ -56.5147919, -29.8742096 ], [ -56.5155309, -29.8742214 ], [ -56.5157849, -29.874486599999983 ], [ -56.5164975, -29.8744887 ], [ -56.5166873, -29.8743631 ], [ -56.5161935, -29.8734951 ], [ -56.5161902, -29.8730181 ], [ -56.5164586, -29.8728207 ], [ -56.5164491, -29.872501 ], [ -56.5159605, -29.8710871 ], [ -56.5161961, -29.8709155 ], [ -56.5184914, -29.870545 ], [ -56.5189395, -29.8700933 ], [ -56.5189164, -29.8691772 ], [ -56.5179557, -29.8682994 ], [ -56.5179957, -29.8675963 ], [ -56.5173166, -29.8664104 ], [ -56.5173841, -29.8659581 ], [ -56.5182962, -29.864934 ], [ -56.5181098, -29.8636944 ], [ -56.517963, -29.8633621 ], [ -56.5172919, -29.862820700000011 ], [ -56.5165557, -29.8627972 ], [ -56.5162653, -29.8626553 ], [ -56.5161146, -29.8618629 ], [ -56.515307, -29.8602601 ], [ -56.5145991, -29.8598786 ], [ -56.5137642, -29.858584 ], [ -56.5138089, -29.8567179 ], [ -56.5131086, -29.8560301 ], [ -56.5126348, -29.8560329 ], [ -56.5118079, -29.8555476 ], [ -56.510975, -29.8540516 ], [ -56.5108062, -29.8531749 ], [ -56.5105231, -29.8528935 ], [ -56.509784, -29.852565 ], [ -56.5101061, -29.8508292 ], [ -56.510394, -29.8501714 ], [ -56.5107098, -29.8496432 ], [ -56.5113124, -29.8493746 ], [ -56.5113965, -29.8491711 ], [ -56.5111806, -29.848654 ], [ -56.5106821, -29.8486364 ], [ -56.5105438, -29.8483856 ], [ -56.5097917, -29.848376299999984 ], [ -56.5098343, -29.8477278 ], [ -56.5102056, -29.8470949 ], [ -56.5111312, -29.8468555 ], [ -56.5119544, -29.8460038 ], [ -56.5121769, -29.8446007 ], [ -56.5118047, -29.8440552 ], [ -56.5117457, -29.8436125 ], [ -56.5119959, -29.8426809 ], [ -56.5120255, -29.8404543 ], [ -56.5121587, -29.840074500000011 ], [ -56.512717, -29.8395869 ], [ -56.5123636, -29.8390635 ], [ -56.5123249, -29.838597 ], [ -56.5126532, -29.8381691 ], [ -56.5134035, -29.8378042 ], [ -56.5127725, -29.8367686 ], [ -56.5118266, -29.8362592 ], [ -56.5113909, -29.8343608 ], [ -56.5104616, -29.8334237 ], [ -56.5110589, -29.8323314 ], [ -56.5116044, -29.8320674 ], [ -56.5121942, -29.8309502 ], [ -56.5124593, -29.8309677 ], [ -56.5133581, -29.8316406 ], [ -56.5153165, -29.8313959 ], [ -56.517076, -29.8310849 ], [ -56.5174355, -29.8304344 ], [ -56.5177743, -29.8301659 ], [ -56.5181202, -29.8293598 ], [ -56.517697, -29.8285986 ], [ -56.5177348, -29.8282096 ], [ -56.5173688, -29.8274109 ], [ -56.5175466, -29.8262 ], [ -56.517062, -29.824966499999984 ], [ -56.5174813, -29.8239704 ], [ -56.5176303, -29.822965600000011 ], [ -56.5186077, -29.8221267 ], [ -56.5182419, -29.820718799999987 ], [ -56.5192428, -29.8200632 ], [ -56.5187701, -29.8196384 ], [ -56.5185855, -29.8190048 ], [ -56.5179143, -29.8179447 ], [ -56.5179146, -29.8174932 ], [ -56.5182381, -29.817056 ], [ -56.5177076, -29.8165464 ], [ -56.5167966, -29.8162155 ], [ -56.5168376, -29.8159161 ], [ -56.5175703, -29.8153041 ], [ -56.5173578, -29.8148656 ], [ -56.5172302, -29.8138007 ], [ -56.5165321, -29.8124054 ], [ -56.5166626, -29.811569 ], [ -56.5161772, -29.8108577 ], [ -56.5169134, -29.8099634 ], [ -56.5171403, -29.808754 ], [ -56.5183517, -29.8082433 ], [ -56.5195138, -29.8072651 ], [ -56.5197429, -29.806805 ], [ -56.519778, -29.8061939 ], [ -56.5194287, -29.8052038 ], [ -56.5184536, -29.804245 ], [ -56.5182735, -29.8022899 ], [ -56.5175008, -29.801542200000011 ], [ -56.5164582, -29.8014317 ], [ -56.5164491, -29.8009245 ], [ -56.5161775, -29.8007751 ], [ -56.5164067, -29.7999966 ], [ -56.5159539, -29.7983162 ], [ -56.5160998, -29.798224 ], [ -56.516689, -29.7985713 ], [ -56.517326, -29.7984582 ], [ -56.5181887, -29.7986424 ], [ -56.5185722, -29.7985727 ], [ -56.5188653, -29.7983032 ], [ -56.5188268, -29.797121 ], [ -56.5194615, -29.7968522 ], [ -56.5197533, -29.7964391 ], [ -56.519236, -29.7953206 ], [ -56.5197036, -29.795228 ], [ -56.5204337, -29.7945558 ], [ -56.5213721, -29.7941414 ], [ -56.5217213, -29.7937444 ], [ -56.5219832, -29.7921627 ], [ -56.5218019, -29.7913632 ], [ -56.5222447, -29.7906416 ], [ -56.5223707, -29.7888177 ], [ -56.5229851, -29.788207600000014 ], [ -56.5238227, -29.7877866 ], [ -56.5243894, -29.7865525 ], [ -56.5252565, -29.7862555 ], [ -56.52553, -29.7852061 ], [ -56.5253471, -29.7844872 ], [ -56.5249809, -29.784369499999986 ], [ -56.5227051, -29.7822308 ], [ -56.521909, -29.7804018 ], [ -56.5209671, -29.7793501 ], [ -56.5209718, -29.7790862 ], [ -56.5216308, -29.7782269 ], [ -56.5217059, -29.7774923 ], [ -56.5207274, -29.7763506 ], [ -56.5202502, -29.7749331 ], [ -56.5195606, -29.7746307 ], [ -56.5190564, -29.7741399 ], [ -56.5192314, -29.7729467 ], [ -56.5192055, -29.7697128 ], [ -56.518507, -29.7689765 ], [ -56.5180739, -29.7689799 ], [ -56.5175692, -29.7692095 ], [ -56.5176531, -29.7684731 ], [ -56.5179559, -29.7681846 ], [ -56.51906, -29.7677694 ], [ -56.5197058, -29.7673193 ], [ -56.5217359, -29.767265 ], [ -56.5217511, -29.7667832 ], [ -56.5219861, -29.7666568 ], [ -56.5221365, -29.76616 ], [ -56.524126, -29.7661778 ], [ -56.5250342, -29.7666457 ], [ -56.5261398, -29.7661623 ], [ -56.526955, -29.76621 ], [ -56.5272915, -29.7664317 ], [ -56.5282604, -29.7663924 ], [ -56.5291889, -29.765488 ], [ -56.5292359, -29.7642094 ], [ -56.5304925, -29.7644823 ], [ -56.5318227, -29.7644394 ], [ -56.5321971, -29.7641248 ], [ -56.5324296, -29.763218499999983 ], [ -56.5337286, -29.7643537 ], [ -56.5343798, -29.764623099999984 ], [ -56.5345137, -29.765320500000012 ], [ -56.5350693, -29.7653205 ], [ -56.5350812, -29.7650522 ], [ -56.535347, -29.7650427 ], [ -56.5353984, -29.7643942 ], [ -56.5357116, -29.7635409 ], [ -56.5366334, -29.7634873 ], [ -56.5365972, -29.7628887 ], [ -56.5372222, -29.7621226 ], [ -56.5377692, -29.7606204 ], [ -56.5386148, -29.7609279 ], [ -56.5390542, -29.761402699999987 ], [ -56.5397915, -29.7614316 ], [ -56.5401642, -29.7599088 ], [ -56.5410612, -29.7599452 ], [ -56.5419869, -29.7590085 ], [ -56.5426741, -29.7593829 ], [ -56.5430211, -29.7593932 ], [ -56.5438787, -29.7587834 ], [ -56.544236, -29.7578205 ], [ -56.5452071, -29.7578023 ], [ -56.5454467, -29.7575776 ], [ -56.5460866, -29.7575124 ], [ -56.5464582, -29.7572649 ], [ -56.5466985, -29.7564058 ], [ -56.5465783, -29.7556505 ], [ -56.547109, -29.7551239 ], [ -56.5482718, -29.7544573 ], [ -56.5486804, -29.7530982 ], [ -56.5490724, -29.7529978 ], [ -56.5499079, -29.7523368 ], [ -56.5502936, -29.7522702 ], [ -56.5507811, -29.7523474 ], [ -56.5519249, -29.753035299999986 ], [ -56.552954, -29.7529072 ], [ -56.5538607, -29.7533467 ], [ -56.5550693, -29.7530982 ], [ -56.5551178, -29.7526983 ], [ -56.5555583, -29.7521999 ], [ -56.5556095, -29.7519294 ], [ -56.5547885, -29.7506133 ], [ -56.5556718, -29.7498742 ], [ -56.5565399, -29.7498103 ], [ -56.557665, -29.7505582 ], [ -56.5597099, -29.7501592 ], [ -56.5597644, -29.7497178 ], [ -56.5592988, -29.7487848 ], [ -56.5592247, -29.7479533 ], [ -56.5592893, -29.7474119 ], [ -56.5597915, -29.7464315 ], [ -56.5613419, -29.746614 ], [ -56.5616073, -29.745692 ], [ -56.5619059, -29.7460726 ], [ -56.5628471, -29.7461537 ], [ -56.5628568, -29.7446871 ], [ -56.5632, -29.744268699999985 ], [ -56.5638263, -29.744157900000012 ], [ -56.5641952, -29.7439326 ], [ -56.5668973, -29.7435616 ], [ -56.5674148, -29.7431957 ], [ -56.5685783, -29.7427395 ], [ -56.5696244, -29.7417946 ], [ -56.570453, -29.7415074 ], [ -56.5713273, -29.7414508 ], [ -56.572132, -29.741637599999986 ], [ -56.573082, -29.741251 ], [ -56.5731011, -29.7396508 ], [ -56.5720838, -29.738844 ], [ -56.5720138, -29.738098099999984 ], [ -56.5730166, -29.7377267 ], [ -56.5737548, -29.737115 ], [ -56.5746719, -29.7371671 ], [ -56.5755427, -29.7365014 ], [ -56.5766935, -29.7365727 ], [ -56.5771522, -29.7357093 ], [ -56.5785639, -29.7346664 ], [ -56.5773901, -29.7341337 ], [ -56.5770668, -29.7337818 ], [ -56.5770217, -29.7328611 ], [ -56.5773544, -29.7323187 ], [ -56.5785501, -29.7316062 ], [ -56.5796246, -29.730408 ], [ -56.5818188, -29.7297046 ], [ -56.5825016, -29.7292755 ], [ -56.5834643, -29.7291381 ], [ -56.5840684, -29.7285006 ], [ -56.5847916, -29.7283759 ], [ -56.5847869, -29.7258563 ], [ -56.5852471, -29.7254513 ], [ -56.5854465, -29.7245578 ], [ -56.5860442, -29.7238032 ], [ -56.5856675, -29.7231515 ], [ -56.5856812, -29.7226867 ], [ -56.5860125, -29.7223581 ], [ -56.5872103, -29.722103 ], [ -56.5874607, -29.721603 ], [ -56.5874327, -29.720978699999986 ], [ -56.5882777, -29.7204965 ], [ -56.5888648, -29.7198876 ], [ -56.5888771, -29.7196268 ], [ -56.5885165, -29.7190387 ], [ -56.589122, -29.7179891 ], [ -56.5892182, -29.7169411 ], [ -56.5890771, -29.7162015 ], [ -56.5895355, -29.7154322 ], [ -56.5905604, -29.7146238 ], [ -56.5905358, -29.7142874 ], [ -56.5900082, -29.7137097 ], [ -56.5888455, -29.7129098 ], [ -56.5880306, -29.7126852 ], [ -56.5878405, -29.7123305 ], [ -56.5881839, -29.7118031 ], [ -56.5888705, -29.71126 ], [ -56.5891045, -29.710145 ], [ -56.5897656, -29.710074599999984 ], [ -56.5905654, -29.7104821 ], [ -56.5911436, -29.710207100000012 ], [ -56.5916971, -29.7096275 ], [ -56.5918675, -29.709015099999988 ], [ -56.5909798, -29.7083208 ], [ -56.5903529, -29.7074867 ], [ -56.5921838, -29.7067905 ], [ -56.5927707, -29.7068575 ], [ -56.5944809, -29.7060342 ], [ -56.5947619, -29.7056518 ], [ -56.5948019, -29.704903 ], [ -56.5943769, -29.7025492 ], [ -56.594613, -29.7023452 ], [ -56.5951367, -29.7022601 ], [ -56.597813, -29.7024126 ], [ -56.5988587, -29.7013534 ], [ -56.5990064, -29.7002777 ], [ -56.5994363, -29.6995952 ], [ -56.5996131, -29.6988016 ], [ -56.6003393, -29.6988718 ], [ -56.6013476, -29.6984526 ], [ -56.6025649, -29.6984196 ], [ -56.6028005, -29.6986019 ], [ -56.6031249, -29.7000424 ], [ -56.6039644, -29.6995242 ], [ -56.6052509, -29.6999055 ], [ -56.6055796, -29.6987038 ], [ -56.6056836, -29.697506 ], [ -56.6064094, -29.6971258 ], [ -56.6067237, -29.6966962 ], [ -56.6066125, -29.6961822 ], [ -56.6059027, -29.6958758 ], [ -56.6059946, -29.6954369 ], [ -56.6068884, -29.6948119 ], [ -56.6091372, -29.6941207 ], [ -56.6098364, -29.6932029 ], [ -56.6102356, -29.6930097 ], [ -56.6104512, -29.6926248 ], [ -56.6107607, -29.6925424 ], [ -56.6115911, -29.692597899999988 ], [ -56.6123559, -29.6936034 ], [ -56.6130437, -29.6941569 ], [ -56.6142693, -29.6944215 ], [ -56.6168567, -29.6940091 ], [ -56.6176379, -29.694356499999984 ], [ -56.6180172, -29.6943159 ], [ -56.6184266, -29.6945077 ], [ -56.6188664, -29.6949786 ], [ -56.6209052, -29.6961145 ], [ -56.622084, -29.6958074 ], [ -56.6226863, -29.6951581 ], [ -56.6234485, -29.695287 ], [ -56.6242508, -29.6950791 ], [ -56.624873, -29.6950923 ], [ -56.6267361, -29.6958757 ], [ -56.627803, -29.6960955 ], [ -56.6280255, -29.6959783 ], [ -56.6283368, -29.6953911 ], [ -56.6299865, -29.6953199 ], [ -56.6319089, -29.6956816 ], [ -56.6324727, -29.6959559 ], [ -56.6336078, -29.6968731 ], [ -56.6344393, -29.6959411 ], [ -56.6353034, -29.695649 ], [ -56.6364584, -29.6958756 ], [ -56.6369198, -29.6952446 ], [ -56.6372649, -29.6938336 ], [ -56.6370395, -29.6930553 ], [ -56.6370481, -29.6922181 ], [ -56.6373926, -29.6912337 ], [ -56.6383353, -29.6898915 ], [ -56.6382153, -29.6885149 ], [ -56.6396727, -29.6891327 ], [ -56.6407116, -29.688953 ], [ -56.6415704, -29.6890948 ], [ -56.6422001, -29.688219299999989 ], [ -56.6425695, -29.6880978 ], [ -56.6416448, -29.6865727 ], [ -56.6409058, -29.6866588 ], [ -56.6401713, -29.6863568 ], [ -56.63931, -29.6855397 ], [ -56.6386803, -29.6846721 ], [ -56.637617, -29.684250699999989 ], [ -56.6372932, -29.6827722 ], [ -56.6380578, -29.6818954 ], [ -56.6378697, -29.681042 ], [ -56.6385923, -29.680247500000011 ], [ -56.6386761, -29.6793362 ], [ -56.6379085, -29.6776693 ], [ -56.6377793, -29.6760317 ], [ -56.6373647, -29.6754386 ], [ -56.6372229, -29.67464 ], [ -56.6368047, -29.6737825 ], [ -56.6368953, -29.6729331 ], [ -56.6363136, -29.6724376 ], [ -56.6361813, -29.6720408 ], [ -56.6364583, -29.6705978 ], [ -56.6375002, -29.6699869 ], [ -56.6382163, -29.6688052 ], [ -56.6388542, -29.6682695 ], [ -56.6378368, -29.667842300000011 ], [ -56.6383615, -29.6667078 ], [ -56.63762, -29.6659135 ], [ -56.6376265, -29.6646377 ], [ -56.6385714, -29.663565199999983 ], [ -56.63884, -29.662940099999989 ], [ -56.6396482, -29.6626844 ], [ -56.6396227, -29.6609839 ], [ -56.6401589, -29.6598377 ], [ -56.6405105, -29.6595279 ], [ -56.6419119, -29.6591161 ], [ -56.6421968, -29.65886 ], [ -56.6422039, -29.6585414 ], [ -56.6417994, -29.6581292 ], [ -56.6415627, -29.657097099999987 ], [ -56.6424825, -29.6562666 ], [ -56.6428485, -29.6545483 ], [ -56.6417962, -29.654059 ], [ -56.6415654, -29.6535477 ], [ -56.6416408, -29.6526227 ], [ -56.640423, -29.6514981 ], [ -56.6403049, -29.650145 ], [ -56.6390167, -29.6491152 ], [ -56.639236, -29.6486534 ], [ -56.6402033, -29.6485566 ], [ -56.6405868, -29.6479674 ], [ -56.640851, -29.6473974 ], [ -56.6408677, -29.6469234 ], [ -56.6401266, -29.6457634 ], [ -56.6411804, -29.6458756 ], [ -56.641787, -29.643333199999983 ], [ -56.642278, -29.6424368 ], [ -56.6421778, -29.6420866 ], [ -56.6417117, -29.64182730000001 ], [ -56.6405469, -29.6416503 ], [ -56.6401305, -29.6413787 ], [ -56.6398425, -29.6410096 ], [ -56.6396133, -29.6401523 ], [ -56.6403819, -29.6393255 ], [ -56.6409623, -29.6390494 ], [ -56.641937, -29.639203599999984 ], [ -56.6425771, -29.6390364 ], [ -56.6435832, -29.6374688 ], [ -56.6435166, -29.636813299999989 ], [ -56.6437179, -29.6365741 ], [ -56.644236, -29.6367089 ], [ -56.6449123, -29.6377244 ], [ -56.6460603, -29.6381943 ], [ -56.646606, -29.6388245 ], [ -56.6477281, -29.6391048 ], [ -56.6493832, -29.637995 ], [ -56.6498538, -29.636573 ], [ -56.6502236, -29.6361875 ], [ -56.6509232, -29.6358973 ], [ -56.6526054, -29.6358563 ], [ -56.6533705, -29.6356718 ], [ -56.6538957, -29.6357623 ], [ -56.6555128, -29.6345305 ], [ -56.6562362, -29.6342323 ], [ -56.656901, -29.63417440000001 ], [ -56.6571552, -29.6339504 ], [ -56.6580309, -29.6339029 ], [ -56.6581838, -29.6334783 ], [ -56.6584027, -29.6333755 ], [ -56.6581635, -29.631961 ], [ -56.6582667, -29.6312835 ], [ -56.6579419, -29.630989599999989 ], [ -56.6576357, -29.6301706 ], [ -56.6574792, -29.6291016 ], [ -56.6570943, -29.6287739 ], [ -56.656756, -29.628056 ], [ -56.6565722, -29.6268167 ], [ -56.6571703, -29.6259322 ], [ -56.6557551, -29.6246027 ], [ -56.6552076, -29.6243727 ], [ -56.6548406, -29.6234498 ], [ -56.6551663, -29.6223456 ], [ -56.6561624, -29.6215953 ], [ -56.6566222, -29.6208275 ], [ -56.655954, -29.6191381 ], [ -56.6563867, -29.6184545 ], [ -56.6564582, -29.6178199 ], [ -56.656709, -29.6178123 ], [ -56.6567533, -29.6175559 ], [ -56.6570169, -29.617524 ], [ -56.6566822, -29.6166501 ], [ -56.6562126, -29.6161275 ], [ -56.6566273, -29.6149348 ], [ -56.6559207, -29.613612199999988 ], [ -56.6559097, -29.6117666 ], [ -56.6560888, -29.6109807 ], [ -56.6555553, -29.6100925 ], [ -56.6551773, -29.6098444 ], [ -56.6546116, -29.6098959 ], [ -56.6543668, -29.6092707 ], [ -56.6539581, -29.608931 ], [ -56.653901, -29.6082941 ], [ -56.6530689, -29.6062887 ], [ -56.6518709, -29.6051933 ], [ -56.652226, -29.6044208 ], [ -56.6515583, -29.6032986 ], [ -56.6513621, -29.6026186 ], [ -56.6508675, -29.6021069 ], [ -56.6500617, -29.6017306 ], [ -56.6504366, -29.6010416 ], [ -56.6510982, -29.6007102 ], [ -56.6513958, -29.5999093 ], [ -56.6513554, -29.5995669 ], [ -56.6509748, -29.599051 ], [ -56.6507368, -29.5979889 ], [ -56.6510561, -29.5974307 ], [ -56.6509613, -29.596307499999984 ], [ -56.6520903, -29.5937697 ], [ -56.6524882, -29.5933952 ], [ -56.6528805, -29.5933266 ], [ -56.6533027, -29.5930263 ], [ -56.6537676, -29.5918706 ], [ -56.6546626, -29.5913291 ], [ -56.6555234, -29.5899619 ], [ -56.6556924, -29.5885271 ], [ -56.656443, -29.5871895 ], [ -56.6564391, -29.5857983 ], [ -56.6562193, -29.5847036 ], [ -56.656947, -29.5837773 ], [ -56.6571126, -29.5820648 ], [ -56.6583376, -29.580716600000013 ], [ -56.6585739, -29.5802658 ], [ -56.6582989, -29.5797841 ], [ -56.657338, -29.5793575 ], [ -56.6568244, -29.5788546 ], [ -56.656744, -29.5782397 ], [ -56.6569716, -29.5773581 ], [ -56.6568091, -29.5766452 ], [ -56.6581785, -29.5754525 ], [ -56.6593262, -29.5752584 ], [ -56.6596948, -29.5749364 ], [ -56.6587909, -29.5738543 ], [ -56.65883, -29.5732136 ], [ -56.6584223, -29.5724422 ], [ -56.6584987, -29.5720722 ], [ -56.6591585, -29.571552 ], [ -56.6594701, -29.5709987 ], [ -56.6593826, -29.5701563 ], [ -56.6588113, -29.5699422 ], [ -56.6579992, -29.5693084 ], [ -56.6571621, -29.5690911 ], [ -56.6569189, -29.5682735 ], [ -56.6562781, -29.5677422 ], [ -56.6559024, -29.5669865 ], [ -56.6552678, -29.5669144 ], [ -56.653756, -29.5662109 ], [ -56.6524934, -29.5660884 ], [ -56.6516146, -29.5654264 ], [ -56.6497139, -29.5663207 ], [ -56.6489579, -29.5661532 ], [ -56.6489196, -29.5648461 ], [ -56.6481245, -29.5642088 ], [ -56.6476903, -29.5635954 ], [ -56.6480029, -29.5626676 ], [ -56.6461005, -29.5615622 ], [ -56.6453352, -29.5616634 ], [ -56.6449745, -29.5614602 ], [ -56.6450894, -29.5598016 ], [ -56.6457477, -29.558751 ], [ -56.6468754, -29.5582662 ], [ -56.6474785, -29.5576557 ], [ -56.6477047, -29.5570942 ], [ -56.6493805, -29.5558436 ], [ -56.6495912, -29.5551963 ], [ -56.6500024, -29.5546125 ], [ -56.6501539, -29.553507 ], [ -56.6504882, -29.5531506 ], [ -56.6518153, -29.5530395 ], [ -56.652408, -29.552627 ], [ -56.653286, -29.5523398 ], [ -56.6545943, -29.552488300000011 ], [ -56.6560137, -29.551943699999988 ], [ -56.6571567, -29.55112 ], [ -56.6581215, -29.5496692 ], [ -56.6588988, -29.549345599999988 ], [ -56.6593647, -29.5487464 ], [ -56.6598959, -29.5484516 ], [ -56.6604256, -29.5484375 ], [ -56.6613036, -29.548910700000015 ], [ -56.6618131, -29.5488812 ], [ -56.6621754, -29.5486447 ], [ -56.6638193, -29.5472267 ], [ -56.6640716, -29.5465147 ], [ -56.6646607, -29.5458159 ], [ -56.6643572, -29.5450965 ], [ -56.6650708, -29.54367 ], [ -56.6646906, -29.5432247 ], [ -56.6640821, -29.542999199999986 ], [ -56.6637678, -29.5424725 ], [ -56.663059, -29.5399164 ], [ -56.6623717, -29.5385136 ], [ -56.6624657, -29.5376981 ], [ -56.6618052, -29.5372046 ], [ -56.6614931, -29.5367674 ], [ -56.6615498, -29.5362393 ], [ -56.6622552, -29.535366800000013 ], [ -56.6622372, -29.534077899999982 ], [ -56.6616881, -29.5335061 ], [ -56.6607566, -29.5330624 ], [ -56.6603977, -29.53206 ], [ -56.6606797, -29.531110300000012 ], [ -56.6611215, -29.530633799999986 ], [ -56.6614545, -29.5286018 ], [ -56.6613627, -29.5281793 ], [ -56.6606925, -29.5273961 ], [ -56.6603809, -29.526473899999985 ], [ -56.6603613, -29.5251844 ], [ -56.6605685, -29.5244844 ], [ -56.6603672, -29.5238039 ], [ -56.6603423, -29.5228005 ], [ -56.6607285, -29.5223941 ], [ -56.6613759, -29.5220984 ], [ -56.6620821, -29.519230699999984 ], [ -56.6622728, -29.5189921 ], [ -56.6625688, -29.5189309 ], [ -56.6624892, -29.5181911 ], [ -56.6621697, -29.5176382 ], [ -56.6607623, -29.5166728 ], [ -56.6604808, -29.5159816 ], [ -56.659791, -29.51559760000001 ], [ -56.6580404, -29.5155467 ], [ -56.6553212, -29.5145194 ], [ -56.6534921, -29.5143367 ], [ -56.6531243, -29.5144865 ], [ -56.6525075, -29.5137017 ], [ -56.6517307, -29.5133558 ], [ -56.6526242, -29.5126783 ], [ -56.6532938, -29.5124549 ], [ -56.6535886, -29.5121887 ], [ -56.6540312, -29.511070900000011 ], [ -56.6544403, -29.5109581 ], [ -56.6549971, -29.5098956 ], [ -56.6562306, -29.506646 ], [ -56.6571597, -29.5062935 ], [ -56.6569874, -29.5060078 ], [ -56.6559948, -29.5052504 ], [ -56.6556601, -29.504503199999988 ], [ -56.655656, -29.5041033 ], [ -56.6560551, -29.5036945 ], [ -56.6566913, -29.503432 ], [ -56.6582002, -29.5037221 ], [ -56.6589198, -29.504136 ], [ -56.6597911, -29.5034263 ], [ -56.6601354, -29.5034577 ], [ -56.6604791, -29.5038094 ], [ -56.660737, -29.5038493 ], [ -56.661509, -29.5029461 ], [ -56.6621076, -29.5028078 ], [ -56.6630748, -29.5029416 ], [ -56.6635384, -29.503830199999985 ], [ -56.6642025, -29.5044153 ], [ -56.6651805, -29.5039616 ], [ -56.6664177, -29.5041977 ], [ -56.6678252, -29.5041714 ], [ -56.6680439, -29.504054 ], [ -56.6685318, -29.5031892 ], [ -56.669191, -29.5028698 ], [ -56.6701033, -29.5032655 ], [ -56.6710671, -29.5028818 ], [ -56.6731169, -29.5025696 ], [ -56.6738591, -29.502897 ], [ -56.6746757, -29.5038291 ], [ -56.6757044, -29.5036072 ], [ -56.6763613, -29.5033014 ], [ -56.6769256, -29.5027465 ], [ -56.6774389, -29.5019311 ], [ -56.6773201, -29.5006465 ], [ -56.6780113, -29.4999534 ], [ -56.6782104, -29.4991002 ], [ -56.6795133, -29.4986531 ], [ -56.6800133, -29.4979609 ], [ -56.6804439, -29.4968775 ], [ -56.6808529, -29.4964617 ], [ -56.6808985, -29.4952847 ], [ -56.6806445, -29.4944377 ], [ -56.6806393, -29.493784 ], [ -56.6807618, -29.493479 ], [ -56.6813479, -29.4929316 ], [ -56.6806476, -29.491943099999986 ], [ -56.6806441, -29.488698 ], [ -56.6813137, -29.4873702 ], [ -56.6825564, -29.4869866 ], [ -56.6829416, -29.4877444 ], [ -56.6835474, -29.4882025 ], [ -56.6841738, -29.4891391 ], [ -56.6854108, -29.489277899999987 ], [ -56.6862131, -29.4897291 ], [ -56.6877323, -29.4896079 ], [ -56.6882487, -29.489912399999984 ], [ -56.688778, -29.4897979 ], [ -56.6891846, -29.4898922 ], [ -56.689446, -29.4901803 ], [ -56.6896544, -29.4908347 ], [ -56.690435, -29.4919163 ], [ -56.6908181, -29.4922097 ], [ -56.6929309, -29.4923207 ], [ -56.6942733, -29.4930334 ], [ -56.6957944, -29.4926255 ], [ -56.6964853, -29.4927281 ], [ -56.6968694, -29.492381 ], [ -56.6971349, -29.4923364 ], [ -56.6977193, -29.4926297 ], [ -56.6982187, -29.4935834 ], [ -56.6987941, -29.494129 ], [ -56.699396, -29.4941218 ], [ -56.7001706, -29.4934958 ], [ -56.7005572, -29.4938409 ], [ -56.701337, -29.4940178 ], [ -56.7024276, -29.4948273 ], [ -56.7027941, -29.49545740000001 ], [ -56.7027177, -29.495773 ], [ -56.7019182, -29.4962127 ], [ -56.70177, -29.4964516 ], [ -56.7021076, -29.4980199 ], [ -56.7026044, -29.4985319 ], [ -56.7035764, -29.4990129 ], [ -56.7044973, -29.4997667 ], [ -56.7059525, -29.4982297 ], [ -56.7070647, -29.4980175 ], [ -56.7074433, -29.4973817 ], [ -56.7086422, -29.4967779 ], [ -56.7094179, -29.4969336 ], [ -56.7106054, -29.4967474 ], [ -56.7113882, -29.4972035 ], [ -56.7124003, -29.4974301 ], [ -56.7132109, -29.4970284 ], [ -56.7150442, -29.497298 ], [ -56.71599, -29.4975987 ], [ -56.7166279, -29.4980566 ], [ -56.7175368, -29.4983747 ], [ -56.7182797, -29.4982891 ], [ -56.7189972, -29.4975774 ], [ -56.7203257, -29.4975573 ], [ -56.720862, -29.4979484 ], [ -56.7209244, -29.4989337 ], [ -56.7219132, -29.4985733 ], [ -56.723035, -29.4975913 ], [ -56.7239553, -29.4973029 ], [ -56.7247186, -29.4974193 ], [ -56.7253469, -29.497264 ], [ -56.7260023, -29.4951174 ], [ -56.7273687, -29.4944207 ], [ -56.727512, -29.4941387 ], [ -56.7267121, -29.4929335 ], [ -56.7257257, -29.4921834 ], [ -56.7251967, -29.4899446 ], [ -56.7257773, -29.4895944 ], [ -56.7256895, -29.488929 ], [ -56.7258382, -29.4887188 ], [ -56.7264274, -29.4886877 ], [ -56.7275, -29.4889268 ], [ -56.7280988, -29.4887222 ], [ -56.7283009, -29.4882231 ], [ -56.7278916, -29.4875872 ], [ -56.7278684, -29.4867498 ], [ -56.7282817, -29.4860387 ], [ -56.7282625, -29.4856593 ], [ -56.7286059, -29.4851685 ], [ -56.7288048, -29.4837464 ], [ -56.7294774, -29.4831697 ], [ -56.7303202, -29.483361399999989 ], [ -56.7313417, -29.4832894 ], [ -56.7324014, -29.4823509 ], [ -56.733316, -29.4820359 ], [ -56.7348341, -29.4820001 ], [ -56.7359643, -29.4822492 ], [ -56.7369176, -29.4819147 ], [ -56.7377947, -29.4810189 ], [ -56.7385598, -29.4788799 ], [ -56.7384024, -29.476708399999989 ], [ -56.7387812, -29.4765714 ], [ -56.7396794, -29.4766233 ], [ -56.7409978, -29.4755999 ], [ -56.7413127, -29.474869 ], [ -56.7424, -29.4742943 ], [ -56.7431962, -29.4741419 ], [ -56.743886, -29.4737128 ], [ -56.7449615, -29.4734577 ], [ -56.7458016, -29.4735482 ], [ -56.7463671, -29.4726409 ], [ -56.7471308, -29.4727902 ], [ -56.7477267, -29.4727307 ], [ -56.7490955, -29.4713929 ], [ -56.749372, -29.4707053 ], [ -56.7506198, -29.4703762 ], [ -56.7501314, -29.4696135 ], [ -56.7497283, -29.4676921 ], [ -56.7489709, -29.4662928 ], [ -56.7491151, -29.4654888 ], [ -56.7489962, -29.4644464 ], [ -56.7495031, -29.4632385 ], [ -56.7494996, -29.4618481 ], [ -56.7492594, -29.4611005 ], [ -56.7492271, -29.4603013 ], [ -56.7495735, -29.4588271 ], [ -56.7497178, -29.4587728 ], [ -56.7506889, -29.4592864 ], [ -56.7511166, -29.4596965 ], [ -56.7515976, -29.4596645 ], [ -56.7525092, -29.4584996 ], [ -56.7524032, -29.4573729 ], [ -56.7526067, -29.456389 ], [ -56.7532912, -29.4555025 ], [ -56.7534889, -29.4549327 ], [ -56.7537195, -29.4548301 ], [ -56.7543369, -29.4549566 ], [ -56.7553468, -29.4544861 ], [ -56.7553311, -29.4538211 ], [ -56.7550937, -29.4535257 ], [ -56.7550607, -29.4530713 ], [ -56.7550881, -29.4526651 ], [ -56.7553468, -29.4522638 ], [ -56.7562213, -29.4522192 ], [ -56.7569184, -29.4519107 ], [ -56.7585136, -29.4501297 ], [ -56.7607182, -29.4497115 ], [ -56.7613923, -29.4493255 ], [ -56.761341, -29.4486934 ], [ -56.7601676, -29.4480205 ], [ -56.7598499, -29.4476714 ], [ -56.7597662, -29.4450857 ], [ -56.75931, -29.443793 ], [ -56.7601482, -29.4421419 ], [ -56.7611164, -29.4412808 ], [ -56.7615893, -29.4384056 ], [ -56.7619312, -29.4381542 ], [ -56.7627017, -29.437982 ], [ -56.7641225, -29.43646690000001 ], [ -56.7646246, -29.4362641 ], [ -56.7657762, -29.436415299999986 ], [ -56.766133, -29.4361991 ], [ -56.7661933, -29.4333238 ], [ -56.7663491, -29.4326479 ], [ -56.765925, -29.4313933 ], [ -56.7659248, -29.4303594 ], [ -56.7665736, -29.427688299999989 ], [ -56.7674876, -29.4271066 ], [ -56.7677883, -29.426283 ], [ -56.7680985, -29.4249933 ], [ -56.7681855, -29.4232727 ], [ -56.768338, -29.4232038 ], [ -56.768842, -29.42344 ], [ -56.7693605, -29.4241107 ], [ -56.7699028, -29.4244171 ], [ -56.7709605, -29.4244265 ], [ -56.7719516, -29.4226708 ], [ -56.7720564, -29.4216594 ], [ -56.7724199, -29.4204302 ], [ -56.7727332, -29.4204071 ], [ -56.7738456, -29.4211203 ], [ -56.7744047, -29.4213658 ], [ -56.7746906, -29.4213418 ], [ -56.7754961, -29.4205735 ], [ -56.7761453, -29.4195879 ], [ -56.775917707000652, -29.419174945770006 ], [ -56.771083943092691, -29.418197836193212 ], [ -56.7707783, -29.4183051 ], [ -56.7698034, -29.4180647 ], [ -56.76956688927374, -29.41776296862076 ], [ -56.7516, -29.4119 ], [ -56.7432, -29.4108 ], [ -56.7307, -29.4055 ], [ -56.7031, -29.4002 ], [ -56.695, -29.4005 ], [ -56.6869, -29.4032 ], [ -56.6819, -29.4066 ], [ -56.6778, -29.4133 ], [ -56.6745, -29.4236 ], [ -56.6712, -29.4255 ], [ -56.6674, -29.4255 ], [ -56.6605, -29.4233 ], [ -56.6583, -29.4253 ], [ -56.6542, -29.4267 ], [ -56.6386, -29.4259 ], [ -56.6256, -29.4264 ], [ -56.6247, -29.4275 ], [ -56.6274, -29.4278 ], [ -56.6256, -29.4306 ], [ -56.6252, -29.4326 ], [ -56.6276, -29.4382 ], [ -56.6272, -29.4412 ], [ -56.6255, -29.4437 ], [ -56.6226, -29.4459 ], [ -56.6195, -29.4464 ], [ -56.6148, -29.4427 ], [ -56.6118, -29.4426 ], [ -56.6085, -29.4441 ], [ -56.6066, -29.446 ], [ -56.6071, -29.4482 ], [ -56.6085, -29.4488 ], [ -56.6127, -29.4464 ], [ -56.6147, -29.4487 ], [ -56.613, -29.4554 ], [ -56.6097, -29.4521 ], [ -56.6067, -29.4518 ], [ -56.6046, -29.4524 ], [ -56.605, -29.4532 ], [ -56.609, -29.4539 ], [ -56.6091, -29.4562 ], [ -56.608, -29.4583 ], [ -56.6002, -29.4579 ], [ -56.5979, -29.456 ], [ -56.5985, -29.4527 ], [ -56.5977, -29.4497 ], [ -56.5965, -29.4478 ], [ -56.5949, -29.4473 ], [ -56.5936, -29.4492 ], [ -56.5921, -29.4492 ], [ -56.5919, -29.4447 ], [ -56.5901, -29.4449 ], [ -56.5892, -29.4486 ], [ -56.5856, -29.4446 ], [ -56.5758, -29.4409 ], [ -56.5758, -29.4505 ], [ -56.5748, -29.4521 ], [ -56.5726, -29.4522 ], [ -56.5722, -29.4506 ], [ -56.5702, -29.4492 ], [ -56.5668, -29.454 ], [ -56.5647, -29.4541 ], [ -56.5622, -29.4528 ], [ -56.5605, -29.4506 ], [ -56.5605, -29.4484 ], [ -56.5591, -29.4477 ], [ -56.5537, -29.4507 ], [ -56.5451, -29.4503 ], [ -56.5432, -29.4553 ], [ -56.5418, -29.457 ], [ -56.5406, -29.4573 ], [ -56.5395, -29.4563 ], [ -56.5406, -29.4536 ], [ -56.5375, -29.4546 ], [ -56.5363, -29.4543 ], [ -56.5315, -29.4592 ], [ -56.5307, -29.4617 ], [ -56.527, -29.4626 ], [ -56.526, -29.4637 ], [ -56.5229, -29.4632 ], [ -56.5224, -29.4642 ], [ -56.5221, -29.4678 ], [ -56.5202, -29.469 ], [ -56.5214, -29.4707 ], [ -56.5199, -29.4711 ], [ -56.5204, -29.4722 ], [ -56.5178, -29.475 ], [ -56.5176, -29.4779 ], [ -56.5149, -29.4759 ], [ -56.5141, -29.4764 ], [ -56.5147, -29.4781 ], [ -56.5138, -29.4786 ], [ -56.5118, -29.4773 ], [ -56.5124, -29.4742 ], [ -56.5112, -29.4708 ], [ -56.5046, -29.4685 ], [ -56.5042, -29.4698 ], [ -56.5008, -29.4692 ], [ -56.4989, -29.4659 ], [ -56.4975, -29.4663 ], [ -56.4961, -29.4689 ], [ -56.4922, -29.4707 ], [ -56.4891, -29.47 ], [ -56.4868, -29.4704 ], [ -56.4828, -29.4662 ], [ -56.4814, -29.4669 ], [ -56.4818, -29.4707 ], [ -56.4753, -29.4685 ], [ -56.4727, -29.4702 ], [ -56.4723, -29.4728 ], [ -56.47, -29.4701 ], [ -56.4685, -29.4754 ], [ -56.4711, -29.4787 ], [ -56.4715, -29.4819 ], [ -56.4741, -29.4848 ], [ -56.4701, -29.4854 ], [ -56.4695, -29.483 ], [ -56.4661, -29.4838 ], [ -56.463, -29.4829 ], [ -56.4623, -29.4861 ], [ -56.4632, -29.4886 ], [ -56.4601, -29.488 ], [ -56.4606, -29.4903 ], [ -56.4585, -29.4904 ], [ -56.4593, -29.4929 ], [ -56.4623, -29.4942 ], [ -56.4618, -29.4963 ], [ -56.4602, -29.4974 ], [ -56.4618, -29.4988 ], [ -56.4597, -29.5007 ], [ -56.4617, -29.5035 ], [ -56.4649, -29.5031 ], [ -56.4682, -29.5046 ], [ -56.4675, -29.5072 ], [ -56.4655, -29.5075 ], [ -56.4641, -29.5086 ], [ -56.4685, -29.5139 ], [ -56.4679, -29.5181 ], [ -56.4649, -29.5194 ], [ -56.4671, -29.5226 ], [ -56.464, -29.5224 ], [ -56.4635, -29.5243 ], [ -56.4674, -29.5267 ], [ -56.4654, -29.5283 ], [ -56.4679, -29.5298 ], [ -56.4671, -29.5318 ], [ -56.4646, -29.5337 ], [ -56.4604, -29.5323 ], [ -56.4601, -29.5303 ], [ -56.461, -29.5285 ], [ -56.4593, -29.5288 ], [ -56.457, -29.5309 ], [ -56.4519, -29.5304 ], [ -56.4525, -29.5328 ], [ -56.4484, -29.5381 ], [ -56.4471, -29.5389 ], [ -56.4464, -29.537 ], [ -56.4404, -29.5398 ], [ -56.4377, -29.538 ], [ -56.4358, -29.5413 ], [ -56.4338, -29.5428 ], [ -56.4326, -29.5409 ], [ -56.4307, -29.5408 ], [ -56.4302, -29.5392 ], [ -56.4269, -29.5399 ], [ -56.4243, -29.5391 ], [ -56.4223, -29.5398 ], [ -56.423, -29.5431 ], [ -56.4218, -29.5454 ], [ -56.4184, -29.5487 ], [ -56.4136, -29.5546 ], [ -56.4127, -29.5591 ], [ -56.4105, -29.5591 ], [ -56.4082, -29.561 ], [ -56.4081, -29.5626 ], [ -56.4108, -29.5627 ], [ -56.41, -29.5639 ], [ -56.4069, -29.5646 ], [ -56.4095, -29.5682 ], [ -56.4094, -29.5695 ], [ -56.4078, -29.5715 ], [ -56.4044, -29.5734 ], [ -56.4038, -29.5767 ], [ -56.4026, -29.577 ], [ -56.4003, -29.5757 ], [ -56.3969, -29.5781 ], [ -56.3956, -29.5802 ], [ -56.394, -29.5806 ], [ -56.3922, -29.5793 ], [ -56.3913, -29.5855 ], [ -56.3893, -29.5873 ], [ -56.3865, -29.5856 ], [ -56.3844, -29.5858 ], [ -56.3828, -29.5881 ], [ -56.3841, -29.5931 ], [ -56.3827, -29.5937 ], [ -56.3811, -29.5907 ], [ -56.3783, -29.5892 ], [ -56.3761, -29.593 ], [ -56.3719, -29.5956 ], [ -56.3719, -29.5976 ], [ -56.3743, -29.5988 ], [ -56.3745, -29.5974 ], [ -56.3763, -29.5957 ], [ -56.3788, -29.5985 ], [ -56.3833, -29.6084 ], [ -56.384, -29.6149 ], [ -56.3813, -29.6161 ], [ -56.3781, -29.616 ], [ -56.3775, -29.6169 ], [ -56.3785, -29.6213 ], [ -56.3829, -29.6258 ], [ -56.3815, -29.6283 ], [ -56.375, -29.6297 ], [ -56.3676, -29.6372 ], [ -56.3669, -29.6407 ], [ -56.3704, -29.6515 ], [ -56.3702, -29.6553 ], [ -56.3651, -29.6618 ], [ -56.3617, -29.6701 ], [ -56.3639, -29.6713 ], [ -56.368, -29.6704 ], [ -56.3688, -29.6755 ], [ -56.3706, -29.6775 ], [ -56.3765, -29.6789 ], [ -56.3813, -29.6833 ], [ -56.3882, -29.6853 ], [ -56.391, -29.6874 ], [ -56.3903, -29.6903 ], [ -56.3921, -29.6917 ], [ -56.3947, -29.6902 ], [ -56.398, -29.6911 ], [ -56.4003, -29.6934 ], [ -56.4004, -29.6964 ], [ -56.3987, -29.6997 ], [ -56.4006, -29.7012 ], [ -56.4015, -29.705 ], [ -56.4007, -29.7096 ], [ -56.3972, -29.7184 ], [ -56.3948, -29.7224 ], [ -56.3842, -29.7289 ], [ -56.3827, -29.7354 ], [ -56.3802, -29.7372 ], [ -56.3785, -29.7367 ], [ -56.3762, -29.739 ], [ -56.3754, -29.7411 ], [ -56.3727, -29.7425 ], [ -56.3713, -29.7444 ], [ -56.3734, -29.7562 ], [ -56.371, -29.766 ], [ -56.3688, -29.7695 ], [ -56.3705, -29.7714 ], [ -56.369, -29.7732 ], [ -56.3698, -29.7785 ], [ -56.3669, -29.7817 ], [ -56.3663, -29.7838 ], [ -56.3699, -29.7915 ], [ -56.3698, -29.7976 ], [ -56.3722, -29.8098 ], [ -56.3717, -29.813 ], [ -56.3681, -29.8205 ], [ -56.3644, -29.8251 ], [ -56.3656, -29.8303 ], [ -56.3637, -29.8342 ], [ -56.3578, -29.8419 ], [ -56.351, -29.8486 ], [ -56.3395, -29.8514 ], [ -56.3284, -29.857 ], [ -56.3162, -29.8595 ], [ -56.3106, -29.8628 ], [ -56.3057, -29.8674 ], [ -56.305, -29.8702 ], [ -56.3075, -29.8776 ], [ -56.3068, -29.8812 ], [ -56.3045, -29.8842 ], [ -56.3017, -29.8858 ], [ -56.2993, -29.8886 ], [ -56.2975, -29.8923 ], [ -56.2927, -29.8979 ], [ -56.2915, -29.9009 ], [ -56.2913, -29.9068 ], [ -56.2857, -29.9112 ], [ -56.2843, -29.9151 ], [ -56.2831, -29.924 ], [ -56.2809, -29.9263 ], [ -56.2807, -29.9291 ], [ -56.2782, -29.9319 ], [ -56.2741, -29.9338 ], [ -56.2652, -29.9424 ], [ -56.2647, -29.946 ], [ -56.2624, -29.9495 ], [ -56.2584, -29.9508 ], [ -56.2522, -29.9557 ], [ -56.2503, -29.9557 ], [ -56.2473, -29.9581 ], [ -56.2477, -29.9611 ], [ -56.2447, -29.9626 ], [ -56.2457, -29.9674 ], [ -56.2441, -29.9715 ], [ -56.2447, -29.9766 ], [ -56.2404, -29.9813 ], [ -56.2343, -29.9831 ], [ -56.2266, -29.9825 ], [ -56.2249, -29.984 ], [ -56.2226, -29.9829 ], [ -56.2204, -29.986 ], [ -56.2164, -29.9876 ], [ -56.2098, -29.9928 ], [ -56.204, -29.9939 ], [ -56.2001, -29.9928 ], [ -56.1994, -29.9963 ], [ -56.1975, -29.9978 ], [ -56.1935, -29.9976 ], [ -56.1904, -29.9998 ], [ -56.1878, -29.9996 ], [ -56.1846, -30.0014 ], [ -56.183, -30.0066 ], [ -56.1789, -30.0136 ], [ -56.1751, -30.0153 ], [ -56.1729, -30.0178 ], [ -56.1702, -30.0191 ], [ -56.1686, -30.0212 ], [ -56.1674, -30.0263 ], [ -56.1596, -30.0291 ], [ -56.1556, -30.0326 ], [ -56.1554, -30.0358 ], [ -56.1528, -30.0395 ], [ -56.154, -30.042 ], [ -56.1531, -30.0538 ], [ -56.1503, -30.055 ], [ -56.1530065, -30.0590194 ] ] ] } },
{ "type": "Feature", "properties": { "wts_pk": 137989, "codigo_otto": "8257", "nivel_otto_declarado": 4, "area_m2_bho": 975.33042396489748, "nivel_otto": 4 }, "geometry": { "type": "Polygon", "coordinates": [ [ [ -56.9000706, -29.6044857 ], [ -56.9007042, -29.6052588 ], [ -56.901642, -29.6059548 ], [ -56.9017054, -29.6064082 ], [ -56.9015292, -29.6071335 ], [ -56.9018192, -29.6077546 ], [ -56.9022144, -29.6080541 ], [ -56.9031553, -29.6081062 ], [ -56.903635, -29.6079784 ], [ -56.9039186, -29.6075915 ], [ -56.9040125, -29.6066669 ], [ -56.9042587, -29.6064633 ], [ -56.905895, -29.6064545 ], [ -56.906619, -29.607009 ], [ -56.9066695, -29.6073938 ], [ -56.9062528, -29.6079686 ], [ -56.9059596, -29.6089258 ], [ -56.9061059, -29.6091399 ], [ -56.9071607, -29.6095884 ], [ -56.9074371, -29.6100016 ], [ -56.9083474, -29.6107446 ], [ -56.9083448, -29.6112788 ], [ -56.9076261, -29.6121939 ], [ -56.9079263, -29.6132136 ], [ -56.9087965, -29.6138389 ], [ -56.9094633, -29.614064 ], [ -56.911052, -29.6153742 ], [ -56.9109468, -29.6161267 ], [ -56.911225, -29.6175863 ], [ -56.9117392, -29.6188827 ], [ -56.9116918, -29.619334 ], [ -56.9111889, -29.620096199999988 ], [ -56.9122265, -29.6206495 ], [ -56.9132061, -29.6223856 ], [ -56.9149492, -29.6239831 ], [ -56.9144623, -29.6261959 ], [ -56.9139548, -29.6266881 ], [ -56.9140447, -29.6283075 ], [ -56.9143477, -29.6285656 ], [ -56.9154285, -29.6287126 ], [ -56.9158459, -29.6289823 ], [ -56.916125, -29.6294085 ], [ -56.9159171, -29.6301819 ], [ -56.9159813, -29.6307068 ], [ -56.9173834, -29.6314995 ], [ -56.9179176, -29.6321407 ], [ -56.9189388, -29.6317141 ], [ -56.9199377, -29.6317145 ], [ -56.9203606, -29.6318784 ], [ -56.9211108, -29.633254 ], [ -56.9212417, -29.6340596 ], [ -56.9215021, -29.6345448 ], [ -56.9223873, -29.6350413 ], [ -56.9227072, -29.6358493 ], [ -56.9233657, -29.6363768 ], [ -56.9241296, -29.6360818 ], [ -56.9247, -29.635379199999988 ], [ -56.9259567, -29.6349606 ], [ -56.926403, -29.6345591 ], [ -56.9276484, -29.6344286 ], [ -56.928682, -29.6339301 ], [ -56.9288312, -29.633233 ], [ -56.9294355, -29.633002499999989 ], [ -56.9297159, -29.6327347 ], [ -56.9295967, -29.6323352 ], [ -56.9276763, -29.6318968 ], [ -56.92706, -29.6312824 ], [ -56.9270997, -29.6307711 ], [ -56.9280312, -29.6304294 ], [ -56.9285409, -29.6293189 ], [ -56.9287919, -29.629274 ], [ -56.9291137, -29.6294864 ], [ -56.9298389, -29.630466 ], [ -56.9310523, -29.6312623 ], [ -56.931372, -29.6316639 ], [ -56.9321049, -29.6319051 ], [ -56.9329149, -29.6309269 ], [ -56.9333293, -29.6306495 ], [ -56.9352229, -29.6307536 ], [ -56.93546, -29.6298564 ], [ -56.9361186, -29.6290599 ], [ -56.9362477, -29.6277151 ], [ -56.9366957, -29.6266405 ], [ -56.936405, -29.6261981 ], [ -56.9359852, -29.6259249 ], [ -56.9344043, -29.6257095 ], [ -56.9337513, -29.6260951 ], [ -56.9328718, -29.6261258 ], [ -56.9323605, -29.6258242 ], [ -56.9316422, -29.6249093 ], [ -56.9308208, -29.6250336 ], [ -56.9301841, -29.6249591 ], [ -56.9298518, -29.6246198 ], [ -56.9293838, -29.6226448 ], [ -56.9280269, -29.6215301 ], [ -56.9270685, -29.6216856 ], [ -56.9265099, -29.621582800000013 ], [ -56.9256177, -29.6209749 ], [ -56.9252173, -29.620140800000012 ], [ -56.9245772, -29.6195426 ], [ -56.9238035, -29.6195622 ], [ -56.922745, -29.6205178 ], [ -56.9218204, -29.6210951 ], [ -56.9212983, -29.6210642 ], [ -56.9207263, -29.6206938 ], [ -56.9201269, -29.6206933 ], [ -56.9192656, -29.6194729 ], [ -56.9195031, -29.6184253 ], [ -56.919519, -29.6161171 ], [ -56.9194504, -29.6154656 ], [ -56.9190723, -29.614654 ], [ -56.9192333, -29.613979399999984 ], [ -56.9191826, -29.6132447 ], [ -56.9185654, -29.612633 ], [ -56.9176143, -29.6124084 ], [ -56.9173172, -29.611974 ], [ -56.9175355, -29.6110533 ], [ -56.9171328, -29.6102086 ], [ -56.9173225, -29.607865 ], [ -56.9180545, -29.6071101 ], [ -56.9184939, -29.6057409 ], [ -56.9195574, -29.6065796 ], [ -56.9198978, -29.606636299999984 ], [ -56.9207433, -29.6059729 ], [ -56.921341, -29.6057818 ], [ -56.9226939, -29.604854 ], [ -56.923222, -29.6046614 ], [ -56.9233071, -29.6042908 ], [ -56.9240354, -29.6042507 ], [ -56.9249343, -29.6045875 ], [ -56.925899, -29.6059711 ], [ -56.9271494, -29.606266 ], [ -56.9282678, -29.6074292 ], [ -56.9304102, -29.6078924 ], [ -56.9309608, -29.6085152 ], [ -56.9321345, -29.6091212 ], [ -56.9331517, -29.6092011 ], [ -56.9349436, -29.6089583 ], [ -56.935749, -29.609177599999985 ], [ -56.9373753, -29.6092684 ], [ -56.9386292, -29.609749 ], [ -56.9390175, -29.609696199999988 ], [ -56.9394457, -29.6092832 ], [ -56.9403738, -29.6089602 ], [ -56.9422574, -29.6090767 ], [ -56.9433048, -29.6082974 ], [ -56.9434624, -29.6068518 ], [ -56.9438758, -29.6064831 ], [ -56.9448625, -29.6063625 ], [ -56.946022, -29.6058996 ], [ -56.9471055, -29.6061047 ], [ -56.9479911, -29.6058916 ], [ -56.9490377, -29.6059239 ], [ -56.9501457, -29.6072042 ], [ -56.9510329, -29.6076624 ], [ -56.9512866, -29.608299700000011 ], [ -56.9515553, -29.6085621 ], [ -56.9533144, -29.6083728 ], [ -56.9539204, -29.608582 ], [ -56.9550644, -29.6084002 ], [ -56.9557227, -29.6087043 ], [ -56.9560372, -29.6091051 ], [ -56.9568481, -29.6096544 ], [ -56.9575168, -29.6096657 ], [ -56.9583384, -29.611581 ], [ -56.9584946, -29.6127473 ], [ -56.9588085, -29.6132743 ], [ -56.9597316, -29.6140797 ], [ -56.9598754, -29.6159873 ], [ -56.9612983, -29.6171595 ], [ -56.9624013, -29.616239399999987 ], [ -56.9632917, -29.615773 ], [ -56.963575, -29.6152704 ], [ -56.9635406, -29.6150632 ], [ -56.9626385, -29.6140583 ], [ -56.9625212, -29.6127743 ], [ -56.9620761, -29.6121036 ], [ -56.9620278, -29.611473900000014 ], [ -56.962378, -29.6106651 ], [ -56.9628861, -29.6101527 ], [ -56.9635982, -29.6098058 ], [ -56.9641293, -29.6098386 ], [ -56.9644794, -29.6102586 ], [ -56.9648847, -29.6123676 ], [ -56.9660687, -29.6126324 ], [ -56.9664079, -29.612967599999987 ], [ -56.9664216, -29.6144366 ], [ -56.9658, -29.6149638 ], [ -56.9692096, -29.6156276 ], [ -56.9694014, -29.6157722 ], [ -56.9690287, -29.6169093 ], [ -56.9692047, -29.6181407 ], [ -56.9688701, -29.6188564 ], [ -56.9673709, -29.6204729 ], [ -56.9664387, -29.6224334 ], [ -56.9660572, -29.6227246 ], [ -56.9651796, -29.6229804 ], [ -56.9653172, -29.6237503 ], [ -56.9652203, -29.6241043 ], [ -56.9638213, -29.6246174 ], [ -56.9637135, -29.6258524 ], [ -56.9641807, -29.626862 ], [ -56.964227, -29.6274046 ], [ -56.9637701, -29.6282394 ], [ -56.9638461, -29.6288208 ], [ -56.9636349, -29.6295426 ], [ -56.9632407, -29.6301558 ], [ -56.9635699, -29.6310375 ], [ -56.9631576, -29.6333573 ], [ -56.9636374, -29.6344374 ], [ -56.9637463, -29.6357256 ], [ -56.9650025, -29.6388203 ], [ -56.9651709, -29.6396273 ], [ -56.9664776, -29.6386797 ], [ -56.9673679, -29.6386922 ], [ -56.96847772168195, -29.639076871451493 ], [ -56.9674, -29.6373 ], [ -56.9673, -29.6301 ], [ -56.9695, -29.6224 ], [ -56.9721, -29.6173 ], [ -56.9714, -29.6103 ], [ -56.9678, -29.6018 ], [ -56.9588, -29.5896 ], [ -56.9509, -29.5807 ], [ -56.94, -29.573 ], [ -56.9295, -29.5662 ], [ -56.9207, -29.5545 ], [ -56.9121, -29.5446 ], [ -56.902, -29.5338 ], [ -56.888, -29.5264 ], [ -56.8728, -29.5147 ], [ -56.860681069322858, -29.507242670426884 ], [ -56.8595144, -29.5078191 ], [ -56.8590139, -29.5085201 ], [ -56.8588755, -29.5112623 ], [ -56.8571252, -29.5117958 ], [ -56.8565248, -29.5123158 ], [ -56.8558114, -29.5137649 ], [ -56.8551288, -29.5143472 ], [ -56.8545095, -29.5159313 ], [ -56.854305, -29.5160612 ], [ -56.8533731, -29.5161449 ], [ -56.8513812, -29.5158178 ], [ -56.85025, -29.5148409 ], [ -56.849596, -29.514538499999983 ], [ -56.8481591, -29.5144445 ], [ -56.8473286, -29.514219099999984 ], [ -56.8450699, -29.514208 ], [ -56.8443382, -29.5148443 ], [ -56.8442118, -29.5158369 ], [ -56.8440276, -29.5160883 ], [ -56.842931, -29.5163861 ], [ -56.842306, -29.5164003 ], [ -56.8410771, -29.5156952 ], [ -56.8407917, -29.5156662 ], [ -56.8397216, -29.5159331 ], [ -56.839029, -29.5163646 ], [ -56.8371982, -29.5167594 ], [ -56.8362343, -29.5176829 ], [ -56.8361809, -29.5189303 ], [ -56.8355527, -29.5190079 ], [ -56.8343517, -29.5195815 ], [ -56.8335153, -29.52024 ], [ -56.8325912, -29.5200509 ], [ -56.8316827, -29.5201106 ], [ -56.831265, -29.5208113 ], [ -56.8300098, -29.5213132 ], [ -56.8291878, -29.5211821 ], [ -56.8276987, -29.5214098 ], [ -56.8264193, -29.5209376 ], [ -56.8246011, -29.5216429 ], [ -56.8235627, -29.5215049 ], [ -56.8227033, -29.5220139 ], [ -56.8221663, -29.5230013 ], [ -56.8210857, -29.5235671 ], [ -56.8207318, -29.5235565 ], [ -56.8201759, -29.5231417 ], [ -56.8194001, -29.5228848 ], [ -56.8184754, -29.5234279 ], [ -56.8179915, -29.5241861 ], [ -56.8174729, -29.5246719 ], [ -56.817209, -29.5246797 ], [ -56.8168116, -29.5242873 ], [ -56.8159854, -29.5239789 ], [ -56.8150947, -29.5239586 ], [ -56.8137868, -29.5242904 ], [ -56.8132263, -29.5245656 ], [ -56.8124719, -29.5252419 ], [ -56.8117193, -29.5255675 ], [ -56.8093219, -29.5255865 ], [ -56.8085611, -29.5254389 ], [ -56.8078079, -29.5258028 ], [ -56.806856, -29.5251534 ], [ -56.8057206, -29.5258212 ], [ -56.8035589, -29.526323 ], [ -56.8032542, -29.5261085 ], [ -56.8029106, -29.525442399999985 ], [ -56.8021226, -29.5265121 ], [ -56.8018849, -29.5272369 ], [ -56.8011611, -29.5277966 ], [ -56.8002691, -29.5277716 ], [ -56.7990889, -29.527108 ], [ -56.7988968, -29.5282188 ], [ -56.798635, -29.5285206 ], [ -56.7977003, -29.5287557 ], [ -56.7970835, -29.5291446 ], [ -56.7957421, -29.5293009 ], [ -56.79411, -29.5304992 ], [ -56.7929879, -29.5307125 ], [ -56.7928716, -29.5310496 ], [ -56.7930185, -29.531909399999989 ], [ -56.7916631, -29.5333178 ], [ -56.7913306, -29.5335053 ], [ -56.7911808, -29.5333749 ], [ -56.7902515, -29.5333946 ], [ -56.7895891, -29.5337196 ], [ -56.7895467, -29.5341021 ], [ -56.7900729, -29.5347823 ], [ -56.7896114, -29.5369448 ], [ -56.7889283, -29.5371992 ], [ -56.7882953, -29.5368111 ], [ -56.7880366, -29.5368016 ], [ -56.7875746, -29.5376415 ], [ -56.7869061, -29.5379992 ], [ -56.7861904, -29.5379602 ], [ -56.7849492, -29.5370901 ], [ -56.7840715, -29.5373397 ], [ -56.7835051, -29.5378978 ], [ -56.7832602, -29.5386127 ], [ -56.7823815, -29.5390941 ], [ -56.7816623, -29.5402608 ], [ -56.7804873, -29.5409125 ], [ -56.7802824, -29.5418345 ], [ -56.7800255, -29.542139 ], [ -56.7788429, -29.5425179 ], [ -56.7777178, -29.5422839 ], [ -56.7771595, -29.5423727 ], [ -56.7768726, -29.5432607 ], [ -56.7757294, -29.5442999 ], [ -56.7754334, -29.5452416 ], [ -56.7751776, -29.545234499999985 ], [ -56.7749411, -29.5450225 ], [ -56.7746929, -29.5442944 ], [ -56.7743211, -29.5439878 ], [ -56.7719859, -29.5434103 ], [ -56.7707388, -29.5435396 ], [ -56.7692764, -29.5428259 ], [ -56.768274, -29.5427199 ], [ -56.7674876, -29.541487 ], [ -56.7665898, -29.5410195 ], [ -56.7675308, -29.5398235 ], [ -56.7675205, -29.5393514 ], [ -56.7671726, -29.538473 ], [ -56.7665466, -29.538148 ], [ -56.763577, -29.5375357 ], [ -56.7626169, -29.5376659 ], [ -56.762358, -29.5379636 ], [ -56.7621533, -29.5386238 ], [ -56.7619006, -29.538850099999987 ], [ -56.7615219, -29.5389239 ], [ -56.7599028, -29.5385696 ], [ -56.7589584, -29.5378195 ], [ -56.7584547, -29.5385748 ], [ -56.7586588, -29.5393441 ], [ -56.7586948, -29.5407395 ], [ -56.7588152, -29.5410517 ], [ -56.7596217, -29.5416934 ], [ -56.7596751, -29.5419287 ], [ -56.7581988, -29.5428768 ], [ -56.7566612, -29.5446521 ], [ -56.7557448, -29.5441987 ], [ -56.7552089, -29.5434118 ], [ -56.7543289, -29.5425926 ], [ -56.7537937, -29.542342 ], [ -56.753036, -29.5424393 ], [ -56.7526354, -29.5420537 ], [ -56.7518003, -29.541817499999986 ], [ -56.750479, -29.5426722 ], [ -56.7510737, -29.5434476 ], [ -56.7511214, -29.5437875 ], [ -56.750625, -29.544486199999987 ], [ -56.7498929, -29.5448413 ], [ -56.7493841, -29.5458591 ], [ -56.7490383, -29.5460372 ], [ -56.7482873, -29.545407 ], [ -56.7476845, -29.5453963 ], [ -56.7468602, -29.5461865 ], [ -56.7467361, -29.5469862 ], [ -56.7463527, -29.546853 ], [ -56.7458098, -29.5469036 ], [ -56.7450136, -29.546009599999987 ], [ -56.7438546, -29.5457849 ], [ -56.743899, -29.5446384 ], [ -56.7435905, -29.5442783 ], [ -56.743024, -29.5440026 ], [ -56.7422155, -29.5439781 ], [ -56.7411009, -29.5442669 ], [ -56.7401478, -29.5447137 ], [ -56.7396311, -29.5447479 ], [ -56.7384434, -29.544366 ], [ -56.7379483, -29.5438291 ], [ -56.7378472, -29.5433751 ], [ -56.7371129, -29.5434915 ], [ -56.7359286, -29.5445993 ], [ -56.7354755, -29.545478899999988 ], [ -56.7346596, -29.5459173 ], [ -56.7343775, -29.5466004 ], [ -56.7334456, -29.5471128 ], [ -56.7326706, -29.5478998 ], [ -56.7324718, -29.5487525 ], [ -56.7320431, -29.5492636 ], [ -56.7320052, -29.550890399999986 ], [ -56.7320814, -29.5515584 ], [ -56.7327417, -29.5524326 ], [ -56.732463, -29.5527241 ], [ -56.7318398, -29.5529877 ], [ -56.7310841, -29.5546876 ], [ -56.7301759, -29.5556818 ], [ -56.7299694, -29.5566293 ], [ -56.7295952, -29.5569285 ], [ -56.7288038, -29.557084 ], [ -56.7273597, -29.5581513 ], [ -56.7270786, -29.5585257 ], [ -56.726881, -29.5597322 ], [ -56.7254844, -29.5609105 ], [ -56.7242924, -29.5624013 ], [ -56.723422, -29.5642476 ], [ -56.7234452, -29.565366 ], [ -56.7239329, -29.5662501 ], [ -56.7238745, -29.5665415 ], [ -56.7234712, -29.566953899999987 ], [ -56.7233245, -29.5679351 ], [ -56.7222916, -29.5683752 ], [ -56.7215162, -29.5693489 ], [ -56.7215558, -29.569688 ], [ -56.722189, -29.5704301 ], [ -56.7218117, -29.5710658 ], [ -56.7217361, -29.5717085 ], [ -56.7212193, -29.571942 ], [ -56.7205384, -29.5719345 ], [ -56.7196824, -29.5712216 ], [ -56.7190299, -29.5709855 ], [ -56.7182219, -29.5717793 ], [ -56.7176875, -29.5733079 ], [ -56.7169363, -29.573542 ], [ -56.716068, -29.5732147 ], [ -56.7154451, -29.5732806 ], [ -56.7143191, -29.5725986 ], [ -56.7131249, -29.5725419 ], [ -56.7127955, -29.5738021 ], [ -56.7124483, -29.5743857 ], [ -56.7121809, -29.5744239 ], [ -56.7116298, -29.5741715 ], [ -56.7107196, -29.5735085 ], [ -56.7098594, -29.5746193 ], [ -56.7099636, -29.5753098 ], [ -56.7098135, -29.5756018 ], [ -56.709404, -29.5748449 ], [ -56.7090744, -29.5746592 ], [ -56.7088465, -29.574291099999986 ], [ -56.7085017, -29.5742758 ], [ -56.7072916, -29.5750419 ], [ -56.707271, -29.5759227 ], [ -56.7069429, -29.576563 ], [ -56.7059832, -29.576946099999986 ], [ -56.7049952, -29.5769342 ], [ -56.7040654, -29.5762353 ], [ -56.7033681, -29.5763497 ], [ -56.7026624, -29.5762014 ], [ -56.7017388, -29.576378 ], [ -56.7006774, -29.5758901 ], [ -56.7001807, -29.5759513 ], [ -56.698877, -29.576497 ], [ -56.6985246, -29.5770356 ], [ -56.6985703, -29.5777441 ], [ -56.6982833, -29.578003 ], [ -56.6974348, -29.5782295 ], [ -56.6974345, -29.5785939 ], [ -56.6967901, -29.5799168 ], [ -56.6967764, -29.580638 ], [ -56.6972372, -29.5815069 ], [ -56.6966554, -29.5826746 ], [ -56.6960142, -29.5827486 ], [ -56.6954781, -29.582444 ], [ -56.6950199, -29.581838 ], [ -56.6946082, -29.5817873 ], [ -56.6937774, -29.5823332 ], [ -56.6933254, -29.5836577 ], [ -56.6928471, -29.5839309 ], [ -56.6928434, -29.5846209 ], [ -56.6926957, -29.5848944 ], [ -56.6924277, -29.5849115 ], [ -56.6921267, -29.5846041 ], [ -56.6903671, -29.5847901 ], [ -56.6898816, -29.5851128 ], [ -56.6895447, -29.5861024 ], [ -56.6895102, -29.5869512 ], [ -56.689995, -29.5882352 ], [ -56.6895966, -29.5888037 ], [ -56.6894129, -29.5894045 ], [ -56.6877975, -29.5913003 ], [ -56.6868557, -29.5915342 ], [ -56.6860626, -29.5921537 ], [ -56.6852301, -29.5915172 ], [ -56.6846259, -29.5915043 ], [ -56.6840083, -29.5921194 ], [ -56.6839582, -29.593097599999986 ], [ -56.683335, -29.5931835 ], [ -56.6825443, -29.5936318 ], [ -56.6815657, -29.5935759 ], [ -56.6805062, -29.5929347 ], [ -56.679438, -29.593045 ], [ -56.678385, -29.5925382 ], [ -56.6780162, -29.5929641 ], [ -56.6774066, -29.593188799999989 ], [ -56.6760567, -29.5941136 ], [ -56.6747036, -29.5945265 ], [ -56.6746259, -29.5947141 ], [ -56.6748481, -29.595445 ], [ -56.6755317, -29.5962282 ], [ -56.6758728, -29.5969419 ], [ -56.6758717, -29.597583 ], [ -56.6755337, -29.598579299999983 ], [ -56.674973, -29.599687899999989 ], [ -56.6742996, -29.6004629 ], [ -56.6739582, -29.601431 ], [ -56.6719526, -29.602956699999986 ], [ -56.6712699, -29.603271399999983 ], [ -56.6710365, -29.6049345 ], [ -56.6705787, -29.6050254 ], [ -56.6698656, -29.6048932 ], [ -56.6688105, -29.6056995 ], [ -56.6684413, -29.6070103 ], [ -56.6685705, -29.6077191 ], [ -56.6683438, -29.6080507 ], [ -56.6680211, -29.6082667 ], [ -56.6672516, -29.6081251 ], [ -56.6661337, -29.6083637 ], [ -56.6642638, -29.6083478 ], [ -56.6640435, -29.6082152 ], [ -56.6634702, -29.606772 ], [ -56.6610979, -29.6067597 ], [ -56.6607238, -29.6070642 ], [ -56.6604619, -29.6076927 ], [ -56.6597255, -29.6078957 ], [ -56.6595636, -29.608066599999983 ], [ -56.6595297, -29.6085985 ], [ -56.6597789, -29.6096276 ], [ -56.6593754, -29.611043 ], [ -56.6578228, -29.6113949 ], [ -56.6566558, -29.611486 ], [ -56.6559026, -29.6119866 ], [ -56.6559374, -29.6137018 ], [ -56.6566255, -29.6148783 ], [ -56.6562126, -29.6161275 ], [ -56.6566822, -29.6166501 ], [ -56.6570169, -29.617524 ], [ -56.6567533, -29.6175559 ], [ -56.656709, -29.6178123 ], [ -56.6564582, -29.6178199 ], [ -56.6563867, -29.6184545 ], [ -56.655954, -29.6191381 ], [ -56.6566222, -29.6208275 ], [ -56.6561624, -29.6215953 ], [ -56.6551663, -29.6223456 ], [ -56.6548406, -29.6234498 ], [ -56.6552076, -29.6243727 ], [ -56.6557551, -29.6246027 ], [ -56.6571703, -29.6259322 ], [ -56.6565722, -29.6268167 ], [ -56.656756, -29.628056 ], [ -56.6570943, -29.6287739 ], [ -56.6574792, -29.6291016 ], [ -56.6576357, -29.6301706 ], [ -56.6579419, -29.630989599999989 ], [ -56.6582667, -29.6312835 ], [ -56.6581635, -29.631961 ], [ -56.6584027, -29.6333755 ], [ -56.6591816, -29.6336487 ], [ -56.6607137, -29.6336034 ], [ -56.6610899, -29.6333032 ], [ -56.6615793, -29.6325539 ], [ -56.6624011, -29.6320866 ], [ -56.6634469, -29.6329707 ], [ -56.6638136, -29.633086 ], [ -56.6650381, -29.633072 ], [ -56.6665298, -29.6327197 ], [ -56.6667598, -29.6325395 ], [ -56.6690828, -29.6329765 ], [ -56.6695424, -29.6328992 ], [ -56.6699266, -29.6335501 ], [ -56.6705822, -29.6338761 ], [ -56.6715245, -29.6335898 ], [ -56.671945, -29.633166 ], [ -56.6727307, -29.6328837 ], [ -56.6739583, -29.6330977 ], [ -56.673984, -29.633602 ], [ -56.6745093, -29.6340573 ], [ -56.6745139, -29.634208799999989 ], [ -56.6742437, -29.6342564 ], [ -56.6742361, -29.6350421 ], [ -56.6752687, -29.6355376 ], [ -56.6760692, -29.6356858 ], [ -56.6774071, -29.6363397 ], [ -56.6785668, -29.6365211 ], [ -56.6788554, -29.6367905 ], [ -56.6791738, -29.637749599999985 ], [ -56.6804651, -29.6380728 ], [ -56.6815768, -29.6378924 ], [ -56.6821936, -29.638164 ], [ -56.6828147, -29.638827 ], [ -56.6832008, -29.6398895 ], [ -56.6843392, -29.6403706 ], [ -56.6849043, -29.6407882 ], [ -56.6859289, -29.641128 ], [ -56.6867605, -29.6411493 ], [ -56.6871705, -29.6410643 ], [ -56.687781, -29.6406599 ], [ -56.6891793, -29.6404286 ], [ -56.68993, -29.6406996 ], [ -56.6907295, -29.641625499999989 ], [ -56.6918701, -29.6421004 ], [ -56.692124, -29.6430105 ], [ -56.6927882, -29.6437926 ], [ -56.6932295, -29.644959399999983 ], [ -56.6938996, -29.645736800000012 ], [ -56.6943087, -29.646836499999985 ], [ -56.6949747, -29.6478951 ], [ -56.695169, -29.6491315 ], [ -56.696246, -29.650207 ], [ -56.6981723, -29.6500406 ], [ -56.6988106, -29.6487506 ], [ -56.7005172, -29.648477 ], [ -56.7010803, -29.6487242 ], [ -56.702334, -29.6499159 ], [ -56.7032382, -29.6505081 ], [ -56.7050697, -29.6511531 ], [ -56.7054758, -29.6501436 ], [ -56.7069099, -29.6499588 ], [ -56.7075421, -29.6496467 ], [ -56.7080364, -29.6491342 ], [ -56.7080986, -29.6486795 ], [ -56.7078749, -29.6480588 ], [ -56.7078406, -29.6471984 ], [ -56.7079368, -29.64678 ], [ -56.7082244, -29.6465046 ], [ -56.7090886, -29.6462486 ], [ -56.7097919, -29.6464309 ], [ -56.710189, -29.647254 ], [ -56.7108662, -29.6475471 ], [ -56.7116246, -29.6474677 ], [ -56.7126083, -29.6467465 ], [ -56.7138175, -29.6467187 ], [ -56.7148932, -29.6470301 ], [ -56.715497, -29.6473655 ], [ -56.7157349, -29.6480108 ], [ -56.7166242, -29.6491664 ], [ -56.7182205, -29.6499453 ], [ -56.7193268, -29.6498256 ], [ -56.7205291, -29.6503966 ], [ -56.7210797, -29.651225 ], [ -56.7210105, -29.6518822 ], [ -56.7212898, -29.6521785 ], [ -56.7229651, -29.6524259 ], [ -56.7235102, -29.6523526 ], [ -56.7242353, -29.6527662 ], [ -56.7251904, -29.6525683 ], [ -56.7257853, -29.6526286 ], [ -56.7296129, -29.6552375 ], [ -56.7300269, -29.6551943 ], [ -56.7307643, -29.6543141 ], [ -56.7315119, -29.6540431 ], [ -56.7349573, -29.6543741 ], [ -56.7383787, -29.6538849 ], [ -56.739277, -29.6534396 ], [ -56.7401897, -29.6541105 ], [ -56.7409758, -29.654281799999989 ], [ -56.7418293, -29.6547304 ], [ -56.7421487, -29.6546584 ], [ -56.7427609, -29.6539857 ], [ -56.7435887, -29.6537046 ], [ -56.7441331, -29.6537275 ], [ -56.745283, -29.654257 ], [ -56.7458163, -29.6548631 ], [ -56.7459033, -29.6555974 ], [ -56.746349, -29.6555967 ], [ -56.7469308, -29.6554417 ], [ -56.7477716, -29.6547038 ], [ -56.7482564, -29.6540343 ], [ -56.7501789, -29.6523468 ], [ -56.7507075, -29.6523102 ], [ -56.7525479, -29.652823299999987 ], [ -56.7539275, -29.6518615 ], [ -56.7541783, -29.651506 ], [ -56.7540758, -29.6509885 ], [ -56.7543005, -29.6499199 ], [ -56.75531, -29.6486989 ], [ -56.755374, -29.6470323 ], [ -56.7556819, -29.6455626 ], [ -56.7561348, -29.6450977 ], [ -56.7565618, -29.6440122 ], [ -56.7577027, -29.6425736 ], [ -56.758815, -29.6416658 ], [ -56.7590608, -29.6409484 ], [ -56.7593462, -29.6406847 ], [ -56.7597833, -29.6406395 ], [ -56.7605294, -29.6408292 ], [ -56.7623004, -29.6403758 ], [ -56.7632747, -29.6404746 ], [ -56.7635449, -29.6393241 ], [ -56.7641771, -29.639069700000015 ], [ -56.7650541, -29.6383725 ], [ -56.7661407, -29.6384966 ], [ -56.7669047, -29.6400553 ], [ -56.7672154, -29.640262 ], [ -56.7685402, -29.6404316 ], [ -56.7694385, -29.641219899999985 ], [ -56.7698885, -29.6418399 ], [ -56.770708, -29.6417171 ], [ -56.7713094, -29.641820299999988 ], [ -56.771779, -29.6428894 ], [ -56.7721325, -29.643079399999987 ], [ -56.7726419, -29.6430527 ], [ -56.7735931, -29.6425937 ], [ -56.7746283, -29.6423332 ], [ -56.7755176, -29.6426197 ], [ -56.7766652, -29.643315499999989 ], [ -56.7783705, -29.6435782 ], [ -56.7790731, -29.6434552 ], [ -56.7806636, -29.6441486 ], [ -56.781839, -29.64317010000001 ], [ -56.7826068, -29.6428699 ], [ -56.7834801, -29.6431555 ], [ -56.7836812, -29.643930600000012 ], [ -56.783959, -29.6439306 ], [ -56.7840404, -29.6431865 ], [ -56.7846157, -29.6423626 ], [ -56.7852002, -29.6424001 ], [ -56.7857647, -29.6420117 ], [ -56.7865956, -29.6420089 ], [ -56.787335, -29.6421973 ], [ -56.7882206, -29.6419424 ], [ -56.7888311, -29.6416086 ], [ -56.7893068, -29.6409274 ], [ -56.7897152, -29.640647500000011 ], [ -56.7906465, -29.6406063 ], [ -56.7917436, -29.6408312 ], [ -56.7929406, -29.6402524 ], [ -56.7933775, -29.6398293 ], [ -56.7949878, -29.6403227 ], [ -56.7954474, -29.639886599999976 ], [ -56.7959357, -29.6399665 ], [ -56.7964884, -29.6398319 ], [ -56.7985752, -29.6401298 ], [ -56.7991055, -29.64065350000001 ], [ -56.7991125, -29.6411381 ], [ -56.7996257, -29.6414123 ], [ -56.8018529, -29.6416316 ], [ -56.8030093, -29.64070280000001 ], [ -56.8043099, -29.640929 ], [ -56.8061793, -29.6416658 ], [ -56.808233, -29.6412351 ], [ -56.80863, -29.6419008 ], [ -56.8085035, -29.642744 ], [ -56.8094956, -29.6440382 ], [ -56.8101773, -29.6444013 ], [ -56.8110575, -29.6445842 ], [ -56.8116692, -29.6449755 ], [ -56.8128004, -29.6451734 ], [ -56.8138187, -29.6459116 ], [ -56.813797, -29.6466087 ], [ -56.8141447, -29.6469356 ], [ -56.8147351, -29.6468693 ], [ -56.815496, -29.6463327 ], [ -56.8160105, -29.6456817 ], [ -56.8171212, -29.6448322 ], [ -56.81774, -29.6445472 ], [ -56.8180238, -29.6445749 ], [ -56.8183076, -29.644828 ], [ -56.8189497, -29.645984 ], [ -56.8194042, -29.6460704 ], [ -56.8203063, -29.6454765 ], [ -56.8206265, -29.644747699999989 ], [ -56.8202512, -29.6438125 ], [ -56.8196206, -29.643264 ], [ -56.8200312, -29.64204320000001 ], [ -56.8200144, -29.6416609 ], [ -56.8193397, -29.6410734 ], [ -56.8187178, -29.6398231 ], [ -56.8187467, -29.6393587 ], [ -56.8191946, -29.6386898 ], [ -56.8193846, -29.6376709 ], [ -56.819062, -29.6373648 ], [ -56.8188202, -29.6364684 ], [ -56.8178901, -29.6360169 ], [ -56.8176251, -29.6357282 ], [ -56.8175812, -29.6354225 ], [ -56.8176586, -29.6351287 ], [ -56.8183327, -29.6343278 ], [ -56.8185083, -29.6335451 ], [ -56.8188794, -29.6331559 ], [ -56.818817, -29.6329194 ], [ -56.8182316, -29.6324616 ], [ -56.8182163, -29.6321448 ], [ -56.8197141, -29.630719 ], [ -56.8205178, -29.629433600000013 ], [ -56.8200703, -29.6283749 ], [ -56.8212496, -29.62801 ], [ -56.8215902, -29.6276466 ], [ -56.8218571, -29.6276083 ], [ -56.8225267, -29.6279345 ], [ -56.8237276, -29.6290857 ], [ -56.8243209, -29.6291572 ], [ -56.825515, -29.6288477 ], [ -56.827406, -29.6279087 ], [ -56.8285676, -29.6277243 ], [ -56.8294052, -29.6268297 ], [ -56.830092, -29.6272165 ], [ -56.8313009, -29.6274218 ], [ -56.8320858, -29.6273403 ], [ -56.8329157, -29.6283198 ], [ -56.8333266, -29.6285933 ], [ -56.8343075, -29.62871710000001 ], [ -56.8353663, -29.6291764 ], [ -56.8372766, -29.6291787 ], [ -56.8381024, -29.6287113 ], [ -56.8390046, -29.6286497 ], [ -56.83984, -29.6273938 ], [ -56.8413615, -29.6269084 ], [ -56.8416669, -29.6265508 ], [ -56.8418319, -29.6257678 ], [ -56.8420391, -29.6256316 ], [ -56.8433918, -29.6253682 ], [ -56.8435828, -29.6254825 ], [ -56.8438172, -29.6260461 ], [ -56.8443463, -29.6263594 ], [ -56.845299, -29.6263132 ], [ -56.8464154, -29.625116 ], [ -56.8459037, -29.623930399999985 ], [ -56.8471046, -29.6239784 ], [ -56.8482248, -29.6245404 ], [ -56.8487796, -29.6255321 ], [ -56.849402, -29.6260853 ], [ -56.8496981, -29.6259928 ], [ -56.8499297, -29.62544 ], [ -56.8507699, -29.6245912 ], [ -56.8518479, -29.6243152 ], [ -56.8524688, -29.6246661 ], [ -56.8530287, -29.6246291 ], [ -56.8542371, -29.6261525 ], [ -56.8545149, -29.6261525 ], [ -56.854564, -29.6258676 ], [ -56.8548016, -29.6256738 ], [ -56.8557126, -29.6255305 ], [ -56.8565143, -29.6251672 ], [ -56.8570564, -29.6255548 ], [ -56.858371, -29.6255673 ], [ -56.8586288, -29.6253626 ], [ -56.8587909, -29.6242947 ], [ -56.8594302, -29.6237669 ], [ -56.8600933, -29.6226829 ], [ -56.8603189, -29.6226818 ], [ -56.8610061, -29.6232926 ], [ -56.8616226, -29.6235799 ], [ -56.8626821, -29.6235843 ], [ -56.8632458, -29.6233301 ], [ -56.8636497, -29.6229244 ], [ -56.8636655, -29.622613 ], [ -56.862643, -29.6213397 ], [ -56.8626443, -29.62076 ], [ -56.8629556, -29.6206203 ], [ -56.864689, -29.6205157 ], [ -56.8652257, -29.6202223 ], [ -56.8657741, -29.6193253 ], [ -56.8669236, -29.6190365 ], [ -56.8670822, -29.6179716 ], [ -56.8673445, -29.617397199999985 ], [ -56.8677245, -29.617076 ], [ -56.868126, -29.6169858 ], [ -56.8681607, -29.6158096 ], [ -56.868767, -29.6143683 ], [ -56.8693753, -29.6140975 ], [ -56.8697927, -29.6133747 ], [ -56.8701973, -29.6132863 ], [ -56.8705672, -29.612946699999988 ], [ -56.8708783, -29.6116113 ], [ -56.8706293, -29.6105436 ], [ -56.8706419, -29.609343499999984 ], [ -56.870836, -29.6086468 ], [ -56.8707046, -29.6079571 ], [ -56.8716463, -29.6068223 ], [ -56.8722328, -29.6056761 ], [ -56.8723254, -29.6049361 ], [ -56.872949, -29.6042997 ], [ -56.8742382, -29.6042554 ], [ -56.8751411, -29.604633 ], [ -56.8758009, -29.6045884 ], [ -56.8768797, -29.6054342 ], [ -56.8771521, -29.6060276 ], [ -56.878491, -29.6059372 ], [ -56.8791092, -29.606260499999987 ], [ -56.879383, -29.606605 ], [ -56.8797086, -29.6066785 ], [ -56.880023, -29.6065925 ], [ -56.8805356, -29.606088 ], [ -56.8810062, -29.604839 ], [ -56.8817088, -29.603998 ], [ -56.8826812, -29.6046445 ], [ -56.8832403, -29.6043064 ], [ -56.8837286, -29.6042318 ], [ -56.8847433, -29.604455 ], [ -56.8856517, -29.6042949 ], [ -56.886126, -29.6046927 ], [ -56.8866178, -29.6047435 ], [ -56.8869583, -29.6046406 ], [ -56.8876828, -29.6040217 ], [ -56.8885081, -29.6037348 ], [ -56.8900466, -29.6036123 ], [ -56.8909732, -29.6032149 ], [ -56.8917728, -29.603160299999985 ], [ -56.8938856, -29.6038681 ], [ -56.8949558, -29.6040219 ], [ -56.8962959, -29.6052135 ], [ -56.8986995, -29.6045176 ], [ -56.9000706, -29.6044857 ] ] ] } },
{ "type": "Feature", "properties": { "wts_pk": 137991, "codigo_otto": "8259", "nivel_otto_declarado": 4, "area_m2_bho": 354.80131575430249, "nivel_otto": 4 }, "geometry": { "type": "Polygon", "coordinates": [ [ [ -56.6792746, -29.592987099999988 ], [ -56.6798536, -29.5930715 ], [ -56.6805062, -29.5929347 ], [ -56.6815657, -29.5935759 ], [ -56.6825443, -29.5936318 ], [ -56.683335, -29.5931835 ], [ -56.6839582, -29.593097599999986 ], [ -56.6840083, -29.5921194 ], [ -56.6846259, -29.5915043 ], [ -56.6852301, -29.5915172 ], [ -56.6860626, -29.5921537 ], [ -56.6868557, -29.5915342 ], [ -56.6876469, -29.5913721 ], [ -56.68801, -29.5911361 ], [ -56.6894129, -29.5894045 ], [ -56.6895966, -29.5888037 ], [ -56.689995, -29.5882352 ], [ -56.6895102, -29.5869512 ], [ -56.6895447, -29.5861024 ], [ -56.6898816, -29.5851128 ], [ -56.6903671, -29.5847901 ], [ -56.6921267, -29.5846041 ], [ -56.6924277, -29.5849115 ], [ -56.6926957, -29.5848944 ], [ -56.6928434, -29.5846209 ], [ -56.6928471, -29.5839309 ], [ -56.6933254, -29.5836577 ], [ -56.6937774, -29.5823332 ], [ -56.6946082, -29.5817873 ], [ -56.6950199, -29.581838 ], [ -56.6954781, -29.582444 ], [ -56.6960142, -29.5827486 ], [ -56.6966554, -29.5826746 ], [ -56.6972372, -29.5815069 ], [ -56.6967764, -29.580638 ], [ -56.6967901, -29.5799168 ], [ -56.6974345, -29.5785939 ], [ -56.6974348, -29.5782295 ], [ -56.6982833, -29.578003 ], [ -56.6985703, -29.5777441 ], [ -56.6985246, -29.5770356 ], [ -56.698877, -29.576497 ], [ -56.7001807, -29.5759513 ], [ -56.7006774, -29.5758901 ], [ -56.7017388, -29.576378 ], [ -56.7026624, -29.5762014 ], [ -56.7033681, -29.5763497 ], [ -56.7040654, -29.5762353 ], [ -56.7049952, -29.5769342 ], [ -56.7059832, -29.576946099999986 ], [ -56.7069429, -29.576563 ], [ -56.707271, -29.5759227 ], [ -56.7072916, -29.5750419 ], [ -56.7085017, -29.5742758 ], [ -56.7088465, -29.574291099999986 ], [ -56.7090744, -29.5746592 ], [ -56.709404, -29.5748449 ], [ -56.7098135, -29.5756018 ], [ -56.7099636, -29.5753098 ], [ -56.7098594, -29.5746193 ], [ -56.7107196, -29.5735085 ], [ -56.7116298, -29.5741715 ], [ -56.7121809, -29.5744239 ], [ -56.7124483, -29.5743857 ], [ -56.7127955, -29.5738021 ], [ -56.7131249, -29.5725419 ], [ -56.7143191, -29.5725986 ], [ -56.7154451, -29.5732806 ], [ -56.716068, -29.5732147 ], [ -56.7169363, -29.573542 ], [ -56.7176875, -29.5733079 ], [ -56.7182219, -29.5717793 ], [ -56.7190299, -29.5709855 ], [ -56.7196824, -29.5712216 ], [ -56.7205384, -29.5719345 ], [ -56.7212193, -29.571942 ], [ -56.7217361, -29.5717085 ], [ -56.7218117, -29.5710658 ], [ -56.722189, -29.5704301 ], [ -56.7215558, -29.569688 ], [ -56.7215162, -29.5693489 ], [ -56.7222916, -29.5683752 ], [ -56.7233245, -29.5679351 ], [ -56.7234712, -29.566953899999987 ], [ -56.7238745, -29.5665415 ], [ -56.7239329, -29.5662501 ], [ -56.7234452, -29.565366 ], [ -56.723422, -29.5642476 ], [ -56.7242924, -29.5624013 ], [ -56.7254844, -29.5609105 ], [ -56.726881, -29.5597322 ], [ -56.7270786, -29.5585257 ], [ -56.7273597, -29.5581513 ], [ -56.7288038, -29.557084 ], [ -56.7295952, -29.5569285 ], [ -56.7299694, -29.5566293 ], [ -56.7301759, -29.5556818 ], [ -56.7310841, -29.5546876 ], [ -56.7318398, -29.5529877 ], [ -56.732463, -29.5527241 ], [ -56.7327417, -29.5524326 ], [ -56.7320814, -29.5515584 ], [ -56.7320052, -29.550890399999986 ], [ -56.7320431, -29.5492636 ], [ -56.7324718, -29.5487525 ], [ -56.7326706, -29.5478998 ], [ -56.7334456, -29.5471128 ], [ -56.7343775, -29.5466004 ], [ -56.7346596, -29.5459173 ], [ -56.7354755, -29.545478899999988 ], [ -56.7359286, -29.5445993 ], [ -56.7371129, -29.5434915 ], [ -56.7378472, -29.5433751 ], [ -56.7379483, -29.5438291 ], [ -56.7384434, -29.544366 ], [ -56.7396311, -29.5447479 ], [ -56.7401478, -29.5447137 ], [ -56.7411009, -29.5442669 ], [ -56.7422155, -29.5439781 ], [ -56.743024, -29.5440026 ], [ -56.7435905, -29.5442783 ], [ -56.743899, -29.5446384 ], [ -56.7438546, -29.5457849 ], [ -56.7450136, -29.546009599999987 ], [ -56.7458098, -29.5469036 ], [ -56.7463527, -29.546853 ], [ -56.7467361, -29.5469862 ], [ -56.7468602, -29.5461865 ], [ -56.7476845, -29.5453963 ], [ -56.7482873, -29.545407 ], [ -56.7490383, -29.5460372 ], [ -56.7493841, -29.5458591 ], [ -56.7498929, -29.5448413 ], [ -56.750625, -29.544486199999987 ], [ -56.7511214, -29.5437875 ], [ -56.7510737, -29.5434476 ], [ -56.750479, -29.5426722 ], [ -56.7518003, -29.541817499999986 ], [ -56.7526354, -29.5420537 ], [ -56.753036, -29.5424393 ], [ -56.7537937, -29.542342 ], [ -56.7543289, -29.5425926 ], [ -56.7552089, -29.5434118 ], [ -56.7557448, -29.5441987 ], [ -56.7566612, -29.5446521 ], [ -56.7581988, -29.5428768 ], [ -56.7596751, -29.5419287 ], [ -56.7596217, -29.5416934 ], [ -56.7588152, -29.5410517 ], [ -56.7586948, -29.5407395 ], [ -56.7586588, -29.5393441 ], [ -56.7584547, -29.5385748 ], [ -56.7589584, -29.5378195 ], [ -56.7599028, -29.5385696 ], [ -56.7615219, -29.5389239 ], [ -56.7619006, -29.538850099999987 ], [ -56.7621533, -29.5386238 ], [ -56.762358, -29.5379636 ], [ -56.7626169, -29.5376659 ], [ -56.763577, -29.5375357 ], [ -56.7665466, -29.538148 ], [ -56.7671726, -29.538473 ], [ -56.7675205, -29.5393514 ], [ -56.7675308, -29.5398235 ], [ -56.7665898, -29.5410195 ], [ -56.7674876, -29.541487 ], [ -56.768274, -29.5427199 ], [ -56.7692764, -29.5428259 ], [ -56.7707388, -29.5435396 ], [ -56.7719859, -29.5434103 ], [ -56.7743211, -29.5439878 ], [ -56.7746929, -29.5442944 ], [ -56.7749411, -29.5450225 ], [ -56.7753712, -29.5452586 ], [ -56.7755658, -29.5450876 ], [ -56.7757622, -29.5442515 ], [ -56.7769181, -29.5431953 ], [ -56.7771595, -29.5423727 ], [ -56.7777178, -29.5422839 ], [ -56.7788429, -29.5425179 ], [ -56.7800255, -29.542139 ], [ -56.7802824, -29.5418345 ], [ -56.7804873, -29.5409125 ], [ -56.7816623, -29.5402608 ], [ -56.7823815, -29.5390941 ], [ -56.7832602, -29.5386127 ], [ -56.7835051, -29.5378978 ], [ -56.7840715, -29.5373397 ], [ -56.7849492, -29.5370901 ], [ -56.7861904, -29.5379602 ], [ -56.7869061, -29.5379992 ], [ -56.7875746, -29.5376415 ], [ -56.7880366, -29.5368016 ], [ -56.7882953, -29.5368111 ], [ -56.7889283, -29.5371992 ], [ -56.7896114, -29.5369448 ], [ -56.7900729, -29.5347823 ], [ -56.7895467, -29.5341021 ], [ -56.7895578, -29.5337559 ], [ -56.7902515, -29.5333946 ], [ -56.7911808, -29.5333749 ], [ -56.7913306, -29.5335053 ], [ -56.7916631, -29.5333178 ], [ -56.7930185, -29.531909399999989 ], [ -56.7928716, -29.5310496 ], [ -56.7929879, -29.5307125 ], [ -56.79411, -29.5304992 ], [ -56.7957421, -29.5293009 ], [ -56.7970835, -29.5291446 ], [ -56.7977003, -29.5287557 ], [ -56.7985702, -29.5285623 ], [ -56.7988968, -29.5282188 ], [ -56.7990889, -29.527108 ], [ -56.8002691, -29.5277716 ], [ -56.8013463, -29.5277423 ], [ -56.8019181, -29.5271893 ], [ -56.8021226, -29.5265121 ], [ -56.8029106, -29.525442399999985 ], [ -56.8032542, -29.5261085 ], [ -56.8035589, -29.526323 ], [ -56.8057206, -29.5258212 ], [ -56.806856, -29.5251534 ], [ -56.8078079, -29.5258028 ], [ -56.8085611, -29.5254389 ], [ -56.8094455, -29.5255914 ], [ -56.8118216, -29.5255468 ], [ -56.8137868, -29.5242904 ], [ -56.815203, -29.5239453 ], [ -56.8160769, -29.5240075 ], [ -56.81741, -29.5246912 ], [ -56.817822, -29.5243885 ], [ -56.8184754, -29.5234279 ], [ -56.8193304, -29.5229034 ], [ -56.8196944, -29.5229065 ], [ -56.8207978, -29.523579 ], [ -56.8216446, -29.5233147 ], [ -56.8222144, -29.5229461 ], [ -56.8228891, -29.5218268 ], [ -56.8234929, -29.5215227 ], [ -56.8246011, -29.5216429 ], [ -56.8264193, -29.5209376 ], [ -56.8276987, -29.5214098 ], [ -56.8291878, -29.5211821 ], [ -56.8299605, -29.5213209 ], [ -56.831265, -29.5208113 ], [ -56.8315564, -29.5202062 ], [ -56.831774, -29.5200809 ], [ -56.8325912, -29.5200509 ], [ -56.8335807, -29.5202189 ], [ -56.8343517, -29.5195815 ], [ -56.8355527, -29.5190079 ], [ -56.8361809, -29.5189303 ], [ -56.8362343, -29.5176829 ], [ -56.837121, -29.5167926 ], [ -56.8380462, -29.5164875 ], [ -56.839029, -29.5163646 ], [ -56.8397216, -29.5159331 ], [ -56.8407917, -29.5156662 ], [ -56.8410771, -29.5156952 ], [ -56.842306, -29.5164003 ], [ -56.842833, -29.5164037 ], [ -56.8439423, -29.5161192 ], [ -56.844187, -29.515916799999989 ], [ -56.8443382, -29.5148443 ], [ -56.8450699, -29.514208 ], [ -56.8473286, -29.514219099999984 ], [ -56.8481591, -29.5144445 ], [ -56.849596, -29.514538499999983 ], [ -56.85025, -29.5148409 ], [ -56.8513812, -29.5158178 ], [ -56.8525372, -29.5159185 ], [ -56.8532582, -29.5161345 ], [ -56.8541824, -29.5160951 ], [ -56.8545095, -29.5159313 ], [ -56.8551288, -29.5143472 ], [ -56.8558114, -29.5137649 ], [ -56.8565248, -29.5123158 ], [ -56.8571252, -29.5117958 ], [ -56.8588755, -29.5112623 ], [ -56.8589911, -29.5086039 ], [ -56.8595172, -29.5078009 ], [ -56.858589092353832, -29.506234221826958 ], [ -56.844, -29.4992 ], [ -56.8308, -29.4944 ], [ -56.8221, -29.49 ], [ -56.8139, -29.4811 ], [ -56.8082, -29.4731 ], [ -56.8054, -29.4663 ], [ -56.804, -29.4597 ], [ -56.8014, -29.4549 ], [ -56.797, -29.4491 ], [ -56.7855, -29.4418 ], [ -56.7795, -29.4374 ], [ -56.7779, -29.4324 ], [ -56.7778, -29.429 ], [ -56.7795, -29.424 ], [ -56.78, -29.42 ], [ -56.777456242609269, -29.419485908658487 ], [ -56.7761801, -29.419486 ], [ -56.7753265, -29.4207744 ], [ -56.7745524, -29.421374 ], [ -56.7737759, -29.4210852 ], [ -56.7727332, -29.4204071 ], [ -56.7724735, -29.4204 ], [ -56.7720564, -29.4216594 ], [ -56.7719516, -29.4226708 ], [ -56.7710863, -29.4243312 ], [ -56.7708707, -29.424456 ], [ -56.7699028, -29.4244171 ], [ -56.7693605, -29.4241107 ], [ -56.768842, -29.42344 ], [ -56.768338, -29.4232038 ], [ -56.7681855, -29.4232727 ], [ -56.7680985, -29.4249933 ], [ -56.7677883, -29.426283 ], [ -56.7674876, -29.4271066 ], [ -56.7665736, -29.427688299999989 ], [ -56.7659248, -29.4303594 ], [ -56.765925, -29.4313933 ], [ -56.7663491, -29.4326479 ], [ -56.7661933, -29.4333238 ], [ -56.766133, -29.4361991 ], [ -56.7657762, -29.436415299999986 ], [ -56.7646246, -29.4362641 ], [ -56.7641225, -29.43646690000001 ], [ -56.7627017, -29.437982 ], [ -56.7619312, -29.4381542 ], [ -56.7615893, -29.4384056 ], [ -56.7611164, -29.4412808 ], [ -56.7601482, -29.4421419 ], [ -56.75931, -29.443793 ], [ -56.7597662, -29.4450857 ], [ -56.7598499, -29.4476714 ], [ -56.7601676, -29.4480205 ], [ -56.761341, -29.4486934 ], [ -56.7613923, -29.4493255 ], [ -56.7607182, -29.4497115 ], [ -56.7585136, -29.4501297 ], [ -56.7569184, -29.4519107 ], [ -56.7562213, -29.4522192 ], [ -56.7553468, -29.4522638 ], [ -56.7550881, -29.4526651 ], [ -56.7550607, -29.4530713 ], [ -56.7550937, -29.4535257 ], [ -56.7553311, -29.4538211 ], [ -56.7553468, -29.4544861 ], [ -56.7543369, -29.4549566 ], [ -56.7537195, -29.4548301 ], [ -56.7534889, -29.4549327 ], [ -56.7532912, -29.4555025 ], [ -56.7526067, -29.456389 ], [ -56.7524032, -29.4573729 ], [ -56.7525092, -29.4584996 ], [ -56.7515976, -29.4596645 ], [ -56.7511166, -29.4596965 ], [ -56.7507592, -29.4593287 ], [ -56.7497638, -29.4587955 ], [ -56.7495476, -29.4588803 ], [ -56.7492271, -29.4603013 ], [ -56.7492594, -29.4611005 ], [ -56.7494996, -29.4618481 ], [ -56.7495108, -29.463143 ], [ -56.7489962, -29.4644464 ], [ -56.7491151, -29.4654888 ], [ -56.7489709, -29.4662928 ], [ -56.7497283, -29.4676921 ], [ -56.7501314, -29.4696135 ], [ -56.7506198, -29.4703762 ], [ -56.749372, -29.4707053 ], [ -56.7490955, -29.4713929 ], [ -56.7477267, -29.4727307 ], [ -56.7471308, -29.4727902 ], [ -56.7463671, -29.4726409 ], [ -56.7458016, -29.4735482 ], [ -56.7449615, -29.4734577 ], [ -56.743886, -29.4737128 ], [ -56.7431962, -29.4741419 ], [ -56.7424, -29.4742943 ], [ -56.7413127, -29.474869 ], [ -56.7409978, -29.4755999 ], [ -56.7396794, -29.4766233 ], [ -56.7387812, -29.4765714 ], [ -56.7384024, -29.476708399999989 ], [ -56.7385598, -29.4788799 ], [ -56.7377947, -29.4810189 ], [ -56.7369176, -29.4819147 ], [ -56.7359643, -29.4822492 ], [ -56.7348341, -29.4820001 ], [ -56.733316, -29.4820359 ], [ -56.7324014, -29.4823509 ], [ -56.7313417, -29.4832894 ], [ -56.7303202, -29.483361399999989 ], [ -56.7294774, -29.4831697 ], [ -56.7288048, -29.4837464 ], [ -56.7286059, -29.4851685 ], [ -56.7282625, -29.4856593 ], [ -56.7282817, -29.4860387 ], [ -56.7278684, -29.4867498 ], [ -56.7278916, -29.4875872 ], [ -56.7283009, -29.4882231 ], [ -56.7280988, -29.4887222 ], [ -56.7275, -29.4889268 ], [ -56.7264274, -29.4886877 ], [ -56.7258382, -29.4887188 ], [ -56.7256895, -29.488929 ], [ -56.7257773, -29.4895944 ], [ -56.7251967, -29.4899446 ], [ -56.7257257, -29.4921834 ], [ -56.7267121, -29.4929335 ], [ -56.727512, -29.4941387 ], [ -56.7273687, -29.4944207 ], [ -56.7260023, -29.4951174 ], [ -56.7253469, -29.497264 ], [ -56.7247186, -29.4974193 ], [ -56.7239553, -29.4973029 ], [ -56.723035, -29.4975913 ], [ -56.7219132, -29.4985733 ], [ -56.7209244, -29.4989337 ], [ -56.720862, -29.4979484 ], [ -56.7203257, -29.4975573 ], [ -56.7189972, -29.4975774 ], [ -56.7182797, -29.4982891 ], [ -56.7175368, -29.4983747 ], [ -56.7166279, -29.4980566 ], [ -56.71599, -29.4975987 ], [ -56.7150442, -29.497298 ], [ -56.7132109, -29.4970284 ], [ -56.7124003, -29.4974301 ], [ -56.7113882, -29.4972035 ], [ -56.7106054, -29.4967474 ], [ -56.7094179, -29.4969336 ], [ -56.7086422, -29.4967779 ], [ -56.7074433, -29.4973817 ], [ -56.7070647, -29.4980175 ], [ -56.7059525, -29.4982297 ], [ -56.7044973, -29.4997667 ], [ -56.7035764, -29.4990129 ], [ -56.7026044, -29.4985319 ], [ -56.7021076, -29.4980199 ], [ -56.70177, -29.4964516 ], [ -56.7019182, -29.4962127 ], [ -56.7027177, -29.495773 ], [ -56.7027941, -29.49545740000001 ], [ -56.7024276, -29.4948273 ], [ -56.701337, -29.4940178 ], [ -56.7005572, -29.4938409 ], [ -56.7001706, -29.4934958 ], [ -56.699396, -29.4941218 ], [ -56.6987941, -29.494129 ], [ -56.6982187, -29.4935834 ], [ -56.6977193, -29.4926297 ], [ -56.6971349, -29.4923364 ], [ -56.6968694, -29.492381 ], [ -56.6964853, -29.4927281 ], [ -56.6957944, -29.4926255 ], [ -56.6942733, -29.4930334 ], [ -56.6929309, -29.4923207 ], [ -56.6908181, -29.4922097 ], [ -56.690435, -29.4919163 ], [ -56.6896544, -29.4908347 ], [ -56.689446, -29.4901803 ], [ -56.6891846, -29.4898922 ], [ -56.688778, -29.4897979 ], [ -56.6882487, -29.489912399999984 ], [ -56.6877323, -29.4896079 ], [ -56.6862131, -29.4897291 ], [ -56.6854108, -29.489277899999987 ], [ -56.6841738, -29.4891391 ], [ -56.6835474, -29.4882025 ], [ -56.6829416, -29.4877444 ], [ -56.6825564, -29.4869866 ], [ -56.6813137, -29.4873702 ], [ -56.6806441, -29.488698 ], [ -56.6806476, -29.491943099999986 ], [ -56.6813479, -29.4929316 ], [ -56.6807618, -29.493479 ], [ -56.6806393, -29.493784 ], [ -56.6806445, -29.4944377 ], [ -56.6808985, -29.4952847 ], [ -56.6808529, -29.4964617 ], [ -56.6804439, -29.4968775 ], [ -56.6800133, -29.4979609 ], [ -56.6795133, -29.4986531 ], [ -56.6782104, -29.4991002 ], [ -56.6780113, -29.4999534 ], [ -56.6773201, -29.5006465 ], [ -56.6774389, -29.5019311 ], [ -56.6769256, -29.5027465 ], [ -56.6763613, -29.5033014 ], [ -56.6757044, -29.5036072 ], [ -56.6746757, -29.5038291 ], [ -56.6738591, -29.502897 ], [ -56.6731169, -29.5025696 ], [ -56.6710671, -29.5028818 ], [ -56.6701033, -29.5032655 ], [ -56.669191, -29.5028698 ], [ -56.6685318, -29.5031892 ], [ -56.6680439, -29.504054 ], [ -56.6678252, -29.5041714 ], [ -56.6664177, -29.5041977 ], [ -56.6651805, -29.5039616 ], [ -56.6642025, -29.5044153 ], [ -56.6635384, -29.503830199999985 ], [ -56.6630748, -29.5029416 ], [ -56.6621076, -29.5028078 ], [ -56.661509, -29.5029461 ], [ -56.660737, -29.5038493 ], [ -56.6604791, -29.5038094 ], [ -56.6601354, -29.5034577 ], [ -56.6597911, -29.5034263 ], [ -56.6589198, -29.504136 ], [ -56.6582002, -29.5037221 ], [ -56.6566913, -29.503432 ], [ -56.6560551, -29.5036945 ], [ -56.655656, -29.5041033 ], [ -56.6556601, -29.504503199999988 ], [ -56.6559948, -29.5052504 ], [ -56.6569874, -29.5060078 ], [ -56.6571597, -29.5062935 ], [ -56.6562306, -29.506646 ], [ -56.6549971, -29.5098956 ], [ -56.6544403, -29.5109581 ], [ -56.6540312, -29.511070900000011 ], [ -56.6535886, -29.5121887 ], [ -56.6532938, -29.5124549 ], [ -56.6526242, -29.5126783 ], [ -56.6517307, -29.5133558 ], [ -56.6525075, -29.5137017 ], [ -56.6531243, -29.5144865 ], [ -56.6534921, -29.5143367 ], [ -56.6553212, -29.5145194 ], [ -56.6580404, -29.5155467 ], [ -56.659791, -29.51559760000001 ], [ -56.6604808, -29.5159816 ], [ -56.6607623, -29.5166728 ], [ -56.6621697, -29.5176382 ], [ -56.6624892, -29.5181911 ], [ -56.6625688, -29.5189309 ], [ -56.6622728, -29.5189921 ], [ -56.6620821, -29.519230699999984 ], [ -56.6613759, -29.5220984 ], [ -56.6607285, -29.5223941 ], [ -56.6603423, -29.5228005 ], [ -56.6603672, -29.5238039 ], [ -56.6605685, -29.5244844 ], [ -56.6603613, -29.5251844 ], [ -56.6603809, -29.526473899999985 ], [ -56.6606925, -29.5273961 ], [ -56.6613627, -29.5281793 ], [ -56.6614545, -29.5286018 ], [ -56.6611215, -29.530633799999986 ], [ -56.6606797, -29.531110300000012 ], [ -56.6603977, -29.53206 ], [ -56.6607566, -29.5330624 ], [ -56.6616881, -29.5335061 ], [ -56.6622372, -29.534077899999982 ], [ -56.6622552, -29.535366800000013 ], [ -56.6615498, -29.5362393 ], [ -56.6614931, -29.5367674 ], [ -56.6618052, -29.5372046 ], [ -56.6624657, -29.5376981 ], [ -56.6623717, -29.5385136 ], [ -56.663059, -29.5399164 ], [ -56.6637678, -29.5424725 ], [ -56.6640821, -29.542999199999986 ], [ -56.6646906, -29.5432247 ], [ -56.6650708, -29.54367 ], [ -56.6643572, -29.5450965 ], [ -56.6646607, -29.5458159 ], [ -56.6640716, -29.5465147 ], [ -56.6638547, -29.5471813 ], [ -56.6619627, -29.548811 ], [ -56.661203, -29.5488963 ], [ -56.6604256, -29.5484375 ], [ -56.6598959, -29.5484516 ], [ -56.6593647, -29.5487464 ], [ -56.6588988, -29.549345599999988 ], [ -56.6581215, -29.5496692 ], [ -56.6571567, -29.55112 ], [ -56.6560137, -29.551943699999988 ], [ -56.6545943, -29.552488300000011 ], [ -56.653286, -29.5523398 ], [ -56.652408, -29.552627 ], [ -56.6518153, -29.5530395 ], [ -56.650429, -29.5531988 ], [ -56.6501539, -29.553507 ], [ -56.6500024, -29.5546125 ], [ -56.6495912, -29.5551963 ], [ -56.6493805, -29.5558436 ], [ -56.6477047, -29.5570942 ], [ -56.6474785, -29.5576557 ], [ -56.6468754, -29.5582662 ], [ -56.6457477, -29.558751 ], [ -56.6451644, -29.5595648 ], [ -56.6448912, -29.561276 ], [ -56.64525, -29.5616473 ], [ -56.6461005, -29.5615622 ], [ -56.6479746, -29.5626218 ], [ -56.6476903, -29.5635954 ], [ -56.6481245, -29.5642088 ], [ -56.6489196, -29.5648461 ], [ -56.6489579, -29.5661532 ], [ -56.6497139, -29.5663207 ], [ -56.6516146, -29.5654264 ], [ -56.6524934, -29.5660884 ], [ -56.653756, -29.5662109 ], [ -56.6552678, -29.5669144 ], [ -56.6559024, -29.5669865 ], [ -56.6562781, -29.5677422 ], [ -56.6569189, -29.5682735 ], [ -56.6571621, -29.5690911 ], [ -56.6579992, -29.5693084 ], [ -56.6588113, -29.5699422 ], [ -56.6593826, -29.5701563 ], [ -56.6594953, -29.5703707 ], [ -56.6594372, -29.5710754 ], [ -56.6591078, -29.5716061 ], [ -56.6584987, -29.5720722 ], [ -56.6584223, -29.5724422 ], [ -56.65883, -29.5732136 ], [ -56.6587909, -29.5738543 ], [ -56.6596548, -29.5747899 ], [ -56.6596775, -29.5749881 ], [ -56.6593262, -29.5752584 ], [ -56.6581785, -29.5754525 ], [ -56.6567983, -29.5767115 ], [ -56.6569716, -29.5773581 ], [ -56.656744, -29.5782397 ], [ -56.6568244, -29.5788546 ], [ -56.657338, -29.5793575 ], [ -56.6582989, -29.5797841 ], [ -56.6585739, -29.5802658 ], [ -56.6583376, -29.580716600000013 ], [ -56.6571126, -29.5820648 ], [ -56.656947, -29.5837773 ], [ -56.6562193, -29.5847036 ], [ -56.6564391, -29.5857983 ], [ -56.656443, -29.5871895 ], [ -56.6556924, -29.5885271 ], [ -56.6555234, -29.5899619 ], [ -56.6546626, -29.5913291 ], [ -56.6537676, -29.5918706 ], [ -56.6533027, -29.5930263 ], [ -56.6528805, -29.5933266 ], [ -56.6524882, -29.5933952 ], [ -56.6520903, -29.5937697 ], [ -56.6509613, -29.596307499999984 ], [ -56.6510561, -29.5974307 ], [ -56.6507368, -29.5979889 ], [ -56.6509748, -29.599051 ], [ -56.6513554, -29.5995669 ], [ -56.6513958, -29.5999093 ], [ -56.6510982, -29.6007102 ], [ -56.6504366, -29.6010416 ], [ -56.6500617, -29.6017306 ], [ -56.6508675, -29.6021069 ], [ -56.6513621, -29.6026186 ], [ -56.6515583, -29.6032986 ], [ -56.652226, -29.6044208 ], [ -56.6518709, -29.6051933 ], [ -56.6530689, -29.6062887 ], [ -56.653901, -29.6082941 ], [ -56.6539581, -29.608931 ], [ -56.6543668, -29.6092707 ], [ -56.6545749, -29.6098592 ], [ -56.6552435, -29.609865799999987 ], [ -56.6558567, -29.6104494 ], [ -56.656091, -29.6110399 ], [ -56.6559026, -29.6119866 ], [ -56.6566558, -29.611486 ], [ -56.6578228, -29.6113949 ], [ -56.6593754, -29.611043 ], [ -56.6597789, -29.6096276 ], [ -56.6595297, -29.6085985 ], [ -56.6595636, -29.608066599999983 ], [ -56.6597255, -29.6078957 ], [ -56.6604619, -29.6076927 ], [ -56.6607238, -29.6070642 ], [ -56.6610979, -29.6067597 ], [ -56.6634702, -29.606772 ], [ -56.6640435, -29.6082152 ], [ -56.6642638, -29.6083478 ], [ -56.6661337, -29.6083637 ], [ -56.6672516, -29.6081251 ], [ -56.6680211, -29.6082667 ], [ -56.6683029, -29.6080865 ], [ -56.6685705, -29.6077191 ], [ -56.6684413, -29.6070103 ], [ -56.6688105, -29.6056995 ], [ -56.6698656, -29.6048932 ], [ -56.6705787, -29.6050254 ], [ -56.6710365, -29.6049345 ], [ -56.6712699, -29.603271399999983 ], [ -56.6719526, -29.602956699999986 ], [ -56.6739582, -29.601431 ], [ -56.6742996, -29.6004629 ], [ -56.674973, -29.599687899999989 ], [ -56.6755337, -29.598579299999983 ], [ -56.6758717, -29.597583 ], [ -56.6758728, -29.5969419 ], [ -56.6755317, -29.5962282 ], [ -56.6748481, -29.595445 ], [ -56.6746591, -29.5945632 ], [ -56.6752529, -29.5942647 ], [ -56.6760567, -29.5941136 ], [ -56.6774066, -29.593188799999989 ], [ -56.6780162, -29.5929641 ], [ -56.6783594, -29.5925466 ], [ -56.6792746, -29.592987099999988 ] ] ] } },
{ "type": "Feature", "properties": { "wts_pk": 138001, "codigo_otto": "8271", "nivel_otto_declarado": 4, "area_m2_bho": 21015.122918965753, "nivel_otto": 4 }, "geometry": { "type": "MultiPolygon", "coordinates": [ [ [ [ -56.7695668, -29.4178218 ], [ -56.7697194, -29.4180347 ], [ -56.7707097, -29.4182908 ], [ -56.771083943092691, -29.418197836193212 ], [ -56.7695668, -29.4178218 ] ] ], [ [ [ -56.775917707000652, -29.419174945770006 ], [ -56.7761622, -29.4194901 ], [ -56.777456242609269, -29.419485908658487 ], [ -56.775917707000652, -29.419174945770006 ] ] ] ] } }
]
}
