{
"type": "FeatureCollection",
"name": "nivel3",
"crs": { "type": "name", "properties": { "name": "urn:ogc:def:crs:OGC:1.3:CRS84" } },
"features": [
{ "type": "Feature", "properties": { "wts_pk": 138604, "codigo_otto": "824", "nivel_otto_declarado": 3, "area_m2_bho": 14631.984675053258, "nivel_otto": 3 }, "geometry": { "type": "MultiPolygon", "coordinates": [ [ [ [ -57.217564709568222, -30.024120847850973 ], [ -57.2171801, -30.0231881 ], [ -57.215749184044263, -30.022558627073998 ], [ -57.217564709568222, -30.024120847850973 ] ] ], [ [ [ -57.2148652, -30.0221536 ], [ -57.2135034, -30.0213539 ], [ -57.2129455, -30.02080010000001 ], [ -57.2128077, -30.0188882 ], [ -57.2123093, -30.0179661 ], [ -57.2124605, -30.0164718 ], [ -57.2121675, -30.0159818 ], [ -57.2110752, -30.0155525 ], [ -57.2107706, -30.0152806 ], [ -57.2104917, -30.0143163 ], [ -57.2095182, -30.0139542 ], [ -57.2075744, -30.0139294 ], [ -57.2075192, -30.0149016 ], [ -57.2069536, -30.0155578 ], [ -57.2065757, -30.0157804 ], [ -57.2058176, -30.0155612 ], [ -57.205403, -30.015187 ], [ -57.2053551, -30.0139117 ], [ -57.2049009, -30.013280399999989 ], [ -57.204716, -30.0124265 ], [ -57.204433, -30.0123547 ], [ -57.2038652, -30.0127744 ], [ -57.2035237, -30.0127334 ], [ -57.2031993, -30.0124987 ], [ -57.2026666, -30.0119106 ], [ -57.2024063, -30.0110991 ], [ -57.2025743, -30.0103183 ], [ -57.201848, -30.009964 ], [ -57.2013348, -30.0093083 ], [ -57.1998674, -30.0083149 ], [ -57.1996327, -30.0079847 ], [ -57.1996638, -30.0075935 ], [ -57.1991413, -30.0070508 ], [ -57.1984864, -30.0068217 ], [ -57.1978056, -30.0076841 ], [ -57.1967262, -30.0080691 ], [ -57.1951836, -30.0080888 ], [ -57.1946785, -30.0078362 ], [ -57.1945125, -30.0074219 ], [ -57.1945346, -30.006562 ], [ -57.1950104, -30.0057963 ], [ -57.1944269, -30.0048396 ], [ -57.1932576, -30.0041064 ], [ -57.1927546, -30.0031731 ], [ -57.1917409, -30.0022628 ], [ -57.1909076, -30.0022628 ], [ -57.1908359, -30.0025425 ], [ -57.1901508, -30.0022103 ], [ -57.1893418, -30.0013497 ], [ -57.1888671, -30.0001163 ], [ -57.1879871, -29.9989661 ], [ -57.1873257, -29.9984328 ], [ -57.1871262, -29.9978708 ], [ -57.1873866, -29.9973422 ], [ -57.18808, -29.9967037 ], [ -57.187652, -29.9958967 ], [ -57.1865868, -29.9956905 ], [ -57.1848331, -29.9960964 ], [ -57.1838186, -29.9959143 ], [ -57.1833944, -29.9961534 ], [ -57.1825101, -29.9958908 ], [ -57.1812509, -29.996318 ], [ -57.1806931, -29.9954527 ], [ -57.1804965, -29.9942396 ], [ -57.1802432, -29.9940154 ], [ -57.1790662, -29.9935693 ], [ -57.1783225, -29.9926911 ], [ -57.1780161, -29.9925549 ], [ -57.1773308, -29.9926423 ], [ -57.1767811, -29.9929967 ], [ -57.1764525, -29.993495 ], [ -57.1760852, -29.993633599999988 ], [ -57.1751183, -29.9932516 ], [ -57.1745753, -29.9923348 ], [ -57.1730557, -29.9921976 ], [ -57.1721841, -29.99181930000001 ], [ -57.1708592, -29.9919801 ], [ -57.1694214, -29.9917594 ], [ -57.1681296, -29.9925406 ], [ -57.1680222, -29.9921301 ], [ -57.167591, -29.9917299 ], [ -57.167587, -29.990644199999984 ], [ -57.1678215, -29.9900052 ], [ -57.1672893, -29.9895009 ], [ -57.1672847, -29.9873942 ], [ -57.1669518, -29.9860276 ], [ -57.1660588, -29.9845848 ], [ -57.1651508, -29.9840452 ], [ -57.165074, -29.9830962 ], [ -57.1641334, -29.982922399999985 ], [ -57.1634126, -29.9830516 ], [ -57.1628465, -29.9828527 ], [ -57.1620414, -29.9828113 ], [ -57.1603517, -29.9830962 ], [ -57.1603046, -29.982237 ], [ -57.159585, -29.9815621 ], [ -57.1591407, -29.9798418 ], [ -57.1583374, -29.9789847 ], [ -57.1575895, -29.9783717 ], [ -57.1572366, -29.979091899999986 ], [ -57.1570522, -29.979185899999983 ], [ -57.1564306, -29.9791802 ], [ -57.1559044, -29.9789772 ], [ -57.1552853, -29.979164 ], [ -57.1543829, -29.9788753 ], [ -57.1537204, -29.9781591 ], [ -57.1539635, -29.9770373 ], [ -57.1538808, -29.976040699999988 ], [ -57.1525158, -29.9755169 ], [ -57.152081, -29.9751103 ], [ -57.148376, -29.9750269 ], [ -57.1474474, -29.9747844 ], [ -57.1461385, -29.9747655 ], [ -57.1457093, -29.9748687 ], [ -57.1453516, -29.9753185 ], [ -57.1450912, -29.9753322 ], [ -57.1450469, -29.9755887 ], [ -57.1447234, -29.975587 ], [ -57.1443163, -29.9752579 ], [ -57.1439749, -29.9745377 ], [ -57.1440038, -29.9737599 ], [ -57.1445222, -29.973112 ], [ -57.1441829, -29.972864 ], [ -57.1432286, -29.9727863 ], [ -57.1425069, -29.9722608 ], [ -57.1413162, -29.9727695 ], [ -57.1404976, -29.9725888 ], [ -57.1395182, -29.9730963 ], [ -57.1387701, -29.9725948 ], [ -57.1375379, -29.9723018 ], [ -57.1361411, -29.972208499999986 ], [ -57.1358563, -29.9712902 ], [ -57.1353077, -29.9707253 ], [ -57.1338848, -29.9705354 ], [ -57.1330424, -29.9700028 ], [ -57.1329679, -29.9698147 ], [ -57.1333924, -29.9685321 ], [ -57.133407, -29.967263 ], [ -57.132158, -29.9675365 ], [ -57.1313839, -29.9674911 ], [ -57.1299551, -29.9665235 ], [ -57.1292907, -29.9662973 ], [ -57.1281245, -29.9653382 ], [ -57.1293374, -29.963173 ], [ -57.1302637, -29.9621011 ], [ -57.1307083, -29.960482 ], [ -57.1314626, -29.9600407 ], [ -57.1316282, -29.9591126 ], [ -57.1309678, -29.9585033 ], [ -57.1309207, -29.9572994 ], [ -57.131078, -29.956978499999988 ], [ -57.1316979, -29.956489399999988 ], [ -57.1322959, -29.9550407 ], [ -57.1316544, -29.9547952 ], [ -57.1296953, -29.9546106 ], [ -57.1292037, -29.954997299999988 ], [ -57.1282426, -29.9549649 ], [ -57.1262254, -29.953805 ], [ -57.1254508, -29.9530177 ], [ -57.1252162, -29.9523619 ], [ -57.124518, -29.9519852 ], [ -57.1243045, -29.9512888 ], [ -57.125544, -29.9502461 ], [ -57.1258557, -29.9496195 ], [ -57.125875, -29.9491463 ], [ -57.1255555, -29.9485307 ], [ -57.1249031, -29.9480123 ], [ -57.1247176, -29.9474175 ], [ -57.1243092, -29.946832699999984 ], [ -57.1241458, -29.9453931 ], [ -57.1232296, -29.9445654 ], [ -57.1231291, -29.9442074 ], [ -57.1221687, -29.9447451 ], [ -57.1200405, -29.9447785 ], [ -57.1190041, -29.9450101 ], [ -57.1181979, -29.9448895 ], [ -57.1171261, -29.9460399 ], [ -57.1160975, -29.9454364 ], [ -57.1153513, -29.9453186 ], [ -57.1151797, -29.9448843 ], [ -57.1144294, -29.9445727 ], [ -57.1135525, -29.9447431 ], [ -57.1127706, -29.9447156 ], [ -57.1121148, -29.9444125 ], [ -57.1113568, -29.943772899999985 ], [ -57.110629, -29.9436519 ], [ -57.1103027, -29.9440541 ], [ -57.1095092, -29.943964299999983 ], [ -57.1090276, -29.9442512 ], [ -57.1087451, -29.944630499999985 ], [ -57.1083545, -29.9460179 ], [ -57.1078849, -29.9463816 ], [ -57.1072687, -29.9463739 ], [ -57.106254, -29.945632 ], [ -57.1054861, -29.9456884 ], [ -57.1048763, -29.9471268 ], [ -57.1049282, -29.9479891 ], [ -57.1045349, -29.9480548 ], [ -57.1040858, -29.9479358 ], [ -57.1033194, -29.9481418 ], [ -57.1020339, -29.9489326 ], [ -57.1016974, -29.9481857 ], [ -57.1013894, -29.9478762 ], [ -57.1007378, -29.9475625 ], [ -57.1000734, -29.9475408 ], [ -57.0994745, -29.9468328 ], [ -57.0981887, -29.9460951 ], [ -57.0979871, -29.9457272 ], [ -57.0983179, -29.9454265 ], [ -57.0983825, -29.9450507 ], [ -57.0980248, -29.9445648 ], [ -57.096945, -29.9445305 ], [ -57.0957914, -29.9452298 ], [ -57.0953901, -29.9451986 ], [ -57.0951335, -29.9449178 ], [ -57.0948506, -29.9440668 ], [ -57.0947956, -29.9430964 ], [ -57.0942868, -29.9430184 ], [ -57.0931289, -29.94170750000001 ], [ -57.0920981, -29.941716099999983 ], [ -57.0919404, -29.9419691 ], [ -57.091328, -29.9420491 ], [ -57.0910932, -29.9424688 ], [ -57.0902216, -29.9430587 ], [ -57.0889622, -29.9430964 ], [ -57.0889622, -29.9433742 ], [ -57.0873762, -29.9446483 ], [ -57.0871759, -29.9457797 ], [ -57.0862061, -29.946154300000011 ], [ -57.0861282, -29.9455145 ], [ -57.0855423, -29.9439982 ], [ -57.0849591, -29.9434645 ], [ -57.0839515, -29.9431975 ], [ -57.0834536, -29.9422646 ], [ -57.0827592, -29.9427684 ], [ -57.0823584, -29.942818900000013 ], [ -57.0821199, -29.9427496 ], [ -57.0819363, -29.9423319 ], [ -57.0815441, -29.942005899999984 ], [ -57.0806288, -29.9419853 ], [ -57.080422, -29.9418027 ], [ -57.0798626, -29.9417146 ], [ -57.077046, -29.9416703 ], [ -57.0758574, -29.9404385 ], [ -57.0750913, -29.9403431 ], [ -57.074003, -29.940719200000011 ], [ -57.0734883, -29.9412223 ], [ -57.0732463, -29.9417543 ], [ -57.0733634, -29.9439889 ], [ -57.0724273, -29.945084 ], [ -57.0723082, -29.9454466 ], [ -57.0722955, -29.945874300000014 ], [ -57.0725657, -29.9459219 ], [ -57.0725733, -29.9467076 ], [ -57.0697309, -29.9473348 ], [ -57.0694143, -29.948299 ], [ -57.0689545, -29.9486231 ], [ -57.0674893, -29.9483927 ], [ -57.0665231, -29.948535499999988 ], [ -57.0647954, -29.9478187 ], [ -57.0635139, -29.9495703 ], [ -57.0633014, -29.9502358 ], [ -57.0623973, -29.9509582 ], [ -57.0618994, -29.9518758 ], [ -57.0597954, -29.9517077 ], [ -57.0593609, -29.9521712 ], [ -57.0586443, -29.9520456 ], [ -57.0580208, -29.9523019 ], [ -57.0571939, -29.95302 ], [ -57.0566301, -29.9532939 ], [ -57.0560284, -29.953348 ], [ -57.0554609, -29.953208 ], [ -57.0543434, -29.9534574 ], [ -57.0540443, -29.9537245 ], [ -57.0539635, -29.954098 ], [ -57.0540362, -29.9543977 ], [ -57.0547954, -29.9553188 ], [ -57.0547529, -29.9559672 ], [ -57.0544385, -29.9565525 ], [ -57.0534582, -29.9568411 ], [ -57.0524611, -29.958008 ], [ -57.0511091, -29.9584404 ], [ -57.0506389, -29.9588633 ], [ -57.050351, -29.9589299 ], [ -57.0503335, -29.959174 ], [ -57.0500823, -29.9592561 ], [ -57.0500732, -29.9597633 ], [ -57.0495545, -29.9597741 ], [ -57.0494938, -29.9600222 ], [ -57.0489985, -29.9600515 ], [ -57.048909, -29.9603134 ], [ -57.0484065, -29.9603188 ], [ -57.0483891, -29.9591421 ], [ -57.0480212, -29.9587371 ], [ -57.0469419, -29.9585921 ], [ -57.0463502, -29.9583303 ], [ -57.0451416, -29.9573412 ], [ -57.044356, -29.9574202 ], [ -57.043165, -29.957057499999987 ], [ -57.0424543, -29.9574133 ], [ -57.04191, -29.9570867 ], [ -57.0415661, -29.9570818 ], [ -57.0404325, -29.9583202 ], [ -57.0398183, -29.9583382 ], [ -57.0389872, -29.9581047 ], [ -57.038351, -29.9581665 ], [ -57.0380297, -29.9590366 ], [ -57.0378166, -29.9591708 ], [ -57.0370469, -29.9591806 ], [ -57.0360785, -29.9587408 ], [ -57.0357249, -29.9587432 ], [ -57.0351757, -29.9592881 ], [ -57.0349837, -29.96015 ], [ -57.0346081, -29.9602426 ], [ -57.0337925, -29.9598932 ], [ -57.0339324, -29.9591105 ], [ -57.0338366, -29.9587558 ], [ -57.0333032, -29.958460199999987 ], [ -57.0324139, -29.9582816 ], [ -57.0321485, -29.9580667 ], [ -57.0315322, -29.9571069 ], [ -57.0313305, -29.9561829 ], [ -57.0307951, -29.9556844 ], [ -57.0301336, -29.955455 ], [ -57.0296569, -29.9548674 ], [ -57.0289278, -29.9547603 ], [ -57.0281056, -29.9550464 ], [ -57.0276259, -29.954507 ], [ -57.0267625, -29.954505 ], [ -57.0262459, -29.954677 ], [ -57.0257185, -29.9544252 ], [ -57.025064, -29.9537836 ], [ -57.0238477, -29.9534812 ], [ -57.0232336, -29.953837199999985 ], [ -57.0226853, -29.9537606 ], [ -57.0222038, -29.9539804 ], [ -57.0216928, -29.9546294 ], [ -57.0209063, -29.9550411 ], [ -57.0199199, -29.9551204 ], [ -57.0190192, -29.9558015 ], [ -57.0172374, -29.9562048 ], [ -57.0172582, -29.95722760000001 ], [ -57.0170118, -29.9575 ], [ -57.0166204, -29.9574394 ], [ -57.0161935, -29.9566088 ], [ -57.0154703, -29.9562256 ], [ -57.0146144, -29.9563802 ], [ -57.0135278, -29.9561735 ], [ -57.0120174, -29.9564301 ], [ -57.0117339, -29.9555331 ], [ -57.0120327, -29.9547096 ], [ -57.0121895, -29.9546072 ], [ -57.0126664, -29.9547228 ], [ -57.013079, -29.9546333 ], [ -57.0136498, -29.9537184 ], [ -57.0133723, -29.9522174 ], [ -57.0130927, -29.9518296 ], [ -57.0115402, -29.9508961 ], [ -57.011024, -29.9508743 ], [ -57.0104045, -29.9511399 ], [ -57.0090709, -29.9511836 ], [ -57.0089618, -29.9517078 ], [ -57.0077506, -29.9520416 ], [ -57.0068468, -29.9524911 ], [ -57.0064393, -29.9525085 ], [ -57.0057321, -29.9522801 ], [ -57.0045173, -29.9522634 ], [ -57.0038662, -29.9506723 ], [ -57.0033593, -29.9501708 ], [ -57.0026603, -29.9498796 ], [ -57.0022951, -29.948930099999984 ], [ -57.0018488, -29.9483502 ], [ -57.0014222, -29.9481653 ], [ -57.0007276, -29.9485093 ], [ -57.0002914, -29.9479698 ], [ -56.9996132, -29.9476534 ], [ -56.998877, -29.9457529 ], [ -56.9984993, -29.9456381 ], [ -56.9979936, -29.9457377 ], [ -56.9974549, -29.945141599999985 ], [ -56.996307, -29.944667 ], [ -56.9959049, -29.943144 ], [ -56.9956396, -29.9430725 ], [ -56.9956284, -29.942819 ], [ -56.9949505, -29.9428632 ], [ -56.9938738, -29.9433458 ], [ -56.9929769, -29.9428785 ], [ -56.9925728, -29.942819 ], [ -56.9925728, -29.9425412 ], [ -56.9917453, -29.9423155 ], [ -56.9910269, -29.9424295 ], [ -56.9899683, -29.9417883 ], [ -56.9895188, -29.9417459 ], [ -56.9885121, -29.9420632 ], [ -56.9873334, -29.9426644 ], [ -56.9865978, -29.9434153 ], [ -56.9863588, -29.9441393 ], [ -56.9860218, -29.9443891 ], [ -56.9843761, -29.943340899999988 ], [ -56.9836325, -29.941285 ], [ -56.9827481, -29.940670299999987 ], [ -56.9815595, -29.9403643 ], [ -56.9810522, -29.9407504 ], [ -56.9807172, -29.9407826 ], [ -56.9799098, -29.940504 ], [ -56.9793452, -29.939885 ], [ -56.9788273, -29.9404816 ], [ -56.9785531, -29.9405758 ], [ -56.9777195, -29.9405907 ], [ -56.9761838, -29.940319099999989 ], [ -56.976196, -29.939337899999988 ], [ -56.9765115, -29.9377735 ], [ -56.9770014, -29.9368811 ], [ -56.9768868, -29.9364694 ], [ -56.9760486, -29.9360373 ], [ -56.9759157, -29.935742899999983 ], [ -56.9764132, -29.9324853 ], [ -56.9758042, -29.9320703 ], [ -56.9749418, -29.9318705 ], [ -56.9744628, -29.931288 ], [ -56.9735026, -29.9305205 ], [ -56.9733007, -29.9298454 ], [ -56.9728476, -29.929226 ], [ -56.9727901, -29.927965699999987 ], [ -56.9721083, -29.9271884 ], [ -56.971768, -29.9264742 ], [ -56.9717924, -29.9257477 ], [ -56.9721921, -29.924923099999983 ], [ -56.972017, -29.924208 ], [ -56.9715422, -29.924199 ], [ -56.9714242, -29.9239596 ], [ -56.9711892, -29.9239258 ], [ -56.9704921, -29.9239405 ], [ -56.9696511, -29.9242033 ], [ -56.9683223, -29.9241616 ], [ -56.9678665, -29.9238262 ], [ -56.9669501, -29.9225942 ], [ -56.9660858, -29.922063 ], [ -56.9634257, -29.921945 ], [ -56.9634042, -29.920859 ], [ -56.9638006, -29.9199128 ], [ -56.9641116, -29.9195871 ], [ -56.9635913, -29.9192857 ], [ -56.9632306, -29.9192459 ], [ -56.9621956, -29.9196789 ], [ -56.9615157, -29.9184524 ], [ -56.9618216, -29.9168714 ], [ -56.9624383, -29.916335 ], [ -56.9622947, -29.9158747 ], [ -56.9628533, -29.9158076 ], [ -56.962797, -29.9153164 ], [ -56.9618377, -29.9141253 ], [ -56.9613221, -29.9130481 ], [ -56.9617171, -29.9124044 ], [ -56.9616877, -29.910741 ], [ -56.9611354, -29.9098943 ], [ -56.9601941, -29.9096674 ], [ -56.9590953, -29.9088975 ], [ -56.958901, -29.9076882 ], [ -56.9586117, -29.9071351 ], [ -56.9571377, -29.9063347 ], [ -56.9567391, -29.9053191 ], [ -56.9560451, -29.9054947 ], [ -56.9542447, -29.9052893 ], [ -56.95294, -29.9045634 ], [ -56.951739, -29.9044858 ], [ -56.9513877, -29.905261 ], [ -56.9507406, -29.9053575 ], [ -56.9502121, -29.9058431 ], [ -56.9499346, -29.9058662 ], [ -56.9479308, -29.9050954 ], [ -56.9468283, -29.9048256 ], [ -56.9452693, -29.9049874 ], [ -56.9441838, -29.9037753 ], [ -56.9430217, -29.903482 ], [ -56.9429011, -29.9036528 ], [ -56.9430834, -29.9045461 ], [ -56.9427635, -29.9052576 ], [ -56.9424116, -29.9055006 ], [ -56.9418331, -29.9052647 ], [ -56.9412696, -29.9048871 ], [ -56.940838, -29.903520900000018 ], [ -56.9402259, -29.9026395 ], [ -56.9387918, -29.9019001 ], [ -56.9380799, -29.901283 ], [ -56.9363845, -29.901096 ], [ -56.9349973, -29.9005308 ], [ -56.9346755, -29.8998497 ], [ -56.9341843, -29.899508 ], [ -56.933018, -29.899477 ], [ -56.9325498, -29.8992045 ], [ -56.9320167, -29.8994859 ], [ -56.9317466, -29.8986017 ], [ -56.9317229, -29.8966849 ], [ -56.9314611, -29.8958747 ], [ -56.9307514, -29.8958046 ], [ -56.9303776, -29.8954132 ], [ -56.9304575, -29.895136 ], [ -56.9314052, -29.8943655 ], [ -56.9311833, -29.8933747 ], [ -56.9303183, -29.8933239 ], [ -56.9290637, -29.8930159 ], [ -56.928507, -29.892739 ], [ -56.9279864, -29.8920976 ], [ -56.927446, -29.891866 ], [ -56.927081, -29.8915014 ], [ -56.9253631, -29.8913955 ], [ -56.9243425, -29.8910706 ], [ -56.9240221, -29.8907255 ], [ -56.9236312, -29.8893418 ], [ -56.9233071, -29.8890081 ], [ -56.9222329, -29.8885757 ], [ -56.9217928, -29.8881741 ], [ -56.9207501, -29.8880002 ], [ -56.9199508, -29.8873595 ], [ -56.919074, -29.8871743 ], [ -56.9180039, -29.8865281 ], [ -56.917136, -29.8863353 ], [ -56.916065, -29.8854062 ], [ -56.9154707, -29.8853457 ], [ -56.91475, -29.8855318 ], [ -56.914121, -29.885291 ], [ -56.9137327, -29.8849063 ], [ -56.9136832, -29.8839304 ], [ -56.9133043, -29.8837457 ], [ -56.912852, -29.8837026 ], [ -56.9120657, -29.8839044 ], [ -56.9108365, -29.8837298 ], [ -56.910231, -29.8843882 ], [ -56.9088855, -29.8845442 ], [ -56.9080418, -29.8848213 ], [ -56.907447, -29.8852205 ], [ -56.9065815, -29.885415 ], [ -56.9057898, -29.8860667 ], [ -56.904886, -29.8863819 ], [ -56.9044279, -29.886365 ], [ -56.9039787, -29.8858693 ], [ -56.9020164, -29.8858748 ], [ -56.9016105, -29.8850696 ], [ -56.9013381, -29.8848608 ], [ -56.9004992, -29.8846456 ], [ -56.9001964, -29.8837738 ], [ -56.899662, -29.8835375 ], [ -56.8991444, -29.8827086 ], [ -56.8985024, -29.882372099999987 ], [ -56.8979865, -29.8807085 ], [ -56.8963813, -29.8805428 ], [ -56.8957468, -29.880225 ], [ -56.8944165, -29.878176 ], [ -56.8937324, -29.8776877 ], [ -56.8932627, -29.8770255 ], [ -56.8926572, -29.8765481 ], [ -56.8922941, -29.8753193 ], [ -56.8914242, -29.8752721 ], [ -56.8905355, -29.8749878 ], [ -56.8896872, -29.8742849 ], [ -56.8891404, -29.8740285 ], [ -56.888511, -29.8741013 ], [ -56.888028, -29.8738867 ], [ -56.887729, -29.872688799999988 ], [ -56.8869807, -29.8715456 ], [ -56.8861645, -29.8711888 ], [ -56.8850977, -29.871361 ], [ -56.8848598, -29.8712557 ], [ -56.8847731, -29.8706481 ], [ -56.8849089, -29.870148 ], [ -56.8860153, -29.8695738 ], [ -56.8869027, -29.8693953 ], [ -56.8877605, -29.8685777 ], [ -56.8875718, -29.8658749 ], [ -56.8862618, -29.8648086 ], [ -56.8855569, -29.8648192 ], [ -56.8849487, -29.8652302 ], [ -56.8843576, -29.865304 ], [ -56.8825718, -29.864486 ], [ -56.8825577, -29.862541600000011 ], [ -56.8822264, -29.861841 ], [ -56.8817166, -29.8615142 ], [ -56.8814606, -29.8608749 ], [ -56.8805822, -29.8601698 ], [ -56.8790965, -29.8599341 ], [ -56.8782026, -29.858434 ], [ -56.8773419, -29.8581596 ], [ -56.8761054, -29.8583698 ], [ -56.8747599, -29.8581702 ], [ -56.8737717, -29.8591568 ], [ -56.871066, -29.8592157 ], [ -56.8708171, -29.8594566 ], [ -56.8703494, -29.8594861 ], [ -56.8703037, -29.8588387 ], [ -56.8699803, -29.8584427 ], [ -56.869108, -29.858114 ], [ -56.8677533, -29.8582831 ], [ -56.8669662, -29.8573986 ], [ -56.8657905, -29.856945 ], [ -56.8654161, -29.8566556 ], [ -56.8651354, -29.8562791 ], [ -56.8649645, -29.8554041 ], [ -56.8642949, -29.8543399 ], [ -56.8641439, -29.8534002 ], [ -56.8635848, -29.8538531 ], [ -56.8629464, -29.8540072 ], [ -56.8618406, -29.854567 ], [ -56.8617383, -29.855597199999984 ], [ -56.8614605, -29.8555972 ], [ -56.8607075, -29.8569241 ], [ -56.8597819, -29.8572325 ], [ -56.8577701, -29.8573219 ], [ -56.8568962, -29.8580025 ], [ -56.8554915, -29.8584873 ], [ -56.8552369, -29.8591194 ], [ -56.8546194, -29.8598456 ], [ -56.8544287, -29.8604356 ], [ -56.853984, -29.8609531 ], [ -56.8539605, -29.8628194 ], [ -56.8531983, -29.8626457 ], [ -56.8526681, -29.8631674 ], [ -56.8523369, -29.8644381 ], [ -56.8522325, -29.8657285 ], [ -56.8511613, -29.86771 ], [ -56.8502485, -29.8685731 ], [ -56.8487466, -29.8692589 ], [ -56.8484281, -29.8697192 ], [ -56.8484049, -29.8705973 ], [ -56.8480108, -29.8708359 ], [ -56.8460898, -29.8708549 ], [ -56.8453494, -29.8703195 ], [ -56.8455618, -29.8715739 ], [ -56.8439958, -29.8733112 ], [ -56.8442383, -29.8750417 ], [ -56.842376, -29.8755668 ], [ -56.8411813, -29.8748961 ], [ -56.8404466, -29.8753825 ], [ -56.8400716, -29.8767084 ], [ -56.8389605, -29.8767084 ], [ -56.8384833, -29.876002699999983 ], [ -56.8385515, -29.8751623 ], [ -56.835313, -29.8753097 ], [ -56.8327909, -29.8747615 ], [ -56.8324251, -29.8748224 ], [ -56.8318851, -29.8752862 ], [ -56.8313121, -29.875323899999984 ], [ -56.8306489, -29.8750585 ], [ -56.8292791, -29.8749957 ], [ -56.8282927, -29.8745549 ], [ -56.8277941, -29.8744954 ], [ -56.8254682, -29.8754138 ], [ -56.8249488, -29.8757806 ], [ -56.8241578, -29.875943 ], [ -56.8232878, -29.8763272 ], [ -56.8215337, -29.875378 ], [ -56.8192362, -29.8750822 ], [ -56.8180546, -29.8763259 ], [ -56.8173913, -29.876661 ], [ -56.815993, -29.876990700000011 ], [ -56.8149157, -29.8769637 ], [ -56.8136928, -29.8767347 ], [ -56.8128305, -29.8772697 ], [ -56.8122308, -29.876550599999984 ], [ -56.8112563, -29.876708099999988 ], [ -56.8106165, -29.8765385 ], [ -56.8104086, -29.8762951 ], [ -56.8099684, -29.874845199999985 ], [ -56.8091667, -29.8736976 ], [ -56.8085148, -29.8731938 ], [ -56.8077119, -29.8736822 ], [ -56.8074664, -29.8744126 ], [ -56.8069427, -29.8749283 ], [ -56.8063718, -29.8747082 ], [ -56.8060118, -29.874341 ], [ -56.8055139, -29.8746371 ], [ -56.8047124, -29.8744994 ], [ -56.8035376, -29.8746129 ], [ -56.8030112, -29.8752214 ], [ -56.8009858, -29.8758216 ], [ -56.8003659, -29.8758345 ], [ -56.7995397, -29.8756053 ], [ -56.7987912, -29.8756799 ], [ -56.7984492, -29.8760047 ], [ -56.7982311, -29.8765329 ], [ -56.798281, -29.8769355 ], [ -56.7977852, -29.8777639 ], [ -56.7967725, -29.8783274 ], [ -56.7959047, -29.8783752 ], [ -56.7954174, -29.8776646 ], [ -56.7952486, -29.8767876 ], [ -56.7942852, -29.8759113 ], [ -56.7942468, -29.8751796 ], [ -56.794493, -29.874437 ], [ -56.7944791, -29.8738891 ], [ -56.793865, -29.8727068 ], [ -56.7934756, -29.8723838 ], [ -56.7931909, -29.871851099999986 ], [ -56.7931973, -29.8715732 ], [ -56.7938679, -29.8705234 ], [ -56.7941875, -29.8695575 ], [ -56.7937601, -29.8686758 ], [ -56.7927382, -29.8693875 ], [ -56.7904939, -29.8688173 ], [ -56.7902563, -29.8678931 ], [ -56.7899346, -29.8673722 ], [ -56.7885204, -29.8671726 ], [ -56.7877021, -29.8664005 ], [ -56.7869252, -29.8642801 ], [ -56.7863606, -29.8634535 ], [ -56.7848664, -29.8626019 ], [ -56.7837576, -29.8626899 ], [ -56.7822076, -29.8619202 ], [ -56.7817031, -29.8614718 ], [ -56.7809296, -29.8614679 ], [ -56.7802499, -29.8616717 ], [ -56.7798375, -29.8615837 ], [ -56.7787932, -29.8605186 ], [ -56.7788506, -29.859871 ], [ -56.7786895, -29.8596602 ], [ -56.7763178, -29.8591017 ], [ -56.7757662, -29.857929 ], [ -56.7745156, -29.857542 ], [ -56.774468, -29.8565269 ], [ -56.7740442, -29.8563643 ], [ -56.7735669, -29.8559116 ], [ -56.7728489, -29.8558753 ], [ -56.7727551, -29.8562412 ], [ -56.7723315, -29.856424 ], [ -56.7707074, -29.85643 ], [ -56.7702133, -29.8563192 ], [ -56.7698427, -29.85595180000001 ], [ -56.7683262, -29.8558002 ], [ -56.7677387, -29.8554421 ], [ -56.7674379, -29.8560367 ], [ -56.7668927, -29.8566192 ], [ -56.7662724, -29.856939 ], [ -56.7657443, -29.8569043 ], [ -56.7647428, -29.8559982 ], [ -56.7642949, -29.8558856 ], [ -56.763041, -29.8562072 ], [ -56.7623707, -29.8566512 ], [ -56.7616224, -29.8568715 ], [ -56.7612517, -29.856834 ], [ -56.760307, -29.8579702 ], [ -56.7591378, -29.8588519 ], [ -56.7578557, -29.8594314 ], [ -56.7580815, -29.8598245 ], [ -56.758133, -29.860666399999985 ], [ -56.7577312, -29.8616156 ], [ -56.7569055, -29.8621784 ], [ -56.7553091, -29.8626795 ], [ -56.7547932, -29.862542 ], [ -56.754501, -29.8618172 ], [ -56.7539089, -29.8612856 ], [ -56.7529588, -29.8610634 ], [ -56.7524157, -29.8605681 ], [ -56.7523173, -29.8601435 ], [ -56.7525102, -29.8594048 ], [ -56.7522092, -29.858794 ], [ -56.751814, -29.8587968 ], [ -56.7510693, -29.8584501 ], [ -56.7505661, -29.8583812 ], [ -56.7501832, -29.8584519 ], [ -56.7498905, -29.8587216 ], [ -56.7491829, -29.8612003 ], [ -56.7489362, -29.8614006 ], [ -56.748255, -29.8613557 ], [ -56.7474545, -29.8606926 ], [ -56.7462499, -29.8600911 ], [ -56.7452001, -29.8600458 ], [ -56.7446123, -29.860393 ], [ -56.7444126, -29.8613564 ], [ -56.7439487, -29.8618401 ], [ -56.7424965, -29.8617623 ], [ -56.7414009, -29.8620618 ], [ -56.7409596, -29.862470799999986 ], [ -56.7398778, -29.8627704 ], [ -56.7393743, -29.8627155 ], [ -56.7388849, -29.8620438 ], [ -56.7382405, -29.8614978 ], [ -56.7364598, -29.8619865 ], [ -56.7364316, -29.863451699999985 ], [ -56.736021, -29.8638645 ], [ -56.7352339, -29.8634969 ], [ -56.7336476, -29.863862 ], [ -56.7312833, -29.8634748 ], [ -56.729668, -29.8643871 ], [ -56.7290708, -29.8645746 ], [ -56.728781, -29.8648438 ], [ -56.7281472, -29.8662509 ], [ -56.7286609, -29.8673148 ], [ -56.7286411, -29.8686898 ], [ -56.7284395, -29.8689129 ], [ -56.7271497, -29.8695196 ], [ -56.7266449, -29.8705245 ], [ -56.7261315, -29.8710207 ], [ -56.7252197, -29.8712711 ], [ -56.7247344, -29.8718492 ], [ -56.7240778, -29.8720871 ], [ -56.7232354, -29.8727471 ], [ -56.72298, -29.8727083 ], [ -56.7224651, -29.8720723 ], [ -56.7215733, -29.8715354 ], [ -56.7204615, -29.8717899 ], [ -56.7193173, -29.8724775 ], [ -56.7179608, -29.8723674 ], [ -56.7172093, -29.8726374 ], [ -56.7163577, -29.8732984 ], [ -56.7157432, -29.8734799 ], [ -56.7154041, -29.87389 ], [ -56.7151204, -29.8738386 ], [ -56.7142906, -29.8731025 ], [ -56.7132528, -29.8731784 ], [ -56.7126413, -29.873709 ], [ -56.7119721, -29.874637699999987 ], [ -56.7098999, -29.875687 ], [ -56.709206, -29.8763968 ], [ -56.7086259, -29.8763692 ], [ -56.7080174, -29.8756739 ], [ -56.7072991, -29.8754464 ], [ -56.7065604, -29.8759467 ], [ -56.7060798, -29.877462 ], [ -56.7051528, -29.8782695 ], [ -56.7052183, -29.8797375 ], [ -56.7047607, -29.8801966 ], [ -56.7033473, -29.8811293 ], [ -56.7031264, -29.8811534 ], [ -56.7030468, -29.8793738 ], [ -56.7013617, -29.8776598 ], [ -56.7009959, -29.8783123 ], [ -56.7005169, -29.878582 ], [ -56.7000201, -29.8786446 ], [ -56.6996035, -29.8785029 ], [ -56.6990565, -29.877627899999986 ], [ -56.69819, -29.8777596 ], [ -56.6975708, -29.8775423 ], [ -56.6975599, -29.8777647 ], [ -56.6973287, -29.8778482 ], [ -56.697261, -29.878072500000012 ], [ -56.6967374, -29.8780978 ], [ -56.6966875, -29.8787419 ], [ -56.6964126, -29.8793636 ], [ -56.6958589, -29.8799263 ], [ -56.6953566, -29.8800006 ], [ -56.6945835, -29.8795422 ], [ -56.6938974, -29.879549 ], [ -56.6932709, -29.8805021 ], [ -56.6924468, -29.8810551 ], [ -56.6920816, -29.8807396 ], [ -56.6919143, -29.8795674 ], [ -56.6908342, -29.878491 ], [ -56.6890705, -29.879132099999985 ], [ -56.6874614, -29.8790251 ], [ -56.6870152, -29.8794867 ], [ -56.6870024, -29.8805764 ], [ -56.6871145, -29.8810783 ], [ -56.6880718, -29.8819129 ], [ -56.6875875, -29.8829473 ], [ -56.6877249, -29.8844365 ], [ -56.6868163, -29.8852609 ], [ -56.6858373, -29.8853902 ], [ -56.6850451, -29.8858314 ], [ -56.6839742, -29.8857469 ], [ -56.6834947, -29.886218 ], [ -56.6827941, -29.8879693 ], [ -56.6824609, -29.8882842 ], [ -56.6817046, -29.888377600000013 ], [ -56.6812986, -29.8881038 ], [ -56.679499, -29.8880942 ], [ -56.6786453, -29.8888146 ], [ -56.6783697, -29.8888784 ], [ -56.6766628, -29.8883117 ], [ -56.6762258, -29.8876416 ], [ -56.6756262, -29.8875423 ], [ -56.6752682, -29.8882164 ], [ -56.6746227, -29.8887458 ], [ -56.6744316, -29.8895972 ], [ -56.6741285, -29.8897007 ], [ -56.6732497, -29.8894043 ], [ -56.6726414, -29.8889997 ], [ -56.6718608, -29.8888316 ], [ -56.6712418, -29.8881681 ], [ -56.6707496, -29.8881229 ], [ -56.6696259, -29.8883529 ], [ -56.6688399, -29.8880614 ], [ -56.6685336, -29.8877672 ], [ -56.6685436, -29.8873264 ], [ -56.6677149, -29.8861808 ], [ -56.66738, -29.8859198 ], [ -56.6666732, -29.8857021 ], [ -56.6659462, -29.88599 ], [ -56.6645914, -29.88748 ], [ -56.6634665, -29.887814599999988 ], [ -56.6622928, -29.8875424 ], [ -56.6613065, -29.8866836 ], [ -56.6608171, -29.8853888 ], [ -56.6600706, -29.8847646 ], [ -56.6596026, -29.8852529 ], [ -56.6581413, -29.8853468 ], [ -56.65763, -29.8856449 ], [ -56.6573546, -29.8860238 ], [ -56.6571592, -29.8872323 ], [ -56.6569012, -29.8874524 ], [ -56.656011, -29.8876271 ], [ -56.6554295, -29.8879836 ], [ -56.6552527, -29.8891337 ], [ -56.6543076, -29.890543 ], [ -56.6535194, -29.890814 ], [ -56.6532512, -29.8907711 ], [ -56.6524302, -29.8895335 ], [ -56.6519424, -29.8892065 ], [ -56.6515391, -29.8893601 ], [ -56.6510607, -29.8899468 ], [ -56.6502302, -29.8905047 ], [ -56.6490803, -29.8906945 ], [ -56.6485504, -29.891335 ], [ -56.6480153, -29.8916366 ], [ -56.6472307, -29.8916486 ], [ -56.6468291, -29.8912737 ], [ -56.6459039, -29.8914314 ], [ -56.6456946, -29.8930963 ], [ -56.6461214, -29.8937287 ], [ -56.6454504, -29.894591 ], [ -56.6453483, -29.8953202 ], [ -56.6441387, -29.8942863 ], [ -56.6430162, -29.8937283 ], [ -56.6419541, -29.8936365 ], [ -56.6413221, -29.8937578 ], [ -56.6405701, -29.895739 ], [ -56.6393268, -29.89678 ], [ -56.6388614, -29.8979142 ], [ -56.6372121, -29.8978678 ], [ -56.6362756, -29.8981718 ], [ -56.6357045, -29.89854260000001 ], [ -56.6355375, -29.8993315 ], [ -56.6352083, -29.899865899999984 ], [ -56.6357605, -29.9002671 ], [ -56.634857, -29.9018602 ], [ -56.6347042, -29.9032474 ], [ -56.6331261, -29.9030981 ], [ -56.6330688, -29.9036084 ], [ -56.6320131, -29.9044312 ], [ -56.6329962, -29.9053497 ], [ -56.6344408, -29.9074415 ], [ -56.6345174, -29.9078374 ], [ -56.6339733, -29.9091127 ], [ -56.6345682, -29.9104623 ], [ -56.6348954, -29.9107945 ], [ -56.6357717, -29.9112581 ], [ -56.6362312, -29.9118552 ], [ -56.6377718, -29.9129734 ], [ -56.6382012, -29.914057300000014 ], [ -56.6386106, -29.9146442 ], [ -56.6387802, -29.9155202 ], [ -56.6395151, -29.9161536 ], [ -56.6391491, -29.9162713 ], [ -56.6386359, -29.9168582 ], [ -56.6379231, -29.9173238 ], [ -56.6363384, -29.9191156 ], [ -56.6357101, -29.9194423 ], [ -56.6346608, -29.919471 ], [ -56.6335801, -29.9192167 ], [ -56.6304813, -29.9191933 ], [ -56.6292372, -29.9189314 ], [ -56.6292859, -29.920364 ], [ -56.6302508, -29.920771099999989 ], [ -56.6307868, -29.9218237 ], [ -56.6307414, -29.9223831 ], [ -56.6311538, -29.9229228 ], [ -56.6308514, -29.923791099999985 ], [ -56.6301242, -29.9246451 ], [ -56.6301175, -29.9254499 ], [ -56.6308181, -29.926102399999987 ], [ -56.6314378, -29.9261191 ], [ -56.6320514, -29.9259466 ], [ -56.6328188, -29.926369 ], [ -56.6336817, -29.9264314 ], [ -56.6338855, -29.9269529 ], [ -56.6337342, -29.9276161 ], [ -56.6340117, -29.928426 ], [ -56.6349415, -29.9293329 ], [ -56.6345719, -29.9299937 ], [ -56.6344522, -29.931002 ], [ -56.6340034, -29.9316991 ], [ -56.6338547, -29.9324394 ], [ -56.6330771, -29.933263700000015 ], [ -56.6322179, -29.9333241 ], [ -56.6313503, -29.9326364 ], [ -56.6309486, -29.932668 ], [ -56.628905, -29.9343513 ], [ -56.6279656, -29.9347843 ], [ -56.6269432, -29.936096899999985 ], [ -56.6253922, -29.9371143 ], [ -56.6238459, -29.9385715 ], [ -56.622989, -29.938637299999986 ], [ -56.6215343, -29.9383753 ], [ -56.6201602, -29.9386104 ], [ -56.6193838, -29.9383977 ], [ -56.6186025, -29.9384202 ], [ -56.6178447, -29.938948 ], [ -56.6179603, -29.9395569 ], [ -56.6185358, -29.9398535 ], [ -56.6185259, -29.9399639 ], [ -56.617657, -29.940257 ], [ -56.6166536, -29.9403728 ], [ -56.6162697, -29.9406705 ], [ -56.6161898, -29.9418531 ], [ -56.6164297, -29.9425889 ], [ -56.6164975, -29.944255 ], [ -56.6168206, -29.9454313 ], [ -56.6179639, -29.9463403 ], [ -56.6185622, -29.9465259 ], [ -56.6199598, -29.9474985 ], [ -56.6212778, -29.9479542 ], [ -56.6214595, -29.9482465 ], [ -56.6210861, -29.94968919999998 ], [ -56.6201762, -29.9506816 ], [ -56.6197728, -29.9516008 ], [ -56.6189702, -29.9521661 ], [ -56.6186818, -29.952542599999987 ], [ -56.6175812, -29.9525636 ], [ -56.6171741, -29.952741 ], [ -56.6168536, -29.9526263 ], [ -56.6161313, -29.9527987 ], [ -56.6153039, -29.9525388 ], [ -56.6145493, -29.9520403 ], [ -56.6138489, -29.9524301 ], [ -56.6111817, -29.9525426 ], [ -56.6113405, -29.9521522 ], [ -56.6111433, -29.9511116 ], [ -56.6104458, -29.949965799999987 ], [ -56.6102693, -29.949095 ], [ -56.6092584, -29.9486514 ], [ -56.6086173, -29.9494476 ], [ -56.6082192, -29.949708799999986 ], [ -56.6071616, -29.9495099 ], [ -56.6063905, -29.9495448 ], [ -56.6056948, -29.949974799999989 ], [ -56.6047197, -29.9501042 ], [ -56.6037521, -29.9505357 ], [ -56.6025133, -29.9506712 ], [ -56.6019083, -29.9513473 ], [ -56.6007989, -29.9519042 ], [ -56.5989733, -29.9520225 ], [ -56.5981901, -29.9524599 ], [ -56.5975705, -29.9525427 ], [ -56.5973089, -29.9520373 ], [ -56.5972641, -29.9504872 ], [ -56.5968166, -29.9499447 ], [ -56.5967372, -29.9494871 ], [ -56.5960084, -29.9499531 ], [ -56.5951714, -29.949420199999988 ], [ -56.5953142, -29.9484732 ], [ -56.5951177, -29.947312 ], [ -56.5939548, -29.9472691 ], [ -56.5929943, -29.9475135 ], [ -56.5911348, -29.9475979 ], [ -56.5907837, -29.9485601 ], [ -56.5898932, -29.9489025 ], [ -56.5886006, -29.9486015 ], [ -56.5872237, -29.9480275 ], [ -56.5868739, -29.9473032 ], [ -56.5861527, -29.9468214 ], [ -56.5850704, -29.946709399999989 ], [ -56.584968, -29.9463528 ], [ -56.5843242, -29.9455262 ], [ -56.5839818, -29.9441067 ], [ -56.5840906, -29.9437566 ], [ -56.5847284, -29.9433108 ], [ -56.5849503, -29.9429461 ], [ -56.5840569, -29.94232 ], [ -56.5824015, -29.9419014 ], [ -56.5814593, -29.9414316 ], [ -56.5804748, -29.941351 ], [ -56.5770938, -29.9400922 ], [ -56.5754473, -29.9401628 ], [ -56.5753481, -29.9400428 ], [ -56.5744972, -29.9399602 ], [ -56.5741051, -29.9395843 ], [ -56.573833, -29.9395487 ], [ -56.5731558, -29.9398769 ], [ -56.5728927, -29.9403093 ], [ -56.5736815, -29.9428206 ], [ -56.5727362, -29.9435778 ], [ -56.5716222, -29.9438667 ], [ -56.5710072, -29.9435822 ], [ -56.5693972, -29.942358 ], [ -56.5679669, -29.94217050000001 ], [ -56.5670944, -29.9414829 ], [ -56.5662841, -29.9414482 ], [ -56.5656259, -29.9417095 ], [ -56.5652999, -29.940729 ], [ -56.5646842, -29.939777499999987 ], [ -56.5643254, -29.9395394 ], [ -56.5632108, -29.939261 ], [ -56.5620147, -29.9392095 ], [ -56.5619978, -29.9386878 ], [ -56.561766, -29.9386309 ], [ -56.5617369, -29.938376199999983 ], [ -56.5608017, -29.9376233 ], [ -56.5568468, -29.937456 ], [ -56.5561171, -29.9365751 ], [ -56.5554442, -29.9362564 ], [ -56.5552816, -29.9351933 ], [ -56.5549734, -29.9348375 ], [ -56.5536192, -29.9343269 ], [ -56.5528819, -29.9346965 ], [ -56.5518486, -29.9344073 ], [ -56.5515602, -29.93413150000001 ], [ -56.5510582, -29.9329367 ], [ -56.5499295, -29.9329953 ], [ -56.5497924, -29.9319873 ], [ -56.548851, -29.9316628 ], [ -56.5471804, -29.930672 ], [ -56.5464717, -29.9306239 ], [ -56.5457908, -29.930913 ], [ -56.5449481, -29.9318901 ], [ -56.5440072, -29.9318882 ], [ -56.5436839, -29.9328608 ], [ -56.5441351, -29.9343243 ], [ -56.5441427, -29.9348913 ], [ -56.5437674, -29.935224 ], [ -56.5428479, -29.9347651 ], [ -56.5421178, -29.9338502 ], [ -56.5416671, -29.9328757 ], [ -56.5407587, -29.9321593 ], [ -56.5402833, -29.9315715 ], [ -56.5396087, -29.9312622 ], [ -56.5396719, -29.930436 ], [ -56.5393058, -29.9298465 ], [ -56.5392368, -29.9292096 ], [ -56.5383284, -29.9289333 ], [ -56.53657, -29.9291005 ], [ -56.535146, -29.928712399999984 ], [ -56.5335577, -29.9284809 ], [ -56.5322923, -29.928654 ], [ -56.5317369, -29.9303693 ], [ -56.5320145, -29.931431800000013 ], [ -56.5315322, -29.9319027 ], [ -56.5307214, -29.9320631 ], [ -56.5301489, -29.9324266 ], [ -56.5300177, -29.9334144 ], [ -56.5295857, -29.934088 ], [ -56.5291926, -29.93591 ], [ -56.5287722, -29.9360267 ], [ -56.5285153, -29.9364745 ], [ -56.5289574, -29.937879100000011 ], [ -56.528959, -29.938098500000013 ], [ -56.5287286, -29.9381507 ], [ -56.5286596, -29.9385704 ], [ -56.5284121, -29.938766 ], [ -56.5286812, -29.9392096 ], [ -56.527416, -29.9391932 ], [ -56.527201, -29.9389641 ], [ -56.5268192, -29.9388882 ], [ -56.5267367, -29.9386541 ], [ -56.5252031, -29.9386775 ], [ -56.5242612, -29.9389161 ], [ -56.5232406, -29.9387784 ], [ -56.5226079, -29.9391347 ], [ -56.5218086, -29.9387117 ], [ -56.5211956, -29.9386828 ], [ -56.5206871, -29.9389753 ], [ -56.520168, -29.9395563 ], [ -56.5203311, -29.9408299 ], [ -56.5199226, -29.9413431 ], [ -56.5186017, -29.9414922 ], [ -56.5183272, -29.9421302 ], [ -56.5179644, -29.942267 ], [ -56.5171939, -29.9422267 ], [ -56.5155799, -29.9417121 ], [ -56.5151062, -29.9427716 ], [ -56.5150075, -29.9448939 ], [ -56.5139991, -29.9461201 ], [ -56.5140753, -29.9471798 ], [ -56.5137351, -29.9471445 ], [ -56.5127413, -29.9463465 ], [ -56.5126181, -29.9459338 ], [ -56.5114991, -29.9456488 ], [ -56.5106256, -29.9455986 ], [ -56.5105297, -29.9471895 ], [ -56.5096576, -29.947861 ], [ -56.5091576, -29.9488739 ], [ -56.5082349, -29.9495936 ], [ -56.508634, -29.9502767 ], [ -56.5086868, -29.951370299999986 ], [ -56.5086169, -29.9518318 ], [ -56.5081788, -29.9525112 ], [ -56.5080701, -29.9534676 ], [ -56.5049081, -29.9533877 ], [ -56.5045458, -29.9534995 ], [ -56.5042822, -29.9538476 ], [ -56.5047706, -29.9559764 ], [ -56.5045145, -29.956987500000011 ], [ -56.5050599, -29.9571823 ], [ -56.5057666, -29.9569958 ], [ -56.5066106, -29.9569951 ], [ -56.507232, -29.9573126 ], [ -56.5077757, -29.958231 ], [ -56.5076457, -29.9590743 ], [ -56.5081408, -29.9602144 ], [ -56.5088002, -29.9607822 ], [ -56.5096467, -29.9609917 ], [ -56.5107432, -29.9621787 ], [ -56.5113404, -29.9622362 ], [ -56.511983, -29.9620541 ], [ -56.5123061, -29.9621649 ], [ -56.5133433, -29.9636073 ], [ -56.5132253, -29.9646912 ], [ -56.5138517, -29.965241100000011 ], [ -56.513959, -29.9655986 ], [ -56.5142301, -29.9656138 ], [ -56.514499, -29.9675007 ], [ -56.5141411, -29.9684897 ], [ -56.5137241, -29.9689574 ], [ -56.513936, -29.9702739 ], [ -56.5134683, -29.9713059 ], [ -56.5131765, -29.9728271 ], [ -56.5138243, -29.9738186 ], [ -56.5146187, -29.973776 ], [ -56.5147369, -29.9738801 ], [ -56.5145298, -29.9747124 ], [ -56.5145203, -29.9773228 ], [ -56.5152235, -29.9775141 ], [ -56.5162984, -29.977088 ], [ -56.5171561, -29.9771088 ], [ -56.5174327, -29.9777015 ], [ -56.5182991, -29.978458300000014 ], [ -56.5185454, -29.9790976 ], [ -56.5191272, -29.9795744 ], [ -56.5192924, -29.9806375 ], [ -56.5195349, -29.9808431 ], [ -56.520991, -29.9810975 ], [ -56.5221443, -29.9801216 ], [ -56.5226766, -29.9801198 ], [ -56.5226189, -29.9808461 ], [ -56.5227807, -29.981430899999985 ], [ -56.5226504, -29.9821251 ], [ -56.5233313, -29.9829763 ], [ -56.5235039, -29.9838523 ], [ -56.5244955, -29.984871 ], [ -56.5241545, -29.9852566 ], [ -56.5229474, -29.9856655 ], [ -56.5230501, -29.9860329 ], [ -56.522848, -29.9864319 ], [ -56.5222872, -29.986646799999988 ], [ -56.5220994, -29.9865484 ], [ -56.5218803, -29.9859132 ], [ -56.5212322, -29.9854657 ], [ -56.5207036, -29.9848237 ], [ -56.5201249, -29.9848131 ], [ -56.5197238, -29.9850446 ], [ -56.5189479, -29.9849989 ], [ -56.5184259, -29.984787 ], [ -56.5179467, -29.9848358 ], [ -56.517083, -29.9854566 ], [ -56.5167369, -29.9864319 ], [ -56.5163103, -29.9866217 ], [ -56.5154966, -29.9883475 ], [ -56.5140547, -29.989563 ], [ -56.5133366, -29.9911068 ], [ -56.5126148, -29.9916621 ], [ -56.5123016, -29.991552 ], [ -56.5119712, -29.9911581 ], [ -56.5107128, -29.9922075 ], [ -56.5090624, -29.9921832 ], [ -56.5085359, -29.9918803 ], [ -56.5081528, -29.9912189 ], [ -56.5072547, -29.9916533 ], [ -56.5065188, -29.9916836 ], [ -56.5057927, -29.9912415 ], [ -56.5043411, -29.990789 ], [ -56.5032857, -29.9901524 ], [ -56.502369, -29.9905303 ], [ -56.5011054, -29.990655499999988 ], [ -56.5007528, -29.9909032 ], [ -56.5001449, -29.9915835 ], [ -56.4996528, -29.9924995 ], [ -56.4992368, -29.992820899999984 ], [ -56.4992335, -29.994313899999984 ], [ -56.4989748, -29.9946375 ], [ -56.4990088, -29.995054 ], [ -56.4999052, -29.9957726 ], [ -56.5009326, -29.9953491 ], [ -56.5020823, -29.9953791 ], [ -56.502513, -29.9960151 ], [ -56.5024838, -29.9970145 ], [ -56.5029395, -29.9972255 ], [ -56.5038048, -29.997085 ], [ -56.5034566, -29.9977664 ], [ -56.5032544, -29.999363299999985 ], [ -56.5050594, -29.9995178 ], [ -56.5055014, -29.9997896 ], [ -56.5056896, -30.0012835 ], [ -56.5063106, -30.0025143 ], [ -56.5063124, -30.0027947 ], [ -56.5055189, -30.0035449 ], [ -56.5047673, -30.003133499999983 ], [ -56.5038879, -30.0031492 ], [ -56.5032137, -30.003867899999989 ], [ -56.5018827, -30.004325 ], [ -56.5008839, -30.0063289 ], [ -56.5005087, -30.0065937 ], [ -56.4999743, -30.0064726 ], [ -56.4995668, -30.0065662 ], [ -56.4988871, -30.0077021 ], [ -56.4980035, -30.0070977 ], [ -56.4970565, -30.0073844 ], [ -56.4968423, -30.0076968 ], [ -56.4972628, -30.0084159 ], [ -56.4970839, -30.0095241 ], [ -56.4972925, -30.0100431 ], [ -56.4959407, -30.0101652 ], [ -56.4951526, -30.0107645 ], [ -56.4950301, -30.0117653 ], [ -56.4947618, -30.0121447 ], [ -56.4944202, -30.0122172 ], [ -56.4931258, -30.0119876 ], [ -56.4920998, -30.0128965 ], [ -56.4918653, -30.013431 ], [ -56.4919538, -30.0139309 ], [ -56.4918307, -30.0141545 ], [ -56.4907906, -30.0146742 ], [ -56.4896606, -30.0148804 ], [ -56.4894232, -30.0159828 ], [ -56.4882201, -30.0167844 ], [ -56.4873276, -30.0188929 ], [ -56.4871249, -30.019932 ], [ -56.48776, -30.0204885 ], [ -56.4880099, -30.0212489 ], [ -56.4873439, -30.0221875 ], [ -56.4875702, -30.0233765 ], [ -56.4871099, -30.023205 ], [ -56.4865566, -30.023447600000011 ], [ -56.4841398, -30.0258657 ], [ -56.4830175, -30.0259094 ], [ -56.4824374, -30.0263432 ], [ -56.4820104, -30.026399 ], [ -56.4810183, -30.0260633 ], [ -56.4804898, -30.0254529 ], [ -56.47944, -30.0255402 ], [ -56.4776151, -30.0249156 ], [ -56.4764567, -30.0236721 ], [ -56.4771534, -30.023615 ], [ -56.4777919, -30.0232539 ], [ -56.4775172, -30.0226562 ], [ -56.4770735, -30.0223987 ], [ -56.4770146, -30.0219877 ], [ -56.4753927, -30.0218542 ], [ -56.4740546, -30.0205236 ], [ -56.4729997, -30.018742199999988 ], [ -56.4722596, -30.0184442 ], [ -56.4716268, -30.018831100000011 ], [ -56.4713059, -30.0188192 ], [ -56.4705874, -30.017389499999986 ], [ -56.4699623, -30.017073 ], [ -56.4690092, -30.0168555 ], [ -56.4678687, -30.015763 ], [ -56.4675701, -30.015043200000012 ], [ -56.4670432, -30.014807 ], [ -56.4663501, -30.0148111 ], [ -56.465995, -30.0151139 ], [ -56.4659795, -30.0154542 ], [ -56.4663232, -30.016027 ], [ -56.4654249, -30.0171922 ], [ -56.4644293, -30.0170403 ], [ -56.4634589, -30.0172394 ], [ -56.4623017, -30.016991800000014 ], [ -56.4613255, -30.0170869 ], [ -56.4614008, -30.0182399 ], [ -56.4611067, -30.018785199999989 ], [ -56.460793, -30.0189133 ], [ -56.4588818, -30.018599 ], [ -56.4574529, -30.0179136 ], [ -56.4565045, -30.0176925 ], [ -56.4559514, -30.0168484 ], [ -56.4559034, -30.0158766 ], [ -56.4553846, -30.016090099999985 ], [ -56.4544316, -30.0162086 ], [ -56.4529628, -30.0168008 ], [ -56.4521728, -30.017449 ], [ -56.4515084, -30.017675 ], [ -56.4504792, -30.018598 ], [ -56.4501768, -30.0187117 ], [ -56.4495846, -30.0192654 ], [ -56.4494657, -30.0199453 ], [ -56.4490055, -30.0205997 ], [ -56.4482369, -30.0202395 ], [ -56.4471545, -30.0193844 ], [ -56.447178, -30.0187653 ], [ -56.4469065, -30.0184645 ], [ -56.4454231, -30.0178745 ], [ -56.4439263, -30.0176129 ], [ -56.4424905, -30.019154800000013 ], [ -56.4417366, -30.0194878 ], [ -56.4421122, -30.0204398 ], [ -56.4427912, -30.0210225 ], [ -56.4427928, -30.0212954 ], [ -56.4425442, -30.0215794 ], [ -56.4407698, -30.0223204 ], [ -56.4404502, -30.0226807 ], [ -56.4402616, -30.0233145 ], [ -56.4399604, -30.0235796 ], [ -56.4387101, -30.0236209 ], [ -56.4379047, -30.0232104 ], [ -56.4371528, -30.0234707 ], [ -56.4367598, -30.0239032 ], [ -56.4359033, -30.02421 ], [ -56.4359178, -30.0249702 ], [ -56.4364639, -30.025341 ], [ -56.4357754, -30.025922799999986 ], [ -56.435541, -30.0265543 ], [ -56.4346409, -30.0267205 ], [ -56.4332354, -30.0265439 ], [ -56.4321483, -30.0273605 ], [ -56.4322357, -30.0287807 ], [ -56.4319235, -30.0294137 ], [ -56.4308558, -30.0307466 ], [ -56.429671, -30.0312135 ], [ -56.4292366, -30.0317101 ], [ -56.4287677, -30.0319714 ], [ -56.4280443, -30.0319615 ], [ -56.4274418, -30.0317082 ], [ -56.426745, -30.031821 ], [ -56.4264578, -30.0322308 ], [ -56.4264721, -30.033539 ], [ -56.4266013, -30.0338371 ], [ -56.4272034, -30.0343051 ], [ -56.427207, -30.0346272 ], [ -56.4251805, -30.0343171 ], [ -56.424359, -30.0345765 ], [ -56.4237505, -30.0349791 ], [ -56.4221194, -30.0351263 ], [ -56.4217819, -30.035458 ], [ -56.4214588, -30.0367101 ], [ -56.4207383, -30.0366399 ], [ -56.4193568, -30.0359229 ], [ -56.4183463, -30.035839 ], [ -56.4175699, -30.035599 ], [ -56.4179321, -30.0368472 ], [ -56.4183404, -30.0374121 ], [ -56.4183132, -30.037665 ], [ -56.4165603, -30.038456 ], [ -56.4159032, -30.0392101 ], [ -56.4152682, -30.0391359 ], [ -56.4137268, -30.03844 ], [ -56.4129241, -30.0391474 ], [ -56.409712, -30.0395304 ], [ -56.4092365, -30.0397657 ], [ -56.4080412, -30.0397083 ], [ -56.4070106, -30.039259800000014 ], [ -56.4062437, -30.0393689 ], [ -56.4052059, -30.0388291 ], [ -56.4049662, -30.0381818 ], [ -56.4046939, -30.0378991 ], [ -56.4040384, -30.0376003 ], [ -56.4028953, -30.0374133 ], [ -56.401804, -30.0363312 ], [ -56.4014587, -30.035876799999986 ], [ -56.4014587, -30.0355991 ], [ -56.4003476, -30.035043499999983 ], [ -56.4005657, -30.0335208 ], [ -56.399767, -30.0323786 ], [ -56.3987842, -30.0316282 ], [ -56.3985794, -30.0306752 ], [ -56.3979187, -30.029825799999987 ], [ -56.3983761, -30.0288912 ], [ -56.3984031, -30.0272657 ], [ -56.3964262, -30.026735700000017 ], [ -56.3953239, -30.026712 ], [ -56.3949264, -30.0268106 ], [ -56.393854, -30.0277014 ], [ -56.3931253, -30.0278213 ], [ -56.3930653, -30.0271858 ], [ -56.3926299, -30.0265654 ], [ -56.3921982, -30.0254653 ], [ -56.3905492, -30.0255486 ], [ -56.3898901, -30.0252462 ], [ -56.3891032, -30.0245738 ], [ -56.3881109, -30.0244843 ], [ -56.3876764, -30.0247037 ], [ -56.3872008, -30.0242861 ], [ -56.3865535, -30.0241359 ], [ -56.3861476, -30.0229958 ], [ -56.3851261, -30.0221149 ], [ -56.3851303, -30.0206433 ], [ -56.3842187, -30.0203428 ], [ -56.3833265, -30.020372 ], [ -56.3823958, -30.0213155 ], [ -56.3818298, -30.0206697 ], [ -56.3802401, -30.0197718 ], [ -56.3800971, -30.0193908 ], [ -56.3802132, -30.0187127 ], [ -56.379005, -30.0178566 ], [ -56.3789802, -30.0173164 ], [ -56.3792303, -30.0165635 ], [ -56.37915, -30.0160498 ], [ -56.3779552, -30.0157786 ], [ -56.3776375, -30.0154649 ], [ -56.3777007, -30.0151524 ], [ -56.3782996, -30.014684 ], [ -56.378287, -30.0142374 ], [ -56.3778199, -30.013775 ], [ -56.3774558, -30.01366 ], [ -56.3765694, -30.0136701 ], [ -56.3759029, -30.0139325 ], [ -56.3758676, -30.0124866 ], [ -56.3751086, -30.0114338 ], [ -56.3756036, -30.0104797 ], [ -56.3756251, -30.0100436 ], [ -56.3753854, -30.009728 ], [ -56.3756059, -30.009257099999989 ], [ -56.3756519, -30.0079875 ], [ -56.3761845, -30.007281399999989 ], [ -56.3752235, -30.0054124 ], [ -56.3744021, -30.0048721 ], [ -56.3723301, -30.005312 ], [ -56.3716963, -30.0052726 ], [ -56.3711806, -30.0050436 ], [ -56.3708152, -30.003824899999984 ], [ -56.3699303, -30.0033406 ], [ -56.3693304, -30.002323 ], [ -56.3677286, -30.0012484 ], [ -56.3668023, -30.0008247 ], [ -56.3665067, -30.0004096 ], [ -56.3664583, -29.9997658 ], [ -56.365471, -29.9999418 ], [ -56.3633082, -29.999438 ], [ -56.362901, -29.9990747 ], [ -56.3624203, -29.9979314 ], [ -56.361817, -29.9978307 ], [ -56.3610421, -29.997962699999984 ], [ -56.3607566, -29.9970976 ], [ -56.3602013, -29.9969937 ], [ -56.3593069, -29.9974544 ], [ -56.3586805, -29.9975436 ], [ -56.3588643, -29.9991081 ], [ -56.358635, -29.9996311 ], [ -56.3582908, -29.9999513 ], [ -56.3576275, -30.0001811 ], [ -56.3566309, -30.0013495 ], [ -56.3546902, -30.0014777 ], [ -56.3542237, -30.0017131 ], [ -56.3532889, -30.001184 ], [ -56.3527243, -30.0011657 ], [ -56.3522916, -30.0017103 ], [ -56.3521762, -30.002208 ], [ -56.3516259, -30.0027379 ], [ -56.3508364, -30.0014871 ], [ -56.3501492, -30.0011531 ], [ -56.3492318, -30.0019617 ], [ -56.3484031, -30.0022194 ], [ -56.3473915, -30.0020903 ], [ -56.3464478, -30.0030524 ], [ -56.346024, -30.0030163 ], [ -56.34457, -30.0021053 ], [ -56.3428885, -30.0030023 ], [ -56.343115, -30.0035362 ], [ -56.3430455, -30.004053399999989 ], [ -56.342065, -30.0043431 ], [ -56.3413854, -30.005264 ], [ -56.3406065, -30.0058816 ], [ -56.3399471, -30.0048623 ], [ -56.3388418, -30.0040212 ], [ -56.3375636, -30.0037074 ], [ -56.3368056, -30.003807 ], [ -56.3365594, -30.0035767 ], [ -56.3363654, -30.0029894 ], [ -56.3360742, -30.0028377 ], [ -56.3346351, -30.0031551 ], [ -56.3321873, -30.0049602 ], [ -56.331039, -30.0054292 ], [ -56.3307996, -30.0069069 ], [ -56.3299347, -30.0075838 ], [ -56.3291911, -30.0085269 ], [ -56.3268408, -30.0090167 ], [ -56.3251514, -30.0099868 ], [ -56.3229633, -30.0104135 ], [ -56.3221801, -30.0110682 ], [ -56.3212175, -30.0115603 ], [ -56.320965, -30.0119157 ], [ -56.3210445, -30.0124838 ], [ -56.3201325, -30.0135201 ], [ -56.3201488, -30.0139929 ], [ -56.320347, -30.0142105 ], [ -56.3203237, -30.014992 ], [ -56.3192359, -30.0150438 ], [ -56.3189704, -30.0156798 ], [ -56.31853, -30.0159778 ], [ -56.3168759, -30.0178699 ], [ -56.3166351, -30.0185144 ], [ -56.314678, -30.0179268 ], [ -56.3145137, -30.0181605 ], [ -56.3145137, -30.0189327 ], [ -56.3126447, -30.018937599999987 ], [ -56.3116034, -30.0191868 ], [ -56.3085811, -30.0193001 ], [ -56.3076663, -30.0203932 ], [ -56.3078469, -30.0212879 ], [ -56.3077387, -30.0215323 ], [ -56.3074295, -30.0216997 ], [ -56.3065933, -30.021611499999988 ], [ -56.3063599, -30.0206782 ], [ -56.3058863, -30.0198716 ], [ -56.3055235, -30.019568299999982 ], [ -56.3044986, -30.019208599999988 ], [ -56.3035343, -30.0198735 ], [ -56.3033176, -30.0207212 ], [ -56.3027893, -30.0210509 ], [ -56.3018472, -30.0208025 ], [ -56.3002213, -30.0198446 ], [ -56.2995263, -30.0197893 ], [ -56.2990945, -30.0200679 ], [ -56.2988169, -30.0208398 ], [ -56.2977919, -30.0218604 ], [ -56.2971632, -30.021464 ], [ -56.2953726, -30.0214746 ], [ -56.2951234, -30.0216827 ], [ -56.2949304, -30.0224104 ], [ -56.2937096, -30.022307 ], [ -56.2926093, -30.0227509 ], [ -56.2918749, -30.0225655 ], [ -56.2909446, -30.0225865 ], [ -56.290396, -30.023018 ], [ -56.2890795, -30.0231985 ], [ -56.2883733, -30.0238932 ], [ -56.2877728, -30.0238865 ], [ -56.2868264, -30.0234353 ], [ -56.2848701, -30.022873 ], [ -56.28365, -30.0228257 ], [ -56.2821599, -30.023336199999989 ], [ -56.2813156, -30.0234216 ], [ -56.2801395, -30.0238984 ], [ -56.2790392, -30.0239422 ], [ -56.2789009, -30.024193 ], [ -56.2784024, -30.0242106 ], [ -56.27831, -30.0244028 ], [ -56.277667, -30.0247452 ], [ -56.2758527, -30.0247916 ], [ -56.2756246, -30.025044 ], [ -56.2725456, -30.0258398 ], [ -56.270267, -30.0259449 ], [ -56.2701157, -30.0262934 ], [ -56.2704179, -30.026820299999986 ], [ -56.2713428, -30.0270803 ], [ -56.271685, -30.0274167 ], [ -56.2716469, -30.028574399999986 ], [ -56.2713447, -30.028839100000013 ], [ -56.2705026, -30.0290553 ], [ -56.2702428, -30.0298614 ], [ -56.2696022, -30.0302101 ], [ -56.2691034, -30.0313214 ], [ -56.267571, -30.0311616 ], [ -56.2662861, -30.0315167 ], [ -56.2654789, -30.0323729 ], [ -56.2652806, -30.0332344 ], [ -56.2649113, -30.0335975 ], [ -56.2646229, -30.0335898 ], [ -56.2636801, -30.0330996 ], [ -56.2627684, -30.0348896 ], [ -56.2620926, -30.0353844 ], [ -56.2610444, -30.0366104 ], [ -56.2602039, -30.0371149 ], [ -56.2605055, -30.037654 ], [ -56.2603067, -30.0382417 ], [ -56.2599377, -30.0388247 ], [ -56.2593276, -30.039101499999987 ], [ -56.2589579, -30.0397663 ], [ -56.2588836, -30.0402552 ], [ -56.2584266, -30.040746399999986 ], [ -56.2584126, -30.0417879 ], [ -56.2586801, -30.0422663 ], [ -56.2579382, -30.0423754 ], [ -56.2568418, -30.0430519 ], [ -56.2557607, -30.0434849 ], [ -56.2547912, -30.0444885 ], [ -56.2541617, -30.0442968 ], [ -56.253812, -30.0446456 ], [ -56.2532551, -30.044867 ], [ -56.2529055, -30.0454663 ], [ -56.2528187, -30.0466779 ], [ -56.2526038, -30.0469796 ], [ -56.2520638, -30.0472049 ], [ -56.2512803, -30.0470365 ], [ -56.2505968, -30.0472218 ], [ -56.2491534, -30.047317 ], [ -56.2487564, -30.0476039 ], [ -56.2484023, -30.0483774 ], [ -56.2469125, -30.0483208 ], [ -56.2460331, -30.0476498 ], [ -56.2457785, -30.0482598 ], [ -56.2450689, -30.048933 ], [ -56.2440431, -30.049187199999988 ], [ -56.2426689, -30.0485774 ], [ -56.2423636, -30.0482268 ], [ -56.2421914, -30.0476179 ], [ -56.2417207, -30.0472888 ], [ -56.2409337, -30.0472865 ], [ -56.2396977, -30.0476086 ], [ -56.239193, -30.048200699999988 ], [ -56.2386609, -30.0483499 ], [ -56.2382324, -30.0482917 ], [ -56.2373637, -30.0478704 ], [ -56.2363124, -30.047663 ], [ -56.2354854, -30.0484825 ], [ -56.2350257, -30.0493614 ], [ -56.2339012, -30.0497428 ], [ -56.23368, -30.04976640000001 ], [ -56.233658, -30.0495312 ], [ -56.233423, -30.049447 ], [ -56.2332759, -30.048933199999983 ], [ -56.2331244, -30.048933 ], [ -56.2329712, -30.049379699999985 ], [ -56.2324033, -30.0497033 ], [ -56.2313462, -30.0493262 ], [ -56.2309407, -30.0494115 ], [ -56.2300989, -30.0492166 ], [ -56.2293513, -30.0492931 ], [ -56.2290512, -30.0495573 ], [ -56.2285585, -30.0505034 ], [ -56.2280227, -30.0507971 ], [ -56.2269367, -30.0509367 ], [ -56.2256431, -30.0515552 ], [ -56.2251392, -30.0515387 ], [ -56.2237708, -30.0520578 ], [ -56.2234515, -30.0524038 ], [ -56.2231244, -30.0539331 ], [ -56.2226259, -30.0539155 ], [ -56.2224599, -30.053659099999983 ], [ -56.2217355, -30.0536553 ], [ -56.2209912, -30.053149599999983 ], [ -56.2191953, -30.05308 ], [ -56.2178651, -30.05286 ], [ -56.2169915, -30.0533354 ], [ -56.2148934, -30.0534583 ], [ -56.2139148, -30.0541723 ], [ -56.2128466, -30.0542109 ], [ -56.2127741, -30.0554458 ], [ -56.211721, -30.0558543 ], [ -56.2109332, -30.0558471 ], [ -56.209984, -30.0556071 ], [ -56.2071266, -30.0555869 ], [ -56.2059868, -30.0553502 ], [ -56.205673, -30.0554516 ], [ -56.2049523, -30.0560693 ], [ -56.2045124, -30.0561211 ], [ -56.2034501, -30.0557535 ], [ -56.2026431, -30.0545486 ], [ -56.2014576, -30.0544887 ], [ -56.2007891, -30.0549538 ], [ -56.2002101, -30.05515590000001 ], [ -56.1996682, -30.0557807 ], [ -56.198454, -30.0560112 ], [ -56.1977927, -30.0571315 ], [ -56.1967275, -30.0574455 ], [ -56.1962597, -30.0582537 ], [ -56.195902, -30.0583776 ], [ -56.1956524, -30.0587138 ], [ -56.1956079, -30.0594033 ], [ -56.1953307, -30.059769 ], [ -56.1939135, -30.058505 ], [ -56.1929709, -30.058001 ], [ -56.1923787, -30.0573773 ], [ -56.1919249, -30.0562934 ], [ -56.1912599, -30.0566449 ], [ -56.1908289, -30.056702499999989 ], [ -56.1890724, -30.0563445 ], [ -56.1876963, -30.0552811 ], [ -56.1875686, -30.0544888 ], [ -56.1873148, -30.054353 ], [ -56.1872322, -30.0537017 ], [ -56.1868009, -30.0536037 ], [ -56.1866371, -30.0534069 ], [ -56.1849872, -30.0530906 ], [ -56.1830365, -30.0534303 ], [ -56.1821152, -30.053738700000014 ], [ -56.1817939, -30.0539848 ], [ -56.1814841, -30.0545018 ], [ -56.1817316, -30.055562 ], [ -56.1814973, -30.0561474 ], [ -56.1810037, -30.0563864 ], [ -56.1806319, -30.056398599999987 ], [ -56.1796, -30.0559346 ], [ -56.1792415, -30.0559146 ], [ -56.1789942, -30.0561649 ], [ -56.1789575, -30.056711 ], [ -56.1773702, -30.0572128 ], [ -56.1757717, -30.0575299 ], [ -56.175171, -30.0574714 ], [ -56.1748286, -30.0570665 ], [ -56.1750686, -30.0564333 ], [ -56.1744257, -30.056367399999989 ], [ -56.1737727, -30.0560751 ], [ -56.1735037, -30.0557874 ], [ -56.1733003, -30.0551938 ], [ -56.1729194, -30.0551953 ], [ -56.1717225, -30.054519699999986 ], [ -56.1703463, -30.054488799999987 ], [ -56.1705981, -30.0553045 ], [ -56.1701399, -30.0565911 ], [ -56.1700171, -30.0575932 ], [ -56.1697897, -30.0577803 ], [ -56.169436, -30.0577771 ], [ -56.1676738, -30.057185099999987 ], [ -56.1662587, -30.0562101 ], [ -56.1635259, -30.0561673 ], [ -56.1627497, -30.0564885 ], [ -56.1622446, -30.0574163 ], [ -56.1608105, -30.0582846 ], [ -56.1594324, -30.0581515 ], [ -56.1585087, -30.0584586 ], [ -56.1578894, -30.058929 ], [ -56.1575804, -30.0589239 ], [ -56.1575521, -30.0586541 ], [ -56.1563548, -30.0589906 ], [ -56.1556671, -30.0594423 ], [ -56.1549105, -30.0592284 ], [ -56.1534018, -30.0592111 ], [ -56.153413509524249, -30.059644102112667 ], [ -56.1562, -30.0638 ], [ -56.1615, -30.0633 ], [ -56.1627, -30.0638 ], [ -56.165, -30.0683 ], [ -56.171, -30.074 ], [ -56.1714, -30.0774 ], [ -56.1762, -30.0796 ], [ -56.1818, -30.0859 ], [ -56.1917, -30.0868 ], [ -56.195, -30.0894 ], [ -56.2, -30.088 ], [ -56.2101, -30.0896 ], [ -56.2133, -30.0913 ], [ -56.2161, -30.0897 ], [ -56.2198, -30.0922 ], [ -56.2246, -30.0914 ], [ -56.231, -30.0918 ], [ -56.2353, -30.0938 ], [ -56.2396, -30.097 ], [ -56.2464, -30.0987 ], [ -56.249, -30.1023 ], [ -56.2505, -30.103 ], [ -56.2558, -30.1023 ], [ -56.2576, -30.1034 ], [ -56.2588, -30.1062 ], [ -56.2643, -30.1075 ], [ -56.269, -30.1104 ], [ -56.2784, -30.1141 ], [ -56.2804, -30.1144 ], [ -56.2905, -30.1123 ], [ -56.2931, -30.113 ], [ -56.299, -30.1168 ], [ -56.304, -30.1165 ], [ -56.3081, -30.1146 ], [ -56.3105, -30.1148 ], [ -56.3178, -30.1194 ], [ -56.3205, -30.1201 ], [ -56.3312, -30.1197 ], [ -56.335, -30.1188 ], [ -56.3392, -30.1189 ], [ -56.3426, -30.1206 ], [ -56.3487, -30.1193 ], [ -56.3536, -30.1152 ], [ -56.3585, -30.113 ], [ -56.365, -30.113 ], [ -56.3699, -30.1155 ], [ -56.3752, -30.1162 ], [ -56.3791, -30.1178 ], [ -56.3893, -30.1151 ], [ -56.3942, -30.1152 ], [ -56.3994, -30.1165 ], [ -56.406, -30.1163 ], [ -56.413, -30.1208 ], [ -56.4169, -30.1218 ], [ -56.4261, -30.1208 ], [ -56.4304, -30.124 ], [ -56.4337, -30.1249 ], [ -56.4358, -30.1323 ], [ -56.4396, -30.1369 ], [ -56.4454, -30.1373 ], [ -56.4492, -30.1393 ], [ -56.4599, -30.1408 ], [ -56.4608, -30.1424 ], [ -56.4621, -30.1429 ], [ -56.466, -30.1418 ], [ -56.4726, -30.1434 ], [ -56.4776, -30.1458 ], [ -56.4803, -30.1495 ], [ -56.4822, -30.1504 ], [ -56.489, -30.15 ], [ -56.5006, -30.1475 ], [ -56.5037, -30.1481 ], [ -56.5059, -30.1497 ], [ -56.5094, -30.1564 ], [ -56.5128, -30.159 ], [ -56.5151, -30.1587 ], [ -56.5178, -30.1567 ], [ -56.5249, -30.1487 ], [ -56.5295, -30.1473 ], [ -56.535, -30.1444 ], [ -56.5448, -30.1352 ], [ -56.5468, -30.1343 ], [ -56.5621, -30.1456 ], [ -56.5686, -30.1467 ], [ -56.574, -30.1453 ], [ -56.5785, -30.1452 ], [ -56.5808, -30.1442 ], [ -56.584, -30.1443 ], [ -56.5876, -30.1448 ], [ -56.5907, -30.1465 ], [ -56.5942, -30.1458 ], [ -56.6002, -30.1481 ], [ -56.614, -30.1584 ], [ -56.6154, -30.1623 ], [ -56.6212, -30.1691 ], [ -56.6249, -30.1753 ], [ -56.6243, -30.1799 ], [ -56.6252, -30.183 ], [ -56.6434, -30.1869 ], [ -56.6483, -30.1872 ], [ -56.6509, -30.1884 ], [ -56.6528, -30.1924 ], [ -56.6541, -30.1983 ], [ -56.6581, -30.2013 ], [ -56.6608, -30.1983 ], [ -56.6637, -30.1974 ], [ -56.6699, -30.1994 ], [ -56.6766, -30.2003 ], [ -56.6787, -30.2003 ], [ -56.6802, -30.1986 ], [ -56.6803, -30.1948 ], [ -56.6819, -30.1945 ], [ -56.6855, -30.1961 ], [ -56.6921, -30.2026 ], [ -56.6963, -30.2051 ], [ -56.6982, -30.2044 ], [ -56.6983, -30.2027 ], [ -56.7005, -30.1976 ], [ -56.7021, -30.1956 ], [ -56.7042, -30.1935 ], [ -56.7075, -30.1897 ], [ -56.7084, -30.1881 ], [ -56.7062, -30.1833 ], [ -56.7048, -30.1793 ], [ -56.705, -30.177 ], [ -56.7056, -30.1761 ], [ -56.7099, -30.1758 ], [ -56.7135, -30.177 ], [ -56.7153, -30.1786 ], [ -56.7177, -30.1799 ], [ -56.7199, -30.1797 ], [ -56.7214, -30.1781 ], [ -56.7256, -30.1745 ], [ -56.7298, -30.1717 ], [ -56.7365, -30.1704 ], [ -56.7414, -30.168 ], [ -56.7466, -30.1667 ], [ -56.7516, -30.1647 ], [ -56.7582, -30.1608 ], [ -56.7609, -30.1604 ], [ -56.7644, -30.1614 ], [ -56.7691, -30.1631 ], [ -56.773, -30.1643 ], [ -56.7749, -30.1642 ], [ -56.7779, -30.1624 ], [ -56.7819, -30.1588 ], [ -56.783, -30.1561 ], [ -56.784, -30.1512 ], [ -56.7836, -30.1481 ], [ -56.7816, -30.1453 ], [ -56.7778, -30.1337 ], [ -56.7782, -30.1307 ], [ -56.7803, -30.1266 ], [ -56.7846, -30.1254 ], [ -56.7924, -30.1236 ], [ -56.7971, -30.123 ], [ -56.7994, -30.1223 ], [ -56.8019, -30.1199 ], [ -56.8019, -30.1161 ], [ -56.803, -30.1101 ], [ -56.8046, -30.106 ], [ -56.8081, -30.1032 ], [ -56.81, -30.103 ], [ -56.8125, -30.1065 ], [ -56.8145, -30.1076 ], [ -56.8168, -30.1073 ], [ -56.8186, -30.1061 ], [ -56.8208, -30.1018 ], [ -56.8222, -30.0979 ], [ -56.8242, -30.0956 ], [ -56.8336, -30.0923 ], [ -56.8427, -30.0903 ], [ -56.8504, -30.0889 ], [ -56.8542, -30.0888 ], [ -56.8574, -30.0891 ], [ -56.8646, -30.0901 ], [ -56.8692, -30.0936 ], [ -56.8721, -30.0937 ], [ -56.8737, -30.0927 ], [ -56.8738, -30.0904 ], [ -56.8733, -30.0887 ], [ -56.8745, -30.0862 ], [ -56.8761, -30.0867 ], [ -56.8786, -30.0881 ], [ -56.8812, -30.0885 ], [ -56.8848, -30.0871 ], [ -56.886, -30.0874 ], [ -56.8889, -30.0891 ], [ -56.8895, -30.0937 ], [ -56.8904, -30.097 ], [ -56.8919, -30.1003 ], [ -56.8952, -30.1045 ], [ -56.8985, -30.108 ], [ -56.9009, -30.1102 ], [ -56.9026, -30.1123 ], [ -56.9054, -30.1135 ], [ -56.9067, -30.1124 ], [ -56.9065, -30.1115 ], [ -56.9047, -30.1091 ], [ -56.9054, -30.1077 ], [ -56.9071, -30.1073 ], [ -56.91, -30.1082 ], [ -56.9123, -30.1105 ], [ -56.9139, -30.111 ], [ -56.9154, -30.1102 ], [ -56.9151, -30.1075 ], [ -56.912, -30.1043 ], [ -56.9114, -30.1011 ], [ -56.9149, -30.0991 ], [ -56.9162, -30.0969 ], [ -56.9178, -30.0962 ], [ -56.9261, -30.0953 ], [ -56.9307, -30.094 ], [ -56.9324, -30.0939 ], [ -56.936, -30.0945 ], [ -56.9404, -30.097 ], [ -56.9443, -30.0985 ], [ -56.9509, -30.0997 ], [ -56.9536, -30.1008 ], [ -56.9556, -30.1011 ], [ -56.9678, -30.0977 ], [ -56.9715, -30.0972 ], [ -56.9748, -30.0975 ], [ -56.9761, -30.098 ], [ -56.9774, -30.0976 ], [ -56.9783, -30.0949 ], [ -56.9804, -30.0922 ], [ -56.9816, -30.0897 ], [ -56.9845, -30.0874 ], [ -56.9874, -30.0871 ], [ -56.9934, -30.0857 ], [ -56.9978, -30.0863 ], [ -57.0017, -30.0873 ], [ -57.0058, -30.0878 ], [ -57.0139, -30.0875 ], [ -57.0183, -30.0878 ], [ -57.0208, -30.0873 ], [ -57.0239, -30.0875 ], [ -57.0289, -30.0928 ], [ -57.0301, -30.0953 ], [ -57.03, -30.099 ], [ -57.0303, -30.1006 ], [ -57.0313, -30.1021 ], [ -57.0335, -30.1031 ], [ -57.0358, -30.1035 ], [ -57.0403, -30.105 ], [ -57.0448, -30.1057 ], [ -57.0465, -30.1054 ], [ -57.0489, -30.1037 ], [ -57.0499, -30.1018 ], [ -57.0509, -30.101 ], [ -57.0534, -30.1006 ], [ -57.0579, -30.0986 ], [ -57.0609, -30.0993 ], [ -57.064, -30.101 ], [ -57.0664, -30.1016 ], [ -57.0678, -30.1012 ], [ -57.0693, -30.0992 ], [ -57.0678, -30.0942 ], [ -57.0671, -30.0912 ], [ -57.0656, -30.09 ], [ -57.0638, -30.0903 ], [ -57.0615, -30.0896 ], [ -57.0616, -30.0876 ], [ -57.0639, -30.0861 ], [ -57.0665, -30.0853 ], [ -57.0691, -30.0856 ], [ -57.0714, -30.087 ], [ -57.0736, -30.09 ], [ -57.0783, -30.0915 ], [ -57.0829, -30.0953 ], [ -57.0841, -30.0983 ], [ -57.0872, -30.101 ], [ -57.0872, -30.105 ], [ -57.0877, -30.1066 ], [ -57.089, -30.1079 ], [ -57.0912, -30.109 ], [ -57.0922, -30.1105 ], [ -57.0921, -30.1127 ], [ -57.0894, -30.1134 ], [ -57.0879, -30.1127 ], [ -57.0872, -30.1106 ], [ -57.0859, -30.1103 ], [ -57.0846, -30.1122 ], [ -57.0848, -30.1145 ], [ -57.087, -30.1181 ], [ -57.0893, -30.1204 ], [ -57.0924, -30.1218 ], [ -57.0955, -30.1213 ], [ -57.0951, -30.1189 ], [ -57.0953, -30.115 ], [ -57.0987, -30.1144 ], [ -57.1015, -30.1152 ], [ -57.1063, -30.1153 ], [ -57.1082, -30.1167 ], [ -57.1116, -30.1149 ], [ -57.1152, -30.1137 ], [ -57.1156, -30.1125 ], [ -57.1214, -30.1092 ], [ -57.134, -30.0883 ], [ -57.1384, -30.0735 ], [ -57.1363, -30.0674 ], [ -57.1362, -30.0645 ], [ -57.1518, -30.0568 ], [ -57.1528, -30.0567 ], [ -57.1553, -30.0596 ], [ -57.1605, -30.0604 ], [ -57.1624, -30.0598 ], [ -57.1662, -30.0566 ], [ -57.1677, -30.0543 ], [ -57.1696, -30.0504 ], [ -57.1701, -30.0463 ], [ -57.1848, -30.0427 ], [ -57.2148652, -30.0221536 ] ] ] ] } },
{ "type": "Feature", "properties": { "wts_pk": 138606, "codigo_otto": "826", "nivel_otto_declarado": 3, "area_m2_bho": 47170.086423960391, "nivel_otto": 3 }, "geometry": { "type": "Polygon", "coordinates": [ [ [ -56.1534144, -30.059594699999984 ], [ -56.1534018, -30.0592111 ], [ -56.1549105, -30.0592284 ], [ -56.1556671, -30.0594423 ], [ -56.1563548, -30.0589906 ], [ -56.1575521, -30.0586541 ], [ -56.1575804, -30.0589239 ], [ -56.1578894, -30.058929 ], [ -56.1585087, -30.0584586 ], [ -56.1594324, -30.0581515 ], [ -56.1608105, -30.0582846 ], [ -56.1622446, -30.0574163 ], [ -56.1627497, -30.0564885 ], [ -56.1635259, -30.0561673 ], [ -56.1662587, -30.0562101 ], [ -56.1676738, -30.057185099999987 ], [ -56.169436, -30.0577771 ], [ -56.1697897, -30.0577803 ], [ -56.1700171, -30.0575932 ], [ -56.1701399, -30.0565911 ], [ -56.1705981, -30.0553045 ], [ -56.1703463, -30.054488799999987 ], [ -56.1717225, -30.054519699999986 ], [ -56.1729194, -30.0551953 ], [ -56.1733003, -30.0551938 ], [ -56.1735037, -30.0557874 ], [ -56.1737727, -30.0560751 ], [ -56.1744257, -30.056367399999989 ], [ -56.1750686, -30.0564333 ], [ -56.1748286, -30.0570665 ], [ -56.175171, -30.0574714 ], [ -56.1757717, -30.0575299 ], [ -56.1773702, -30.0572128 ], [ -56.1789575, -30.056711 ], [ -56.1789942, -30.0561649 ], [ -56.1792415, -30.0559146 ], [ -56.1796, -30.0559346 ], [ -56.1806319, -30.056398599999987 ], [ -56.1810037, -30.0563864 ], [ -56.1814973, -30.0561474 ], [ -56.1817316, -30.055562 ], [ -56.1814841, -30.0545018 ], [ -56.1817939, -30.0539848 ], [ -56.1821152, -30.053738700000014 ], [ -56.1830365, -30.0534303 ], [ -56.1849872, -30.0530906 ], [ -56.1866371, -30.0534069 ], [ -56.1868009, -30.0536037 ], [ -56.1872322, -30.0537017 ], [ -56.1873148, -30.054353 ], [ -56.1875686, -30.0544888 ], [ -56.1876963, -30.0552811 ], [ -56.1890724, -30.0563445 ], [ -56.1908289, -30.056702499999989 ], [ -56.1912599, -30.0566449 ], [ -56.1919249, -30.0562934 ], [ -56.1923787, -30.0573773 ], [ -56.1929709, -30.058001 ], [ -56.1939135, -30.058505 ], [ -56.1953307, -30.059769 ], [ -56.1956079, -30.0594033 ], [ -56.1956524, -30.0587138 ], [ -56.195902, -30.0583776 ], [ -56.1962597, -30.0582537 ], [ -56.1967275, -30.0574455 ], [ -56.1977927, -30.0571315 ], [ -56.198454, -30.0560112 ], [ -56.1996682, -30.0557807 ], [ -56.2002101, -30.05515590000001 ], [ -56.2007891, -30.0549538 ], [ -56.2014576, -30.0544887 ], [ -56.2026431, -30.0545486 ], [ -56.2034501, -30.0557535 ], [ -56.2045124, -30.0561211 ], [ -56.2049523, -30.0560693 ], [ -56.205673, -30.0554516 ], [ -56.2059868, -30.0553502 ], [ -56.2071266, -30.0555869 ], [ -56.209984, -30.0556071 ], [ -56.2109332, -30.0558471 ], [ -56.211721, -30.0558543 ], [ -56.2127741, -30.0554458 ], [ -56.2128466, -30.0542109 ], [ -56.2139148, -30.0541723 ], [ -56.2148934, -30.0534583 ], [ -56.2169915, -30.0533354 ], [ -56.2178651, -30.05286 ], [ -56.2191953, -30.05308 ], [ -56.2209912, -30.053149599999983 ], [ -56.2217355, -30.0536553 ], [ -56.2224599, -30.053659099999983 ], [ -56.2226259, -30.0539155 ], [ -56.2231244, -30.0539331 ], [ -56.2234515, -30.0524038 ], [ -56.2237708, -30.0520578 ], [ -56.2251392, -30.0515387 ], [ -56.2256431, -30.0515552 ], [ -56.2269367, -30.0509367 ], [ -56.2280227, -30.0507971 ], [ -56.2285585, -30.0505034 ], [ -56.2290512, -30.0495573 ], [ -56.2293513, -30.0492931 ], [ -56.2300989, -30.0492166 ], [ -56.2309407, -30.0494115 ], [ -56.2313462, -30.0493262 ], [ -56.2324033, -30.0497033 ], [ -56.2329712, -30.049379699999985 ], [ -56.2331244, -30.048933 ], [ -56.2332759, -30.048933199999983 ], [ -56.233423, -30.049447 ], [ -56.233658, -30.0495312 ], [ -56.23368, -30.04976640000001 ], [ -56.2339012, -30.0497428 ], [ -56.2350257, -30.0493614 ], [ -56.2354854, -30.0484825 ], [ -56.2363124, -30.047663 ], [ -56.2373637, -30.0478704 ], [ -56.2382324, -30.0482917 ], [ -56.2386609, -30.0483499 ], [ -56.239193, -30.048200699999988 ], [ -56.2396977, -30.0476086 ], [ -56.2409337, -30.0472865 ], [ -56.2417207, -30.0472888 ], [ -56.2421914, -30.0476179 ], [ -56.2423636, -30.0482268 ], [ -56.2426689, -30.0485774 ], [ -56.2440431, -30.049187199999988 ], [ -56.2450689, -30.048933 ], [ -56.2457785, -30.0482598 ], [ -56.2460331, -30.0476498 ], [ -56.2469125, -30.0483208 ], [ -56.2484023, -30.0483774 ], [ -56.2487564, -30.0476039 ], [ -56.2491534, -30.047317 ], [ -56.2505968, -30.0472218 ], [ -56.2512803, -30.0470365 ], [ -56.2520638, -30.0472049 ], [ -56.2526038, -30.0469796 ], [ -56.2528187, -30.0466779 ], [ -56.2529055, -30.0454663 ], [ -56.2532551, -30.044867 ], [ -56.253812, -30.0446456 ], [ -56.2541617, -30.0442968 ], [ -56.2547912, -30.0444885 ], [ -56.2557607, -30.0434849 ], [ -56.2568418, -30.0430519 ], [ -56.2579382, -30.0423754 ], [ -56.2586801, -30.0422663 ], [ -56.2584126, -30.0417879 ], [ -56.2584266, -30.040746399999986 ], [ -56.2588836, -30.0402552 ], [ -56.2589579, -30.0397663 ], [ -56.2593276, -30.039101499999987 ], [ -56.2599377, -30.0388247 ], [ -56.2603067, -30.0382417 ], [ -56.2605055, -30.037654 ], [ -56.2602039, -30.0371149 ], [ -56.2610444, -30.0366104 ], [ -56.2620926, -30.0353844 ], [ -56.2627684, -30.0348896 ], [ -56.2636801, -30.0330996 ], [ -56.2646229, -30.0335898 ], [ -56.2649113, -30.0335975 ], [ -56.2652806, -30.0332344 ], [ -56.2654789, -30.0323729 ], [ -56.2662861, -30.0315167 ], [ -56.267571, -30.0311616 ], [ -56.2691034, -30.0313214 ], [ -56.2696022, -30.0302101 ], [ -56.2702428, -30.0298614 ], [ -56.2705026, -30.0290553 ], [ -56.2713447, -30.028839100000013 ], [ -56.2716469, -30.028574399999986 ], [ -56.271685, -30.0274167 ], [ -56.2713428, -30.0270803 ], [ -56.2704179, -30.026820299999986 ], [ -56.2701157, -30.0262934 ], [ -56.270267, -30.0259449 ], [ -56.2725456, -30.0258398 ], [ -56.2756246, -30.025044 ], [ -56.2758527, -30.0247916 ], [ -56.277667, -30.0247452 ], [ -56.27831, -30.0244028 ], [ -56.2784024, -30.0242106 ], [ -56.2789009, -30.024193 ], [ -56.2790392, -30.0239422 ], [ -56.2801395, -30.0238984 ], [ -56.2813156, -30.0234216 ], [ -56.2821599, -30.023336199999989 ], [ -56.28365, -30.0228257 ], [ -56.2848701, -30.022873 ], [ -56.2868264, -30.0234353 ], [ -56.2877728, -30.0238865 ], [ -56.2883733, -30.0238932 ], [ -56.2890795, -30.0231985 ], [ -56.290396, -30.023018 ], [ -56.2909446, -30.0225865 ], [ -56.2918749, -30.0225655 ], [ -56.2926093, -30.0227509 ], [ -56.2937096, -30.022307 ], [ -56.2949304, -30.0224104 ], [ -56.2951234, -30.0216827 ], [ -56.2953726, -30.0214746 ], [ -56.2971632, -30.021464 ], [ -56.2977919, -30.0218604 ], [ -56.2988169, -30.0208398 ], [ -56.2990945, -30.0200679 ], [ -56.2995263, -30.0197893 ], [ -56.3002213, -30.0198446 ], [ -56.3018472, -30.0208025 ], [ -56.3027893, -30.0210509 ], [ -56.3033176, -30.0207212 ], [ -56.3035343, -30.0198735 ], [ -56.3044986, -30.019208599999988 ], [ -56.3055235, -30.019568299999982 ], [ -56.3058863, -30.0198716 ], [ -56.3063599, -30.0206782 ], [ -56.3065933, -30.021611499999988 ], [ -56.3074295, -30.0216997 ], [ -56.3077387, -30.0215323 ], [ -56.3078469, -30.0212879 ], [ -56.3076663, -30.0203932 ], [ -56.3085811, -30.0193001 ], [ -56.3116034, -30.0191868 ], [ -56.3126447, -30.018937599999987 ], [ -56.3145137, -30.0189327 ], [ -56.3145137, -30.0181605 ], [ -56.314678, -30.0179268 ], [ -56.3166351, -30.0185144 ], [ -56.3168759, -30.0178699 ], [ -56.31853, -30.0159778 ], [ -56.3189704, -30.0156798 ], [ -56.3192359, -30.0150438 ], [ -56.3203237, -30.014992 ], [ -56.320347, -30.0142105 ], [ -56.3201488, -30.0139929 ], [ -56.3201325, -30.0135201 ], [ -56.3210445, -30.0124838 ], [ -56.320965, -30.0119157 ], [ -56.3212175, -30.0115603 ], [ -56.3221801, -30.0110682 ], [ -56.3229633, -30.0104135 ], [ -56.3251514, -30.0099868 ], [ -56.3268408, -30.0090167 ], [ -56.3291911, -30.0085269 ], [ -56.3299347, -30.0075838 ], [ -56.3307996, -30.0069069 ], [ -56.331039, -30.0054292 ], [ -56.3321873, -30.0049602 ], [ -56.3346351, -30.0031551 ], [ -56.3360742, -30.0028377 ], [ -56.3363654, -30.0029894 ], [ -56.3365594, -30.0035767 ], [ -56.3368056, -30.003807 ], [ -56.3375636, -30.0037074 ], [ -56.3388418, -30.0040212 ], [ -56.3399471, -30.0048623 ], [ -56.3406065, -30.0058816 ], [ -56.3413854, -30.005264 ], [ -56.342065, -30.0043431 ], [ -56.3430455, -30.004053399999989 ], [ -56.343115, -30.0035362 ], [ -56.3428885, -30.0030023 ], [ -56.34457, -30.0021053 ], [ -56.346024, -30.0030163 ], [ -56.3464478, -30.0030524 ], [ -56.3473915, -30.0020903 ], [ -56.3484031, -30.0022194 ], [ -56.3492318, -30.0019617 ], [ -56.3501492, -30.0011531 ], [ -56.3508364, -30.0014871 ], [ -56.3516259, -30.0027379 ], [ -56.3521762, -30.002208 ], [ -56.3522916, -30.0017103 ], [ -56.3527243, -30.0011657 ], [ -56.3532889, -30.001184 ], [ -56.3542237, -30.0017131 ], [ -56.3546902, -30.0014777 ], [ -56.3566309, -30.0013495 ], [ -56.3576275, -30.0001811 ], [ -56.3582908, -29.9999513 ], [ -56.358635, -29.9996311 ], [ -56.3588643, -29.9991081 ], [ -56.3586805, -29.9975436 ], [ -56.3593069, -29.9974544 ], [ -56.3600998, -29.9970047 ], [ -56.3607566, -29.9970976 ], [ -56.3610421, -29.997962699999984 ], [ -56.361817, -29.9978307 ], [ -56.3624203, -29.9979314 ], [ -56.362901, -29.9990747 ], [ -56.3633082, -29.999438 ], [ -56.365471, -29.9999418 ], [ -56.3664583, -29.9997658 ], [ -56.3665067, -30.0004096 ], [ -56.3668023, -30.0008247 ], [ -56.3677286, -30.0012484 ], [ -56.3693304, -30.002323 ], [ -56.3699303, -30.0033406 ], [ -56.3708152, -30.003824899999984 ], [ -56.3711806, -30.0050436 ], [ -56.3716963, -30.0052726 ], [ -56.3723301, -30.005312 ], [ -56.3744021, -30.0048721 ], [ -56.3752235, -30.0054124 ], [ -56.3761845, -30.007281399999989 ], [ -56.3756519, -30.0079875 ], [ -56.3756059, -30.009257099999989 ], [ -56.3753854, -30.009728 ], [ -56.3756251, -30.0100436 ], [ -56.3756036, -30.0104797 ], [ -56.3751086, -30.0114338 ], [ -56.3758676, -30.0124866 ], [ -56.3759029, -30.0139325 ], [ -56.3765694, -30.0136701 ], [ -56.3774558, -30.01366 ], [ -56.3778199, -30.013775 ], [ -56.378287, -30.0142374 ], [ -56.3782996, -30.014684 ], [ -56.3777007, -30.0151524 ], [ -56.3776375, -30.0154649 ], [ -56.3779552, -30.0157786 ], [ -56.37915, -30.0160498 ], [ -56.3792303, -30.0165635 ], [ -56.3789802, -30.0173164 ], [ -56.379005, -30.0178566 ], [ -56.3802132, -30.0187127 ], [ -56.3800971, -30.0193908 ], [ -56.3802401, -30.0197718 ], [ -56.3818298, -30.0206697 ], [ -56.3823958, -30.0213155 ], [ -56.3833265, -30.020372 ], [ -56.3842187, -30.0203428 ], [ -56.3851303, -30.0206433 ], [ -56.3851261, -30.0221149 ], [ -56.3861476, -30.0229958 ], [ -56.3865535, -30.0241359 ], [ -56.3872008, -30.0242861 ], [ -56.3876764, -30.0247037 ], [ -56.3881109, -30.0244843 ], [ -56.3891032, -30.0245738 ], [ -56.3898901, -30.0252462 ], [ -56.3905492, -30.0255486 ], [ -56.3921982, -30.0254653 ], [ -56.3926299, -30.0265654 ], [ -56.3930653, -30.0271858 ], [ -56.3931253, -30.0278213 ], [ -56.393854, -30.0277014 ], [ -56.3949264, -30.0268106 ], [ -56.3953239, -30.026712 ], [ -56.3964262, -30.026735700000017 ], [ -56.3984031, -30.0272657 ], [ -56.3983761, -30.0288912 ], [ -56.3979187, -30.029825799999987 ], [ -56.3985794, -30.0306752 ], [ -56.3987842, -30.0316282 ], [ -56.399767, -30.0323786 ], [ -56.4005657, -30.0335208 ], [ -56.4003476, -30.035043499999983 ], [ -56.4014587, -30.0355991 ], [ -56.4014587, -30.035876799999986 ], [ -56.401804, -30.0363312 ], [ -56.4028953, -30.0374133 ], [ -56.4040384, -30.0376003 ], [ -56.4046939, -30.0378991 ], [ -56.4049662, -30.0381818 ], [ -56.4052059, -30.0388291 ], [ -56.4062437, -30.0393689 ], [ -56.4070106, -30.039259800000014 ], [ -56.4080412, -30.0397083 ], [ -56.4092365, -30.0397657 ], [ -56.409712, -30.0395304 ], [ -56.4129241, -30.0391474 ], [ -56.4137268, -30.03844 ], [ -56.4152682, -30.0391359 ], [ -56.4159032, -30.0392101 ], [ -56.4165603, -30.038456 ], [ -56.4183132, -30.037665 ], [ -56.4183404, -30.0374121 ], [ -56.4179321, -30.0368472 ], [ -56.4175699, -30.035599 ], [ -56.4183463, -30.035839 ], [ -56.4193568, -30.0359229 ], [ -56.4207383, -30.0366399 ], [ -56.4214588, -30.0367101 ], [ -56.4217819, -30.035458 ], [ -56.4221194, -30.0351263 ], [ -56.4237505, -30.0349791 ], [ -56.424359, -30.0345765 ], [ -56.4251805, -30.0343171 ], [ -56.427207, -30.0346272 ], [ -56.4272034, -30.0343051 ], [ -56.4266013, -30.0338371 ], [ -56.4264721, -30.033539 ], [ -56.4264578, -30.0322308 ], [ -56.426745, -30.031821 ], [ -56.4274418, -30.0317082 ], [ -56.4280443, -30.0319615 ], [ -56.4287677, -30.0319714 ], [ -56.4292366, -30.0317101 ], [ -56.429671, -30.0312135 ], [ -56.4308558, -30.0307466 ], [ -56.4319235, -30.0294137 ], [ -56.4322357, -30.0287807 ], [ -56.4321483, -30.0273605 ], [ -56.4332354, -30.0265439 ], [ -56.4346409, -30.0267205 ], [ -56.435541, -30.0265543 ], [ -56.4357754, -30.025922799999986 ], [ -56.4364639, -30.025341 ], [ -56.4359178, -30.0249702 ], [ -56.4359033, -30.02421 ], [ -56.4367598, -30.0239032 ], [ -56.4371528, -30.0234707 ], [ -56.4379047, -30.0232104 ], [ -56.4387101, -30.0236209 ], [ -56.4399604, -30.0235796 ], [ -56.4402616, -30.0233145 ], [ -56.4404502, -30.0226807 ], [ -56.4407698, -30.0223204 ], [ -56.4425442, -30.0215794 ], [ -56.4427928, -30.0212954 ], [ -56.4427912, -30.0210225 ], [ -56.4421122, -30.0204398 ], [ -56.4417366, -30.0194878 ], [ -56.4424905, -30.019154800000013 ], [ -56.4439263, -30.0176129 ], [ -56.4454231, -30.0178745 ], [ -56.4469065, -30.0184645 ], [ -56.447178, -30.0187653 ], [ -56.4471545, -30.0193844 ], [ -56.4482369, -30.0202395 ], [ -56.4490055, -30.0205997 ], [ -56.4494657, -30.0199453 ], [ -56.4495846, -30.0192654 ], [ -56.4501768, -30.0187117 ], [ -56.4504792, -30.018598 ], [ -56.4515084, -30.017675 ], [ -56.4521728, -30.017449 ], [ -56.4529628, -30.0168008 ], [ -56.4544316, -30.0162086 ], [ -56.4553846, -30.016090099999985 ], [ -56.4559034, -30.0158766 ], [ -56.4559514, -30.0168484 ], [ -56.4565045, -30.0176925 ], [ -56.4574529, -30.0179136 ], [ -56.4588818, -30.018599 ], [ -56.460793, -30.0189133 ], [ -56.4611067, -30.018785199999989 ], [ -56.4614008, -30.0182399 ], [ -56.4613255, -30.0170869 ], [ -56.4623017, -30.016991800000014 ], [ -56.4634589, -30.0172394 ], [ -56.4644293, -30.0170403 ], [ -56.4654249, -30.0171922 ], [ -56.4663232, -30.016027 ], [ -56.4659795, -30.0154542 ], [ -56.465995, -30.0151139 ], [ -56.4663501, -30.0148111 ], [ -56.4669102, -30.0147822 ], [ -56.4675701, -30.015043200000012 ], [ -56.4678687, -30.015763 ], [ -56.4690092, -30.0168555 ], [ -56.4699623, -30.017073 ], [ -56.4705874, -30.017389499999986 ], [ -56.4713059, -30.0188192 ], [ -56.4716268, -30.018831100000011 ], [ -56.4722596, -30.0184442 ], [ -56.4729997, -30.018742199999988 ], [ -56.4740546, -30.0205236 ], [ -56.4753927, -30.0218542 ], [ -56.4770146, -30.0219877 ], [ -56.4770735, -30.0223987 ], [ -56.4775172, -30.0226562 ], [ -56.4777919, -30.0232539 ], [ -56.4771534, -30.023615 ], [ -56.4764567, -30.0236721 ], [ -56.4777575, -30.02499 ], [ -56.4795372, -30.0255572 ], [ -56.4804898, -30.0254529 ], [ -56.4810183, -30.0260633 ], [ -56.4822833, -30.026395 ], [ -56.4829045, -30.0259408 ], [ -56.484169, -30.0258558 ], [ -56.4865566, -30.023447600000011 ], [ -56.4871099, -30.023205 ], [ -56.4875702, -30.0233765 ], [ -56.4873439, -30.0221875 ], [ -56.4880099, -30.0212489 ], [ -56.48776, -30.0204885 ], [ -56.4871249, -30.019932 ], [ -56.4873276, -30.0188929 ], [ -56.4882201, -30.0167844 ], [ -56.4894232, -30.0159828 ], [ -56.4896606, -30.0148804 ], [ -56.4907906, -30.0146742 ], [ -56.4918307, -30.0141545 ], [ -56.4919538, -30.0139309 ], [ -56.4918653, -30.013431 ], [ -56.4920998, -30.0128965 ], [ -56.4931258, -30.0119876 ], [ -56.4944202, -30.0122172 ], [ -56.4947618, -30.0121447 ], [ -56.4950301, -30.0117653 ], [ -56.4951526, -30.0107645 ], [ -56.4959407, -30.0101652 ], [ -56.4972925, -30.0100431 ], [ -56.4970839, -30.0095241 ], [ -56.4972628, -30.0084159 ], [ -56.4968423, -30.0076968 ], [ -56.4970565, -30.0073844 ], [ -56.4980035, -30.0070977 ], [ -56.4988871, -30.0077021 ], [ -56.4995668, -30.0065662 ], [ -56.4999743, -30.0064726 ], [ -56.5005087, -30.0065937 ], [ -56.5008839, -30.0063289 ], [ -56.5018827, -30.004325 ], [ -56.5032137, -30.003867899999989 ], [ -56.5038879, -30.0031492 ], [ -56.5047673, -30.003133499999983 ], [ -56.5055189, -30.0035449 ], [ -56.5063124, -30.0027947 ], [ -56.5063106, -30.0025143 ], [ -56.5056896, -30.0012835 ], [ -56.5055014, -29.9997896 ], [ -56.5050594, -29.9995178 ], [ -56.5032544, -29.999363299999985 ], [ -56.5034566, -29.9977664 ], [ -56.5038048, -29.997085 ], [ -56.5029395, -29.9972255 ], [ -56.5024838, -29.9970145 ], [ -56.502513, -29.9960151 ], [ -56.5020823, -29.9953791 ], [ -56.5009326, -29.9953491 ], [ -56.4999052, -29.9957726 ], [ -56.4990088, -29.995054 ], [ -56.4989748, -29.9946375 ], [ -56.4992335, -29.994313899999984 ], [ -56.4992368, -29.992820899999984 ], [ -56.4996528, -29.9924995 ], [ -56.5001449, -29.9915835 ], [ -56.5007528, -29.9909032 ], [ -56.5011054, -29.990655499999988 ], [ -56.502369, -29.9905303 ], [ -56.5032857, -29.9901524 ], [ -56.5043411, -29.990789 ], [ -56.5057927, -29.9912415 ], [ -56.5065188, -29.9916836 ], [ -56.5072547, -29.9916533 ], [ -56.5081528, -29.9912189 ], [ -56.5085359, -29.9918803 ], [ -56.5090624, -29.9921832 ], [ -56.5107128, -29.9922075 ], [ -56.5119712, -29.9911581 ], [ -56.5123016, -29.991552 ], [ -56.5126148, -29.9916621 ], [ -56.5133366, -29.9911068 ], [ -56.5140547, -29.989563 ], [ -56.5154966, -29.9883475 ], [ -56.5163103, -29.9866217 ], [ -56.5167369, -29.9864319 ], [ -56.517083, -29.9854566 ], [ -56.5179467, -29.9848358 ], [ -56.5184259, -29.984787 ], [ -56.5189479, -29.9849989 ], [ -56.5197238, -29.9850446 ], [ -56.5201249, -29.9848131 ], [ -56.5207036, -29.9848237 ], [ -56.5212322, -29.9854657 ], [ -56.5218803, -29.9859132 ], [ -56.5220994, -29.9865484 ], [ -56.5222872, -29.986646799999988 ], [ -56.522848, -29.9864319 ], [ -56.5230501, -29.9860329 ], [ -56.5229474, -29.9856655 ], [ -56.5241545, -29.9852566 ], [ -56.5244955, -29.984871 ], [ -56.5235039, -29.9838523 ], [ -56.5233313, -29.9829763 ], [ -56.5226504, -29.9821251 ], [ -56.5227807, -29.981430899999985 ], [ -56.5226189, -29.9808461 ], [ -56.5226766, -29.9801198 ], [ -56.5221443, -29.9801216 ], [ -56.520991, -29.9810975 ], [ -56.5195349, -29.9808431 ], [ -56.5192924, -29.9806375 ], [ -56.5191272, -29.9795744 ], [ -56.5185454, -29.9790976 ], [ -56.5182991, -29.978458300000014 ], [ -56.5174327, -29.9777015 ], [ -56.5171561, -29.9771088 ], [ -56.5162984, -29.977088 ], [ -56.5152235, -29.9775141 ], [ -56.5145203, -29.9773228 ], [ -56.5145298, -29.9747124 ], [ -56.5147369, -29.9738801 ], [ -56.5146187, -29.973776 ], [ -56.5138243, -29.9738186 ], [ -56.5131765, -29.9728271 ], [ -56.5134683, -29.9713059 ], [ -56.513936, -29.9702739 ], [ -56.5137241, -29.9689574 ], [ -56.5141411, -29.9684897 ], [ -56.514499, -29.9675007 ], [ -56.5142301, -29.9656138 ], [ -56.513959, -29.9655986 ], [ -56.5138517, -29.965241100000011 ], [ -56.5132253, -29.9646912 ], [ -56.5133433, -29.9636073 ], [ -56.5123061, -29.9621649 ], [ -56.511983, -29.9620541 ], [ -56.5113404, -29.9622362 ], [ -56.5107432, -29.9621787 ], [ -56.5096467, -29.9609917 ], [ -56.5088002, -29.9607822 ], [ -56.5081408, -29.9602144 ], [ -56.5076457, -29.9590743 ], [ -56.5077757, -29.958231 ], [ -56.507232, -29.9573126 ], [ -56.5066106, -29.9569951 ], [ -56.5057666, -29.9569958 ], [ -56.5050599, -29.9571823 ], [ -56.5045145, -29.956987500000011 ], [ -56.5047706, -29.9559764 ], [ -56.5042822, -29.9538476 ], [ -56.5045458, -29.9534995 ], [ -56.5049081, -29.9533877 ], [ -56.5080701, -29.9534676 ], [ -56.5081788, -29.9525112 ], [ -56.5086169, -29.9518318 ], [ -56.5086868, -29.951370299999986 ], [ -56.508634, -29.9502767 ], [ -56.5082349, -29.9495936 ], [ -56.5091576, -29.9488739 ], [ -56.5096576, -29.947861 ], [ -56.5105297, -29.9471895 ], [ -56.5106256, -29.9455986 ], [ -56.5114991, -29.9456488 ], [ -56.5126181, -29.9459338 ], [ -56.5127413, -29.9463465 ], [ -56.5137351, -29.9471445 ], [ -56.5140753, -29.9471798 ], [ -56.5139991, -29.9461201 ], [ -56.5150075, -29.9448939 ], [ -56.5151062, -29.9427716 ], [ -56.5155799, -29.9417121 ], [ -56.5171939, -29.9422267 ], [ -56.5179644, -29.942267 ], [ -56.5183272, -29.9421302 ], [ -56.5186017, -29.9414922 ], [ -56.5199226, -29.9413431 ], [ -56.5203311, -29.9408299 ], [ -56.520168, -29.9395563 ], [ -56.5206871, -29.9389753 ], [ -56.5211956, -29.9386828 ], [ -56.5218086, -29.9387117 ], [ -56.5226079, -29.9391347 ], [ -56.5232406, -29.9387784 ], [ -56.5242612, -29.9389161 ], [ -56.5252031, -29.9386775 ], [ -56.5267367, -29.9386541 ], [ -56.5268192, -29.9388882 ], [ -56.527201, -29.9389641 ], [ -56.527416, -29.9391932 ], [ -56.5286812, -29.9392096 ], [ -56.5284121, -29.938766 ], [ -56.5286596, -29.9385704 ], [ -56.5287286, -29.9381507 ], [ -56.528959, -29.938098500000013 ], [ -56.5289574, -29.937879100000011 ], [ -56.5285003, -29.9365313 ], [ -56.5287722, -29.9360267 ], [ -56.5291926, -29.93591 ], [ -56.5295857, -29.934088 ], [ -56.5300177, -29.9334144 ], [ -56.5301489, -29.9324266 ], [ -56.5307214, -29.9320631 ], [ -56.5315322, -29.9319027 ], [ -56.5320145, -29.931431800000013 ], [ -56.5317428, -29.9303107 ], [ -56.5322982, -29.9286287 ], [ -56.5320417, -29.928496 ], [ -56.5314329, -29.9286357 ], [ -56.5310201, -29.9285511 ], [ -56.5309421, -29.9275128 ], [ -56.5317062, -29.926872 ], [ -56.5323893, -29.925750699999988 ], [ -56.5330103, -29.9252151 ], [ -56.5328257, -29.9250764 ], [ -56.531127, -29.924782 ], [ -56.5307438, -29.924855 ], [ -56.53015, -29.9252599 ], [ -56.5297909, -29.9252901 ], [ -56.529304, -29.924885 ], [ -56.5292338, -29.9245041 ], [ -56.5294531, -29.9241479 ], [ -56.5295638, -29.9230558 ], [ -56.5305221, -29.9219054 ], [ -56.5307023, -29.9210362 ], [ -56.5311459, -29.9203623 ], [ -56.5311908, -29.9198065 ], [ -56.5308308, -29.9188063 ], [ -56.5295766, -29.917679 ], [ -56.5292697, -29.9167465 ], [ -56.5292366, -29.9158763 ], [ -56.5300237, -29.9156131 ], [ -56.5323729, -29.9155433 ], [ -56.5338594, -29.9146865 ], [ -56.5350136, -29.9129613 ], [ -56.5360067, -29.9106801 ], [ -56.5371936, -29.9091316 ], [ -56.5384721, -29.9070338 ], [ -56.5390443, -29.9067424 ], [ -56.5398276, -29.9069091 ], [ -56.5406366, -29.9067536 ], [ -56.5414589, -29.9069873 ], [ -56.5413358, -29.905622099999988 ], [ -56.540999, -29.9053694 ], [ -56.5396288, -29.904938 ], [ -56.5391302, -29.9045839 ], [ -56.5388679, -29.9045747 ], [ -56.5380163, -29.9052434 ], [ -56.5372245, -29.905491899999987 ], [ -56.536524, -29.9050009 ], [ -56.5362242, -29.9045382 ], [ -56.5360882, -29.90327 ], [ -56.5354052, -29.9029604 ], [ -56.5348622, -29.9024876 ], [ -56.5341344, -29.9012345 ], [ -56.5334545, -29.9006482 ], [ -56.5331475, -29.899664 ], [ -56.533302, -29.8993274 ], [ -56.533681, -29.8992096 ], [ -56.5336595, -29.8985215 ], [ -56.5326422, -29.8977635 ], [ -56.5322766, -29.8967364 ], [ -56.5320556, -29.8967194 ], [ -56.5319887, -29.896966699999989 ], [ -56.5317366, -29.8969873 ], [ -56.5317253, -29.8972408 ], [ -56.531464, -29.8973001 ], [ -56.5314588, -29.8975429 ], [ -56.5309363, -29.8975069 ], [ -56.5305024, -29.8972896 ], [ -56.5298516, -29.8962865 ], [ -56.5297482, -29.8949935 ], [ -56.5291363, -29.8938019 ], [ -56.5284103, -29.8938803 ], [ -56.5279182, -29.8936096 ], [ -56.5269388, -29.8921441 ], [ -56.5255755, -29.8907304 ], [ -56.5240463, -29.89043 ], [ -56.5235871, -29.887617 ], [ -56.5232939, -29.8873515 ], [ -56.5218332, -29.8869109 ], [ -56.5209031, -29.8858763 ], [ -56.5211531, -29.8853083 ], [ -56.5211952, -29.884176199999988 ], [ -56.5211256, -29.8835219 ], [ -56.5208886, -29.88320280000001 ], [ -56.5193104, -29.8822067 ], [ -56.5188119, -29.8812697 ], [ -56.5173555, -29.8805421 ], [ -56.517079, -29.8801134 ], [ -56.5172189, -29.8793382 ], [ -56.5169739, -29.8790522 ], [ -56.5159322, -29.8789547 ], [ -56.5149428, -29.879378 ], [ -56.5145466, -29.8790415 ], [ -56.5147785, -29.878235200000013 ], [ -56.5142978, -29.8773376 ], [ -56.5145073, -29.8763905 ], [ -56.5142658, -29.87529850000001 ], [ -56.5143204, -29.874839699999988 ], [ -56.5147919, -29.8742096 ], [ -56.5155309, -29.8742214 ], [ -56.5157849, -29.874486599999983 ], [ -56.5164975, -29.8744887 ], [ -56.5166873, -29.8743631 ], [ -56.5161935, -29.8734951 ], [ -56.5161902, -29.8730181 ], [ -56.5164586, -29.8728207 ], [ -56.5164491, -29.872501 ], [ -56.5159605, -29.8710871 ], [ -56.5161961, -29.8709155 ], [ -56.5184914, -29.870545 ], [ -56.5189395, -29.8700933 ], [ -56.5189164, -29.8691772 ], [ -56.5179557, -29.8682994 ], [ -56.5179957, -29.8675963 ], [ -56.5173166, -29.8664104 ], [ -56.5173841, -29.8659581 ], [ -56.5182962, -29.864934 ], [ -56.5181098, -29.8636944 ], [ -56.517963, -29.8633621 ], [ -56.5172919, -29.862820700000011 ], [ -56.5165557, -29.8627972 ], [ -56.5162653, -29.8626553 ], [ -56.5161146, -29.8618629 ], [ -56.515307, -29.8602601 ], [ -56.5145991, -29.8598786 ], [ -56.5137642, -29.858584 ], [ -56.5138089, -29.8567179 ], [ -56.5131086, -29.8560301 ], [ -56.5126348, -29.8560329 ], [ -56.5118079, -29.8555476 ], [ -56.510975, -29.8540516 ], [ -56.5108062, -29.8531749 ], [ -56.5105231, -29.8528935 ], [ -56.509784, -29.852565 ], [ -56.5101061, -29.8508292 ], [ -56.510394, -29.8501714 ], [ -56.5107098, -29.8496432 ], [ -56.5113124, -29.8493746 ], [ -56.5113965, -29.8491711 ], [ -56.5111806, -29.848654 ], [ -56.5106821, -29.8486364 ], [ -56.5105438, -29.8483856 ], [ -56.5097917, -29.848376299999984 ], [ -56.5098343, -29.8477278 ], [ -56.5102056, -29.8470949 ], [ -56.5111312, -29.8468555 ], [ -56.5119544, -29.8460038 ], [ -56.5121769, -29.8446007 ], [ -56.5118047, -29.8440552 ], [ -56.5117457, -29.8436125 ], [ -56.5119959, -29.8426809 ], [ -56.5120255, -29.8404543 ], [ -56.5121587, -29.840074500000011 ], [ -56.512717, -29.8395869 ], [ -56.5123636, -29.8390635 ], [ -56.5123249, -29.838597 ], [ -56.5126532, -29.8381691 ], [ -56.5134035, -29.8378042 ], [ -56.5127725, -29.8367686 ], [ -56.5118266, -29.8362592 ], [ -56.5113909, -29.8343608 ], [ -56.5104616, -29.8334237 ], [ -56.5110589, -29.8323314 ], [ -56.5116044, -29.8320674 ], [ -56.5121942, -29.8309502 ], [ -56.5124593, -29.8309677 ], [ -56.5133581, -29.8316406 ], [ -56.5153165, -29.8313959 ], [ -56.517076, -29.8310849 ], [ -56.5174355, -29.8304344 ], [ -56.5177743, -29.8301659 ], [ -56.5181202, -29.8293598 ], [ -56.517697, -29.8285986 ], [ -56.5177348, -29.8282096 ], [ -56.5173688, -29.8274109 ], [ -56.5175466, -29.8262 ], [ -56.517062, -29.824966499999984 ], [ -56.5174813, -29.8239704 ], [ -56.5176303, -29.822965600000011 ], [ -56.5186077, -29.8221267 ], [ -56.5182419, -29.820718799999987 ], [ -56.5192428, -29.8200632 ], [ -56.5187701, -29.8196384 ], [ -56.5185855, -29.8190048 ], [ -56.5179143, -29.8179447 ], [ -56.5179146, -29.8174932 ], [ -56.5182381, -29.817056 ], [ -56.5177076, -29.8165464 ], [ -56.5167966, -29.8162155 ], [ -56.5168376, -29.8159161 ], [ -56.5175703, -29.8153041 ], [ -56.5173578, -29.8148656 ], [ -56.5172302, -29.8138007 ], [ -56.5165321, -29.8124054 ], [ -56.5166626, -29.811569 ], [ -56.5161772, -29.8108577 ], [ -56.5169134, -29.8099634 ], [ -56.5171403, -29.808754 ], [ -56.5183517, -29.8082433 ], [ -56.5195138, -29.8072651 ], [ -56.5197429, -29.806805 ], [ -56.519778, -29.8061939 ], [ -56.5194287, -29.8052038 ], [ -56.5184536, -29.804245 ], [ -56.5182735, -29.8022899 ], [ -56.5175008, -29.801542200000011 ], [ -56.5164582, -29.8014317 ], [ -56.5164491, -29.8009245 ], [ -56.5161775, -29.8007751 ], [ -56.5164067, -29.7999966 ], [ -56.5159539, -29.7983162 ], [ -56.5160998, -29.798224 ], [ -56.516689, -29.7985713 ], [ -56.517326, -29.7984582 ], [ -56.5181887, -29.7986424 ], [ -56.5185722, -29.7985727 ], [ -56.5188653, -29.7983032 ], [ -56.5188268, -29.797121 ], [ -56.5194615, -29.7968522 ], [ -56.5197533, -29.7964391 ], [ -56.519236, -29.7953206 ], [ -56.5197036, -29.795228 ], [ -56.5204337, -29.7945558 ], [ -56.5213721, -29.7941414 ], [ -56.5217213, -29.7937444 ], [ -56.5219832, -29.7921627 ], [ -56.5218019, -29.7913632 ], [ -56.5222447, -29.7906416 ], [ -56.5223707, -29.7888177 ], [ -56.5229851, -29.788207600000014 ], [ -56.5238227, -29.7877866 ], [ -56.5243894, -29.7865525 ], [ -56.5252565, -29.7862555 ], [ -56.52553, -29.7852061 ], [ -56.5253471, -29.7844872 ], [ -56.5249809, -29.784369499999986 ], [ -56.5227051, -29.7822308 ], [ -56.521909, -29.7804018 ], [ -56.5209671, -29.7793501 ], [ -56.5209718, -29.7790862 ], [ -56.5216308, -29.7782269 ], [ -56.5217059, -29.7774923 ], [ -56.5207274, -29.7763506 ], [ -56.5202502, -29.7749331 ], [ -56.5195606, -29.7746307 ], [ -56.5190564, -29.7741399 ], [ -56.5192314, -29.7729467 ], [ -56.5192055, -29.7697128 ], [ -56.518507, -29.7689765 ], [ -56.5180739, -29.7689799 ], [ -56.5175692, -29.7692095 ], [ -56.5176531, -29.7684731 ], [ -56.5179559, -29.7681846 ], [ -56.51906, -29.7677694 ], [ -56.5197058, -29.7673193 ], [ -56.5217359, -29.767265 ], [ -56.5217511, -29.7667832 ], [ -56.5219861, -29.7666568 ], [ -56.5221365, -29.76616 ], [ -56.524126, -29.7661778 ], [ -56.5250342, -29.7666457 ], [ -56.5261398, -29.7661623 ], [ -56.526955, -29.76621 ], [ -56.5272915, -29.7664317 ], [ -56.5282604, -29.7663924 ], [ -56.5291889, -29.765488 ], [ -56.5292359, -29.7642094 ], [ -56.5304925, -29.7644823 ], [ -56.5318227, -29.7644394 ], [ -56.5321971, -29.7641248 ], [ -56.5324296, -29.763218499999983 ], [ -56.5337286, -29.7643537 ], [ -56.5343798, -29.764623099999984 ], [ -56.5345137, -29.765320500000012 ], [ -56.5350693, -29.7653205 ], [ -56.5350812, -29.7650522 ], [ -56.535347, -29.7650427 ], [ -56.5353984, -29.7643942 ], [ -56.5357116, -29.7635409 ], [ -56.5366334, -29.7634873 ], [ -56.5365972, -29.7628887 ], [ -56.5372222, -29.7621226 ], [ -56.5377692, -29.7606204 ], [ -56.5386148, -29.7609279 ], [ -56.5390542, -29.761402699999987 ], [ -56.5397915, -29.7614316 ], [ -56.5401642, -29.7599088 ], [ -56.5410612, -29.7599452 ], [ -56.5419869, -29.7590085 ], [ -56.5426741, -29.7593829 ], [ -56.5430211, -29.7593932 ], [ -56.5438787, -29.7587834 ], [ -56.544236, -29.7578205 ], [ -56.5452071, -29.7578023 ], [ -56.5454467, -29.7575776 ], [ -56.5460866, -29.7575124 ], [ -56.5464582, -29.7572649 ], [ -56.5466985, -29.7564058 ], [ -56.5465783, -29.7556505 ], [ -56.547109, -29.7551239 ], [ -56.5482718, -29.7544573 ], [ -56.5486804, -29.7530982 ], [ -56.5490724, -29.7529978 ], [ -56.5499079, -29.7523368 ], [ -56.5502936, -29.7522702 ], [ -56.5507811, -29.7523474 ], [ -56.5519249, -29.753035299999986 ], [ -56.552954, -29.7529072 ], [ -56.5538607, -29.7533467 ], [ -56.5550693, -29.7530982 ], [ -56.5551178, -29.7526983 ], [ -56.5555583, -29.7521999 ], [ -56.5556095, -29.7519294 ], [ -56.5547885, -29.7506133 ], [ -56.5556718, -29.7498742 ], [ -56.5565399, -29.7498103 ], [ -56.557665, -29.7505582 ], [ -56.5597099, -29.7501592 ], [ -56.5597644, -29.7497178 ], [ -56.5592988, -29.7487848 ], [ -56.5592247, -29.7479533 ], [ -56.5592893, -29.7474119 ], [ -56.5597915, -29.7464315 ], [ -56.5613419, -29.746614 ], [ -56.5616073, -29.745692 ], [ -56.5619059, -29.7460726 ], [ -56.5628471, -29.7461537 ], [ -56.5628568, -29.7446871 ], [ -56.5632, -29.744268699999985 ], [ -56.5638263, -29.744157900000012 ], [ -56.5641952, -29.7439326 ], [ -56.5668973, -29.7435616 ], [ -56.5674148, -29.7431957 ], [ -56.5685783, -29.7427395 ], [ -56.5696244, -29.7417946 ], [ -56.570453, -29.7415074 ], [ -56.5713273, -29.7414508 ], [ -56.572132, -29.741637599999986 ], [ -56.573082, -29.741251 ], [ -56.5731011, -29.7396508 ], [ -56.5720838, -29.738844 ], [ -56.5720138, -29.738098099999984 ], [ -56.5730166, -29.7377267 ], [ -56.5737548, -29.737115 ], [ -56.5746719, -29.7371671 ], [ -56.5755427, -29.7365014 ], [ -56.5766935, -29.7365727 ], [ -56.5771522, -29.7357093 ], [ -56.5785639, -29.7346664 ], [ -56.5773901, -29.7341337 ], [ -56.5770668, -29.7337818 ], [ -56.5770217, -29.7328611 ], [ -56.5773544, -29.7323187 ], [ -56.5785501, -29.7316062 ], [ -56.5796246, -29.730408 ], [ -56.5818188, -29.7297046 ], [ -56.5825016, -29.7292755 ], [ -56.5834643, -29.7291381 ], [ -56.5840684, -29.7285006 ], [ -56.5847916, -29.7283759 ], [ -56.5847869, -29.7258563 ], [ -56.5852471, -29.7254513 ], [ -56.5854465, -29.7245578 ], [ -56.5860442, -29.7238032 ], [ -56.5856675, -29.7231515 ], [ -56.5856812, -29.7226867 ], [ -56.5860125, -29.7223581 ], [ -56.5872103, -29.722103 ], [ -56.5874607, -29.721603 ], [ -56.5874327, -29.720978699999986 ], [ -56.5882777, -29.7204965 ], [ -56.5888648, -29.7198876 ], [ -56.5888771, -29.7196268 ], [ -56.5885165, -29.7190387 ], [ -56.589122, -29.7179891 ], [ -56.5892182, -29.7169411 ], [ -56.5890771, -29.7162015 ], [ -56.5895355, -29.7154322 ], [ -56.5905604, -29.7146238 ], [ -56.5905358, -29.7142874 ], [ -56.5900082, -29.7137097 ], [ -56.5888455, -29.7129098 ], [ -56.5880306, -29.7126852 ], [ -56.5878405, -29.7123305 ], [ -56.5881839, -29.7118031 ], [ -56.5888705, -29.71126 ], [ -56.5891045, -29.710145 ], [ -56.5897656, -29.710074599999984 ], [ -56.5905654, -29.7104821 ], [ -56.5911436, -29.710207100000012 ], [ -56.5916971, -29.7096275 ], [ -56.5918675, -29.709015099999988 ], [ -56.5909798, -29.7083208 ], [ -56.5903529, -29.7074867 ], [ -56.5921838, -29.7067905 ], [ -56.5927707, -29.7068575 ], [ -56.5944809, -29.7060342 ], [ -56.5947619, -29.7056518 ], [ -56.5948019, -29.704903 ], [ -56.5943769, -29.7025492 ], [ -56.594613, -29.7023452 ], [ -56.5951367, -29.7022601 ], [ -56.597813, -29.7024126 ], [ -56.5988587, -29.7013534 ], [ -56.5990064, -29.7002777 ], [ -56.5994363, -29.6995952 ], [ -56.5996131, -29.6988016 ], [ -56.6003393, -29.6988718 ], [ -56.6013476, -29.6984526 ], [ -56.6025649, -29.6984196 ], [ -56.6028005, -29.6986019 ], [ -56.6031249, -29.7000424 ], [ -56.6039644, -29.6995242 ], [ -56.6052509, -29.6999055 ], [ -56.6055796, -29.6987038 ], [ -56.6056836, -29.697506 ], [ -56.6064094, -29.6971258 ], [ -56.6067237, -29.6966962 ], [ -56.6066125, -29.6961822 ], [ -56.6059027, -29.6958758 ], [ -56.6059946, -29.6954369 ], [ -56.6068884, -29.6948119 ], [ -56.6091372, -29.6941207 ], [ -56.6098364, -29.6932029 ], [ -56.6102356, -29.6930097 ], [ -56.6104512, -29.6926248 ], [ -56.6107607, -29.6925424 ], [ -56.6115911, -29.692597899999988 ], [ -56.6123559, -29.6936034 ], [ -56.6130437, -29.6941569 ], [ -56.6142693, -29.6944215 ], [ -56.6168567, -29.6940091 ], [ -56.6176379, -29.694356499999984 ], [ -56.6180172, -29.6943159 ], [ -56.6184266, -29.6945077 ], [ -56.6188664, -29.6949786 ], [ -56.6209052, -29.6961145 ], [ -56.622084, -29.6958074 ], [ -56.6226863, -29.6951581 ], [ -56.6234485, -29.695287 ], [ -56.6242508, -29.6950791 ], [ -56.624873, -29.6950923 ], [ -56.6267361, -29.6958757 ], [ -56.627803, -29.6960955 ], [ -56.6280255, -29.6959783 ], [ -56.6283368, -29.6953911 ], [ -56.6299865, -29.6953199 ], [ -56.6319089, -29.6956816 ], [ -56.6324727, -29.6959559 ], [ -56.6336078, -29.6968731 ], [ -56.6344393, -29.6959411 ], [ -56.6353034, -29.695649 ], [ -56.6364584, -29.6958756 ], [ -56.6369198, -29.6952446 ], [ -56.6372649, -29.6938336 ], [ -56.6370395, -29.6930553 ], [ -56.6370481, -29.6922181 ], [ -56.6373926, -29.6912337 ], [ -56.6383353, -29.6898915 ], [ -56.6382153, -29.6885149 ], [ -56.6396727, -29.6891327 ], [ -56.6407116, -29.688953 ], [ -56.6415704, -29.6890948 ], [ -56.6422001, -29.688219299999989 ], [ -56.6425695, -29.6880978 ], [ -56.6416448, -29.6865727 ], [ -56.6409058, -29.6866588 ], [ -56.6401713, -29.6863568 ], [ -56.63931, -29.6855397 ], [ -56.6386803, -29.6846721 ], [ -56.637617, -29.684250699999989 ], [ -56.6372932, -29.6827722 ], [ -56.6380578, -29.6818954 ], [ -56.6378697, -29.681042 ], [ -56.6385923, -29.680247500000011 ], [ -56.6386761, -29.6793362 ], [ -56.6379085, -29.6776693 ], [ -56.6377793, -29.6760317 ], [ -56.6373647, -29.6754386 ], [ -56.6372229, -29.67464 ], [ -56.6368047, -29.6737825 ], [ -56.6368953, -29.6729331 ], [ -56.6363136, -29.6724376 ], [ -56.6361813, -29.6720408 ], [ -56.6364583, -29.6705978 ], [ -56.6375002, -29.6699869 ], [ -56.6382163, -29.6688052 ], [ -56.6388542, -29.6682695 ], [ -56.6378368, -29.667842300000011 ], [ -56.6383615, -29.6667078 ], [ -56.63762, -29.6659135 ], [ -56.6376265, -29.6646377 ], [ -56.6385714, -29.663565199999983 ], [ -56.63884, -29.662940099999989 ], [ -56.6396482, -29.6626844 ], [ -56.6396227, -29.6609839 ], [ -56.6401589, -29.6598377 ], [ -56.6405105, -29.6595279 ], [ -56.6419119, -29.6591161 ], [ -56.6421968, -29.65886 ], [ -56.6422039, -29.6585414 ], [ -56.6417994, -29.6581292 ], [ -56.6415627, -29.657097099999987 ], [ -56.6424825, -29.6562666 ], [ -56.6428485, -29.6545483 ], [ -56.6417962, -29.654059 ], [ -56.6415654, -29.6535477 ], [ -56.6416408, -29.6526227 ], [ -56.640423, -29.6514981 ], [ -56.6403049, -29.650145 ], [ -56.6390167, -29.6491152 ], [ -56.639236, -29.6486534 ], [ -56.6402033, -29.6485566 ], [ -56.6405868, -29.6479674 ], [ -56.640851, -29.6473974 ], [ -56.6408677, -29.6469234 ], [ -56.6401266, -29.6457634 ], [ -56.6411804, -29.6458756 ], [ -56.641787, -29.643333199999983 ], [ -56.642278, -29.6424368 ], [ -56.6421778, -29.6420866 ], [ -56.6417117, -29.64182730000001 ], [ -56.6405469, -29.6416503 ], [ -56.6401305, -29.6413787 ], [ -56.6398425, -29.6410096 ], [ -56.6396133, -29.6401523 ], [ -56.6403819, -29.6393255 ], [ -56.6409623, -29.6390494 ], [ -56.641937, -29.639203599999984 ], [ -56.6425771, -29.6390364 ], [ -56.6435832, -29.6374688 ], [ -56.6435166, -29.636813299999989 ], [ -56.6437179, -29.6365741 ], [ -56.644236, -29.6367089 ], [ -56.6449123, -29.6377244 ], [ -56.6460603, -29.6381943 ], [ -56.646606, -29.6388245 ], [ -56.6477281, -29.6391048 ], [ -56.6493832, -29.637995 ], [ -56.6498538, -29.636573 ], [ -56.6502236, -29.6361875 ], [ -56.6509232, -29.6358973 ], [ -56.6526054, -29.6358563 ], [ -56.6533705, -29.6356718 ], [ -56.6538957, -29.6357623 ], [ -56.6555128, -29.6345305 ], [ -56.6562362, -29.6342323 ], [ -56.656901, -29.63417440000001 ], [ -56.6571552, -29.6339504 ], [ -56.6580309, -29.6339029 ], [ -56.6581838, -29.6334783 ], [ -56.6584027, -29.6333755 ], [ -56.6581635, -29.631961 ], [ -56.6582667, -29.6312835 ], [ -56.6579419, -29.630989599999989 ], [ -56.6576357, -29.6301706 ], [ -56.6574792, -29.6291016 ], [ -56.6570943, -29.6287739 ], [ -56.656756, -29.628056 ], [ -56.6565722, -29.6268167 ], [ -56.6571703, -29.6259322 ], [ -56.6557551, -29.6246027 ], [ -56.6552076, -29.6243727 ], [ -56.6548406, -29.6234498 ], [ -56.6551663, -29.6223456 ], [ -56.6561624, -29.6215953 ], [ -56.6566222, -29.6208275 ], [ -56.655954, -29.6191381 ], [ -56.6563867, -29.6184545 ], [ -56.6564582, -29.6178199 ], [ -56.656709, -29.6178123 ], [ -56.6567533, -29.6175559 ], [ -56.6570169, -29.617524 ], [ -56.6566822, -29.6166501 ], [ -56.6562126, -29.6161275 ], [ -56.6566273, -29.6149348 ], [ -56.6559207, -29.613612199999988 ], [ -56.6559097, -29.6117666 ], [ -56.6560888, -29.6109807 ], [ -56.6555553, -29.6100925 ], [ -56.6551773, -29.6098444 ], [ -56.6546116, -29.6098959 ], [ -56.6543668, -29.6092707 ], [ -56.6539581, -29.608931 ], [ -56.653901, -29.6082941 ], [ -56.6530689, -29.6062887 ], [ -56.6518709, -29.6051933 ], [ -56.652226, -29.6044208 ], [ -56.6515583, -29.6032986 ], [ -56.6513621, -29.6026186 ], [ -56.6508675, -29.6021069 ], [ -56.6500617, -29.6017306 ], [ -56.6504366, -29.6010416 ], [ -56.6510982, -29.6007102 ], [ -56.6513958, -29.5999093 ], [ -56.6513554, -29.5995669 ], [ -56.6509748, -29.599051 ], [ -56.6507368, -29.5979889 ], [ -56.6510561, -29.5974307 ], [ -56.6509613, -29.596307499999984 ], [ -56.6520903, -29.5937697 ], [ -56.6524882, -29.5933952 ], [ -56.6528805, -29.5933266 ], [ -56.6533027, -29.5930263 ], [ -56.6537676, -29.5918706 ], [ -56.6546626, -29.5913291 ], [ -56.6555234, -29.5899619 ], [ -56.6556924, -29.5885271 ], [ -56.656443, -29.5871895 ], [ -56.6564391, -29.5857983 ], [ -56.6562193, -29.5847036 ], [ -56.656947, -29.5837773 ], [ -56.6571126, -29.5820648 ], [ -56.6583376, -29.580716600000013 ], [ -56.6585739, -29.5802658 ], [ -56.6582989, -29.5797841 ], [ -56.657338, -29.5793575 ], [ -56.6568244, -29.5788546 ], [ -56.656744, -29.5782397 ], [ -56.6569716, -29.5773581 ], [ -56.6568091, -29.5766452 ], [ -56.6581785, -29.5754525 ], [ -56.6593262, -29.5752584 ], [ -56.6596948, -29.5749364 ], [ -56.6587909, -29.5738543 ], [ -56.65883, -29.5732136 ], [ -56.6584223, -29.5724422 ], [ -56.6584987, -29.5720722 ], [ -56.6591585, -29.571552 ], [ -56.6594701, -29.5709987 ], [ -56.6593826, -29.5701563 ], [ -56.6588113, -29.5699422 ], [ -56.6579992, -29.5693084 ], [ -56.6571621, -29.5690911 ], [ -56.6569189, -29.5682735 ], [ -56.6562781, -29.5677422 ], [ -56.6559024, -29.5669865 ], [ -56.6552678, -29.5669144 ], [ -56.653756, -29.5662109 ], [ -56.6524934, -29.5660884 ], [ -56.6516146, -29.5654264 ], [ -56.6497139, -29.5663207 ], [ -56.6489579, -29.5661532 ], [ -56.6489196, -29.5648461 ], [ -56.6481245, -29.5642088 ], [ -56.6476903, -29.5635954 ], [ -56.6480029, -29.5626676 ], [ -56.6461005, -29.5615622 ], [ -56.6453352, -29.5616634 ], [ -56.6449745, -29.5614602 ], [ -56.6450894, -29.5598016 ], [ -56.6457477, -29.558751 ], [ -56.6468754, -29.5582662 ], [ -56.6474785, -29.5576557 ], [ -56.6477047, -29.5570942 ], [ -56.6493805, -29.5558436 ], [ -56.6495912, -29.5551963 ], [ -56.6500024, -29.5546125 ], [ -56.6501539, -29.553507 ], [ -56.6504882, -29.5531506 ], [ -56.6518153, -29.5530395 ], [ -56.652408, -29.552627 ], [ -56.653286, -29.5523398 ], [ -56.6545943, -29.552488300000011 ], [ -56.6560137, -29.551943699999988 ], [ -56.6571567, -29.55112 ], [ -56.6581215, -29.5496692 ], [ -56.6588988, -29.549345599999988 ], [ -56.6593647, -29.5487464 ], [ -56.6598959, -29.5484516 ], [ -56.6604256, -29.5484375 ], [ -56.6613036, -29.548910700000015 ], [ -56.6618131, -29.5488812 ], [ -56.6621754, -29.5486447 ], [ -56.6638193, -29.5472267 ], [ -56.6640716, -29.5465147 ], [ -56.6646607, -29.5458159 ], [ -56.6643572, -29.5450965 ], [ -56.6650708, -29.54367 ], [ -56.6646906, -29.5432247 ], [ -56.6640821, -29.542999199999986 ], [ -56.6637678, -29.5424725 ], [ -56.663059, -29.5399164 ], [ -56.6623717, -29.5385136 ], [ -56.6624657, -29.5376981 ], [ -56.6618052, -29.5372046 ], [ -56.6614931, -29.5367674 ], [ -56.6615498, -29.5362393 ], [ -56.6622552, -29.535366800000013 ], [ -56.6622372, -29.534077899999982 ], [ -56.6616881, -29.5335061 ], [ -56.6607566, -29.5330624 ], [ -56.6603977, -29.53206 ], [ -56.6606797, -29.531110300000012 ], [ -56.6611215, -29.530633799999986 ], [ -56.6614545, -29.5286018 ], [ -56.6613627, -29.5281793 ], [ -56.6606925, -29.5273961 ], [ -56.6603809, -29.526473899999985 ], [ -56.6603613, -29.5251844 ], [ -56.6605685, -29.5244844 ], [ -56.6603672, -29.5238039 ], [ -56.6603423, -29.5228005 ], [ -56.6607285, -29.5223941 ], [ -56.6613759, -29.5220984 ], [ -56.6620821, -29.519230699999984 ], [ -56.6622728, -29.5189921 ], [ -56.6625688, -29.5189309 ], [ -56.6624892, -29.5181911 ], [ -56.6621697, -29.5176382 ], [ -56.6607623, -29.5166728 ], [ -56.6604808, -29.5159816 ], [ -56.659791, -29.51559760000001 ], [ -56.6580404, -29.5155467 ], [ -56.6553212, -29.5145194 ], [ -56.6534921, -29.5143367 ], [ -56.6531243, -29.5144865 ], [ -56.6525075, -29.5137017 ], [ -56.6517307, -29.5133558 ], [ -56.6526242, -29.5126783 ], [ -56.6532938, -29.5124549 ], [ -56.6535886, -29.5121887 ], [ -56.6540312, -29.511070900000011 ], [ -56.6544403, -29.5109581 ], [ -56.6549971, -29.5098956 ], [ -56.6562306, -29.506646 ], [ -56.6571597, -29.5062935 ], [ -56.6569874, -29.5060078 ], [ -56.6559948, -29.5052504 ], [ -56.6556601, -29.504503199999988 ], [ -56.655656, -29.5041033 ], [ -56.6560551, -29.5036945 ], [ -56.6566913, -29.503432 ], [ -56.6582002, -29.5037221 ], [ -56.6589198, -29.504136 ], [ -56.6597911, -29.5034263 ], [ -56.6601354, -29.5034577 ], [ -56.6604791, -29.5038094 ], [ -56.660737, -29.5038493 ], [ -56.661509, -29.5029461 ], [ -56.6621076, -29.5028078 ], [ -56.6630748, -29.5029416 ], [ -56.6635384, -29.503830199999985 ], [ -56.6642025, -29.5044153 ], [ -56.6651805, -29.5039616 ], [ -56.6664177, -29.5041977 ], [ -56.6678252, -29.5041714 ], [ -56.6680439, -29.504054 ], [ -56.6685318, -29.5031892 ], [ -56.669191, -29.5028698 ], [ -56.6701033, -29.5032655 ], [ -56.6710671, -29.5028818 ], [ -56.6731169, -29.5025696 ], [ -56.6738591, -29.502897 ], [ -56.6746757, -29.5038291 ], [ -56.6757044, -29.5036072 ], [ -56.6763613, -29.5033014 ], [ -56.6769256, -29.5027465 ], [ -56.6774389, -29.5019311 ], [ -56.6773201, -29.5006465 ], [ -56.6780113, -29.4999534 ], [ -56.6782104, -29.4991002 ], [ -56.6795133, -29.4986531 ], [ -56.6800133, -29.4979609 ], [ -56.6804439, -29.4968775 ], [ -56.6808529, -29.4964617 ], [ -56.6808985, -29.4952847 ], [ -56.6806445, -29.4944377 ], [ -56.6806393, -29.493784 ], [ -56.6807618, -29.493479 ], [ -56.6813479, -29.4929316 ], [ -56.6806476, -29.491943099999986 ], [ -56.6806441, -29.488698 ], [ -56.6813137, -29.4873702 ], [ -56.6825564, -29.4869866 ], [ -56.6829416, -29.4877444 ], [ -56.6835474, -29.4882025 ], [ -56.6841738, -29.4891391 ], [ -56.6854108, -29.489277899999987 ], [ -56.6862131, -29.4897291 ], [ -56.6877323, -29.4896079 ], [ -56.6882487, -29.489912399999984 ], [ -56.688778, -29.4897979 ], [ -56.6891846, -29.4898922 ], [ -56.689446, -29.4901803 ], [ -56.6896544, -29.4908347 ], [ -56.690435, -29.4919163 ], [ -56.6908181, -29.4922097 ], [ -56.6929309, -29.4923207 ], [ -56.6942733, -29.4930334 ], [ -56.6957944, -29.4926255 ], [ -56.6964853, -29.4927281 ], [ -56.6968694, -29.492381 ], [ -56.6971349, -29.4923364 ], [ -56.6977193, -29.4926297 ], [ -56.6982187, -29.4935834 ], [ -56.6987941, -29.494129 ], [ -56.699396, -29.4941218 ], [ -56.7001706, -29.4934958 ], [ -56.7005572, -29.4938409 ], [ -56.701337, -29.4940178 ], [ -56.7024276, -29.4948273 ], [ -56.7027941, -29.49545740000001 ], [ -56.7027177, -29.495773 ], [ -56.7019182, -29.4962127 ], [ -56.70177, -29.4964516 ], [ -56.7021076, -29.4980199 ], [ -56.7026044, -29.4985319 ], [ -56.7035764, -29.4990129 ], [ -56.7044973, -29.4997667 ], [ -56.7059525, -29.4982297 ], [ -56.7070647, -29.4980175 ], [ -56.7074433, -29.4973817 ], [ -56.7086422, -29.4967779 ], [ -56.7094179, -29.4969336 ], [ -56.7106054, -29.4967474 ], [ -56.7113882, -29.4972035 ], [ -56.7124003, -29.4974301 ], [ -56.7132109, -29.4970284 ], [ -56.7150442, -29.497298 ], [ -56.71599, -29.4975987 ], [ -56.7166279, -29.4980566 ], [ -56.7175368, -29.4983747 ], [ -56.7182797, -29.4982891 ], [ -56.7189972, -29.4975774 ], [ -56.7203257, -29.4975573 ], [ -56.720862, -29.4979484 ], [ -56.7209244, -29.4989337 ], [ -56.7219132, -29.4985733 ], [ -56.723035, -29.4975913 ], [ -56.7239553, -29.4973029 ], [ -56.7247186, -29.4974193 ], [ -56.7253469, -29.497264 ], [ -56.7260023, -29.4951174 ], [ -56.7273687, -29.4944207 ], [ -56.727512, -29.4941387 ], [ -56.7267121, -29.4929335 ], [ -56.7257257, -29.4921834 ], [ -56.7251967, -29.4899446 ], [ -56.7257773, -29.4895944 ], [ -56.7256895, -29.488929 ], [ -56.7258382, -29.4887188 ], [ -56.7264274, -29.4886877 ], [ -56.7275, -29.4889268 ], [ -56.7280988, -29.4887222 ], [ -56.7283009, -29.4882231 ], [ -56.7278916, -29.4875872 ], [ -56.7278684, -29.4867498 ], [ -56.7282817, -29.4860387 ], [ -56.7282625, -29.4856593 ], [ -56.7286059, -29.4851685 ], [ -56.7288048, -29.4837464 ], [ -56.7294774, -29.4831697 ], [ -56.7303202, -29.483361399999989 ], [ -56.7313417, -29.4832894 ], [ -56.7324014, -29.4823509 ], [ -56.733316, -29.4820359 ], [ -56.7348341, -29.4820001 ], [ -56.7359643, -29.4822492 ], [ -56.7369176, -29.4819147 ], [ -56.7377947, -29.4810189 ], [ -56.7385598, -29.4788799 ], [ -56.7384024, -29.476708399999989 ], [ -56.7387812, -29.4765714 ], [ -56.7396794, -29.4766233 ], [ -56.7409978, -29.4755999 ], [ -56.7413127, -29.474869 ], [ -56.7424, -29.4742943 ], [ -56.7431962, -29.4741419 ], [ -56.743886, -29.4737128 ], [ -56.7449615, -29.4734577 ], [ -56.7458016, -29.4735482 ], [ -56.7463671, -29.4726409 ], [ -56.7471308, -29.4727902 ], [ -56.7477267, -29.4727307 ], [ -56.7490955, -29.4713929 ], [ -56.749372, -29.4707053 ], [ -56.7506198, -29.4703762 ], [ -56.7501314, -29.4696135 ], [ -56.7497283, -29.4676921 ], [ -56.7489709, -29.4662928 ], [ -56.7491151, -29.4654888 ], [ -56.7489962, -29.4644464 ], [ -56.7495031, -29.4632385 ], [ -56.7494996, -29.4618481 ], [ -56.7492594, -29.4611005 ], [ -56.7492271, -29.4603013 ], [ -56.7495735, -29.4588271 ], [ -56.7497178, -29.4587728 ], [ -56.7506889, -29.4592864 ], [ -56.7511166, -29.4596965 ], [ -56.7515976, -29.4596645 ], [ -56.7525092, -29.4584996 ], [ -56.7524032, -29.4573729 ], [ -56.7526067, -29.456389 ], [ -56.7532912, -29.4555025 ], [ -56.7534889, -29.4549327 ], [ -56.7537195, -29.4548301 ], [ -56.7543369, -29.4549566 ], [ -56.7553468, -29.4544861 ], [ -56.7553311, -29.4538211 ], [ -56.7550937, -29.4535257 ], [ -56.7550607, -29.4530713 ], [ -56.7550881, -29.4526651 ], [ -56.7553468, -29.4522638 ], [ -56.7562213, -29.4522192 ], [ -56.7569184, -29.4519107 ], [ -56.7585136, -29.4501297 ], [ -56.7607182, -29.4497115 ], [ -56.7613923, -29.4493255 ], [ -56.761341, -29.4486934 ], [ -56.7601676, -29.4480205 ], [ -56.7598499, -29.4476714 ], [ -56.7597662, -29.4450857 ], [ -56.75931, -29.443793 ], [ -56.7601482, -29.4421419 ], [ -56.7611164, -29.4412808 ], [ -56.7615893, -29.4384056 ], [ -56.7619312, -29.4381542 ], [ -56.7627017, -29.437982 ], [ -56.7641225, -29.43646690000001 ], [ -56.7646246, -29.4362641 ], [ -56.7657762, -29.436415299999986 ], [ -56.766133, -29.4361991 ], [ -56.7661933, -29.4333238 ], [ -56.7663491, -29.4326479 ], [ -56.765925, -29.4313933 ], [ -56.7659248, -29.4303594 ], [ -56.7665736, -29.427688299999989 ], [ -56.7674876, -29.4271066 ], [ -56.7677883, -29.426283 ], [ -56.7680985, -29.4249933 ], [ -56.7681855, -29.4232727 ], [ -56.768338, -29.4232038 ], [ -56.768842, -29.42344 ], [ -56.7693605, -29.4241107 ], [ -56.7699028, -29.4244171 ], [ -56.7709605, -29.4244265 ], [ -56.7719516, -29.4226708 ], [ -56.7720564, -29.4216594 ], [ -56.7724199, -29.4204302 ], [ -56.7727332, -29.4204071 ], [ -56.7738456, -29.4211203 ], [ -56.7744047, -29.4213658 ], [ -56.7746906, -29.4213418 ], [ -56.7754961, -29.4205735 ], [ -56.7761453, -29.4195879 ], [ -56.775917707000652, -29.419174945770006 ], [ -56.771083943092691, -29.418197836193212 ], [ -56.7707783, -29.4183051 ], [ -56.7698034, -29.4180647 ], [ -56.76956688927374, -29.41776296862076 ], [ -56.7516, -29.4119 ], [ -56.7432, -29.4108 ], [ -56.7307, -29.4055 ], [ -56.7031, -29.4002 ], [ -56.695, -29.4005 ], [ -56.6869, -29.4032 ], [ -56.6819, -29.4066 ], [ -56.6778, -29.4133 ], [ -56.6745, -29.4236 ], [ -56.6712, -29.4255 ], [ -56.6674, -29.4255 ], [ -56.6605, -29.4233 ], [ -56.6583, -29.4253 ], [ -56.6542, -29.4267 ], [ -56.6386, -29.4259 ], [ -56.6256, -29.4264 ], [ -56.6247, -29.4275 ], [ -56.6274, -29.4278 ], [ -56.6256, -29.4306 ], [ -56.6252, -29.4326 ], [ -56.6276, -29.4382 ], [ -56.6272, -29.4412 ], [ -56.6255, -29.4437 ], [ -56.6226, -29.4459 ], [ -56.6195, -29.4464 ], [ -56.6148, -29.4427 ], [ -56.6118, -29.4426 ], [ -56.6085, -29.4441 ], [ -56.6066, -29.446 ], [ -56.6071, -29.4482 ], [ -56.6085, -29.4488 ], [ -56.6127, -29.4464 ], [ -56.6147, -29.4487 ], [ -56.613, -29.4554 ], [ -56.6097, -29.4521 ], [ -56.6067, -29.4518 ], [ -56.6046, -29.4524 ], [ -56.605, -29.4532 ], [ -56.609, -29.4539 ], [ -56.6091, -29.4562 ], [ -56.608, -29.4583 ], [ -56.6002, -29.4579 ], [ -56.5979, -29.456 ], [ -56.5985, -29.4527 ], [ -56.5977, -29.4497 ], [ -56.5965, -29.4478 ], [ -56.5949, -29.4473 ], [ -56.5936, -29.4492 ], [ -56.5921, -29.4492 ], [ -56.5919, -29.4447 ], [ -56.5901, -29.4449 ], [ -56.5892, -29.4486 ], [ -56.5856, -29.4446 ], [ -56.5758, -29.4409 ], [ -56.5758, -29.4505 ], [ -56.5748, -29.4521 ], [ -56.5726, -29.4522 ], [ -56.5722, -29.4506 ], [ -56.5702, -29.4492 ], [ -56.5668, -29.454 ], [ -56.5647, -29.4541 ], [ -56.5622, -29.4528 ], [ -56.5605, -29.4506 ], [ -56.5605, -29.4484 ], [ -56.5591, -29.4477 ], [ -56.5537, -29.4507 ], [ -56.5451, -29.4503 ], [ -56.5432, -29.4553 ], [ -56.5418, -29.457 ], [ -56.5406, -29.4573 ], [ -56.5395, -29.4563 ], [ -56.5406, -29.4536 ], [ -56.5375, -29.4546 ], [ -56.5363, -29.4543 ], [ -56.5315, -29.4592 ], [ -56.5307, -29.4617 ], [ -56.527, -29.4626 ], [ -56.526, -29.4637 ], [ -56.5229, -29.4632 ], [ -56.5224, -29.4642 ], [ -56.5221, -29.4678 ], [ -56.5202, -29.469 ], [ -56.5214, -29.4707 ], [ -56.5199, -29.4711 ], [ -56.5204, -29.4722 ], [ -56.5178, -29.475 ], [ -56.5176, -29.4779 ], [ -56.5149, -29.4759 ], [ -56.5141, -29.4764 ], [ -56.5147, -29.4781 ], [ -56.5138, -29.4786 ], [ -56.5118, -29.4773 ], [ -56.5124, -29.4742 ], [ -56.5112, -29.4708 ], [ -56.5046, -29.4685 ], [ -56.5042, -29.4698 ], [ -56.5008, -29.4692 ], [ -56.4989, -29.4659 ], [ -56.4975, -29.4663 ], [ -56.4961, -29.4689 ], [ -56.4922, -29.4707 ], [ -56.4891, -29.47 ], [ -56.4868, -29.4704 ], [ -56.4828, -29.4662 ], [ -56.4814, -29.4669 ], [ -56.4818, -29.4707 ], [ -56.4753, -29.4685 ], [ -56.4727, -29.4702 ], [ -56.4723, -29.4728 ], [ -56.47, -29.4701 ], [ -56.4685, -29.4754 ], [ -56.4711, -29.4787 ], [ -56.4715, -29.4819 ], [ -56.4741, -29.4848 ], [ -56.4701, -29.4854 ], [ -56.4695, -29.483 ], [ -56.4661, -29.4838 ], [ -56.463, -29.4829 ], [ -56.4623, -29.4861 ], [ -56.4632, -29.4886 ], [ -56.4601, -29.488 ], [ -56.4606, -29.4903 ], [ -56.4585, -29.4904 ], [ -56.4593, -29.4929 ], [ -56.4623, -29.4942 ], [ -56.4618, -29.4963 ], [ -56.4602, -29.4974 ], [ -56.4618, -29.4988 ], [ -56.4597, -29.5007 ], [ -56.4617, -29.5035 ], [ -56.4649, -29.5031 ], [ -56.4682, -29.5046 ], [ -56.4675, -29.5072 ], [ -56.4655, -29.5075 ], [ -56.4641, -29.5086 ], [ -56.4685, -29.5139 ], [ -56.4679, -29.5181 ], [ -56.4649, -29.5194 ], [ -56.4671, -29.5226 ], [ -56.464, -29.5224 ], [ -56.4635, -29.5243 ], [ -56.4674, -29.5267 ], [ -56.4654, -29.5283 ], [ -56.4679, -29.5298 ], [ -56.4671, -29.5318 ], [ -56.4646, -29.5337 ], [ -56.4604, -29.5323 ], [ -56.4601, -29.5303 ], [ -56.461, -29.5285 ], [ -56.4593, -29.5288 ], [ -56.457, -29.5309 ], [ -56.4519, -29.5304 ], [ -56.4525, -29.5328 ], [ -56.4484, -29.5381 ], [ -56.4471, -29.5389 ], [ -56.4464, -29.537 ], [ -56.4404, -29.5398 ], [ -56.4377, -29.538 ], [ -56.4358, -29.5413 ], [ -56.4338, -29.5428 ], [ -56.4326, -29.5409 ], [ -56.4307, -29.5408 ], [ -56.4302, -29.5392 ], [ -56.4269, -29.5399 ], [ -56.4243, -29.5391 ], [ -56.4223, -29.5398 ], [ -56.423, -29.5431 ], [ -56.4218, -29.5454 ], [ -56.4184, -29.5487 ], [ -56.4136, -29.5546 ], [ -56.4127, -29.5591 ], [ -56.4105, -29.5591 ], [ -56.4082, -29.561 ], [ -56.4081, -29.5626 ], [ -56.4108, -29.5627 ], [ -56.41, -29.5639 ], [ -56.4069, -29.5646 ], [ -56.4095, -29.5682 ], [ -56.4094, -29.5695 ], [ -56.4078, -29.5715 ], [ -56.4044, -29.5734 ], [ -56.4038, -29.5767 ], [ -56.4026, -29.577 ], [ -56.4003, -29.5757 ], [ -56.3969, -29.5781 ], [ -56.3956, -29.5802 ], [ -56.394, -29.5806 ], [ -56.3922, -29.5793 ], [ -56.3913, -29.5855 ], [ -56.3893, -29.5873 ], [ -56.3865, -29.5856 ], [ -56.3844, -29.5858 ], [ -56.3828, -29.5881 ], [ -56.3841, -29.5931 ], [ -56.3827, -29.5937 ], [ -56.3811, -29.5907 ], [ -56.3783, -29.5892 ], [ -56.3761, -29.593 ], [ -56.3719, -29.5956 ], [ -56.3719, -29.5976 ], [ -56.3743, -29.5988 ], [ -56.3745, -29.5974 ], [ -56.3763, -29.5957 ], [ -56.3788, -29.5985 ], [ -56.3833, -29.6084 ], [ -56.384, -29.6149 ], [ -56.3813, -29.6161 ], [ -56.3781, -29.616 ], [ -56.3775, -29.6169 ], [ -56.3785, -29.6213 ], [ -56.3829, -29.6258 ], [ -56.3815, -29.6283 ], [ -56.375, -29.6297 ], [ -56.3676, -29.6372 ], [ -56.3669, -29.6407 ], [ -56.3704, -29.6515 ], [ -56.3702, -29.6553 ], [ -56.3651, -29.6618 ], [ -56.3617, -29.6701 ], [ -56.3639, -29.6713 ], [ -56.368, -29.6704 ], [ -56.3688, -29.6755 ], [ -56.3706, -29.6775 ], [ -56.3765, -29.6789 ], [ -56.3813, -29.6833 ], [ -56.3882, -29.6853 ], [ -56.391, -29.6874 ], [ -56.3903, -29.6903 ], [ -56.3921, -29.6917 ], [ -56.3947, -29.6902 ], [ -56.398, -29.6911 ], [ -56.4003, -29.6934 ], [ -56.4004, -29.6964 ], [ -56.3987, -29.6997 ], [ -56.4006, -29.7012 ], [ -56.4015, -29.705 ], [ -56.4007, -29.7096 ], [ -56.3972, -29.7184 ], [ -56.3948, -29.7224 ], [ -56.3842, -29.7289 ], [ -56.3827, -29.7354 ], [ -56.3802, -29.7372 ], [ -56.3785, -29.7367 ], [ -56.3762, -29.739 ], [ -56.3754, -29.7411 ], [ -56.3727, -29.7425 ], [ -56.3713, -29.7444 ], [ -56.3734, -29.7562 ], [ -56.371, -29.766 ], [ -56.3688, -29.7695 ], [ -56.3705, -29.7714 ], [ -56.369, -29.7732 ], [ -56.3698, -29.7785 ], [ -56.3669, -29.7817 ], [ -56.3663, -29.7838 ], [ -56.3699, -29.7915 ], [ -56.3698, -29.7976 ], [ -56.3722, -29.8098 ], [ -56.3717, -29.813 ], [ -56.3681, -29.8205 ], [ -56.3644, -29.8251 ], [ -56.3656, -29.8303 ], [ -56.3637, -29.8342 ], [ -56.3578, -29.8419 ], [ -56.351, -29.8486 ], [ -56.3395, -29.8514 ], [ -56.3284, -29.857 ], [ -56.3162, -29.8595 ], [ -56.3106, -29.8628 ], [ -56.3057, -29.8674 ], [ -56.305, -29.8702 ], [ -56.3075, -29.8776 ], [ -56.3068, -29.8812 ], [ -56.3045, -29.8842 ], [ -56.3017, -29.8858 ], [ -56.2993, -29.8886 ], [ -56.2975, -29.8923 ], [ -56.2927, -29.8979 ], [ -56.2915, -29.9009 ], [ -56.2913, -29.9068 ], [ -56.2857, -29.9112 ], [ -56.2843, -29.9151 ], [ -56.2831, -29.924 ], [ -56.2809, -29.9263 ], [ -56.2807, -29.9291 ], [ -56.2782, -29.9319 ], [ -56.2741, -29.9338 ], [ -56.2652, -29.9424 ], [ -56.2647, -29.946 ], [ -56.2624, -29.9495 ], [ -56.2584, -29.9508 ], [ -56.2522, -29.9557 ], [ -56.2503, -29.9557 ], [ -56.2473, -29.9581 ], [ -56.2477, -29.9611 ], [ -56.2447, -29.9626 ], [ -56.2457, -29.9674 ], [ -56.2441, -29.9715 ], [ -56.2447, -29.9766 ], [ -56.2404, -29.9813 ], [ -56.2343, -29.9831 ], [ -56.2266, -29.9825 ], [ -56.2249, -29.984 ], [ -56.2226, -29.9829 ], [ -56.2204, -29.986 ], [ -56.2164, -29.9876 ], [ -56.2098, -29.9928 ], [ -56.204, -29.9939 ], [ -56.2001, -29.9928 ], [ -56.1994, -29.9963 ], [ -56.1975, -29.9978 ], [ -56.1935, -29.9976 ], [ -56.1904, -29.9998 ], [ -56.1878, -29.9996 ], [ -56.1846, -30.0014 ], [ -56.183, -30.0066 ], [ -56.1789, -30.0136 ], [ -56.1751, -30.0153 ], [ -56.1729, -30.0178 ], [ -56.1702, -30.0191 ], [ -56.1686, -30.0212 ], [ -56.1674, -30.0263 ], [ -56.1596, -30.0291 ], [ -56.1556, -30.0326 ], [ -56.1554, -30.0358 ], [ -56.1528, -30.0395 ], [ -56.154, -30.042 ], [ -56.1531, -30.0538 ], [ -56.1503, -30.055 ], [ -56.1534144, -30.059594699999984 ] ] ] } },
{ "type": "Feature", "properties": { "wts_pk": 138605, "codigo_otto": "825", "nivel_otto_declarado": 3, "area_m2_bho": 6872.6492132166131, "nivel_otto": 3 }, "geometry": { "type": "Polygon", "coordinates": [ [ [ -56.7761801, -29.419486 ], [ -56.7754961, -29.4205735 ], [ -56.7746244, -29.4213633 ], [ -56.7737759, -29.4210852 ], [ -56.7727332, -29.4204071 ], [ -56.7724199, -29.4204302 ], [ -56.7720564, -29.4216594 ], [ -56.7719516, -29.4226708 ], [ -56.7709605, -29.4244265 ], [ -56.7699028, -29.4244171 ], [ -56.7693605, -29.4241107 ], [ -56.768842, -29.42344 ], [ -56.768338, -29.4232038 ], [ -56.7681855, -29.4232727 ], [ -56.7680985, -29.4249933 ], [ -56.7677883, -29.426283 ], [ -56.7674876, -29.4271066 ], [ -56.7665736, -29.427688299999989 ], [ -56.7659248, -29.4303594 ], [ -56.765925, -29.4313933 ], [ -56.7663491, -29.4326479 ], [ -56.7661933, -29.4333238 ], [ -56.766133, -29.4361991 ], [ -56.7657762, -29.436415299999986 ], [ -56.7646246, -29.4362641 ], [ -56.7641225, -29.43646690000001 ], [ -56.7627017, -29.437982 ], [ -56.7619312, -29.4381542 ], [ -56.7615893, -29.4384056 ], [ -56.7611164, -29.4412808 ], [ -56.7601482, -29.4421419 ], [ -56.75931, -29.443793 ], [ -56.7597662, -29.4450857 ], [ -56.7598499, -29.4476714 ], [ -56.7601676, -29.4480205 ], [ -56.761341, -29.4486934 ], [ -56.7613923, -29.4493255 ], [ -56.7607182, -29.4497115 ], [ -56.7585136, -29.4501297 ], [ -56.7569184, -29.4519107 ], [ -56.7562213, -29.4522192 ], [ -56.7553468, -29.4522638 ], [ -56.7550881, -29.4526651 ], [ -56.7550607, -29.4530713 ], [ -56.7550937, -29.4535257 ], [ -56.7553311, -29.4538211 ], [ -56.7553468, -29.4544861 ], [ -56.7543369, -29.4549566 ], [ -56.7537195, -29.4548301 ], [ -56.7534889, -29.4549327 ], [ -56.7532912, -29.4555025 ], [ -56.7526067, -29.456389 ], [ -56.7524032, -29.4573729 ], [ -56.7525092, -29.4584996 ], [ -56.7515976, -29.4596645 ], [ -56.7511166, -29.4596965 ], [ -56.7506889, -29.4592864 ], [ -56.7497178, -29.4587728 ], [ -56.7495735, -29.4588271 ], [ -56.7492271, -29.4603013 ], [ -56.7492594, -29.4611005 ], [ -56.7494996, -29.4618481 ], [ -56.7495031, -29.4632385 ], [ -56.7489962, -29.4644464 ], [ -56.7491151, -29.4654888 ], [ -56.7489709, -29.4662928 ], [ -56.7497283, -29.4676921 ], [ -56.7501314, -29.4696135 ], [ -56.7506198, -29.4703762 ], [ -56.749372, -29.4707053 ], [ -56.7490955, -29.4713929 ], [ -56.7477267, -29.4727307 ], [ -56.7471308, -29.4727902 ], [ -56.7463671, -29.4726409 ], [ -56.7458016, -29.4735482 ], [ -56.7449615, -29.4734577 ], [ -56.743886, -29.4737128 ], [ -56.7431962, -29.4741419 ], [ -56.7424, -29.4742943 ], [ -56.7413127, -29.474869 ], [ -56.7409978, -29.4755999 ], [ -56.7396794, -29.4766233 ], [ -56.7387812, -29.4765714 ], [ -56.7384024, -29.476708399999989 ], [ -56.7385598, -29.4788799 ], [ -56.7377947, -29.4810189 ], [ -56.7369176, -29.4819147 ], [ -56.7359643, -29.4822492 ], [ -56.7348341, -29.4820001 ], [ -56.733316, -29.4820359 ], [ -56.7324014, -29.4823509 ], [ -56.7313417, -29.4832894 ], [ -56.7303202, -29.483361399999989 ], [ -56.7294774, -29.4831697 ], [ -56.7288048, -29.4837464 ], [ -56.7286059, -29.4851685 ], [ -56.7282625, -29.4856593 ], [ -56.7282817, -29.4860387 ], [ -56.7278684, -29.4867498 ], [ -56.7278916, -29.4875872 ], [ -56.7283009, -29.4882231 ], [ -56.7280988, -29.4887222 ], [ -56.7275, -29.4889268 ], [ -56.7264274, -29.4886877 ], [ -56.7258382, -29.4887188 ], [ -56.7256895, -29.488929 ], [ -56.7257773, -29.4895944 ], [ -56.7251967, -29.4899446 ], [ -56.7257257, -29.4921834 ], [ -56.7267121, -29.4929335 ], [ -56.727512, -29.4941387 ], [ -56.7273687, -29.4944207 ], [ -56.7260023, -29.4951174 ], [ -56.7253469, -29.497264 ], [ -56.7247186, -29.4974193 ], [ -56.7239553, -29.4973029 ], [ -56.723035, -29.4975913 ], [ -56.7219132, -29.4985733 ], [ -56.7209244, -29.4989337 ], [ -56.720862, -29.4979484 ], [ -56.7203257, -29.4975573 ], [ -56.7189972, -29.4975774 ], [ -56.7182797, -29.4982891 ], [ -56.7175368, -29.4983747 ], [ -56.7166279, -29.4980566 ], [ -56.71599, -29.4975987 ], [ -56.7150442, -29.497298 ], [ -56.7132109, -29.4970284 ], [ -56.7124003, -29.4974301 ], [ -56.7113882, -29.4972035 ], [ -56.7106054, -29.4967474 ], [ -56.7094179, -29.4969336 ], [ -56.7086422, -29.4967779 ], [ -56.7074433, -29.4973817 ], [ -56.7070647, -29.4980175 ], [ -56.7059525, -29.4982297 ], [ -56.7044973, -29.4997667 ], [ -56.7035764, -29.4990129 ], [ -56.7026044, -29.4985319 ], [ -56.7021076, -29.4980199 ], [ -56.70177, -29.4964516 ], [ -56.7019182, -29.4962127 ], [ -56.7027177, -29.495773 ], [ -56.7027941, -29.49545740000001 ], [ -56.7024276, -29.4948273 ], [ -56.701337, -29.4940178 ], [ -56.7005572, -29.4938409 ], [ -56.7001706, -29.4934958 ], [ -56.699396, -29.4941218 ], [ -56.6987941, -29.494129 ], [ -56.6982187, -29.4935834 ], [ -56.6977193, -29.4926297 ], [ -56.6971349, -29.4923364 ], [ -56.6968694, -29.492381 ], [ -56.6964853, -29.4927281 ], [ -56.6957944, -29.4926255 ], [ -56.6942733, -29.4930334 ], [ -56.6929309, -29.4923207 ], [ -56.6908181, -29.4922097 ], [ -56.690435, -29.4919163 ], [ -56.6896544, -29.4908347 ], [ -56.689446, -29.4901803 ], [ -56.6891846, -29.4898922 ], [ -56.688778, -29.4897979 ], [ -56.6882487, -29.489912399999984 ], [ -56.6877323, -29.4896079 ], [ -56.6862131, -29.4897291 ], [ -56.6854108, -29.489277899999987 ], [ -56.6841738, -29.4891391 ], [ -56.6835474, -29.4882025 ], [ -56.6829416, -29.4877444 ], [ -56.6825564, -29.4869866 ], [ -56.6813137, -29.4873702 ], [ -56.6806441, -29.488698 ], [ -56.6806476, -29.491943099999986 ], [ -56.6813479, -29.4929316 ], [ -56.6807618, -29.493479 ], [ -56.6806393, -29.493784 ], [ -56.6806445, -29.4944377 ], [ -56.6808985, -29.4952847 ], [ -56.6808529, -29.4964617 ], [ -56.6804439, -29.4968775 ], [ -56.6800133, -29.4979609 ], [ -56.6795133, -29.4986531 ], [ -56.6782104, -29.4991002 ], [ -56.6780113, -29.4999534 ], [ -56.6773201, -29.5006465 ], [ -56.6774389, -29.5019311 ], [ -56.6769256, -29.5027465 ], [ -56.6763613, -29.5033014 ], [ -56.6757044, -29.5036072 ], [ -56.6746757, -29.5038291 ], [ -56.6738591, -29.502897 ], [ -56.6731169, -29.5025696 ], [ -56.6710671, -29.5028818 ], [ -56.6701033, -29.5032655 ], [ -56.669191, -29.5028698 ], [ -56.6685318, -29.5031892 ], [ -56.6680439, -29.504054 ], [ -56.6678252, -29.5041714 ], [ -56.6664177, -29.5041977 ], [ -56.6651805, -29.5039616 ], [ -56.6642025, -29.5044153 ], [ -56.6635384, -29.503830199999985 ], [ -56.6630748, -29.5029416 ], [ -56.6621076, -29.5028078 ], [ -56.661509, -29.5029461 ], [ -56.660737, -29.5038493 ], [ -56.6604791, -29.5038094 ], [ -56.6601354, -29.5034577 ], [ -56.6597911, -29.5034263 ], [ -56.6589198, -29.504136 ], [ -56.6582002, -29.5037221 ], [ -56.6566913, -29.503432 ], [ -56.6560551, -29.5036945 ], [ -56.655656, -29.5041033 ], [ -56.6556601, -29.504503199999988 ], [ -56.6559948, -29.5052504 ], [ -56.6569874, -29.5060078 ], [ -56.6571597, -29.5062935 ], [ -56.6562306, -29.506646 ], [ -56.6549971, -29.5098956 ], [ -56.6544403, -29.5109581 ], [ -56.6540312, -29.511070900000011 ], [ -56.6535886, -29.5121887 ], [ -56.6532938, -29.5124549 ], [ -56.6526242, -29.5126783 ], [ -56.6517307, -29.5133558 ], [ -56.6525075, -29.5137017 ], [ -56.6531243, -29.5144865 ], [ -56.6534921, -29.5143367 ], [ -56.6553212, -29.5145194 ], [ -56.6580404, -29.5155467 ], [ -56.659791, -29.51559760000001 ], [ -56.6604808, -29.5159816 ], [ -56.6607623, -29.5166728 ], [ -56.6621697, -29.5176382 ], [ -56.6624892, -29.5181911 ], [ -56.6625688, -29.5189309 ], [ -56.6622728, -29.5189921 ], [ -56.6620821, -29.519230699999984 ], [ -56.6613759, -29.5220984 ], [ -56.6607285, -29.5223941 ], [ -56.6603423, -29.5228005 ], [ -56.6603672, -29.5238039 ], [ -56.6605685, -29.5244844 ], [ -56.6603613, -29.5251844 ], [ -56.6603809, -29.526473899999985 ], [ -56.6606925, -29.5273961 ], [ -56.6613627, -29.5281793 ], [ -56.6614545, -29.5286018 ], [ -56.6611215, -29.530633799999986 ], [ -56.6606797, -29.531110300000012 ], [ -56.6603977, -29.53206 ], [ -56.6607566, -29.5330624 ], [ -56.6616881, -29.5335061 ], [ -56.6622372, -29.534077899999982 ], [ -56.6622552, -29.535366800000013 ], [ -56.6615498, -29.5362393 ], [ -56.6614931, -29.5367674 ], [ -56.6618052, -29.5372046 ], [ -56.6624657, -29.5376981 ], [ -56.6623717, -29.5385136 ], [ -56.663059, -29.5399164 ], [ -56.6637678, -29.5424725 ], [ -56.6640821, -29.542999199999986 ], [ -56.6646906, -29.5432247 ], [ -56.6650708, -29.54367 ], [ -56.6643572, -29.5450965 ], [ -56.6646607, -29.5458159 ], [ -56.6640716, -29.5465147 ], [ -56.6638193, -29.5472267 ], [ -56.6621754, -29.5486447 ], [ -56.6618131, -29.5488812 ], [ -56.6613036, -29.548910700000015 ], [ -56.6604256, -29.5484375 ], [ -56.6598959, -29.5484516 ], [ -56.6593647, -29.5487464 ], [ -56.6588988, -29.549345599999988 ], [ -56.6581215, -29.5496692 ], [ -56.6571567, -29.55112 ], [ -56.6560137, -29.551943699999988 ], [ -56.6545943, -29.552488300000011 ], [ -56.653286, -29.5523398 ], [ -56.652408, -29.552627 ], [ -56.6518153, -29.5530395 ], [ -56.6504882, -29.5531506 ], [ -56.6501539, -29.553507 ], [ -56.6500024, -29.5546125 ], [ -56.6495912, -29.5551963 ], [ -56.6493805, -29.5558436 ], [ -56.6477047, -29.5570942 ], [ -56.6474785, -29.5576557 ], [ -56.6468754, -29.5582662 ], [ -56.6457477, -29.558751 ], [ -56.6450894, -29.5598016 ], [ -56.6449745, -29.5614602 ], [ -56.6453352, -29.5616634 ], [ -56.6461005, -29.5615622 ], [ -56.6480029, -29.5626676 ], [ -56.6476903, -29.5635954 ], [ -56.6481245, -29.5642088 ], [ -56.6489196, -29.5648461 ], [ -56.6489579, -29.5661532 ], [ -56.6497139, -29.5663207 ], [ -56.6516146, -29.5654264 ], [ -56.6524934, -29.5660884 ], [ -56.653756, -29.5662109 ], [ -56.6552678, -29.5669144 ], [ -56.6559024, -29.5669865 ], [ -56.6562781, -29.5677422 ], [ -56.6569189, -29.5682735 ], [ -56.6571621, -29.5690911 ], [ -56.6579992, -29.5693084 ], [ -56.6588113, -29.5699422 ], [ -56.6593826, -29.5701563 ], [ -56.6594701, -29.5709987 ], [ -56.6591585, -29.571552 ], [ -56.6584987, -29.5720722 ], [ -56.6584223, -29.5724422 ], [ -56.65883, -29.5732136 ], [ -56.6587909, -29.5738543 ], [ -56.6596948, -29.5749364 ], [ -56.6593262, -29.5752584 ], [ -56.6581785, -29.5754525 ], [ -56.6568091, -29.5766452 ], [ -56.6569716, -29.5773581 ], [ -56.656744, -29.5782397 ], [ -56.6568244, -29.5788546 ], [ -56.657338, -29.5793575 ], [ -56.6582989, -29.5797841 ], [ -56.6585739, -29.5802658 ], [ -56.6583376, -29.580716600000013 ], [ -56.6571126, -29.5820648 ], [ -56.656947, -29.5837773 ], [ -56.6562193, -29.5847036 ], [ -56.6564391, -29.5857983 ], [ -56.656443, -29.5871895 ], [ -56.6556924, -29.5885271 ], [ -56.6555234, -29.5899619 ], [ -56.6546626, -29.5913291 ], [ -56.6537676, -29.5918706 ], [ -56.6533027, -29.5930263 ], [ -56.6528805, -29.5933266 ], [ -56.6524882, -29.5933952 ], [ -56.6520903, -29.5937697 ], [ -56.6509613, -29.596307499999984 ], [ -56.6510561, -29.5974307 ], [ -56.6507368, -29.5979889 ], [ -56.6509748, -29.599051 ], [ -56.6513554, -29.5995669 ], [ -56.6513958, -29.5999093 ], [ -56.6510982, -29.6007102 ], [ -56.6504366, -29.6010416 ], [ -56.6500617, -29.6017306 ], [ -56.6508675, -29.6021069 ], [ -56.6513621, -29.6026186 ], [ -56.6515583, -29.6032986 ], [ -56.652226, -29.6044208 ], [ -56.6518709, -29.6051933 ], [ -56.6530689, -29.6062887 ], [ -56.653901, -29.6082941 ], [ -56.6539581, -29.608931 ], [ -56.6543668, -29.6092707 ], [ -56.6546116, -29.6098959 ], [ -56.6551773, -29.6098444 ], [ -56.6555553, -29.6100925 ], [ -56.6560888, -29.6109807 ], [ -56.6559097, -29.6117666 ], [ -56.6559207, -29.613612199999988 ], [ -56.6566273, -29.6149348 ], [ -56.6562126, -29.6161275 ], [ -56.6566822, -29.6166501 ], [ -56.6570169, -29.617524 ], [ -56.6567533, -29.6175559 ], [ -56.656709, -29.6178123 ], [ -56.6564582, -29.6178199 ], [ -56.6563867, -29.6184545 ], [ -56.655954, -29.6191381 ], [ -56.6566222, -29.6208275 ], [ -56.6561624, -29.6215953 ], [ -56.6551663, -29.6223456 ], [ -56.6548406, -29.6234498 ], [ -56.6552076, -29.6243727 ], [ -56.6557551, -29.6246027 ], [ -56.6571703, -29.6259322 ], [ -56.6565722, -29.6268167 ], [ -56.656756, -29.628056 ], [ -56.6570943, -29.6287739 ], [ -56.6574792, -29.6291016 ], [ -56.6576357, -29.6301706 ], [ -56.6579419, -29.630989599999989 ], [ -56.6582667, -29.6312835 ], [ -56.6581635, -29.631961 ], [ -56.6584027, -29.6333755 ], [ -56.6581838, -29.6334783 ], [ -56.6580309, -29.6339029 ], [ -56.6571552, -29.6339504 ], [ -56.656901, -29.63417440000001 ], [ -56.6562362, -29.6342323 ], [ -56.6555128, -29.6345305 ], [ -56.6538957, -29.6357623 ], [ -56.6533705, -29.6356718 ], [ -56.6526054, -29.6358563 ], [ -56.6509232, -29.6358973 ], [ -56.6502236, -29.6361875 ], [ -56.6498538, -29.636573 ], [ -56.6493832, -29.637995 ], [ -56.6477281, -29.6391048 ], [ -56.646606, -29.6388245 ], [ -56.6460603, -29.6381943 ], [ -56.6449123, -29.6377244 ], [ -56.644236, -29.6367089 ], [ -56.6437179, -29.6365741 ], [ -56.6435166, -29.636813299999989 ], [ -56.6435832, -29.6374688 ], [ -56.6425771, -29.6390364 ], [ -56.641937, -29.639203599999984 ], [ -56.6409623, -29.6390494 ], [ -56.6403819, -29.6393255 ], [ -56.6396133, -29.6401523 ], [ -56.6398425, -29.6410096 ], [ -56.6401305, -29.6413787 ], [ -56.6405469, -29.6416503 ], [ -56.6417117, -29.64182730000001 ], [ -56.6421778, -29.6420866 ], [ -56.642278, -29.6424368 ], [ -56.641787, -29.643333199999983 ], [ -56.6411804, -29.6458756 ], [ -56.6401266, -29.6457634 ], [ -56.6408677, -29.6469234 ], [ -56.640851, -29.6473974 ], [ -56.6405868, -29.6479674 ], [ -56.6402033, -29.6485566 ], [ -56.639236, -29.6486534 ], [ -56.6390167, -29.6491152 ], [ -56.6403049, -29.650145 ], [ -56.640423, -29.6514981 ], [ -56.6416408, -29.6526227 ], [ -56.6415654, -29.6535477 ], [ -56.6417962, -29.654059 ], [ -56.6428485, -29.6545483 ], [ -56.6424825, -29.6562666 ], [ -56.6415627, -29.657097099999987 ], [ -56.6417994, -29.6581292 ], [ -56.6422039, -29.6585414 ], [ -56.6421968, -29.65886 ], [ -56.6419119, -29.6591161 ], [ -56.6405105, -29.6595279 ], [ -56.6401589, -29.6598377 ], [ -56.6396227, -29.6609839 ], [ -56.6396482, -29.6626844 ], [ -56.63884, -29.662940099999989 ], [ -56.6385714, -29.663565199999983 ], [ -56.6376265, -29.6646377 ], [ -56.63762, -29.6659135 ], [ -56.6383615, -29.6667078 ], [ -56.6378368, -29.667842300000011 ], [ -56.6388542, -29.6682695 ], [ -56.6382163, -29.6688052 ], [ -56.6375002, -29.6699869 ], [ -56.6364583, -29.6705978 ], [ -56.6361813, -29.6720408 ], [ -56.6363136, -29.6724376 ], [ -56.6368953, -29.6729331 ], [ -56.6368047, -29.6737825 ], [ -56.6372229, -29.67464 ], [ -56.6373647, -29.6754386 ], [ -56.6377793, -29.6760317 ], [ -56.6379085, -29.6776693 ], [ -56.6386761, -29.6793362 ], [ -56.6385923, -29.680247500000011 ], [ -56.6378697, -29.681042 ], [ -56.6380578, -29.6818954 ], [ -56.6372932, -29.6827722 ], [ -56.637617, -29.684250699999989 ], [ -56.6386803, -29.6846721 ], [ -56.63931, -29.6855397 ], [ -56.6401713, -29.6863568 ], [ -56.6409058, -29.6866588 ], [ -56.6416448, -29.6865727 ], [ -56.6425695, -29.6880978 ], [ -56.6422001, -29.688219299999989 ], [ -56.6415704, -29.6890948 ], [ -56.6407116, -29.688953 ], [ -56.6396727, -29.6891327 ], [ -56.6382153, -29.6885149 ], [ -56.6383353, -29.6898915 ], [ -56.6373926, -29.6912337 ], [ -56.6370481, -29.6922181 ], [ -56.6370395, -29.6930553 ], [ -56.6372649, -29.6938336 ], [ -56.6369198, -29.6952446 ], [ -56.6364584, -29.6958756 ], [ -56.6353034, -29.695649 ], [ -56.6344393, -29.6959411 ], [ -56.6336078, -29.6968731 ], [ -56.6324727, -29.6959559 ], [ -56.6319089, -29.6956816 ], [ -56.6299865, -29.6953199 ], [ -56.6283368, -29.6953911 ], [ -56.6280255, -29.6959783 ], [ -56.627803, -29.6960955 ], [ -56.6267361, -29.6958757 ], [ -56.624873, -29.6950923 ], [ -56.6242508, -29.6950791 ], [ -56.6234485, -29.695287 ], [ -56.6226863, -29.6951581 ], [ -56.622084, -29.6958074 ], [ -56.6209052, -29.6961145 ], [ -56.6188664, -29.6949786 ], [ -56.6184266, -29.6945077 ], [ -56.6180172, -29.6943159 ], [ -56.6176379, -29.694356499999984 ], [ -56.6168567, -29.6940091 ], [ -56.6142693, -29.6944215 ], [ -56.6130437, -29.6941569 ], [ -56.6123559, -29.6936034 ], [ -56.6115911, -29.692597899999988 ], [ -56.6107607, -29.6925424 ], [ -56.6104512, -29.6926248 ], [ -56.6102356, -29.6930097 ], [ -56.6098364, -29.6932029 ], [ -56.6091372, -29.6941207 ], [ -56.6068884, -29.6948119 ], [ -56.6059946, -29.6954369 ], [ -56.6059027, -29.6958758 ], [ -56.6066125, -29.6961822 ], [ -56.6067237, -29.6966962 ], [ -56.6064094, -29.6971258 ], [ -56.6056836, -29.697506 ], [ -56.6055796, -29.6987038 ], [ -56.6052509, -29.6999055 ], [ -56.6039644, -29.6995242 ], [ -56.6031249, -29.7000424 ], [ -56.6028005, -29.6986019 ], [ -56.6025649, -29.6984196 ], [ -56.6013476, -29.6984526 ], [ -56.6003393, -29.6988718 ], [ -56.5996131, -29.6988016 ], [ -56.5994363, -29.6995952 ], [ -56.5990064, -29.7002777 ], [ -56.5988587, -29.7013534 ], [ -56.597813, -29.7024126 ], [ -56.5951367, -29.7022601 ], [ -56.594613, -29.7023452 ], [ -56.5943769, -29.7025492 ], [ -56.5948019, -29.704903 ], [ -56.5947619, -29.7056518 ], [ -56.5944809, -29.7060342 ], [ -56.5927707, -29.7068575 ], [ -56.5921838, -29.7067905 ], [ -56.5903529, -29.7074867 ], [ -56.5909798, -29.7083208 ], [ -56.5918675, -29.709015099999988 ], [ -56.5916971, -29.7096275 ], [ -56.5911436, -29.710207100000012 ], [ -56.5905654, -29.7104821 ], [ -56.5897656, -29.710074599999984 ], [ -56.5891045, -29.710145 ], [ -56.5888705, -29.71126 ], [ -56.5881839, -29.7118031 ], [ -56.5878405, -29.7123305 ], [ -56.5880306, -29.7126852 ], [ -56.5888455, -29.7129098 ], [ -56.5900082, -29.7137097 ], [ -56.5905358, -29.7142874 ], [ -56.5905604, -29.7146238 ], [ -56.5895355, -29.7154322 ], [ -56.5890771, -29.7162015 ], [ -56.5892182, -29.7169411 ], [ -56.589122, -29.7179891 ], [ -56.5885165, -29.7190387 ], [ -56.5888771, -29.7196268 ], [ -56.5888648, -29.7198876 ], [ -56.5882777, -29.7204965 ], [ -56.5874327, -29.720978699999986 ], [ -56.5874607, -29.721603 ], [ -56.5872103, -29.722103 ], [ -56.5860125, -29.7223581 ], [ -56.5856812, -29.7226867 ], [ -56.5856675, -29.7231515 ], [ -56.5860442, -29.7238032 ], [ -56.5854465, -29.7245578 ], [ -56.5852471, -29.7254513 ], [ -56.5847869, -29.7258563 ], [ -56.5847916, -29.7283759 ], [ -56.5840684, -29.7285006 ], [ -56.5834643, -29.7291381 ], [ -56.5825016, -29.7292755 ], [ -56.5818188, -29.7297046 ], [ -56.5796246, -29.730408 ], [ -56.5785501, -29.7316062 ], [ -56.5773544, -29.7323187 ], [ -56.5770217, -29.7328611 ], [ -56.5770668, -29.7337818 ], [ -56.5773901, -29.7341337 ], [ -56.5785639, -29.7346664 ], [ -56.5771522, -29.7357093 ], [ -56.5766935, -29.7365727 ], [ -56.5755427, -29.7365014 ], [ -56.5746719, -29.7371671 ], [ -56.5737548, -29.737115 ], [ -56.5730166, -29.7377267 ], [ -56.5720138, -29.738098099999984 ], [ -56.5720838, -29.738844 ], [ -56.5731011, -29.7396508 ], [ -56.573082, -29.741251 ], [ -56.572132, -29.741637599999986 ], [ -56.5713273, -29.7414508 ], [ -56.570453, -29.7415074 ], [ -56.5696244, -29.7417946 ], [ -56.5685783, -29.7427395 ], [ -56.5674148, -29.7431957 ], [ -56.5668973, -29.7435616 ], [ -56.5641952, -29.7439326 ], [ -56.5638263, -29.744157900000012 ], [ -56.5632, -29.744268699999985 ], [ -56.5628568, -29.7446871 ], [ -56.5628471, -29.7461537 ], [ -56.5619059, -29.7460726 ], [ -56.5616073, -29.745692 ], [ -56.5613419, -29.746614 ], [ -56.5597915, -29.7464315 ], [ -56.5592893, -29.7474119 ], [ -56.5592247, -29.7479533 ], [ -56.5592988, -29.7487848 ], [ -56.5597644, -29.7497178 ], [ -56.5597099, -29.7501592 ], [ -56.557665, -29.7505582 ], [ -56.5565399, -29.7498103 ], [ -56.5556718, -29.7498742 ], [ -56.5547885, -29.7506133 ], [ -56.5556095, -29.7519294 ], [ -56.5555583, -29.7521999 ], [ -56.5551178, -29.7526983 ], [ -56.5550693, -29.7530982 ], [ -56.5538607, -29.7533467 ], [ -56.552954, -29.7529072 ], [ -56.5519249, -29.753035299999986 ], [ -56.5507811, -29.7523474 ], [ -56.5502936, -29.7522702 ], [ -56.5499079, -29.7523368 ], [ -56.5490724, -29.7529978 ], [ -56.5486804, -29.7530982 ], [ -56.5482718, -29.7544573 ], [ -56.547109, -29.7551239 ], [ -56.5465783, -29.7556505 ], [ -56.5466985, -29.7564058 ], [ -56.5464582, -29.7572649 ], [ -56.5460866, -29.7575124 ], [ -56.5454467, -29.7575776 ], [ -56.5452071, -29.7578023 ], [ -56.544236, -29.7578205 ], [ -56.5438787, -29.7587834 ], [ -56.5430211, -29.7593932 ], [ -56.5426741, -29.7593829 ], [ -56.5419869, -29.7590085 ], [ -56.5410612, -29.7599452 ], [ -56.5401642, -29.7599088 ], [ -56.5397915, -29.7614316 ], [ -56.5390542, -29.761402699999987 ], [ -56.5386148, -29.7609279 ], [ -56.5377692, -29.7606204 ], [ -56.5372222, -29.7621226 ], [ -56.5365972, -29.7628887 ], [ -56.5366334, -29.7634873 ], [ -56.5357116, -29.7635409 ], [ -56.5353984, -29.7643942 ], [ -56.535347, -29.7650427 ], [ -56.5350812, -29.7650522 ], [ -56.5350693, -29.7653205 ], [ -56.5345137, -29.765320500000012 ], [ -56.5343798, -29.764623099999984 ], [ -56.5337286, -29.7643537 ], [ -56.5324296, -29.763218499999983 ], [ -56.5321971, -29.7641248 ], [ -56.5318227, -29.7644394 ], [ -56.5304925, -29.7644823 ], [ -56.5292359, -29.7642094 ], [ -56.5291889, -29.765488 ], [ -56.5282604, -29.7663924 ], [ -56.5272915, -29.7664317 ], [ -56.526955, -29.76621 ], [ -56.5261398, -29.7661623 ], [ -56.5250342, -29.7666457 ], [ -56.524126, -29.7661778 ], [ -56.5221365, -29.76616 ], [ -56.5219861, -29.7666568 ], [ -56.5217511, -29.7667832 ], [ -56.5217359, -29.767265 ], [ -56.5197058, -29.7673193 ], [ -56.51906, -29.7677694 ], [ -56.5179559, -29.7681846 ], [ -56.5176531, -29.7684731 ], [ -56.5175692, -29.7692095 ], [ -56.5180739, -29.7689799 ], [ -56.518507, -29.7689765 ], [ -56.5192055, -29.7697128 ], [ -56.5192314, -29.7729467 ], [ -56.5190564, -29.7741399 ], [ -56.5195606, -29.7746307 ], [ -56.5202502, -29.7749331 ], [ -56.5207274, -29.7763506 ], [ -56.5217059, -29.7774923 ], [ -56.5216308, -29.7782269 ], [ -56.5209718, -29.7790862 ], [ -56.5209671, -29.7793501 ], [ -56.521909, -29.7804018 ], [ -56.5227051, -29.7822308 ], [ -56.5249809, -29.784369499999986 ], [ -56.5253471, -29.7844872 ], [ -56.52553, -29.7852061 ], [ -56.5252565, -29.7862555 ], [ -56.5243894, -29.7865525 ], [ -56.5238227, -29.7877866 ], [ -56.5229851, -29.788207600000014 ], [ -56.5223707, -29.7888177 ], [ -56.5222447, -29.7906416 ], [ -56.5218019, -29.7913632 ], [ -56.5219832, -29.7921627 ], [ -56.5217213, -29.7937444 ], [ -56.5213721, -29.7941414 ], [ -56.5204337, -29.7945558 ], [ -56.5197036, -29.795228 ], [ -56.519236, -29.7953206 ], [ -56.5197533, -29.7964391 ], [ -56.5194615, -29.7968522 ], [ -56.5188268, -29.797121 ], [ -56.5188653, -29.7983032 ], [ -56.5185722, -29.7985727 ], [ -56.5181887, -29.7986424 ], [ -56.517326, -29.7984582 ], [ -56.516689, -29.7985713 ], [ -56.5160998, -29.798224 ], [ -56.5159539, -29.7983162 ], [ -56.5164067, -29.7999966 ], [ -56.5161775, -29.8007751 ], [ -56.5164491, -29.8009245 ], [ -56.5164582, -29.8014317 ], [ -56.5175008, -29.801542200000011 ], [ -56.5182735, -29.8022899 ], [ -56.5184536, -29.804245 ], [ -56.5194287, -29.8052038 ], [ -56.519778, -29.8061939 ], [ -56.5197429, -29.806805 ], [ -56.5195138, -29.8072651 ], [ -56.5183517, -29.8082433 ], [ -56.5171403, -29.808754 ], [ -56.5169134, -29.8099634 ], [ -56.5161772, -29.8108577 ], [ -56.5166626, -29.811569 ], [ -56.5165321, -29.8124054 ], [ -56.5172302, -29.8138007 ], [ -56.5173578, -29.8148656 ], [ -56.5175703, -29.8153041 ], [ -56.5168376, -29.8159161 ], [ -56.5167966, -29.8162155 ], [ -56.5177076, -29.8165464 ], [ -56.5182381, -29.817056 ], [ -56.5179146, -29.8174932 ], [ -56.5179143, -29.8179447 ], [ -56.5185855, -29.8190048 ], [ -56.5187701, -29.8196384 ], [ -56.5192428, -29.8200632 ], [ -56.5182419, -29.820718799999987 ], [ -56.5186077, -29.8221267 ], [ -56.5176303, -29.822965600000011 ], [ -56.5174813, -29.8239704 ], [ -56.517062, -29.824966499999984 ], [ -56.5175466, -29.8262 ], [ -56.5173688, -29.8274109 ], [ -56.5177348, -29.8282096 ], [ -56.517697, -29.8285986 ], [ -56.5181202, -29.8293598 ], [ -56.5177743, -29.8301659 ], [ -56.5174355, -29.8304344 ], [ -56.517076, -29.8310849 ], [ -56.5153165, -29.8313959 ], [ -56.5133581, -29.8316406 ], [ -56.5124593, -29.8309677 ], [ -56.5121942, -29.8309502 ], [ -56.5116044, -29.8320674 ], [ -56.5110589, -29.8323314 ], [ -56.5104616, -29.8334237 ], [ -56.5113909, -29.8343608 ], [ -56.5118266, -29.8362592 ], [ -56.5127725, -29.8367686 ], [ -56.5134035, -29.8378042 ], [ -56.5126532, -29.8381691 ], [ -56.5123249, -29.838597 ], [ -56.5123636, -29.8390635 ], [ -56.512717, -29.8395869 ], [ -56.5121587, -29.840074500000011 ], [ -56.5120255, -29.8404543 ], [ -56.5119959, -29.8426809 ], [ -56.5117457, -29.8436125 ], [ -56.5118047, -29.8440552 ], [ -56.5121769, -29.8446007 ], [ -56.5119544, -29.8460038 ], [ -56.5111312, -29.8468555 ], [ -56.5102056, -29.8470949 ], [ -56.5098343, -29.8477278 ], [ -56.5097917, -29.848376299999984 ], [ -56.5105438, -29.8483856 ], [ -56.5106821, -29.8486364 ], [ -56.5111806, -29.848654 ], [ -56.5113965, -29.8491711 ], [ -56.5113124, -29.8493746 ], [ -56.5107098, -29.8496432 ], [ -56.510394, -29.8501714 ], [ -56.5101061, -29.8508292 ], [ -56.509784, -29.852565 ], [ -56.5105231, -29.8528935 ], [ -56.5108062, -29.8531749 ], [ -56.510975, -29.8540516 ], [ -56.5118079, -29.8555476 ], [ -56.5126348, -29.8560329 ], [ -56.5131086, -29.8560301 ], [ -56.5138089, -29.8567179 ], [ -56.5137642, -29.858584 ], [ -56.5145991, -29.8598786 ], [ -56.515307, -29.8602601 ], [ -56.5161146, -29.8618629 ], [ -56.5162653, -29.8626553 ], [ -56.5165557, -29.8627972 ], [ -56.5172919, -29.862820700000011 ], [ -56.517963, -29.8633621 ], [ -56.5181098, -29.8636944 ], [ -56.5182962, -29.864934 ], [ -56.5173841, -29.8659581 ], [ -56.5173166, -29.8664104 ], [ -56.5179957, -29.8675963 ], [ -56.5179557, -29.8682994 ], [ -56.5189164, -29.8691772 ], [ -56.5189395, -29.8700933 ], [ -56.5184914, -29.870545 ], [ -56.5161961, -29.8709155 ], [ -56.5159605, -29.8710871 ], [ -56.5164491, -29.872501 ], [ -56.5164586, -29.8728207 ], [ -56.5161902, -29.8730181 ], [ -56.5161935, -29.8734951 ], [ -56.5166873, -29.8743631 ], [ -56.5164975, -29.8744887 ], [ -56.5157849, -29.874486599999983 ], [ -56.5155309, -29.8742214 ], [ -56.5147919, -29.8742096 ], [ -56.5143204, -29.874839699999988 ], [ -56.5142658, -29.87529850000001 ], [ -56.5145073, -29.8763905 ], [ -56.5142978, -29.8773376 ], [ -56.5147785, -29.878235200000013 ], [ -56.5145466, -29.8790415 ], [ -56.5149428, -29.879378 ], [ -56.5159322, -29.8789547 ], [ -56.5169739, -29.8790522 ], [ -56.5172189, -29.8793382 ], [ -56.517079, -29.8801134 ], [ -56.5173555, -29.8805421 ], [ -56.5188119, -29.8812697 ], [ -56.5193104, -29.8822067 ], [ -56.5208886, -29.88320280000001 ], [ -56.5211256, -29.8835219 ], [ -56.5211952, -29.884176199999988 ], [ -56.5211531, -29.8853083 ], [ -56.5209031, -29.8858763 ], [ -56.5218332, -29.8869109 ], [ -56.5232939, -29.8873515 ], [ -56.5235871, -29.887617 ], [ -56.5240463, -29.89043 ], [ -56.5255755, -29.8907304 ], [ -56.5269388, -29.8921441 ], [ -56.5279182, -29.8936096 ], [ -56.5284103, -29.8938803 ], [ -56.5291363, -29.8938019 ], [ -56.5297482, -29.8949935 ], [ -56.5298516, -29.8962865 ], [ -56.5305024, -29.8972896 ], [ -56.5309363, -29.8975069 ], [ -56.5314588, -29.8975429 ], [ -56.531464, -29.8973001 ], [ -56.5317253, -29.8972408 ], [ -56.5317366, -29.8969873 ], [ -56.5319887, -29.896966699999989 ], [ -56.5320556, -29.8967194 ], [ -56.5322766, -29.8967364 ], [ -56.5326422, -29.8977635 ], [ -56.5336595, -29.8985215 ], [ -56.533681, -29.8992096 ], [ -56.533302, -29.8993274 ], [ -56.5331475, -29.899664 ], [ -56.5334545, -29.9006482 ], [ -56.5341344, -29.9012345 ], [ -56.5348622, -29.9024876 ], [ -56.5354052, -29.9029604 ], [ -56.5360882, -29.90327 ], [ -56.5362475, -29.9046184 ], [ -56.5368, -29.9052785 ], [ -56.5371769, -29.9054989 ], [ -56.5379357, -29.9052761 ], [ -56.5390002, -29.9045566 ], [ -56.5397061, -29.90497250000001 ], [ -56.5410764, -29.9054025 ], [ -56.5414378, -29.9058133 ], [ -56.5414589, -29.9069873 ], [ -56.5406366, -29.9067536 ], [ -56.5398276, -29.9069091 ], [ -56.5389531, -29.9067507 ], [ -56.5382522, -29.9072872 ], [ -56.5377487, -29.9082976 ], [ -56.5360067, -29.9106801 ], [ -56.5350136, -29.9129613 ], [ -56.5339193, -29.9146413 ], [ -56.5323729, -29.9155433 ], [ -56.5300237, -29.9156131 ], [ -56.5292366, -29.9158763 ], [ -56.5292697, -29.9167465 ], [ -56.5295766, -29.917679 ], [ -56.5308308, -29.9188063 ], [ -56.5311908, -29.9198065 ], [ -56.5311459, -29.9203623 ], [ -56.5307023, -29.9210362 ], [ -56.5305221, -29.9219054 ], [ -56.5295638, -29.9230558 ], [ -56.5294531, -29.9241479 ], [ -56.5292338, -29.9245041 ], [ -56.529304, -29.924885 ], [ -56.5297909, -29.9252901 ], [ -56.53015, -29.9252599 ], [ -56.5307438, -29.924855 ], [ -56.531127, -29.924782 ], [ -56.5328257, -29.9250764 ], [ -56.5330103, -29.9252151 ], [ -56.5323893, -29.925750699999988 ], [ -56.5317062, -29.926872 ], [ -56.5309764, -29.9274383 ], [ -56.5308823, -29.9280628 ], [ -56.5310201, -29.9285511 ], [ -56.5314329, -29.9286357 ], [ -56.5320417, -29.928496 ], [ -56.5323801, -29.928655799999984 ], [ -56.5335577, -29.9284809 ], [ -56.535146, -29.928712399999984 ], [ -56.53657, -29.9291005 ], [ -56.5375938, -29.9289326 ], [ -56.5389582, -29.9290623 ], [ -56.5392368, -29.9292096 ], [ -56.5393058, -29.9298465 ], [ -56.5396576, -29.9303807 ], [ -56.5396087, -29.9312622 ], [ -56.5402833, -29.9315715 ], [ -56.5407587, -29.9321593 ], [ -56.5416671, -29.9328757 ], [ -56.5421178, -29.9338502 ], [ -56.5428479, -29.9347651 ], [ -56.5438129, -29.9352301 ], [ -56.5441427, -29.9348913 ], [ -56.5441351, -29.9343243 ], [ -56.5436839, -29.9328608 ], [ -56.5440072, -29.9318882 ], [ -56.5449481, -29.9318901 ], [ -56.5457908, -29.930913 ], [ -56.5464717, -29.9306239 ], [ -56.5471804, -29.930672 ], [ -56.548851, -29.9316628 ], [ -56.5497924, -29.9319873 ], [ -56.5499295, -29.9329953 ], [ -56.5510582, -29.9329367 ], [ -56.5515602, -29.93413150000001 ], [ -56.5518486, -29.9344073 ], [ -56.5528819, -29.9346965 ], [ -56.5536192, -29.9343269 ], [ -56.5549734, -29.9348375 ], [ -56.5552816, -29.9351933 ], [ -56.5554442, -29.9362564 ], [ -56.5561171, -29.9365751 ], [ -56.5568468, -29.937456 ], [ -56.5608017, -29.9376233 ], [ -56.5617369, -29.938376199999983 ], [ -56.561766, -29.9386309 ], [ -56.5619978, -29.9386878 ], [ -56.5620147, -29.9392095 ], [ -56.5632108, -29.939261 ], [ -56.5643254, -29.9395394 ], [ -56.5646842, -29.939777499999987 ], [ -56.5652999, -29.940729 ], [ -56.5656259, -29.9417095 ], [ -56.5662841, -29.9414482 ], [ -56.5670944, -29.9414829 ], [ -56.5679669, -29.94217050000001 ], [ -56.5693972, -29.942358 ], [ -56.5710072, -29.9435822 ], [ -56.5716222, -29.9438667 ], [ -56.5727362, -29.9435778 ], [ -56.5736815, -29.9428206 ], [ -56.5728927, -29.9403093 ], [ -56.5731558, -29.9398769 ], [ -56.573833, -29.9395487 ], [ -56.5741051, -29.9395843 ], [ -56.5744972, -29.9399602 ], [ -56.5753481, -29.9400428 ], [ -56.5754473, -29.9401628 ], [ -56.5770938, -29.9400922 ], [ -56.5804748, -29.941351 ], [ -56.5814593, -29.9414316 ], [ -56.5824015, -29.9419014 ], [ -56.5840569, -29.94232 ], [ -56.5849503, -29.9429461 ], [ -56.5847284, -29.9433108 ], [ -56.5840906, -29.9437566 ], [ -56.5839818, -29.9441067 ], [ -56.5843242, -29.9455262 ], [ -56.584968, -29.9463528 ], [ -56.5850704, -29.946709399999989 ], [ -56.5861527, -29.9468214 ], [ -56.5868739, -29.9473032 ], [ -56.5872237, -29.9480275 ], [ -56.5886006, -29.9486015 ], [ -56.5898932, -29.9489025 ], [ -56.5907837, -29.9485601 ], [ -56.5911348, -29.9475979 ], [ -56.5929943, -29.9475135 ], [ -56.5939548, -29.9472691 ], [ -56.5951177, -29.947312 ], [ -56.5953142, -29.9484732 ], [ -56.5951714, -29.949420199999988 ], [ -56.5960084, -29.9499531 ], [ -56.5967372, -29.9494871 ], [ -56.5968166, -29.9499447 ], [ -56.5972641, -29.9504872 ], [ -56.5973089, -29.9520373 ], [ -56.5975705, -29.9525427 ], [ -56.5981901, -29.9524599 ], [ -56.5989733, -29.9520225 ], [ -56.6007989, -29.9519042 ], [ -56.6019083, -29.9513473 ], [ -56.6025133, -29.9506712 ], [ -56.6037521, -29.9505357 ], [ -56.6047197, -29.9501042 ], [ -56.6056948, -29.949974799999989 ], [ -56.6063905, -29.9495448 ], [ -56.6071616, -29.9495099 ], [ -56.6082192, -29.949708799999986 ], [ -56.6086173, -29.9494476 ], [ -56.6092584, -29.9486514 ], [ -56.6102693, -29.949095 ], [ -56.6104458, -29.949965799999987 ], [ -56.6111433, -29.9511116 ], [ -56.6113405, -29.9521522 ], [ -56.6111817, -29.9525426 ], [ -56.6138489, -29.9524301 ], [ -56.6145493, -29.9520403 ], [ -56.6153039, -29.9525388 ], [ -56.6161313, -29.9527987 ], [ -56.6168536, -29.9526263 ], [ -56.6171741, -29.952741 ], [ -56.6175812, -29.9525636 ], [ -56.6186818, -29.952542599999987 ], [ -56.6189702, -29.9521661 ], [ -56.6197728, -29.9516008 ], [ -56.6201762, -29.9506816 ], [ -56.6210861, -29.94968919999998 ], [ -56.6214595, -29.9482465 ], [ -56.6212778, -29.9479542 ], [ -56.6199598, -29.9474985 ], [ -56.6185622, -29.9465259 ], [ -56.6179639, -29.9463403 ], [ -56.6168206, -29.9454313 ], [ -56.6164975, -29.944255 ], [ -56.6164297, -29.9425889 ], [ -56.6161898, -29.9418531 ], [ -56.6162697, -29.9406705 ], [ -56.6166536, -29.9403728 ], [ -56.617657, -29.940257 ], [ -56.6185259, -29.9399639 ], [ -56.6185358, -29.9398535 ], [ -56.6179603, -29.9395569 ], [ -56.6178447, -29.938948 ], [ -56.6186025, -29.9384202 ], [ -56.6193838, -29.9383977 ], [ -56.6201602, -29.9386104 ], [ -56.6215343, -29.9383753 ], [ -56.622989, -29.938637299999986 ], [ -56.6238459, -29.9385715 ], [ -56.6253922, -29.9371143 ], [ -56.6269432, -29.936096899999985 ], [ -56.6279656, -29.9347843 ], [ -56.628905, -29.9343513 ], [ -56.6309486, -29.932668 ], [ -56.6313503, -29.9326364 ], [ -56.6320683, -29.9332499 ], [ -56.6325171, -29.9333687 ], [ -56.6330093, -29.9333029 ], [ -56.6336179, -29.9327764 ], [ -56.633924, -29.9322824 ], [ -56.6340403, -29.9316131 ], [ -56.6344522, -29.931002 ], [ -56.6345719, -29.9299937 ], [ -56.6349415, -29.9293329 ], [ -56.6340117, -29.928426 ], [ -56.6337342, -29.9276161 ], [ -56.6338855, -29.9269529 ], [ -56.6336817, -29.9264314 ], [ -56.6328188, -29.926369 ], [ -56.6320514, -29.9259466 ], [ -56.6314378, -29.9261191 ], [ -56.6308181, -29.926102399999987 ], [ -56.6301528, -29.9255243 ], [ -56.6301242, -29.9246451 ], [ -56.6308514, -29.923791099999985 ], [ -56.6311538, -29.9229228 ], [ -56.6307414, -29.9223831 ], [ -56.6307868, -29.9218237 ], [ -56.6302508, -29.920771099999989 ], [ -56.6292859, -29.920364 ], [ -56.6292372, -29.9189314 ], [ -56.6304813, -29.9191933 ], [ -56.6335801, -29.9192167 ], [ -56.6346608, -29.919471 ], [ -56.6357101, -29.9194423 ], [ -56.6363384, -29.9191156 ], [ -56.6379231, -29.9173238 ], [ -56.6386359, -29.9168582 ], [ -56.6391491, -29.9162713 ], [ -56.6395209, -29.9161331 ], [ -56.6387802, -29.9155202 ], [ -56.6386106, -29.9146442 ], [ -56.6382012, -29.914057300000014 ], [ -56.6377718, -29.9129734 ], [ -56.6362312, -29.9118552 ], [ -56.6357717, -29.9112581 ], [ -56.6348954, -29.9107945 ], [ -56.6345682, -29.9104623 ], [ -56.6339733, -29.9091127 ], [ -56.6345174, -29.9078374 ], [ -56.6344408, -29.9074415 ], [ -56.6329962, -29.9053497 ], [ -56.6320236, -29.9045407 ], [ -56.6320429, -29.9043247 ], [ -56.6325096, -29.904161 ], [ -56.6330688, -29.9036084 ], [ -56.6331261, -29.9030981 ], [ -56.6347042, -29.9032474 ], [ -56.634857, -29.9018602 ], [ -56.6357605, -29.9002671 ], [ -56.6352083, -29.899865899999984 ], [ -56.6355375, -29.8993315 ], [ -56.6357045, -29.89854260000001 ], [ -56.6362756, -29.8981718 ], [ -56.6372121, -29.8978678 ], [ -56.6388614, -29.8979142 ], [ -56.6393268, -29.89678 ], [ -56.6405701, -29.895739 ], [ -56.6413221, -29.8937578 ], [ -56.6419541, -29.8936365 ], [ -56.6430162, -29.8937283 ], [ -56.6441387, -29.8942863 ], [ -56.6453483, -29.8953202 ], [ -56.6454504, -29.894591 ], [ -56.6461214, -29.8937287 ], [ -56.6456946, -29.8930963 ], [ -56.6459039, -29.8914314 ], [ -56.6468291, -29.8912737 ], [ -56.6472307, -29.8916486 ], [ -56.6480153, -29.8916366 ], [ -56.6485504, -29.891335 ], [ -56.6490803, -29.8906945 ], [ -56.6502302, -29.8905047 ], [ -56.6510607, -29.8899468 ], [ -56.6515391, -29.8893601 ], [ -56.6519424, -29.8892065 ], [ -56.6524302, -29.8895335 ], [ -56.6532512, -29.8907711 ], [ -56.6535194, -29.890814 ], [ -56.6543076, -29.890543 ], [ -56.6552527, -29.8891337 ], [ -56.6554295, -29.8879836 ], [ -56.656011, -29.8876271 ], [ -56.6568186, -29.8874847 ], [ -56.6571192, -29.8872738 ], [ -56.6573546, -29.8860238 ], [ -56.6579516, -29.8854018 ], [ -56.6596026, -29.8852529 ], [ -56.6601602, -29.8847872 ], [ -56.6608171, -29.8853888 ], [ -56.6612415, -29.8865785 ], [ -56.6615228, -29.886936799999983 ], [ -56.6622928, -29.8875424 ], [ -56.663358, -29.8878158 ], [ -56.6646588, -29.8874388 ], [ -56.6659462, -29.88599 ], [ -56.6666732, -29.8857021 ], [ -56.66738, -29.8859198 ], [ -56.6677149, -29.8861808 ], [ -56.6685436, -29.8873264 ], [ -56.6685336, -29.8877672 ], [ -56.6688399, -29.8880614 ], [ -56.6696259, -29.8883529 ], [ -56.6707496, -29.8881229 ], [ -56.6712418, -29.8881681 ], [ -56.6718608, -29.8888316 ], [ -56.6726414, -29.8889997 ], [ -56.6732497, -29.8894043 ], [ -56.6741285, -29.8897007 ], [ -56.6744316, -29.8895972 ], [ -56.6746227, -29.8887458 ], [ -56.6752682, -29.8882164 ], [ -56.6756262, -29.8875423 ], [ -56.6762258, -29.8876416 ], [ -56.6766628, -29.8883117 ], [ -56.6783697, -29.8888784 ], [ -56.6786453, -29.8888146 ], [ -56.679499, -29.8880942 ], [ -56.6812986, -29.8881038 ], [ -56.6817046, -29.888377600000013 ], [ -56.6824609, -29.8882842 ], [ -56.6827941, -29.8879693 ], [ -56.6834947, -29.886218 ], [ -56.6839742, -29.8857469 ], [ -56.6850451, -29.8858314 ], [ -56.6858373, -29.8853902 ], [ -56.6868163, -29.8852609 ], [ -56.6877249, -29.8844365 ], [ -56.6875875, -29.8829473 ], [ -56.6880718, -29.8819129 ], [ -56.6871145, -29.8810783 ], [ -56.6870024, -29.8805764 ], [ -56.6870152, -29.8794867 ], [ -56.6874614, -29.8790251 ], [ -56.6890705, -29.879132099999985 ], [ -56.6908342, -29.878491 ], [ -56.6919143, -29.8795674 ], [ -56.6920816, -29.8807396 ], [ -56.6924468, -29.8810551 ], [ -56.6932709, -29.8805021 ], [ -56.6938974, -29.879549 ], [ -56.6945835, -29.8795422 ], [ -56.6953566, -29.8800006 ], [ -56.6958589, -29.8799263 ], [ -56.6964126, -29.8793636 ], [ -56.6966875, -29.8787419 ], [ -56.6967374, -29.8780978 ], [ -56.697261, -29.878072500000012 ], [ -56.6973287, -29.8778482 ], [ -56.6975599, -29.8777647 ], [ -56.6975708, -29.8775423 ], [ -56.69819, -29.8777596 ], [ -56.6990565, -29.877627899999986 ], [ -56.6996035, -29.8785029 ], [ -56.7000201, -29.8786446 ], [ -56.7005169, -29.878582 ], [ -56.7009959, -29.8783123 ], [ -56.7013617, -29.8776598 ], [ -56.7030468, -29.8793738 ], [ -56.7031264, -29.8811534 ], [ -56.7033473, -29.8811293 ], [ -56.7047607, -29.8801966 ], [ -56.7052183, -29.8797375 ], [ -56.7051528, -29.8782695 ], [ -56.7060798, -29.877462 ], [ -56.7065604, -29.8759467 ], [ -56.7072991, -29.8754464 ], [ -56.7080174, -29.8756739 ], [ -56.7086259, -29.8763692 ], [ -56.709206, -29.8763968 ], [ -56.7098999, -29.875687 ], [ -56.7119721, -29.874637699999987 ], [ -56.7126413, -29.873709 ], [ -56.7132528, -29.8731784 ], [ -56.7142906, -29.8731025 ], [ -56.7151204, -29.8738386 ], [ -56.7154041, -29.87389 ], [ -56.7157432, -29.8734799 ], [ -56.7163577, -29.8732984 ], [ -56.7172093, -29.8726374 ], [ -56.7179608, -29.8723674 ], [ -56.7193173, -29.8724775 ], [ -56.7204615, -29.8717899 ], [ -56.7215733, -29.8715354 ], [ -56.7224651, -29.8720723 ], [ -56.72298, -29.8727083 ], [ -56.7232354, -29.8727471 ], [ -56.7240778, -29.8720871 ], [ -56.7247344, -29.8718492 ], [ -56.7252197, -29.8712711 ], [ -56.7261315, -29.8710207 ], [ -56.7266449, -29.8705245 ], [ -56.7271497, -29.8695196 ], [ -56.7284395, -29.8689129 ], [ -56.7286411, -29.8686898 ], [ -56.7286609, -29.8673148 ], [ -56.7281472, -29.8662509 ], [ -56.728781, -29.8648438 ], [ -56.7290708, -29.8645746 ], [ -56.729668, -29.8643871 ], [ -56.7312833, -29.8634748 ], [ -56.7336476, -29.863862 ], [ -56.7352339, -29.8634969 ], [ -56.736021, -29.8638645 ], [ -56.7364316, -29.863451699999985 ], [ -56.7364598, -29.8619865 ], [ -56.7382405, -29.8614978 ], [ -56.7388849, -29.8620438 ], [ -56.7393743, -29.8627155 ], [ -56.7398778, -29.8627704 ], [ -56.7409596, -29.862470799999986 ], [ -56.7414009, -29.8620618 ], [ -56.7424965, -29.8617623 ], [ -56.7439487, -29.8618401 ], [ -56.7444126, -29.8613564 ], [ -56.7446123, -29.860393 ], [ -56.7452001, -29.8600458 ], [ -56.7462499, -29.8600911 ], [ -56.7474545, -29.8606926 ], [ -56.748255, -29.8613557 ], [ -56.7489362, -29.8614006 ], [ -56.7491829, -29.8612003 ], [ -56.7498905, -29.8587216 ], [ -56.7501832, -29.8584519 ], [ -56.7505661, -29.8583812 ], [ -56.7510693, -29.8584501 ], [ -56.751814, -29.8587968 ], [ -56.7522092, -29.858794 ], [ -56.7525102, -29.8594048 ], [ -56.7523173, -29.8601435 ], [ -56.7524157, -29.8605681 ], [ -56.7529588, -29.8610634 ], [ -56.7539089, -29.8612856 ], [ -56.754501, -29.8618172 ], [ -56.7547932, -29.862542 ], [ -56.7553091, -29.8626795 ], [ -56.7569055, -29.8621784 ], [ -56.7577312, -29.8616156 ], [ -56.758133, -29.860666399999985 ], [ -56.7580815, -29.8598245 ], [ -56.7578557, -29.8594314 ], [ -56.7591378, -29.8588519 ], [ -56.760307, -29.8579702 ], [ -56.7612517, -29.856834 ], [ -56.7616224, -29.8568715 ], [ -56.7623707, -29.8566512 ], [ -56.763041, -29.8562072 ], [ -56.7642949, -29.8558856 ], [ -56.7647428, -29.8559982 ], [ -56.7657443, -29.8569043 ], [ -56.7662724, -29.856939 ], [ -56.7668927, -29.8566192 ], [ -56.7674379, -29.8560367 ], [ -56.7677387, -29.8554421 ], [ -56.7683262, -29.8558002 ], [ -56.7698427, -29.85595180000001 ], [ -56.7702133, -29.8563192 ], [ -56.7707074, -29.85643 ], [ -56.7723315, -29.856424 ], [ -56.7727551, -29.8562412 ], [ -56.7728489, -29.8558753 ], [ -56.7735669, -29.8559116 ], [ -56.7740442, -29.8563643 ], [ -56.774468, -29.8565269 ], [ -56.7745156, -29.857542 ], [ -56.7757662, -29.857929 ], [ -56.7763178, -29.8591017 ], [ -56.7786895, -29.8596602 ], [ -56.7788506, -29.859871 ], [ -56.7787932, -29.8605186 ], [ -56.7798375, -29.8615837 ], [ -56.7802499, -29.8616717 ], [ -56.7809296, -29.8614679 ], [ -56.7817031, -29.8614718 ], [ -56.7822076, -29.8619202 ], [ -56.7837576, -29.8626899 ], [ -56.7848664, -29.8626019 ], [ -56.7863606, -29.8634535 ], [ -56.7869252, -29.8642801 ], [ -56.7877021, -29.8664005 ], [ -56.7885204, -29.8671726 ], [ -56.7899346, -29.8673722 ], [ -56.7902563, -29.8678931 ], [ -56.7904939, -29.8688173 ], [ -56.7927382, -29.8693875 ], [ -56.7937601, -29.8686758 ], [ -56.7941875, -29.8695575 ], [ -56.7938679, -29.8705234 ], [ -56.7931973, -29.8715732 ], [ -56.7931909, -29.871851099999986 ], [ -56.7934756, -29.8723838 ], [ -56.793865, -29.8727068 ], [ -56.7944791, -29.8738891 ], [ -56.794493, -29.874437 ], [ -56.7942468, -29.8751796 ], [ -56.7942852, -29.8759113 ], [ -56.7952486, -29.8767876 ], [ -56.7954174, -29.8776646 ], [ -56.7959047, -29.8783752 ], [ -56.7967725, -29.8783274 ], [ -56.7977852, -29.8777639 ], [ -56.798281, -29.8769355 ], [ -56.7982311, -29.8765329 ], [ -56.7984492, -29.8760047 ], [ -56.7987912, -29.8756799 ], [ -56.7995397, -29.8756053 ], [ -56.8003659, -29.8758345 ], [ -56.8009858, -29.8758216 ], [ -56.8030112, -29.8752214 ], [ -56.8035376, -29.8746129 ], [ -56.8047124, -29.8744994 ], [ -56.8055139, -29.8746371 ], [ -56.8060118, -29.874341 ], [ -56.8063718, -29.8747082 ], [ -56.8069427, -29.8749283 ], [ -56.8074664, -29.8744126 ], [ -56.8077119, -29.8736822 ], [ -56.8085148, -29.8731938 ], [ -56.8091667, -29.8736976 ], [ -56.8099684, -29.874845199999985 ], [ -56.8104086, -29.8762951 ], [ -56.8106165, -29.8765385 ], [ -56.8112563, -29.876708099999988 ], [ -56.8122308, -29.876550599999984 ], [ -56.8128305, -29.8772697 ], [ -56.8136928, -29.8767347 ], [ -56.8149157, -29.8769637 ], [ -56.815993, -29.876990700000011 ], [ -56.8173913, -29.876661 ], [ -56.8180546, -29.8763259 ], [ -56.8192362, -29.8750822 ], [ -56.8215337, -29.875378 ], [ -56.8232878, -29.8763272 ], [ -56.8241578, -29.875943 ], [ -56.8249488, -29.8757806 ], [ -56.8254682, -29.8754138 ], [ -56.8277941, -29.8744954 ], [ -56.8282927, -29.8745549 ], [ -56.8292791, -29.8749957 ], [ -56.8306489, -29.8750585 ], [ -56.8313121, -29.875323899999984 ], [ -56.8318851, -29.8752862 ], [ -56.8324251, -29.8748224 ], [ -56.8327909, -29.8747615 ], [ -56.835313, -29.8753097 ], [ -56.8385515, -29.8751623 ], [ -56.8384833, -29.876002699999983 ], [ -56.8389605, -29.8767084 ], [ -56.8400716, -29.8767084 ], [ -56.8404466, -29.8753825 ], [ -56.8411813, -29.8748961 ], [ -56.842376, -29.8755668 ], [ -56.8442383, -29.8750417 ], [ -56.8439958, -29.8733112 ], [ -56.8455618, -29.8715739 ], [ -56.8453494, -29.8703195 ], [ -56.8460898, -29.8708549 ], [ -56.8480108, -29.8708359 ], [ -56.8484049, -29.8705973 ], [ -56.8484281, -29.8697192 ], [ -56.8487466, -29.8692589 ], [ -56.8502485, -29.8685731 ], [ -56.8511613, -29.86771 ], [ -56.8522325, -29.8657285 ], [ -56.8523369, -29.8644381 ], [ -56.8526681, -29.8631674 ], [ -56.8531983, -29.8626457 ], [ -56.8539605, -29.8628194 ], [ -56.853984, -29.8609531 ], [ -56.8544287, -29.8604356 ], [ -56.8546194, -29.8598456 ], [ -56.8552369, -29.8591194 ], [ -56.8554915, -29.8584873 ], [ -56.8568962, -29.8580025 ], [ -56.8577701, -29.8573219 ], [ -56.8597819, -29.8572325 ], [ -56.8607075, -29.8569241 ], [ -56.8614605, -29.8555972 ], [ -56.8617383, -29.855597199999984 ], [ -56.8618406, -29.854567 ], [ -56.8629464, -29.8540072 ], [ -56.8635848, -29.8538531 ], [ -56.864219, -29.853372 ], [ -56.8642949, -29.8543399 ], [ -56.864999, -29.8554778 ], [ -56.8652028, -29.8564 ], [ -56.8657239, -29.8569097 ], [ -56.8669662, -29.8573986 ], [ -56.8676962, -29.8582553 ], [ -56.8687607, -29.8581081 ], [ -56.8694098, -29.8581719 ], [ -56.8701871, -29.8586346 ], [ -56.8703494, -29.8594861 ], [ -56.8705401, -29.859489 ], [ -56.8708171, -29.8594566 ], [ -56.871066, -29.8592157 ], [ -56.8737717, -29.8591568 ], [ -56.8747599, -29.8581702 ], [ -56.8761054, -29.8583698 ], [ -56.8773419, -29.8581596 ], [ -56.8781234, -29.8584019 ], [ -56.8783645, -29.8585873 ], [ -56.8790965, -29.8599341 ], [ -56.8805822, -29.8601698 ], [ -56.8814606, -29.8608749 ], [ -56.8817166, -29.8615142 ], [ -56.8822264, -29.861841 ], [ -56.8825577, -29.862541600000011 ], [ -56.8825718, -29.864486 ], [ -56.8835092, -29.8648208 ], [ -56.8842566, -29.8652923 ], [ -56.884866, -29.8652627 ], [ -56.8857507, -29.8647819 ], [ -56.8862618, -29.8648086 ], [ -56.8866727, -29.8650812 ], [ -56.8875718, -29.8658749 ], [ -56.887592, -29.8674047 ], [ -56.8878132, -29.8684399 ], [ -56.8869703, -29.869355899999988 ], [ -56.8860153, -29.8695738 ], [ -56.8849089, -29.870148 ], [ -56.8847731, -29.8706481 ], [ -56.8848598, -29.8712557 ], [ -56.8850977, -29.871361 ], [ -56.8861645, -29.8711888 ], [ -56.8869807, -29.8715456 ], [ -56.887729, -29.872688799999988 ], [ -56.888028, -29.8738867 ], [ -56.888511, -29.8741013 ], [ -56.8891404, -29.8740285 ], [ -56.8896872, -29.8742849 ], [ -56.8905355, -29.8749878 ], [ -56.8914242, -29.8752721 ], [ -56.8922941, -29.8753193 ], [ -56.8926572, -29.8765481 ], [ -56.8932627, -29.8770255 ], [ -56.8937324, -29.8776877 ], [ -56.8944165, -29.878176 ], [ -56.8957468, -29.880225 ], [ -56.8963813, -29.8805428 ], [ -56.8979865, -29.8807085 ], [ -56.8985024, -29.882372099999987 ], [ -56.8991444, -29.8827086 ], [ -56.899662, -29.8835375 ], [ -56.9001964, -29.8837738 ], [ -56.9004992, -29.8846456 ], [ -56.9013381, -29.8848608 ], [ -56.9016105, -29.8850696 ], [ -56.9020164, -29.8858748 ], [ -56.9039787, -29.8858693 ], [ -56.9044279, -29.886365 ], [ -56.904886, -29.8863819 ], [ -56.9057898, -29.8860667 ], [ -56.9065815, -29.885415 ], [ -56.907447, -29.8852205 ], [ -56.9080418, -29.8848213 ], [ -56.9088855, -29.8845442 ], [ -56.910231, -29.8843882 ], [ -56.9108365, -29.8837298 ], [ -56.9120657, -29.8839044 ], [ -56.912852, -29.8837026 ], [ -56.9133043, -29.8837457 ], [ -56.9136832, -29.8839304 ], [ -56.9137327, -29.8849063 ], [ -56.914121, -29.885291 ], [ -56.91475, -29.8855318 ], [ -56.9154707, -29.8853457 ], [ -56.916065, -29.8854062 ], [ -56.917136, -29.8863353 ], [ -56.9180039, -29.8865281 ], [ -56.919074, -29.8871743 ], [ -56.9199508, -29.8873595 ], [ -56.9207501, -29.8880002 ], [ -56.9217928, -29.8881741 ], [ -56.9222329, -29.8885757 ], [ -56.9233071, -29.8890081 ], [ -56.9236312, -29.8893418 ], [ -56.9240221, -29.8907255 ], [ -56.9243425, -29.8910706 ], [ -56.9253631, -29.8913955 ], [ -56.927081, -29.8915014 ], [ -56.927446, -29.891866 ], [ -56.9279864, -29.8920976 ], [ -56.928507, -29.892739 ], [ -56.9290637, -29.8930159 ], [ -56.9303183, -29.8933239 ], [ -56.9311833, -29.8933747 ], [ -56.9314052, -29.8943655 ], [ -56.9304575, -29.895136 ], [ -56.9303776, -29.8954132 ], [ -56.9307514, -29.8958046 ], [ -56.9314611, -29.8958747 ], [ -56.9317229, -29.8966849 ], [ -56.9317466, -29.8986017 ], [ -56.9320167, -29.8994859 ], [ -56.9325498, -29.8992045 ], [ -56.933018, -29.899477 ], [ -56.9341843, -29.899508 ], [ -56.9346755, -29.8998497 ], [ -56.9349973, -29.9005308 ], [ -56.9363845, -29.901096 ], [ -56.9380799, -29.901283 ], [ -56.9387918, -29.9019001 ], [ -56.9402259, -29.9026395 ], [ -56.940838, -29.903520900000018 ], [ -56.9412696, -29.9048871 ], [ -56.9418331, -29.9052647 ], [ -56.9424116, -29.9055006 ], [ -56.9427635, -29.9052576 ], [ -56.9430834, -29.9045461 ], [ -56.9429011, -29.9036528 ], [ -56.9430217, -29.903482 ], [ -56.9441838, -29.9037753 ], [ -56.9452693, -29.9049874 ], [ -56.9468283, -29.9048256 ], [ -56.9479308, -29.9050954 ], [ -56.9499346, -29.9058662 ], [ -56.9502121, -29.9058431 ], [ -56.9507406, -29.9053575 ], [ -56.9513877, -29.905261 ], [ -56.951739, -29.9044858 ], [ -56.95294, -29.9045634 ], [ -56.9542447, -29.9052893 ], [ -56.9560451, -29.9054947 ], [ -56.9567391, -29.9053191 ], [ -56.9571377, -29.9063347 ], [ -56.9586117, -29.9071351 ], [ -56.958901, -29.9076882 ], [ -56.9590953, -29.9088975 ], [ -56.9601941, -29.9096674 ], [ -56.9611354, -29.9098943 ], [ -56.9616877, -29.910741 ], [ -56.9617171, -29.9124044 ], [ -56.9613221, -29.9130481 ], [ -56.9618377, -29.9141253 ], [ -56.962797, -29.9153164 ], [ -56.9628533, -29.9158076 ], [ -56.9622947, -29.9158747 ], [ -56.9624383, -29.916335 ], [ -56.9618216, -29.9168714 ], [ -56.9615157, -29.9184524 ], [ -56.9621956, -29.9196789 ], [ -56.9632306, -29.9192459 ], [ -56.9635913, -29.9192857 ], [ -56.9641116, -29.9195871 ], [ -56.9638006, -29.9199128 ], [ -56.9634042, -29.920859 ], [ -56.9634257, -29.921945 ], [ -56.9660858, -29.922063 ], [ -56.9669501, -29.9225942 ], [ -56.9678665, -29.9238262 ], [ -56.9683223, -29.9241616 ], [ -56.9696511, -29.9242033 ], [ -56.9704921, -29.9239405 ], [ -56.9711892, -29.9239258 ], [ -56.9714242, -29.9239596 ], [ -56.9715422, -29.924199 ], [ -56.972017, -29.924208 ], [ -56.9721921, -29.924923099999983 ], [ -56.9717924, -29.9257477 ], [ -56.971768, -29.9264742 ], [ -56.9721083, -29.9271884 ], [ -56.9727901, -29.927965699999987 ], [ -56.9728476, -29.929226 ], [ -56.9733007, -29.9298454 ], [ -56.9735026, -29.9305205 ], [ -56.9744628, -29.931288 ], [ -56.9749418, -29.9318705 ], [ -56.9758042, -29.9320703 ], [ -56.9764132, -29.9324853 ], [ -56.9759157, -29.935742899999983 ], [ -56.9760486, -29.9360373 ], [ -56.9768868, -29.9364694 ], [ -56.9770014, -29.9368811 ], [ -56.9765115, -29.9377735 ], [ -56.976196, -29.939337899999988 ], [ -56.9761838, -29.940319099999989 ], [ -56.9777195, -29.9405907 ], [ -56.9785531, -29.9405758 ], [ -56.9788273, -29.9404816 ], [ -56.9793452, -29.939885 ], [ -56.9799098, -29.940504 ], [ -56.9807172, -29.9407826 ], [ -56.9810522, -29.9407504 ], [ -56.9815595, -29.9403643 ], [ -56.9827481, -29.940670299999987 ], [ -56.9836325, -29.941285 ], [ -56.9843761, -29.943340899999988 ], [ -56.9860218, -29.9443891 ], [ -56.9863588, -29.9441393 ], [ -56.9865978, -29.9434153 ], [ -56.9873334, -29.9426644 ], [ -56.9885121, -29.9420632 ], [ -56.9895188, -29.9417459 ], [ -56.9899683, -29.9417883 ], [ -56.9910269, -29.9424295 ], [ -56.9917453, -29.9423155 ], [ -56.9925728, -29.9425412 ], [ -56.9925728, -29.942819 ], [ -56.9929769, -29.9428785 ], [ -56.9938738, -29.9433458 ], [ -56.9949505, -29.9428632 ], [ -56.9956284, -29.942819 ], [ -56.9956396, -29.9430725 ], [ -56.9959049, -29.943144 ], [ -56.996307, -29.944667 ], [ -56.9974549, -29.945141599999985 ], [ -56.9979936, -29.9457377 ], [ -56.9984993, -29.9456381 ], [ -56.998877, -29.9457529 ], [ -56.9996132, -29.9476534 ], [ -57.0002914, -29.9479698 ], [ -57.0007276, -29.9485093 ], [ -57.0014222, -29.9481653 ], [ -57.0018488, -29.9483502 ], [ -57.0022951, -29.948930099999984 ], [ -57.0026603, -29.9498796 ], [ -57.0033593, -29.9501708 ], [ -57.0038662, -29.9506723 ], [ -57.0045173, -29.9522634 ], [ -57.0057321, -29.9522801 ], [ -57.0064393, -29.9525085 ], [ -57.0068468, -29.9524911 ], [ -57.0077506, -29.9520416 ], [ -57.0089618, -29.9517078 ], [ -57.0090709, -29.9511836 ], [ -57.0104045, -29.9511399 ], [ -57.011024, -29.9508743 ], [ -57.0115402, -29.9508961 ], [ -57.0130927, -29.9518296 ], [ -57.0133723, -29.9522174 ], [ -57.0136498, -29.9537184 ], [ -57.013079, -29.9546333 ], [ -57.0126664, -29.9547228 ], [ -57.0121895, -29.9546072 ], [ -57.0120327, -29.9547096 ], [ -57.0117339, -29.9555331 ], [ -57.0120174, -29.9564301 ], [ -57.0135278, -29.9561735 ], [ -57.0146144, -29.9563802 ], [ -57.0154703, -29.9562256 ], [ -57.0161935, -29.9566088 ], [ -57.0166204, -29.9574394 ], [ -57.0170118, -29.9575 ], [ -57.0172582, -29.95722760000001 ], [ -57.0172374, -29.9562048 ], [ -57.0190192, -29.9558015 ], [ -57.0199199, -29.9551204 ], [ -57.0209063, -29.9550411 ], [ -57.0216928, -29.9546294 ], [ -57.0222038, -29.9539804 ], [ -57.0226853, -29.9537606 ], [ -57.0232336, -29.953837199999985 ], [ -57.0238477, -29.9534812 ], [ -57.025064, -29.9537836 ], [ -57.0257185, -29.9544252 ], [ -57.0262459, -29.954677 ], [ -57.0267625, -29.954505 ], [ -57.0276259, -29.954507 ], [ -57.0281056, -29.9550464 ], [ -57.0289278, -29.9547603 ], [ -57.0296569, -29.9548674 ], [ -57.0301336, -29.955455 ], [ -57.0307951, -29.9556844 ], [ -57.0313305, -29.9561829 ], [ -57.0315322, -29.9571069 ], [ -57.0321485, -29.9580667 ], [ -57.0324139, -29.9582816 ], [ -57.0333032, -29.958460199999987 ], [ -57.0338366, -29.9587558 ], [ -57.0339324, -29.9591105 ], [ -57.0337925, -29.9598932 ], [ -57.0346081, -29.9602426 ], [ -57.0349837, -29.96015 ], [ -57.0351757, -29.9592881 ], [ -57.0357249, -29.9587432 ], [ -57.0360785, -29.9587408 ], [ -57.0370469, -29.9591806 ], [ -57.0378166, -29.9591708 ], [ -57.0380297, -29.9590366 ], [ -57.038351, -29.9581665 ], [ -57.0389872, -29.9581047 ], [ -57.0398183, -29.9583382 ], [ -57.0404325, -29.9583202 ], [ -57.0415661, -29.9570818 ], [ -57.04191, -29.9570867 ], [ -57.0424543, -29.9574133 ], [ -57.043165, -29.957057499999987 ], [ -57.044356, -29.9574202 ], [ -57.0451416, -29.9573412 ], [ -57.0463502, -29.9583303 ], [ -57.0469419, -29.9585921 ], [ -57.0480212, -29.9587371 ], [ -57.0483891, -29.9591421 ], [ -57.0484065, -29.9603188 ], [ -57.048909, -29.9603134 ], [ -57.0489985, -29.9600515 ], [ -57.0494938, -29.9600222 ], [ -57.0495545, -29.9597741 ], [ -57.0500732, -29.9597633 ], [ -57.0500823, -29.9592561 ], [ -57.0503335, -29.959174 ], [ -57.050351, -29.9589299 ], [ -57.0506389, -29.9588633 ], [ -57.0511091, -29.9584404 ], [ -57.0524611, -29.958008 ], [ -57.0534582, -29.9568411 ], [ -57.0544385, -29.9565525 ], [ -57.0547529, -29.9559672 ], [ -57.0547954, -29.9553188 ], [ -57.0540362, -29.9543977 ], [ -57.0539635, -29.954098 ], [ -57.0540443, -29.9537245 ], [ -57.0543434, -29.9534574 ], [ -57.0554609, -29.953208 ], [ -57.0560284, -29.953348 ], [ -57.0566301, -29.9532939 ], [ -57.0571939, -29.95302 ], [ -57.0580208, -29.9523019 ], [ -57.0586443, -29.9520456 ], [ -57.0593609, -29.9521712 ], [ -57.0597954, -29.9517077 ], [ -57.0618994, -29.9518758 ], [ -57.0623973, -29.9509582 ], [ -57.0633014, -29.9502358 ], [ -57.0635139, -29.9495703 ], [ -57.0647954, -29.9478187 ], [ -57.0665231, -29.948535499999988 ], [ -57.0674893, -29.9483927 ], [ -57.0689545, -29.9486231 ], [ -57.0694143, -29.948299 ], [ -57.0697309, -29.9473348 ], [ -57.0725733, -29.9467076 ], [ -57.0725657, -29.9459219 ], [ -57.0722955, -29.945874300000014 ], [ -57.0723082, -29.9454466 ], [ -57.0724273, -29.945084 ], [ -57.0733634, -29.9439889 ], [ -57.0732463, -29.9417543 ], [ -57.0734883, -29.9412223 ], [ -57.074003, -29.940719200000011 ], [ -57.0750913, -29.9403431 ], [ -57.0758574, -29.9404385 ], [ -57.077046, -29.9416703 ], [ -57.0798626, -29.9417146 ], [ -57.080422, -29.9418027 ], [ -57.0806288, -29.9419853 ], [ -57.0815441, -29.942005899999984 ], [ -57.0819363, -29.9423319 ], [ -57.0821199, -29.9427496 ], [ -57.0823584, -29.942818900000013 ], [ -57.0827592, -29.9427684 ], [ -57.0834536, -29.9422646 ], [ -57.0839515, -29.9431975 ], [ -57.0849591, -29.9434645 ], [ -57.0855423, -29.9439982 ], [ -57.0861282, -29.9455145 ], [ -57.0862061, -29.946154300000011 ], [ -57.0871759, -29.9457797 ], [ -57.0873762, -29.9446483 ], [ -57.0889622, -29.9433742 ], [ -57.0889622, -29.9430964 ], [ -57.0902216, -29.9430587 ], [ -57.0910932, -29.9424688 ], [ -57.091328, -29.9420491 ], [ -57.0919404, -29.9419691 ], [ -57.0920981, -29.941716099999983 ], [ -57.0931289, -29.94170750000001 ], [ -57.0942868, -29.9430184 ], [ -57.0947956, -29.9430964 ], [ -57.0948506, -29.9440668 ], [ -57.0951335, -29.9449178 ], [ -57.0953901, -29.9451986 ], [ -57.0957914, -29.9452298 ], [ -57.096945, -29.9445305 ], [ -57.0980248, -29.9445648 ], [ -57.0983825, -29.9450507 ], [ -57.0983179, -29.9454265 ], [ -57.0979871, -29.9457272 ], [ -57.0981887, -29.9460951 ], [ -57.0994745, -29.9468328 ], [ -57.1000734, -29.9475408 ], [ -57.1007378, -29.9475625 ], [ -57.1013894, -29.9478762 ], [ -57.1016974, -29.9481857 ], [ -57.1020339, -29.9489326 ], [ -57.1033194, -29.9481418 ], [ -57.1040858, -29.9479358 ], [ -57.1045349, -29.9480548 ], [ -57.1049282, -29.9479891 ], [ -57.1048763, -29.9471268 ], [ -57.1054861, -29.9456884 ], [ -57.106254, -29.945632 ], [ -57.1072687, -29.9463739 ], [ -57.1078849, -29.9463816 ], [ -57.1083545, -29.9460179 ], [ -57.1087451, -29.944630499999985 ], [ -57.1090276, -29.9442512 ], [ -57.1095092, -29.943964299999983 ], [ -57.1103027, -29.9440541 ], [ -57.110629, -29.9436519 ], [ -57.1113568, -29.943772899999985 ], [ -57.1121148, -29.9444125 ], [ -57.1127706, -29.9447156 ], [ -57.1135525, -29.9447431 ], [ -57.1144294, -29.9445727 ], [ -57.1151797, -29.9448843 ], [ -57.1153513, -29.9453186 ], [ -57.1160975, -29.9454364 ], [ -57.1171261, -29.9460399 ], [ -57.1181979, -29.9448895 ], [ -57.1190041, -29.9450101 ], [ -57.1200405, -29.9447785 ], [ -57.1221687, -29.9447451 ], [ -57.1231291, -29.9442074 ], [ -57.1232296, -29.9445654 ], [ -57.1241458, -29.9453931 ], [ -57.1243092, -29.946832699999984 ], [ -57.1247176, -29.9474175 ], [ -57.1249031, -29.9480123 ], [ -57.1255555, -29.9485307 ], [ -57.125875, -29.9491463 ], [ -57.1258557, -29.9496195 ], [ -57.125544, -29.9502461 ], [ -57.1243045, -29.9512888 ], [ -57.124518, -29.9519852 ], [ -57.1252162, -29.9523619 ], [ -57.1254508, -29.9530177 ], [ -57.1262254, -29.953805 ], [ -57.1282426, -29.9549649 ], [ -57.1292037, -29.954997299999988 ], [ -57.1296953, -29.9546106 ], [ -57.1316544, -29.9547952 ], [ -57.1322959, -29.9550407 ], [ -57.1316979, -29.956489399999988 ], [ -57.131078, -29.956978499999988 ], [ -57.1309207, -29.9572994 ], [ -57.1309678, -29.9585033 ], [ -57.1316282, -29.9591126 ], [ -57.1314626, -29.9600407 ], [ -57.1307083, -29.960482 ], [ -57.1302637, -29.9621011 ], [ -57.1293374, -29.963173 ], [ -57.1281245, -29.9653382 ], [ -57.1292907, -29.9662973 ], [ -57.1299551, -29.9665235 ], [ -57.1313839, -29.9674911 ], [ -57.132158, -29.9675365 ], [ -57.133407, -29.967263 ], [ -57.1333924, -29.9685321 ], [ -57.1329679, -29.9698147 ], [ -57.1330424, -29.9700028 ], [ -57.1338848, -29.9705354 ], [ -57.1353077, -29.9707253 ], [ -57.1358563, -29.9712902 ], [ -57.1361411, -29.972208499999986 ], [ -57.1375379, -29.9723018 ], [ -57.1387701, -29.9725948 ], [ -57.1395182, -29.9730963 ], [ -57.1404976, -29.9725888 ], [ -57.1413162, -29.9727695 ], [ -57.1425069, -29.9722608 ], [ -57.1432286, -29.9727863 ], [ -57.1441829, -29.972864 ], [ -57.1445222, -29.973112 ], [ -57.1440038, -29.9737599 ], [ -57.1439749, -29.9745377 ], [ -57.1443163, -29.9752579 ], [ -57.1447234, -29.975587 ], [ -57.1450469, -29.9755887 ], [ -57.1450912, -29.9753322 ], [ -57.1453516, -29.9753185 ], [ -57.1457093, -29.9748687 ], [ -57.1461385, -29.9747655 ], [ -57.1474474, -29.9747844 ], [ -57.148376, -29.9750269 ], [ -57.152081, -29.9751103 ], [ -57.1525158, -29.9755169 ], [ -57.1538808, -29.976040699999988 ], [ -57.1539635, -29.9770373 ], [ -57.1537204, -29.9781591 ], [ -57.1543829, -29.9788753 ], [ -57.1552853, -29.979164 ], [ -57.1559044, -29.9789772 ], [ -57.1564306, -29.9791802 ], [ -57.1570522, -29.979185899999983 ], [ -57.1572366, -29.979091899999986 ], [ -57.1575895, -29.9783717 ], [ -57.1583374, -29.9789847 ], [ -57.1591407, -29.9798418 ], [ -57.159585, -29.9815621 ], [ -57.1603046, -29.982237 ], [ -57.1603517, -29.9830962 ], [ -57.1620414, -29.9828113 ], [ -57.1628465, -29.9828527 ], [ -57.1634126, -29.9830516 ], [ -57.1641334, -29.982922399999985 ], [ -57.165074, -29.9830962 ], [ -57.1651508, -29.9840452 ], [ -57.1660588, -29.9845848 ], [ -57.1669518, -29.9860276 ], [ -57.1672847, -29.9873942 ], [ -57.1672893, -29.9895009 ], [ -57.1678215, -29.9900052 ], [ -57.167587, -29.990644199999984 ], [ -57.167591, -29.9917299 ], [ -57.1680222, -29.9921301 ], [ -57.1681296, -29.9925406 ], [ -57.1694214, -29.9917594 ], [ -57.1708592, -29.9919801 ], [ -57.1721841, -29.99181930000001 ], [ -57.1730557, -29.9921976 ], [ -57.1745753, -29.9923348 ], [ -57.1751183, -29.9932516 ], [ -57.1760852, -29.993633599999988 ], [ -57.1764525, -29.993495 ], [ -57.1767811, -29.9929967 ], [ -57.1773308, -29.9926423 ], [ -57.1780161, -29.9925549 ], [ -57.1783225, -29.9926911 ], [ -57.1790662, -29.9935693 ], [ -57.1802432, -29.9940154 ], [ -57.1804965, -29.9942396 ], [ -57.1806931, -29.9954527 ], [ -57.1812509, -29.996318 ], [ -57.1825101, -29.9958908 ], [ -57.1833944, -29.9961534 ], [ -57.1838186, -29.9959143 ], [ -57.1848331, -29.9960964 ], [ -57.1865868, -29.9956905 ], [ -57.187652, -29.9958967 ], [ -57.18808, -29.9967037 ], [ -57.1873866, -29.9973422 ], [ -57.1871262, -29.9978708 ], [ -57.1873257, -29.9984328 ], [ -57.1879871, -29.9989661 ], [ -57.1888671, -30.0001163 ], [ -57.1893418, -30.0013497 ], [ -57.1901508, -30.0022103 ], [ -57.1908359, -30.0025425 ], [ -57.1909076, -30.0022628 ], [ -57.1917409, -30.0022628 ], [ -57.1927546, -30.0031731 ], [ -57.1932576, -30.0041064 ], [ -57.1944269, -30.0048396 ], [ -57.1950104, -30.0057963 ], [ -57.1945219, -30.006653 ], [ -57.1945238, -30.0075122 ], [ -57.1947747, -30.007928 ], [ -57.1952954, -30.0080993 ], [ -57.1967262, -30.0080691 ], [ -57.1978056, -30.0076841 ], [ -57.1984864, -30.0068217 ], [ -57.1991413, -30.0070508 ], [ -57.1996638, -30.0075935 ], [ -57.1996327, -30.0079847 ], [ -57.1998674, -30.0083149 ], [ -57.2013348, -30.0093083 ], [ -57.201848, -30.009964 ], [ -57.2025743, -30.0103183 ], [ -57.2024063, -30.0110991 ], [ -57.2026666, -30.0119106 ], [ -57.2031993, -30.0124987 ], [ -57.2035237, -30.0127334 ], [ -57.2038652, -30.0127744 ], [ -57.204433, -30.0123547 ], [ -57.204716, -30.0124265 ], [ -57.2049009, -30.013280399999989 ], [ -57.2053551, -30.0139117 ], [ -57.205403, -30.015187 ], [ -57.2058176, -30.0155612 ], [ -57.2065757, -30.0157804 ], [ -57.2069536, -30.0155578 ], [ -57.2075192, -30.0149016 ], [ -57.2075744, -30.0139294 ], [ -57.2095182, -30.0139542 ], [ -57.2104917, -30.0143163 ], [ -57.2107706, -30.0152806 ], [ -57.2110752, -30.0155525 ], [ -57.2121675, -30.0159818 ], [ -57.2124605, -30.0164718 ], [ -57.2123093, -30.0179661 ], [ -57.2128077, -30.0188882 ], [ -57.2129785, -30.0208472 ], [ -57.2135034, -30.0213539 ], [ -57.214869919496863, -30.022157242486891 ], [ -57.2151, -30.022 ], [ -57.215749184044263, -30.022558627073998 ], [ -57.2171801, -30.0231881 ], [ -57.217564709568222, -30.024120847850973 ], [ -57.2194, -30.0257 ], [ -57.2287, -30.02 ], [ -57.2312, -30.0188 ], [ -57.2275, -30.0143 ], [ -57.237, -30.0083 ], [ -57.2433, -30.0047 ], [ -57.2438, -30.002 ], [ -57.2459, -29.9968 ], [ -57.2518, -29.9905 ], [ -57.2569, -29.9785 ], [ -57.2577, -29.9759 ], [ -57.2576, -29.9743 ], [ -57.2565, -29.9718 ], [ -57.2597, -29.9718 ], [ -57.2611, -29.9707 ], [ -57.2636, -29.9708 ], [ -57.2653, -29.9693 ], [ -57.2691, -29.9681 ], [ -57.2709, -29.9672 ], [ -57.2739, -29.9617 ], [ -57.2743, -29.9598 ], [ -57.2792, -29.9541 ], [ -57.2805, -29.9531 ], [ -57.2827, -29.9532 ], [ -57.2851, -29.9526 ], [ -57.2875, -29.9507 ], [ -57.2883, -29.951 ], [ -57.2917, -29.9494 ], [ -57.2936, -29.9495 ], [ -57.2953, -29.951 ], [ -57.2992, -29.9502 ], [ -57.3005, -29.9514 ], [ -57.3029, -29.9528 ], [ -57.3064, -29.953 ], [ -57.3077, -29.9522 ], [ -57.3082, -29.9501 ], [ -57.3089, -29.9495 ], [ -57.3108, -29.9498 ], [ -57.3104, -29.9537 ], [ -57.3115, -29.9563 ], [ -57.3156, -29.959 ], [ -57.319, -29.9654 ], [ -57.3204, -29.9675 ], [ -57.3227, -29.9692 ], [ -57.3257, -29.9709 ], [ -57.3281, -29.9719 ], [ -57.3255, -29.9545 ], [ -57.324, -29.9398 ], [ -57.3241, -29.9217 ], [ -57.3286, -29.9025 ], [ -57.3297, -29.8876 ], [ -57.3246, -29.8728 ], [ -57.3145, -29.8599 ], [ -57.3047, -29.8448 ], [ -57.2978, -29.8347 ], [ -57.2872, -29.8232 ], [ -57.2822, -29.8173 ], [ -57.2678, -29.8095 ], [ -57.2485, -29.7928 ], [ -57.2354, -29.7808 ], [ -57.2211, -29.7763 ], [ -57.208, -29.7778 ], [ -57.1953, -29.7798 ], [ -57.1807, -29.7812 ], [ -57.172, -29.7807 ], [ -57.152, -29.7748 ], [ -57.1319, -29.7702 ], [ -57.1206, -29.7621 ], [ -57.0997, -29.7483 ], [ -57.0829, -29.7346 ], [ -57.0692, -29.7219 ], [ -57.0573, -29.7137 ], [ -57.0521, -29.7075 ], [ -57.0455, -29.7016 ], [ -57.0334, -29.6957 ], [ -57.027, -29.6894 ], [ -57.0211, -29.6833 ], [ -57.0162, -29.6748 ], [ -57.0115, -29.6645 ], [ -57.0066, -29.6582 ], [ -57.0009, -29.6519 ], [ -56.9906, -29.6467 ], [ -56.9802, -29.6445 ], [ -56.9711, -29.6434 ], [ -56.9674, -29.6373 ], [ -56.9673, -29.6301 ], [ -56.9695, -29.6224 ], [ -56.9721, -29.6173 ], [ -56.9714, -29.6103 ], [ -56.9678, -29.6018 ], [ -56.9588, -29.5896 ], [ -56.9509, -29.5807 ], [ -56.94, -29.573 ], [ -56.9295, -29.5662 ], [ -56.9207, -29.5545 ], [ -56.9121, -29.5446 ], [ -56.902, -29.5338 ], [ -56.888, -29.5264 ], [ -56.8728, -29.5147 ], [ -56.8608, -29.5073 ], [ -56.844, -29.4992 ], [ -56.8308, -29.4944 ], [ -56.8221, -29.49 ], [ -56.8139, -29.4811 ], [ -56.8082, -29.4731 ], [ -56.8054, -29.4663 ], [ -56.804, -29.4597 ], [ -56.8014, -29.4549 ], [ -56.797, -29.4491 ], [ -56.7855, -29.4418 ], [ -56.7795, -29.4374 ], [ -56.7779, -29.4324 ], [ -56.7778, -29.429 ], [ -56.7795, -29.424 ], [ -56.78, -29.42 ], [ -56.777456242609269, -29.419485908658487 ], [ -56.7761801, -29.419486 ] ] ] } },
{ "type": "Feature", "properties": { "wts_pk": 138607, "codigo_otto": "827", "nivel_otto_declarado": 3, "area_m2_bho": 107416.87314261403, "nivel_otto": 3 }, "geometry": { "type": "MultiPolygon", "coordinates": [ [ [ [ -56.7695668, -29.4178218 ], [ -56.7697194, -29.4180347 ], [ -56.7707097, -29.4182908 ], [ -56.771083943092691, -29.418197836193212 ], [ -56.7695668, -29.4178218 ] ] ], [ [ [ -56.775917707000652, -29.419174945770006 ], [ -56.7761622, -29.4194901 ], [ -56.777456242609269, -29.419485908658487 ], [ -56.775917707000652, -29.419174945770006 ] ] ] ] } }
]
}
