{
"type": "FeatureCollection",
"name": "criancas-0-4",
"crs": { "type": "name", "properties": { "name": "urn:ogc:def:crs:OGC:1.3:CRS84" } },
"features": [
{ "type": "Feature", "properties": { "CD_SETOR": "432240005000001", "NM_BAIRRO": "Centro", "NM_DIST": "Uruguaiana", "populacao_total": 605, "pct_populacao_0_a_4_anos": 4.3, "sem_dado": false, "estimativa_criancas_0_a_4": 26.0 }, "geometry": { "type": "Polygon", "coordinates": [ [ [ -57.079912499999978, -29.761090299999971 ], [ -57.079936699999962, -29.76244569999994 ], [ -57.083144, -29.762496699999936 ], [ -57.083186499999954, -29.758361699999959 ], [ -57.079918899999939, -29.758285499999939 ], [ -57.079912499999978, -29.761090299999971 ] ] ] } },
{ "type": "Feature", "properties": { "CD_SETOR": "432240005000002", "NM_BAIRRO": "Centro", "NM_DIST": "Uruguaiana", "populacao_total": 742, "pct_populacao_0_a_4_anos": 5.39, "sem_dado": false, "estimativa_criancas_0_a_4": 40.0 }, "geometry": { "type": "Polygon", "coordinates": [ [ [ -57.083144, -29.762496699999936 ], [ -57.084788899999978, -29.762491099999973 ], [ -57.086348, -29.762535499999963 ], [ -57.086388099999965, -29.761115099999987 ], [ -57.086371399999969, -29.760404 ], [ -57.086403899999937, -29.759749499999952 ], [ -57.086391699999979, -29.758390699999943 ], [ -57.083186499999954, -29.758361699999959 ], [ -57.083144, -29.762496699999936 ] ] ] } },
{ "type": "Feature", "properties": { "CD_SETOR": "432240005000003", "NM_BAIRRO": "Centro", "NM_DIST": "Uruguaiana", "populacao_total": 739, "pct_populacao_0_a_4_anos": 4.47, "sem_dado": false, "estimativa_criancas_0_a_4": 33.0 }, "geometry": { "type": "Polygon", "coordinates": [ [ [ -57.088011799999947, -29.759769399999982 ], [ -57.086403899999937, -29.759749499999952 ], [ -57.086371399999969, -29.760404 ], [ -57.086388099999965, -29.761115099999987 ], [ -57.086348, -29.762535499999963 ], [ -57.087969699999974, -29.762522799999935 ], [ -57.089581499999952, -29.762550799999925 ], [ -57.091216599999939, -29.762551799999979 ], [ -57.091222199999947, -29.76118039999993 ], [ -57.091251699999987, -29.759777799999942 ], [ -57.089608, -29.759744299999962 ], [ -57.088011799999947, -29.759769399999982 ] ] ] } },
{ "type": "Feature", "properties": { "CD_SETOR": "432240005000004", "NM_BAIRRO": "Centro", "NM_DIST": "Uruguaiana", "populacao_total": 854, "pct_populacao_0_a_4_anos": 7.14, "sem_dado": false, "estimativa_criancas_0_a_4": 61.0 }, "geometry": { "type": "Polygon", "coordinates": [ [ [ -57.088011799999947, -29.759769399999982 ], [ -57.089608, -29.759744299999962 ], [ -57.091251699999987, -29.759777799999942 ], [ -57.091295, -29.755600699999942 ], [ -57.088086399999952, -29.755552399999949 ], [ -57.088011799999947, -29.759769399999982 ] ] ] } },
{ "type": "Feature", "properties": { "CD_SETOR": "432240005000005", "NM_BAIRRO": "Centro", "NM_DIST": "Uruguaiana", "populacao_total": 919, "pct_populacao_0_a_4_anos": 4.35, "sem_dado": false, "estimativa_criancas_0_a_4": 40.0 }, "geometry": { "type": "Polygon", "coordinates": [ [ [ -57.086426899999935, -29.754072699999934 ], [ -57.086390199999983, -29.755493299999959 ], [ -57.088086399999952, -29.755552399999949 ], [ -57.091295, -29.755600699999942 ], [ -57.091317199999935, -29.754162 ], [ -57.091336099999978, -29.752721599999973 ], [ -57.08645949999994, -29.752573199999961 ], [ -57.086426899999935, -29.754072699999934 ] ] ] } },
{ "type": "Feature", "properties": { "CD_SETOR": "432240005000006", "NM_BAIRRO": "Centro", "NM_DIST": "Uruguaiana", "populacao_total": 1118, "pct_populacao_0_a_4_anos": 5.55, "sem_dado": false, "estimativa_criancas_0_a_4": 62.0 }, "geometry": { "type": "Polygon", "coordinates": [ [ [ -57.090106, -29.747468199999958 ], [ -57.089625699999942, -29.748399699999933 ], [ -57.086671299999978, -29.748334899999978 ], [ -57.085660699999949, -29.748353299999952 ], [ -57.085663799999963, -29.748552 ], [ -57.085580899999968, -29.749703199999935 ], [ -57.086537399999941, -29.749695 ], [ -57.08645949999994, -29.752573199999961 ], [ -57.091336099999978, -29.752721599999973 ], [ -57.091423799999973, -29.749561299999975 ], [ -57.095105599999954, -29.744563799999987 ], [ -57.093660599999964, -29.743388 ], [ -57.090106, -29.747468199999958 ] ] ] } },
{ "type": "Feature", "properties": { "CD_SETOR": "432240005000007", "NM_BAIRRO": "Centro", "NM_DIST": "Uruguaiana", "populacao_total": 962, "pct_populacao_0_a_4_anos": 4.78, "sem_dado": false, "estimativa_criancas_0_a_4": 46.0 }, "geometry": { "type": "Polygon", "coordinates": [ [ [ -57.083266199999969, -29.75410509999994 ], [ -57.086426899999935, -29.754072699999934 ], [ -57.08645949999994, -29.752573199999961 ], [ -57.086537399999941, -29.749695 ], [ -57.085580899999968, -29.749703199999935 ], [ -57.085663799999963, -29.748552 ], [ -57.083316499999974, -29.748550199999951 ], [ -57.083266199999969, -29.75410509999994 ] ] ] } },
{ "type": "Feature", "properties": { "CD_SETOR": "432240005000008", "NM_BAIRRO": "Centro", "NM_DIST": "Uruguaiana", "populacao_total": 753, "pct_populacao_0_a_4_anos": 3.85, "sem_dado": false, "estimativa_criancas_0_a_4": 29.0 }, "geometry": { "type": "Polygon", "coordinates": [ [ [ -57.080106099999966, -29.749633199999952 ], [ -57.080011799999966, -29.754042799999979 ], [ -57.083266199999969, -29.75410509999994 ], [ -57.083316499999974, -29.748550199999951 ], [ -57.080128099999968, -29.748505199999943 ], [ -57.080106099999966, -29.749633199999952 ] ] ] } },
{ "type": "Feature", "properties": { "CD_SETOR": "432240005000009", "NM_BAIRRO": "Centro", "NM_DIST": "Uruguaiana", "populacao_total": 643, "pct_populacao_0_a_4_anos": 2.8, "sem_dado": false, "estimativa_criancas_0_a_4": 18.0 }, "geometry": { "type": "Polygon", "coordinates": [ [ [ -57.079976, -29.755425199999934 ], [ -57.081634299999962, -29.755462 ], [ -57.084831, -29.755478799999931 ], [ -57.086390199999983, -29.755493299999959 ], [ -57.086426899999935, -29.754072699999934 ], [ -57.083266199999969, -29.75410509999994 ], [ -57.080011799999966, -29.754042799999979 ], [ -57.079976, -29.755425199999934 ] ] ] } },
{ "type": "Feature", "properties": { "CD_SETOR": "432240005000010", "NM_BAIRRO": "Centro", "NM_DIST": "Uruguaiana", "populacao_total": 667, "pct_populacao_0_a_4_anos": 3.15, "sem_dado": false, "estimativa_criancas_0_a_4": 21.0 }, "geometry": { "type": "Polygon", "coordinates": [ [ [ -57.079938499999969, -29.756873599999949 ], [ -57.079918899999939, -29.758285499999939 ], [ -57.083186499999954, -29.758361699999959 ], [ -57.083205199999952, -29.756929499999963 ], [ -57.08479889999996, -29.756932 ], [ -57.084831, -29.755478799999931 ], [ -57.081634299999962, -29.755462 ], [ -57.079976, -29.755425199999934 ], [ -57.079938499999969, -29.756873599999949 ] ] ] } },
{ "type": "Feature", "properties": { "CD_SETOR": "432240005000011", "NM_BAIRRO": "Centro", "NM_DIST": "Uruguaiana", "populacao_total": 532, "pct_populacao_0_a_4_anos": 3.38, "sem_dado": false, "estimativa_criancas_0_a_4": 18.0 }, "geometry": { "type": "Polygon", "coordinates": [ [ [ -57.083186499999954, -29.758361699999959 ], [ -57.086391699999979, -29.758390699999943 ], [ -57.086403899999937, -29.759749499999952 ], [ -57.088011799999947, -29.759769399999982 ], [ -57.088086399999952, -29.755552399999949 ], [ -57.086390199999983, -29.755493299999959 ], [ -57.084831, -29.755478799999931 ], [ -57.08479889999996, -29.756932 ], [ -57.083205199999952, -29.756929499999963 ], [ -57.083186499999954, -29.758361699999959 ] ] ] } },
{ "type": "Feature", "properties": { "CD_SETOR": "432240005000013", "NM_BAIRRO": "Mascarenhas de Moraes", "NM_DIST": "Uruguaiana", "populacao_total": 1006, "pct_populacao_0_a_4_anos": 7.26, "sem_dado": false, "estimativa_criancas_0_a_4": 73.0 }, "geometry": { "type": "Polygon", "coordinates": [ [ [ -57.073896799999943, -29.747171599999948 ], [ -57.074408399999982, -29.747955599999955 ], [ -57.075939899999987, -29.747939799999976 ], [ -57.075783299999962, -29.748384699999978 ], [ -57.076904599999978, -29.748255899999947 ], [ -57.079884799999952, -29.748273299999948 ], [ -57.080128099999968, -29.748505199999943 ], [ -57.080070299999932, -29.743530899999932 ], [ -57.080951599999935, -29.742334 ], [ -57.080859499999974, -29.74226619999995 ], [ -57.080577099999971, -29.742228399999927 ], [ -57.080521299999987, -29.742224 ], [ -57.080413599999986, -29.742058899999957 ], [ -57.080387599999938, -29.741925299999927 ], [ -57.080543599999942, -29.741705899999943 ], [ -57.080407899999955, -29.741375699999928 ], [ -57.080224599999951, -29.741127599999974 ], [ -57.080192499999953, -29.74105 ], [ -57.080240099999969, -29.74102379999994 ], [ -57.080455099999938, -29.740989399999933 ], [ -57.080735299999958, -29.740924199999935 ], [ -57.081106599999941, -29.740964599999977 ], [ -57.081346399999973, -29.740708199999972 ], [ -57.081248899999935, -29.740432099999964 ], [ -57.08127049999996, -29.740245299999966 ], [ -57.081199, -29.740052199999973 ], [ -57.081068599999981, -29.739913299999955 ], [ -57.081074699999931, -29.739879 ], [ -57.080894699999931, -29.739740099999949 ], [ -57.080603, -29.739689699999914 ], [ -57.08036409999994, -29.739693499999923 ], [ -57.08036, -29.739688099999967 ], [ -57.080394, -29.739494899999947 ], [ -57.080227399999963, -29.739380399999945 ], [ -57.079882799999957, -29.739174799999937 ], [ -57.079580799999974, -29.739029699999943 ], [ -57.079370699999977, -29.738848399999934 ], [ -57.079012699999964, -29.738633899999957 ], [ -57.078602, -29.738495099999962 ], [ -57.078181, -29.738376199999937 ], [ -57.077819099999942, -29.738375499999957 ], [ -57.07742, -29.738429 ], [ -57.077098499999977, -29.738599799999971 ], [ -57.076809, -29.738660399999961 ], [ -57.07639439999997, -29.738800499999961 ], [ -57.076087299999983, -29.738940599999971 ], [ -57.075886, -29.739311599999944 ], [ -57.075718699999982, -29.739690799999948 ], [ -57.075548499999968, -29.740300099999953 ], [ -57.075434199999961, -29.740958 ], [ -57.07535809999996, -29.741438199999951 ], [ -57.075277699999958, -29.741778499999945 ], [ -57.075032799999974, -29.742049399999928 ], [ -57.074827099999936, -29.742254399999979 ], [ -57.074749699999984, -29.742445699999951 ], [ -57.074738399999944, -29.742512499999975 ], [ -57.074686799999938, -29.742639799999942 ], [ -57.074658, -29.742884399999976 ], [ -57.074611599999969, -29.743111799999951 ], [ -57.074545799999953, -29.743566699999977 ], [ -57.074556299999983, -29.743798699999953 ], [ -57.074640099999954, -29.743934 ], [ -57.074640199999976, -29.744026099999925 ], [ -57.074549299999944, -29.744120899999924 ], [ -57.074589899999978, -29.744469199999969 ], [ -57.074673899999944, -29.744865299999958 ], [ -57.074641, -29.745089199999942 ], [ -57.074615399999971, -29.745393299999932 ], [ -57.074657899999977, -29.745633399999978 ], [ -57.074648699999955, -29.745697499999942 ], [ -57.074536, -29.745733599999923 ], [ -57.074483399999963, -29.745956599999939 ], [ -57.074662399999966, -29.746120699999935 ], [ -57.074786599999982, -29.746175699999977 ], [ -57.074861099999964, -29.746240599999961 ], [ -57.075093799999934, -29.746258599999969 ], [ -57.075263399999983, -29.746242199999976 ], [ -57.075291399999969, -29.74627739999994 ], [ -57.075221099999965, -29.746320799999982 ], [ -57.075196399999982, -29.746465199999932 ], [ -57.075172599999973, -29.746460699999943 ], [ -57.074906799999951, -29.746492399999962 ], [ -57.074892599999941, -29.746854299999939 ], [ -57.074908099999959, -29.746921099999955 ], [ -57.074816099999964, -29.746915699999931 ], [ -57.074816099999964, -29.746889599999971 ], [ -57.074696, -29.746733499999948 ], [ -57.074499499999945, -29.74669479999994 ], [ -57.07443539999997, -29.746721 ], [ -57.074319599999967, -29.746757199999934 ], [ -57.074200699999949, -29.746808699999971 ], [ -57.073916299999951, -29.74682509999997 ], [ -57.07387609999995, -29.747088599999973 ], [ -57.073896799999943, -29.747171599999948 ] ] ] } },
{ "type": "Feature", "properties": { "CD_SETOR": "432240005000014", "NM_BAIRRO": "Santo Antônio", "NM_DIST": "Uruguaiana", "populacao_total": 517, "pct_populacao_0_a_4_anos": 9.09, "sem_dado": false, "estimativa_criancas_0_a_4": 47.0 }, "geometry": { "type": "Polygon", "coordinates": [ [ [ -57.075783299999962, -29.748384699999978 ], [ -57.074834299999964, -29.748466399999984 ], [ -57.074377799999979, -29.748656499999974 ], [ -57.073267099999953, -29.749435099999985 ], [ -57.073662499999962, -29.749636199999944 ], [ -57.075291, -29.749601499999976 ], [ -57.076847099999952, -29.749628099999939 ], [ -57.080106099999966, -29.749633199999952 ], [ -57.080128099999968, -29.748505199999943 ], [ -57.079884799999952, -29.748273299999948 ], [ -57.076904599999978, -29.748255899999947 ], [ -57.075783299999962, -29.748384699999978 ] ] ] } },
{ "type": "Feature", "properties": { "CD_SETOR": "432240005000015", "NM_BAIRRO": "Santo Antônio", "NM_DIST": "Uruguaiana", "populacao_total": 626, "pct_populacao_0_a_4_anos": 5.91, "sem_dado": false, "estimativa_criancas_0_a_4": 37.0 }, "geometry": { "type": "Polygon", "coordinates": [ [ [ -57.075232099999937, -29.752509699999958 ], [ -57.078418099999965, -29.752509699999965 ], [ -57.07844659999995, -29.750959899999938 ], [ -57.076820199999986, -29.7509482 ], [ -57.076847099999952, -29.749628099999939 ], [ -57.075291, -29.749601499999976 ], [ -57.075232099999937, -29.752509699999958 ] ] ] } },
{ "type": "Feature", "properties": { "CD_SETOR": "432240005000017", "NM_BAIRRO": "Santo Antônio", "NM_DIST": "Uruguaiana", "populacao_total": 440, "pct_populacao_0_a_4_anos": 5.0, "sem_dado": false, "estimativa_criancas_0_a_4": 22.0 }, "geometry": { "type": "Polygon", "coordinates": [ [ [ -57.073634199999958, -29.753944299999933 ], [ -57.078393799999958, -29.754006899999975 ], [ -57.078418099999965, -29.752509699999965 ], [ -57.075232099999937, -29.752509699999958 ], [ -57.073657399999945, -29.752485899999947 ], [ -57.073634199999958, -29.753944299999933 ] ] ] } },
{ "type": "Feature", "properties": { "CD_SETOR": "432240005000018", "NM_BAIRRO": "Santo Antônio", "NM_DIST": "Uruguaiana", "populacao_total": 588, "pct_populacao_0_a_4_anos": 4.76, "sem_dado": false, "estimativa_criancas_0_a_4": 28.0 }, "geometry": { "type": "Polygon", "coordinates": [ [ [ -57.078418099999965, -29.752509699999965 ], [ -57.078393799999958, -29.754006899999975 ], [ -57.080011799999966, -29.754042799999979 ], [ -57.080106099999966, -29.749633199999952 ], [ -57.076847099999952, -29.749628099999939 ], [ -57.076820199999986, -29.7509482 ], [ -57.07844659999995, -29.750959899999938 ], [ -57.078418099999965, -29.752509699999965 ] ] ] } },
{ "type": "Feature", "properties": { "CD_SETOR": "432240005000019", "NM_BAIRRO": "Santana", "NM_DIST": "Uruguaiana", "populacao_total": 813, "pct_populacao_0_a_4_anos": 5.17, "sem_dado": false, "estimativa_criancas_0_a_4": 42.0 }, "geometry": { "type": "Polygon", "coordinates": [ [ [ -57.072012299999983, -29.753951499999971 ], [ -57.072001799999953, -29.75536429999994 ], [ -57.079976, -29.755425199999934 ], [ -57.080011799999966, -29.754042799999979 ], [ -57.078393799999958, -29.754006899999975 ], [ -57.073634199999958, -29.753944299999933 ], [ -57.072012299999983, -29.753951499999971 ] ] ] } },
{ "type": "Feature", "properties": { "CD_SETOR": "432240005000020", "NM_BAIRRO": "Santana", "NM_DIST": "Uruguaiana", "populacao_total": 941, "pct_populacao_0_a_4_anos": 5.42, "sem_dado": false, "estimativa_criancas_0_a_4": 51.0 }, "geometry": { "type": "Polygon", "coordinates": [ [ [ -57.072006599999952, -29.756804 ], [ -57.079938499999969, -29.756873599999949 ], [ -57.079976, -29.755425199999934 ], [ -57.072001799999953, -29.75536429999994 ], [ -57.072006599999952, -29.756804 ] ] ] } },
{ "type": "Feature", "properties": { "CD_SETOR": "432240005000021", "NM_BAIRRO": "Santana", "NM_DIST": "Uruguaiana", "populacao_total": 713, "pct_populacao_0_a_4_anos": 6.03, "sem_dado": false, "estimativa_criancas_0_a_4": 43.0 }, "geometry": { "type": "Polygon", "coordinates": [ [ [ -57.071945899999946, -29.758280699999933 ], [ -57.079918899999939, -29.758285499999939 ], [ -57.079938499999969, -29.756873599999949 ], [ -57.072006599999952, -29.756804 ], [ -57.071945899999946, -29.758280699999933 ] ] ] } },
{ "type": "Feature", "properties": { "CD_SETOR": "432240005000022", "NM_BAIRRO": "Santana", "NM_DIST": "Uruguaiana", "populacao_total": 983, "pct_populacao_0_a_4_anos": 6.0, "sem_dado": false, "estimativa_criancas_0_a_4": 59.0 }, "geometry": { "type": "Polygon", "coordinates": [ [ [ -57.068714599999964, -29.753964 ], [ -57.068687099999977, -29.755160599999957 ], [ -57.068821499999956, -29.755382499999936 ], [ -57.068745599999943, -29.758232499999959 ], [ -57.070333099999971, -29.758258299999962 ], [ -57.071945899999946, -29.758280699999933 ], [ -57.072006599999952, -29.756804 ], [ -57.072001799999953, -29.75536429999994 ], [ -57.072012299999983, -29.753951499999971 ], [ -57.068714599999964, -29.753964 ] ] ] } },
{ "type": "Feature", "properties": { "CD_SETOR": "432240005000023", "NM_BAIRRO": "Santana", "NM_DIST": "Uruguaiana", "populacao_total": 1120, "pct_populacao_0_a_4_anos": 4.02, "sem_dado": false, "estimativa_criancas_0_a_4": 45.0 }, "geometry": { "type": "Polygon", "coordinates": [ [ [ -57.057591899999977, -29.761905199999941 ], [ -57.0574807, -29.76209839999996 ], [ -57.057459599999959, -29.762258499999966 ], [ -57.057518399999935, -29.762393099999944 ], [ -57.057931, -29.762571899999962 ], [ -57.058278699999967, -29.762443699999949 ], [ -57.058415, -29.761928 ], [ -57.058592, -29.761595899999982 ], [ -57.060017199999947, -29.760698199999982 ], [ -57.060776499999974, -29.760253199999966 ], [ -57.061706299999969, -29.759880799999955 ], [ -57.062691799999982, -29.759573799999931 ], [ -57.063854399999968, -29.759315799999964 ], [ -57.067130599999984, -29.758437299999972 ], [ -57.067745499999944, -29.758257099999977 ], [ -57.068745599999943, -29.758232499999959 ], [ -57.068821499999956, -29.755382499999936 ], [ -57.068687099999977, -29.755160599999957 ], [ -57.068714599999964, -29.753964 ], [ -57.06853, -29.75385289999997 ], [ -57.067299499999933, -29.754711699999969 ], [ -57.0665982, -29.755140799999939 ], [ -57.064195899999959, -29.756285099999957 ], [ -57.062438499999985, -29.757076699999963 ], [ -57.061586899999952, -29.757557 ], [ -57.060446499999962, -29.758441499999943 ], [ -57.059685499999944, -29.759235899999972 ], [ -57.05919769999997, -29.759966 ], [ -57.058983599999983, -29.760389699999951 ], [ -57.058785499999942, -29.760858199999973 ], [ -57.058261799999968, -29.761506199999921 ], [ -57.057591899999977, -29.761905199999941 ] ] ] } },
{ "type": "Feature", "properties": { "CD_SETOR": "432240005000024", "NM_BAIRRO": "São João", "NM_DIST": "Uruguaiana", "populacao_total": 764, "pct_populacao_0_a_4_anos": 6.02, "sem_dado": false, "estimativa_criancas_0_a_4": 46.0 }, "geometry": { "type": "Polygon", "coordinates": [ [ [ -57.067130599999984, -29.758437299999972 ], [ -57.067071599999963, -29.760954699999953 ], [ -57.067063499999961, -29.762346599999944 ], [ -57.067773599999953, -29.763608799999922 ], [ -57.067821, -29.763731 ], [ -57.068664199999944, -29.763746899999944 ], [ -57.070274099999949, -29.763758799999952 ], [ -57.07032849999996, -29.761014799999941 ], [ -57.070333099999971, -29.758258299999962 ], [ -57.068745599999943, -29.758232499999959 ], [ -57.067745499999944, -29.758257099999977 ], [ -57.067130599999984, -29.758437299999972 ] ] ] } },
{ "type": "Feature", "properties": { "CD_SETOR": "432240005000025", "NM_BAIRRO": "São João", "NM_DIST": "Uruguaiana", "populacao_total": 784, "pct_populacao_0_a_4_anos": 6.51, "sem_dado": false, "estimativa_criancas_0_a_4": 51.0 }, "geometry": { "type": "Polygon", "coordinates": [ [ [ -57.065848899999935, -29.765832899999957 ], [ -57.0667069, -29.766098699999926 ], [ -57.068535899999979, -29.766477199999933 ], [ -57.069214599999952, -29.766445599999944 ], [ -57.070246099999963, -29.76652629999996 ], [ -57.070239199999946, -29.765149099999977 ], [ -57.071868, -29.76515339999996 ], [ -57.071898399999952, -29.763781899999969 ], [ -57.070274099999949, -29.763758799999952 ], [ -57.068664199999944, -29.763746899999944 ], [ -57.067821, -29.763731 ], [ -57.067773599999953, -29.763608799999922 ], [ -57.065848899999935, -29.765832899999957 ] ] ] } },
{ "type": "Feature", "properties": { "CD_SETOR": "432240005000026", "NM_BAIRRO": "São João", "NM_DIST": "Uruguaiana", "populacao_total": 1100, "pct_populacao_0_a_4_anos": 6.36, "sem_dado": false, "estimativa_criancas_0_a_4": 70.0 }, "geometry": { "type": "Polygon", "coordinates": [ [ [ -57.070250899999962, -29.766867599999959 ], [ -57.072312499999953, -29.768597599999961 ], [ -57.073429899999951, -29.76940169999995 ], [ -57.076588, -29.769392099999955 ], [ -57.07819869999998, -29.769391599999945 ], [ -57.078216, -29.76802129999993 ], [ -57.07659179999996, -29.768007099999981 ], [ -57.076631799999973, -29.766614799999953 ], [ -57.075071799999932, -29.766628399999941 ], [ -57.070246099999963, -29.76652629999996 ], [ -57.070250899999962, -29.766867599999959 ] ] ] } },
{ "type": "Feature", "properties": { "CD_SETOR": "432240005000027", "NM_BAIRRO": "São João", "NM_DIST": "Uruguaiana", "populacao_total": 909, "pct_populacao_0_a_4_anos": 5.5, "sem_dado": false, "estimativa_criancas_0_a_4": 50.0 }, "geometry": { "type": "Polygon", "coordinates": [ [ [ -57.076588, -29.769392099999955 ], [ -57.076565899999935, -29.772144499999968 ], [ -57.079742499999952, -29.772178 ], [ -57.079775299999937, -29.770802599999971 ], [ -57.079820699999971, -29.769422199999948 ], [ -57.079833699999938, -29.768040399999965 ], [ -57.079843899999958, -29.76664989999994 ], [ -57.076631799999973, -29.766614799999953 ], [ -57.07659179999996, -29.768007099999981 ], [ -57.078216, -29.76802129999993 ], [ -57.07819869999998, -29.769391599999945 ], [ -57.076588, -29.769392099999955 ] ] ] } },
{ "type": "Feature", "properties": { "CD_SETOR": "432240005000028", "NM_BAIRRO": "São João", "NM_DIST": "Uruguaiana", "populacao_total": 855, "pct_populacao_0_a_4_anos": 6.2, "sem_dado": false, "estimativa_criancas_0_a_4": 53.0 }, "geometry": { "type": "Polygon", "coordinates": [ [ [ -57.075098299999979, -29.763815899999933 ], [ -57.075071799999932, -29.766628399999941 ], [ -57.076631799999973, -29.766614799999953 ], [ -57.079843899999958, -29.76664989999994 ], [ -57.079816, -29.765239199999936 ], [ -57.079023899999981, -29.76523009999994 ], [ -57.078231799999969, -29.765221 ], [ -57.078258099999971, -29.764533 ], [ -57.078329699999983, -29.76380329999995 ], [ -57.075098299999979, -29.763815899999933 ] ] ] } },
{ "type": "Feature", "properties": { "CD_SETOR": "432240005000029", "NM_BAIRRO": "São João", "NM_DIST": "Uruguaiana", "populacao_total": 1163, "pct_populacao_0_a_4_anos": 5.76, "sem_dado": false, "estimativa_criancas_0_a_4": 67.0 }, "geometry": { "type": "Polygon", "coordinates": [ [ [ -57.073433399999949, -29.763813799999983 ], [ -57.075098299999979, -29.763815899999933 ], [ -57.078329699999983, -29.76380329999995 ], [ -57.078258099999971, -29.764533 ], [ -57.078231799999969, -29.765221 ], [ -57.079023899999981, -29.76523009999994 ], [ -57.079816, -29.765239199999936 ], [ -57.079876299999967, -29.76384239999993 ], [ -57.079936699999962, -29.76244569999994 ], [ -57.079912499999978, -29.761090299999971 ], [ -57.074310299999979, -29.760980299999968 ], [ -57.073834699999964, -29.76133719999995 ], [ -57.0735969, -29.761515699999965 ], [ -57.073433399999949, -29.763813799999983 ] ] ] } },
{ "type": "Feature", "properties": { "CD_SETOR": "432240005000030", "NM_BAIRRO": "São João", "NM_DIST": "Uruguaiana", "populacao_total": 778, "pct_populacao_0_a_4_anos": 6.3, "sem_dado": false, "estimativa_criancas_0_a_4": 49.0 }, "geometry": { "type": "Polygon", "coordinates": [ [ [ -57.073542599999939, -29.760995499999972 ], [ -57.074310299999979, -29.760980299999968 ], [ -57.079912499999978, -29.761090299999971 ], [ -57.079918899999939, -29.758285499999939 ], [ -57.071945899999946, -29.758280699999933 ], [ -57.071931, -29.759657799999957 ], [ -57.07351, -29.759643899999944 ], [ -57.073542599999939, -29.760995499999972 ] ] ] } },
{ "type": "Feature", "properties": { "CD_SETOR": "432240005000031", "NM_BAIRRO": "São João", "NM_DIST": "Uruguaiana", "populacao_total": 689, "pct_populacao_0_a_4_anos": 5.52, "sem_dado": false, "estimativa_criancas_0_a_4": 38.0 }, "geometry": { "type": "Polygon", "coordinates": [ [ [ -57.07032849999996, -29.761014799999941 ], [ -57.073542599999939, -29.760995499999972 ], [ -57.07351, -29.759643899999944 ], [ -57.071931, -29.759657799999957 ], [ -57.071945899999946, -29.758280699999933 ], [ -57.070333099999971, -29.758258299999962 ], [ -57.07032849999996, -29.761014799999941 ] ] ] } },
{ "type": "Feature", "properties": { "CD_SETOR": "432240005000032", "NM_BAIRRO": "São João", "NM_DIST": "Uruguaiana", "populacao_total": 826, "pct_populacao_0_a_4_anos": 10.29, "sem_dado": false, "estimativa_criancas_0_a_4": 85.0 }, "geometry": { "type": "Polygon", "coordinates": [ [ [ -57.073542599999939, -29.760995499999972 ], [ -57.07032849999996, -29.761014799999941 ], [ -57.070274099999949, -29.763758799999952 ], [ -57.071898399999952, -29.763781899999969 ], [ -57.073433399999949, -29.763813799999983 ], [ -57.0735969, -29.761515699999965 ], [ -57.073834699999964, -29.76133719999995 ], [ -57.074310299999979, -29.760980299999968 ], [ -57.073542599999939, -29.760995499999972 ] ] ] } },
{ "type": "Feature", "properties": { "CD_SETOR": "432240005000033", "NM_BAIRRO": "São João", "NM_DIST": "Uruguaiana", "populacao_total": 1217, "pct_populacao_0_a_4_anos": 6.0, "sem_dado": false, "estimativa_criancas_0_a_4": 73.0 }, "geometry": { "type": "Polygon", "coordinates": [ [ [ -57.070246099999963, -29.76652629999996 ], [ -57.075071799999932, -29.766628399999941 ], [ -57.075098299999979, -29.763815899999933 ], [ -57.073433399999949, -29.763813799999983 ], [ -57.071898399999952, -29.763781899999969 ], [ -57.071868, -29.76515339999996 ], [ -57.070239199999946, -29.765149099999977 ], [ -57.070246099999963, -29.76652629999996 ] ] ] } },
{ "type": "Feature", "properties": { "CD_SETOR": "432240005000036", "NM_BAIRRO": "Cidade Nova", "NM_DIST": "Uruguaiana", "populacao_total": 644, "pct_populacao_0_a_4_anos": 5.12, "sem_dado": false, "estimativa_criancas_0_a_4": 33.0 }, "geometry": { "type": "Polygon", "coordinates": [ [ [ -57.058592, -29.761595899999982 ], [ -57.065057, -29.76165919999994 ], [ -57.066562699999963, -29.761637099999977 ], [ -57.066799299999957, -29.762059199999957 ], [ -57.067063499999961, -29.762346599999944 ], [ -57.067071599999963, -29.760954699999953 ], [ -57.067130599999984, -29.758437299999972 ], [ -57.063854399999968, -29.759315799999964 ], [ -57.062691799999982, -29.759573799999931 ], [ -57.061706299999969, -29.759880799999955 ], [ -57.060776499999974, -29.760253199999966 ], [ -57.060017199999947, -29.760698199999982 ], [ -57.058592, -29.761595899999982 ] ] ] } },
{ "type": "Feature", "properties": { "CD_SETOR": "432240005000037", "NM_BAIRRO": "Cidade Nova", "NM_DIST": "Uruguaiana", "populacao_total": 863, "pct_populacao_0_a_4_anos": 7.88, "sem_dado": false, "estimativa_criancas_0_a_4": 68.0 }, "geometry": { "type": "Polygon", "coordinates": [ [ [ -57.058278699999967, -29.762443699999949 ], [ -57.058223299999952, -29.763145799999958 ], [ -57.058225, -29.76358729999998 ], [ -57.060348199999964, -29.763607499999971 ], [ -57.061910099999977, -29.763626799999944 ], [ -57.062683699999987, -29.763636399999942 ], [ -57.065035199999954, -29.763667099999964 ], [ -57.065057, -29.76165919999994 ], [ -57.058592, -29.761595899999982 ], [ -57.058415, -29.761928 ], [ -57.058278699999967, -29.762443699999949 ] ] ] } },
{ "type": "Feature", "properties": { "CD_SETOR": "432240005000038", "NM_BAIRRO": "Cidade Nova", "NM_DIST": "Uruguaiana", "populacao_total": 976, "pct_populacao_0_a_4_anos": 7.79, "sem_dado": false, "estimativa_criancas_0_a_4": 76.0 }, "geometry": { "type": "Polygon", "coordinates": [ [ [ -57.065057, -29.76165919999994 ], [ -57.065035199999954, -29.763667099999964 ], [ -57.062683699999987, -29.763636399999942 ], [ -57.062655099999972, -29.764708699999975 ], [ -57.064230799999962, -29.765203699999972 ], [ -57.065848899999935, -29.765832899999957 ], [ -57.067773599999953, -29.763608799999922 ], [ -57.067063499999961, -29.762346599999944 ], [ -57.066799299999957, -29.762059199999957 ], [ -57.066562699999963, -29.761637099999977 ], [ -57.065057, -29.76165919999994 ] ] ] } },
{ "type": "Feature", "properties": { "CD_SETOR": "432240005000040", "NM_BAIRRO": "Santo Inácio", "NM_DIST": "Uruguaiana", "populacao_total": 1431, "pct_populacao_0_a_4_anos": 5.73, "sem_dado": false, "estimativa_criancas_0_a_4": 82.0 }, "geometry": { "type": "Polygon", "coordinates": [ [ [ -57.052175699999964, -29.763486499999942 ], [ -57.052400699999964, -29.765665499999955 ], [ -57.05345669999997, -29.765575 ], [ -57.053647, -29.767629199999934 ], [ -57.053784399999984, -29.768796799999961 ], [ -57.054346299999963, -29.7689 ], [ -57.054885899999931, -29.768810899999945 ], [ -57.055560799999967, -29.768503299999963 ], [ -57.056308099999967, -29.768254 ], [ -57.057090599999981, -29.768231399999937 ], [ -57.058149599999979, -29.76829169999997 ], [ -57.058225, -29.76358729999998 ], [ -57.058223299999952, -29.763145799999958 ], [ -57.058278699999967, -29.762443699999949 ], [ -57.057931, -29.762571899999962 ], [ -57.057518399999935, -29.762393099999944 ], [ -57.057459599999959, -29.762258499999966 ], [ -57.0574807, -29.76209839999996 ], [ -57.057591899999977, -29.761905199999941 ], [ -57.056288, -29.76263519999997 ], [ -57.055460799999942, -29.763006399999938 ], [ -57.055013799999983, -29.763146299999953 ], [ -57.054570399999932, -29.763278699999937 ], [ -57.053283399999941, -29.763438899999979 ], [ -57.052175699999964, -29.763486499999942 ] ] ] } },
{ "type": "Feature", "properties": { "CD_SETOR": "432240005000041", "NM_BAIRRO": "Santo Inácio", "NM_DIST": "Uruguaiana", "populacao_total": 1522, "pct_populacao_0_a_4_anos": 6.04, "sem_dado": false, "estimativa_criancas_0_a_4": 92.0 }, "geometry": { "type": "Polygon", "coordinates": [ [ [ -57.052014, -29.763499199999963 ], [ -57.047846899999968, -29.763845 ], [ -57.044422899999972, -29.764116599999966 ], [ -57.042841199999941, -29.764501899999974 ], [ -57.041777399999944, -29.764584099999983 ], [ -57.040195499999989, -29.764644799999925 ], [ -57.038169299999936, -29.765165 ], [ -57.033812899999987, -29.76564709999996 ], [ -57.033574599999952, -29.766329499999976 ], [ -57.033474399999932, -29.766706 ], [ -57.033317399999987, -29.766794499999939 ], [ -57.033659599999964, -29.766899099999936 ], [ -57.033779799999934, -29.766939 ], [ -57.034643799999969, -29.766997499999945 ], [ -57.037193099999968, -29.767290499999948 ], [ -57.037713199999985, -29.767361899999965 ], [ -57.038936599999943, -29.767605499999945 ], [ -57.041266099999973, -29.768001099999935 ], [ -57.044494799999946, -29.768505299999951 ], [ -57.04581509999997, -29.768667199999978 ], [ -57.048580899999934, -29.769129099999937 ], [ -57.051514299999951, -29.769201499999948 ], [ -57.052650599999936, -29.769011299999939 ], [ -57.053205199999979, -29.768907099999989 ], [ -57.053784399999984, -29.768796799999961 ], [ -57.053647, -29.767629199999934 ], [ -57.05345669999997, -29.765575 ], [ -57.052400699999964, -29.765665499999955 ], [ -57.052175699999964, -29.763486499999942 ], [ -57.052014, -29.763499199999963 ] ] ] } },
{ "type": "Feature", "properties": { "CD_SETOR": "432240005000042", "NM_BAIRRO": "Distrito Rodoviário", "NM_DIST": "Uruguaiana", "populacao_total": 1053, "pct_populacao_0_a_4_anos": 9.4, "sem_dado": false, "estimativa_criancas_0_a_4": 99.0 }, "geometry": { "type": "Polygon", "coordinates": [ [ [ -57.028203099999985, -29.779619299999979 ], [ -57.029245699999933, -29.778876 ], [ -57.029895299999964, -29.778534499999981 ], [ -57.030983099999958, -29.77804319999996 ], [ -57.032167399999935, -29.777560699999981 ], [ -57.033009599999957, -29.777236099999978 ], [ -57.033939499999974, -29.776929099999958 ], [ -57.0366188, -29.77624579999997 ], [ -57.037067699999966, -29.776120399999964 ], [ -57.043009599999948, -29.77473329999998 ], [ -57.046357399999977, -29.773956799999951 ], [ -57.047778499999936, -29.773649099999936 ], [ -57.055857799999956, -29.771698199999946 ], [ -57.056600799999956, -29.771393099999958 ], [ -57.05721189999997, -29.770920699999984 ], [ -57.057743799999969, -29.770185499999975 ], [ -57.058152199999938, -29.769233899999957 ], [ -57.058149599999979, -29.76829169999997 ], [ -57.057090599999981, -29.768231399999937 ], [ -57.056308099999967, -29.768254 ], [ -57.055560799999967, -29.768503299999963 ], [ -57.054885899999931, -29.768810899999945 ], [ -57.054346299999963, -29.7689 ], [ -57.053784399999984, -29.768796799999961 ], [ -57.053205199999979, -29.768907099999989 ], [ -57.052650599999936, -29.769011299999939 ], [ -57.051514299999951, -29.769201499999948 ], [ -57.048580899999934, -29.769129099999937 ], [ -57.04581509999997, -29.768667199999978 ], [ -57.044494799999946, -29.768505299999951 ], [ -57.041266099999973, -29.768001099999935 ], [ -57.038936599999943, -29.767605499999945 ], [ -57.037713199999985, -29.767361899999965 ], [ -57.037193099999968, -29.767290499999948 ], [ -57.034643799999969, -29.766997499999945 ], [ -57.033779799999934, -29.766939 ], [ -57.033659599999964, -29.766899099999936 ], [ -57.033317399999987, -29.766794499999939 ], [ -57.032992399999955, -29.76697779999995 ], [ -57.031893099999934, -29.767909399999954 ], [ -57.031653299999959, -29.768356199999971 ], [ -57.031121699999971, -29.768926699999948 ], [ -57.030656399999941, -29.769498099999964 ], [ -57.030167199999937, -29.769816699999975 ], [ -57.029468, -29.770041599999956 ], [ -57.028993199999945, -29.77019879999995 ], [ -57.028490499999975, -29.770505699999941 ], [ -57.028038599999945, -29.770953399999943 ], [ -57.027996299999984, -29.771352299999926 ], [ -57.027813599999945, -29.772799099999933 ], [ -57.027775399999939, -29.773495399999938 ], [ -57.027775399999939, -29.774377899999934 ], [ -57.027836299999933, -29.7756864 ], [ -57.028203099999985, -29.779619299999979 ] ] ] } },
{ "type": "Feature", "properties": { "CD_SETOR": "432240005000043", "NM_BAIRRO": "Aeroporto", "NM_DIST": "Uruguaiana", "populacao_total": 425, "pct_populacao_0_a_4_anos": 6.82, "sem_dado": false, "estimativa_criancas_0_a_4": 29.0 }, "geometry": { "type": "Polygon", "coordinates": [ [ [ -57.028203099999985, -29.779619299999979 ], [ -57.028132199999959, -29.780084799999937 ], [ -57.027925599999946, -29.781105499999963 ], [ -57.028048899999987, -29.782048599999936 ], [ -57.028721799999971, -29.783420199999966 ], [ -57.029323, -29.783803699999972 ], [ -57.029833199999985, -29.7841519 ], [ -57.030278199999941, -29.78445319999998 ], [ -57.030655799999977, -29.784570499999965 ], [ -57.036607799999956, -29.795469199999953 ], [ -57.03676489999998, -29.795078399999966 ], [ -57.037046099999941, -29.794506099999975 ], [ -57.037325399999986, -29.794311099999963 ], [ -57.037748599999986, -29.794126899999984 ], [ -57.037854099999947, -29.794034799999967 ], [ -57.038535799999977, -29.793747599999953 ], [ -57.039299399999948, -29.793764499999952 ], [ -57.04018, -29.793757899999942 ], [ -57.041448399999979, -29.793388399999969 ], [ -57.043457699999976, -29.793203699999939 ], [ -57.044674499999985, -29.793145499999973 ], [ -57.046095699999967, -29.793277099999958 ], [ -57.046767599999953, -29.78752379999997 ], [ -57.046901099999957, -29.786849499999956 ], [ -57.048907, -29.783023 ], [ -57.053635399999962, -29.782046 ], [ -57.059797599999968, -29.780813499999958 ], [ -57.060817799999938, -29.780650599999948 ], [ -57.062300199999981, -29.780349499999943 ], [ -57.063581499999941, -29.78005979999994 ], [ -57.062672199999952, -29.779411799999931 ], [ -57.061306, -29.778294499999955 ], [ -57.060567299999946, -29.77753429999996 ], [ -57.059483199999931, -29.77603189999996 ], [ -57.059151799999938, -29.77540949999997 ], [ -57.058845699999949, -29.774743599999962 ], [ -57.058580799999959, -29.774081 ], [ -57.058427299999948, -29.773491399999951 ], [ -57.05837889999998, -29.773257499999939 ], [ -57.057718799999975, -29.772342199999969 ], [ -57.057126899999957, -29.771846299999932 ], [ -57.056694899999968, -29.771710299999935 ], [ -57.055857799999956, -29.771698199999946 ], [ -57.047778499999936, -29.773649099999936 ], [ -57.046357399999977, -29.773956799999951 ], [ -57.043009599999948, -29.77473329999998 ], [ -57.037067699999966, -29.776120399999964 ], [ -57.0366188, -29.77624579999997 ], [ -57.033939499999974, -29.776929099999958 ], [ -57.033009599999957, -29.777236099999978 ], [ -57.032167399999935, -29.777560699999981 ], [ -57.030983099999958, -29.77804319999996 ], [ -57.029895299999964, -29.778534499999981 ], [ -57.029245699999933, -29.778876 ], [ -57.028203099999985, -29.779619299999979 ] ] ] } },
{ "type": "Feature", "properties": { "CD_SETOR": "432240005000044", "NM_BAIRRO": "Jardim do Salso", "NM_DIST": "Uruguaiana", "populacao_total": 632, "pct_populacao_0_a_4_anos": 7.59, "sem_dado": false, "estimativa_criancas_0_a_4": 48.0 }, "geometry": { "type": "Polygon", "coordinates": [ [ [ -57.046095699999967, -29.793277099999958 ], [ -57.046629099999961, -29.793294699999937 ], [ -57.047581099999945, -29.793386399999964 ], [ -57.048772099999951, -29.793571899999964 ], [ -57.049524599999984, -29.793800099999938 ], [ -57.049663099999975, -29.793635299999956 ], [ -57.052403599999934, -29.790499899999922 ], [ -57.056912399999987, -29.78514609999997 ], [ -57.058826299999964, -29.782774599999982 ], [ -57.05904739999994, -29.782528599999964 ], [ -57.061596299999962, -29.783179099999984 ], [ -57.061715799999945, -29.782930799999978 ], [ -57.062125299999934, -29.781632799999947 ], [ -57.062300199999981, -29.780349499999943 ], [ -57.060817799999938, -29.780650599999948 ], [ -57.059797599999968, -29.780813499999958 ], [ -57.053635399999962, -29.782046 ], [ -57.048907, -29.783023 ], [ -57.046901099999957, -29.786849499999956 ], [ -57.046767599999953, -29.78752379999997 ], [ -57.046095699999967, -29.793277099999958 ] ] ] } },
{ "type": "Feature", "properties": { "CD_SETOR": "432240005000047", "NM_BAIRRO": "União das Vilas", "NM_DIST": "Uruguaiana", "populacao_total": 738, "pct_populacao_0_a_4_anos": 8.4, "sem_dado": false, "estimativa_criancas_0_a_4": 62.0 }, "geometry": { "type": "Polygon", "coordinates": [ [ [ -57.065335399999981, -29.78571089999997 ], [ -57.065690899999936, -29.785640199999943 ], [ -57.06669949999997, -29.785442299999946 ], [ -57.066659699999946, -29.784964 ], [ -57.066724499999971, -29.784716399999972 ], [ -57.067622699999959, -29.784279799999979 ], [ -57.065936099999931, -29.781226699999941 ], [ -57.065100499999971, -29.780855899999946 ], [ -57.064440399999967, -29.782536299999951 ], [ -57.064838499999951, -29.782603299999941 ], [ -57.065335399999981, -29.78571089999997 ] ] ] } },
{ "type": "Feature", "properties": { "CD_SETOR": "432240005000048", "NM_BAIRRO": "União das Vilas", "NM_DIST": "Uruguaiana", "populacao_total": 949, "pct_populacao_0_a_4_anos": 8.43, "sem_dado": false, "estimativa_criancas_0_a_4": 80.0 }, "geometry": { "type": "Polygon", "coordinates": [ [ [ -57.062300199999981, -29.780349499999943 ], [ -57.062125299999934, -29.781632799999947 ], [ -57.061715799999945, -29.782930799999978 ], [ -57.062293599999975, -29.783107799999978 ], [ -57.064029599999969, -29.783880299999964 ], [ -57.064716799999985, -29.784240199999935 ], [ -57.064689399999963, -29.78452609999994 ], [ -57.064257099999971, -29.785021199999957 ], [ -57.064861399999984, -29.785391399999977 ], [ -57.064785899999954, -29.785764499999967 ], [ -57.065335399999981, -29.78571089999997 ], [ -57.064838499999951, -29.782603299999941 ], [ -57.064440399999967, -29.782536299999951 ], [ -57.065100499999971, -29.780855899999946 ], [ -57.063581499999941, -29.78005979999994 ], [ -57.062300199999981, -29.780349499999943 ] ] ] } },
{ "type": "Feature", "properties": { "CD_SETOR": "432240005000049", "NM_BAIRRO": "União das Vilas", "NM_DIST": "Uruguaiana", "populacao_total": 667, "pct_populacao_0_a_4_anos": 7.95, "sem_dado": false, "estimativa_criancas_0_a_4": 53.0 }, "geometry": { "type": "Polygon", "coordinates": [ [ [ -57.058826299999964, -29.782774599999982 ], [ -57.061202599999945, -29.784300599999941 ], [ -57.062453099999971, -29.785082699999975 ], [ -57.063579899999979, -29.785838299999966 ], [ -57.064303799999948, -29.786260799999969 ], [ -57.064478299999962, -29.785788399999952 ], [ -57.064785899999954, -29.785764499999967 ], [ -57.064861399999984, -29.785391399999977 ], [ -57.064257099999971, -29.785021199999957 ], [ -57.064689399999963, -29.78452609999994 ], [ -57.064716799999985, -29.784240199999935 ], [ -57.064029599999969, -29.783880299999964 ], [ -57.062293599999975, -29.783107799999978 ], [ -57.061715799999945, -29.782930799999978 ], [ -57.061596299999962, -29.783179099999984 ], [ -57.05904739999994, -29.782528599999964 ], [ -57.058826299999964, -29.782774599999982 ] ] ] } },
{ "type": "Feature", "properties": { "CD_SETOR": "432240005000050", "NM_BAIRRO": "União das Vilas", "NM_DIST": "Uruguaiana", "populacao_total": 1090, "pct_populacao_0_a_4_anos": 8.9, "sem_dado": false, "estimativa_criancas_0_a_4": 97.0 }, "geometry": { "type": "Polygon", "coordinates": [ [ [ -57.056912399999987, -29.78514609999997 ], [ -57.057495699999947, -29.78555139999996 ], [ -57.059233299999967, -29.786674 ], [ -57.060204899999974, -29.785486699999986 ], [ -57.061202599999945, -29.784300599999941 ], [ -57.058826299999964, -29.782774599999982 ], [ -57.056912399999987, -29.78514609999997 ] ] ] } },
{ "type": "Feature", "properties": { "CD_SETOR": "432240005000051", "NM_BAIRRO": "União das Vilas", "NM_DIST": "Uruguaiana", "populacao_total": 864, "pct_populacao_0_a_4_anos": 7.75, "sem_dado": false, "estimativa_criancas_0_a_4": 67.0 }, "geometry": { "type": "Polygon", "coordinates": [ [ [ -57.059233299999967, -29.786674 ], [ -57.063173899999981, -29.789186 ], [ -57.063640699999951, -29.789483599999983 ], [ -57.063853299999948, -29.789212599999928 ], [ -57.063825899999983, -29.78897979999994 ], [ -57.063863699999956, -29.788407599999964 ], [ -57.062256199999979, -29.787405499999974 ], [ -57.062571099999964, -29.786993 ], [ -57.060204899999974, -29.785486699999986 ], [ -57.059233299999967, -29.786674 ] ] ] } },
{ "type": "Feature", "properties": { "CD_SETOR": "432240005000052", "NM_BAIRRO": "União das Vilas", "NM_DIST": "Uruguaiana", "populacao_total": 918, "pct_populacao_0_a_4_anos": 6.75, "sem_dado": false, "estimativa_criancas_0_a_4": 62.0 }, "geometry": { "type": "Polygon", "coordinates": [ [ [ -57.060204899999974, -29.785486699999986 ], [ -57.062571099999964, -29.786993 ], [ -57.062256199999979, -29.787405499999974 ], [ -57.063863699999956, -29.788407599999964 ], [ -57.064303799999948, -29.786260799999969 ], [ -57.063579899999979, -29.785838299999966 ], [ -57.062453099999971, -29.785082699999975 ], [ -57.061202599999945, -29.784300599999941 ], [ -57.060204899999974, -29.785486699999986 ] ] ] } },
{ "type": "Feature", "properties": { "CD_SETOR": "432240005000054", "NM_BAIRRO": "Vila Júlia", "NM_DIST": "Uruguaiana", "populacao_total": 1087, "pct_populacao_0_a_4_anos": 8.37, "sem_dado": false, "estimativa_criancas_0_a_4": 91.0 }, "geometry": { "type": "Polygon", "coordinates": [ [ [ -57.077336599999967, -29.777322 ], [ -57.076356699999963, -29.777537399999979 ], [ -57.0754151, -29.777696899999967 ], [ -57.075211899999942, -29.779725399999958 ], [ -57.075115399999959, -29.780792199999951 ], [ -57.07495629999994, -29.783799099999953 ], [ -57.075603, -29.783913 ], [ -57.076660599999968, -29.783873899999943 ], [ -57.076808, -29.781063199999942 ], [ -57.076152399999962, -29.781157299999961 ], [ -57.076151799999934, -29.780974699999948 ], [ -57.07615009999995, -29.780518199999964 ], [ -57.076643, -29.780425499999975 ], [ -57.076840199999936, -29.780388399999929 ], [ -57.076905399999987, -29.779264899999927 ], [ -57.076970599999981, -29.778141299999955 ], [ -57.077357899999981, -29.778061499999968 ], [ -57.07815869999996, -29.77799739999994 ], [ -57.079095699999982, -29.777815799999924 ], [ -57.078910699999938, -29.777016799999956 ], [ -57.077336599999967, -29.777322 ] ] ] } },
{ "type": "Feature", "properties": { "CD_SETOR": "432240005000056", "NM_BAIRRO": "Vila Júlia", "NM_DIST": "Uruguaiana", "populacao_total": 962, "pct_populacao_0_a_4_anos": 6.55, "sem_dado": false, "estimativa_criancas_0_a_4": 63.0 }, "geometry": { "type": "Polygon", "coordinates": [ [ [ -57.078910699999938, -29.777016799999956 ], [ -57.081330199999968, -29.776557499999967 ], [ -57.082447699999932, -29.776345599999953 ], [ -57.083749699999942, -29.776098299999944 ], [ -57.083923599999942, -29.776032499999921 ], [ -57.083816199999944, -29.775883199999956 ], [ -57.08296, -29.775428299999923 ], [ -57.082966699999986, -29.775015299999936 ], [ -57.082996099999946, -29.77362259999995 ], [ -57.079733, -29.773577499999934 ], [ -57.079757599999937, -29.773894099999943 ], [ -57.079912099999945, -29.774592199999965 ], [ -57.078359699999965, -29.774851299999956 ], [ -57.078910699999938, -29.777016799999956 ] ] ] } },
{ "type": "Feature", "properties": { "CD_SETOR": "432240005000057", "NM_BAIRRO": "Vila Júlia", "NM_DIST": "Uruguaiana", "populacao_total": 956, "pct_populacao_0_a_4_anos": 5.33, "sem_dado": false, "estimativa_criancas_0_a_4": 51.0 }, "geometry": { "type": "Polygon", "coordinates": [ [ [ -57.076476799999966, -29.773520699999946 ], [ -57.076501299999961, -29.773753199999931 ], [ -57.07664489999997, -29.774430699999982 ], [ -57.076839399999983, -29.775151899999965 ], [ -57.076957299999947, -29.775676699999966 ], [ -57.077336599999967, -29.777322 ], [ -57.078910699999938, -29.777016799999956 ], [ -57.078359699999965, -29.774851299999956 ], [ -57.079912099999945, -29.774592199999965 ], [ -57.079757599999937, -29.773894099999943 ], [ -57.079733, -29.773577499999934 ], [ -57.079742499999952, -29.772178 ], [ -57.076565899999935, -29.772144499999968 ], [ -57.076552899999967, -29.772813799999941 ], [ -57.076476799999966, -29.773520699999946 ] ] ] } },
{ "type": "Feature", "properties": { "CD_SETOR": "432240005000058", "NM_BAIRRO": "Ipiranga", "NM_DIST": "Uruguaiana", "populacao_total": 1186, "pct_populacao_0_a_4_anos": 5.9, "sem_dado": false, "estimativa_criancas_0_a_4": 70.0 }, "geometry": { "type": "Polygon", "coordinates": [ [ [ -57.073429899999951, -29.76940169999995 ], [ -57.073367599999983, -29.770755299999969 ], [ -57.073368199999948, -29.773512199999963 ], [ -57.076476799999966, -29.773520699999946 ], [ -57.076552899999967, -29.772813799999941 ], [ -57.076565899999935, -29.772144499999968 ], [ -57.076588, -29.769392099999955 ], [ -57.073429899999951, -29.76940169999995 ] ] ] } },
{ "type": "Feature", "properties": { "CD_SETOR": "432240005000059", "NM_BAIRRO": "Ipiranga", "NM_DIST": "Uruguaiana", "populacao_total": 662, "pct_populacao_0_a_4_anos": 5.14, "sem_dado": false, "estimativa_criancas_0_a_4": 34.0 }, "geometry": { "type": "Polygon", "coordinates": [ [ [ -57.070632899999964, -29.773019699999949 ], [ -57.071954699999935, -29.773858799999971 ], [ -57.072117699999978, -29.773893799999943 ], [ -57.072985899999935, -29.773806799999942 ], [ -57.073204899999951, -29.774004199999982 ], [ -57.07334069999996, -29.77392019999996 ], [ -57.073368199999948, -29.773512199999963 ], [ -57.073367599999983, -29.770755299999969 ], [ -57.072954099999947, -29.770990099999949 ], [ -57.071127699999977, -29.772457199999966 ], [ -57.070632899999964, -29.773019699999949 ] ] ] } },
{ "type": "Feature", "properties": { "CD_SETOR": "432240005000060", "NM_BAIRRO": "Ipiranga", "NM_DIST": "Uruguaiana", "populacao_total": 766, "pct_populacao_0_a_4_anos": 5.35, "sem_dado": false, "estimativa_criancas_0_a_4": 41.0 }, "geometry": { "type": "Polygon", "coordinates": [ [ [ -57.069342099999972, -29.772182499999921 ], [ -57.070632899999964, -29.773019699999949 ], [ -57.071127699999977, -29.772457199999966 ], [ -57.072954099999947, -29.770990099999949 ], [ -57.073367599999983, -29.770755299999969 ], [ -57.073429899999951, -29.76940169999995 ], [ -57.072312499999953, -29.768597599999961 ], [ -57.071714399999962, -29.769283499999972 ], [ -57.071292199999959, -29.769873099999977 ], [ -57.070787499999938, -29.770457699999952 ], [ -57.069342099999972, -29.772182499999921 ] ] ] } },
{ "type": "Feature", "properties": { "CD_SETOR": "432240005000061", "NM_BAIRRO": "Ipiranga", "NM_DIST": "Uruguaiana", "populacao_total": 710, "pct_populacao_0_a_4_anos": 5.35, "sem_dado": false, "estimativa_criancas_0_a_4": 38.0 }, "geometry": { "type": "Polygon", "coordinates": [ [ [ -57.068850899999973, -29.772734 ], [ -57.067422, -29.774423099999979 ], [ -57.06765, -29.774587399999973 ], [ -57.069976799999949, -29.776097299999947 ], [ -57.070316399999967, -29.775757599999952 ], [ -57.071637399999986, -29.774203499999942 ], [ -57.071954699999935, -29.773858799999971 ], [ -57.070632899999964, -29.773019699999949 ], [ -57.069342099999972, -29.772182499999921 ], [ -57.068850899999973, -29.772734 ] ] ] } },
{ "type": "Feature", "properties": { "CD_SETOR": "432240005000062", "NM_BAIRRO": "Ipiranga", "NM_DIST": "Uruguaiana", "populacao_total": 969, "pct_populacao_0_a_4_anos": 6.6, "sem_dado": false, "estimativa_criancas_0_a_4": 64.0 }, "geometry": { "type": "Polygon", "coordinates": [ [ [ -57.069976799999949, -29.776097299999947 ], [ -57.068729699999956, -29.777477499999968 ], [ -57.067237699999964, -29.779367799999935 ], [ -57.069436199999984, -29.778871599999956 ], [ -57.072648399999935, -29.778240499999981 ], [ -57.072256699999969, -29.776829899999942 ], [ -57.072090899999978, -29.776142899999964 ], [ -57.071920299999931, -29.775448199999971 ], [ -57.071637399999986, -29.774203499999942 ], [ -57.070316399999967, -29.775757599999952 ], [ -57.069976799999949, -29.776097299999947 ] ] ] } },
{ "type": "Feature", "properties": { "CD_SETOR": "432240005000063", "NM_BAIRRO": "Ipiranga", "NM_DIST": "Uruguaiana", "populacao_total": 932, "pct_populacao_0_a_4_anos": 6.12, "sem_dado": false, "estimativa_criancas_0_a_4": 57.0 }, "geometry": { "type": "Polygon", "coordinates": [ [ [ -57.072090899999978, -29.776142899999964 ], [ -57.072256699999969, -29.776829899999942 ], [ -57.072648399999935, -29.778240499999981 ], [ -57.0754151, -29.777696899999967 ], [ -57.076356699999963, -29.777537399999979 ], [ -57.077336599999967, -29.777322 ], [ -57.076957299999947, -29.775676699999966 ], [ -57.076839399999983, -29.775151899999965 ], [ -57.072090899999978, -29.776142899999964 ] ] ] } },
{ "type": "Feature", "properties": { "CD_SETOR": "432240005000064", "NM_BAIRRO": "Ipiranga", "NM_DIST": "Uruguaiana", "populacao_total": 857, "pct_populacao_0_a_4_anos": 5.72, "sem_dado": false, "estimativa_criancas_0_a_4": 49.0 }, "geometry": { "type": "Polygon", "coordinates": [ [ [ -57.071954699999935, -29.773858799999971 ], [ -57.071637399999986, -29.774203499999942 ], [ -57.071920299999931, -29.775448199999971 ], [ -57.072090899999978, -29.776142899999964 ], [ -57.076839399999983, -29.775151899999965 ], [ -57.07664489999997, -29.774430699999982 ], [ -57.076501299999961, -29.773753199999931 ], [ -57.076476799999966, -29.773520699999946 ], [ -57.073368199999948, -29.773512199999963 ], [ -57.07334069999996, -29.77392019999996 ], [ -57.073204899999951, -29.774004199999982 ], [ -57.072985899999935, -29.773806799999942 ], [ -57.072117699999978, -29.773893799999943 ], [ -57.071954699999935, -29.773858799999971 ] ] ] } },
{ "type": "Feature", "properties": { "CD_SETOR": "432240005000065", "NM_BAIRRO": "Ipiranga", "NM_DIST": "Uruguaiana", "populacao_total": 845, "pct_populacao_0_a_4_anos": 6.86, "sem_dado": false, "estimativa_criancas_0_a_4": 58.0 }, "geometry": { "type": "Polygon", "coordinates": [ [ [ -57.072648399999935, -29.778240499999981 ], [ -57.069436199999984, -29.778871599999956 ], [ -57.067237699999964, -29.779367799999935 ], [ -57.065558299999964, -29.779656899999956 ], [ -57.064477299999965, -29.779830799999964 ], [ -57.063581499999941, -29.78005979999994 ], [ -57.065100499999971, -29.780855899999946 ], [ -57.065936099999931, -29.781226699999941 ], [ -57.068590499999971, -29.782354899999973 ], [ -57.069857, -29.782904 ], [ -57.071353, -29.783507699999966 ], [ -57.074754, -29.784980799999964 ], [ -57.07737149999997, -29.785892899999961 ], [ -57.077404299999955, -29.785790099999925 ], [ -57.076921499999969, -29.78386 ], [ -57.076660599999968, -29.783873899999943 ], [ -57.075603, -29.783913 ], [ -57.07495629999994, -29.783799099999953 ], [ -57.075115399999959, -29.780792199999951 ], [ -57.075211899999942, -29.779725399999958 ], [ -57.0754151, -29.777696899999967 ], [ -57.072648399999935, -29.778240499999981 ] ] ] } },
{ "type": "Feature", "properties": { "CD_SETOR": "432240005000066", "NM_BAIRRO": "Rui Ramos", "NM_DIST": "Uruguaiana", "populacao_total": 644, "pct_populacao_0_a_4_anos": 5.12, "sem_dado": false, "estimativa_criancas_0_a_4": 33.0 }, "geometry": { "type": "Polygon", "coordinates": [ [ [ -57.065558299999964, -29.779656899999956 ], [ -57.067237699999964, -29.779367799999935 ], [ -57.068729699999956, -29.777477499999968 ], [ -57.069976799999949, -29.776097299999947 ], [ -57.06765, -29.774587399999973 ], [ -57.067422, -29.774423099999979 ], [ -57.068850899999973, -29.772734 ], [ -57.068046899999956, -29.772204 ], [ -57.067446199999949, -29.771833799999953 ], [ -57.067195599999934, -29.773405099999938 ], [ -57.06613409999995, -29.777006899999954 ], [ -57.065558299999964, -29.779656899999956 ] ] ] } },
{ "type": "Feature", "properties": { "CD_SETOR": "432240005000067", "NM_BAIRRO": "Rui Ramos", "NM_DIST": "Uruguaiana", "populacao_total": 617, "pct_populacao_0_a_4_anos": 5.83, "sem_dado": false, "estimativa_criancas_0_a_4": 36.0 }, "geometry": { "type": "Polygon", "coordinates": [ [ [ -57.069388, -29.768734599999966 ], [ -57.068762599999957, -29.769391299999938 ], [ -57.06834, -29.769956699999963 ], [ -57.067802699999959, -29.770801399999982 ], [ -57.0674451, -29.771646199999971 ], [ -57.067446199999949, -29.771833799999953 ], [ -57.068046899999956, -29.772204 ], [ -57.068850899999973, -29.772734 ], [ -57.069342099999972, -29.772182499999921 ], [ -57.070787499999938, -29.770457699999952 ], [ -57.071292199999959, -29.769873099999977 ], [ -57.071714399999962, -29.769283499999972 ], [ -57.072312499999953, -29.768597599999961 ], [ -57.070250899999962, -29.766867599999959 ], [ -57.070237199999951, -29.767702599999947 ], [ -57.069388, -29.768734599999966 ] ] ] } },
{ "type": "Feature", "properties": { "CD_SETOR": "432240005000070", "NM_BAIRRO": "Cidade Alegria", "NM_DIST": "Uruguaiana", "populacao_total": 925, "pct_populacao_0_a_4_anos": 7.14, "sem_dado": false, "estimativa_criancas_0_a_4": 66.0 }, "geometry": { "type": "Polygon", "coordinates": [ [ [ -57.060925299999951, -29.771570399999966 ], [ -57.060865, -29.772068499999939 ], [ -57.060936499999968, -29.772617599999933 ], [ -57.061194299999954, -29.773397599999953 ], [ -57.061358299999938, -29.773960499999923 ], [ -57.0615509, -29.774361799999955 ], [ -57.06173119999994, -29.774597399999944 ], [ -57.060765099999969, -29.775267699999972 ], [ -57.059483199999931, -29.77603189999996 ], [ -57.060567299999946, -29.77753429999996 ], [ -57.061306, -29.778294499999955 ], [ -57.062672199999952, -29.779411799999931 ], [ -57.063581499999941, -29.78005979999994 ], [ -57.064477299999965, -29.779830799999964 ], [ -57.065558299999964, -29.779656899999956 ], [ -57.06613409999995, -29.777006899999954 ], [ -57.067195599999934, -29.773405099999938 ], [ -57.067446199999949, -29.771833799999953 ], [ -57.0674451, -29.771646199999971 ], [ -57.064629, -29.771284 ], [ -57.064846299999942, -29.770437899999934 ], [ -57.061645799999951, -29.77002439999994 ], [ -57.061022399999956, -29.769785 ], [ -57.060925299999951, -29.771570399999966 ] ] ] } },
{ "type": "Feature", "properties": { "CD_SETOR": "432240005000071", "NM_BAIRRO": "Cidade Alegria", "NM_DIST": "Uruguaiana", "populacao_total": 855, "pct_populacao_0_a_4_anos": 6.08, "sem_dado": false, "estimativa_criancas_0_a_4": 52.0 }, "geometry": { "type": "Polygon", "coordinates": [ [ [ -57.064846299999942, -29.770437899999934 ], [ -57.064629, -29.771284 ], [ -57.0674451, -29.771646199999971 ], [ -57.067802699999959, -29.770801399999982 ], [ -57.06834, -29.769956699999963 ], [ -57.068762599999957, -29.769391299999938 ], [ -57.069388, -29.768734599999966 ], [ -57.065500399999962, -29.768020799999938 ], [ -57.064846299999942, -29.770437899999934 ] ] ] } },
{ "type": "Feature", "properties": { "CD_SETOR": "432240005000072", "NM_BAIRRO": "Emílio Brandi", "NM_DIST": "Uruguaiana", "populacao_total": 483, "pct_populacao_0_a_4_anos": 7.04, "sem_dado": false, "estimativa_criancas_0_a_4": 34.0 }, "geometry": { "type": "Polygon", "coordinates": [ [ [ -57.055857799999956, -29.771698199999946 ], [ -57.056694899999968, -29.771710299999935 ], [ -57.057126899999957, -29.771846299999932 ], [ -57.057718799999975, -29.772342199999969 ], [ -57.05837889999998, -29.773257499999939 ], [ -57.058427299999948, -29.773491399999951 ], [ -57.058580799999959, -29.774081 ], [ -57.058845699999949, -29.774743599999962 ], [ -57.059151799999938, -29.77540949999997 ], [ -57.059483199999931, -29.77603189999996 ], [ -57.060765099999969, -29.775267699999972 ], [ -57.06173119999994, -29.774597399999944 ], [ -57.0615509, -29.774361799999955 ], [ -57.061358299999938, -29.773960499999923 ], [ -57.061194299999954, -29.773397599999953 ], [ -57.060936499999968, -29.772617599999933 ], [ -57.060865, -29.772068499999939 ], [ -57.060925299999951, -29.771570399999966 ], [ -57.059946599999932, -29.771548399999979 ], [ -57.059804799999938, -29.77146939999994 ], [ -57.059720499999969, -29.77140009999993 ], [ -57.058608299999946, -29.771356499999964 ], [ -57.058158699999979, -29.771318399999981 ], [ -57.058152199999938, -29.769233899999957 ], [ -57.057743799999969, -29.770185499999975 ], [ -57.05721189999997, -29.770920699999984 ], [ -57.056600799999956, -29.771393099999958 ], [ -57.055857799999956, -29.771698199999946 ] ] ] } },
{ "type": "Feature", "properties": { "CD_SETOR": "432240005000073", "NM_BAIRRO": "Emílio Brandi", "NM_DIST": "Uruguaiana", "populacao_total": 685, "pct_populacao_0_a_4_anos": 6.42, "sem_dado": false, "estimativa_criancas_0_a_4": 44.0 }, "geometry": { "type": "Polygon", "coordinates": [ [ [ -57.058152199999938, -29.769233899999957 ], [ -57.058158699999979, -29.771318399999981 ], [ -57.058608299999946, -29.771356499999964 ], [ -57.059720499999969, -29.77140009999993 ], [ -57.059804799999938, -29.77146939999994 ], [ -57.059946599999932, -29.771548399999979 ], [ -57.060925299999951, -29.771570399999966 ], [ -57.061022399999956, -29.769785 ], [ -57.061151699999982, -29.768441399999983 ], [ -57.060267099999976, -29.768397299999933 ], [ -57.058149599999979, -29.76829169999997 ], [ -57.058152199999938, -29.769233899999957 ] ] ] } },
{ "type": "Feature", "properties": { "CD_SETOR": "432240005000074", "NM_BAIRRO": "São Miguel", "NM_DIST": "Uruguaiana", "populacao_total": 683, "pct_populacao_0_a_4_anos": 5.71, "sem_dado": false, "estimativa_criancas_0_a_4": 39.0 }, "geometry": { "type": "Polygon", "coordinates": [ [ [ -57.082966699999986, -29.775015299999936 ], [ -57.08296, -29.775428299999923 ], [ -57.083816199999944, -29.775883199999956 ], [ -57.083923599999942, -29.776032499999921 ], [ -57.084564, -29.776239799999924 ], [ -57.085362199999963, -29.7763629 ], [ -57.086206499999946, -29.776421099999936 ], [ -57.087757599999975, -29.776470199999949 ], [ -57.087774, -29.775058799999943 ], [ -57.087790499999983, -29.773680799999966 ], [ -57.084574299999986, -29.773625199999973 ], [ -57.08454, -29.775043499999981 ], [ -57.082966699999986, -29.775015299999936 ] ] ] } },
{ "type": "Feature", "properties": { "CD_SETOR": "432240005000075", "NM_BAIRRO": "São Miguel", "NM_DIST": "Uruguaiana", "populacao_total": 752, "pct_populacao_0_a_4_anos": 6.25, "sem_dado": false, "estimativa_criancas_0_a_4": 47.0 }, "geometry": { "type": "Polygon", "coordinates": [ [ [ -57.087790499999983, -29.773680799999966 ], [ -57.089415, -29.773706499999943 ], [ -57.089470799999958, -29.769509299999978 ], [ -57.086240399999951, -29.769487 ], [ -57.086243499999966, -29.772271099999962 ], [ -57.087864199999956, -29.772251099999941 ], [ -57.087790499999983, -29.773680799999966 ] ] ] } },
{ "type": "Feature", "properties": { "CD_SETOR": "432240005000076", "NM_BAIRRO": "São Miguel", "NM_DIST": "Uruguaiana", "populacao_total": 717, "pct_populacao_0_a_4_anos": 4.46, "sem_dado": false, "estimativa_criancas_0_a_4": 32.0 }, "geometry": { "type": "Polygon", "coordinates": [ [ [ -57.084638699999971, -29.768080599999966 ], [ -57.084624799999972, -29.769478499999927 ], [ -57.086240399999951, -29.769487 ], [ -57.089470799999958, -29.769509299999978 ], [ -57.089502, -29.766742499999957 ], [ -57.086313399999938, -29.766689199999977 ], [ -57.08629, -29.768101799999947 ], [ -57.084638699999971, -29.768080599999966 ] ] ] } },
{ "type": "Feature", "properties": { "CD_SETOR": "432240005000077", "NM_BAIRRO": "São Miguel", "NM_DIST": "Uruguaiana", "populacao_total": 701, "pct_populacao_0_a_4_anos": 3.85, "sem_dado": false, "estimativa_criancas_0_a_4": 27.0 }, "geometry": { "type": "Polygon", "coordinates": [ [ [ -57.086348, -29.762535499999963 ], [ -57.086313399999938, -29.766689199999977 ], [ -57.089502, -29.766742499999957 ], [ -57.089577899999938, -29.763959299999943 ], [ -57.089600899999937, -29.763088799999942 ], [ -57.089581499999952, -29.762550799999925 ], [ -57.087969699999974, -29.762522799999935 ], [ -57.086348, -29.762535499999963 ] ] ] } },
{ "type": "Feature", "properties": { "CD_SETOR": "432240005000078", "NM_BAIRRO": "São Miguel", "NM_DIST": "Uruguaiana", "populacao_total": 732, "pct_populacao_0_a_4_anos": 4.78, "sem_dado": false, "estimativa_criancas_0_a_4": 35.0 }, "geometry": { "type": "Polygon", "coordinates": [ [ [ -57.084638699999971, -29.768080599999966 ], [ -57.08629, -29.768101799999947 ], [ -57.086313399999938, -29.766689199999977 ], [ -57.086348, -29.762535499999963 ], [ -57.084788899999978, -29.762491099999973 ], [ -57.084638699999971, -29.768080599999966 ] ] ] } },
{ "type": "Feature", "properties": { "CD_SETOR": "432240005000079", "NM_BAIRRO": "São Miguel", "NM_DIST": "Uruguaiana", "populacao_total": 686, "pct_populacao_0_a_4_anos": 3.5, "sem_dado": false, "estimativa_criancas_0_a_4": 24.0 }, "geometry": { "type": "Polygon", "coordinates": [ [ [ -57.083144, -29.762496699999936 ], [ -57.083073399999932, -29.765276899999947 ], [ -57.083073599999977, -29.765763099999962 ], [ -57.083368599999972, -29.765759499999945 ], [ -57.08336909999997, -29.766197599999938 ], [ -57.083074699999948, -29.766202499999959 ], [ -57.083074199999942, -29.768052199999946 ], [ -57.084638699999971, -29.768080599999966 ], [ -57.084788899999978, -29.762491099999973 ], [ -57.083144, -29.762496699999936 ] ] ] } },
{ "type": "Feature", "properties": { "CD_SETOR": "432240005000080", "NM_BAIRRO": "São Miguel", "NM_DIST": "Uruguaiana", "populacao_total": 555, "pct_populacao_0_a_4_anos": 3.96, "sem_dado": false, "estimativa_criancas_0_a_4": 22.0 }, "geometry": { "type": "Polygon", "coordinates": [ [ [ -57.079816, -29.765239199999936 ], [ -57.083073399999932, -29.765276899999947 ], [ -57.083144, -29.762496699999936 ], [ -57.079936699999962, -29.76244569999994 ], [ -57.079876299999967, -29.76384239999993 ], [ -57.079816, -29.765239199999936 ] ] ] } },
{ "type": "Feature", "properties": { "CD_SETOR": "432240005000081", "NM_BAIRRO": "São Miguel", "NM_DIST": "Uruguaiana", "populacao_total": 758, "pct_populacao_0_a_4_anos": 5.15, "sem_dado": false, "estimativa_criancas_0_a_4": 39.0 }, "geometry": { "type": "Polygon", "coordinates": [ [ [ -57.079843899999958, -29.76664989999994 ], [ -57.079833699999938, -29.768040399999965 ], [ -57.081881299999964, -29.768087599999934 ], [ -57.083074199999942, -29.768052199999946 ], [ -57.083074699999948, -29.766202499999959 ], [ -57.083073599999977, -29.765763099999962 ], [ -57.083073399999932, -29.765276899999947 ], [ -57.079816, -29.765239199999936 ], [ -57.079843899999958, -29.76664989999994 ] ] ] } },
{ "type": "Feature", "properties": { "CD_SETOR": "432240005000082", "NM_BAIRRO": "São Miguel", "NM_DIST": "Uruguaiana", "populacao_total": 700, "pct_populacao_0_a_4_anos": 4.29, "sem_dado": false, "estimativa_criancas_0_a_4": 30.0 }, "geometry": { "type": "Polygon", "coordinates": [ [ [ -57.079775299999937, -29.770802599999971 ], [ -57.084600399999943, -29.770851099999959 ], [ -57.084624799999972, -29.769478499999927 ], [ -57.084638699999971, -29.768080599999966 ], [ -57.083074199999942, -29.768052199999946 ], [ -57.081881299999964, -29.768087599999934 ], [ -57.079833699999938, -29.768040399999965 ], [ -57.079820699999971, -29.769422199999948 ], [ -57.079775299999937, -29.770802599999971 ] ] ] } },
{ "type": "Feature", "properties": { "CD_SETOR": "432240005000083", "NM_BAIRRO": "São Miguel", "NM_DIST": "Uruguaiana", "populacao_total": 760, "pct_populacao_0_a_4_anos": 4.74, "sem_dado": false, "estimativa_criancas_0_a_4": 36.0 }, "geometry": { "type": "Polygon", "coordinates": [ [ [ -57.079742499999952, -29.772178 ], [ -57.079733, -29.773577499999934 ], [ -57.082996099999946, -29.77362259999995 ], [ -57.082966699999986, -29.775015299999936 ], [ -57.08454, -29.775043499999981 ], [ -57.084574299999986, -29.773625199999973 ], [ -57.084600399999943, -29.770851099999959 ], [ -57.079775299999937, -29.770802599999971 ], [ -57.079742499999952, -29.772178 ] ] ] } },
{ "type": "Feature", "properties": { "CD_SETOR": "432240005000084", "NM_BAIRRO": "São Miguel", "NM_DIST": "Uruguaiana", "populacao_total": 613, "pct_populacao_0_a_4_anos": 4.73, "sem_dado": false, "estimativa_criancas_0_a_4": 29.0 }, "geometry": { "type": "Polygon", "coordinates": [ [ [ -57.084600399999943, -29.770851099999959 ], [ -57.084574299999986, -29.773625199999973 ], [ -57.087790499999983, -29.773680799999966 ], [ -57.087864199999956, -29.772251099999941 ], [ -57.086243499999966, -29.772271099999962 ], [ -57.086240399999951, -29.769487 ], [ -57.084624799999972, -29.769478499999927 ], [ -57.084600399999943, -29.770851099999959 ] ] ] } },
{ "type": "Feature", "properties": { "CD_SETOR": "432240005000085", "NM_BAIRRO": "Nova Esperança", "NM_DIST": "Uruguaiana", "populacao_total": 865, "pct_populacao_0_a_4_anos": 4.62, "sem_dado": false, "estimativa_criancas_0_a_4": 40.0 }, "geometry": { "type": "Polygon", "coordinates": [ [ [ -57.091004899999973, -29.773699299999969 ], [ -57.092569199999957, -29.773718799999983 ], [ -57.094187599999948, -29.773762 ], [ -57.094281299999977, -29.769544299999954 ], [ -57.092725899999948, -29.769523799999941 ], [ -57.092649599999959, -29.770940899999967 ], [ -57.091081199999962, -29.77091119999994 ], [ -57.091004899999973, -29.773699299999969 ] ] ] } },
{ "type": "Feature", "properties": { "CD_SETOR": "432240005000086", "NM_BAIRRO": "Nova Esperança", "NM_DIST": "Uruguaiana", "populacao_total": 888, "pct_populacao_0_a_4_anos": 7.55, "sem_dado": false, "estimativa_criancas_0_a_4": 67.0 }, "geometry": { "type": "Polygon", "coordinates": [ [ [ -57.094187599999948, -29.773762 ], [ -57.097344799999973, -29.773754 ], [ -57.097334, -29.772403599999947 ], [ -57.097461499999952, -29.769579199999946 ], [ -57.094281299999977, -29.769544299999954 ], [ -57.094187599999948, -29.773762 ] ] ] } },
{ "type": "Feature", "properties": { "CD_SETOR": "432240005000087", "NM_BAIRRO": "Nova Esperança", "NM_DIST": "Uruguaiana", "populacao_total": 914, "pct_populacao_0_a_4_anos": 6.02, "sem_dado": false, "estimativa_criancas_0_a_4": 55.0 }, "geometry": { "type": "Polygon", "coordinates": [ [ [ -57.092725899999948, -29.769523799999941 ], [ -57.094281299999977, -29.769544299999954 ], [ -57.097461499999952, -29.769579199999946 ], [ -57.09754259999994, -29.766822099999949 ], [ -57.094324599999936, -29.766796 ], [ -57.094312499999944, -29.768190499999939 ], [ -57.092710599999975, -29.76816209999998 ], [ -57.092725899999948, -29.769523799999941 ] ] ] } },
{ "type": "Feature", "properties": { "CD_SETOR": "432240005000088", "NM_BAIRRO": "Nova Esperança", "NM_DIST": "Uruguaiana", "populacao_total": 686, "pct_populacao_0_a_4_anos": 6.41, "sem_dado": false, "estimativa_criancas_0_a_4": 44.0 }, "geometry": { "type": "Polygon", "coordinates": [ [ [ -57.097554499999944, -29.765412499999965 ], [ -57.095936299999956, -29.765384299999933 ], [ -57.095941199999977, -29.764078899999955 ], [ -57.094347099999936, -29.76401239999996 ], [ -57.09433439999998, -29.765358799999948 ], [ -57.092746699999964, -29.765375499999951 ], [ -57.092721499999982, -29.766786599999932 ], [ -57.094324599999936, -29.766796 ], [ -57.09754259999994, -29.766822099999949 ], [ -57.097554499999944, -29.765412499999965 ] ] ] } },
{ "type": "Feature", "properties": { "CD_SETOR": "432240005000089", "NM_BAIRRO": "Nova Esperança", "NM_DIST": "Uruguaiana", "populacao_total": 752, "pct_populacao_0_a_4_anos": 6.12, "sem_dado": false, "estimativa_criancas_0_a_4": 46.0 }, "geometry": { "type": "Polygon", "coordinates": [ [ [ -57.094347099999936, -29.76401239999996 ], [ -57.095941199999977, -29.764078899999955 ], [ -57.09696629999997, -29.764010299999935 ], [ -57.097566299999983, -29.764021 ], [ -57.097566299999983, -29.764017899999928 ], [ -57.097571199999948, -29.761303099999967 ], [ -57.096015099999931, -29.761225799999973 ], [ -57.094418499999961, -29.761208 ], [ -57.094402199999934, -29.763369499999946 ], [ -57.094347099999936, -29.76401239999996 ] ] ] } },
{ "type": "Feature", "properties": { "CD_SETOR": "432240005000090", "NM_BAIRRO": "Nova Esperança", "NM_DIST": "Uruguaiana", "populacao_total": 616, "pct_populacao_0_a_4_anos": 5.52, "sem_dado": false, "estimativa_criancas_0_a_4": 34.0 }, "geometry": { "type": "Polygon", "coordinates": [ [ [ -57.089581499999952, -29.762550799999925 ], [ -57.089600899999937, -29.763088799999942 ], [ -57.089577899999938, -29.763959299999943 ], [ -57.094347099999936, -29.76401239999996 ], [ -57.094402199999934, -29.763369499999946 ], [ -57.094418499999961, -29.761208 ], [ -57.092741099999955, -29.761208499999945 ], [ -57.092175199999986, -29.761183 ], [ -57.091222199999947, -29.76118039999993 ], [ -57.091216599999939, -29.762551799999979 ], [ -57.089581499999952, -29.762550799999925 ] ] ] } },
{ "type": "Feature", "properties": { "CD_SETOR": "432240005000091", "NM_BAIRRO": "Nova Esperança", "NM_DIST": "Uruguaiana", "populacao_total": 851, "pct_populacao_0_a_4_anos": 5.29, "sem_dado": false, "estimativa_criancas_0_a_4": 45.0 }, "geometry": { "type": "Polygon", "coordinates": [ [ [ -57.089502, -29.766742499999957 ], [ -57.092721499999982, -29.766786599999932 ], [ -57.092746699999964, -29.765375499999951 ], [ -57.09433439999998, -29.765358799999948 ], [ -57.094347099999936, -29.76401239999996 ], [ -57.089577899999938, -29.763959299999943 ], [ -57.089502, -29.766742499999957 ] ] ] } },
{ "type": "Feature", "properties": { "CD_SETOR": "432240005000092", "NM_BAIRRO": "Nova Esperança", "NM_DIST": "Uruguaiana", "populacao_total": 810, "pct_populacao_0_a_4_anos": 5.31, "sem_dado": false, "estimativa_criancas_0_a_4": 43.0 }, "geometry": { "type": "Polygon", "coordinates": [ [ [ -57.089470799999958, -29.769509299999978 ], [ -57.092725899999948, -29.769523799999941 ], [ -57.092710599999975, -29.76816209999998 ], [ -57.094312499999944, -29.768190499999939 ], [ -57.094324599999936, -29.766796 ], [ -57.092721499999982, -29.766786599999932 ], [ -57.089502, -29.766742499999957 ], [ -57.089470799999958, -29.769509299999978 ] ] ] } },
{ "type": "Feature", "properties": { "CD_SETOR": "432240005000093", "NM_BAIRRO": "Nova Esperança", "NM_DIST": "Uruguaiana", "populacao_total": 681, "pct_populacao_0_a_4_anos": 6.17, "sem_dado": false, "estimativa_criancas_0_a_4": 42.0 }, "geometry": { "type": "Polygon", "coordinates": [ [ [ -57.089415, -29.773706499999943 ], [ -57.091004899999973, -29.773699299999969 ], [ -57.091081199999962, -29.77091119999994 ], [ -57.092649599999959, -29.770940899999967 ], [ -57.092725899999948, -29.769523799999941 ], [ -57.089470799999958, -29.769509299999978 ], [ -57.089415, -29.773706499999943 ] ] ] } },
{ "type": "Feature", "properties": { "CD_SETOR": "432240005000094", "NM_BAIRRO": "Alexandre Zachia", "NM_DIST": "Uruguaiana", "populacao_total": 1340, "pct_populacao_0_a_4_anos": 5.52, "sem_dado": false, "estimativa_criancas_0_a_4": 74.0 }, "geometry": { "type": "Polygon", "coordinates": [ [ [ -57.087774, -29.775058799999943 ], [ -57.092580299999952, -29.775128499999933 ], [ -57.09249, -29.777960799999956 ], [ -57.097242699999981, -29.778052899999974 ], [ -57.0973168, -29.77522719999995 ], [ -57.097344799999973, -29.773754 ], [ -57.094187599999948, -29.773762 ], [ -57.092569199999957, -29.773718799999983 ], [ -57.091004899999973, -29.773699299999969 ], [ -57.089415, -29.773706499999943 ], [ -57.087790499999983, -29.773680799999966 ], [ -57.087774, -29.775058799999943 ] ] ] } },
{ "type": "Feature", "properties": { "CD_SETOR": "432240005000095", "NM_BAIRRO": "Alexandre Zachia", "NM_DIST": "Uruguaiana", "populacao_total": 917, "pct_populacao_0_a_4_anos": 4.58, "sem_dado": false, "estimativa_criancas_0_a_4": 42.0 }, "geometry": { "type": "Polygon", "coordinates": [ [ [ -57.087757599999975, -29.776470199999949 ], [ -57.087777199999948, -29.777944199999983 ], [ -57.09249, -29.777960799999956 ], [ -57.092580299999952, -29.775128499999933 ], [ -57.087774, -29.775058799999943 ], [ -57.087757599999975, -29.776470199999949 ] ] ] } },
{ "type": "Feature", "properties": { "CD_SETOR": "432240005000096", "NM_BAIRRO": "Rio Branco", "NM_DIST": "Uruguaiana", "populacao_total": 734, "pct_populacao_0_a_4_anos": 7.08, "sem_dado": false, "estimativa_criancas_0_a_4": 52.0 }, "geometry": { "type": "Polygon", "coordinates": [ [ [ -57.092473599999948, -29.779384199999974 ], [ -57.094058599999983, -29.779376299999967 ], [ -57.094028899999955, -29.780735799999949 ], [ -57.094817299999931, -29.780829599999944 ], [ -57.097190499999961, -29.780847299999945 ], [ -57.097242699999981, -29.778052899999974 ], [ -57.09249, -29.777960799999956 ], [ -57.092473599999948, -29.779384199999974 ] ] ] } },
{ "type": "Feature", "properties": { "CD_SETOR": "432240005000097", "NM_BAIRRO": "Rio Branco", "NM_DIST": "Uruguaiana", "populacao_total": 724, "pct_populacao_0_a_4_anos": 5.66, "sem_dado": false, "estimativa_criancas_0_a_4": 41.0 }, "geometry": { "type": "Polygon", "coordinates": [ [ [ -57.088334, -29.781567799999952 ], [ -57.089527399999952, -29.78166229999993 ], [ -57.0895809, -29.78097619999993 ], [ -57.090912499999952, -29.779287599999979 ], [ -57.092473599999948, -29.779384199999974 ], [ -57.09249, -29.777960799999956 ], [ -57.087777199999948, -29.777944199999983 ], [ -57.088334, -29.781567799999952 ] ] ] } },
{ "type": "Feature", "properties": { "CD_SETOR": "432240005000098", "NM_BAIRRO": "Rio Branco", "NM_DIST": "Uruguaiana", "populacao_total": 799, "pct_populacao_0_a_4_anos": 7.01, "sem_dado": false, "estimativa_criancas_0_a_4": 56.0 }, "geometry": { "type": "Polygon", "coordinates": [ [ [ -57.088334, -29.781567799999952 ], [ -57.088795399999981, -29.783671 ], [ -57.089619699999957, -29.786305699999946 ], [ -57.089659099999949, -29.7864317 ], [ -57.090156, -29.78750639999997 ], [ -57.090003299999978, -29.78836 ], [ -57.09020819999995, -29.788756499999973 ], [ -57.090199499999983, -29.790302299999944 ], [ -57.091257, -29.794960599999968 ], [ -57.091844399999957, -29.797669399999965 ], [ -57.092670399999975, -29.798055599999934 ], [ -57.093154899999945, -29.798311499999954 ], [ -57.093951299999958, -29.799063599999958 ], [ -57.094644199999948, -29.799688599999961 ], [ -57.095441599999958, -29.800336899999934 ], [ -57.096462499999973, -29.801009399999938 ], [ -57.096574299999986, -29.80104869999996 ], [ -57.096678499999946, -29.796148099999975 ], [ -57.097190499999961, -29.780847299999945 ], [ -57.094817299999931, -29.780829599999944 ], [ -57.094028899999955, -29.780735799999949 ], [ -57.094058599999983, -29.779376299999967 ], [ -57.092473599999948, -29.779384199999974 ], [ -57.090912499999952, -29.779287599999979 ], [ -57.0895809, -29.78097619999993 ], [ -57.089527399999952, -29.78166229999993 ], [ -57.088334, -29.781567799999952 ] ] ] } },
{ "type": "Feature", "properties": { "CD_SETOR": "432240005000100", "NM_BAIRRO": "Tabajara Brites", "NM_DIST": "Uruguaiana", "populacao_total": 774, "pct_populacao_0_a_4_anos": 7.75, "sem_dado": false, "estimativa_criancas_0_a_4": 60.0 }, "geometry": { "type": "Polygon", "coordinates": [ [ [ -57.103702399999975, -29.78513589999994 ], [ -57.10398, -29.787973299999987 ], [ -57.104971799999987, -29.787897599999951 ], [ -57.104973899999948, -29.787872799999949 ], [ -57.105215899999962, -29.787846899999973 ], [ -57.105233099999964, -29.785048199999949 ], [ -57.1050939, -29.785050499999944 ], [ -57.105146699999977, -29.782336199999964 ], [ -57.10358279999997, -29.782319899999951 ], [ -57.10353, -29.783296199999949 ], [ -57.103572099999951, -29.78380489999995 ], [ -57.103702399999975, -29.78513589999994 ] ] ] } },
{ "type": "Feature", "properties": { "CD_SETOR": "432240005000103", "NM_BAIRRO": "Cabo Luiz Quevedo", "NM_DIST": "Uruguaiana", "populacao_total": 1224, "pct_populacao_0_a_4_anos": 8.99, "sem_dado": false, "estimativa_criancas_0_a_4": 110.0 }, "geometry": { "type": "Polygon", "coordinates": [ [ [ -57.10212759999996, -29.775283099999971 ], [ -57.102206399999943, -29.775284799999952 ], [ -57.103386899999975, -29.77531 ], [ -57.103609899999981, -29.775314799999919 ], [ -57.103696699999944, -29.77531659999995 ], [ -57.10530689999996, -29.775359599999938 ], [ -57.106904199999974, -29.775410299999979 ], [ -57.106878499999937, -29.772480199999961 ], [ -57.107022899999947, -29.769706799999938 ], [ -57.100521199999946, -29.769593299999944 ], [ -57.10057009999997, -29.771744599999973 ], [ -57.100577399999963, -29.77244589999998 ], [ -57.10216859999997, -29.772442699999946 ], [ -57.102136499999972, -29.773829499999984 ], [ -57.102133099999953, -29.77439319999996 ], [ -57.102130899999963, -29.774749499999931 ], [ -57.10212759999996, -29.775283099999971 ] ] ] } },
{ "type": "Feature", "properties": { "CD_SETOR": "432240005000105", "NM_BAIRRO": "Cabo Luiz Quevedo", "NM_DIST": "Uruguaiana", "populacao_total": 1018, "pct_populacao_0_a_4_anos": 6.39, "sem_dado": false, "estimativa_criancas_0_a_4": 65.0 }, "geometry": { "type": "Polygon", "coordinates": [ [ [ -57.097242699999981, -29.778052899999974 ], [ -57.098877499999958, -29.778097599999967 ], [ -57.099667899999986, -29.77811469999995 ], [ -57.099724299999934, -29.77811509999998 ], [ -57.100364799999973, -29.77812009999996 ], [ -57.100410299999965, -29.778120499999932 ], [ -57.100455799999963, -29.778120799999947 ], [ -57.100424499999981, -29.779507599999924 ], [ -57.101231599999949, -29.779519299999937 ], [ -57.102017599999961, -29.779544299999937 ], [ -57.102068299999985, -29.778148599999959 ], [ -57.10208, -29.777432099999938 ], [ -57.10209169999996, -29.776734799999925 ], [ -57.102093199999956, -29.776674699999937 ], [ -57.102115799999979, -29.775759699999984 ], [ -57.10212759999996, -29.775283099999971 ], [ -57.101781599999988, -29.775281099999969 ], [ -57.100518, -29.775273899999945 ], [ -57.100509199999976, -29.775273899999934 ], [ -57.100248499999964, -29.775274 ], [ -57.099724799999933, -29.775274 ], [ -57.09893169999998, -29.775274199999959 ], [ -57.0973168, -29.77522719999995 ], [ -57.097242699999981, -29.778052899999974 ] ] ] } },
{ "type": "Feature", "properties": { "CD_SETOR": "432240005000106", "NM_BAIRRO": "Cabo Luiz Quevedo", "NM_DIST": "Uruguaiana", "populacao_total": 1175, "pct_populacao_0_a_4_anos": 5.7, "sem_dado": false, "estimativa_criancas_0_a_4": 67.0 }, "geometry": { "type": "Polygon", "coordinates": [ [ [ -57.097190499999961, -29.780847299999945 ], [ -57.098812499999951, -29.780870799999942 ], [ -57.103050099999962, -29.780909 ], [ -57.105170899999962, -29.78095929999995 ], [ -57.105199199999959, -29.77958359999996 ], [ -57.104416599999979, -29.779573899999946 ], [ -57.103086799999971, -29.779557499999942 ], [ -57.102583, -29.779551199999954 ], [ -57.102017599999961, -29.779544299999937 ], [ -57.101231599999949, -29.779519299999937 ], [ -57.100424499999981, -29.779507599999924 ], [ -57.100455799999963, -29.778120799999947 ], [ -57.100410299999965, -29.778120499999932 ], [ -57.100364799999973, -29.77812009999996 ], [ -57.099724299999934, -29.77811509999998 ], [ -57.099667899999986, -29.77811469999995 ], [ -57.098877499999958, -29.778097599999967 ], [ -57.097242699999981, -29.778052899999974 ], [ -57.097190499999961, -29.780847299999945 ] ] ] } },
{ "type": "Feature", "properties": { "CD_SETOR": "432240005000107", "NM_BAIRRO": "Cabo Luiz Quevedo", "NM_DIST": "Uruguaiana", "populacao_total": 933, "pct_populacao_0_a_4_anos": 8.04, "sem_dado": false, "estimativa_criancas_0_a_4": 75.0 }, "geometry": { "type": "Polygon", "coordinates": [ [ [ -57.102017599999961, -29.779544299999937 ], [ -57.102583, -29.779551199999954 ], [ -57.103086799999971, -29.779557499999942 ], [ -57.104416599999979, -29.779573899999946 ], [ -57.105199199999959, -29.77958359999996 ], [ -57.105222499999968, -29.778670199999958 ], [ -57.105235199999981, -29.778173399999954 ], [ -57.105270299999972, -29.776793299999945 ], [ -57.105286799999938, -29.776146399999959 ], [ -57.10530689999996, -29.775359599999938 ], [ -57.103696699999944, -29.77531659999995 ], [ -57.103609899999981, -29.775314799999919 ], [ -57.103386899999975, -29.77531 ], [ -57.102206399999943, -29.775284799999952 ], [ -57.10212759999996, -29.775283099999971 ], [ -57.102115799999979, -29.775759699999984 ], [ -57.102093199999956, -29.776674699999937 ], [ -57.10209169999996, -29.776734799999925 ], [ -57.10208, -29.777432099999938 ], [ -57.102068299999985, -29.778148599999959 ], [ -57.102017599999961, -29.779544299999937 ] ] ] } },
{ "type": "Feature", "properties": { "CD_SETOR": "432240005000108", "NM_BAIRRO": "Cabo Luiz Quevedo", "NM_DIST": "Uruguaiana", "populacao_total": 1208, "pct_populacao_0_a_4_anos": 7.62, "sem_dado": false, "estimativa_criancas_0_a_4": 92.0 }, "geometry": { "type": "Polygon", "coordinates": [ [ [ -57.105199199999959, -29.77958359999996 ], [ -57.105170899999962, -29.78095929999995 ], [ -57.105961099999945, -29.780996299999966 ], [ -57.106759799999963, -29.780963899999964 ], [ -57.10680259999998, -29.779582599999955 ], [ -57.108401399999941, -29.779596899999952 ], [ -57.108478899999966, -29.77545669999995 ], [ -57.106904199999974, -29.775410299999979 ], [ -57.10530689999996, -29.775359599999938 ], [ -57.105286799999938, -29.776146399999959 ], [ -57.105270299999972, -29.776793299999945 ], [ -57.105235199999981, -29.778173399999954 ], [ -57.105222499999968, -29.778670199999958 ], [ -57.105199199999959, -29.77958359999996 ] ] ] } },
{ "type": "Feature", "properties": { "CD_SETOR": "432240005000112", "NM_BAIRRO": "Bela Vista", "NM_DIST": "Uruguaiana", "populacao_total": 935, "pct_populacao_0_a_4_anos": 5.13, "sem_dado": false, "estimativa_criancas_0_a_4": 48.0 }, "geometry": { "type": "Polygon", "coordinates": [ [ [ -57.092914799999967, -29.754176199999957 ], [ -57.092859399999952, -29.756966399999961 ], [ -57.094476899999961, -29.757018899999931 ], [ -57.097673399999962, -29.757056299999924 ], [ -57.100660799999957, -29.756952599999984 ], [ -57.105926, -29.752963499999957 ], [ -57.106311, -29.752674599999978 ], [ -57.106295799999941, -29.75266459999995 ], [ -57.1030583, -29.750524899999959 ], [ -57.102958599999965, -29.750595 ], [ -57.098158, -29.754216099999944 ], [ -57.092914799999967, -29.754176199999957 ] ] ] } },
{ "type": "Feature", "properties": { "CD_SETOR": "432240005000113", "NM_BAIRRO": "Bela Vista", "NM_DIST": "Uruguaiana", "populacao_total": 816, "pct_populacao_0_a_4_anos": 5.64, "sem_dado": false, "estimativa_criancas_0_a_4": 46.0 }, "geometry": { "type": "Polygon", "coordinates": [ [ [ -57.091336099999978, -29.752721599999973 ], [ -57.091317199999935, -29.754162 ], [ -57.092914799999967, -29.754176199999957 ], [ -57.098158, -29.754216099999944 ], [ -57.102958599999965, -29.750595 ], [ -57.1030583, -29.750524899999959 ], [ -57.10305459999995, -29.750522499999924 ], [ -57.101968799999952, -29.749804899999958 ], [ -57.099722099999951, -29.748320099999948 ], [ -57.095105599999954, -29.744563799999987 ], [ -57.091423799999973, -29.749561299999975 ], [ -57.091336099999978, -29.752721599999973 ] ] ] } },
{ "type": "Feature", "properties": { "CD_SETOR": "432240005000114", "NM_BAIRRO": "Bela Vista", "NM_DIST": "Uruguaiana", "populacao_total": 775, "pct_populacao_0_a_4_anos": 4.52, "sem_dado": false, "estimativa_criancas_0_a_4": 35.0 }, "geometry": { "type": "Polygon", "coordinates": [ [ [ -57.091295, -29.755600699999942 ], [ -57.091251699999987, -29.759777799999942 ], [ -57.091222199999947, -29.76118039999993 ], [ -57.092175199999986, -29.761183 ], [ -57.092741099999955, -29.761208499999945 ], [ -57.092859399999952, -29.756966399999961 ], [ -57.092914799999967, -29.754176199999957 ], [ -57.091317199999935, -29.754162 ], [ -57.091295, -29.755600699999942 ] ] ] } },
{ "type": "Feature", "properties": { "CD_SETOR": "432240005000115", "NM_BAIRRO": "Bela Vista", "NM_DIST": "Uruguaiana", "populacao_total": 668, "pct_populacao_0_a_4_anos": 4.34, "sem_dado": false, "estimativa_criancas_0_a_4": 29.0 }, "geometry": { "type": "Polygon", "coordinates": [ [ [ -57.092741099999955, -29.761208499999945 ], [ -57.094418499999961, -29.761208 ], [ -57.096015099999931, -29.761225799999973 ], [ -57.096049899999976, -29.759804299999931 ], [ -57.094416099999933, -29.759801799999927 ], [ -57.094476899999961, -29.757018899999931 ], [ -57.092859399999952, -29.756966399999961 ], [ -57.092741099999955, -29.761208499999945 ] ] ] } },
{ "type": "Feature", "properties": { "CD_SETOR": "432240005000116", "NM_BAIRRO": "Bela Vista", "NM_DIST": "Uruguaiana", "populacao_total": 482, "pct_populacao_0_a_4_anos": 3.32, "sem_dado": false, "estimativa_criancas_0_a_4": 16.0 }, "geometry": { "type": "Polygon", "coordinates": [ [ [ -57.096015099999931, -29.761225799999973 ], [ -57.097571199999948, -29.761303099999967 ], [ -57.097648099999958, -29.759831 ], [ -57.097101699999939, -29.759811 ], [ -57.097110099999952, -29.759254899999984 ], [ -57.097654899999952, -29.759258699999965 ], [ -57.097673399999962, -29.757056299999924 ], [ -57.094476899999961, -29.757018899999931 ], [ -57.094416099999933, -29.759801799999927 ], [ -57.096049899999976, -29.759804299999931 ], [ -57.096015099999931, -29.761225799999973 ] ] ] } },
{ "type": "Feature", "properties": { "CD_SETOR": "432240005000117", "NM_BAIRRO": "São Miguel", "NM_DIST": "Uruguaiana", "populacao_total": 82, "pct_populacao_0_a_4_anos": null, "sem_dado": true, "estimativa_criancas_0_a_4": null }, "geometry": { "type": "Polygon", "coordinates": [ [ [ -57.083073599999977, -29.765763099999962 ], [ -57.083074699999948, -29.766202499999959 ], [ -57.08336909999997, -29.766197599999938 ], [ -57.083368599999972, -29.765759499999945 ], [ -57.083073599999977, -29.765763099999962 ] ] ] } },
{ "type": "Feature", "properties": { "CD_SETOR": "432240005000118", "NM_BAIRRO": "Bela Vista", "NM_DIST": "Uruguaiana", "populacao_total": 34, "pct_populacao_0_a_4_anos": null, "sem_dado": true, "estimativa_criancas_0_a_4": null }, "geometry": { "type": "Polygon", "coordinates": [ [ [ -57.097648099999958, -29.759831 ], [ -57.097654899999952, -29.759258699999965 ], [ -57.097110099999952, -29.759254899999984 ], [ -57.097101699999939, -29.759811 ], [ -57.097648099999958, -29.759831 ] ] ] } },
{ "type": "Feature", "properties": { "CD_SETOR": "432240005000120", "NM_BAIRRO": null, "NM_DIST": "Uruguaiana", "populacao_total": 537, "pct_populacao_0_a_4_anos": 6.89, "sem_dado": false, "estimativa_criancas_0_a_4": 37.0 }, "geometry": { "type": "Polygon", "coordinates": [ [ [ -56.874944299999981, -29.664814699999969 ], [ -56.870732499999974, -29.666434699999968 ], [ -56.870940699999949, -29.66896 ], [ -56.869587099999933, -29.671652499999929 ], [ -56.865234299999941, -29.674518 ], [ -56.86186239999995, -29.673132 ], [ -56.858403599999974, -29.67313439999997 ], [ -56.855845399999971, -29.675599599999938 ], [ -56.855717099999936, -29.677123699999981 ], [ -56.857009499999947, -29.678391199999968 ], [ -56.855901699999947, -29.67958949999996 ], [ -56.852609799999982, -29.678160799999944 ], [ -56.848148599999945, -29.678589099999947 ], [ -56.843426799999975, -29.680685 ], [ -56.841178899999932, -29.681166099999917 ], [ -56.838891099999955, -29.680641799999925 ], [ -56.836937499999976, -29.679434099999973 ], [ -56.833803, -29.678386799999942 ], [ -56.830194899999981, -29.678349099999931 ], [ -56.826925899999935, -29.679983399999962 ], [ -56.823943699999973, -29.67884249999997 ], [ -56.821314899999948, -29.676457299999978 ], [ -56.819416899999965, -29.676101699999947 ], [ -56.816965599999946, -29.676216499999956 ], [ -56.81399609999994, -29.676391299999977 ], [ -56.810821899999951, -29.676261799999956 ], [ -56.806656899999957, -29.677022699999945 ], [ -56.802844099999959, -29.68087439999994 ], [ -56.800878, -29.682331199999961 ], [ -56.791682199999968, -29.685062099999975 ], [ -56.780209099999986, -29.689683699999932 ], [ -56.77596, -29.693746199999957 ], [ -56.774265499999956, -29.694482399999963 ], [ -56.763783699999976, -29.699045399999935 ], [ -56.756568699999946, -29.70156669999994 ], [ -56.750750099999948, -29.704216399999954 ], [ -56.74602989999994, -29.705125 ], [ -56.744691599999953, -29.706105599999951 ], [ -56.742330599999946, -29.707835599999953 ], [ -56.733042099999977, -29.707249099999963 ], [ -56.725124899999969, -29.703956099999971 ], [ -56.722758799999959, -29.704297699999977 ], [ -56.720474399999944, -29.707057599999931 ], [ -56.716324799999938, -29.710917799999955 ], [ -56.713489, -29.713019899999942 ], [ -56.710281099999975, -29.713358699999958 ], [ -56.707241599999975, -29.712732 ], [ -56.705931899999939, -29.713386299999968 ], [ -56.70228979999996, -29.717662199999953 ], [ -56.698401399999973, -29.718689899999951 ], [ -56.692196, -29.718089499999966 ], [ -56.682232, -29.7179958 ], [ -56.677869499999986, -29.71858449999996 ], [ -56.676423599999964, -29.719192199999952 ], [ -56.677281299999947, -29.720648499999978 ], [ -56.67935609999995, -29.724458299999984 ], [ -56.682176799999979, -29.728822799999925 ], [ -56.687129699999957, -29.737679199999949 ], [ -56.690187899999955, -29.742082899999957 ], [ -56.695451699999978, -29.748244899999978 ], [ -56.699270099999978, -29.752045899999931 ], [ -56.701153499999975, -29.753593399999936 ], [ -56.703684699999947, -29.756006799999959 ], [ -56.706337599999983, -29.759129899999945 ], [ -56.708307499999933, -29.761119099999977 ], [ -56.710591699999952, -29.763789799999977 ], [ -56.712886199999957, -29.767224 ], [ -56.71609489999998, -29.770413 ], [ -56.718116799999969, -29.77277789999993 ], [ -56.720491299999935, -29.774675699999925 ], [ -56.724106, -29.776227799999955 ], [ -56.724417099999982, -29.777439499999957 ], [ -56.724753799999974, -29.781772 ], [ -56.725366799999961, -29.788798099999951 ], [ -56.729646399999979, -29.788470099999984 ], [ -56.745192199999963, -29.788018299999987 ], [ -56.748542, -29.787920899999953 ], [ -56.750753499999981, -29.788052899999972 ], [ -56.752598299999931, -29.788232899999961 ], [ -56.756284499999943, -29.788846099999951 ], [ -56.757943499999953, -29.78939349999996 ], [ -56.759492199999954, -29.788863199999984 ], [ -56.7608628, -29.789719599999955 ], [ -56.764435299999946, -29.79034159999998 ], [ -56.765653899999961, -29.790325699999983 ], [ -56.772881399999967, -29.791457 ], [ -56.783547399999975, -29.793069099999961 ], [ -56.787914899999976, -29.792477199999954 ], [ -56.791934399999946, -29.792462799999946 ], [ -56.800561699999946, -29.79132849999996 ], [ -56.814085399999961, -29.785861399999934 ], [ -56.82134259999998, -29.786129699999943 ], [ -56.824750499999936, -29.783302099999943 ], [ -56.830174499999941, -29.779466699999947 ], [ -56.839118299999946, -29.778639799999944 ], [ -56.843221, -29.777169799999978 ], [ -56.846186099999954, -29.775520499999978 ], [ -56.848127599999941, -29.774239099999946 ], [ -56.849973, -29.773361799999972 ], [ -56.851474199999984, -29.772389199999964 ], [ -56.852594699999941, -29.769332199999948 ], [ -56.85310689999995, -29.768017899999965 ], [ -56.853767599999969, -29.767983399999927 ], [ -56.858147799999983, -29.768119699999946 ], [ -56.860911099999953, -29.768510799999937 ], [ -56.863586899999973, -29.767086799999962 ], [ -56.867506699999979, -29.76859979999994 ], [ -56.876995299999976, -29.765952599999927 ], [ -56.880103799999972, -29.767646499999948 ], [ -56.883569599999987, -29.768257099999964 ], [ -56.884339799999964, -29.768713699999978 ], [ -56.885428199999978, -29.769268199999939 ], [ -56.889187199999981, -29.767223599999966 ], [ -56.891230299999961, -29.766721799999967 ], [ -56.893699499999968, -29.767631299999945 ], [ -56.896219099999946, -29.767759099999971 ], [ -56.901040699999953, -29.769282899999947 ], [ -56.904429799999946, -29.769765599999975 ], [ -56.906549699999978, -29.770227499999969 ], [ -56.911790799999949, -29.770661699999952 ], [ -56.920320899999986, -29.771840599999958 ], [ -56.924420299999952, -29.771800099999947 ], [ -56.927981899999963, -29.771672899999949 ], [ -56.939292799999976, -29.771884399999966 ], [ -56.942267399999935, -29.771929199999938 ], [ -56.943880399999955, -29.77226619999993 ], [ -56.949304, -29.773399299999941 ], [ -56.950660899999946, -29.773955799999946 ], [ -56.952882899999963, -29.775415399999925 ], [ -56.953439499999945, -29.776805 ], [ -56.954201799999964, -29.778027299999966 ], [ -56.954452299999957, -29.778389599999965 ], [ -56.962867599999981, -29.776869099999946 ], [ -56.965659099999982, -29.775955099999969 ], [ -56.967328799999962, -29.775737699999965 ], [ -56.969942299999964, -29.775543 ], [ -56.972191, -29.77491989999994 ], [ -56.973443799999984, -29.773977599999963 ], [ -56.976054499999975, -29.774524899999957 ], [ -56.977921399999957, -29.775141599999976 ], [ -56.996191899999985, -29.770978299999953 ], [ -57.002978299999938, -29.768690399999976 ], [ -57.003592399999953, -29.76848339999998 ], [ -57.005061, -29.768514499999977 ], [ -57.005978299999981, -29.767994499999933 ], [ -57.009805799999988, -29.767409799999935 ], [ -57.010962099999979, -29.767383699999979 ], [ -57.012424, -29.767307899999942 ], [ -57.009655099999975, -29.766885 ], [ -57.007835899999975, -29.76592469999996 ], [ -56.996057699999938, -29.754560599999934 ], [ -56.992152299999987, -29.751253899999941 ], [ -56.985194399999955, -29.74536269999993 ], [ -56.981682299999932, -29.742980699999983 ], [ -56.977746199999956, -29.740838 ], [ -56.958769399999937, -29.732976499999953 ], [ -56.945313099999964, -29.726156099999972 ], [ -56.935265699999945, -29.722045399999956 ], [ -56.930416399999956, -29.719542799999935 ], [ -56.928976199999966, -29.718262 ], [ -56.924098499999957, -29.710134199999981 ], [ -56.917608099999939, -29.698431899999949 ], [ -56.9110467, -29.687328399999952 ], [ -56.892756799999972, -29.654722799999952 ], [ -56.891339599999981, -29.654770899999964 ], [ -56.8890598, -29.655184699999943 ], [ -56.8873268, -29.657017499999938 ], [ -56.884795399999973, -29.658534 ], [ -56.884621499999987, -29.661092799999949 ], [ -56.882847499999968, -29.663232899999961 ], [ -56.879427499999963, -29.663056499999975 ], [ -56.874944299999981, -29.664814699999969 ] ] ] } },
{ "type": "Feature", "properties": { "CD_SETOR": "432240005000121", "NM_BAIRRO": null, "NM_DIST": "Uruguaiana", "populacao_total": 385, "pct_populacao_0_a_4_anos": 4.94, "sem_dado": false, "estimativa_criancas_0_a_4": 19.0 }, "geometry": { "type": "Polygon", "coordinates": [ [ [ -57.012424, -29.767307899999942 ], [ -57.010962099999979, -29.767383699999979 ], [ -57.009805799999988, -29.767409799999935 ], [ -57.005978299999981, -29.767994499999933 ], [ -57.005061, -29.768514499999977 ], [ -57.003592399999953, -29.76848339999998 ], [ -57.002978299999938, -29.768690399999976 ], [ -56.996191899999985, -29.770978299999953 ], [ -56.977921399999957, -29.775141599999976 ], [ -56.976054499999975, -29.774524899999957 ], [ -56.973443799999984, -29.773977599999963 ], [ -56.972191, -29.77491989999994 ], [ -56.969942299999964, -29.775543 ], [ -56.967328799999962, -29.775737699999965 ], [ -56.965659099999982, -29.775955099999969 ], [ -56.962867599999981, -29.776869099999946 ], [ -56.954452299999957, -29.778389599999965 ], [ -56.954201799999964, -29.778027299999966 ], [ -56.953439499999945, -29.776805 ], [ -56.952882899999963, -29.775415399999925 ], [ -56.950660899999946, -29.773955799999946 ], [ -56.949304, -29.773399299999941 ], [ -56.943880399999955, -29.77226619999993 ], [ -56.942267399999935, -29.771929199999938 ], [ -56.939292799999976, -29.771884399999966 ], [ -56.927981899999963, -29.771672899999949 ], [ -56.924420299999952, -29.771800099999947 ], [ -56.920320899999986, -29.771840599999958 ], [ -56.911790799999949, -29.770661699999952 ], [ -56.906549699999978, -29.770227499999969 ], [ -56.904429799999946, -29.769765599999975 ], [ -56.901040699999953, -29.769282899999947 ], [ -56.896219099999946, -29.767759099999971 ], [ -56.893699499999968, -29.767631299999945 ], [ -56.891230299999961, -29.766721799999967 ], [ -56.889187199999981, -29.767223599999966 ], [ -56.885428199999978, -29.769268199999939 ], [ -56.884339799999964, -29.768713699999978 ], [ -56.883569599999987, -29.768257099999964 ], [ -56.880103799999972, -29.767646499999948 ], [ -56.876995299999976, -29.765952599999927 ], [ -56.867506699999979, -29.76859979999994 ], [ -56.863586899999973, -29.767086799999962 ], [ -56.860911099999953, -29.768510799999937 ], [ -56.858147799999983, -29.768119699999946 ], [ -56.853767599999969, -29.767983399999927 ], [ -56.85310689999995, -29.768017899999965 ], [ -56.852594699999941, -29.769332199999948 ], [ -56.851474199999984, -29.772389199999964 ], [ -56.849973, -29.773361799999972 ], [ -56.848127599999941, -29.774239099999946 ], [ -56.846186099999954, -29.775520499999978 ], [ -56.843221, -29.777169799999978 ], [ -56.839118299999946, -29.778639799999944 ], [ -56.830174499999941, -29.779466699999947 ], [ -56.824750499999936, -29.783302099999943 ], [ -56.82134259999998, -29.786129699999943 ], [ -56.814085399999961, -29.785861399999934 ], [ -56.800561699999946, -29.79132849999996 ], [ -56.791934399999946, -29.792462799999946 ], [ -56.787914899999976, -29.792477199999954 ], [ -56.783547399999975, -29.793069099999961 ], [ -56.772881399999967, -29.791457 ], [ -56.765653899999961, -29.790325699999983 ], [ -56.764435299999946, -29.79034159999998 ], [ -56.7608628, -29.789719599999955 ], [ -56.759492199999954, -29.788863199999984 ], [ -56.757943499999953, -29.78939349999996 ], [ -56.756284499999943, -29.788846099999951 ], [ -56.752598299999931, -29.788232899999961 ], [ -56.750753499999981, -29.788052899999972 ], [ -56.748542, -29.787920899999953 ], [ -56.745192199999963, -29.788018299999987 ], [ -56.729646399999979, -29.788470099999984 ], [ -56.725366799999961, -29.788798099999951 ], [ -56.726148799999976, -29.790012799999946 ], [ -56.727897, -29.791789599999959 ], [ -56.727960899999971, -29.792651899999953 ], [ -56.726473299999952, -29.796111899999957 ], [ -56.727302799999968, -29.79756779999996 ], [ -56.729430699999966, -29.804098899999929 ], [ -56.729892399999983, -29.809581799999926 ], [ -56.730027, -29.81462039999996 ], [ -56.730067099999985, -29.818274899999953 ], [ -56.7311615, -29.829534899999928 ], [ -56.732087, -29.831015299999926 ], [ -56.732988099999943, -29.831049699999944 ], [ -56.737230299999965, -29.829093899999972 ], [ -56.74424049999994, -29.824969799999959 ], [ -56.74515009999994, -29.824719799999968 ], [ -56.745960199999956, -29.826026499999958 ], [ -56.746885599999985, -29.82875649999994 ], [ -56.748172499999953, -29.831394299999946 ], [ -56.749397399999971, -29.833675199999963 ], [ -56.750825499999962, -29.837161199999962 ], [ -56.753076299999975, -29.842044199999975 ], [ -56.755797299999983, -29.846000699999927 ], [ -56.757392299999935, -29.849504599999936 ], [ -56.758746699999961, -29.858134899999975 ], [ -56.759368199999983, -29.859392199999945 ], [ -56.765715599999965, -29.85682179999997 ], [ -56.775363099999936, -29.858191899999944 ], [ -56.781395699999962, -29.860966099999931 ], [ -56.787014699999986, -29.863755799999979 ], [ -56.792374099999961, -29.872903 ], [ -56.794462499999952, -29.875111899999979 ], [ -56.797305699999981, -29.876534899999971 ], [ -56.808581699999934, -29.875170399999952 ], [ -56.824212899999964, -29.873527099999922 ], [ -56.839359399999978, -29.872153899999944 ], [ -56.846352599999932, -29.87121 ], [ -56.870812799999953, -29.868337699999987 ], [ -56.896757899999955, -29.86179 ], [ -56.929367099999979, -29.84583339999994 ], [ -56.970633299999974, -29.831269199999952 ], [ -56.976800199999957, -29.828680799999969 ], [ -56.983797399999958, -29.824854 ], [ -56.994870399999968, -29.818035099999978 ], [ -57.001427199999966, -29.812592 ], [ -57.004462399999966, -29.808823299999975 ], [ -57.01212019999997, -29.795411699999928 ], [ -57.013434199999949, -29.793200899999935 ], [ -57.016864699999985, -29.789473899999969 ], [ -57.025349499999948, -29.781774599999952 ], [ -57.027116499999984, -29.780291499999969 ], [ -57.028203099999985, -29.779619299999979 ], [ -57.027836299999933, -29.7756864 ], [ -57.027775399999939, -29.774377899999934 ], [ -57.027775399999939, -29.773495399999938 ], [ -57.027813599999945, -29.772799099999933 ], [ -57.027996299999984, -29.771352299999926 ], [ -57.028038599999945, -29.770953399999943 ], [ -57.028490499999975, -29.770505699999941 ], [ -57.028993199999945, -29.77019879999995 ], [ -57.029468, -29.770041599999956 ], [ -57.030167199999937, -29.769816699999975 ], [ -57.030656399999941, -29.769498099999964 ], [ -57.031121699999971, -29.768926699999948 ], [ -57.031653299999959, -29.768356199999971 ], [ -57.031893099999934, -29.767909399999954 ], [ -57.032992399999955, -29.76697779999995 ], [ -57.033317399999987, -29.766794499999939 ], [ -57.033474399999932, -29.766706 ], [ -57.033574599999952, -29.766329499999976 ], [ -57.033812899999987, -29.76564709999996 ], [ -57.031724, -29.765887099999919 ], [ -57.03157269999997, -29.765904599999942 ], [ -57.021669899999949, -29.767117399999957 ], [ -57.019693099999984, -29.767167299999979 ], [ -57.012424, -29.767307899999942 ] ] ] } },
{ "type": "Feature", "properties": { "CD_SETOR": "432240005000122", "NM_BAIRRO": null, "NM_DIST": "Uruguaiana", "populacao_total": 216, "pct_populacao_0_a_4_anos": 6.94, "sem_dado": false, "estimativa_criancas_0_a_4": 15.0 }, "geometry": { "type": "Polygon", "coordinates": [ [ [ -56.797305699999981, -29.876534899999971 ], [ -56.791153799999961, -29.877269099999982 ], [ -56.779766399999971, -29.878180899999965 ], [ -56.769349899999952, -29.879714199999952 ], [ -56.759940099999938, -29.882707 ], [ -56.749398399999968, -29.885712 ], [ -56.73380979999996, -29.890318599999944 ], [ -56.704341599999964, -29.899241599999975 ], [ -56.671543199999974, -29.911282699999969 ], [ -56.665023499999968, -29.913905599999975 ], [ -56.669373199999939, -29.915208499999949 ], [ -56.672029799999962, -29.915896799999921 ], [ -56.673963799999967, -29.916172299999982 ], [ -56.678454199999976, -29.913702799999943 ], [ -56.680279399999961, -29.913395199999965 ], [ -56.686766699999964, -29.914248799999939 ], [ -56.690039199999944, -29.913262499999977 ], [ -56.69334379999998, -29.912620699999934 ], [ -56.696685899999977, -29.912566899999941 ], [ -56.699188399999969, -29.913067499999944 ], [ -56.701427499999966, -29.914283099999984 ], [ -56.702639599999941, -29.915402399999948 ], [ -56.704082699999958, -29.915408 ], [ -56.707190099999934, -29.917894899999965 ], [ -56.711129399999948, -29.920757799999926 ], [ -56.716172399999948, -29.924088199999961 ], [ -56.721136, -29.92810169999996 ], [ -56.723490199999958, -29.929223399999948 ], [ -56.726982699999951, -29.929229699999961 ], [ -56.730555099999947, -29.928183 ], [ -56.732951399999934, -29.927164199999929 ], [ -56.735457, -29.927603599999937 ], [ -56.737805199999968, -29.929407699999953 ], [ -56.742011099999957, -29.933480299999925 ], [ -56.744052799999963, -29.937393099999944 ], [ -56.745344, -29.937892699999967 ], [ -56.746901699999974, -29.93817589999998 ], [ -56.748264399999982, -29.939542199999941 ], [ -56.75084529999998, -29.940291699999928 ], [ -56.755327199999954, -29.94073549999996 ], [ -56.760747299999942, -29.945058 ], [ -56.765452699999969, -29.94761 ], [ -56.768148799999949, -29.947832899999977 ], [ -56.770882599999936, -29.948518399999951 ], [ -56.772628499999939, -29.949825099999948 ], [ -56.773460199999931, -29.951563899999933 ], [ -56.775924199999963, -29.953832699999971 ], [ -56.779189499999973, -29.954583399999933 ], [ -56.782073599999933, -29.956077799999942 ], [ -56.78510179999995, -29.958926499999961 ], [ -56.786203499999942, -29.960582299999942 ], [ -56.789012799999966, -29.961951 ], [ -56.796266599999967, -29.963670799999928 ], [ -56.798197099999982, -29.966992599999969 ], [ -56.799563699999965, -29.967864299999977 ], [ -56.800699399999985, -29.970037299999941 ], [ -56.801911799999971, -29.971651399999924 ], [ -56.80437859999995, -29.973612199999938 ], [ -56.805591299999946, -29.974792599999947 ], [ -56.804368499999953, -29.97826439999994 ], [ -56.803600899999935, -29.98266859999995 ], [ -56.803862099999947, -29.984807899999954 ], [ -56.805681799999945, -29.987295299999971 ], [ -56.80545079999996, -29.989217799999945 ], [ -56.806130499999938, -29.990273499999955 ], [ -56.807382599999983, -29.991299 ], [ -56.809356699999967, -29.992232399999974 ], [ -56.811551899999984, -29.997509199999961 ], [ -56.81405529999995, -29.999996299999964 ], [ -56.819925199999943, -30.003914299999959 ], [ -56.821742699999959, -30.00615 ], [ -56.822538799999961, -30.007973 ], [ -56.821241599999951, -30.010640499999958 ], [ -56.81979339999998, -30.012190599999936 ], [ -56.819944499999963, -30.013058299999965 ], [ -56.822718299999963, -30.013650699999975 ], [ -56.825453599999946, -30.014711799999926 ], [ -56.827173899999934, -30.015071 ], [ -56.828935899999976, -30.013088599999936 ], [ -56.84033409999995, -30.002170199999959 ], [ -56.850844099999968, -29.99283429999997 ], [ -56.860686599999951, -29.983163899999962 ], [ -56.876003299999979, -29.966323399999961 ], [ -56.881176799999935, -29.959599299999986 ], [ -56.896036099999947, -29.955173599999966 ], [ -56.907011699999941, -29.946006699999948 ], [ -56.917742299999986, -29.941821 ], [ -56.918203799999958, -29.940664 ], [ -56.921399699999938, -29.935932499999982 ], [ -56.921340799999939, -29.930945 ], [ -56.930943199999945, -29.923986799999966 ], [ -56.960988599999951, -29.912143899999926 ], [ -56.958690099999956, -29.90738569999996 ], [ -56.958626699999975, -29.906398099999933 ], [ -56.962027599999942, -29.897282499999946 ], [ -56.964938199999949, -29.887502599999955 ], [ -56.964918, -29.886192299999955 ], [ -56.965342799999974, -29.885114399999956 ], [ -56.965852799999936, -29.884398 ], [ -56.966490599999986, -29.880270099999965 ], [ -56.966385, -29.878242299999943 ], [ -56.9672781, -29.874867799999947 ], [ -56.967916099999968, -29.871099599999976 ], [ -56.971165699999972, -29.862035799999937 ], [ -56.973946, -29.85692129999995 ], [ -56.976260199999956, -29.8531 ], [ -56.979335, -29.847216499999949 ], [ -56.978379799999971, -29.84425769999995 ], [ -56.97882119999997, -29.843608699999947 ], [ -56.986181599999952, -29.840316 ], [ -56.984029899999939, -29.837557799999949 ], [ -56.983562699999943, -29.836048399999978 ], [ -56.985981, -29.829717799999965 ], [ -56.98671839999998, -29.827186799999946 ], [ -56.985454399999981, -29.826293 ], [ -56.983797399999958, -29.824854 ], [ -56.976800199999957, -29.828680799999969 ], [ -56.970633299999974, -29.831269199999952 ], [ -56.929367099999979, -29.84583339999994 ], [ -56.896757899999955, -29.86179 ], [ -56.870812799999953, -29.868337699999987 ], [ -56.846352599999932, -29.87121 ], [ -56.839359399999978, -29.872153899999944 ], [ -56.824212899999964, -29.873527099999922 ], [ -56.808581699999934, -29.875170399999952 ], [ -56.797305699999981, -29.876534899999971 ] ] ] } },
{ "type": "Feature", "properties": { "CD_SETOR": "432240005000123", "NM_BAIRRO": null, "NM_DIST": "Uruguaiana", "populacao_total": 355, "pct_populacao_0_a_4_anos": 6.76, "sem_dado": false, "estimativa_criancas_0_a_4": 24.0 }, "geometry": { "type": "Polygon", "coordinates": [ [ [ -56.827173899999934, -30.015071 ], [ -56.834421, -30.017203899999974 ], [ -56.836437599999954, -30.017051399999957 ], [ -56.837959, -30.016369499999943 ], [ -56.839630099999965, -30.017302599999933 ], [ -56.841146299999934, -30.020470399999958 ], [ -56.843121599999961, -30.021775599999959 ], [ -56.844451899999967, -30.022242699999929 ], [ -56.845973, -30.021440799999937 ], [ -56.848177499999963, -30.021874599999933 ], [ -56.849696499999936, -30.023425699999962 ], [ -56.85091, -30.024918499999959 ], [ -56.851351499999964, -30.026502899999961 ], [ -56.852615699999944, -30.028531 ], [ -56.854641899999933, -30.029898899999981 ], [ -56.856871, -30.03089359999997 ], [ -56.858468199999948, -30.031076199999966 ], [ -56.860951, -30.031947299999953 ], [ -56.863990599999966, -30.03190729999994 ], [ -56.866020499999934, -30.032821499999951 ], [ -56.867310099999941, -30.034747 ], [ -56.866087899999975, -30.03962649999993 ], [ -56.867200699999955, -30.041242199999935 ], [ -56.869303399999978, -30.042010499999954 ], [ -56.871433299999978, -30.04379229999995 ], [ -56.870416, -30.045486799999935 ], [ -56.869498299999975, -30.047759699999972 ], [ -56.870789399999978, -30.049189399999928 ], [ -56.872513099999935, -30.050474299999955 ], [ -56.873933199999954, -30.052668199999985 ], [ -56.87489039999997, -30.055170699999952 ], [ -56.876567399999949, -30.060501699999975 ], [ -56.878267899999969, -30.062730899999963 ], [ -56.879855799999973, -30.064364899999923 ], [ -56.88161359999998, -30.068637499999969 ], [ -56.880761399999983, -30.070914499999951 ], [ -56.878652399999964, -30.075003 ], [ -56.880731399999945, -30.079146899999948 ], [ -56.882853399999931, -30.080153399999965 ], [ -56.88499829999995, -30.080090099999946 ], [ -56.887425199999939, -30.080553399999932 ], [ -56.888678599999935, -30.081447299999976 ], [ -56.888900899999953, -30.083310299999933 ], [ -56.884809699999948, -30.085386099999933 ], [ -56.883957199999941, -30.086936499999979 ], [ -56.884005299999956, -30.087481599999929 ], [ -56.88482369999997, -30.087123299999966 ], [ -56.886046, -30.087428499999934 ], [ -56.887769399999975, -30.088294 ], [ -56.888888799999961, -30.089108499999945 ], [ -56.889154299999973, -30.089758199999952 ], [ -56.889136299999961, -30.090436699999938 ], [ -56.889111299999968, -30.091376299999983 ], [ -56.889471399999934, -30.093696399999935 ], [ -56.890387299999986, -30.097045199999965 ], [ -56.890562399999965, -30.097413 ], [ -56.891934699999979, -30.100295299999964 ], [ -56.895184099999938, -30.104523599999943 ], [ -56.898480799999959, -30.107991 ], [ -56.900883199999953, -30.110181 ], [ -56.902629499999932, -30.11234079999997 ], [ -56.904159599999957, -30.113356099999969 ], [ -56.905382199999963, -30.11347 ], [ -56.905865099999971, -30.113247199999932 ], [ -56.906295, -30.113048899999971 ], [ -56.906721599999969, -30.112373399999971 ], [ -56.90651459999998, -30.111456199999957 ], [ -56.906027, -30.110952899999965 ], [ -56.904861299999936, -30.109265899999961 ], [ -56.904743699999983, -30.109095699999948 ], [ -56.905407099999941, -30.107654 ], [ -56.90714939999998, -30.107265599999952 ], [ -56.90881109999998, -30.10762919999997 ], [ -56.910033399999982, -30.108245599999972 ], [ -56.911026799999945, -30.109486199999932 ], [ -56.912267899999961, -30.110512899999943 ], [ -56.913947399999984, -30.110970399999932 ], [ -56.914513, -30.110672199999946 ], [ -56.915375399999967, -30.110217599999931 ], [ -56.915580199999965, -30.10884139999996 ], [ -56.915114, -30.107520399999935 ], [ -56.913691399999955, -30.106151299999954 ], [ -56.912948099999937, -30.105363199999928 ], [ -56.91199249999994, -30.104349899999935 ], [ -56.911431399999969, -30.102783199999962 ], [ -56.911327099999937, -30.101509099999934 ], [ -56.911429899999973, -30.101126799999982 ], [ -56.911819699999967, -30.100917899999953 ], [ -56.913534799999979, -30.099991099999954 ], [ -56.914859299999932, -30.099085599999974 ], [ -56.915506, -30.097721799999931 ], [ -56.916167899999948, -30.096893199999947 ], [ -56.916903899999966, -30.096523199999986 ], [ -56.917773699999941, -30.096201699999931 ], [ -56.921118499999977, -30.095852699999966 ], [ -56.926069499999983, -30.09530779999994 ], [ -56.930663699999968, -30.094027499999974 ], [ -56.932416, -30.093936899999957 ], [ -56.936009699999943, -30.094456199999961 ], [ -56.937965599999984, -30.095346 ], [ -56.940445699999941, -30.096976399999953 ], [ -56.944317399999932, -30.098505799999941 ], [ -56.948443199999986, -30.099177099999959 ], [ -56.950903199999971, -30.099658899999945 ], [ -56.95199359999998, -30.100091 ], [ -56.953643899999975, -30.100790099999983 ], [ -56.955580899999973, -30.101144899999941 ], [ -56.95968819999996, -30.100057599999943 ], [ -56.963447899999949, -30.098992199999937 ], [ -56.967759, -30.097664 ], [ -56.971543399999973, -30.09716439999994 ], [ -56.974823499999957, -30.097517799999935 ], [ -56.976098399999955, -30.098027699999935 ], [ -56.977423099999953, -30.097554599999977 ], [ -56.977950799999974, -30.09603779999998 ], [ -56.978302499999984, -30.094941699999936 ], [ -56.979507799999965, -30.093513199999965 ], [ -56.980433399999988, -30.092225299999942 ], [ -56.981182199999978, -30.09087379999994 ], [ -56.98161209999995, -30.089709799999984 ], [ -56.982835199999961, -30.08843 ], [ -56.984497599999941, -30.087434199999969 ], [ -56.985763599999984, -30.087216 ], [ -56.987442099999953, -30.087112 ], [ -56.990768599999967, -30.086356 ], [ -56.99344259999998, -30.085711799999949 ], [ -56.997817, -30.086343099999958 ], [ -57.001713199999983, -30.087324899999945 ], [ -57.005790899999965, -30.087755199999947 ], [ -57.008931099999984, -30.08772179999994 ], [ -57.011625399999957, -30.08753959999995 ], [ -57.013878299999931, -30.087523599999951 ], [ -57.018294799999978, -30.087777799999969 ], [ -57.020761599999958, -30.087314399999968 ], [ -57.02389809999994, -30.087542199999977 ], [ -57.025750499999958, -30.089609499999931 ], [ -57.028940599999949, -30.092848 ], [ -57.030077799999958, -30.095306799999939 ], [ -57.030288199999973, -30.097281299999967 ], [ -57.029953, -30.098976399999966 ], [ -57.030280399999981, -30.100555799999924 ], [ -57.031216899999947, -30.101969899999965 ], [ -57.031332099999986, -30.102143799999968 ], [ -57.031409399999973, -30.102177299999937 ], [ -57.032597599999981, -30.102692499999925 ], [ -57.033469699999955, -30.10307059999996 ], [ -57.035103799999945, -30.103381 ], [ -57.035797599999967, -30.103512799999976 ], [ -57.036829599999976, -30.103855099999972 ], [ -57.040282099999956, -30.105000299999972 ], [ -57.042047699999955, -30.105288599999941 ], [ -57.044523199999965, -30.105692899999955 ], [ -57.044805, -30.105738899999945 ], [ -57.046512699999944, -30.105417499999923 ], [ -57.047909899999986, -30.104574199999949 ], [ -57.048874099999978, -30.103679799999956 ], [ -57.049417299999959, -30.102659599999985 ], [ -57.049885899999936, -30.101779599999933 ], [ -57.050870699999969, -30.10096249999998 ], [ -57.053429299999948, -30.100642 ], [ -57.055293499999948, -30.099813199999968 ], [ -57.057872, -30.098646499999969 ], [ -57.06088479999994, -30.099349199999953 ], [ -57.064040399999953, -30.100961499999983 ], [ -57.066383499999972, -30.101581499999948 ], [ -57.067781299999979, -30.101224399999968 ], [ -57.067840499999932, -30.101209299999937 ], [ -57.068824599999971, -30.100137199999949 ], [ -57.06930159999996, -30.099234499999962 ], [ -57.068766399999959, -30.097247899999953 ], [ -57.067764899999986, -30.094165499999967 ], [ -57.067139, -30.091185199999984 ], [ -57.0656044, -30.089981399999939 ], [ -57.063779399999987, -30.090325099999976 ], [ -57.062586, -30.090059699999969 ], [ -57.061539299999936, -30.089577499999962 ], [ -57.061458499999958, -30.089100599999938 ], [ -57.06136, -30.088520299999974 ], [ -57.061619099999973, -30.087582499999943 ], [ -57.063857899999959, -30.086122 ], [ -57.066468199999974, -30.085282799999966 ], [ -57.069080799999938, -30.085575 ], [ -57.07139489999998, -30.086998599999955 ], [ -57.072470299999964, -30.088614899999982 ], [ -57.072739699999943, -30.08895479999995 ], [ -57.07356539999995, -30.089996299999939 ], [ -57.075267299999958, -30.090636899999929 ], [ -57.075771299999985, -30.09082659999995 ], [ -57.078281499999946, -30.091516199999951 ], [ -57.080672099999958, -30.093422599999936 ], [ -57.082865599999934, -30.095312599999939 ], [ -57.083149, -30.096675299999962 ], [ -57.084083799999974, -30.098316399999941 ], [ -57.085730199999944, -30.099633799999935 ], [ -57.087234499999965, -30.101043399999973 ], [ -57.087357699999984, -30.103043499999959 ], [ -57.087168299999981, -30.105025799999957 ], [ -57.087673399999971, -30.106630099999965 ], [ -57.089031799999987, -30.107926899999931 ], [ -57.091202899999985, -30.108996699999974 ], [ -57.092238099999975, -30.110549 ], [ -57.092126899999982, -30.112714199999967 ], [ -57.09119979999997, -30.11323949999997 ], [ -57.09040129999994, -30.113309099999974 ], [ -57.089403299999958, -30.113396099999932 ], [ -57.087928499999975, -30.112685599999963 ], [ -57.087601599999971, -30.111628699999976 ], [ -57.087215799999967, -30.110559299999963 ], [ -57.085874799999942, -30.110319899999968 ], [ -57.085175399999969, -30.110968599999971 ], [ -57.084574699999969, -30.112154699999962 ], [ -57.084734299999987, -30.114242099999956 ], [ -57.084757799999984, -30.114549599999982 ], [ -57.085630099999946, -30.116004199999967 ], [ -57.086653099999978, -30.117639399999977 ], [ -57.086954899999974, -30.118121799999987 ], [ -57.087221099999965, -30.118410899999951 ], [ -57.087915099999975, -30.1191646 ], [ -57.089347299999986, -30.120397599999933 ], [ -57.091186199999981, -30.121515799999951 ], [ -57.092365299999983, -30.121755499999946 ], [ -57.093490299999985, -30.121705099999936 ], [ -57.093558299999984, -30.121702 ], [ -57.09454489999996, -30.121559799999947 ], [ -57.095486799999946, -30.121264799999945 ], [ -57.09555759999995, -30.120245399999927 ], [ -57.095097199999948, -30.118870299999969 ], [ -57.095050599999979, -30.118016799999964 ], [ -57.095052899999985, -30.117867399999959 ], [ -57.095082, -30.116012499999954 ], [ -57.095344399999931, -30.115043599999975 ], [ -57.096418299999982, -30.11457 ], [ -57.098745099999974, -30.114425 ], [ -57.100189299999954, -30.114676699999961 ], [ -57.101491899999985, -30.115166199999976 ], [ -57.104320299999983, -30.115262099999942 ], [ -57.106279299999983, -30.115270599999985 ], [ -57.107165699999939, -30.116198799999946 ], [ -57.108168699999965, -30.116668 ], [ -57.108772, -30.116450099999959 ], [ -57.109850699999981, -30.115666099999938 ], [ -57.111616199999958, -30.11494869999995 ], [ -57.113559199999941, -30.114524 ], [ -57.115118, -30.113679599999958 ], [ -57.115215, -30.113697799999962 ], [ -57.115634599999964, -30.112529299999942 ], [ -57.121395799999959, -30.109243099999961 ], [ -57.13402, -30.088298699999939 ], [ -57.138410499999964, -30.073453299999976 ], [ -57.136286199999972, -30.067393199999966 ], [ -57.136169799999948, -30.06449259999993 ], [ -57.151785799999978, -30.056766699999972 ], [ -57.121286499999947, -30.022238199999954 ], [ -57.120540799999958, -30.021094199999929 ], [ -57.119418399999972, -30.01972569999997 ], [ -57.119966799999986, -30.016846299999944 ], [ -57.122059799999931, -29.991779499999947 ], [ -57.121451699999966, -29.964868199999959 ], [ -57.122234499999934, -29.961299899999972 ], [ -57.123213799999974, -29.955558099999966 ], [ -57.122356099999934, -29.953470299999935 ], [ -57.120509199999958, -29.94803909999996 ], [ -57.119790299999977, -29.94649569999995 ], [ -57.118661299999985, -29.945736 ], [ -57.116875099999959, -29.944718399999932 ], [ -57.116011399999934, -29.944746499999965 ], [ -57.113489799999975, -29.944615499999937 ], [ -57.101189099999942, -29.946859199999949 ], [ -57.093387699999944, -29.945100599999932 ], [ -57.078091899999947, -29.943846599999972 ], [ -57.073266099999955, -29.944297399999975 ], [ -57.067759299999977, -29.94577169999997 ], [ -57.052972799999964, -29.951545099999976 ], [ -57.045167, -29.958130899999954 ], [ -57.010644599999978, -29.954238 ], [ -57.000200399999983, -29.949457099999972 ], [ -56.990585399999986, -29.943904199999956 ], [ -56.980876699999953, -29.940624399999933 ], [ -56.976705099999947, -29.938014599999974 ], [ -56.976038599999981, -29.937896699999957 ], [ -56.976304, -29.931815299999979 ], [ -56.974395899999934, -29.928661399999939 ], [ -56.970783299999937, -29.923775099999954 ], [ -56.966028699999981, -29.922121899999972 ], [ -56.965072099999986, -29.921353799999959 ], [ -56.960988599999951, -29.912143899999926 ], [ -56.930943199999945, -29.923986799999966 ], [ -56.921340799999939, -29.930945 ], [ -56.921399699999938, -29.935932499999982 ], [ -56.918203799999958, -29.940664 ], [ -56.917742299999986, -29.941821 ], [ -56.907011699999941, -29.946006699999948 ], [ -56.896036099999947, -29.955173599999966 ], [ -56.881176799999935, -29.959599299999986 ], [ -56.876003299999979, -29.966323399999961 ], [ -56.860686599999951, -29.983163899999962 ], [ -56.850844099999968, -29.99283429999997 ], [ -56.84033409999995, -30.002170199999959 ], [ -56.828935899999976, -30.013088599999936 ], [ -56.827173899999934, -30.015071 ] ] ] } },
{ "type": "Feature", "properties": { "CD_SETOR": "432240005000124", "NM_BAIRRO": null, "NM_DIST": "Uruguaiana", "populacao_total": 590, "pct_populacao_0_a_4_anos": 6.1, "sem_dado": false, "estimativa_criancas_0_a_4": 36.0 }, "geometry": { "type": "Polygon", "coordinates": [ [ [ -56.983797399999958, -29.824854 ], [ -56.985454399999981, -29.826293 ], [ -56.98671839999998, -29.827186799999946 ], [ -56.985981, -29.829717799999965 ], [ -56.983562699999943, -29.836048399999978 ], [ -56.984029899999939, -29.837557799999949 ], [ -56.986181599999952, -29.840316 ], [ -56.97882119999997, -29.843608699999947 ], [ -56.978379799999971, -29.84425769999995 ], [ -56.979335, -29.847216499999949 ], [ -56.976260199999956, -29.8531 ], [ -56.973946, -29.85692129999995 ], [ -56.971165699999972, -29.862035799999937 ], [ -56.967916099999968, -29.871099599999976 ], [ -56.9672781, -29.874867799999947 ], [ -56.966385, -29.878242299999943 ], [ -56.966490599999986, -29.880270099999965 ], [ -56.965852799999936, -29.884398 ], [ -56.965342799999974, -29.885114399999956 ], [ -56.964918, -29.886192299999955 ], [ -56.964938199999949, -29.887502599999955 ], [ -56.962027599999942, -29.897282499999946 ], [ -56.958626699999975, -29.906398099999933 ], [ -56.958690099999956, -29.90738569999996 ], [ -56.960988599999951, -29.912143899999926 ], [ -56.965072099999986, -29.921353799999959 ], [ -56.966028699999981, -29.922121899999972 ], [ -56.970783299999937, -29.923775099999954 ], [ -56.974395899999934, -29.928661399999939 ], [ -56.976304, -29.931815299999979 ], [ -56.976038599999981, -29.937896699999957 ], [ -56.976705099999947, -29.938014599999974 ], [ -56.980876699999953, -29.940624399999933 ], [ -56.990585399999986, -29.943904199999956 ], [ -57.000200399999983, -29.949457099999972 ], [ -57.010644599999978, -29.954238 ], [ -57.045167, -29.958130899999954 ], [ -57.052972799999964, -29.951545099999976 ], [ -57.067759299999977, -29.94577169999997 ], [ -57.073266099999955, -29.944297399999975 ], [ -57.078091899999947, -29.943846599999972 ], [ -57.093387699999944, -29.945100599999932 ], [ -57.101189099999942, -29.946859199999949 ], [ -57.113489799999975, -29.944615499999937 ], [ -57.116011399999934, -29.944746499999965 ], [ -57.116875099999959, -29.944718399999932 ], [ -57.118661299999985, -29.945736 ], [ -57.119790299999977, -29.94649569999995 ], [ -57.120509199999958, -29.94803909999996 ], [ -57.122356099999934, -29.953470299999935 ], [ -57.123213799999974, -29.955558099999966 ], [ -57.122234499999934, -29.961299899999972 ], [ -57.121451699999966, -29.964868199999959 ], [ -57.122059799999931, -29.991779499999947 ], [ -57.119966799999986, -30.016846299999944 ], [ -57.119418399999972, -30.01972569999997 ], [ -57.120540799999958, -30.021094199999929 ], [ -57.121286499999947, -30.022238199999954 ], [ -57.151785799999978, -30.056766699999972 ], [ -57.152176099999963, -30.057125499999977 ], [ -57.152776299999971, -30.05674809999994 ], [ -57.153406299999972, -30.057507299999934 ], [ -57.155326599999967, -30.059635799999963 ], [ -57.160501199999942, -30.060423599999986 ], [ -57.162425399999961, -30.059844599999963 ], [ -57.163873799999976, -30.058851699999934 ], [ -57.166206799999941, -30.056604799999945 ], [ -57.166869, -30.05546349999997 ], [ -57.167653399999949, -30.054300099999978 ], [ -57.168306799999982, -30.052962599999944 ], [ -57.168978599999946, -30.051746399999956 ], [ -57.169595399999935, -30.050382799999962 ], [ -57.169768899999951, -30.049427899999948 ], [ -57.170028699999932, -30.047711399999962 ], [ -57.170053099999969, -30.046322699999958 ], [ -57.172200499999974, -30.045768499999941 ], [ -57.173344199999974, -30.04545 ], [ -57.174882299999979, -30.045061 ], [ -57.178441, -30.04418719999995 ], [ -57.18390809999994, -30.042911299999961 ], [ -57.184775, -30.042691599999948 ], [ -57.185599199999956, -30.042118899999942 ], [ -57.194899699999951, -30.035747099999977 ], [ -57.195306899999935, -30.035486 ], [ -57.213128099999956, -30.023354899999944 ], [ -57.215075399999932, -30.022032399999944 ], [ -57.218457899999976, -30.024931499999987 ], [ -57.219417099999987, -30.025739799999943 ], [ -57.222551599999974, -30.023787799999972 ], [ -57.224521399999958, -30.02256669999997 ], [ -57.226994499999932, -30.021058299999936 ], [ -57.227889, -30.020504599999978 ], [ -57.22872209999997, -30.019979099999937 ], [ -57.229606499999932, -30.01949 ], [ -57.230666199999973, -30.019017499999961 ], [ -57.231198599999978, -30.018819399999987 ], [ -57.228504799999939, -30.015446899999972 ], [ -57.227487099999962, -30.014255 ], [ -57.206140599999969, -29.987358099999938 ], [ -57.198775199999943, -29.975615399999985 ], [ -57.179596499999953, -29.944795899999967 ], [ -57.150677899999948, -29.909707599999926 ], [ -57.148407299999974, -29.908548499999938 ], [ -57.145846499999955, -29.906365299999948 ], [ -57.116572799999972, -29.886164499999946 ], [ -57.109066399999961, -29.863522699999972 ], [ -57.108899399999984, -29.86330549999996 ], [ -57.109610799999984, -29.852393399999976 ], [ -57.109530199999938, -29.849107799999956 ], [ -57.108839699999976, -29.842461499999949 ], [ -57.108446499999957, -29.840498799999974 ], [ -57.106229799999937, -29.836271 ], [ -57.09935349999995, -29.820474399999959 ], [ -57.095520699999952, -29.810846 ], [ -57.094171, -29.807446399999947 ], [ -57.093885899999975, -29.806284099999964 ], [ -57.093192099999953, -29.803455699999969 ], [ -57.092150599999968, -29.799395599999972 ], [ -57.091844399999957, -29.797669399999965 ], [ -57.090556899999967, -29.797421699999969 ], [ -57.089482399999952, -29.796920599999957 ], [ -57.088999699999931, -29.796412799999921 ], [ -57.08892289999995, -29.79614759999998 ], [ -57.087766899999963, -29.795829799999964 ], [ -57.086978299999942, -29.795768 ], [ -57.0859885, -29.79617479999996 ], [ -57.084721299999956, -29.796649399999971 ], [ -57.084020199999941, -29.797173299999933 ], [ -57.08330559999996, -29.797697199999959 ], [ -57.082548799999984, -29.798462 ], [ -57.082256299999983, -29.798827699999951 ], [ -57.081780599999945, -29.799180899999953 ], [ -57.081291299999975, -29.799384199999963 ], [ -57.080643799999962, -29.799747399999944 ], [ -57.080114299999934, -29.800111399999938 ], [ -57.079349799999932, -29.800278899999963 ], [ -57.078244599999948, -29.800294899999983 ], [ -57.077025299999946, -29.799850599999957 ], [ -57.07646219999998, -29.799525199999941 ], [ -57.075664799999977, -29.798784699999946 ], [ -57.075143, -29.798322 ], [ -57.074120299999947, -29.79781 ], [ -57.073998299999978, -29.797773599999971 ], [ -57.070949799999937, -29.797857699999952 ], [ -57.069626899999946, -29.798618299999927 ], [ -57.068611, -29.798956399999959 ], [ -57.067848399999946, -29.798974799999943 ], [ -57.066835399999945, -29.799002399999956 ], [ -57.066373, -29.799171399999981 ], [ -57.065777199999957, -29.799569699999946 ], [ -57.065171899999939, -29.799600699999921 ], [ -57.065007199999968, -29.799647399999966 ], [ -57.063694199999986, -29.80001969999995 ], [ -57.060465099999938, -29.800267799999975 ], [ -57.058083399999987, -29.798535099999977 ], [ -57.057067699999948, -29.797938399999964 ], [ -57.056374199999937, -29.797485699999982 ], [ -57.056244299999946, -29.797407599999936 ], [ -57.055562699999946, -29.796997799999925 ], [ -57.055287399999941, -29.796880499999922 ], [ -57.054659099999981, -29.796532399999933 ], [ -57.053735399999937, -29.796348099999932 ], [ -57.052309499999978, -29.795108399999947 ], [ -57.051387299999931, -29.794583499999927 ], [ -57.051056099999983, -29.794328199999939 ], [ -57.05019939999994, -29.794012699999932 ], [ -57.049524599999984, -29.793800099999938 ], [ -57.048772099999951, -29.793571899999964 ], [ -57.047581099999945, -29.793386399999964 ], [ -57.046629099999961, -29.793294699999937 ], [ -57.046095699999967, -29.793277099999958 ], [ -57.044674499999985, -29.793145499999973 ], [ -57.043457699999976, -29.793203699999939 ], [ -57.041448399999979, -29.793388399999969 ], [ -57.04018, -29.793757899999942 ], [ -57.039299399999948, -29.793764499999952 ], [ -57.038535799999977, -29.793747599999953 ], [ -57.037854099999947, -29.794034799999967 ], [ -57.037748599999986, -29.794126899999984 ], [ -57.037325399999986, -29.794311099999963 ], [ -57.037046099999941, -29.794506099999975 ], [ -57.03676489999998, -29.795078399999966 ], [ -57.036607799999956, -29.795469199999953 ], [ -57.030655799999977, -29.784570499999965 ], [ -57.030278199999941, -29.78445319999998 ], [ -57.029833199999985, -29.7841519 ], [ -57.029323, -29.783803699999972 ], [ -57.028721799999971, -29.783420199999966 ], [ -57.028048899999987, -29.782048599999936 ], [ -57.027925599999946, -29.781105499999963 ], [ -57.028132199999959, -29.780084799999937 ], [ -57.028203099999985, -29.779619299999979 ], [ -57.027116499999984, -29.780291499999969 ], [ -57.025349499999948, -29.781774599999952 ], [ -57.016864699999985, -29.789473899999969 ], [ -57.013434199999949, -29.793200899999935 ], [ -57.01212019999997, -29.795411699999928 ], [ -57.004462399999966, -29.808823299999975 ], [ -57.001427199999966, -29.812592 ], [ -56.994870399999968, -29.818035099999978 ], [ -56.983797399999958, -29.824854 ] ], [ [ -57.087681499999974, -29.849284099999974 ], [ -57.090183399999944, -29.847227 ], [ -57.093624099999943, -29.85090879999996 ], [ -57.091176799999978, -29.85297879999996 ], [ -57.087681499999974, -29.849284099999974 ] ] ] } },
{ "type": "Feature", "properties": { "CD_SETOR": "432240005000125", "NM_BAIRRO": null, "NM_DIST": "Uruguaiana", "populacao_total": 388, "pct_populacao_0_a_4_anos": 8.25, "sem_dado": false, "estimativa_criancas_0_a_4": 32.0 }, "geometry": { "type": "Polygon", "coordinates": [ [ [ -57.127820199999974, -29.779765499999943 ], [ -57.127721, -29.780539099999935 ], [ -57.12781549999994, -29.781624699999956 ], [ -57.127944399999933, -29.78210009999998 ], [ -57.128660499999967, -29.783042499999969 ], [ -57.129309699999965, -29.783449799999975 ], [ -57.130382699999984, -29.783544499999945 ], [ -57.131376099999954, -29.783696899999939 ], [ -57.132358899999986, -29.784458499999968 ], [ -57.132812599999973, -29.78480009999997 ], [ -57.13301679999995, -29.78510039999998 ], [ -57.133460699999944, -29.785159499999956 ], [ -57.133896299999947, -29.785202399999942 ], [ -57.134526, -29.784905799999944 ], [ -57.135097899999948, -29.784713 ], [ -57.135723, -29.78485309999996 ], [ -57.136494899999946, -29.784935399999938 ], [ -57.136380799999984, -29.785495899999951 ], [ -57.136258399999974, -29.786023099999962 ], [ -57.135740899999973, -29.786605699999935 ], [ -57.135184799999934, -29.78702769999995 ], [ -57.134602899999948, -29.787448899999951 ], [ -57.134058499999981, -29.788147099999954 ], [ -57.133645599999966, -29.788810799999951 ], [ -57.133297899999945, -29.78959 ], [ -57.133476799999983, -29.790291899999939 ], [ -57.133391099999983, -29.791175599999967 ], [ -57.133320499999968, -29.791818199999963 ], [ -57.132934299999931, -29.792367299999974 ], [ -57.132353199999955, -29.792697299999929 ], [ -57.131498499999964, -29.792635 ], [ -57.130591, -29.792606099999944 ], [ -57.129472499999963, -29.79258729999998 ], [ -57.128338799999938, -29.79286819999993 ], [ -57.127454599999965, -29.793241799999965 ], [ -57.126623199999983, -29.793581 ], [ -57.12537059999994, -29.793907099999956 ], [ -57.124607, -29.793982699999958 ], [ -57.123657499999979, -29.794264299999949 ], [ -57.122681199999931, -29.794625299999947 ], [ -57.121532299999956, -29.795203899999937 ], [ -57.120807199999945, -29.795406699999948 ], [ -57.119882699999948, -29.795814599999964 ], [ -57.118865299999982, -29.796474299999943 ], [ -57.117701099999977, -29.797248799999977 ], [ -57.116603099999963, -29.798045699999935 ], [ -57.115663399999967, -29.798774899999966 ], [ -57.114922099999944, -29.799345 ], [ -57.113987699999939, -29.799339399999944 ], [ -57.112989899999945, -29.799080399999976 ], [ -57.111899, -29.798854799999951 ], [ -57.111353899999983, -29.798819899999952 ], [ -57.110716199999956, -29.798779099999937 ], [ -57.109716599999956, -29.798906299999938 ], [ -57.109688799999958, -29.798909899999959 ], [ -57.108792799999947, -29.798996399999965 ], [ -57.107330099999956, -29.799400899999974 ], [ -57.105548899999974, -29.800033199999969 ], [ -57.104651099999955, -29.800406599999974 ], [ -57.103580699999952, -29.800928199999923 ], [ -57.103039699999954, -29.801154299999943 ], [ -57.102572, -29.801182299999926 ], [ -57.10148449999997, -29.801247499999931 ], [ -57.100075499999946, -29.80162939999996 ], [ -57.09906059999998, -29.801841399999955 ], [ -57.097982299999956, -29.801788899999956 ], [ -57.097394099999974, -29.801337199999981 ], [ -57.096574299999986, -29.80104869999996 ], [ -57.096462499999973, -29.801009399999938 ], [ -57.095441599999958, -29.800336899999934 ], [ -57.094644199999948, -29.799688599999961 ], [ -57.093951299999958, -29.799063599999958 ], [ -57.093154899999945, -29.798311499999954 ], [ -57.092670399999975, -29.798055599999934 ], [ -57.091844399999957, -29.797669399999965 ], [ -57.092150599999968, -29.799395599999972 ], [ -57.093192099999953, -29.803455699999969 ], [ -57.093885899999975, -29.806284099999964 ], [ -57.094171, -29.807446399999947 ], [ -57.095520699999952, -29.810846 ], [ -57.09935349999995, -29.820474399999959 ], [ -57.106229799999937, -29.836271 ], [ -57.108446499999957, -29.840498799999974 ], [ -57.108839699999976, -29.842461499999949 ], [ -57.109530199999938, -29.849107799999956 ], [ -57.109610799999984, -29.852393399999976 ], [ -57.108899399999984, -29.86330549999996 ], [ -57.109066399999961, -29.863522699999972 ], [ -57.116572799999972, -29.886164499999946 ], [ -57.145846499999955, -29.906365299999948 ], [ -57.148407299999974, -29.908548499999938 ], [ -57.150677899999948, -29.909707599999926 ], [ -57.179596499999953, -29.944795899999967 ], [ -57.198775199999943, -29.975615399999985 ], [ -57.206140599999969, -29.987358099999938 ], [ -57.227487099999962, -30.014255 ], [ -57.228196299999979, -30.013854699999975 ], [ -57.228641, -30.013560199999979 ], [ -57.232129199999974, -30.011387799999969 ], [ -57.235072099999968, -30.009504499999935 ], [ -57.237014099999953, -30.008283199999941 ], [ -57.238447, -30.007437799999924 ], [ -57.241308699999934, -30.005827099999969 ], [ -57.24325719999996, -30.004696199999962 ], [ -57.243372399999942, -30.004507399999966 ], [ -57.243344, -30.004176799999978 ], [ -57.243346799999983, -30.003733499999957 ], [ -57.243430099999955, -30.003272299999928 ], [ -57.243842599999937, -30.001990099999936 ], [ -57.24454609999998, -30.000100699999965 ], [ -57.245628499999953, -29.997355599999935 ], [ -57.245925899999975, -29.996802299999949 ], [ -57.246335699999975, -29.996357699999972 ], [ -57.24869979999994, -29.993782099999976 ], [ -57.249449699999957, -29.992979799999937 ], [ -57.250109299999963, -29.992299899999978 ], [ -57.251535099999955, -29.990781099999936 ], [ -57.251758699999982, -29.990503299999951 ], [ -57.251874899999962, -29.990224799999975 ], [ -57.252607299999966, -29.988491299999968 ], [ -57.254253499999948, -29.984620299999953 ], [ -57.255104899999935, -29.982669 ], [ -57.255706599999939, -29.981239599999981 ], [ -57.256271499999968, -29.979889699999944 ], [ -57.256851799999936, -29.978529399999957 ], [ -57.25711, -29.977771 ], [ -57.257441099999937, -29.976761899999932 ], [ -57.257700499999942, -29.975906 ], [ -57.257748499999934, -29.975623399999961 ], [ -57.257773, -29.975321799999961 ], [ -57.257713499999966, -29.974997099999936 ], [ -57.257659699999977, -29.97473709999997 ], [ -57.257632199999932, -29.974473699999976 ], [ -57.257593399999962, -29.974266899999986 ], [ -57.257485, -29.973978799999937 ], [ -57.257204699999932, -29.973377399999947 ], [ -57.25691379999995, -29.972841299999967 ], [ -57.256833599999936, -29.972682499999959 ], [ -57.25676459999994, -29.972425699999974 ], [ -57.25671049999994, -29.972181099999943 ], [ -57.256656299999975, -29.972058299999958 ], [ -57.256538299999931, -29.971845199999962 ], [ -57.256928199999948, -29.97166419999996 ], [ -57.257267099999979, -29.971599199999943 ], [ -57.257475299999953, -29.971636499999931 ], [ -57.257694599999979, -29.971794699999979 ], [ -57.257899799999961, -29.971936799999973 ], [ -57.258140499999968, -29.971990199999937 ], [ -57.258417799999961, -29.971988499999956 ], [ -57.258767399999961, -29.971862399999956 ], [ -57.258981, -29.971793399999967 ], [ -57.259203899999932, -29.971792 ], [ -57.259472399999943, -29.971823699999959 ], [ -57.259672699999953, -29.971795399999959 ], [ -57.259810499999958, -29.971669 ], [ -57.259924899999987, -29.97147219999993 ], [ -57.260116, -29.971305 ], [ -57.260434699999962, -29.971079199999956 ], [ -57.260762599999964, -29.970877799999975 ], [ -57.261075199999944, -29.970699499999952 ], [ -57.261371099999963, -29.970623399999962 ], [ -57.261688299999946, -29.970577299999945 ], [ -57.262043199999937, -29.970578299999939 ], [ -57.262297, -29.970658699999952 ], [ -57.26258409999997, -29.970801499999936 ], [ -57.262993499999936, -29.970892099999954 ], [ -57.263317499999971, -29.970919499999983 ], [ -57.263637899999935, -29.970846899999973 ], [ -57.263882799999976, -29.970692799999931 ], [ -57.264123199999979, -29.970473599999931 ], [ -57.264400799999976, -29.970128499999923 ], [ -57.264628799999969, -29.969933599999926 ], [ -57.264979, -29.969569 ], [ -57.265268499999934, -29.969315199999979 ], [ -57.265533799999957, -29.969161499999984 ], [ -57.265903499999979, -29.969036899999928 ], [ -57.266256699999985, -29.968888399999965 ], [ -57.266636299999959, -29.968792099999966 ], [ -57.267052199999966, -29.968738 ], [ -57.267462799999976, -29.968611399999919 ], [ -57.267807799999957, -29.968512499999978 ], [ -57.268221399999959, -29.968545199999934 ], [ -57.268558799999937, -29.968543799999967 ], [ -57.268820899999987, -29.968544199999936 ], [ -57.268873399999961, -29.968399499999968 ], [ -57.269075199999975, -29.968093299999971 ], [ -57.269555, -29.967799799999963 ], [ -57.269884599999955, -29.96757029999997 ], [ -57.270225399999958, -29.967436899999939 ], [ -57.270497199999973, -29.967342699999957 ], [ -57.270947899999953, -29.96715259999996 ], [ -57.271200499999964, -29.966974899999968 ], [ -57.271403699999951, -29.966802 ], [ -57.271738599999935, -29.966323 ], [ -57.271871399999952, -29.966072599999965 ], [ -57.271895399999956, -29.96572679999997 ], [ -57.272002699999973, -29.965565599999923 ], [ -57.272072299999934, -29.96528649999993 ], [ -57.272168699999952, -29.965038499999935 ], [ -57.272248, -29.964793399999955 ], [ -57.272447299999953, -29.964494299999966 ], [ -57.272641199999953, -29.964192199999957 ], [ -57.272770599999944, -29.963862799999955 ], [ -57.272949399999959, -29.96353189999996 ], [ -57.273142, -29.963213699999987 ], [ -57.273445899999956, -29.962793299999937 ], [ -57.273691299999939, -29.962198799999946 ], [ -57.27386249999995, -29.961718899999937 ], [ -57.274018899999987, -29.961655799999967 ], [ -57.274152299999969, -29.961495399999936 ], [ -57.274251299999946, -29.961300199999982 ], [ -57.274458399999958, -29.961216599999936 ], [ -57.274627899999984, -29.961073199999937 ], [ -57.274690699999958, -29.960946799999927 ], [ -57.274594799999939, -29.96075959999996 ], [ -57.274526, -29.960542399999952 ], [ -57.274442299999976, -29.960328899999979 ], [ -57.274377399999942, -29.960130899999967 ], [ -57.27429049999995, -29.959994199999986 ], [ -57.27429049999995, -29.959843499999987 ], [ -57.274354399999936, -29.959726299999939 ], [ -57.274490899999932, -29.959585299999961 ], [ -57.27468319999997, -29.959444399999938 ], [ -57.274891199999956, -29.959276299999935 ], [ -57.275084, -29.959155499999945 ], [ -57.275277499999959, -29.959048399999975 ], [ -57.275409699999955, -29.958912199999926 ], [ -57.275562, -29.958763599999944 ], [ -57.275677699999967, -29.958613899999929 ], [ -57.275761799999941, -29.958438199999922 ], [ -57.275944899999956, -29.958187799999958 ], [ -57.276078899999959, -29.958008099999958 ], [ -57.276257399999963, -29.957785799999954 ], [ -57.276349799999934, -29.957675 ], [ -57.276504499999987, -29.957349499999964 ], [ -57.276585299999972, -29.957157399999971 ], [ -57.276633499999946, -29.956975599999961 ], [ -57.276732099999947, -29.956835699999939 ], [ -57.276988, -29.956600799999936 ], [ -57.277319499999976, -29.956317499999955 ], [ -57.277615399999945, -29.956083399999947 ], [ -57.277875299999948, -29.955825499999943 ], [ -57.278210299999955, -29.955451499999974 ], [ -57.278413499999942, -29.955148 ], [ -57.278679599999982, -29.954776299999935 ], [ -57.278967, -29.954354 ], [ -57.279158099999961, -29.954120399999965 ], [ -57.279507899999942, -29.953814399999946 ], [ -57.279773099999943, -29.953558599999955 ], [ -57.28013679999998, -29.953291099999941 ], [ -57.28045439999994, -29.953101499999942 ], [ -57.280854299999987, -29.952915399999927 ], [ -57.281259299999931, -29.952829799999961 ], [ -57.281538, -29.952822 ], [ -57.281911099999945, -29.952836899999962 ], [ -57.282275499999969, -29.953020799999923 ], [ -57.282636, -29.953127799999937 ], [ -57.282745499999976, -29.953228699999958 ], [ -57.28290579999998, -29.953206099999935 ], [ -57.283141799999953, -29.9530789 ], [ -57.283553099999949, -29.952921499999938 ], [ -57.284029099999941, -29.9527088 ], [ -57.284555799999964, -29.952606199999927 ], [ -57.284900299999947, -29.952653099999974 ], [ -57.285055399999976, -29.952588699999978 ], [ -57.284985, -29.95242849999994 ], [ -57.285000599999933, -29.952258599999933 ], [ -57.285237799999948, -29.952142 ], [ -57.285552099999961, -29.952 ], [ -57.28578, -29.951803799999929 ], [ -57.285963199999976, -29.951637299999973 ], [ -57.28622409999997, -29.951381799999975 ], [ -57.286379199999942, -29.951329099999956 ], [ -57.286561899999981, -29.951297 ], [ -57.28688029999995, -29.951206799999962 ], [ -57.287195299999951, -29.951045599999922 ], [ -57.287394399999982, -29.950852499999936 ], [ -57.287535899999966, -29.950681799999973 ], [ -57.287701899999945, -29.950626799999952 ], [ -57.287932799999965, -29.950692699999937 ], [ -57.288140899999973, -29.950840099999922 ], [ -57.28819249999998, -29.950992599999946 ], [ -57.288333799999975, -29.951002 ], [ -57.288509599999941, -29.950933499999959 ], [ -57.28876409999998, -29.950809099999965 ], [ -57.289036399999986, -29.950655 ], [ -57.289296399999955, -29.950544599999944 ], [ -57.289542099999949, -29.950519399999965 ], [ -57.289670899999976, -29.950447799999949 ], [ -57.289775899999945, -29.950358 ], [ -57.289897899999971, -29.950285499999946 ], [ -57.289998, -29.95031379999995 ], [ -57.290174199999967, -29.950283 ], [ -57.290331699999967, -29.950209 ], [ -57.290537899999947, -29.950079 ], [ -57.290621599999952, -29.950036299999958 ], [ -57.290657599999975, -29.94992429999996 ], [ -57.290756499999986, -29.949848399999958 ], [ -57.290773399999978, -29.949712599999945 ], [ -57.290824699999973, -29.949576199999981 ], [ -57.291040499999951, -29.949495399999936 ], [ -57.291392099999939, -29.94943369999994 ], [ -57.291713899999934, -29.949373499999979 ], [ -57.292024099999935, -29.949401899999934 ], [ -57.292476499999964, -29.949492599999932 ], [ -57.292885099999978, -29.949505699999968 ], [ -57.293139699999983, -29.949491499999962 ], [ -57.293551799999932, -29.949469899999936 ], [ -57.29403259999998, -29.949614899999968 ], [ -57.294186099999934, -29.949712599999945 ], [ -57.294336499999986, -29.949833799999958 ], [ -57.294558199999983, -29.949885799999947 ], [ -57.294792799999989, -29.950050799999929 ], [ -57.295037599999951, -29.950198899999968 ], [ -57.295236399999972, -29.950471099999959 ], [ -57.295296, -29.950802799999963 ], [ -57.295315099999982, -29.951012199999976 ], [ -57.295542399999931, -29.951195899999963 ], [ -57.295852699999955, -29.95120349999997 ], [ -57.296139599999947, -29.951114299999965 ], [ -57.296359, -29.950985399999976 ], [ -57.296557199999945, -29.95085779999993 ], [ -57.29685, -29.950786799999957 ], [ -57.297272599999985, -29.950629699999979 ], [ -57.297782799999936, -29.950509599999979 ], [ -57.298293599999965, -29.950362299999931 ], [ -57.298680099999956, -29.950282599999976 ], [ -57.298957199999968, -29.950210299999974 ], [ -57.299225399999955, -29.950174199999928 ], [ -57.2994475, -29.950203499999933 ], [ -57.299654199999964, -29.950260699999937 ], [ -57.299992699999962, -29.950455699999967 ], [ -57.300197499999967, -29.950613 ], [ -57.300336099999988, -29.950784699999932 ], [ -57.30038, -29.951009499999934 ], [ -57.300430199999937, -29.95124769999995 ], [ -57.300534199999959, -29.951436 ], [ -57.300762699999957, -29.951564 ], [ -57.301003099999939, -29.951644599999955 ], [ -57.301245399999978, -29.951804699999983 ], [ -57.301441599999968, -29.951912799999942 ], [ -57.301671799999944, -29.952053699999961 ], [ -57.301939599999969, -29.952291 ], [ -57.302234099999964, -29.952519699999971 ], [ -57.302566199999951, -29.952690499999953 ], [ -57.302940799999924, -29.952795199999962 ], [ -57.303377499999954, -29.952818399999959 ], [ -57.303827599999977, -29.952821 ], [ -57.304236, -29.952830399999979 ], [ -57.304454299999968, -29.952846899999944 ], [ -57.304816499999959, -29.953000299999928 ], [ -57.305155, -29.953052599999975 ], [ -57.305464799999982, -29.953076199999934 ], [ -57.305965, -29.953060599999958 ], [ -57.306413, -29.953031 ], [ -57.306853499999932, -29.952889899999942 ], [ -57.307175, -29.952712899999931 ], [ -57.307371099999955, -29.952540899999967 ], [ -57.30758579999997, -29.952384099999954 ], [ -57.307727699999987, -29.952151799999971 ], [ -57.307780899999955, -29.951896699999963 ], [ -57.307794699999938, -29.951678499999954 ], [ -57.307822199999983, -29.951401099999948 ], [ -57.307888, -29.951036699999968 ], [ -57.307975299999946, -29.950701799999926 ], [ -57.308055399999944, -29.950382299999948 ], [ -57.308151699999932, -29.950084799999946 ], [ -57.308355099999964, -29.949855 ], [ -57.308596799999975, -29.94969269999995 ], [ -57.308877099999954, -29.94952689999997 ], [ -57.309189899999978, -29.949495799999951 ], [ -57.309451, -29.949607499999942 ], [ -57.309880699999951, -29.949705399999964 ], [ -57.310231699999981, -29.949776199999977 ], [ -57.310558399999934, -29.949787099999984 ], [ -57.31083249999994, -29.949758399999943 ], [ -57.311134199999977, -29.949857699999942 ], [ -57.311285599999962, -29.950036299999965 ], [ -57.311266399999973, -29.950423299999954 ], [ -57.311054899999938, -29.950649799999955 ], [ -57.310817199999981, -29.950849799999951 ], [ -57.310621199999957, -29.951104299999933 ], [ -57.310465199999946, -29.951450699999956 ], [ -57.310418699999957, -29.951917899999952 ], [ -57.310344499999985, -29.952454899999964 ], [ -57.31033529999997, -29.952967099999963 ], [ -57.310356399999932, -29.953384099999937 ], [ -57.31035149999996, -29.953724099999935 ], [ -57.310446599999977, -29.95406319999995 ], [ -57.310600099999938, -29.954414399999965 ], [ -57.310874, -29.955008299999982 ], [ -57.310881099999968, -29.955509 ], [ -57.311461599999973, -29.9562835 ], [ -57.312302299999949, -29.956974499999944 ], [ -57.313372899999941, -29.957668799999961 ], [ -57.314693699999964, -29.958210199999947 ], [ -57.315619099999935, -29.958970099999934 ], [ -57.31609229999998, -29.959883399999956 ], [ -57.316959499999946, -29.961574199999973 ], [ -57.317810399999978, -29.963245299999976 ], [ -57.318960499999946, -29.965366899999932 ], [ -57.319295699999941, -29.966379 ], [ -57.319861199999941, -29.966906099999957 ], [ -57.320366899999946, -29.967523299999982 ], [ -57.321064399999962, -29.967993499999974 ], [ -57.3217365, -29.968457699999927 ], [ -57.32266519999996, -29.969204799999947 ], [ -57.325686099999984, -29.970922499999972 ], [ -57.32812679999995, -29.971944899999976 ], [ -57.32548509999998, -29.954505399999963 ], [ -57.324045199999944, -29.939802499999914 ], [ -57.324046799999962, -29.938960799999961 ], [ -57.324072699999938, -29.925355499999963 ], [ -57.324079599999955, -29.921729399999947 ], [ -57.32637579999993, -29.912035699999919 ], [ -57.328623799999939, -29.902545799999924 ], [ -57.329050499999944, -29.896567399999984 ], [ -57.329214899999961, -29.89426409999993 ], [ -57.329688, -29.887635399999958 ], [ -57.328414199999941, -29.883941099999955 ], [ -57.326339199999957, -29.877923 ], [ -57.324578899999949, -29.872817799999943 ], [ -57.314488499999982, -29.859914 ], [ -57.304745, -29.844827399999932 ], [ -57.29781689999998, -29.83472919999997 ], [ -57.287157399999955, -29.823153099999949 ], [ -57.282178499999986, -29.817288299999973 ], [ -57.270324599999981, -29.810851799999973 ], [ -57.267752199999961, -29.809455099999969 ], [ -57.257461199999966, -29.800545 ], [ -57.24853829999995, -29.792819399999935 ], [ -57.235400199999958, -29.780788399999953 ], [ -57.221053099999949, -29.776301499999935 ], [ -57.207973799999934, -29.777818799999967 ], [ -57.195287099999973, -29.779831899999973 ], [ -57.180659099999957, -29.781200799999962 ], [ -57.172021, -29.780684899999976 ], [ -57.152042399999971, -29.774752 ], [ -57.133981399999982, -29.770633499999974 ], [ -57.133635899999945, -29.77112539999996 ], [ -57.129851199999962, -29.776514599999928 ], [ -57.129432099999974, -29.777251499999984 ], [ -57.1287698, -29.777946099999955 ], [ -57.128321699999958, -29.778605399999957 ], [ -57.127857199999937, -29.779476699999972 ], [ -57.127820199999974, -29.779765499999943 ] ] ] } },
{ "type": "Feature", "properties": { "CD_SETOR": "432240005000126", "NM_BAIRRO": null, "NM_DIST": "Uruguaiana", "populacao_total": 310, "pct_populacao_0_a_4_anos": null, "sem_dado": true, "estimativa_criancas_0_a_4": null }, "geometry": { "type": "Polygon", "coordinates": [ [ [ -57.087681499999974, -29.849284099999974 ], [ -57.091176799999978, -29.85297879999996 ], [ -57.093624099999943, -29.85090879999996 ], [ -57.090183399999944, -29.847227 ], [ -57.087681499999974, -29.849284099999974 ] ] ] } },
{ "type": "Feature", "properties": { "CD_SETOR": "432240005000128", "NM_BAIRRO": "Tabajara Brites", "NM_DIST": "Uruguaiana", "populacao_total": 392, "pct_populacao_0_a_4_anos": 5.1, "sem_dado": false, "estimativa_criancas_0_a_4": 20.0 }, "geometry": { "type": "Polygon", "coordinates": [ [ [ -57.102284299999951, -29.783904599999971 ], [ -57.102538, -29.783885399999981 ], [ -57.102675, -29.78513009999994 ], [ -57.102679099999932, -29.785244599999938 ], [ -57.103135699999946, -29.785171899999973 ], [ -57.103702399999975, -29.78513589999994 ], [ -57.103572099999951, -29.78380489999995 ], [ -57.10353, -29.783296199999949 ], [ -57.10358279999997, -29.782319899999951 ], [ -57.102994499999966, -29.782316599999945 ], [ -57.102520499999969, -29.782311799999945 ], [ -57.101966399999981, -29.782268799999937 ], [ -57.101957599999935, -29.783185499999949 ], [ -57.102148899999975, -29.783297399999981 ], [ -57.102237699999932, -29.783444399999944 ], [ -57.102270899999951, -29.783772799999955 ], [ -57.102284299999951, -29.783904599999971 ] ] ] } },
{ "type": "Feature", "properties": { "CD_SETOR": "432240005000129", "NM_BAIRRO": "Tabajara Brites", "NM_DIST": "Uruguaiana", "populacao_total": 1009, "pct_populacao_0_a_4_anos": 11.1, "sem_dado": false, "estimativa_criancas_0_a_4": 112.0 }, "geometry": { "type": "Polygon", "coordinates": [ [ [ -57.104137199999968, -29.789347599999928 ], [ -57.106677199999979, -29.789281399999933 ], [ -57.106672599999968, -29.787926699999957 ], [ -57.106729099999946, -29.783459699999973 ], [ -57.106731199999956, -29.782359899999957 ], [ -57.105146699999977, -29.782336199999964 ], [ -57.1050939, -29.785050499999944 ], [ -57.105233099999964, -29.785048199999949 ], [ -57.105215899999962, -29.787846899999973 ], [ -57.104973899999948, -29.787872799999949 ], [ -57.104971799999987, -29.787897599999951 ], [ -57.10398, -29.787973299999987 ], [ -57.104137199999968, -29.789347599999928 ] ] ] } },
{ "type": "Feature", "properties": { "CD_SETOR": "432240005000130", "NM_BAIRRO": "Tabajara Brites", "NM_DIST": "Uruguaiana", "populacao_total": 601, "pct_populacao_0_a_4_anos": 6.82, "sem_dado": false, "estimativa_criancas_0_a_4": 41.0 }, "geometry": { "type": "Polygon", "coordinates": [ [ [ -57.105170899999962, -29.78095929999995 ], [ -57.103050099999962, -29.780909 ], [ -57.102994499999966, -29.782316599999945 ], [ -57.10358279999997, -29.782319899999951 ], [ -57.105146699999977, -29.782336199999964 ], [ -57.106731199999956, -29.782359899999957 ], [ -57.106729099999946, -29.783459699999973 ], [ -57.107315, -29.783482799999952 ], [ -57.107312199999967, -29.783720199999944 ], [ -57.108295199999986, -29.783748599999964 ], [ -57.10833729999996, -29.782396199999933 ], [ -57.108882, -29.782413 ], [ -57.108907099999954, -29.781435399999964 ], [ -57.109421099999963, -29.780642099999966 ], [ -57.109444899999971, -29.779627899999969 ], [ -57.108401399999941, -29.779596899999952 ], [ -57.10680259999998, -29.779582599999955 ], [ -57.106759799999963, -29.780963899999964 ], [ -57.105961099999945, -29.780996299999966 ], [ -57.105170899999962, -29.78095929999995 ] ] ] } },
{ "type": "Feature", "properties": { "CD_SETOR": "432240005000131", "NM_BAIRRO": "Tabajara Brites", "NM_DIST": "Uruguaiana", "populacao_total": 1477, "pct_populacao_0_a_4_anos": 10.56, "sem_dado": false, "estimativa_criancas_0_a_4": 156.0 }, "geometry": { "type": "Polygon", "coordinates": [ [ [ -57.106672599999968, -29.787926699999957 ], [ -57.106677199999979, -29.789281399999933 ], [ -57.104137199999968, -29.789347599999928 ], [ -57.10398, -29.787973299999987 ], [ -57.102639299999971, -29.788123599999942 ], [ -57.102359299999939, -29.79619729999996 ], [ -57.102572, -29.801182299999926 ], [ -57.103039699999954, -29.801154299999943 ], [ -57.103580699999952, -29.800928199999923 ], [ -57.104651099999955, -29.800406599999974 ], [ -57.105548899999974, -29.800033199999969 ], [ -57.107330099999956, -29.799400899999974 ], [ -57.108792799999947, -29.798996399999965 ], [ -57.109688799999958, -29.798909899999959 ], [ -57.109716599999956, -29.798906299999938 ], [ -57.109803699999986, -29.787708799999958 ], [ -57.109828899999975, -29.786440699999957 ], [ -57.109285599999964, -29.786426799999958 ], [ -57.109275799999978, -29.785111199999967 ], [ -57.108270299999958, -29.785066499999974 ], [ -57.108295199999986, -29.783748599999964 ], [ -57.107312199999967, -29.783720199999944 ], [ -57.107315, -29.783482799999952 ], [ -57.106729099999946, -29.783459699999973 ], [ -57.106672599999968, -29.787926699999957 ] ] ] } },
{ "type": "Feature", "properties": { "CD_SETOR": "432240005000132", "NM_BAIRRO": "Tabajara Brites", "NM_DIST": "Uruguaiana", "populacao_total": 832, "pct_populacao_0_a_4_anos": 8.77, "sem_dado": false, "estimativa_criancas_0_a_4": 73.0 }, "geometry": { "type": "Polygon", "coordinates": [ [ [ -57.108295199999986, -29.783748599999964 ], [ -57.111485899999934, -29.78382559999994 ], [ -57.111504799999977, -29.782961899999972 ], [ -57.109979699999947, -29.780966099999929 ], [ -57.109987899999965, -29.779637799999922 ], [ -57.109444899999971, -29.779627899999969 ], [ -57.109421099999963, -29.780642099999966 ], [ -57.108907099999954, -29.781435399999964 ], [ -57.108882, -29.782413 ], [ -57.10833729999996, -29.782396199999933 ], [ -57.108295199999986, -29.783748599999964 ] ] ] } },
{ "type": "Feature", "properties": { "CD_SETOR": "432240005000133", "NM_BAIRRO": "Tabajara Brites", "NM_DIST": "Uruguaiana", "populacao_total": 1112, "pct_populacao_0_a_4_anos": 8.99, "sem_dado": false, "estimativa_criancas_0_a_4": 100.0 }, "geometry": { "type": "Polygon", "coordinates": [ [ [ -57.109716599999956, -29.798906299999938 ], [ -57.110716199999956, -29.798779099999937 ], [ -57.111353899999983, -29.798819899999952 ], [ -57.111353899999983, -29.789625 ], [ -57.111404199999981, -29.787168399999924 ], [ -57.111421299999961, -29.786480599999948 ], [ -57.111485899999934, -29.78382559999994 ], [ -57.108295199999986, -29.783748599999964 ], [ -57.108270299999958, -29.785066499999974 ], [ -57.109275799999978, -29.785111199999967 ], [ -57.109285599999964, -29.786426799999958 ], [ -57.109828899999975, -29.786440699999957 ], [ -57.109803699999986, -29.787708799999958 ], [ -57.109716599999956, -29.798906299999938 ] ] ] } },
{ "type": "Feature", "properties": { "CD_SETOR": "432240005000134", "NM_BAIRRO": "Tabajara Brites", "NM_DIST": "Uruguaiana", "populacao_total": 971, "pct_populacao_0_a_4_anos": 9.99, "sem_dado": false, "estimativa_criancas_0_a_4": 97.0 }, "geometry": { "type": "Polygon", "coordinates": [ [ [ -57.109987899999965, -29.779637799999922 ], [ -57.109979699999947, -29.780966099999929 ], [ -57.111504799999977, -29.782961899999972 ], [ -57.111485899999934, -29.78382559999994 ], [ -57.111421299999961, -29.786480599999948 ], [ -57.111404199999981, -29.787168399999924 ], [ -57.111353899999983, -29.789625 ], [ -57.111353899999983, -29.798819899999952 ], [ -57.111899, -29.798854799999951 ], [ -57.112989899999945, -29.799080399999976 ], [ -57.113987699999939, -29.799339399999944 ], [ -57.114922099999944, -29.799345 ], [ -57.115663399999967, -29.798774899999966 ], [ -57.116603099999963, -29.798045699999935 ], [ -57.117701099999977, -29.797248799999977 ], [ -57.118865299999982, -29.796474299999943 ], [ -57.119882699999948, -29.795814599999964 ], [ -57.120807199999945, -29.795406699999948 ], [ -57.121532299999956, -29.795203899999937 ], [ -57.122681199999931, -29.794625299999947 ], [ -57.123657499999979, -29.794264299999949 ], [ -57.124607, -29.793982699999958 ], [ -57.12537059999994, -29.793907099999956 ], [ -57.126623199999983, -29.793581 ], [ -57.127454599999965, -29.793241799999965 ], [ -57.128338799999938, -29.79286819999993 ], [ -57.129472499999963, -29.79258729999998 ], [ -57.130591, -29.792606099999944 ], [ -57.131498499999964, -29.792635 ], [ -57.132353199999955, -29.792697299999929 ], [ -57.132934299999931, -29.792367299999974 ], [ -57.133320499999968, -29.791818199999963 ], [ -57.133391099999983, -29.791175599999967 ], [ -57.133476799999983, -29.790291899999939 ], [ -57.133297899999945, -29.78959 ], [ -57.133645599999966, -29.788810799999951 ], [ -57.134058499999981, -29.788147099999954 ], [ -57.134602899999948, -29.787448899999951 ], [ -57.135184799999934, -29.78702769999995 ], [ -57.135740899999973, -29.786605699999935 ], [ -57.136258399999974, -29.786023099999962 ], [ -57.136380799999984, -29.785495899999951 ], [ -57.136494899999946, -29.784935399999938 ], [ -57.135723, -29.78485309999996 ], [ -57.135097899999948, -29.784713 ], [ -57.134526, -29.784905799999944 ], [ -57.133896299999947, -29.785202399999942 ], [ -57.133460699999944, -29.785159499999956 ], [ -57.13301679999995, -29.78510039999998 ], [ -57.132812599999973, -29.78480009999997 ], [ -57.132358899999986, -29.784458499999968 ], [ -57.131376099999954, -29.783696899999939 ], [ -57.130382699999984, -29.783544499999945 ], [ -57.129309699999965, -29.783449799999975 ], [ -57.128660499999967, -29.783042499999969 ], [ -57.127944399999933, -29.78210009999998 ], [ -57.12781549999994, -29.781624699999956 ], [ -57.127721, -29.780539099999935 ], [ -57.127820199999974, -29.779765499999943 ], [ -57.127202899999986, -29.779747099999952 ], [ -57.111544599999945, -29.77961629999993 ], [ -57.109987899999965, -29.779637799999922 ] ] ] } },
{ "type": "Feature", "properties": { "CD_SETOR": "432240005000135", "NM_BAIRRO": "Salso de Baixo", "NM_DIST": "Uruguaiana", "populacao_total": 342, "pct_populacao_0_a_4_anos": 12.87, "sem_dado": false, "estimativa_criancas_0_a_4": 44.0 }, "geometry": { "type": "Polygon", "coordinates": [ [ [ -57.069705599999963, -29.785033699999943 ], [ -57.070286499999959, -29.788150899999948 ], [ -57.071202699999958, -29.788005599999959 ], [ -57.070644099999981, -29.784877299999945 ], [ -57.069705599999963, -29.785033699999943 ] ] ] } },
{ "type": "Feature", "properties": { "CD_SETOR": "432240005000136", "NM_BAIRRO": "Salso de Baixo", "NM_DIST": "Uruguaiana", "populacao_total": 377, "pct_populacao_0_a_4_anos": 7.16, "sem_dado": false, "estimativa_criancas_0_a_4": 27.0 }, "geometry": { "type": "Polygon", "coordinates": [ [ [ -57.067622699999959, -29.784279799999979 ], [ -57.067935299999931, -29.784759699999942 ], [ -57.068112, -29.785082299999935 ], [ -57.068360799999937, -29.78575649999993 ], [ -57.068745499999977, -29.787769399999945 ], [ -57.068875899999966, -29.793712499999963 ], [ -57.070039899999983, -29.796223399999977 ], [ -57.073998299999978, -29.797773599999971 ], [ -57.074120299999947, -29.79781 ], [ -57.075143, -29.798322 ], [ -57.075664799999977, -29.798784699999946 ], [ -57.07646219999998, -29.799525199999941 ], [ -57.077025299999946, -29.799850599999957 ], [ -57.078244599999948, -29.800294899999983 ], [ -57.079349799999932, -29.800278899999963 ], [ -57.080114299999934, -29.800111399999938 ], [ -57.080643799999962, -29.799747399999944 ], [ -57.081291299999975, -29.799384199999963 ], [ -57.081780599999945, -29.799180899999953 ], [ -57.082256299999983, -29.798827699999951 ], [ -57.082548799999984, -29.798462 ], [ -57.08330559999996, -29.797697199999959 ], [ -57.084020199999941, -29.797173299999933 ], [ -57.084721299999956, -29.796649399999971 ], [ -57.0859885, -29.79617479999996 ], [ -57.086978299999942, -29.795768 ], [ -57.087766899999963, -29.795829799999964 ], [ -57.08892289999995, -29.79614759999998 ], [ -57.088999699999931, -29.796412799999921 ], [ -57.089482399999952, -29.796920599999957 ], [ -57.090556899999967, -29.797421699999969 ], [ -57.091844399999957, -29.797669399999965 ], [ -57.091257, -29.794960599999968 ], [ -57.090199499999983, -29.790302299999944 ], [ -57.09020819999995, -29.788756499999973 ], [ -57.090003299999978, -29.78836 ], [ -57.089278099999945, -29.788318299999961 ], [ -57.088657599999983, -29.788220799999984 ], [ -57.087235099999987, -29.787944499999981 ], [ -57.078667, -29.786280599999934 ], [ -57.07737149999997, -29.785892899999961 ], [ -57.074754, -29.784980799999964 ], [ -57.071353, -29.783507699999966 ], [ -57.069857, -29.782904 ], [ -57.068590499999971, -29.782354899999973 ], [ -57.065936099999931, -29.781226699999941 ], [ -57.067622699999959, -29.784279799999979 ] ], [ [ -57.069705599999963, -29.785033699999943 ], [ -57.070644099999981, -29.784877299999945 ], [ -57.071202699999958, -29.788005599999959 ], [ -57.070286499999959, -29.788150899999948 ], [ -57.069705599999963, -29.785033699999943 ] ] ] } },
{ "type": "Feature", "properties": { "CD_SETOR": "432240005000137", "NM_BAIRRO": "Bela Vista", "NM_DIST": "Uruguaiana", "populacao_total": 165, "pct_populacao_0_a_4_anos": 8.48, "sem_dado": false, "estimativa_criancas_0_a_4": 14.0 }, "geometry": { "type": "Polygon", "coordinates": [ [ [ -57.100760799999932, -29.759889099999945 ], [ -57.100724499999956, -29.761307799999933 ], [ -57.102387099999987, -29.761310299999938 ], [ -57.102218, -29.760805799999961 ], [ -57.102139799999975, -29.760615799999979 ], [ -57.10157, -29.759900799999976 ], [ -57.100760799999932, -29.759889099999945 ] ] ] } },
{ "type": "Feature", "properties": { "CD_SETOR": "432240005000138", "NM_BAIRRO": "Bela Vista", "NM_DIST": "Uruguaiana", "populacao_total": 629, "pct_populacao_0_a_4_anos": 5.25, "sem_dado": false, "estimativa_criancas_0_a_4": 33.0 }, "geometry": { "type": "Polygon", "coordinates": [ [ [ -57.100760799999932, -29.759889099999945 ], [ -57.10157, -29.759900799999976 ], [ -57.102139799999975, -29.760615799999979 ], [ -57.102218, -29.760805799999961 ], [ -57.102387099999987, -29.761310299999938 ], [ -57.10245649999996, -29.76130679999995 ], [ -57.105723399999931, -29.761142499999949 ], [ -57.1110058, -29.757018099999982 ], [ -57.111822199999949, -29.756316899999941 ], [ -57.106311, -29.752674599999978 ], [ -57.105926, -29.752963499999957 ], [ -57.100660799999957, -29.756952599999984 ], [ -57.097673399999962, -29.757056299999924 ], [ -57.097654899999952, -29.759258699999965 ], [ -57.097648099999958, -29.759831 ], [ -57.097571199999948, -29.761303099999967 ], [ -57.09865979999995, -29.761304699999982 ], [ -57.099189299999978, -29.761305499999928 ], [ -57.09921, -29.761305599999957 ], [ -57.099972699999967, -29.761306699999977 ], [ -57.100724499999956, -29.761307799999933 ], [ -57.100760799999932, -29.759889099999945 ] ] ] } },
{ "type": "Feature", "properties": { "CD_SETOR": "432240005000139", "NM_BAIRRO": "Francisca Tarragô", "NM_DIST": "Uruguaiana", "populacao_total": 569, "pct_populacao_0_a_4_anos": 6.33, "sem_dado": false, "estimativa_criancas_0_a_4": 36.0 }, "geometry": { "type": "Polygon", "coordinates": [ [ [ -57.099167899999941, -29.764073799999942 ], [ -57.100519799999972, -29.764062599999924 ], [ -57.101737599999979, -29.762800099999936 ], [ -57.102340899999945, -29.761861599999978 ], [ -57.10245649999996, -29.76130679999995 ], [ -57.102387099999987, -29.761310299999938 ], [ -57.100724499999956, -29.761307799999933 ], [ -57.099972699999967, -29.761306699999977 ], [ -57.09921, -29.761305599999957 ], [ -57.099189299999978, -29.761305499999928 ], [ -57.09865979999995, -29.761304699999982 ], [ -57.098608699999943, -29.762641599999935 ], [ -57.099189899999949, -29.762629299999951 ], [ -57.099167899999941, -29.764073799999942 ] ] ] } },
{ "type": "Feature", "properties": { "CD_SETOR": "432240005000142", "NM_BAIRRO": "União das Vilas", "NM_DIST": "Uruguaiana", "populacao_total": 1134, "pct_populacao_0_a_4_anos": 7.14, "sem_dado": false, "estimativa_criancas_0_a_4": 81.0 }, "geometry": { "type": "Polygon", "coordinates": [ [ [ -57.049524599999984, -29.793800099999938 ], [ -57.05019939999994, -29.794012699999932 ], [ -57.051056099999983, -29.794328199999939 ], [ -57.051387299999931, -29.794583499999927 ], [ -57.052309499999978, -29.795108399999947 ], [ -57.053735399999937, -29.796348099999932 ], [ -57.054659099999981, -29.796532399999933 ], [ -57.055287399999941, -29.796880499999922 ], [ -57.055562699999946, -29.796997799999925 ], [ -57.056244299999946, -29.797407599999936 ], [ -57.058745199999976, -29.79444669999998 ], [ -57.061048399999947, -29.791739899999985 ], [ -57.061454599999934, -29.79126239999993 ], [ -57.062566199999935, -29.789966399999969 ], [ -57.063113699999974, -29.789251399999955 ], [ -57.063173899999981, -29.789186 ], [ -57.059233299999967, -29.786674 ], [ -57.057495699999947, -29.78555139999996 ], [ -57.056912399999987, -29.78514609999997 ], [ -57.052403599999934, -29.790499899999922 ], [ -57.049663099999975, -29.793635299999956 ], [ -57.049524599999984, -29.793800099999938 ] ] ] } },
{ "type": "Feature", "properties": { "CD_SETOR": "432240005000143", "NM_BAIRRO": "União das Vilas", "NM_DIST": "Uruguaiana", "populacao_total": 1092, "pct_populacao_0_a_4_anos": 10.99, "sem_dado": false, "estimativa_criancas_0_a_4": 120.0 }, "geometry": { "type": "Polygon", "coordinates": [ [ [ -57.061392599999976, -29.794658299999973 ], [ -57.058083399999987, -29.798535099999977 ], [ -57.060465099999938, -29.800267799999975 ], [ -57.063694199999986, -29.80001969999995 ], [ -57.065007199999968, -29.799647399999966 ], [ -57.064320299999963, -29.796859899999951 ], [ -57.064353899999958, -29.795552699999963 ], [ -57.064320299999963, -29.793664599999943 ], [ -57.064365, -29.792625499999929 ], [ -57.064521499999962, -29.791396499999973 ], [ -57.064086399999951, -29.791465699999943 ], [ -57.063958699999944, -29.791495399999967 ], [ -57.063642299999977, -29.792013899999976 ], [ -57.062837199999933, -29.792904799999974 ], [ -57.061392599999976, -29.794658299999973 ] ] ] } },
{ "type": "Feature", "properties": { "CD_SETOR": "432240005000145", "NM_BAIRRO": "Cidade Nova", "NM_DIST": "Uruguaiana", "populacao_total": 608, "pct_populacao_0_a_4_anos": 6.41, "sem_dado": false, "estimativa_criancas_0_a_4": 39.0 }, "geometry": { "type": "Polygon", "coordinates": [ [ [ -57.058149599999979, -29.76829169999997 ], [ -57.060267099999976, -29.768397299999933 ], [ -57.060246899999981, -29.768179099999934 ], [ -57.060292699999934, -29.767597399999929 ], [ -57.060289199999943, -29.766987699999959 ], [ -57.060324199999968, -29.764980299999927 ], [ -57.060348199999964, -29.763607499999971 ], [ -57.058225, -29.76358729999998 ], [ -57.058149599999979, -29.76829169999997 ] ] ] } },
{ "type": "Feature", "properties": { "CD_SETOR": "432240005000147", "NM_BAIRRO": "Vila Júlia", "NM_DIST": "Uruguaiana", "populacao_total": 855, "pct_populacao_0_a_4_anos": 6.78, "sem_dado": false, "estimativa_criancas_0_a_4": 58.0 }, "geometry": { "type": "Polygon", "coordinates": [ [ [ -57.082447699999932, -29.776345599999953 ], [ -57.082430299999942, -29.776873699999953 ], [ -57.082497699999976, -29.777892599999966 ], [ -57.08215789999997, -29.777949499999977 ], [ -57.081926599999974, -29.777976099999918 ], [ -57.081255799999951, -29.778503299999951 ], [ -57.080402699999986, -29.779285699999942 ], [ -57.080801199999947, -29.779602399999924 ], [ -57.081199, -29.779915299999974 ], [ -57.081589, -29.780251499999956 ], [ -57.081987699999956, -29.780564 ], [ -57.082449399999973, -29.780957399999977 ], [ -57.079985699999952, -29.783565399999933 ], [ -57.079822599999943, -29.783679399999983 ], [ -57.079686799999934, -29.783705299999948 ], [ -57.079401399999938, -29.783722199999936 ], [ -57.079266799999971, -29.783722499999953 ], [ -57.078382099999942, -29.783777899999958 ], [ -57.076921499999969, -29.78386 ], [ -57.077404299999955, -29.785790099999925 ], [ -57.07737149999997, -29.785892899999961 ], [ -57.078667, -29.786280599999934 ], [ -57.087235099999987, -29.787944499999981 ], [ -57.088657599999983, -29.788220799999984 ], [ -57.089278099999945, -29.788318299999961 ], [ -57.090003299999978, -29.78836 ], [ -57.090156, -29.78750639999997 ], [ -57.089659099999949, -29.7864317 ], [ -57.089619699999957, -29.786305699999946 ], [ -57.088795399999981, -29.783671 ], [ -57.088334, -29.781567799999952 ], [ -57.087777199999948, -29.777944199999983 ], [ -57.087757599999975, -29.776470199999949 ], [ -57.086206499999946, -29.776421099999936 ], [ -57.085362199999963, -29.7763629 ], [ -57.084564, -29.776239799999924 ], [ -57.083923599999942, -29.776032499999921 ], [ -57.083749699999942, -29.776098299999944 ], [ -57.082447699999932, -29.776345599999953 ] ] ] } },
{ "type": "Feature", "properties": { "CD_SETOR": "432240005000148", "NM_BAIRRO": "Vila Júlia", "NM_DIST": "Uruguaiana", "populacao_total": 1466, "pct_populacao_0_a_4_anos": 5.87, "sem_dado": false, "estimativa_criancas_0_a_4": 86.0 }, "geometry": { "type": "Polygon", "coordinates": [ [ [ -57.078910699999938, -29.777016799999956 ], [ -57.079095699999982, -29.777815799999924 ], [ -57.07815869999996, -29.77799739999994 ], [ -57.077357899999981, -29.778061499999968 ], [ -57.076970599999981, -29.778141299999955 ], [ -57.076905399999987, -29.779264899999927 ], [ -57.076840199999936, -29.780388399999929 ], [ -57.076643, -29.780425499999975 ], [ -57.07615009999995, -29.780518199999964 ], [ -57.076151799999934, -29.780974699999948 ], [ -57.076152399999962, -29.781157299999961 ], [ -57.076808, -29.781063199999942 ], [ -57.076660599999968, -29.783873899999943 ], [ -57.076921499999969, -29.78386 ], [ -57.078382099999942, -29.783777899999958 ], [ -57.079266799999971, -29.783722499999953 ], [ -57.079401399999938, -29.783722199999936 ], [ -57.079686799999934, -29.783705299999948 ], [ -57.079822599999943, -29.783679399999983 ], [ -57.079985699999952, -29.783565399999933 ], [ -57.082449399999973, -29.780957399999977 ], [ -57.081987699999956, -29.780564 ], [ -57.081589, -29.780251499999956 ], [ -57.081199, -29.779915299999974 ], [ -57.080801199999947, -29.779602399999924 ], [ -57.080402699999986, -29.779285699999942 ], [ -57.081255799999951, -29.778503299999951 ], [ -57.081926599999974, -29.777976099999918 ], [ -57.08215789999997, -29.777949499999977 ], [ -57.082497699999976, -29.777892599999966 ], [ -57.082430299999942, -29.776873699999953 ], [ -57.082447699999932, -29.776345599999953 ], [ -57.081330199999968, -29.776557499999967 ], [ -57.078910699999938, -29.777016799999956 ] ] ] } },
{ "type": "Feature", "properties": { "CD_SETOR": "432240005000149", "NM_BAIRRO": null, "NM_DIST": "Uruguaiana", "populacao_total": 472, "pct_populacao_0_a_4_anos": 5.51, "sem_dado": false, "estimativa_criancas_0_a_4": 26.0 }, "geometry": { "type": "Polygon", "coordinates": [ [ [ -57.037514699999981, -29.697699499999942 ], [ -57.033434899999975, -29.695707799999976 ], [ -57.026981099999944, -29.689435099999969 ], [ -57.021104599999944, -29.683317299999935 ], [ -57.016153699999961, -29.674845599999973 ], [ -57.011519299999982, -29.664496199999974 ], [ -57.006606299999987, -29.658201099999932 ], [ -57.000923699999987, -29.651914599999934 ], [ -56.99064, -29.646683799999945 ], [ -56.980211099999963, -29.644469099999981 ], [ -56.971148399999947, -29.643406399999954 ], [ -56.968552299999942, -29.639156799999967 ], [ -56.966971699999938, -29.640461799999962 ], [ -56.963111599999934, -29.644037 ], [ -56.960580199999981, -29.644554199999945 ], [ -56.957670599999972, -29.640197899999986 ], [ -56.955457599999932, -29.638175499999925 ], [ -56.952293299999951, -29.63693149999995 ], [ -56.950013399999932, -29.638276799999975 ], [ -56.950837499999977, -29.640921599999967 ], [ -56.95007609999994, -29.645171199999936 ], [ -56.947290199999941, -29.647555499999953 ], [ -56.939630899999941, -29.651544299999941 ], [ -56.936364199999957, -29.649520499999937 ], [ -56.938305499999956, -29.646965 ], [ -56.938983799999967, -29.643787399999947 ], [ -56.9364126, -29.64208269999995 ], [ -56.931770899999947, -29.641043 ], [ -56.929744599999935, -29.642561799999953 ], [ -56.930544, -29.645155 ], [ -56.928938799999969, -29.648264699999967 ], [ -56.926069499999983, -29.648467699999973 ], [ -56.921555299999966, -29.64788109999996 ], [ -56.913701899999978, -29.651332699999948 ], [ -56.908177699999953, -29.65212369999994 ], [ -56.902438399999937, -29.652050199999952 ], [ -56.89847089999995, -29.653845299999944 ], [ -56.892756799999972, -29.654722799999952 ], [ -56.9110467, -29.687328399999952 ], [ -56.917608099999939, -29.698431899999949 ], [ -56.924098499999957, -29.710134199999981 ], [ -56.928976199999966, -29.718262 ], [ -56.930416399999956, -29.719542799999935 ], [ -56.935265699999945, -29.722045399999956 ], [ -56.945313099999964, -29.726156099999972 ], [ -56.958769399999937, -29.732976499999953 ], [ -56.977746199999956, -29.740838 ], [ -56.981682299999932, -29.742980699999983 ], [ -56.985194399999955, -29.74536269999993 ], [ -56.992152299999987, -29.751253899999941 ], [ -56.992514, -29.750521 ], [ -56.992544199999941, -29.750462099999936 ], [ -56.992312799999979, -29.749658499999953 ], [ -56.993701099999953, -29.747850499999966 ], [ -56.996709199999941, -29.746645099999977 ], [ -56.99925449999995, -29.746645099999963 ], [ -57.002262599999938, -29.745238799999985 ], [ -57.004807899999946, -29.742827899999945 ], [ -57.004345099999966, -29.741622499999934 ], [ -57.007353099999932, -29.740015199999956 ], [ -57.009231, -29.738547699999966 ], [ -57.009667, -29.738207 ], [ -57.009435599999961, -29.73659959999998 ], [ -57.009435599999961, -29.734188599999985 ], [ -57.011286799999937, -29.731576499999957 ], [ -57.013369299999965, -29.730973699999936 ], [ -57.014526199999978, -29.731174699999929 ], [ -57.014989, -29.730571899999969 ], [ -57.015914599999974, -29.728562499999949 ], [ -57.014989, -29.727156 ], [ -57.014989, -29.726955 ], [ -57.016146, -29.726352199999944 ], [ -57.017071499999986, -29.725146599999956 ], [ -57.018228499999964, -29.724744699999974 ], [ -57.018922599999939, -29.723137099999974 ], [ -57.020773799999979, -29.72213239999995 ], [ -57.022393499999964, -29.722534299999953 ], [ -57.023781799999938, -29.722534299999946 ], [ -57.023781799999938, -29.721127599999924 ], [ -57.026789899999983, -29.719118099999942 ], [ -57.030492099999947, -29.71911809999995 ], [ -57.031880499999943, -29.71710859999996 ], [ -57.031880499999943, -29.715098899999933 ], [ -57.032201899999961, -29.715059099999959 ], [ -57.033500199999935, -29.714898 ], [ -57.03650829999998, -29.714697 ], [ -57.037433799999974, -29.712084499999939 ], [ -57.037433799999974, -29.712074399999956 ], [ -57.037433799999974, -29.709512799999978 ], [ -57.03787269999998, -29.70844539999996 ], [ -57.036874499999954, -29.70690279999997 ], [ -57.037101399999983, -29.705133399999973 ], [ -57.035694899999953, -29.703500099999935 ], [ -57.037514699999981, -29.697699499999942 ] ] ] } },
{ "type": "Feature", "properties": { "CD_SETOR": "432240005000151", "NM_BAIRRO": "Tabajara Brites", "NM_DIST": "Uruguaiana", "populacao_total": 196, "pct_populacao_0_a_4_anos": 10.71, "sem_dado": false, "estimativa_criancas_0_a_4": 21.0 }, "geometry": { "type": "Polygon", "coordinates": [ [ [ -57.102531899999974, -29.786779299999978 ], [ -57.102486499999941, -29.786553199999958 ], [ -57.102805499999931, -29.786539399999981 ], [ -57.102679099999932, -29.785244599999938 ], [ -57.102675, -29.78513009999994 ], [ -57.102538, -29.783885399999981 ], [ -57.102284299999951, -29.783904599999971 ], [ -57.102420899999977, -29.785255 ], [ -57.102436699999942, -29.785448199999959 ], [ -57.101375699999949, -29.785510799999937 ], [ -57.100949399999941, -29.785532499999942 ], [ -57.101118499999984, -29.787027899999934 ], [ -57.102531899999974, -29.786779299999978 ] ] ] } },
{ "type": "Feature", "properties": { "CD_SETOR": "432240005000152", "NM_BAIRRO": "Cabo Luiz Quevedo", "NM_DIST": "Uruguaiana", "populacao_total": 1156, "pct_populacao_0_a_4_anos": 7.61, "sem_dado": false, "estimativa_criancas_0_a_4": 88.0 }, "geometry": { "type": "Polygon", "coordinates": [ [ [ -57.107022899999947, -29.769706799999938 ], [ -57.106878499999937, -29.772480199999961 ], [ -57.106904199999974, -29.775410299999979 ], [ -57.108478899999966, -29.77545669999995 ], [ -57.108401399999941, -29.779596899999952 ], [ -57.109444899999971, -29.779627899999969 ], [ -57.109987899999965, -29.779637799999922 ], [ -57.111544599999945, -29.77961629999993 ], [ -57.127202899999986, -29.779747099999952 ], [ -57.127820199999974, -29.779765499999943 ], [ -57.127857199999937, -29.779476699999972 ], [ -57.128321699999958, -29.778605399999957 ], [ -57.1287698, -29.777946099999955 ], [ -57.129432099999974, -29.777251499999984 ], [ -57.129851199999962, -29.776514599999928 ], [ -57.133635899999945, -29.77112539999996 ], [ -57.133981399999982, -29.770633499999974 ], [ -57.133979099999976, -29.770632899999946 ], [ -57.131905399999937, -29.770160099999941 ], [ -57.123991299999943, -29.764531 ], [ -57.122351299999934, -29.765812399999959 ], [ -57.117530899999963, -29.76957909999993 ], [ -57.11283149999997, -29.769441199999953 ], [ -57.108434399999965, -29.769756399999949 ], [ -57.107022899999947, -29.769706799999938 ] ], [ [ -57.110310499999969, -29.778207199999933 ], [ -57.110074699999984, -29.778204399999929 ], [ -57.110067799999975, -29.77758109999996 ], [ -57.110084299999983, -29.776872399999931 ], [ -57.110747599999968, -29.776872399999938 ], [ -57.111415, -29.775489199999988 ], [ -57.111587399999969, -29.775549899999923 ], [ -57.111084099999978, -29.776631 ], [ -57.110551799999939, -29.777738299999953 ], [ -57.110310499999969, -29.778207199999933 ] ] ] } },
{ "type": "Feature", "properties": { "CD_SETOR": "432240005000153", "NM_BAIRRO": "Cabo Luiz Quevedo", "NM_DIST": "Uruguaiana", "populacao_total": 116, "pct_populacao_0_a_4_anos": 4.31, "sem_dado": false, "estimativa_criancas_0_a_4": 5.0 }, "geometry": { "type": "Polygon", "coordinates": [ [ [ -57.110310499999969, -29.778207199999933 ], [ -57.110551799999939, -29.777738299999953 ], [ -57.111084099999978, -29.776631 ], [ -57.111587399999969, -29.775549899999923 ], [ -57.111415, -29.775489199999988 ], [ -57.110747599999968, -29.776872399999938 ], [ -57.110084299999983, -29.776872399999931 ], [ -57.110067799999975, -29.77758109999996 ], [ -57.110074699999984, -29.778204399999929 ], [ -57.110310499999969, -29.778207199999933 ] ] ] } },
{ "type": "Feature", "properties": { "CD_SETOR": "432240005000154", "NM_BAIRRO": "Cabo Luiz Quevedo", "NM_DIST": "Uruguaiana", "populacao_total": 906, "pct_populacao_0_a_4_anos": 8.28, "sem_dado": false, "estimativa_criancas_0_a_4": 75.0 }, "geometry": { "type": "Polygon", "coordinates": [ [ [ -57.100509199999976, -29.775273899999934 ], [ -57.100519099999985, -29.774377 ], [ -57.101997399999959, -29.774395399999946 ], [ -57.102133099999953, -29.77439319999996 ], [ -57.102136499999972, -29.773829499999984 ], [ -57.10216859999997, -29.772442699999946 ], [ -57.100577399999963, -29.77244589999998 ], [ -57.10057009999997, -29.771744599999973 ], [ -57.100521199999946, -29.769593299999944 ], [ -57.100443499999983, -29.769592899999964 ], [ -57.097461499999952, -29.769579199999946 ], [ -57.097334, -29.772403599999947 ], [ -57.097344799999973, -29.773754 ], [ -57.0973168, -29.77522719999995 ], [ -57.09893169999998, -29.775274199999959 ], [ -57.099724799999933, -29.775274 ], [ -57.100248499999964, -29.775274 ], [ -57.100509199999976, -29.775273899999934 ] ] ] } },
{ "type": "Feature", "properties": { "CD_SETOR": "432240005000155", "NM_BAIRRO": "Cabo Luiz Quevedo", "NM_DIST": "Uruguaiana", "populacao_total": 204, "pct_populacao_0_a_4_anos": 8.33, "sem_dado": false, "estimativa_criancas_0_a_4": 17.0 }, "geometry": { "type": "Polygon", "coordinates": [ [ [ -57.102133099999953, -29.77439319999996 ], [ -57.101997399999959, -29.774395399999946 ], [ -57.100519099999985, -29.774377 ], [ -57.100509199999976, -29.775273899999934 ], [ -57.100518, -29.775273899999945 ], [ -57.101781599999988, -29.775281099999969 ], [ -57.10212759999996, -29.775283099999971 ], [ -57.102130899999963, -29.774749499999931 ], [ -57.102133099999953, -29.77439319999996 ] ] ] } },
{ "type": "Feature", "properties": { "CD_SETOR": "432240005000156", "NM_BAIRRO": "Tabajara Brites", "NM_DIST": "Uruguaiana", "populacao_total": 777, "pct_populacao_0_a_4_anos": 7.21, "sem_dado": false, "estimativa_criancas_0_a_4": 56.0 }, "geometry": { "type": "Polygon", "coordinates": [ [ [ -57.102531899999974, -29.786779299999978 ], [ -57.101118499999984, -29.787027899999934 ], [ -57.100949399999941, -29.785532499999942 ], [ -57.101375699999949, -29.785510799999937 ], [ -57.102436699999942, -29.785448199999959 ], [ -57.102420899999977, -29.785255 ], [ -57.102284299999951, -29.783904599999971 ], [ -57.102270899999951, -29.783772799999955 ], [ -57.101557899999932, -29.783795199999929 ], [ -57.101464599999986, -29.783833099999988 ], [ -57.10133929999995, -29.783844699999975 ], [ -57.101222699999937, -29.783392899999971 ], [ -57.100983699999972, -29.782218199999935 ], [ -57.101966399999981, -29.782268799999937 ], [ -57.102520499999969, -29.782311799999945 ], [ -57.102994499999966, -29.782316599999945 ], [ -57.103050099999962, -29.780909 ], [ -57.098812499999951, -29.780870799999942 ], [ -57.097190499999961, -29.780847299999945 ], [ -57.096678499999946, -29.796148099999975 ], [ -57.096574299999986, -29.80104869999996 ], [ -57.097394099999974, -29.801337199999981 ], [ -57.097982299999956, -29.801788899999956 ], [ -57.09906059999998, -29.801841399999955 ], [ -57.100075499999946, -29.80162939999996 ], [ -57.10148449999997, -29.801247499999931 ], [ -57.102572, -29.801182299999926 ], [ -57.102359299999939, -29.79619729999996 ], [ -57.102639299999971, -29.788123599999942 ], [ -57.102531899999974, -29.786779299999978 ] ] ] } },
{ "type": "Feature", "properties": { "CD_SETOR": "432240005000157", "NM_BAIRRO": "Tabajara Brites", "NM_DIST": "Uruguaiana", "populacao_total": 179, "pct_populacao_0_a_4_anos": 9.5, "sem_dado": false, "estimativa_criancas_0_a_4": 17.0 }, "geometry": { "type": "Polygon", "coordinates": [ [ [ -57.101966399999981, -29.782268799999937 ], [ -57.100983699999972, -29.782218199999935 ], [ -57.101222699999937, -29.783392899999971 ], [ -57.10133929999995, -29.783844699999975 ], [ -57.101464599999986, -29.783833099999988 ], [ -57.101557899999932, -29.783795199999929 ], [ -57.102270899999951, -29.783772799999955 ], [ -57.102237699999932, -29.783444399999944 ], [ -57.102148899999975, -29.783297399999981 ], [ -57.101957599999935, -29.783185499999949 ], [ -57.101966399999981, -29.782268799999937 ] ] ] } },
{ "type": "Feature", "properties": { "CD_SETOR": "432240005000158", "NM_BAIRRO": "Tabajara Brites", "NM_DIST": "Uruguaiana", "populacao_total": 418, "pct_populacao_0_a_4_anos": 10.05, "sem_dado": false, "estimativa_criancas_0_a_4": 42.0 }, "geometry": { "type": "Polygon", "coordinates": [ [ [ -57.102679099999932, -29.785244599999938 ], [ -57.102805499999931, -29.786539399999981 ], [ -57.102486499999941, -29.786553199999958 ], [ -57.102531899999974, -29.786779299999978 ], [ -57.102639299999971, -29.788123599999942 ], [ -57.10398, -29.787973299999987 ], [ -57.103702399999975, -29.78513589999994 ], [ -57.103135699999946, -29.785171899999973 ], [ -57.102679099999932, -29.785244599999938 ] ] ] } },
{ "type": "Feature", "properties": { "CD_SETOR": "432240005000159", "NM_BAIRRO": "Jóquei Clube", "NM_DIST": "Uruguaiana", "populacao_total": 752, "pct_populacao_0_a_4_anos": 6.91, "sem_dado": false, "estimativa_criancas_0_a_4": 52.0 }, "geometry": { "type": "Polygon", "coordinates": [ [ [ -57.057158299999969, -29.742380399999938 ], [ -57.056945799999937, -29.743258399999942 ], [ -57.054079199999933, -29.753201399999966 ], [ -57.053450599999962, -29.756681499999949 ], [ -57.052964399999951, -29.758765499999978 ], [ -57.052593699999932, -29.760697299999951 ], [ -57.052014, -29.763499199999963 ], [ -57.052175699999964, -29.763486499999942 ], [ -57.053283399999941, -29.763438899999979 ], [ -57.054570399999932, -29.763278699999937 ], [ -57.055013799999983, -29.763146299999953 ], [ -57.055460799999942, -29.763006399999938 ], [ -57.056288, -29.76263519999997 ], [ -57.057591899999977, -29.761905199999941 ], [ -57.058261799999968, -29.761506199999921 ], [ -57.058785499999942, -29.760858199999973 ], [ -57.058983599999983, -29.760389699999951 ], [ -57.05919769999997, -29.759966 ], [ -57.059685499999944, -29.759235899999972 ], [ -57.060446499999962, -29.758441499999943 ], [ -57.061586899999952, -29.757557 ], [ -57.062438499999985, -29.757076699999963 ], [ -57.064195899999959, -29.756285099999957 ], [ -57.0665982, -29.755140799999939 ], [ -57.067299499999933, -29.754711699999969 ], [ -57.06853, -29.75385289999997 ], [ -57.071482399999979, -29.751203299999929 ], [ -57.072117299999945, -29.750574199999964 ], [ -57.073267099999953, -29.749435099999985 ], [ -57.074377799999979, -29.748656499999974 ], [ -57.074834299999964, -29.748466399999984 ], [ -57.075783299999962, -29.748384699999978 ], [ -57.075939899999987, -29.747939799999976 ], [ -57.074408399999982, -29.747955599999955 ], [ -57.073896799999943, -29.747171599999948 ], [ -57.073773799999969, -29.747225899999926 ], [ -57.073500899999942, -29.747389399999975 ], [ -57.073292199999969, -29.747663799999941 ], [ -57.073156899999958, -29.74790309999997 ], [ -57.073048299999982, -29.747937399999959 ], [ -57.072852799999971, -29.747914099999942 ], [ -57.072750499999984, -29.748049499999972 ], [ -57.072742299999959, -29.748050399999947 ], [ -57.072586099999967, -29.748050499999977 ], [ -57.072421799999972, -29.748276199999975 ], [ -57.072331899999945, -29.748364699999975 ], [ -57.072044499999947, -29.748470399999974 ], [ -57.07185839999994, -29.74859959999997 ], [ -57.071675499999969, -29.748811799999952 ], [ -57.071397499999932, -29.749107 ], [ -57.071231099999977, -29.749360699999961 ], [ -57.070935499999962, -29.749630699999948 ], [ -57.070939499999952, -29.749356399999947 ], [ -57.070913599999983, -29.749342799999958 ], [ -57.071021, -29.749043199999953 ], [ -57.071042699999964, -29.749008899999978 ], [ -57.071063199999969, -29.748786799999955 ], [ -57.071077499999944, -29.74856659999994 ], [ -57.071263599999952, -29.748532199999943 ], [ -57.071498299999973, -29.74839309999993 ], [ -57.071523, -29.748208099999943 ], [ -57.071529199999986, -29.748192699999947 ], [ -57.071589199999949, -29.748177399999971 ], [ -57.071739099999945, -29.748124 ], [ -57.071968599999934, -29.747947899999922 ], [ -57.072028499999931, -29.747877499999955 ], [ -57.072268299999962, -29.747687899999953 ], [ -57.07246159999994, -29.747446799999974 ], [ -57.072517199999936, -29.747158 ], [ -57.072488099999987, -29.746933299999974 ], [ -57.072337, -29.74676009999996 ], [ -57.07217559999998, -29.746712299999963 ], [ -57.071945899999946, -29.746663699999946 ], [ -57.071543599999984, -29.74667379999994 ], [ -57.071254099999976, -29.746699299999932 ], [ -57.070909699999959, -29.746722 ], [ -57.070612799999935, -29.746668 ], [ -57.070355199999938, -29.746537299999954 ], [ -57.070134799999956, -29.746387599999931 ], [ -57.070008599999937, -29.746278499999953 ], [ -57.070000199999981, -29.746156599999946 ], [ -57.070053899999948, -29.746031199999944 ], [ -57.070123199999955, -29.745957099999941 ], [ -57.070281299999976, -29.74583789999997 ], [ -57.070472499999937, -29.745695199999947 ], [ -57.070673099999965, -29.745567899999966 ], [ -57.070844699999952, -29.74545769999996 ], [ -57.071141399999931, -29.745251699999987 ], [ -57.071167, -29.74499 ], [ -57.071184399999943, -29.744741799999925 ], [ -57.071181199999955, -29.744532399999972 ], [ -57.071199499999977, -29.744166899999978 ], [ -57.071223099999941, -29.743862799999924 ], [ -57.071213599999965, -29.743557699999936 ], [ -57.071190699999931, -29.743312299999943 ], [ -57.071127399999966, -29.743045199999983 ], [ -57.07100619999995, -29.742701399999923 ], [ -57.070809599999961, -29.742588699999946 ], [ -57.070499299999938, -29.742524799999945 ], [ -57.07013829999994, -29.74250689999996 ], [ -57.069858099999976, -29.74250249999994 ], [ -57.069495199999949, -29.742615499999935 ], [ -57.069216099999949, -29.742883699999936 ], [ -57.069097399999976, -29.74315 ], [ -57.069037499999979, -29.743379299999948 ], [ -57.068949799999984, -29.743620299999975 ], [ -57.068861, -29.743832399999981 ], [ -57.068731899999932, -29.744105899999965 ], [ -57.06864, -29.744325299999957 ], [ -57.068436499999962, -29.744579899999966 ], [ -57.068257599999981, -29.744742399999947 ], [ -57.068084, -29.744894099999954 ], [ -57.067806899999937, -29.745030599999943 ], [ -57.067506, -29.745098399999954 ], [ -57.067058199999963, -29.745082399999941 ], [ -57.066655799999978, -29.74494719999996 ], [ -57.066315399999951, -29.744788499999974 ], [ -57.066068199999961, -29.744640699999941 ], [ -57.065672899999988, -29.744363799999977 ], [ -57.06525709999994, -29.744207899999942 ], [ -57.064993299999969, -29.744125899999968 ], [ -57.064700599999981, -29.744017699999965 ], [ -57.064509199999975, -29.74396 ], [ -57.064395299999944, -29.743822899999941 ], [ -57.064345599999967, -29.743723699999975 ], [ -57.064193599999953, -29.74363169999998 ], [ -57.064033099999961, -29.74340159999997 ], [ -57.063847799999962, -29.743115599999946 ], [ -57.063625299999956, -29.742848599999945 ], [ -57.063498899999956, -29.742566199999938 ], [ -57.063253799999984, -29.742461599999956 ], [ -57.062995199999932, -29.742412099999967 ], [ -57.062570099999967, -29.742369 ], [ -57.062296099999969, -29.742426899999938 ], [ -57.062067599999978, -29.742513599999938 ], [ -57.06171919999997, -29.742636499999943 ], [ -57.061271499999975, -29.742903899999934 ], [ -57.061158799999987, -29.742907499999944 ], [ -57.06090439999997, -29.742886 ], [ -57.060673699999938, -29.742788599999983 ], [ -57.060424399999931, -29.742745399999929 ], [ -57.060100699999964, -29.742730199999972 ], [ -57.059800799999948, -29.742684299999947 ], [ -57.059469799999931, -29.742637499999947 ], [ -57.059154299999932, -29.742506799999944 ], [ -57.058941199999936, -29.742367899999977 ], [ -57.058717699999931, -29.742181199999951 ], [ -57.058487, -29.742035099999953 ], [ -57.058167399999945, -29.741948599999944 ], [ -57.057821, -29.742045299999969 ], [ -57.05756979999996, -29.742196099999941 ], [ -57.057237899999969, -29.74231 ], [ -57.057158299999969, -29.742380399999938 ] ], [ [ -57.057137199999943, -29.758531699999928 ], [ -57.057079399999964, -29.758771099999933 ], [ -57.057045899999935, -29.759219299999977 ], [ -57.05651249999994, -29.759142199999925 ], [ -57.0563107, -29.759102699999978 ], [ -57.056069399999956, -29.759933199999974 ], [ -57.05560289999994, -29.75985709999998 ], [ -57.054989399999954, -29.759772 ], [ -57.054307899999969, -29.759658399999974 ], [ -57.054496499999971, -29.758783199999979 ], [ -57.055173899999943, -29.758754799999959 ], [ -57.055263199999956, -29.758694 ], [ -57.05528749999997, -29.758568199999949 ], [ -57.057137199999943, -29.758531699999928 ] ] ] } },
{ "type": "Feature", "properties": { "CD_SETOR": "432240005000160", "NM_BAIRRO": "Jóquei Clube", "NM_DIST": "Uruguaiana", "populacao_total": 164, "pct_populacao_0_a_4_anos": 10.37, "sem_dado": false, "estimativa_criancas_0_a_4": 17.0 }, "geometry": { "type": "Polygon", "coordinates": [ [ [ -57.057137199999943, -29.758531699999928 ], [ -57.05528749999997, -29.758568199999949 ], [ -57.055263199999956, -29.758694 ], [ -57.055173899999943, -29.758754799999959 ], [ -57.054496499999971, -29.758783199999979 ], [ -57.054307899999969, -29.759658399999974 ], [ -57.054989399999954, -29.759772 ], [ -57.05560289999994, -29.75985709999998 ], [ -57.056069399999956, -29.759933199999974 ], [ -57.0563107, -29.759102699999978 ], [ -57.05651249999994, -29.759142199999925 ], [ -57.057045899999935, -29.759219299999977 ], [ -57.057079399999964, -29.758771099999933 ], [ -57.057137199999943, -29.758531699999928 ] ] ] } },
{ "type": "Feature", "properties": { "CD_SETOR": "432240005000161", "NM_BAIRRO": "Jóquei Clube", "NM_DIST": "Uruguaiana", "populacao_total": 869, "pct_populacao_0_a_4_anos": 8.29, "sem_dado": false, "estimativa_criancas_0_a_4": 72.0 }, "geometry": { "type": "Polygon", "coordinates": [ [ [ -57.033812899999987, -29.76564709999996 ], [ -57.038169299999936, -29.765165 ], [ -57.040195499999989, -29.764644799999925 ], [ -57.041777399999944, -29.764584099999983 ], [ -57.042841199999941, -29.764501899999974 ], [ -57.044422899999972, -29.764116599999966 ], [ -57.047846899999968, -29.763845 ], [ -57.052014, -29.763499199999963 ], [ -57.052593699999932, -29.760697299999951 ], [ -57.052964399999951, -29.758765499999978 ], [ -57.053450599999962, -29.756681499999949 ], [ -57.054079199999933, -29.753201399999966 ], [ -57.056945799999937, -29.743258399999942 ], [ -57.057158299999969, -29.742380399999938 ], [ -57.056559799999945, -29.742909499999939 ], [ -57.055908299999949, -29.743052399999961 ], [ -57.055737699999952, -29.743107499999955 ], [ -57.055572299999938, -29.743196899999933 ], [ -57.055417199999965, -29.743314299999945 ], [ -57.055255899999963, -29.743364 ], [ -57.054823599999963, -29.743191799999963 ], [ -57.054492599999946, -29.743164899999947 ], [ -57.053956899999953, -29.743129899999932 ], [ -57.053421199999946, -29.743145499999972 ], [ -57.053120299999932, -29.743257499999974 ], [ -57.053111, -29.743259299999988 ], [ -57.052750099999969, -29.743347899999954 ], [ -57.052383099999986, -29.743589899999961 ], [ -57.052038799999941, -29.743813 ], [ -57.05152389999995, -29.744064099999942 ], [ -57.051058599999976, -29.744259199999931 ], [ -57.050489899999953, -29.744377599999943 ], [ -57.050076299999944, -29.744492399999949 ], [ -57.049590299999977, -29.744655 ], [ -57.049166399999933, -29.745010799999928 ], [ -57.04888219999998, -29.745353799999968 ], [ -57.04869, -29.74567519999993 ], [ -57.048513299999968, -29.746050699999959 ], [ -57.048341799999946, -29.746452299999927 ], [ -57.048110299999962, -29.746808 ], [ -57.047902499999964, -29.747041799999977 ], [ -57.047662699999933, -29.747243199999968 ], [ -57.047326699999985, -29.747477 ], [ -57.046811899999966, -29.748061099999973 ], [ -57.046760199999937, -29.748101699999957 ], [ -57.046514199999933, -29.748343699999968 ], [ -57.046299199999964, -29.748604599999972 ], [ -57.046145199999955, -29.748976499999969 ], [ -57.046022299999947, -29.749275199999943 ], [ -57.045987299999979, -29.749606499999967 ], [ -57.045939799999985, -29.749768 ], [ -57.045856, -29.749807799999925 ], [ -57.045774399999971, -29.749913399999961 ], [ -57.04574139999994, -29.750114599999954 ], [ -57.045684599999959, -29.750276199999981 ], [ -57.045525399999974, -29.750485599999926 ], [ -57.045288599999935, -29.750658099999953 ], [ -57.045014599999945, -29.750715899999932 ], [ -57.044807699999978, -29.750723199999975 ], [ -57.044561499999986, -29.750668299999958 ], [ -57.044248099999947, -29.750606099999963 ], [ -57.043922299999963, -29.750637799999939 ], [ -57.043604799999969, -29.750608099999955 ], [ -57.043295499999942, -29.750530599999934 ], [ -57.043001799999956, -29.750533399999931 ], [ -57.042748499999959, -29.750646299999978 ], [ -57.042578899999967, -29.750740199999939 ], [ -57.042432, -29.750831399999981 ], [ -57.042315199999962, -29.750966799999954 ], [ -57.042211899999984, -29.751120299999965 ], [ -57.042086799999936, -29.751372099999973 ], [ -57.041985599999975, -29.751679 ], [ -57.041917499999954, -29.751985 ], [ -57.041813099999956, -29.752329699999965 ], [ -57.041665399999943, -29.752642899999952 ], [ -57.041627099999971, -29.752724199999921 ], [ -57.041498899999965, -29.752879399999983 ], [ -57.041374899999937, -29.752944499999952 ], [ -57.040983799999935, -29.75335809999995 ], [ -57.040939599999952, -29.753392199999936 ], [ -57.040736, -29.753655799999933 ], [ -57.040544699999941, -29.753947399999955 ], [ -57.04031729999997, -29.754163099999971 ], [ -57.040166399999976, -29.754391499999937 ], [ -57.040038199999969, -29.754600899999957 ], [ -57.040045499999962, -29.754743499999954 ], [ -57.039730099999986, -29.754823 ], [ -57.03935869999998, -29.754821299999936 ], [ -57.039103299999965, -29.754955 ], [ -57.038917199999958, -29.75522669999998 ], [ -57.038736399999948, -29.755608499999934 ], [ -57.038620699999967, -29.756090499999967 ], [ -57.038547499999936, -29.756607599999935 ], [ -57.038498, -29.756966799999933 ], [ -57.03841529999994, -29.757197 ], [ -57.038141299999957, -29.757449699999942 ], [ -57.037948, -29.75780989999998 ], [ -57.037874699999975, -29.757985 ], [ -57.037761, -29.758229599999932 ], [ -57.03769589999996, -29.75846069999994 ], [ -57.037553199999934, -29.758701699999964 ], [ -57.037549199999944, -29.758962499999942 ], [ -57.037498599999935, -29.759244099999929 ], [ -57.037431399999946, -29.75930279999994 ], [ -57.037487399999975, -29.759543699999934 ], [ -57.037264199999981, -29.760205299999939 ], [ -57.037250799999981, -29.760289199999924 ], [ -57.037166, -29.760426399999965 ], [ -57.036996399999964, -29.760613299999925 ], [ -57.036688299999987, -29.760851599999963 ], [ -57.036523899999963, -29.761090799999987 ], [ -57.036348199999964, -29.761378799999935 ], [ -57.036243799999973, -29.761627899999958 ], [ -57.036178699999937, -29.761807499999971 ], [ -57.036175699999944, -29.762135099999973 ], [ -57.03609, -29.762515099999973 ], [ -57.035867699999983, -29.76289689999993 ], [ -57.035719899999947, -29.763154099999955 ], [ -57.035528599999964, -29.763303099999973 ], [ -57.035259699999983, -29.763538699999973 ], [ -57.035012599999959, -29.763784299999944 ], [ -57.03484919999994, -29.763941299999942 ], [ -57.034637199999963, -29.764126399999952 ], [ -57.034509, -29.764257299999951 ], [ -57.034341499999982, -29.764438699999971 ], [ -57.034291899999971, -29.764608399999929 ], [ -57.034297099999947, -29.764800599999948 ], [ -57.033812899999987, -29.76564709999996 ] ], [ [ -57.044516499999986, -29.760107799999954 ], [ -57.044932599999981, -29.759290299999979 ], [ -57.045247399999937, -29.75790579999995 ], [ -57.044675899999966, -29.757322299999945 ], [ -57.043910899999958, -29.756564199999954 ], [ -57.043144299999938, -29.755773599999941 ], [ -57.042305799999951, -29.75498639999995 ], [ -57.041742799999952, -29.754317299999965 ], [ -57.041167799999982, -29.754382299999982 ], [ -57.040408, -29.754521 ], [ -57.040378899999951, -29.754211199999922 ], [ -57.040683499999943, -29.753843299999968 ], [ -57.041877899999974, -29.753682399999953 ], [ -57.042422099999953, -29.754035 ], [ -57.04282939999996, -29.754430299999974 ], [ -57.043510499999968, -29.755118199999966 ], [ -57.045434, -29.75703139999997 ], [ -57.046135599999957, -29.757710799999987 ], [ -57.046722499999987, -29.758309699999973 ], [ -57.04752, -29.759091799999958 ], [ -57.047852, -29.75944939999993 ], [ -57.047884499999959, -29.759454499999944 ], [ -57.047910199999933, -29.759387799999956 ], [ -57.048427, -29.756033699999943 ], [ -57.050583199999949, -29.756345199999938 ], [ -57.051989799999944, -29.756536799999925 ], [ -57.051661299999978, -29.758258399999928 ], [ -57.051449099999957, -29.758234399999942 ], [ -57.051195799999967, -29.757772399999965 ], [ -57.0508296, -29.757313699999941 ], [ -57.050292199999944, -29.757149499999969 ], [ -57.049604299999942, -29.757087899999924 ], [ -57.049193599999967, -29.757262399999949 ], [ -57.048909499999979, -29.757570399999963 ], [ -57.04880339999994, -29.758118 ], [ -57.048481699999975, -29.759555499999973 ], [ -57.047954699999934, -29.759579499999973 ], [ -57.04788259999998, -29.759705699999984 ], [ -57.047824399999968, -29.759685099999956 ], [ -57.047733699999981, -29.759849399999947 ], [ -57.046679499999982, -29.758714799999943 ], [ -57.046617899999944, -29.75896129999995 ], [ -57.045498799999962, -29.758759299999952 ], [ -57.045180499999958, -29.760227599999951 ], [ -57.044516499999986, -29.760107799999954 ] ] ] } },
{ "type": "Feature", "properties": { "CD_SETOR": "432240005000162", "NM_BAIRRO": "Jóquei Clube", "NM_DIST": "Uruguaiana", "populacao_total": 292, "pct_populacao_0_a_4_anos": 10.96, "sem_dado": false, "estimativa_criancas_0_a_4": 32.0 }, "geometry": { "type": "Polygon", "coordinates": [ [ [ -57.044516499999986, -29.760107799999954 ], [ -57.045180499999958, -29.760227599999951 ], [ -57.045498799999962, -29.758759299999952 ], [ -57.046617899999944, -29.75896129999995 ], [ -57.046679499999982, -29.758714799999943 ], [ -57.047733699999981, -29.759849399999947 ], [ -57.047824399999968, -29.759685099999956 ], [ -57.04788259999998, -29.759705699999984 ], [ -57.047954699999934, -29.759579499999973 ], [ -57.048481699999975, -29.759555499999973 ], [ -57.04880339999994, -29.758118 ], [ -57.048909499999979, -29.757570399999963 ], [ -57.049193599999967, -29.757262399999949 ], [ -57.049604299999942, -29.757087899999924 ], [ -57.050292199999944, -29.757149499999969 ], [ -57.0508296, -29.757313699999941 ], [ -57.051195799999967, -29.757772399999965 ], [ -57.051449099999957, -29.758234399999942 ], [ -57.051661299999978, -29.758258399999928 ], [ -57.051989799999944, -29.756536799999925 ], [ -57.050583199999949, -29.756345199999938 ], [ -57.048427, -29.756033699999943 ], [ -57.047910199999933, -29.759387799999956 ], [ -57.047884499999959, -29.759454499999944 ], [ -57.047852, -29.75944939999993 ], [ -57.04752, -29.759091799999958 ], [ -57.046722499999987, -29.758309699999973 ], [ -57.046135599999957, -29.757710799999987 ], [ -57.045434, -29.75703139999997 ], [ -57.043510499999968, -29.755118199999966 ], [ -57.04282939999996, -29.754430299999974 ], [ -57.042422099999953, -29.754035 ], [ -57.041877899999974, -29.753682399999953 ], [ -57.040683499999943, -29.753843299999968 ], [ -57.040378899999951, -29.754211199999922 ], [ -57.040408, -29.754521 ], [ -57.041167799999982, -29.754382299999982 ], [ -57.041742799999952, -29.754317299999965 ], [ -57.042305799999951, -29.75498639999995 ], [ -57.043144299999938, -29.755773599999941 ], [ -57.043910899999958, -29.756564199999954 ], [ -57.044675899999966, -29.757322299999945 ], [ -57.045247399999937, -29.75790579999995 ], [ -57.044932599999981, -29.759290299999979 ], [ -57.044516499999986, -29.760107799999954 ] ] ] } },
{ "type": "Feature", "properties": { "CD_SETOR": "432240005000163", "NM_BAIRRO": "União das Vilas", "NM_DIST": "Uruguaiana", "populacao_total": 185, "pct_populacao_0_a_4_anos": 8.11, "sem_dado": false, "estimativa_criancas_0_a_4": 15.0 }, "geometry": { "type": "Polygon", "coordinates": [ [ [ -57.062837199999933, -29.792904799999974 ], [ -57.061048399999947, -29.791739899999985 ], [ -57.058745199999976, -29.79444669999998 ], [ -57.056244299999946, -29.797407599999936 ], [ -57.056374199999937, -29.797485699999982 ], [ -57.057067699999948, -29.797938399999964 ], [ -57.058083399999987, -29.798535099999977 ], [ -57.061392599999976, -29.794658299999973 ], [ -57.062837199999933, -29.792904799999974 ] ] ] } },
{ "type": "Feature", "properties": { "CD_SETOR": "432240005000164", "NM_BAIRRO": "União das Vilas", "NM_DIST": "Uruguaiana", "populacao_total": 445, "pct_populacao_0_a_4_anos": 9.89, "sem_dado": false, "estimativa_criancas_0_a_4": 44.0 }, "geometry": { "type": "Polygon", "coordinates": [ [ [ -57.061048399999947, -29.791739899999985 ], [ -57.062837199999933, -29.792904799999974 ], [ -57.063642299999977, -29.792013899999976 ], [ -57.063958699999944, -29.791495399999967 ], [ -57.062676399999987, -29.790970899999927 ], [ -57.062969399999986, -29.790576899999959 ], [ -57.063177899999971, -29.790240099999941 ], [ -57.063640699999951, -29.789483599999983 ], [ -57.063173899999981, -29.789186 ], [ -57.063113699999974, -29.789251399999955 ], [ -57.062566199999935, -29.789966399999969 ], [ -57.061454599999934, -29.79126239999993 ], [ -57.061048399999947, -29.791739899999985 ] ] ] } },
{ "type": "Feature", "properties": { "CD_SETOR": "432240005000165", "NM_BAIRRO": "União das Vilas", "NM_DIST": "Uruguaiana", "populacao_total": 539, "pct_populacao_0_a_4_anos": 7.61, "sem_dado": false, "estimativa_criancas_0_a_4": 41.0 }, "geometry": { "type": "Polygon", "coordinates": [ [ [ -57.065690899999936, -29.785640199999943 ], [ -57.065766899999979, -29.787045099999947 ], [ -57.067051499999934, -29.787022699999955 ], [ -57.067157799999961, -29.787592899999943 ], [ -57.067176299999971, -29.787711699999932 ], [ -57.067237299999931, -29.788098499999936 ], [ -57.06726569999995, -29.788284599999944 ], [ -57.067311699999948, -29.788488099999938 ], [ -57.067357, -29.788745 ], [ -57.06475, -29.78930019999995 ], [ -57.064504199999931, -29.789827599999974 ], [ -57.06458159999994, -29.789824899999932 ], [ -57.064640599999962, -29.789830499999944 ], [ -57.064666, -29.789895 ], [ -57.064665599999955, -29.789977599999926 ], [ -57.064575499999933, -29.790112799999967 ], [ -57.063640699999951, -29.789483599999983 ], [ -57.063177899999971, -29.790240099999941 ], [ -57.062969399999986, -29.790576899999959 ], [ -57.062676399999987, -29.790970899999927 ], [ -57.063958699999944, -29.791495399999967 ], [ -57.064086399999951, -29.791465699999943 ], [ -57.064521499999962, -29.791396499999973 ], [ -57.064365, -29.792625499999929 ], [ -57.064320299999963, -29.793664599999943 ], [ -57.064353899999958, -29.795552699999963 ], [ -57.064320299999963, -29.796859899999951 ], [ -57.065007199999968, -29.799647399999966 ], [ -57.065171899999939, -29.799600699999921 ], [ -57.065777199999957, -29.799569699999946 ], [ -57.066373, -29.799171399999981 ], [ -57.066835399999945, -29.799002399999956 ], [ -57.067848399999946, -29.798974799999943 ], [ -57.068611, -29.798956399999959 ], [ -57.069626899999946, -29.798618299999927 ], [ -57.070949799999937, -29.797857699999952 ], [ -57.073998299999978, -29.797773599999971 ], [ -57.070039899999983, -29.796223399999977 ], [ -57.068875899999966, -29.793712499999963 ], [ -57.068745499999977, -29.787769399999945 ], [ -57.068360799999937, -29.78575649999993 ], [ -57.068112, -29.785082299999935 ], [ -57.067935299999931, -29.784759699999942 ], [ -57.067622699999959, -29.784279799999979 ], [ -57.066724499999971, -29.784716399999972 ], [ -57.066659699999946, -29.784964 ], [ -57.06669949999997, -29.785442299999946 ], [ -57.065690899999936, -29.785640199999943 ] ] ] } },
{ "type": "Feature", "properties": { "CD_SETOR": "432240005000166", "NM_BAIRRO": "União das Vilas", "NM_DIST": "Uruguaiana", "populacao_total": 731, "pct_populacao_0_a_4_anos": 9.85, "sem_dado": false, "estimativa_criancas_0_a_4": 72.0 }, "geometry": { "type": "Polygon", "coordinates": [ [ [ -57.063640699999951, -29.789483599999983 ], [ -57.064575499999933, -29.790112799999967 ], [ -57.064665599999955, -29.789977599999926 ], [ -57.064666, -29.789895 ], [ -57.064640599999962, -29.789830499999944 ], [ -57.06458159999994, -29.789824899999932 ], [ -57.064504199999931, -29.789827599999974 ], [ -57.06475, -29.78930019999995 ], [ -57.067357, -29.788745 ], [ -57.067311699999948, -29.788488099999938 ], [ -57.06726569999995, -29.788284599999944 ], [ -57.067237299999931, -29.788098499999936 ], [ -57.067176299999971, -29.787711699999932 ], [ -57.067157799999961, -29.787592899999943 ], [ -57.067051499999934, -29.787022699999955 ], [ -57.065766899999979, -29.787045099999947 ], [ -57.065690899999936, -29.785640199999943 ], [ -57.065335399999981, -29.78571089999997 ], [ -57.064785899999954, -29.785764499999967 ], [ -57.064478299999962, -29.785788399999952 ], [ -57.064303799999948, -29.786260799999969 ], [ -57.063863699999956, -29.788407599999964 ], [ -57.063825899999983, -29.78897979999994 ], [ -57.063853299999948, -29.789212599999928 ], [ -57.063640699999951, -29.789483599999983 ] ] ] } },
{ "type": "Feature", "properties": { "CD_SETOR": "432240005000167", "NM_BAIRRO": "Francisca Tarragô", "NM_DIST": "Uruguaiana", "populacao_total": 711, "pct_populacao_0_a_4_anos": 7.31, "sem_dado": false, "estimativa_criancas_0_a_4": 52.0 }, "geometry": { "type": "Polygon", "coordinates": [ [ [ -57.100209499999949, -29.768236699999932 ], [ -57.099053399999946, -29.768232199999943 ], [ -57.099115599999948, -29.766622599999955 ], [ -57.099124499999959, -29.765435299999975 ], [ -57.097554499999944, -29.765412499999965 ], [ -57.09754259999994, -29.766822099999949 ], [ -57.097461499999952, -29.769579199999946 ], [ -57.100443499999983, -29.769592899999964 ], [ -57.100521199999946, -29.769593299999944 ], [ -57.107022899999947, -29.769706799999938 ], [ -57.108434399999965, -29.769756399999949 ], [ -57.11283149999997, -29.769441199999953 ], [ -57.117530899999963, -29.76957909999993 ], [ -57.122351299999934, -29.765812399999959 ], [ -57.123991299999943, -29.764531 ], [ -57.123984, -29.764525899999967 ], [ -57.120582499999962, -29.762106499999959 ], [ -57.111857, -29.756339899999933 ], [ -57.111822199999949, -29.756316899999941 ], [ -57.1110058, -29.757018099999982 ], [ -57.105723399999931, -29.761142499999949 ], [ -57.10245649999996, -29.76130679999995 ], [ -57.102340899999945, -29.761861599999978 ], [ -57.101737599999979, -29.762800099999936 ], [ -57.100519799999972, -29.764062599999924 ], [ -57.099167899999941, -29.764073799999942 ], [ -57.099189899999949, -29.762629299999951 ], [ -57.098608699999943, -29.762641599999935 ], [ -57.09865979999995, -29.761304699999982 ], [ -57.097571199999948, -29.761303099999967 ], [ -57.097566299999983, -29.764017899999928 ], [ -57.0977271, -29.764068699999939 ], [ -57.097917199999983, -29.764168699999964 ], [ -57.097997299999982, -29.764198799999978 ], [ -57.098047299999969, -29.764268799999968 ], [ -57.098087299999975, -29.764358799999965 ], [ -57.098127299999987, -29.764398799999974 ], [ -57.098447499999963, -29.764649 ], [ -57.098567499999945, -29.764759 ], [ -57.098907699999984, -29.764909099999951 ], [ -57.099067799999943, -29.765089199999974 ], [ -57.099438, -29.765219199999933 ], [ -57.099788099999962, -29.765309299999956 ], [ -57.09993819999994, -29.765449299999936 ], [ -57.100068299999975, -29.765669499999944 ], [ -57.100248299999983, -29.76579949999995 ], [ -57.100348399999973, -29.765859499999969 ], [ -57.100678499999958, -29.765929599999932 ], [ -57.100988699999959, -29.76611969999993 ], [ -57.101098699999966, -29.766319799999962 ], [ -57.101088699999934, -29.766519899999942 ], [ -57.101068699999985, -29.766639899999959 ], [ -57.101128799999969, -29.76672 ], [ -57.101318799999945, -29.76678 ], [ -57.101458899999955, -29.76685 ], [ -57.102099199999941, -29.767020099999968 ], [ -57.102249299999983, -29.767040099999971 ], [ -57.102289299999939, -29.767070099999952 ], [ -57.102539399999962, -29.766990099999934 ], [ -57.10268949999994, -29.76691 ], [ -57.102729499999953, -29.76683 ], [ -57.102699499999972, -29.766699899999949 ], [ -57.102679499999965, -29.766559899999947 ], [ -57.102679499999965, -29.766479799999953 ], [ -57.102989599999944, -29.766499899999921 ], [ -57.103199699999948, -29.766569899999975 ], [ -57.103229799999951, -29.76663989999998 ], [ -57.103589899999974, -29.766629899999934 ], [ -57.10368, -29.766519899999942 ], [ -57.103549899999969, -29.766439799999954 ], [ -57.103549899999969, -29.766349799999936 ], [ -57.10367, -29.76626969999996 ], [ -57.103890099999944, -29.766279699999977 ], [ -57.104130199999986, -29.766329799999937 ], [ -57.104180199999973, -29.766409799999956 ], [ -57.104210199999955, -29.766609899999931 ], [ -57.104280299999978, -29.76679 ], [ -57.104450299999939, -29.766950099999978 ], [ -57.104440299999965, -29.767280199999959 ], [ -57.104440299999965, -29.767640399999941 ], [ -57.104310299999952, -29.767800499999968 ], [ -57.104210199999955, -29.767850499999948 ], [ -57.103900099999976, -29.767940499999941 ], [ -57.10374, -29.768010599999961 ], [ -57.10373, -29.768170599999969 ], [ -57.10378, -29.768320699999951 ], [ -57.103950099999963, -29.768380699999959 ], [ -57.104030099999932, -29.7685408 ], [ -57.104050199999968, -29.768650899999955 ], [ -57.103980099999944, -29.768720899999945 ], [ -57.10369, -29.768861 ], [ -57.103609899999981, -29.768961 ], [ -57.103559899999937, -29.769151099999924 ], [ -57.103459899999962, -29.76935119999996 ], [ -57.102979599999969, -29.769291199999941 ], [ -57.102479399999936, -29.769181099999972 ], [ -57.102339299999983, -29.769091099999972 ], [ -57.102319299999976, -29.768921 ], [ -57.102459399999987, -29.768861 ], [ -57.102639499999952, -29.768861 ], [ -57.102669499999934, -29.768811 ], [ -57.102719499999978, -29.768570799999964 ], [ -57.10259949999994, -29.768490799999942 ], [ -57.102489399999968, -29.768390799999963 ], [ -57.102489399999968, -29.768350699999925 ], [ -57.102539399999962, -29.768300699999941 ], [ -57.102619499999946, -29.768170599999966 ], [ -57.10259949999994, -29.767950499999987 ], [ -57.102309299999945, -29.76793049999997 ], [ -57.102189299999964, -29.76795049999998 ], [ -57.101949099999956, -29.767960499999955 ], [ -57.101719, -29.768050599999981 ], [ -57.101684799999987, -29.768132799999925 ], [ -57.100209499999949, -29.768236699999932 ] ] ] } },
{ "type": "Feature", "properties": { "CD_SETOR": "432240005000168", "NM_BAIRRO": "Francisca Tarragô", "NM_DIST": "Uruguaiana", "populacao_total": 290, "pct_populacao_0_a_4_anos": 10.34, "sem_dado": false, "estimativa_criancas_0_a_4": 30.0 }, "geometry": { "type": "Polygon", "coordinates": [ [ [ -57.097554499999944, -29.765412499999965 ], [ -57.099124499999959, -29.765435299999975 ], [ -57.099115599999948, -29.766622599999955 ], [ -57.099053399999946, -29.768232199999943 ], [ -57.100209499999949, -29.768236699999932 ], [ -57.101684799999987, -29.768132799999925 ], [ -57.101719, -29.768050599999981 ], [ -57.101949099999956, -29.767960499999955 ], [ -57.102189299999964, -29.76795049999998 ], [ -57.102309299999945, -29.76793049999997 ], [ -57.10259949999994, -29.767950499999987 ], [ -57.102619499999946, -29.768170599999966 ], [ -57.102539399999962, -29.768300699999941 ], [ -57.102489399999968, -29.768350699999925 ], [ -57.102489399999968, -29.768390799999963 ], [ -57.10259949999994, -29.768490799999942 ], [ -57.102719499999978, -29.768570799999964 ], [ -57.102669499999934, -29.768811 ], [ -57.102639499999952, -29.768861 ], [ -57.102459399999987, -29.768861 ], [ -57.102319299999976, -29.768921 ], [ -57.102339299999983, -29.769091099999972 ], [ -57.102479399999936, -29.769181099999972 ], [ -57.102979599999969, -29.769291199999941 ], [ -57.103459899999962, -29.76935119999996 ], [ -57.103559899999937, -29.769151099999924 ], [ -57.103609899999981, -29.768961 ], [ -57.10369, -29.768861 ], [ -57.103980099999944, -29.768720899999945 ], [ -57.104050199999968, -29.768650899999955 ], [ -57.104030099999932, -29.7685408 ], [ -57.103950099999963, -29.768380699999959 ], [ -57.10378, -29.768320699999951 ], [ -57.10373, -29.768170599999969 ], [ -57.10374, -29.768010599999961 ], [ -57.103900099999976, -29.767940499999941 ], [ -57.104210199999955, -29.767850499999948 ], [ -57.104310299999952, -29.767800499999968 ], [ -57.104440299999965, -29.767640399999941 ], [ -57.104440299999965, -29.767280199999959 ], [ -57.104450299999939, -29.766950099999978 ], [ -57.104280299999978, -29.76679 ], [ -57.104210199999955, -29.766609899999931 ], [ -57.104180199999973, -29.766409799999956 ], [ -57.104130199999986, -29.766329799999937 ], [ -57.103890099999944, -29.766279699999977 ], [ -57.10367, -29.76626969999996 ], [ -57.103549899999969, -29.766349799999936 ], [ -57.103549899999969, -29.766439799999954 ], [ -57.10368, -29.766519899999942 ], [ -57.103589899999974, -29.766629899999934 ], [ -57.103229799999951, -29.76663989999998 ], [ -57.103199699999948, -29.766569899999975 ], [ -57.102989599999944, -29.766499899999921 ], [ -57.102679499999965, -29.766479799999953 ], [ -57.102679499999965, -29.766559899999947 ], [ -57.102699499999972, -29.766699899999949 ], [ -57.102729499999953, -29.76683 ], [ -57.10268949999994, -29.76691 ], [ -57.102539399999962, -29.766990099999934 ], [ -57.102289299999939, -29.767070099999952 ], [ -57.102249299999983, -29.767040099999971 ], [ -57.102099199999941, -29.767020099999968 ], [ -57.101458899999955, -29.76685 ], [ -57.101318799999945, -29.76678 ], [ -57.101128799999969, -29.76672 ], [ -57.101068699999985, -29.766639899999959 ], [ -57.101088699999934, -29.766519899999942 ], [ -57.101098699999966, -29.766319799999962 ], [ -57.100988699999959, -29.76611969999993 ], [ -57.100678499999958, -29.765929599999932 ], [ -57.100348399999973, -29.765859499999969 ], [ -57.100248299999983, -29.76579949999995 ], [ -57.100068299999975, -29.765669499999944 ], [ -57.09993819999994, -29.765449299999936 ], [ -57.099788099999962, -29.765309299999956 ], [ -57.099438, -29.765219199999933 ], [ -57.099067799999943, -29.765089199999974 ], [ -57.098907699999984, -29.764909099999951 ], [ -57.098567499999945, -29.764759 ], [ -57.098447499999963, -29.764649 ], [ -57.098127299999987, -29.764398799999974 ], [ -57.098087299999975, -29.764358799999965 ], [ -57.098047299999969, -29.764268799999968 ], [ -57.097997299999982, -29.764198799999978 ], [ -57.097917199999983, -29.764168699999964 ], [ -57.0977271, -29.764068699999939 ], [ -57.097566299999983, -29.764017899999928 ], [ -57.097566299999983, -29.764021 ], [ -57.09696629999997, -29.764010299999935 ], [ -57.095941199999977, -29.764078899999955 ], [ -57.095936299999956, -29.765384299999933 ], [ -57.097554499999944, -29.765412499999965 ] ] ] } },
{ "type": "Feature", "properties": { "CD_SETOR": "432240005000169", "NM_BAIRRO": "Cidade Nova", "NM_DIST": "Uruguaiana", "populacao_total": 952, "pct_populacao_0_a_4_anos": 11.55, "sem_dado": false, "estimativa_criancas_0_a_4": 110.0 }, "geometry": { "type": "Polygon", "coordinates": [ [ [ -57.063683899999944, -29.766980099999959 ], [ -57.063134299999945, -29.766660099999957 ], [ -57.063135, -29.766657299999959 ], [ -57.063133499999935, -29.766657899999981 ], [ -57.062321699999984, -29.76620459999997 ], [ -57.062558699999954, -29.765132 ], [ -57.062582099999986, -29.764902699999929 ], [ -57.06185279999994, -29.764690299999987 ], [ -57.061927099999934, -29.764453099999965 ], [ -57.061910099999977, -29.763626799999944 ], [ -57.060348199999964, -29.763607499999971 ], [ -57.060324199999968, -29.764980299999927 ], [ -57.060289199999943, -29.766987699999959 ], [ -57.060292699999934, -29.767597399999929 ], [ -57.060246899999981, -29.768179099999934 ], [ -57.060267099999976, -29.768397299999933 ], [ -57.061151699999982, -29.768441399999983 ], [ -57.061152899999968, -29.768441399999983 ], [ -57.062622699999963, -29.768439199999928 ], [ -57.06327129999994, -29.768321299999968 ], [ -57.063850299999956, -29.76808769999996 ], [ -57.064167699999985, -29.767835699999985 ], [ -57.064262, -29.767716899999975 ], [ -57.064465899999959, -29.767482799999982 ], [ -57.063683899999944, -29.766980099999959 ] ] ] } },
{ "type": "Feature", "properties": { "CD_SETOR": "432240005000170", "NM_BAIRRO": "Cidade Nova", "NM_DIST": "Uruguaiana", "populacao_total": 434, "pct_populacao_0_a_4_anos": 6.68, "sem_dado": false, "estimativa_criancas_0_a_4": 29.0 }, "geometry": { "type": "Polygon", "coordinates": [ [ [ -57.061910099999977, -29.763626799999944 ], [ -57.061927099999934, -29.764453099999965 ], [ -57.06185279999994, -29.764690299999987 ], [ -57.062582099999986, -29.764902699999929 ], [ -57.062558699999954, -29.765132 ], [ -57.062321699999984, -29.76620459999997 ], [ -57.063133499999935, -29.766657899999981 ], [ -57.063135, -29.766657299999959 ], [ -57.063134299999945, -29.766660099999957 ], [ -57.063683899999944, -29.766980099999959 ], [ -57.064465899999959, -29.767482799999982 ], [ -57.064922499999966, -29.766958599999956 ], [ -57.064968299999975, -29.766905899999976 ], [ -57.065848899999935, -29.765832899999957 ], [ -57.064230799999962, -29.765203699999972 ], [ -57.062655099999972, -29.764708699999975 ], [ -57.062683699999987, -29.763636399999942 ], [ -57.061910099999977, -29.763626799999944 ] ] ] } },
{ "type": "Feature", "properties": { "CD_SETOR": "432240005000171", "NM_BAIRRO": "Cidade Alegria", "NM_DIST": "Uruguaiana", "populacao_total": 523, "pct_populacao_0_a_4_anos": 7.27, "sem_dado": false, "estimativa_criancas_0_a_4": 38.0 }, "geometry": { "type": "Polygon", "coordinates": [ [ [ -57.064727399999981, -29.767831099999963 ], [ -57.064309799999933, -29.769203799999961 ], [ -57.063047599999948, -29.769023099999963 ], [ -57.061415099999977, -29.768777099999959 ], [ -57.061152899999968, -29.768441399999983 ], [ -57.061151699999982, -29.768441399999983 ], [ -57.061022399999956, -29.769785 ], [ -57.061645799999951, -29.77002439999994 ], [ -57.064846299999942, -29.770437899999934 ], [ -57.065500399999962, -29.768020799999938 ], [ -57.064757, -29.767838399999967 ], [ -57.064727399999981, -29.767831099999963 ] ] ] } },
{ "type": "Feature", "properties": { "CD_SETOR": "432240005000172", "NM_BAIRRO": "Cidade Alegria", "NM_DIST": "Uruguaiana", "populacao_total": 257, "pct_populacao_0_a_4_anos": 8.17, "sem_dado": false, "estimativa_criancas_0_a_4": 21.0 }, "geometry": { "type": "Polygon", "coordinates": [ [ [ -57.061152899999968, -29.768441399999983 ], [ -57.061415099999977, -29.768777099999959 ], [ -57.063047599999948, -29.769023099999963 ], [ -57.064309799999933, -29.769203799999961 ], [ -57.064727399999981, -29.767831099999963 ], [ -57.064262, -29.767716899999975 ], [ -57.064167699999985, -29.767835699999985 ], [ -57.063850299999956, -29.76808769999996 ], [ -57.06327129999994, -29.768321299999968 ], [ -57.062622699999963, -29.768439199999928 ], [ -57.061152899999968, -29.768441399999983 ] ] ] } },
{ "type": "Feature", "properties": { "CD_SETOR": "432240005000173", "NM_BAIRRO": "Cidade Alegria", "NM_DIST": "Uruguaiana", "populacao_total": 818, "pct_populacao_0_a_4_anos": 8.07, "sem_dado": false, "estimativa_criancas_0_a_4": 66.0 }, "geometry": { "type": "Polygon", "coordinates": [ [ [ -57.065324399999959, -29.767091 ], [ -57.06486909999996, -29.767618099999936 ], [ -57.06482479999994, -29.767603899999987 ], [ -57.064757, -29.767838399999967 ], [ -57.065500399999962, -29.768020799999938 ], [ -57.069388, -29.768734599999966 ], [ -57.070237199999951, -29.767702599999947 ], [ -57.070250899999962, -29.766867599999959 ], [ -57.070246099999963, -29.76652629999996 ], [ -57.069214599999952, -29.766445599999944 ], [ -57.068535899999979, -29.766477199999933 ], [ -57.0667069, -29.766098699999926 ], [ -57.065746799999943, -29.767292599999958 ], [ -57.065324399999959, -29.767091 ] ] ] } },
{ "type": "Feature", "properties": { "CD_SETOR": "432240005000174", "NM_BAIRRO": "Cidade Alegria", "NM_DIST": "Uruguaiana", "populacao_total": 232, "pct_populacao_0_a_4_anos": 7.33, "sem_dado": false, "estimativa_criancas_0_a_4": 17.0 }, "geometry": { "type": "Polygon", "coordinates": [ [ [ -57.06482479999994, -29.767603899999987 ], [ -57.06486909999996, -29.767618099999936 ], [ -57.065324399999959, -29.767091 ], [ -57.065746799999943, -29.767292599999958 ], [ -57.0667069, -29.766098699999926 ], [ -57.065848899999935, -29.765832899999957 ], [ -57.064968299999975, -29.766905899999976 ], [ -57.064922499999966, -29.766958599999956 ], [ -57.064465899999959, -29.767482799999982 ], [ -57.064262, -29.767716899999975 ], [ -57.064727399999981, -29.767831099999963 ], [ -57.064757, -29.767838399999967 ], [ -57.06482479999994, -29.767603899999987 ] ] ] } },
{ "type": "Feature", "properties": { "CD_SETOR": "432240005000175", "NM_BAIRRO": "Mascarenhas de Moraes", "NM_DIST": "Uruguaiana", "populacao_total": 783, "pct_populacao_0_a_4_anos": 6.39, "sem_dado": false, "estimativa_criancas_0_a_4": 50.0 }, "geometry": { "type": "Polygon", "coordinates": [ [ [ -57.080128099999968, -29.748505199999943 ], [ -57.083316499999974, -29.748550199999951 ], [ -57.085663799999963, -29.748552 ], [ -57.085660699999949, -29.748353299999952 ], [ -57.086671299999978, -29.748334899999978 ], [ -57.089625699999942, -29.748399699999933 ], [ -57.090106, -29.747468199999958 ], [ -57.090002099999936, -29.747416199999968 ], [ -57.089752699999963, -29.747305399999952 ], [ -57.089591299999938, -29.747223399999939 ], [ -57.089441199999953, -29.747105199999968 ], [ -57.089249799999948, -29.74694559999995 ], [ -57.08901069999996, -29.74681129999993 ], [ -57.088785099999939, -29.746617399999923 ], [ -57.088612199999943, -29.746376599999959 ], [ -57.088405199999954, -29.746184499999977 ], [ -57.088053399999978, -29.745997 ], [ -57.087705699999958, -29.745855599999977 ], [ -57.087312599999962, -29.745687 ], [ -57.086443399999951, -29.745124499999978 ], [ -57.086334699999952, -29.745038799999968 ], [ -57.086083299999984, -29.744883699999949 ], [ -57.085817299999974, -29.744660099999965 ], [ -57.085553399999981, -29.744426499999967 ], [ -57.085250199999962, -29.74428319999998 ], [ -57.084955299999933, -29.744092099999925 ], [ -57.084674799999959, -29.743775499999963 ], [ -57.084322, -29.743600599999972 ], [ -57.083992, -29.743503399999955 ], [ -57.083655799999974, -29.743398 ], [ -57.083185199999946, -29.743315199999977 ], [ -57.082825199999945, -29.743248699999974 ], [ -57.082609, -29.743165799999915 ], [ -57.082393799999977, -29.743018799999952 ], [ -57.082168199999956, -29.74284659999995 ], [ -57.081948899999986, -29.742822299999943 ], [ -57.081573399999968, -29.742740399999949 ], [ -57.081133699999953, -29.742468199999959 ], [ -57.080951599999935, -29.742334 ], [ -57.080070299999932, -29.743530899999932 ], [ -57.080128099999968, -29.748505199999943 ] ], [ [ -57.084965099999977, -29.747472299999973 ], [ -57.084939299999974, -29.746384799999927 ], [ -57.084832199999944, -29.74626869999998 ], [ -57.085028699999953, -29.746054399999935 ], [ -57.08848949999998, -29.747831699999953 ], [ -57.088096499999949, -29.748220199999935 ], [ -57.087681199999963, -29.747956699999975 ], [ -57.087230199999965, -29.747818299999949 ], [ -57.086444299999982, -29.74781379999996 ], [ -57.084591, -29.747764699999941 ], [ -57.083916699999982, -29.747541399999925 ], [ -57.083888399999978, -29.747427399999939 ], [ -57.084965099999977, -29.747472299999973 ] ] ] } },
{ "type": "Feature", "properties": { "CD_SETOR": "432240005000176", "NM_BAIRRO": "Mascarenhas de Moraes", "NM_DIST": "Uruguaiana", "populacao_total": 116, "pct_populacao_0_a_4_anos": 12.93, "sem_dado": false, "estimativa_criancas_0_a_4": 15.0 }, "geometry": { "type": "Polygon", "coordinates": [ [ [ -57.084965099999977, -29.747472299999973 ], [ -57.083888399999978, -29.747427399999939 ], [ -57.083916699999982, -29.747541399999925 ], [ -57.084591, -29.747764699999941 ], [ -57.086444299999982, -29.74781379999996 ], [ -57.087230199999965, -29.747818299999949 ], [ -57.087681199999963, -29.747956699999975 ], [ -57.088096499999949, -29.748220199999935 ], [ -57.08848949999998, -29.747831699999953 ], [ -57.085028699999953, -29.746054399999935 ], [ -57.084832199999944, -29.74626869999998 ], [ -57.084939299999974, -29.746384799999927 ], [ -57.084965099999977, -29.747472299999973 ] ] ] } },
{ "type": "Feature", "properties": { "CD_SETOR": "432240005000177", "NM_BAIRRO": "Santo Antônio", "NM_DIST": "Uruguaiana", "populacao_total": 490, "pct_populacao_0_a_4_anos": 7.76, "sem_dado": false, "estimativa_criancas_0_a_4": 38.0 }, "geometry": { "type": "Polygon", "coordinates": [ [ [ -57.072117299999945, -29.750574199999964 ], [ -57.072021199999938, -29.753026699999971 ], [ -57.072012299999983, -29.753951499999971 ], [ -57.073634199999958, -29.753944299999933 ], [ -57.073657399999945, -29.752485899999947 ], [ -57.075232099999937, -29.752509699999958 ], [ -57.075291, -29.749601499999976 ], [ -57.073662499999962, -29.749636199999944 ], [ -57.073267099999953, -29.749435099999985 ], [ -57.072117299999945, -29.750574199999964 ] ] ] } },
{ "type": "Feature", "properties": { "CD_SETOR": "432240005000178", "NM_BAIRRO": "Santo Antônio", "NM_DIST": "Uruguaiana", "populacao_total": 225, "pct_populacao_0_a_4_anos": 16.0, "sem_dado": false, "estimativa_criancas_0_a_4": 36.0 }, "geometry": { "type": "Polygon", "coordinates": [ [ [ -57.072012299999983, -29.753951499999971 ], [ -57.072021199999938, -29.753026699999971 ], [ -57.072117299999945, -29.750574199999964 ], [ -57.071482399999979, -29.751203299999929 ], [ -57.06853, -29.75385289999997 ], [ -57.068714599999964, -29.753964 ], [ -57.072012299999983, -29.753951499999971 ] ] ] } },
{ "type": "Feature", "properties": { "CD_SETOR": "432240005000179", "NM_BAIRRO": null, "NM_DIST": "Uruguaiana", "populacao_total": 35, "pct_populacao_0_a_4_anos": 11.43, "sem_dado": false, "estimativa_criancas_0_a_4": 4.0 }, "geometry": { "type": "Polygon", "coordinates": [ [ [ -57.009231, -29.738547699999966 ], [ -57.009849799999984, -29.738799799999981 ], [ -57.010396399999934, -29.738936499999969 ], [ -57.012336599999969, -29.739209699999936 ], [ -57.015069299999936, -29.739783599999956 ], [ -57.020370699999944, -29.740576099999942 ], [ -57.024497099999962, -29.741231899999946 ], [ -57.026601299999982, -29.743691399999932 ], [ -57.032449299999939, -29.750249899999968 ], [ -57.037258799999961, -29.755988499999948 ], [ -57.038917199999958, -29.75522669999998 ], [ -57.039103299999965, -29.754955 ], [ -57.03935869999998, -29.754821299999936 ], [ -57.039730099999986, -29.754823 ], [ -57.040045499999962, -29.754743499999954 ], [ -57.040038199999969, -29.754600899999957 ], [ -57.040166399999976, -29.754391499999937 ], [ -57.04031729999997, -29.754163099999971 ], [ -57.040544699999941, -29.753947399999955 ], [ -57.040736, -29.753655799999933 ], [ -57.040939599999952, -29.753392199999936 ], [ -57.040983799999935, -29.75335809999995 ], [ -57.041374899999937, -29.752944499999952 ], [ -57.041498899999965, -29.752879399999983 ], [ -57.041627099999971, -29.752724199999921 ], [ -57.041665399999943, -29.752642899999952 ], [ -57.041813099999956, -29.752329699999965 ], [ -57.041917499999954, -29.751985 ], [ -57.041985599999975, -29.751679 ], [ -57.042086799999936, -29.751372099999973 ], [ -57.042211899999984, -29.751120299999965 ], [ -57.042315199999962, -29.750966799999954 ], [ -57.042432, -29.750831399999981 ], [ -57.042578899999967, -29.750740199999939 ], [ -57.042748499999959, -29.750646299999978 ], [ -57.043001799999956, -29.750533399999931 ], [ -57.043295499999942, -29.750530599999934 ], [ -57.043604799999969, -29.750608099999955 ], [ -57.043922299999963, -29.750637799999939 ], [ -57.044248099999947, -29.750606099999963 ], [ -57.044561499999986, -29.750668299999958 ], [ -57.044807699999978, -29.750723199999975 ], [ -57.045014599999945, -29.750715899999932 ], [ -57.045288599999935, -29.750658099999953 ], [ -57.045525399999974, -29.750485599999926 ], [ -57.045684599999959, -29.750276199999981 ], [ -57.04574139999994, -29.750114599999954 ], [ -57.045774399999971, -29.749913399999961 ], [ -57.045856, -29.749807799999925 ], [ -57.045939799999985, -29.749768 ], [ -57.045987299999979, -29.749606499999967 ], [ -57.046022299999947, -29.749275199999943 ], [ -57.046145199999955, -29.748976499999969 ], [ -57.046299199999964, -29.748604599999972 ], [ -57.046514199999933, -29.748343699999968 ], [ -57.046760199999937, -29.748101699999957 ], [ -57.046811899999966, -29.748061099999973 ], [ -57.047326699999985, -29.747477 ], [ -57.047662699999933, -29.747243199999968 ], [ -57.047902499999964, -29.747041799999977 ], [ -57.048110299999962, -29.746808 ], [ -57.048341799999946, -29.746452299999927 ], [ -57.048513299999968, -29.746050699999959 ], [ -57.04869, -29.74567519999993 ], [ -57.04888219999998, -29.745353799999968 ], [ -57.049166399999933, -29.745010799999928 ], [ -57.049590299999977, -29.744655 ], [ -57.050076299999944, -29.744492399999949 ], [ -57.050489899999953, -29.744377599999943 ], [ -57.051058599999976, -29.744259199999931 ], [ -57.05152389999995, -29.744064099999942 ], [ -57.052038799999941, -29.743813 ], [ -57.052383099999986, -29.743589899999961 ], [ -57.052750099999969, -29.743347899999954 ], [ -57.053111, -29.743259299999988 ], [ -57.053120299999932, -29.743257499999974 ], [ -57.053421199999946, -29.743145499999972 ], [ -57.053956899999953, -29.743129899999932 ], [ -57.054492599999946, -29.743164899999947 ], [ -57.054823599999963, -29.743191799999963 ], [ -57.055255899999963, -29.743364 ], [ -57.055417199999965, -29.743314299999945 ], [ -57.055572299999938, -29.743196899999933 ], [ -57.055737699999952, -29.743107499999955 ], [ -57.055908299999949, -29.743052399999961 ], [ -57.056559799999945, -29.742909499999939 ], [ -57.057158299999969, -29.742380399999938 ], [ -57.057237899999969, -29.74231 ], [ -57.05756979999996, -29.742196099999941 ], [ -57.057821, -29.742045299999969 ], [ -57.058167399999945, -29.741948599999944 ], [ -57.058487, -29.742035099999953 ], [ -57.058717699999931, -29.742181199999951 ], [ -57.058941199999936, -29.742367899999977 ], [ -57.059154299999932, -29.742506799999944 ], [ -57.059469799999931, -29.742637499999947 ], [ -57.059800799999948, -29.742684299999947 ], [ -57.060100699999964, -29.742730199999972 ], [ -57.060424399999931, -29.742745399999929 ], [ -57.060673699999938, -29.742788599999983 ], [ -57.06090439999997, -29.742886 ], [ -57.061158799999987, -29.742907499999944 ], [ -57.061271499999975, -29.742903899999934 ], [ -57.06171919999997, -29.742636499999943 ], [ -57.062067599999978, -29.742513599999938 ], [ -57.062296099999969, -29.742426899999938 ], [ -57.062570099999967, -29.742369 ], [ -57.062995199999932, -29.742412099999967 ], [ -57.063253799999984, -29.742461599999956 ], [ -57.063498899999956, -29.742566199999938 ], [ -57.063625299999956, -29.742848599999945 ], [ -57.063847799999962, -29.743115599999946 ], [ -57.064033099999961, -29.74340159999997 ], [ -57.064193599999953, -29.74363169999998 ], [ -57.064345599999967, -29.743723699999975 ], [ -57.064395299999944, -29.743822899999941 ], [ -57.064509199999975, -29.74396 ], [ -57.064700599999981, -29.744017699999965 ], [ -57.064993299999969, -29.744125899999968 ], [ -57.06525709999994, -29.744207899999942 ], [ -57.065672899999988, -29.744363799999977 ], [ -57.066068199999961, -29.744640699999941 ], [ -57.066315399999951, -29.744788499999974 ], [ -57.066655799999978, -29.74494719999996 ], [ -57.067058199999963, -29.745082399999941 ], [ -57.067506, -29.745098399999954 ], [ -57.067806899999937, -29.745030599999943 ], [ -57.068084, -29.744894099999954 ], [ -57.068257599999981, -29.744742399999947 ], [ -57.068436499999962, -29.744579899999966 ], [ -57.06864, -29.744325299999957 ], [ -57.068731899999932, -29.744105899999965 ], [ -57.068861, -29.743832399999981 ], [ -57.068949799999984, -29.743620299999975 ], [ -57.069037499999979, -29.743379299999948 ], [ -57.069097399999976, -29.74315 ], [ -57.069216099999949, -29.742883699999936 ], [ -57.069495199999949, -29.742615499999935 ], [ -57.069858099999976, -29.74250249999994 ], [ -57.07013829999994, -29.74250689999996 ], [ -57.070499299999938, -29.742524799999945 ], [ -57.070809599999961, -29.742588699999946 ], [ -57.07100619999995, -29.742701399999923 ], [ -57.071127399999966, -29.743045199999983 ], [ -57.071190699999931, -29.743312299999943 ], [ -57.071213599999965, -29.743557699999936 ], [ -57.071223099999941, -29.743862799999924 ], [ -57.071199499999977, -29.744166899999978 ], [ -57.071181199999955, -29.744532399999972 ], [ -57.071184399999943, -29.744741799999925 ], [ -57.071167, -29.74499 ], [ -57.071141399999931, -29.745251699999987 ], [ -57.070844699999952, -29.74545769999996 ], [ -57.070673099999965, -29.745567899999966 ], [ -57.070472499999937, -29.745695199999947 ], [ -57.070281299999976, -29.74583789999997 ], [ -57.070123199999955, -29.745957099999941 ], [ -57.070053899999948, -29.746031199999944 ], [ -57.070000199999981, -29.746156599999946 ], [ -57.070008599999937, -29.746278499999953 ], [ -57.070134799999956, -29.746387599999931 ], [ -57.070355199999938, -29.746537299999954 ], [ -57.070612799999935, -29.746668 ], [ -57.070909699999959, -29.746722 ], [ -57.071254099999976, -29.746699299999932 ], [ -57.071543599999984, -29.74667379999994 ], [ -57.071945899999946, -29.746663699999946 ], [ -57.07217559999998, -29.746712299999963 ], [ -57.072337, -29.74676009999996 ], [ -57.072488099999987, -29.746933299999974 ], [ -57.072517199999936, -29.747158 ], [ -57.07246159999994, -29.747446799999974 ], [ -57.072268299999962, -29.747687899999953 ], [ -57.072028499999931, -29.747877499999955 ], [ -57.071968599999934, -29.747947899999922 ], [ -57.071739099999945, -29.748124 ], [ -57.071589199999949, -29.748177399999971 ], [ -57.071529199999986, -29.748192699999947 ], [ -57.071523, -29.748208099999943 ], [ -57.071498299999973, -29.74839309999993 ], [ -57.071263599999952, -29.748532199999943 ], [ -57.071077499999944, -29.74856659999994 ], [ -57.071063199999969, -29.748786799999955 ], [ -57.071042699999964, -29.749008899999978 ], [ -57.071021, -29.749043199999953 ], [ -57.070913599999983, -29.749342799999958 ], [ -57.070939499999952, -29.749356399999947 ], [ -57.070935499999962, -29.749630699999948 ], [ -57.071231099999977, -29.749360699999961 ], [ -57.071397499999932, -29.749107 ], [ -57.071675499999969, -29.748811799999952 ], [ -57.07185839999994, -29.74859959999997 ], [ -57.072044499999947, -29.748470399999974 ], [ -57.072331899999945, -29.748364699999975 ], [ -57.072421799999972, -29.748276199999975 ], [ -57.072586099999967, -29.748050499999977 ], [ -57.072742299999959, -29.748050399999947 ], [ -57.072750499999984, -29.748049499999972 ], [ -57.072852799999971, -29.747914099999942 ], [ -57.073048299999982, -29.747937399999959 ], [ -57.073156899999958, -29.74790309999997 ], [ -57.073292199999969, -29.747663799999941 ], [ -57.073500899999942, -29.747389399999975 ], [ -57.073773799999969, -29.747225899999926 ], [ -57.073896799999943, -29.747171599999948 ], [ -57.07387609999995, -29.747088599999973 ], [ -57.073916299999951, -29.74682509999997 ], [ -57.074200699999949, -29.746808699999971 ], [ -57.074319599999967, -29.746757199999934 ], [ -57.07443539999997, -29.746721 ], [ -57.074499499999945, -29.74669479999994 ], [ -57.074696, -29.746733499999948 ], [ -57.074816099999964, -29.746889599999971 ], [ -57.074816099999964, -29.746915699999931 ], [ -57.074908099999959, -29.746921099999955 ], [ -57.074892599999941, -29.746854299999939 ], [ -57.074906799999951, -29.746492399999962 ], [ -57.075172599999973, -29.746460699999943 ], [ -57.075196399999982, -29.746465199999932 ], [ -57.075221099999965, -29.746320799999982 ], [ -57.075291399999969, -29.74627739999994 ], [ -57.075263399999983, -29.746242199999976 ], [ -57.075093799999934, -29.746258599999969 ], [ -57.074861099999964, -29.746240599999961 ], [ -57.074786599999982, -29.746175699999977 ], [ -57.074662399999966, -29.746120699999935 ], [ -57.074483399999963, -29.745956599999939 ], [ -57.074536, -29.745733599999923 ], [ -57.074648699999955, -29.745697499999942 ], [ -57.074657899999977, -29.745633399999978 ], [ -57.074615399999971, -29.745393299999932 ], [ -57.074641, -29.745089199999942 ], [ -57.074673899999944, -29.744865299999958 ], [ -57.074589899999978, -29.744469199999969 ], [ -57.074549299999944, -29.744120899999924 ], [ -57.074640199999976, -29.744026099999925 ], [ -57.074640099999954, -29.743934 ], [ -57.074556299999983, -29.743798699999953 ], [ -57.074545799999953, -29.743566699999977 ], [ -57.074611599999969, -29.743111799999951 ], [ -57.074658, -29.742884399999976 ], [ -57.074686799999938, -29.742639799999942 ], [ -57.074738399999944, -29.742512499999975 ], [ -57.074749699999984, -29.742445699999951 ], [ -57.074827099999936, -29.742254399999979 ], [ -57.075032799999974, -29.742049399999928 ], [ -57.075277699999958, -29.741778499999945 ], [ -57.07535809999996, -29.741438199999951 ], [ -57.075434199999961, -29.740958 ], [ -57.075548499999968, -29.740300099999953 ], [ -57.075718699999982, -29.739690799999948 ], [ -57.075886, -29.739311599999944 ], [ -57.076087299999983, -29.738940599999971 ], [ -57.07639439999997, -29.738800499999961 ], [ -57.076809, -29.738660399999961 ], [ -57.077098499999977, -29.738599799999971 ], [ -57.07742, -29.738429 ], [ -57.077819099999942, -29.738375499999957 ], [ -57.078181, -29.738376199999937 ], [ -57.078602, -29.738495099999962 ], [ -57.079012699999964, -29.738633899999957 ], [ -57.079370699999977, -29.738848399999934 ], [ -57.079580799999974, -29.739029699999943 ], [ -57.079882799999957, -29.739174799999937 ], [ -57.080227399999963, -29.739380399999945 ], [ -57.080394, -29.739494899999947 ], [ -57.08036, -29.739688099999967 ], [ -57.08036409999994, -29.739693499999923 ], [ -57.080603, -29.739689699999914 ], [ -57.080894699999931, -29.739740099999949 ], [ -57.081074699999931, -29.739879 ], [ -57.081068599999981, -29.739913299999955 ], [ -57.081199, -29.740052199999973 ], [ -57.08127049999996, -29.740245299999966 ], [ -57.081248899999935, -29.740432099999964 ], [ -57.081346399999973, -29.740708199999972 ], [ -57.081106599999941, -29.740964599999977 ], [ -57.080735299999958, -29.740924199999935 ], [ -57.080455099999938, -29.740989399999933 ], [ -57.080240099999969, -29.74102379999994 ], [ -57.080192499999953, -29.74105 ], [ -57.080224599999951, -29.741127599999974 ], [ -57.080407899999955, -29.741375699999928 ], [ -57.080543599999942, -29.741705899999943 ], [ -57.080387599999938, -29.741925299999927 ], [ -57.080413599999986, -29.742058899999957 ], [ -57.080521299999987, -29.742224 ], [ -57.080577099999971, -29.742228399999927 ], [ -57.080859499999974, -29.74226619999995 ], [ -57.080951599999935, -29.742334 ], [ -57.081133699999953, -29.742468199999959 ], [ -57.081573399999968, -29.742740399999949 ], [ -57.081948899999986, -29.742822299999943 ], [ -57.082168199999956, -29.74284659999995 ], [ -57.082393799999977, -29.743018799999952 ], [ -57.082609, -29.743165799999915 ], [ -57.082825199999945, -29.743248699999974 ], [ -57.083185199999946, -29.743315199999977 ], [ -57.083655799999974, -29.743398 ], [ -57.083992, -29.743503399999955 ], [ -57.084322, -29.743600599999972 ], [ -57.084674799999959, -29.743775499999963 ], [ -57.084955299999933, -29.744092099999925 ], [ -57.085250199999962, -29.74428319999998 ], [ -57.085553399999981, -29.744426499999967 ], [ -57.085817299999974, -29.744660099999965 ], [ -57.086083299999984, -29.744883699999949 ], [ -57.086334699999952, -29.745038799999968 ], [ -57.086443399999951, -29.745124499999978 ], [ -57.087312599999962, -29.745687 ], [ -57.087705699999958, -29.745855599999977 ], [ -57.088053399999978, -29.745997 ], [ -57.088405199999954, -29.746184499999977 ], [ -57.088612199999943, -29.746376599999959 ], [ -57.088785099999939, -29.746617399999923 ], [ -57.08901069999996, -29.74681129999993 ], [ -57.089249799999948, -29.74694559999995 ], [ -57.089441199999953, -29.747105199999968 ], [ -57.089591299999938, -29.747223399999939 ], [ -57.089752699999963, -29.747305399999952 ], [ -57.090002099999936, -29.747416199999968 ], [ -57.090106, -29.747468199999958 ], [ -57.093660599999964, -29.743388 ], [ -57.082921, -29.734649599999948 ], [ -57.069797599999958, -29.722474899999956 ], [ -57.069222099999934, -29.721941 ], [ -57.069023899999934, -29.721804099999925 ], [ -57.057338799999968, -29.713729699999924 ], [ -57.052126099999953, -29.707529399999931 ], [ -57.045475599999975, -29.70158589999993 ], [ -57.037514699999981, -29.697699499999942 ], [ -57.035694899999953, -29.703500099999935 ], [ -57.037101399999983, -29.705133399999973 ], [ -57.036874499999954, -29.70690279999997 ], [ -57.03787269999998, -29.70844539999996 ], [ -57.037433799999974, -29.709512799999978 ], [ -57.037433799999974, -29.712074399999956 ], [ -57.037433799999974, -29.712084499999939 ], [ -57.03650829999998, -29.714697 ], [ -57.033500199999935, -29.714898 ], [ -57.032201899999961, -29.715059099999959 ], [ -57.031880499999943, -29.715098899999933 ], [ -57.031880499999943, -29.71710859999996 ], [ -57.030492099999947, -29.71911809999995 ], [ -57.026789899999983, -29.719118099999942 ], [ -57.023781799999938, -29.721127599999924 ], [ -57.023781799999938, -29.722534299999946 ], [ -57.022393499999964, -29.722534299999953 ], [ -57.020773799999979, -29.72213239999995 ], [ -57.018922599999939, -29.723137099999974 ], [ -57.018228499999964, -29.724744699999974 ], [ -57.017071499999986, -29.725146599999956 ], [ -57.016146, -29.726352199999944 ], [ -57.014989, -29.726955 ], [ -57.014989, -29.727156 ], [ -57.015914599999974, -29.728562499999949 ], [ -57.014989, -29.730571899999969 ], [ -57.014526199999978, -29.731174699999929 ], [ -57.013369299999965, -29.730973699999936 ], [ -57.011286799999937, -29.731576499999957 ], [ -57.009435599999961, -29.734188599999985 ], [ -57.009435599999961, -29.73659959999998 ], [ -57.009667, -29.738207 ], [ -57.009231, -29.738547699999966 ] ] ] } },
{ "type": "Feature", "properties": { "CD_SETOR": "432240005000180", "NM_BAIRRO": null, "NM_DIST": "Uruguaiana", "populacao_total": 229, "pct_populacao_0_a_4_anos": 4.37, "sem_dado": false, "estimativa_criancas_0_a_4": 10.0 }, "geometry": { "type": "Polygon", "coordinates": [ [ [ -57.038917199999958, -29.75522669999998 ], [ -57.037258799999961, -29.755988499999948 ], [ -57.032449299999939, -29.750249899999968 ], [ -57.026601299999982, -29.743691399999932 ], [ -57.024497099999962, -29.741231899999946 ], [ -57.020370699999944, -29.740576099999942 ], [ -57.015069299999936, -29.739783599999956 ], [ -57.012336599999969, -29.739209699999936 ], [ -57.010396399999934, -29.738936499999969 ], [ -57.009849799999984, -29.738799799999981 ], [ -57.009231, -29.738547699999966 ], [ -57.007353099999932, -29.740015199999956 ], [ -57.004345099999966, -29.741622499999934 ], [ -57.004807899999946, -29.742827899999945 ], [ -57.002262599999938, -29.745238799999985 ], [ -56.99925449999995, -29.746645099999963 ], [ -56.996709199999941, -29.746645099999977 ], [ -56.993701099999953, -29.747850499999966 ], [ -56.992312799999979, -29.749658499999953 ], [ -56.992544199999941, -29.750462099999936 ], [ -56.992514, -29.750521 ], [ -56.992152299999987, -29.751253899999941 ], [ -56.996057699999938, -29.754560599999934 ], [ -57.007835899999975, -29.76592469999996 ], [ -57.009655099999975, -29.766885 ], [ -57.012424, -29.767307899999942 ], [ -57.019693099999984, -29.767167299999979 ], [ -57.021669899999949, -29.767117399999957 ], [ -57.03157269999997, -29.765904599999942 ], [ -57.031724, -29.765887099999919 ], [ -57.033812899999987, -29.76564709999996 ], [ -57.034297099999947, -29.764800599999948 ], [ -57.034291899999971, -29.764608399999929 ], [ -57.034341499999982, -29.764438699999971 ], [ -57.034509, -29.764257299999951 ], [ -57.034637199999963, -29.764126399999952 ], [ -57.03484919999994, -29.763941299999942 ], [ -57.035012599999959, -29.763784299999944 ], [ -57.035259699999983, -29.763538699999973 ], [ -57.035528599999964, -29.763303099999973 ], [ -57.035719899999947, -29.763154099999955 ], [ -57.035867699999983, -29.76289689999993 ], [ -57.03609, -29.762515099999973 ], [ -57.036175699999944, -29.762135099999973 ], [ -57.036178699999937, -29.761807499999971 ], [ -57.036243799999973, -29.761627899999958 ], [ -57.036348199999964, -29.761378799999935 ], [ -57.036523899999963, -29.761090799999987 ], [ -57.036688299999987, -29.760851599999963 ], [ -57.036996399999964, -29.760613299999925 ], [ -57.037166, -29.760426399999965 ], [ -57.037250799999981, -29.760289199999924 ], [ -57.037264199999981, -29.760205299999939 ], [ -57.037487399999975, -29.759543699999934 ], [ -57.037431399999946, -29.75930279999994 ], [ -57.037498599999935, -29.759244099999929 ], [ -57.037549199999944, -29.758962499999942 ], [ -57.037553199999934, -29.758701699999964 ], [ -57.03769589999996, -29.75846069999994 ], [ -57.037761, -29.758229599999932 ], [ -57.037874699999975, -29.757985 ], [ -57.037948, -29.75780989999998 ], [ -57.038141299999957, -29.757449699999942 ], [ -57.03841529999994, -29.757197 ], [ -57.038498, -29.756966799999933 ], [ -57.038547499999936, -29.756607599999935 ], [ -57.038620699999967, -29.756090499999967 ], [ -57.038736399999948, -29.755608499999934 ], [ -57.038917199999958, -29.75522669999998 ] ] ] } },
{ "type": "Feature", "properties": { "CD_SETOR": "432240020000001", "NM_BAIRRO": null, "NM_DIST": "João Arregui", "populacao_total": 158, "pct_populacao_0_a_4_anos": 3.16, "sem_dado": false, "estimativa_criancas_0_a_4": 5.0 }, "geometry": { "type": "Polygon", "coordinates": [ [ [ -56.679172199999982, -29.473615299999942 ], [ -56.67966389999998, -29.475010199999918 ], [ -56.679795899999931, -29.475377099999953 ], [ -56.683659699999964, -29.474563399999965 ], [ -56.683772, -29.474566799999927 ], [ -56.683767499999931, -29.475053099999958 ], [ -56.68461, -29.475069699999946 ], [ -56.684640399999978, -29.472474 ], [ -56.684657699999946, -29.472249199999961 ], [ -56.684670599999947, -29.471753 ], [ -56.683873399999982, -29.471840399999962 ], [ -56.68387249999995, -29.472088 ], [ -56.683686, -29.472120599999986 ], [ -56.683719599999968, -29.472542299999915 ], [ -56.68271649999997, -29.472779099999968 ], [ -56.679172199999982, -29.473615299999942 ] ] ] } },
{ "type": "Feature", "properties": { "CD_SETOR": "432240020000002", "NM_BAIRRO": null, "NM_DIST": "João Arregui", "populacao_total": 311, "pct_populacao_0_a_4_anos": 7.07, "sem_dado": false, "estimativa_criancas_0_a_4": 22.0 }, "geometry": { "type": "Polygon", "coordinates": [ [ [ -56.682886599999961, -29.405908799999949 ], [ -56.681912, -29.406572 ], [ -56.677754, -29.413309799999979 ], [ -56.674474899999957, -29.423559099999977 ], [ -56.671220399999982, -29.42551329999997 ], [ -56.667380299999934, -29.425501799999942 ], [ -56.660469299999932, -29.423344299999936 ], [ -56.658342199999936, -29.425262199999963 ], [ -56.654158099999961, -29.426685499999948 ], [ -56.638632299999983, -29.425936899999957 ], [ -56.625648799999965, -29.426433199999963 ], [ -56.624707199999932, -29.42749769999995 ], [ -56.627363599999967, -29.427816799999956 ], [ -56.625550299999986, -29.430576499999965 ], [ -56.625225799999953, -29.432627899999943 ], [ -56.627578599999936, -29.438205399999962 ], [ -56.627221899999938, -29.441165399999928 ], [ -56.625470099999973, -29.443678699999968 ], [ -56.622552, -29.44586679999998 ], [ -56.619543599999986, -29.446429099999929 ], [ -56.614841099999985, -29.442689299999984 ], [ -56.611806099999967, -29.442574799999925 ], [ -56.608509599999934, -29.444124499999923 ], [ -56.60663379999994, -29.446001499999966 ], [ -56.607070699999952, -29.448211099999973 ], [ -56.608525, -29.448835499999976 ], [ -56.612708899999973, -29.446421799999939 ], [ -56.614693499999987, -29.448712799999946 ], [ -56.61302569999998, -29.455360299999942 ], [ -56.609651299999939, -29.45211449999994 ], [ -56.606739, -29.451768499999957 ], [ -56.604585699999973, -29.452438199999953 ], [ -56.604963099999964, -29.453244099999949 ], [ -56.609041299999944, -29.453944299999929 ], [ -56.609095699999962, -29.456229899999979 ], [ -56.608010499999978, -29.458305199999984 ], [ -56.600201599999934, -29.457932199999956 ], [ -56.597864699999946, -29.455976 ], [ -56.59847689999998, -29.452690899999936 ], [ -56.597666699999934, -29.449703199999927 ], [ -56.596535399999937, -29.447752299999934 ], [ -56.594925299999943, -29.44727869999998 ], [ -56.593618399999968, -29.449197699999964 ], [ -56.592068899999965, -29.449204499999947 ], [ -56.591863499999931, -29.444736899999949 ], [ -56.590062299999943, -29.44489369999997 ], [ -56.58916, -29.448582899999966 ], [ -56.585637, -29.444556799999933 ], [ -56.575774899999942, -29.440893899999931 ], [ -56.575798899999938, -29.450492 ], [ -56.574778899999956, -29.452072599999941 ], [ -56.572564199999931, -29.452196499999957 ], [ -56.572191199999963, -29.45057079999998 ], [ -56.570197899999982, -29.449249499999958 ], [ -56.566800799999953, -29.45396409999994 ], [ -56.564708099999962, -29.454143299999945 ], [ -56.562181199999941, -29.45283759999996 ], [ -56.560546599999952, -29.450649 ], [ -56.560491, -29.448354299999949 ], [ -56.55913529999998, -29.447698699999929 ], [ -56.55367989999997, -29.450731199999947 ], [ -56.54507579999995, -29.450273699999972 ], [ -56.543249399999986, -29.455334699999987 ], [ -56.541784899999982, -29.457015499999954 ], [ -56.540612599999974, -29.457348899999946 ], [ -56.539540399999964, -29.456318899999932 ], [ -56.540566499999954, -29.453596 ], [ -56.537492199999974, -29.454647399999931 ], [ -56.53625889999995, -29.454268699999947 ], [ -56.531490099999985, -29.459161 ], [ -56.53071609999995, -29.461664499999976 ], [ -56.527017899999976, -29.462559799999955 ], [ -56.525962799999945, -29.463673499999963 ], [ -56.522897299999954, -29.463219499999976 ], [ -56.5224492, -29.464194599999928 ], [ -56.522115699999972, -29.467800599999983 ], [ -56.520243, -29.468965 ], [ -56.521405699999946, -29.470655299999976 ], [ -56.519884499999932, -29.471106099999929 ], [ -56.520417899999984, -29.472198799999937 ], [ -56.517840099999944, -29.475048299999973 ], [ -56.517637299999933, -29.477942199999973 ], [ -56.514892599999939, -29.475879499999959 ], [ -56.514068299999963, -29.476370299999925 ], [ -56.514693, -29.478112299999957 ], [ -56.513803799999948, -29.478646699999949 ], [ -56.511816, -29.477289299999939 ], [ -56.512401799999964, -29.474155599999953 ], [ -56.51115249999998, -29.470791399999939 ], [ -56.504566299999965, -29.468497899999928 ], [ -56.504227, -29.469837 ], [ -56.500821599999945, -29.469152599999966 ], [ -56.498898699999984, -29.465927099999927 ], [ -56.497468799999979, -29.466321899999969 ], [ -56.496100499999955, -29.468892199999971 ], [ -56.492184299999963, -29.470714899999948 ], [ -56.489068399999958, -29.470015699999966 ], [ -56.486803599999973, -29.470428599999934 ], [ -56.482790399999942, -29.466212199999973 ], [ -56.48139539999994, -29.466895499999964 ], [ -56.481827899999985, -29.470723399999947 ], [ -56.475326799999948, -29.468463 ], [ -56.475076099999967, -29.468628099999933 ], [ -56.478061099999934, -29.473235499999916 ], [ -56.485127699999964, -29.482635099999982 ], [ -56.488448699999935, -29.486013099999969 ], [ -56.489684699999941, -29.487587899999941 ], [ -56.490704899999969, -29.489279399999923 ], [ -56.497545199999934, -29.503732099999979 ], [ -56.498352299999972, -29.505136199999988 ], [ -56.498526899999945, -29.506489199999969 ], [ -56.498739799999953, -29.506800799999947 ], [ -56.499296699999945, -29.509604599999932 ], [ -56.49939569999998, -29.512878699999931 ], [ -56.499315299999978, -29.515484299999976 ], [ -56.498751599999935, -29.517146 ], [ -56.498178, -29.51987639999993 ], [ -56.498685499999965, -29.521087699999942 ], [ -56.499748599999975, -29.522112 ], [ -56.500842499999976, -29.522706399999951 ], [ -56.502035399999954, -29.523975199999938 ], [ -56.503066899999965, -29.525554599999968 ], [ -56.50461, -29.533237 ], [ -56.50494109999994, -29.534237099999928 ], [ -56.50577549999997, -29.535017599999954 ], [ -56.507731599999943, -29.535335099999951 ], [ -56.514840699999979, -29.535770699999933 ], [ -56.516831899999943, -29.536714099999976 ], [ -56.520683099999985, -29.539008199999955 ], [ -56.520389299999977, -29.536775199999973 ], [ -56.520191699999941, -29.530057199999924 ], [ -56.519639499999982, -29.522752499999964 ], [ -56.527274199999965, -29.508694799999944 ], [ -56.534561899999972, -29.504225799999983 ], [ -56.537939399999971, -29.501587699999959 ], [ -56.541216, -29.500872099999981 ], [ -56.544576499999948, -29.500319899999962 ], [ -56.546764, -29.500013 ], [ -56.548537499999952, -29.49998359999995 ], [ -56.556088699999975, -29.5016007 ], [ -56.562114699999938, -29.501437099999976 ], [ -56.565515099999971, -29.501384399999946 ], [ -56.574384199999947, -29.501065899999958 ], [ -56.582750399999952, -29.500672899999977 ], [ -56.586270299999967, -29.499790399999934 ], [ -56.596974799999941, -29.497489799999975 ], [ -56.598580899999945, -29.498063699999932 ], [ -56.600310699999966, -29.49838339999997 ], [ -56.608397799999977, -29.500592899999951 ], [ -56.614361, -29.50351459999996 ], [ -56.617690499999981, -29.505621299999977 ], [ -56.619213799999962, -29.506008799999972 ], [ -56.621419399999979, -29.505648899999983 ], [ -56.629602199999972, -29.502286499999968 ], [ -56.637963199999945, -29.496053599999982 ], [ -56.645405, -29.490289199999946 ], [ -56.648632699999951, -29.488433899999965 ], [ -56.653677799999969, -29.485790799999961 ], [ -56.655990899999949, -29.483798199999967 ], [ -56.660270899999951, -29.48027489999998 ], [ -56.663476899999978, -29.477412499999957 ], [ -56.665498899999932, -29.475468499999973 ], [ -56.669289299999946, -29.476000099999975 ], [ -56.672735199999977, -29.475184699999936 ], [ -56.679172199999982, -29.473615299999942 ], [ -56.68271649999997, -29.472779099999968 ], [ -56.683719599999968, -29.472542299999915 ], [ -56.683686, -29.472120599999986 ], [ -56.68387249999995, -29.472088 ], [ -56.683873399999982, -29.471840399999962 ], [ -56.684670599999947, -29.471753 ], [ -56.684657699999946, -29.472249199999961 ], [ -56.684640399999978, -29.472474 ], [ -56.68461, -29.475069699999946 ], [ -56.684684699999934, -29.479690299999955 ], [ -56.686565199999961, -29.482430499999964 ], [ -56.694761, -29.495145 ], [ -56.700736599999978, -29.504661599999952 ], [ -56.702363199999979, -29.50584519999995 ], [ -56.704657, -29.506941899999955 ], [ -56.718036199999972, -29.511427199999954 ], [ -56.72253429999995, -29.512783899999924 ], [ -56.72488339999996, -29.513651799999938 ], [ -56.726144199999965, -29.513166199999954 ], [ -56.727479199999948, -29.512973 ], [ -56.729000199999973, -29.511948199999946 ], [ -56.731278599999939, -29.511231499999941 ], [ -56.732054499999947, -29.510620499999963 ], [ -56.732723899999939, -29.509311099999941 ], [ -56.733282299999985, -29.508743299999942 ], [ -56.733816499999932, -29.508545699999967 ], [ -56.73514849999998, -29.508549 ], [ -56.735881499999948, -29.50761249999994 ], [ -56.73639339999994, -29.507351299999968 ], [ -56.738763399999982, -29.506939199999977 ], [ -56.739561199999969, -29.50702919999998 ], [ -56.741534299999955, -29.506859599999931 ], [ -56.742826799999932, -29.506358699999971 ], [ -56.74439909999996, -29.506209099999971 ], [ -56.747439799999938, -29.505119399999948 ], [ -56.748906199999965, -29.504030599999965 ], [ -56.749626199999966, -29.50383539999995 ], [ -56.750853399999983, -29.50324739999996 ], [ -56.751399, -29.502746599999963 ], [ -56.751481299999966, -29.502245299999966 ], [ -56.751273399999953, -29.501042399999953 ], [ -56.751365099999987, -29.500388599999948 ], [ -56.752100899999959, -29.4998667 ], [ -56.75521, -29.499063899999957 ], [ -56.75771629999997, -29.49341829999997 ], [ -56.757475399999976, -29.491112399999967 ], [ -56.760145399999942, -29.488889599999936 ], [ -56.760294, -29.488323 ], [ -56.759581499999967, -29.486884399999951 ], [ -56.757119599999953, -29.485099599999952 ], [ -56.756826199999978, -29.484247399999951 ], [ -56.758109599999962, -29.483723099999967 ], [ -56.76302069999997, -29.483592399999964 ], [ -56.764501699999983, -29.482906199999945 ], [ -56.763963899999965, -29.48084 ], [ -56.763647499999941, -29.478794499999939 ], [ -56.76532549999996, -29.47815009999994 ], [ -56.764788399999986, -29.475881099999974 ], [ -56.763904399999944, -29.474543399999963 ], [ -56.764423099999931, -29.472985399999974 ], [ -56.765363899999954, -29.472500699999959 ], [ -56.767581799999959, -29.473395899999957 ], [ -56.769502199999977, -29.475221399999953 ], [ -56.770607899999966, -29.477347 ], [ -56.778981199999976, -29.483192599999953 ], [ -56.778636099999972, -29.483434299999939 ], [ -56.778065899999945, -29.484951899999949 ], [ -56.779344, -29.487262199999968 ], [ -56.783385599999974, -29.489577 ], [ -56.785281299999951, -29.49134319999996 ], [ -56.788877, -29.493410199999971 ], [ -56.792382099999941, -29.493862399999962 ], [ -56.795861, -29.493807399999984 ], [ -56.800301099999956, -29.494461499999943 ], [ -56.804293599999937, -29.497099399999968 ], [ -56.805452299999956, -29.497406799999958 ], [ -56.807921699999952, -29.496841699999941 ], [ -56.809254799999962, -29.496031 ], [ -56.810985199999948, -29.495226299999963 ], [ -56.813474699999972, -29.496060899999978 ], [ -56.818951399999946, -29.496108199999984 ], [ -56.821859699999948, -29.497049099999973 ], [ -56.82687, -29.497757899999957 ], [ -56.832035899999937, -29.494889099999963 ], [ -56.830804099999966, -29.494447599999948 ], [ -56.822092399999974, -29.490024799999969 ], [ -56.813894499999954, -29.481079799999968 ], [ -56.811503199999947, -29.477727499999951 ], [ -56.808210299999985, -29.473111199999934 ], [ -56.805425499999956, -29.466284599999938 ], [ -56.803998099999944, -29.459678799999949 ], [ -56.801447399999972, -29.454870299999968 ], [ -56.796951499999977, -29.449066899999938 ], [ -56.785516499999972, -29.441826299999938 ], [ -56.779632299999946, -29.437470299999958 ], [ -56.779500399999961, -29.437372599999946 ], [ -56.777895699999931, -29.432372399999956 ], [ -56.777892299999962, -29.43212329999994 ], [ -56.77785, -29.429027899999934 ], [ -56.779509, -29.423992399999978 ], [ -56.779950799999938, -29.41999919999995 ], [ -56.77995569999996, -29.41995529999997 ], [ -56.778787899999941, -29.419726899999937 ], [ -56.770598299999961, -29.418125699999973 ], [ -56.751569399999937, -29.411921599999964 ], [ -56.743158, -29.410847 ], [ -56.73073839999995, -29.405527 ], [ -56.7031138, -29.400186699999949 ], [ -56.695017899999982, -29.40050559999997 ], [ -56.68694, -29.403150799999935 ], [ -56.683247499999936, -29.405663299999954 ], [ -56.682886599999961, -29.405908799999949 ] ] ] } },
{ "type": "Feature", "properties": { "CD_SETOR": "432240020000003", "NM_BAIRRO": null, "NM_DIST": "João Arregui", "populacao_total": 226, "pct_populacao_0_a_4_anos": 4.87, "sem_dado": false, "estimativa_criancas_0_a_4": 11.0 }, "geometry": { "type": "Polygon", "coordinates": [ [ [ -56.520683099999985, -29.539008199999955 ], [ -56.51940319999995, -29.54078439999995 ], [ -56.517884299999935, -29.542860799999968 ], [ -56.518888299999958, -29.543754899999954 ], [ -56.520816, -29.544827 ], [ -56.516813899999931, -29.552475199999943 ], [ -56.516142799999955, -29.554019 ], [ -56.516059399999961, -29.556052399999938 ], [ -56.515065899999968, -29.570446799999946 ], [ -56.513508599999966, -29.58683979999995 ], [ -56.514067699999941, -29.589210799999943 ], [ -56.516369099999963, -29.596962799999972 ], [ -56.516264799999931, -29.599484699999945 ], [ -56.515821599999988, -29.606043099999951 ], [ -56.514791299999956, -29.622283199999959 ], [ -56.515317699999969, -29.624710699999984 ], [ -56.51628489999996, -29.627760799999969 ], [ -56.517010699999958, -29.630336 ], [ -56.514890399999956, -29.63641 ], [ -56.51509219999997, -29.636912299999953 ], [ -56.517528599999935, -29.638686599999964 ], [ -56.51852839999998, -29.639013899999952 ], [ -56.520858499999974, -29.640539499999928 ], [ -56.524662899999953, -29.642443699999937 ], [ -56.525658199999953, -29.643293099999934 ], [ -56.528442199999972, -29.645194099999969 ], [ -56.53158, -29.646621099999951 ], [ -56.532547299999976, -29.647297899999955 ], [ -56.53336349999995, -29.648370599999961 ], [ -56.532233499999968, -29.649533799999968 ], [ -56.531921199999942, -29.651748 ], [ -56.531955399999966, -29.652864499999961 ], [ -56.534470899999974, -29.654362899999963 ], [ -56.539566199999967, -29.656211899999967 ], [ -56.542276899999933, -29.658327 ], [ -56.544996, -29.660594199999927 ], [ -56.549703299999976, -29.663943199999945 ], [ -56.557890699999973, -29.664263499999951 ], [ -56.563962199999935, -29.664743499999926 ], [ -56.567560399999934, -29.664927699999968 ], [ -56.569237699999974, -29.664449499999929 ], [ -56.572385399999973, -29.66425289999993 ], [ -56.575552899999934, -29.664422 ], [ -56.579537199999947, -29.664513399999972 ], [ -56.582325899999944, -29.661030199999971 ], [ -56.586028199999987, -29.665236899999957 ], [ -56.588488199999972, -29.667485199999931 ], [ -56.589619899999946, -29.668776599999944 ], [ -56.590236299999958, -29.67016759999996 ], [ -56.591080799999986, -29.672459899999971 ], [ -56.591385599999967, -29.674997199999943 ], [ -56.592479099999935, -29.681448799999945 ], [ -56.592345799999975, -29.684792799999965 ], [ -56.592237399999938, -29.686435499999963 ], [ -56.592059, -29.689138899999929 ], [ -56.593796499999939, -29.689192399999968 ], [ -56.607601199999976, -29.693311299999948 ], [ -56.610987199999954, -29.693311299999941 ], [ -56.623165399999948, -29.699810899999921 ], [ -56.625055799999984, -29.700726299999928 ], [ -56.630425699999932, -29.696426899999942 ], [ -56.640941699999985, -29.688298799999988 ], [ -56.639062599999932, -29.684854599999937 ], [ -56.638296299999979, -29.681198 ], [ -56.636137799999972, -29.672257399999971 ], [ -56.636075699999935, -29.66942389999997 ], [ -56.636604499999976, -29.666440399999935 ], [ -56.637202799999955, -29.664684099999938 ], [ -56.640455199999963, -29.657379699999982 ], [ -56.641230699999937, -29.654154199999933 ], [ -56.64408149999997, -29.644634399999983 ], [ -56.645861899999943, -29.637747799999943 ], [ -56.646294299999965, -29.636641599999962 ], [ -56.650370499999951, -29.636954499999945 ], [ -56.652851099999964, -29.635016399999987 ], [ -56.657105699999931, -29.631860699999944 ], [ -56.658039699999961, -29.617820299999952 ], [ -56.660294599999986, -29.607526399999976 ], [ -56.663138599999968, -29.604250699999962 ], [ -56.668393799999933, -29.598145399999957 ], [ -56.671007699999961, -29.59495 ], [ -56.673944899999981, -29.591160299999952 ], [ -56.676954199999955, -29.589548399999959 ], [ -56.677685099999962, -29.588586899999942 ], [ -56.685104299999978, -29.586751 ], [ -56.70080889999997, -29.58336079999998 ], [ -56.7035623, -29.58758209999997 ], [ -56.704331399999944, -29.587731299999977 ], [ -56.706884199999934, -29.58697 ], [ -56.705245899999966, -29.583764099999936 ], [ -56.702831499999945, -29.578431099999936 ], [ -56.700501, -29.57287209999998 ], [ -56.700229499999978, -29.571920699999968 ], [ -56.715881299999978, -29.563615499999976 ], [ -56.722318099999939, -29.560323799999942 ], [ -56.723906699999986, -29.558656299999946 ], [ -56.728103099999942, -29.554333199999967 ], [ -56.730663799999945, -29.551616599999932 ], [ -56.73506059999994, -29.547233299999956 ], [ -56.746163599999932, -29.539514399999966 ], [ -56.750003, -29.542519699999964 ], [ -56.753683299999977, -29.538986099999935 ], [ -56.754390399999977, -29.539469 ], [ -56.756991899999946, -29.533456799999946 ], [ -56.761062699999968, -29.525560099999957 ], [ -56.750903699999981, -29.522112 ], [ -56.730197299999986, -29.515299299999988 ], [ -56.72488339999996, -29.513651799999938 ], [ -56.72253429999995, -29.512783899999924 ], [ -56.718036199999972, -29.511427199999954 ], [ -56.704657, -29.506941899999955 ], [ -56.702363199999979, -29.50584519999995 ], [ -56.700736599999978, -29.504661599999952 ], [ -56.694761, -29.495145 ], [ -56.686565199999961, -29.482430499999964 ], [ -56.684684699999934, -29.479690299999955 ], [ -56.68461, -29.475069699999946 ], [ -56.683767499999931, -29.475053099999958 ], [ -56.683772, -29.474566799999927 ], [ -56.683659699999964, -29.474563399999965 ], [ -56.679795899999931, -29.475377099999953 ], [ -56.67966389999998, -29.475010199999918 ], [ -56.679172199999982, -29.473615299999942 ], [ -56.672735199999977, -29.475184699999936 ], [ -56.669289299999946, -29.476000099999975 ], [ -56.665498899999932, -29.475468499999973 ], [ -56.663476899999978, -29.477412499999957 ], [ -56.660270899999951, -29.48027489999998 ], [ -56.655990899999949, -29.483798199999967 ], [ -56.653677799999969, -29.485790799999961 ], [ -56.648632699999951, -29.488433899999965 ], [ -56.645405, -29.490289199999946 ], [ -56.637963199999945, -29.496053599999982 ], [ -56.629602199999972, -29.502286499999968 ], [ -56.621419399999979, -29.505648899999983 ], [ -56.619213799999962, -29.506008799999972 ], [ -56.617690499999981, -29.505621299999977 ], [ -56.614361, -29.50351459999996 ], [ -56.608397799999977, -29.500592899999951 ], [ -56.600310699999966, -29.49838339999997 ], [ -56.598580899999945, -29.498063699999932 ], [ -56.596974799999941, -29.497489799999975 ], [ -56.586270299999967, -29.499790399999934 ], [ -56.582750399999952, -29.500672899999977 ], [ -56.574384199999947, -29.501065899999958 ], [ -56.565515099999971, -29.501384399999946 ], [ -56.562114699999938, -29.501437099999976 ], [ -56.556088699999975, -29.5016007 ], [ -56.548537499999952, -29.49998359999995 ], [ -56.546764, -29.500013 ], [ -56.544576499999948, -29.500319899999962 ], [ -56.541216, -29.500872099999981 ], [ -56.537939399999971, -29.501587699999959 ], [ -56.534561899999972, -29.504225799999983 ], [ -56.527274199999965, -29.508694799999944 ], [ -56.519639499999982, -29.522752499999964 ], [ -56.520191699999941, -29.530057199999924 ], [ -56.520389299999977, -29.536775199999973 ], [ -56.520683099999985, -29.539008199999955 ] ] ] } },
{ "type": "Feature", "properties": { "CD_SETOR": "432240025000001", "NM_BAIRRO": null, "NM_DIST": "Plano Alto", "populacao_total": 334, "pct_populacao_0_a_4_anos": 5.69, "sem_dado": false, "estimativa_criancas_0_a_4": 19.0 }, "geometry": { "type": "Polygon", "coordinates": [ [ [ -56.5162964, -29.763801399999977 ], [ -56.51625649999994, -29.763909399999925 ], [ -56.516218699999968, -29.763911899999986 ], [ -56.516169199999986, -29.763915199999921 ], [ -56.516258299999954, -29.765684299999968 ], [ -56.516270799999972, -29.765932299999971 ], [ -56.516268299999979, -29.765992499999982 ], [ -56.516267299999981, -29.76608409999994 ], [ -56.516263099999946, -29.76608889999995 ], [ -56.516199099999938, -29.766162499999947 ], [ -56.516331299999933, -29.767682 ], [ -56.516346199999987, -29.768057399999972 ], [ -56.516354399999955, -29.768399 ], [ -56.516392099999962, -29.768571 ], [ -56.516537199999959, -29.76878059999996 ], [ -56.516698399999939, -29.768915 ], [ -56.516913399999964, -29.769022499999945 ], [ -56.517104199999956, -29.769060099999933 ], [ -56.517295, -29.769097799999937 ], [ -56.517733, -29.769117099999953 ], [ -56.518374599999959, -29.769145499999986 ], [ -56.520237099999974, -29.769227899999972 ], [ -56.520331899999974, -29.769232099999957 ], [ -56.520412499999964, -29.769240199999953 ], [ -56.520493099999953, -29.769248299999958 ], [ -56.520568399999945, -29.769291299999963 ], [ -56.520611399999957, -29.769366499999926 ], [ -56.520600599999973, -29.769468199999952 ], [ -56.520266, -29.770101599999986 ], [ -56.520499299999983, -29.770240699999928 ], [ -56.520920899999965, -29.770408 ], [ -56.521266199999957, -29.770030399999939 ], [ -56.525547299999971, -29.769182199999936 ], [ -56.531258499999979, -29.767025299999947 ], [ -56.53118029999996, -29.76477 ], [ -56.531179099999974, -29.764736199999952 ], [ -56.531169799999986, -29.764467099999933 ], [ -56.531168499999978, -29.76443009999997 ], [ -56.531116499999939, -29.762932699999958 ], [ -56.5162964, -29.763801399999977 ] ] ] } },
{ "type": "Feature", "properties": { "CD_SETOR": "432240025000002", "NM_BAIRRO": null, "NM_DIST": "Plano Alto", "populacao_total": 215, "pct_populacao_0_a_4_anos": 7.44, "sem_dado": false, "estimativa_criancas_0_a_4": 16.0 }, "geometry": { "type": "Polygon", "coordinates": [ [ [ -56.437747299999963, -29.538031399999966 ], [ -56.435766199999932, -29.541307599999978 ], [ -56.433828799999965, -29.542752499999956 ], [ -56.432633899999985, -29.540905099999978 ], [ -56.430703699999981, -29.540753699999975 ], [ -56.430205299999955, -29.539244299999957 ], [ -56.426905599999948, -29.539906 ], [ -56.424254299999973, -29.539116699999958 ], [ -56.422317699999951, -29.53982109999998 ], [ -56.423026199999981, -29.543089599999977 ], [ -56.421792599999954, -29.545409699999929 ], [ -56.418386899999973, -29.54869089999994 ], [ -56.413573299999939, -29.554582099999948 ], [ -56.412739099999953, -29.559082499999942 ], [ -56.410458499999947, -29.559143699999922 ], [ -56.40817039999996, -29.561017499999927 ], [ -56.408126399999958, -29.562639699999973 ], [ -56.410833499999967, -29.562677199999939 ], [ -56.410002899999938, -29.563862699999952 ], [ -56.406913, -29.564614799999958 ], [ -56.409457099999941, -29.568215399999925 ], [ -56.409385099999952, -29.569486399999956 ], [ -56.407758199999932, -29.57148169999995 ], [ -56.40441839999994, -29.573417799999962 ], [ -56.403831399999945, -29.576699899999934 ], [ -56.402610299999935, -29.576966399999939 ], [ -56.400309799999945, -29.57572029999994 ], [ -56.396919699999955, -29.57811879999997 ], [ -56.395575599999972, -29.580214399999928 ], [ -56.393974199999946, -29.580552499999964 ], [ -56.392175899999984, -29.579284599999934 ], [ -56.391296699999941, -29.585470199999975 ], [ -56.389309299999979, -29.587347399999945 ], [ -56.386483199999986, -29.585620799999951 ], [ -56.384372199999973, -29.585845399999986 ], [ -56.382776099999944, -29.58812839999996 ], [ -56.384093899999989, -29.593063499999968 ], [ -56.382650299999966, -29.593710699999978 ], [ -56.381130199999973, -29.59066479999996 ], [ -56.378272699999968, -29.589226299999954 ], [ -56.376067199999966, -29.592957499999962 ], [ -56.371867699999939, -29.595580099999943 ], [ -56.371902299999931, -29.597632699999963 ], [ -56.374316799999974, -29.598843899999963 ], [ -56.374547499999949, -29.597365399999944 ], [ -56.376251899999943, -29.595724399999931 ], [ -56.37877739999994, -29.598499 ], [ -56.383321199999955, -29.608363799999943 ], [ -56.383921099999952, -29.61406479999993 ], [ -56.384008799999947, -29.614893699999978 ], [ -56.381307299999946, -29.616122599999979 ], [ -56.378140199999962, -29.615952099999962 ], [ -56.377467099999933, -29.616929 ], [ -56.378534899999977, -29.621325799999958 ], [ -56.382912599999941, -29.62579479999993 ], [ -56.381520299999977, -29.628295099999942 ], [ -56.374986099999944, -29.629671899999952 ], [ -56.367552, -29.637226199999926 ], [ -56.366850599999964, -29.640668 ], [ -56.370378099999982, -29.651512699999945 ], [ -56.370242599999983, -29.655338499999964 ], [ -56.365117099999964, -29.661811699999937 ], [ -56.361702799999932, -29.670130799999974 ], [ -56.363898, -29.671349599999925 ], [ -56.368026899999961, -29.670427399999923 ], [ -56.368754799999977, -29.675514699999948 ], [ -56.370565299999953, -29.677502199999932 ], [ -56.376455399999941, -29.678874699999927 ], [ -56.381330599999956, -29.683258099999929 ], [ -56.388214599999969, -29.68525249999994 ], [ -56.39100209999998, -29.687365499999938 ], [ -56.390304799999967, -29.690346599999934 ], [ -56.3920864, -29.691740099999947 ], [ -56.394679199999985, -29.690207199999961 ], [ -56.397972799999941, -29.691079199999923 ], [ -56.400289, -29.69343409999993 ], [ -56.400445899999966, -29.696425899999952 ], [ -56.398714, -29.699696299999971 ], [ -56.400608299999931, -29.70121109999997 ], [ -56.401472799999965, -29.705049499999969 ], [ -56.400669199999982, -29.70958719999993 ], [ -56.39716089999996, -29.718410099999971 ], [ -56.394820299999935, -29.722362399999952 ], [ -56.384202, -29.728855199999934 ], [ -56.382961399999942, -29.734190599999973 ], [ -56.382670499999961, -29.735441099999942 ], [ -56.380234, -29.73721089999998 ], [ -56.378477099999941, -29.736719399999963 ], [ -56.376224599999944, -29.739014199999929 ], [ -56.375418099999933, -29.741118 ], [ -56.372716799999978, -29.742455899999975 ], [ -56.371308499999941, -29.744384699999955 ], [ -56.373421499999949, -29.756166899999986 ], [ -56.371013599999969, -29.766022699999947 ], [ -56.368799599999932, -29.769462799999935 ], [ -56.370519899999977, -29.77140589999993 ], [ -56.368954299999984, -29.773176099999947 ], [ -56.369808099999943, -29.778466599999945 ], [ -56.366900799999939, -29.781732499999972 ], [ -56.366264199999932, -29.783822399999956 ], [ -56.366993199999968, -29.785346799999942 ], [ -56.367577, -29.785275899999935 ], [ -56.369684499999948, -29.785776499999933 ], [ -56.371512899999971, -29.785978199999931 ], [ -56.375761299999965, -29.786108499999941 ], [ -56.385756, -29.786765399999979 ], [ -56.390842499999962, -29.788125399999956 ], [ -56.393721899999946, -29.788058 ], [ -56.401836, -29.787143499999949 ], [ -56.405088, -29.78648569999995 ], [ -56.413072399999976, -29.785777599999953 ], [ -56.41794, -29.783739199999957 ], [ -56.418885199999977, -29.78243609999998 ], [ -56.420246299999974, -29.781871099999933 ], [ -56.421018799999956, -29.780405199999961 ], [ -56.422226699999953, -29.77931819999997 ], [ -56.425350799999933, -29.775086899999962 ], [ -56.425950899999982, -29.773336499999981 ], [ -56.42581249999995, -29.772785399999986 ], [ -56.426292099999955, -29.772217499999964 ], [ -56.426599899999985, -29.77121 ], [ -56.42603779999996, -29.770378099999952 ], [ -56.428051899999957, -29.770479199999947 ], [ -56.430118399999969, -29.770265399999964 ], [ -56.434318799999971, -29.7713 ], [ -56.43619769999998, -29.771499 ], [ -56.439319499999954, -29.770272899999949 ], [ -56.447221799999966, -29.767699599999958 ], [ -56.453043499999978, -29.767056199999956 ], [ -56.461496399999987, -29.766679199999942 ], [ -56.470292599999937, -29.766259399999971 ], [ -56.474556899999989, -29.765452099999951 ], [ -56.476451599999962, -29.765379 ], [ -56.481290299999962, -29.767515399999986 ], [ -56.482754199999931, -29.767616 ], [ -56.483998199999974, -29.767316499999929 ], [ -56.489957299999958, -29.763614299999972 ], [ -56.493180599999967, -29.762547899999955 ], [ -56.495726699999977, -29.762883099999954 ], [ -56.503117199999963, -29.765850099999962 ], [ -56.503757599999972, -29.766107199999965 ], [ -56.504177099999936, -29.766739299999987 ], [ -56.505521299999941, -29.767164499999971 ], [ -56.516199099999938, -29.766162499999947 ], [ -56.516263099999946, -29.76608889999995 ], [ -56.516267299999981, -29.76608409999994 ], [ -56.516268299999979, -29.765992499999982 ], [ -56.516270799999972, -29.765932299999971 ], [ -56.516258299999954, -29.765684299999968 ], [ -56.516169199999986, -29.763915199999921 ], [ -56.516218699999968, -29.763911899999986 ], [ -56.51625649999994, -29.763909399999925 ], [ -56.5162964, -29.763801399999977 ], [ -56.516071799999963, -29.759336 ], [ -56.523991799999976, -29.739728 ], [ -56.525891599999966, -29.734884399999942 ], [ -56.52505519999994, -29.728168299999947 ], [ -56.524674199999936, -29.720097399999926 ], [ -56.525263499999937, -29.717129499999942 ], [ -56.524750099999956, -29.714997799999935 ], [ -56.523718799999983, -29.700676 ], [ -56.522735199999943, -29.6985 ], [ -56.521484599999951, -29.697342599999956 ], [ -56.50326449999995, -29.683277899999954 ], [ -56.49763169999995, -29.678950499999921 ], [ -56.497328699999969, -29.677804799999937 ], [ -56.497773399999971, -29.668127099999939 ], [ -56.503676, -29.64923559999994 ], [ -56.505022299999951, -29.647159099999953 ], [ -56.508675399999959, -29.643287499999921 ], [ -56.514890399999956, -29.63641 ], [ -56.517010699999958, -29.630336 ], [ -56.51628489999996, -29.627760799999969 ], [ -56.515317699999969, -29.624710699999984 ], [ -56.514791299999956, -29.622283199999959 ], [ -56.515821599999988, -29.606043099999951 ], [ -56.516264799999931, -29.599484699999945 ], [ -56.516369099999963, -29.596962799999972 ], [ -56.514067699999941, -29.589210799999943 ], [ -56.513508599999966, -29.58683979999995 ], [ -56.515065899999968, -29.570446799999946 ], [ -56.516059399999961, -29.556052399999938 ], [ -56.516142799999955, -29.554019 ], [ -56.516813899999931, -29.552475199999943 ], [ -56.520816, -29.544827 ], [ -56.518888299999958, -29.543754899999954 ], [ -56.517884299999935, -29.542860799999968 ], [ -56.51940319999995, -29.54078439999995 ], [ -56.520683099999985, -29.539008199999955 ], [ -56.516831899999943, -29.536714099999976 ], [ -56.514840699999979, -29.535770699999933 ], [ -56.507731599999943, -29.535335099999951 ], [ -56.50577549999997, -29.535017599999954 ], [ -56.50494109999994, -29.534237099999928 ], [ -56.50461, -29.533237 ], [ -56.503066899999965, -29.525554599999968 ], [ -56.502035399999954, -29.523975199999938 ], [ -56.500842499999976, -29.522706399999951 ], [ -56.499748599999975, -29.522112 ], [ -56.498685499999965, -29.521087699999942 ], [ -56.498178, -29.51987639999993 ], [ -56.498751599999935, -29.517146 ], [ -56.499315299999978, -29.515484299999976 ], [ -56.49939569999998, -29.512878699999931 ], [ -56.499296699999945, -29.509604599999932 ], [ -56.498739799999953, -29.506800799999947 ], [ -56.498526899999945, -29.506489199999969 ], [ -56.498352299999972, -29.505136199999988 ], [ -56.497545199999934, -29.503732099999979 ], [ -56.490704899999969, -29.489279399999923 ], [ -56.489684699999941, -29.487587899999941 ], [ -56.488448699999935, -29.486013099999969 ], [ -56.485127699999964, -29.482635099999982 ], [ -56.478061099999934, -29.473235499999916 ], [ -56.475076099999967, -29.468628099999933 ], [ -56.47270709999998, -29.470185299999962 ], [ -56.472289199999977, -29.472808899999951 ], [ -56.469985699999938, -29.470142899999935 ], [ -56.468549899999971, -29.475447399999943 ], [ -56.471064699999943, -29.478740699999939 ], [ -56.471475899999973, -29.481917099999976 ], [ -56.474056299999972, -29.484759299999943 ], [ -56.47012749999994, -29.485384099999969 ], [ -56.469535699999938, -29.482969399999956 ], [ -56.46613229999997, -29.483819699999962 ], [ -56.463020099999945, -29.482898899999949 ], [ -56.462290199999984, -29.486108199999929 ], [ -56.463180399999942, -29.488631 ], [ -56.460081699999932, -29.488018299999965 ], [ -56.460576299999957, -29.490302299999925 ], [ -56.458469, -29.490423299999971 ], [ -56.458354, -29.491258599999977 ], [ -56.459291099999973, -29.492943799999988 ], [ -56.462261, -29.494198199999964 ], [ -56.461809399999936, -29.496293199999961 ], [ -56.460183499999971, -29.497433299999955 ], [ -56.461790699999938, -29.498804 ], [ -56.459697799999958, -29.500721 ], [ -56.460199599999953, -29.501938099999954 ], [ -56.461677099999974, -29.50352759999998 ], [ -56.46488439999996, -29.503067799999943 ], [ -56.468249199999946, -29.504637599999974 ], [ -56.467511799999954, -29.507236499999983 ], [ -56.465486099999964, -29.507465199999949 ], [ -56.464149299999974, -29.508576599999969 ], [ -56.468521399999986, -29.513851799999941 ], [ -56.46789739999997, -29.518107899999947 ], [ -56.46491489999994, -29.519432799999947 ], [ -56.467145599999981, -29.52258449999994 ], [ -56.466602199999954, -29.523958899999958 ], [ -56.465408199999956, -29.522161299999947 ], [ -56.463982899999962, -29.522399599999972 ], [ -56.463476499999956, -29.524276499999928 ], [ -56.467380699999978, -29.526700099999971 ], [ -56.465408299999979, -29.528289499999975 ], [ -56.467929099999935, -29.529780199999941 ], [ -56.467130499999939, -29.531777 ], [ -56.464555899999937, -29.533727399999972 ], [ -56.460384499999975, -29.532256399999937 ], [ -56.460141699999951, -29.530279799999956 ], [ -56.461008099999958, -29.528519799999962 ], [ -56.459326899999958, -29.528760099999936 ], [ -56.457029299999931, -29.530905399999945 ], [ -56.451916799999935, -29.530443399999964 ], [ -56.45246179999998, -29.532843699999937 ], [ -56.44835409999996, -29.538115099999963 ], [ -56.447051299999941, -29.538861399999966 ], [ -56.446427699999958, -29.536963899999932 ], [ -56.440367599999945, -29.539806599999967 ], [ -56.437747299999963, -29.538031399999966 ] ] ] } },
{ "type": "Feature", "properties": { "CD_SETOR": "432240025000003", "NM_BAIRRO": null, "NM_DIST": "Plano Alto", "populacao_total": 153, "pct_populacao_0_a_4_anos": 9.15, "sem_dado": false, "estimativa_criancas_0_a_4": 14.0 }, "geometry": { "type": "Polygon", "coordinates": [ [ [ -56.366993199999968, -29.785346799999942 ], [ -56.369914699999981, -29.791460499999964 ], [ -56.369815299999971, -29.797556199999974 ], [ -56.372166899999968, -29.809830799999929 ], [ -56.371702599999935, -29.812952899999971 ], [ -56.368052199999966, -29.820461199999944 ], [ -56.364356099999952, -29.825122599999926 ], [ -56.365561, -29.830276 ], [ -56.36366309999994, -29.834232499999931 ], [ -56.357817399999931, -29.841878099999978 ], [ -56.351014199999952, -29.848627099999931 ], [ -56.339450799999952, -29.85139149999997 ], [ -56.328415499999949, -29.856997799999935 ], [ -56.31619429999995, -29.859450799999941 ], [ -56.310580099999981, -29.86284409999995 ], [ -56.305691299999978, -29.867367 ], [ -56.30501959999998, -29.870211099999949 ], [ -56.307542299999966, -29.877568599999961 ], [ -56.306785, -29.881236599999962 ], [ -56.304526099999975, -29.884177899999951 ], [ -56.301718299999955, -29.885812099999949 ], [ -56.299331099999961, -29.888582399999954 ], [ -56.297542199999953, -29.892345 ], [ -56.292694899999958, -29.897905599999937 ], [ -56.291524299999935, -29.900916099999964 ], [ -56.291274599999952, -29.906835899999976 ], [ -56.285657299999968, -29.91124 ], [ -56.284261599999979, -29.915067799999978 ], [ -56.283236299999942, -29.922831499999972 ], [ -56.283753899999965, -29.924130099999957 ], [ -56.284616199999967, -29.924967299999935 ], [ -56.285825099999954, -29.92556229999996 ], [ -56.287460299999964, -29.926134499999932 ], [ -56.288475399999982, -29.926219699999933 ], [ -56.290215099999955, -29.925880199999941 ], [ -56.293506699999966, -29.926274799999927 ], [ -56.298905699999978, -29.927855399999945 ], [ -56.299787299999934, -29.928397299999968 ], [ -56.302127499999983, -29.92894439999997 ], [ -56.303237399999944, -29.929593199999939 ], [ -56.305821299999934, -29.930463299999936 ], [ -56.307965599999932, -29.931359099999959 ], [ -56.308257699999956, -29.931628099999955 ], [ -56.310608099999968, -29.93279079999996 ], [ -56.312728599999957, -29.934622899999965 ], [ -56.316169299999956, -29.937052199999982 ], [ -56.316825199999982, -29.93705609999995 ], [ -56.317416399999964, -29.93721969999995 ], [ -56.318134599999951, -29.937679599999971 ], [ -56.31832529999997, -29.938215499999949 ], [ -56.318257699999947, -29.938698199999976 ], [ -56.31772639999997, -29.939417199999983 ], [ -56.317035099999941, -29.940031699999956 ], [ -56.31683419999996, -29.940617699999951 ], [ -56.31671689999996, -29.941377199999977 ], [ -56.322077099999944, -29.947379599999973 ], [ -56.325177899999971, -29.947408499999945 ], [ -56.327713, -29.94937329999992 ], [ -56.334049499999935, -29.950551199999957 ], [ -56.33686309999996, -29.951202799999972 ], [ -56.343292599999984, -29.952221799999961 ], [ -56.346117499999934, -29.952927399999968 ], [ -56.351011599999936, -29.949960899999951 ], [ -56.352741299999934, -29.948763399999962 ], [ -56.358666899999946, -29.945554299999976 ], [ -56.372480699999983, -29.938948699999973 ], [ -56.377609799999959, -29.938780399999935 ], [ -56.381132499999978, -29.938919699999936 ], [ -56.403944899999942, -29.937957299999937 ], [ -56.414165099999934, -29.937397699999963 ], [ -56.423189299999933, -29.935593199999964 ], [ -56.427879299999972, -29.934717699999968 ], [ -56.430453699999987, -29.935721599999958 ], [ -56.4335938, -29.936916199999928 ], [ -56.437464599999942, -29.93705569999997 ], [ -56.442845399999953, -29.936338699999965 ], [ -56.447038499999962, -29.936356599999957 ], [ -56.449727799999948, -29.934935699999983 ], [ -56.452943599999969, -29.933653699999972 ], [ -56.456300899999974, -29.931050099999933 ], [ -56.461320899999976, -29.923211199999965 ], [ -56.462958399999941, -29.923600499999964 ], [ -56.466040899999939, -29.924303899999977 ], [ -56.471274, -29.925850699999952 ], [ -56.472896299999945, -29.926256 ], [ -56.48121969999994, -29.922377199999971 ], [ -56.483724699999982, -29.920634899999978 ], [ -56.486062799999956, -29.920058 ], [ -56.4873343, -29.919982599999962 ], [ -56.494690599999956, -29.919546399999955 ], [ -56.497525199999984, -29.91966 ], [ -56.511770099999978, -29.91788739999998 ], [ -56.534381799999949, -29.915648199999971 ], [ -56.534274599999947, -29.914850299999962 ], [ -56.536306299999978, -29.909981799999969 ], [ -56.53793079999997, -29.907768499999971 ], [ -56.538137, -29.906314499999954 ], [ -56.535104699999977, -29.900161499999967 ], [ -56.532335699999976, -29.897019 ], [ -56.525668, -29.889701499999944 ], [ -56.519756799999982, -29.883116799999982 ], [ -56.516630299999981, -29.879512899999945 ], [ -56.515134199999984, -29.876013199999925 ], [ -56.514190799999938, -29.872292799999961 ], [ -56.514462899999955, -29.864320399999947 ], [ -56.514143599999954, -29.852580299999943 ], [ -56.51357349999995, -29.849822099999983 ], [ -56.511930599999978, -29.8463053 ], [ -56.507764099999974, -29.833163899999931 ], [ -56.507078599999943, -29.830331199999932 ], [ -56.507378399999936, -29.82853839999995 ], [ -56.508337099999949, -29.825944099999948 ], [ -56.511642499999937, -29.819079 ], [ -56.513811399999952, -29.815484299999977 ], [ -56.514697799999965, -29.812535199999953 ], [ -56.517527199999968, -29.79636829999998 ], [ -56.518273199999953, -29.79302679999995 ], [ -56.518785299999934, -29.789435599999933 ], [ -56.519404599999973, -29.786043099999979 ], [ -56.518344299999967, -29.773673099999939 ], [ -56.520266, -29.770101599999986 ], [ -56.520600599999973, -29.769468199999952 ], [ -56.520611399999957, -29.769366499999926 ], [ -56.520568399999945, -29.769291299999963 ], [ -56.520493099999953, -29.769248299999958 ], [ -56.520412499999964, -29.769240199999953 ], [ -56.520331899999974, -29.769232099999957 ], [ -56.520237099999974, -29.769227899999972 ], [ -56.518374599999959, -29.769145499999986 ], [ -56.517733, -29.769117099999953 ], [ -56.517295, -29.769097799999937 ], [ -56.517104199999956, -29.769060099999933 ], [ -56.516913399999964, -29.769022499999945 ], [ -56.516698399999939, -29.768915 ], [ -56.516537199999959, -29.76878059999996 ], [ -56.516392099999962, -29.768571 ], [ -56.516354399999955, -29.768399 ], [ -56.516346199999987, -29.768057399999972 ], [ -56.516331299999933, -29.767682 ], [ -56.516199099999938, -29.766162499999947 ], [ -56.505521299999941, -29.767164499999971 ], [ -56.504177099999936, -29.766739299999987 ], [ -56.503757599999972, -29.766107199999965 ], [ -56.503117199999963, -29.765850099999962 ], [ -56.495726699999977, -29.762883099999954 ], [ -56.493180599999967, -29.762547899999955 ], [ -56.489957299999958, -29.763614299999972 ], [ -56.483998199999974, -29.767316499999929 ], [ -56.482754199999931, -29.767616 ], [ -56.481290299999962, -29.767515399999986 ], [ -56.476451599999962, -29.765379 ], [ -56.474556899999989, -29.765452099999951 ], [ -56.470292599999937, -29.766259399999971 ], [ -56.461496399999987, -29.766679199999942 ], [ -56.453043499999978, -29.767056199999956 ], [ -56.447221799999966, -29.767699599999958 ], [ -56.439319499999954, -29.770272899999949 ], [ -56.43619769999998, -29.771499 ], [ -56.434318799999971, -29.7713 ], [ -56.430118399999969, -29.770265399999964 ], [ -56.428051899999957, -29.770479199999947 ], [ -56.42603779999996, -29.770378099999952 ], [ -56.426599899999985, -29.77121 ], [ -56.426292099999955, -29.772217499999964 ], [ -56.42581249999995, -29.772785399999986 ], [ -56.425950899999982, -29.773336499999981 ], [ -56.425350799999933, -29.775086899999962 ], [ -56.422226699999953, -29.77931819999997 ], [ -56.421018799999956, -29.780405199999961 ], [ -56.420246299999974, -29.781871099999933 ], [ -56.418885199999977, -29.78243609999998 ], [ -56.41794, -29.783739199999957 ], [ -56.413072399999976, -29.785777599999953 ], [ -56.405088, -29.78648569999995 ], [ -56.401836, -29.787143499999949 ], [ -56.393721899999946, -29.788058 ], [ -56.390842499999962, -29.788125399999956 ], [ -56.385756, -29.786765399999979 ], [ -56.375761299999965, -29.786108499999941 ], [ -56.371512899999971, -29.785978199999931 ], [ -56.369684499999948, -29.785776499999933 ], [ -56.367577, -29.785275899999935 ], [ -56.366993199999968, -29.785346799999942 ] ] ] } },
{ "type": "Feature", "properties": { "CD_SETOR": "432240025000004", "NM_BAIRRO": null, "NM_DIST": "Plano Alto", "populacao_total": 227, "pct_populacao_0_a_4_anos": 8.81, "sem_dado": false, "estimativa_criancas_0_a_4": 20.0 }, "geometry": { "type": "Polygon", "coordinates": [ [ [ -56.535104699999977, -29.900161499999967 ], [ -56.545515899999941, -29.897548799999974 ], [ -56.565738399999987, -29.886726199999941 ], [ -56.566873099999953, -29.888468 ], [ -56.572238599999935, -29.893663099999959 ], [ -56.5737908, -29.894526 ], [ -56.579665, -29.894591599999959 ], [ -56.583569699999941, -29.89365369999997 ], [ -56.59519709999995, -29.894424299999972 ], [ -56.599287199999935, -29.895373599999964 ], [ -56.609948299999985, -29.896544499999948 ], [ -56.636186399999985, -29.898962499999978 ], [ -56.635857099999953, -29.90002589999995 ], [ -56.635676799999942, -29.902649799999953 ], [ -56.636626499999977, -29.908925099999969 ], [ -56.636417199999983, -29.912502799999963 ], [ -56.635841, -29.921621699999939 ], [ -56.634190599999954, -29.929182299999987 ], [ -56.641481, -29.923205399999965 ], [ -56.644667199999958, -29.921444299999955 ], [ -56.649055699999963, -29.919655299999935 ], [ -56.657592099999938, -29.916695299999951 ], [ -56.661935399999955, -29.914993099999947 ], [ -56.663479499999944, -29.914449299999944 ], [ -56.665023499999968, -29.913905599999975 ], [ -56.671543199999974, -29.911282699999969 ], [ -56.704341599999964, -29.899241599999975 ], [ -56.73380979999996, -29.890318599999944 ], [ -56.749398399999968, -29.885712 ], [ -56.759940099999938, -29.882707 ], [ -56.769349899999952, -29.879714199999952 ], [ -56.779766399999971, -29.878180899999965 ], [ -56.791153799999961, -29.877269099999982 ], [ -56.797305699999981, -29.876534899999971 ], [ -56.794462499999952, -29.875111899999979 ], [ -56.792374099999961, -29.872903 ], [ -56.787014699999986, -29.863755799999979 ], [ -56.781395699999962, -29.860966099999931 ], [ -56.775363099999936, -29.858191899999944 ], [ -56.765715599999965, -29.85682179999997 ], [ -56.759368199999983, -29.859392199999945 ], [ -56.758746699999961, -29.858134899999975 ], [ -56.757392299999935, -29.849504599999936 ], [ -56.755797299999983, -29.846000699999927 ], [ -56.753076299999975, -29.842044199999975 ], [ -56.750825499999962, -29.837161199999962 ], [ -56.749397399999971, -29.833675199999963 ], [ -56.748172499999953, -29.831394299999946 ], [ -56.746885599999985, -29.82875649999994 ], [ -56.745960199999956, -29.826026499999958 ], [ -56.74515009999994, -29.824719799999968 ], [ -56.74424049999994, -29.824969799999959 ], [ -56.737230299999965, -29.829093899999972 ], [ -56.732988099999943, -29.831049699999944 ], [ -56.732087, -29.831015299999926 ], [ -56.7311615, -29.829534899999928 ], [ -56.730067099999985, -29.818274899999953 ], [ -56.730027, -29.81462039999996 ], [ -56.729892399999983, -29.809581799999926 ], [ -56.729430699999966, -29.804098899999929 ], [ -56.727302799999968, -29.79756779999996 ], [ -56.726473299999952, -29.796111899999957 ], [ -56.727960899999971, -29.792651899999953 ], [ -56.727897, -29.791789599999959 ], [ -56.726148799999976, -29.790012799999946 ], [ -56.725366799999961, -29.788798099999951 ], [ -56.719621599999982, -29.789791899999948 ], [ -56.713437399999975, -29.790528399999964 ], [ -56.704665399999953, -29.792981 ], [ -56.694692499999981, -29.797469 ], [ -56.693879699999968, -29.799452 ], [ -56.65736789999994, -29.806098 ], [ -56.655750499999954, -29.807071799999964 ], [ -56.653598199999983, -29.806675899999959 ], [ -56.630319399999962, -29.810807899999929 ], [ -56.629088099999933, -29.811324699999936 ], [ -56.5993026, -29.816771599999981 ], [ -56.589285699999948, -29.811825099999957 ], [ -56.581789, -29.811379299999942 ], [ -56.58040219999998, -29.811895099999955 ], [ -56.565290399999981, -29.811749099999926 ], [ -56.563948, -29.810800399999952 ], [ -56.561488899999972, -29.810533399999933 ], [ -56.55780679999998, -29.808438 ], [ -56.556076, -29.808529099999923 ], [ -56.549683699999946, -29.810525299999927 ], [ -56.542823599999963, -29.797160299999977 ], [ -56.54186569999996, -29.796344599999944 ], [ -56.539573, -29.793473499999955 ], [ -56.53872819999998, -29.79307949999998 ], [ -56.52835029999995, -29.792523499999959 ], [ -56.527467599999966, -29.792226599999939 ], [ -56.519949799999949, -29.788555 ], [ -56.519404599999973, -29.786043099999979 ], [ -56.518785299999934, -29.789435599999933 ], [ -56.518273199999953, -29.79302679999995 ], [ -56.517527199999968, -29.79636829999998 ], [ -56.514697799999965, -29.812535199999953 ], [ -56.513811399999952, -29.815484299999977 ], [ -56.511642499999937, -29.819079 ], [ -56.508337099999949, -29.825944099999948 ], [ -56.507378399999936, -29.82853839999995 ], [ -56.507078599999943, -29.830331199999932 ], [ -56.507764099999974, -29.833163899999931 ], [ -56.511930599999978, -29.8463053 ], [ -56.51357349999995, -29.849822099999983 ], [ -56.514143599999954, -29.852580299999943 ], [ -56.514462899999955, -29.864320399999947 ], [ -56.514190799999938, -29.872292799999961 ], [ -56.515134199999984, -29.876013199999925 ], [ -56.516630299999981, -29.879512899999945 ], [ -56.519756799999982, -29.883116799999982 ], [ -56.525668, -29.889701499999944 ], [ -56.532335699999976, -29.897019 ], [ -56.535104699999977, -29.900161499999967 ] ] ] } },
{ "type": "Feature", "properties": { "CD_SETOR": "432240025000005", "NM_BAIRRO": null, "NM_DIST": "Plano Alto", "populacao_total": 163, "pct_populacao_0_a_4_anos": 5.52, "sem_dado": false, "estimativa_criancas_0_a_4": 9.0 }, "geometry": { "type": "Polygon", "coordinates": [ [ [ -56.5162964, -29.763801399999977 ], [ -56.531116499999939, -29.762932699999958 ], [ -56.531168499999978, -29.76443009999997 ], [ -56.531169799999986, -29.764467099999933 ], [ -56.531179099999974, -29.764736199999952 ], [ -56.53118029999996, -29.76477 ], [ -56.531258499999979, -29.767025299999947 ], [ -56.525547299999971, -29.769182199999936 ], [ -56.521266199999957, -29.770030399999939 ], [ -56.520920899999965, -29.770408 ], [ -56.520499299999983, -29.770240699999928 ], [ -56.520266, -29.770101599999986 ], [ -56.518344299999967, -29.773673099999939 ], [ -56.519404599999973, -29.786043099999979 ], [ -56.519949799999949, -29.788555 ], [ -56.527467599999966, -29.792226599999939 ], [ -56.52835029999995, -29.792523499999959 ], [ -56.53872819999998, -29.79307949999998 ], [ -56.539573, -29.793473499999955 ], [ -56.54186569999996, -29.796344599999944 ], [ -56.542823599999963, -29.797160299999977 ], [ -56.549683699999946, -29.810525299999927 ], [ -56.556076, -29.808529099999923 ], [ -56.55780679999998, -29.808438 ], [ -56.561488899999972, -29.810533399999933 ], [ -56.563948, -29.810800399999952 ], [ -56.565290399999981, -29.811749099999926 ], [ -56.58040219999998, -29.811895099999955 ], [ -56.581789, -29.811379299999942 ], [ -56.589285699999948, -29.811825099999957 ], [ -56.5993026, -29.816771599999981 ], [ -56.629088099999933, -29.811324699999936 ], [ -56.630319399999962, -29.810807899999929 ], [ -56.653598199999983, -29.806675899999959 ], [ -56.655750499999954, -29.807071799999964 ], [ -56.65736789999994, -29.806098 ], [ -56.693879699999968, -29.799452 ], [ -56.694692499999981, -29.797469 ], [ -56.704665399999953, -29.792981 ], [ -56.713437399999975, -29.790528399999964 ], [ -56.719621599999982, -29.789791899999948 ], [ -56.725366799999961, -29.788798099999951 ], [ -56.724753799999974, -29.781772 ], [ -56.724417099999982, -29.777439499999957 ], [ -56.724106, -29.776227799999955 ], [ -56.720491299999935, -29.774675699999925 ], [ -56.718116799999969, -29.77277789999993 ], [ -56.71609489999998, -29.770413 ], [ -56.712886199999957, -29.767224 ], [ -56.710591699999952, -29.763789799999977 ], [ -56.708307499999933, -29.761119099999977 ], [ -56.706337599999983, -29.759129899999945 ], [ -56.703684699999947, -29.756006799999959 ], [ -56.701153499999975, -29.753593399999936 ], [ -56.699270099999978, -29.752045899999931 ], [ -56.695451699999978, -29.748244899999978 ], [ -56.690187899999955, -29.742082899999957 ], [ -56.687129699999957, -29.737679199999949 ], [ -56.682176799999979, -29.728822799999925 ], [ -56.67935609999995, -29.724458299999984 ], [ -56.677281299999947, -29.720648499999978 ], [ -56.676423599999964, -29.719192199999952 ], [ -56.675437099999954, -29.712666799999969 ], [ -56.667469799999935, -29.707107599999969 ], [ -56.664734299999964, -29.705533199999937 ], [ -56.661290399999984, -29.701331699999979 ], [ -56.657166299999972, -29.70135919999996 ], [ -56.652937399999985, -29.701636599999965 ], [ -56.651027799999952, -29.699256499999926 ], [ -56.64539949999994, -29.693665099999972 ], [ -56.643628799999931, -29.691642 ], [ -56.643612699999949, -29.690356 ], [ -56.642152099999976, -29.690175299999964 ], [ -56.640941699999985, -29.688298799999988 ], [ -56.630425699999932, -29.696426899999942 ], [ -56.625055799999984, -29.700726299999928 ], [ -56.623165399999948, -29.699810899999921 ], [ -56.610987199999954, -29.693311299999941 ], [ -56.607601199999976, -29.693311299999948 ], [ -56.593796499999939, -29.689192399999968 ], [ -56.592059, -29.689138899999929 ], [ -56.592237399999938, -29.686435499999963 ], [ -56.592345799999975, -29.684792799999965 ], [ -56.592479099999935, -29.681448799999945 ], [ -56.591385599999967, -29.674997199999943 ], [ -56.591080799999986, -29.672459899999971 ], [ -56.590236299999958, -29.67016759999996 ], [ -56.589619899999946, -29.668776599999944 ], [ -56.588488199999972, -29.667485199999931 ], [ -56.586028199999987, -29.665236899999957 ], [ -56.582325899999944, -29.661030199999971 ], [ -56.579537199999947, -29.664513399999972 ], [ -56.575552899999934, -29.664422 ], [ -56.572385399999973, -29.66425289999993 ], [ -56.569237699999974, -29.664449499999929 ], [ -56.567560399999934, -29.664927699999968 ], [ -56.563962199999935, -29.664743499999926 ], [ -56.557890699999973, -29.664263499999951 ], [ -56.549703299999976, -29.663943199999945 ], [ -56.544996, -29.660594199999927 ], [ -56.542276899999933, -29.658327 ], [ -56.539566199999967, -29.656211899999967 ], [ -56.534470899999974, -29.654362899999963 ], [ -56.531955399999966, -29.652864499999961 ], [ -56.531921199999942, -29.651748 ], [ -56.532233499999968, -29.649533799999968 ], [ -56.53336349999995, -29.648370599999961 ], [ -56.532547299999976, -29.647297899999955 ], [ -56.53158, -29.646621099999951 ], [ -56.528442199999972, -29.645194099999969 ], [ -56.525658199999953, -29.643293099999934 ], [ -56.524662899999953, -29.642443699999937 ], [ -56.520858499999974, -29.640539499999928 ], [ -56.51852839999998, -29.639013899999952 ], [ -56.517528599999935, -29.638686599999964 ], [ -56.51509219999997, -29.636912299999953 ], [ -56.514890399999956, -29.63641 ], [ -56.508675399999959, -29.643287499999921 ], [ -56.505022299999951, -29.647159099999953 ], [ -56.503676, -29.64923559999994 ], [ -56.497773399999971, -29.668127099999939 ], [ -56.497328699999969, -29.677804799999937 ], [ -56.49763169999995, -29.678950499999921 ], [ -56.50326449999995, -29.683277899999954 ], [ -56.521484599999951, -29.697342599999956 ], [ -56.522735199999943, -29.6985 ], [ -56.523718799999983, -29.700676 ], [ -56.524750099999956, -29.714997799999935 ], [ -56.525263499999937, -29.717129499999942 ], [ -56.524674199999936, -29.720097399999926 ], [ -56.52505519999994, -29.728168299999947 ], [ -56.525891599999966, -29.734884399999942 ], [ -56.523991799999976, -29.739728 ], [ -56.516071799999963, -29.759336 ], [ -56.5162964, -29.763801399999977 ] ] ] } },
{ "type": "Feature", "properties": { "CD_SETOR": "432240025000006", "NM_BAIRRO": null, "NM_DIST": "Plano Alto", "populacao_total": 180, "pct_populacao_0_a_4_anos": 7.78, "sem_dado": false, "estimativa_criancas_0_a_4": 14.0 }, "geometry": { "type": "Polygon", "coordinates": [ [ [ -56.535104699999977, -29.900161499999967 ], [ -56.538137, -29.906314499999954 ], [ -56.53793079999997, -29.907768499999971 ], [ -56.536306299999978, -29.909981799999969 ], [ -56.534274599999947, -29.914850299999962 ], [ -56.534381799999949, -29.915648199999971 ], [ -56.511770099999978, -29.91788739999998 ], [ -56.497525199999984, -29.91966 ], [ -56.494690599999956, -29.919546399999955 ], [ -56.4873343, -29.919982599999962 ], [ -56.486062799999956, -29.920058 ], [ -56.483724699999982, -29.920634899999978 ], [ -56.48121969999994, -29.922377199999971 ], [ -56.472896299999945, -29.926256 ], [ -56.471274, -29.925850699999952 ], [ -56.466040899999939, -29.924303899999977 ], [ -56.462958399999941, -29.923600499999964 ], [ -56.461320899999976, -29.923211199999965 ], [ -56.456300899999974, -29.931050099999933 ], [ -56.452943599999969, -29.933653699999972 ], [ -56.449727799999948, -29.934935699999983 ], [ -56.447038499999962, -29.936356599999957 ], [ -56.442845399999953, -29.936338699999965 ], [ -56.437464599999942, -29.93705569999997 ], [ -56.4335938, -29.936916199999928 ], [ -56.430453699999987, -29.935721599999958 ], [ -56.427879299999972, -29.934717699999968 ], [ -56.423189299999933, -29.935593199999964 ], [ -56.414165099999934, -29.937397699999963 ], [ -56.403944899999942, -29.937957299999937 ], [ -56.381132499999978, -29.938919699999936 ], [ -56.377609799999959, -29.938780399999935 ], [ -56.372480699999983, -29.938948699999973 ], [ -56.358666899999946, -29.945554299999976 ], [ -56.352741299999934, -29.948763399999962 ], [ -56.351011599999936, -29.949960899999951 ], [ -56.346117499999934, -29.952927399999968 ], [ -56.343292599999984, -29.952221799999961 ], [ -56.33686309999996, -29.951202799999972 ], [ -56.334049499999935, -29.950551199999957 ], [ -56.327713, -29.94937329999992 ], [ -56.325177899999971, -29.947408499999945 ], [ -56.322077099999944, -29.947379599999973 ], [ -56.325229499999978, -29.950518899999963 ], [ -56.327391499999976, -29.952993 ], [ -56.328554599999961, -29.95572989999993 ], [ -56.329783499999962, -29.957772299999924 ], [ -56.330606599999953, -29.960051699999944 ], [ -56.33187369999996, -29.961908499999939 ], [ -56.333262699999977, -29.964940799999969 ], [ -56.334186899999963, -29.966577299999983 ], [ -56.334474499999949, -29.967972599999946 ], [ -56.337554599999976, -29.973157 ], [ -56.337938699999938, -29.974471199999982 ], [ -56.341784399999938, -29.980730299999948 ], [ -56.342559399999971, -29.983011399999949 ], [ -56.343172, -29.984032099999979 ], [ -56.343738599999938, -29.98542689999994 ], [ -56.344939199999942, -29.98746959999994 ], [ -56.345325699999933, -29.98856909999995 ], [ -56.346562, -29.990449699999946 ], [ -56.347171799999956, -29.992139499999954 ], [ -56.348044099999981, -29.993524299999926 ], [ -56.349967599999957, -29.997732599999949 ], [ -56.350110099999938, -29.999073599999971 ], [ -56.350001499999962, -30.000753699999965 ], [ -56.350330499999984, -30.002310499999961 ], [ -56.352266499999985, -30.002463499999973 ], [ -56.35401109999998, -30.002853399999942 ], [ -56.355737099999942, -30.003513299999952 ], [ -56.375582299999962, -30.01404129999997 ], [ -56.410278499999947, -30.019574 ], [ -56.413253599999962, -30.019719599999974 ], [ -56.416397199999949, -30.019585299999946 ], [ -56.420404299999973, -30.019102399999962 ], [ -56.423276099999953, -30.018451699999957 ], [ -56.432387399999982, -30.015746199999967 ], [ -56.443410099999937, -30.012473 ], [ -56.45669289999995, -30.008713799999949 ], [ -56.461898799999972, -30.006968299999972 ], [ -56.469939299999965, -30.004778199999969 ], [ -56.478300199999978, -30.003352499999945 ], [ -56.500130799999965, -30.001529799999958 ], [ -56.504097699999939, -30.001593299999968 ], [ -56.506817899999987, -30.001796699999939 ], [ -56.511260499999935, -30.00148479999995 ], [ -56.513872899999967, -29.99963529999998 ], [ -56.52115, -29.996510799999953 ], [ -56.552514899999949, -29.973744 ], [ -56.569970799999965, -29.965163199999953 ], [ -56.589587799999947, -29.956820499999928 ], [ -56.606407899999965, -29.949585199999952 ], [ -56.610067599999979, -29.947350299999975 ], [ -56.620580399999938, -29.939386099999975 ], [ -56.634190599999954, -29.929182299999987 ], [ -56.635841, -29.921621699999939 ], [ -56.636417199999983, -29.912502799999963 ], [ -56.636626499999977, -29.908925099999969 ], [ -56.635676799999942, -29.902649799999953 ], [ -56.635857099999953, -29.90002589999995 ], [ -56.636186399999985, -29.898962499999978 ], [ -56.609948299999985, -29.896544499999948 ], [ -56.599287199999935, -29.895373599999964 ], [ -56.59519709999995, -29.894424299999972 ], [ -56.583569699999941, -29.89365369999997 ], [ -56.579665, -29.894591599999959 ], [ -56.5737908, -29.894526 ], [ -56.572238599999935, -29.893663099999959 ], [ -56.566873099999953, -29.888468 ], [ -56.565738399999987, -29.886726199999941 ], [ -56.545515899999941, -29.897548799999974 ], [ -56.535104699999977, -29.900161499999967 ] ] ] } },
{ "type": "Feature", "properties": { "CD_SETOR": "432240030000001", "NM_BAIRRO": null, "NM_DIST": "São Marcos", "populacao_total": 440, "pct_populacao_0_a_4_anos": 4.32, "sem_dado": false, "estimativa_criancas_0_a_4": 19.0 }, "geometry": { "type": "Polygon", "coordinates": [ [ [ -56.834162899999967, -29.518245899999947 ], [ -56.837653099999955, -29.518298099999974 ], [ -56.839741299999957, -29.517853899999981 ], [ -56.844544299999939, -29.516780199999975 ], [ -56.851414099999943, -29.515619299999969 ], [ -56.851527, -29.508890799999953 ], [ -56.851529499999977, -29.508746 ], [ -56.851530399999945, -29.508688099999965 ], [ -56.84956219999998, -29.507696699999943 ], [ -56.848469699999953, -29.50695179999996 ], [ -56.847431399999948, -29.506486699999986 ], [ -56.846064599999977, -29.506253199999946 ], [ -56.84518989999998, -29.506112299999984 ], [ -56.844150599999978, -29.506343899999926 ], [ -56.843493699999954, -29.506807 ], [ -56.843055599999957, -29.507224399999977 ], [ -56.842672, -29.507734699999954 ], [ -56.841960399999948, -29.508197799999945 ], [ -56.841960899999947, -29.507826899999937 ], [ -56.842782299999953, -29.507131099999981 ], [ -56.842947, -29.506713399999967 ], [ -56.842291, -29.506573599999975 ], [ -56.841250599999967, -29.507501099999949 ], [ -56.839774199999965, -29.508103099999975 ], [ -56.838592399999982, -29.5083327 ], [ -56.834893, -29.513713499999941 ], [ -56.833505, -29.518236099999971 ], [ -56.834162899999967, -29.518245899999947 ] ] ] } },
{ "type": "Feature", "properties": { "CD_SETOR": "432240030000002", "NM_BAIRRO": null, "NM_DIST": "São Marcos", "populacao_total": 57, "pct_populacao_0_a_4_anos": 0.0, "sem_dado": false, "estimativa_criancas_0_a_4": 0.0 }, "geometry": { "type": "Polygon", "coordinates": [ [ [ -56.72488339999996, -29.513651799999938 ], [ -56.730197299999986, -29.515299299999988 ], [ -56.750903699999981, -29.522112 ], [ -56.761062699999968, -29.525560099999957 ], [ -56.770376799999951, -29.528603899999954 ], [ -56.770376499999941, -29.528596799999949 ], [ -56.770057699999946, -29.523643 ], [ -56.770273199999963, -29.523739399999961 ], [ -56.770764099999951, -29.524176899999929 ], [ -56.771386799999959, -29.524688699999949 ], [ -56.772175199999936, -29.525316099999937 ], [ -56.77295259999994, -29.526018 ], [ -56.773413299999959, -29.526393499999983 ], [ -56.773608199999956, -29.526694499999973 ], [ -56.773611799999976, -29.527084199999944 ], [ -56.773544299999976, -29.52745179999993 ], [ -56.773191199999985, -29.527634 ], [ -56.77296, -29.527759099999962 ], [ -56.772588499999983, -29.527784499999932 ], [ -56.772348199999954, -29.527874899999972 ], [ -56.772295399999962, -29.528034899999977 ], [ -56.77224259999997, -29.528194899999967 ], [ -56.772763299999951, -29.52858619999996 ], [ -56.773244, -29.528795299999956 ], [ -56.773397, -29.529080499999967 ], [ -56.773253, -29.529543799999946 ], [ -56.804281699999933, -29.540041599999928 ], [ -56.805630399999984, -29.537233699999941 ], [ -56.807043499999963, -29.536620099999936 ], [ -56.808688499999967, -29.536766699999941 ], [ -56.811682799999971, -29.534006799999922 ], [ -56.812387399999977, -29.534064299999958 ], [ -56.812815199999932, -29.534300399999946 ], [ -56.815156199999933, -29.536382299999964 ], [ -56.815483, -29.536143099999943 ], [ -56.815805299999965, -29.534386599999934 ], [ -56.816089899999952, -29.533176299999976 ], [ -56.818299, -29.523400299999935 ], [ -56.818978, -29.522773899999954 ], [ -56.820073, -29.522359499999929 ], [ -56.831921799999982, -29.519342299999938 ], [ -56.833264, -29.518685 ], [ -56.834162899999967, -29.518245899999947 ], [ -56.833505, -29.518236099999971 ], [ -56.834893, -29.513713499999941 ], [ -56.838592399999982, -29.5083327 ], [ -56.839774199999965, -29.508103099999975 ], [ -56.841250599999967, -29.507501099999949 ], [ -56.842291, -29.506573599999975 ], [ -56.842947, -29.506713399999967 ], [ -56.842782299999953, -29.507131099999981 ], [ -56.841960899999947, -29.507826899999937 ], [ -56.841960399999948, -29.508197799999945 ], [ -56.842672, -29.507734699999954 ], [ -56.843055599999957, -29.507224399999977 ], [ -56.843493699999954, -29.506807 ], [ -56.844150599999978, -29.506343899999926 ], [ -56.84518989999998, -29.506112299999984 ], [ -56.846064599999977, -29.506253199999946 ], [ -56.847431399999948, -29.506486699999986 ], [ -56.848469699999953, -29.50695179999996 ], [ -56.84956219999998, -29.507696699999943 ], [ -56.851530399999945, -29.508688099999965 ], [ -56.851529499999977, -29.508746 ], [ -56.851554199999953, -29.508747399999944 ], [ -56.856412399999961, -29.505371299999982 ], [ -56.856550199999958, -29.505275299999941 ], [ -56.846810199999943, -29.50054509999995 ], [ -56.8439757, -29.499168499999939 ], [ -56.832035899999937, -29.494889099999963 ], [ -56.82687, -29.497757899999957 ], [ -56.821859699999948, -29.497049099999973 ], [ -56.818951399999946, -29.496108199999984 ], [ -56.813474699999972, -29.496060899999978 ], [ -56.810985199999948, -29.495226299999963 ], [ -56.809254799999962, -29.496031 ], [ -56.807921699999952, -29.496841699999941 ], [ -56.805452299999956, -29.497406799999958 ], [ -56.804293599999937, -29.497099399999968 ], [ -56.800301099999956, -29.494461499999943 ], [ -56.795861, -29.493807399999984 ], [ -56.792382099999941, -29.493862399999962 ], [ -56.788877, -29.493410199999971 ], [ -56.785281299999951, -29.49134319999996 ], [ -56.783385599999974, -29.489577 ], [ -56.779344, -29.487262199999968 ], [ -56.778065899999945, -29.484951899999949 ], [ -56.778636099999972, -29.483434299999939 ], [ -56.778981199999976, -29.483192599999953 ], [ -56.770607899999966, -29.477347 ], [ -56.769502199999977, -29.475221399999953 ], [ -56.767581799999959, -29.473395899999957 ], [ -56.765363899999954, -29.472500699999959 ], [ -56.764423099999931, -29.472985399999974 ], [ -56.763904399999944, -29.474543399999963 ], [ -56.764788399999986, -29.475881099999974 ], [ -56.76532549999996, -29.47815009999994 ], [ -56.763647499999941, -29.478794499999939 ], [ -56.763963899999965, -29.48084 ], [ -56.764501699999983, -29.482906199999945 ], [ -56.76302069999997, -29.483592399999964 ], [ -56.758109599999962, -29.483723099999967 ], [ -56.756826199999978, -29.484247399999951 ], [ -56.757119599999953, -29.485099599999952 ], [ -56.759581499999967, -29.486884399999951 ], [ -56.760294, -29.488323 ], [ -56.760145399999942, -29.488889599999936 ], [ -56.757475399999976, -29.491112399999967 ], [ -56.75771629999997, -29.49341829999997 ], [ -56.75521, -29.499063899999957 ], [ -56.752100899999959, -29.4998667 ], [ -56.751365099999987, -29.500388599999948 ], [ -56.751273399999953, -29.501042399999953 ], [ -56.751481299999966, -29.502245299999966 ], [ -56.751399, -29.502746599999963 ], [ -56.750853399999983, -29.50324739999996 ], [ -56.749626199999966, -29.50383539999995 ], [ -56.748906199999965, -29.504030599999965 ], [ -56.747439799999938, -29.505119399999948 ], [ -56.74439909999996, -29.506209099999971 ], [ -56.742826799999932, -29.506358699999971 ], [ -56.741534299999955, -29.506859599999931 ], [ -56.739561199999969, -29.50702919999998 ], [ -56.738763399999982, -29.506939199999977 ], [ -56.73639339999994, -29.507351299999968 ], [ -56.735881499999948, -29.50761249999994 ], [ -56.73514849999998, -29.508549 ], [ -56.733816499999932, -29.508545699999967 ], [ -56.733282299999985, -29.508743299999942 ], [ -56.732723899999939, -29.509311099999941 ], [ -56.732054499999947, -29.510620499999963 ], [ -56.731278599999939, -29.511231499999941 ], [ -56.729000199999973, -29.511948199999946 ], [ -56.727479199999948, -29.512973 ], [ -56.726144199999965, -29.513166199999954 ], [ -56.72488339999996, -29.513651799999938 ] ] ] } },
{ "type": "Feature", "properties": { "CD_SETOR": "432240030000003", "NM_BAIRRO": null, "NM_DIST": "São Marcos", "populacao_total": 188, "pct_populacao_0_a_4_anos": 5.32, "sem_dado": false, "estimativa_criancas_0_a_4": 10.0 }, "geometry": { "type": "Polygon", "coordinates": [ [ [ -56.706884199999934, -29.58697 ], [ -56.707323299999985, -29.587726199999953 ], [ -56.724236199999957, -29.600197599999941 ], [ -56.736282799999969, -29.60951069999992 ], [ -56.751885499999958, -29.62071119999996 ], [ -56.766286299999933, -29.631612199999946 ], [ -56.770298899999943, -29.634265599999939 ], [ -56.788573699999972, -29.638944899999949 ], [ -56.808921299999952, -29.644283299999984 ], [ -56.811244299999942, -29.644860199999979 ], [ -56.821385, -29.649543299999944 ], [ -56.823095199999962, -29.650138399999946 ], [ -56.8592273, -29.660099 ], [ -56.861635499999977, -29.661279499999971 ], [ -56.86246669999997, -29.66012539999997 ], [ -56.869164899999987, -29.661408099999953 ], [ -56.872216699999967, -29.662142199999955 ], [ -56.874944299999981, -29.664814699999969 ], [ -56.879427499999963, -29.663056499999975 ], [ -56.882847499999968, -29.663232899999961 ], [ -56.884621499999987, -29.661092799999949 ], [ -56.884795399999973, -29.658534 ], [ -56.8873268, -29.657017499999938 ], [ -56.8890598, -29.655184699999943 ], [ -56.891339599999981, -29.654770899999964 ], [ -56.892756799999972, -29.654722799999952 ], [ -56.890186399999948, -29.650140299999983 ], [ -56.882159499999943, -29.637077299999927 ], [ -56.872791799999959, -29.620216399999936 ], [ -56.869727799999964, -29.614186299999972 ], [ -56.861248599999954, -29.590565 ], [ -56.858733, -29.58289979999995 ], [ -56.852564, -29.566638099999974 ], [ -56.851446899999985, -29.562739299999979 ], [ -56.849541199999976, -29.559092699999937 ], [ -56.846915299999978, -29.556115099999936 ], [ -56.842887399999938, -29.553520899999963 ], [ -56.83925789999995, -29.551954799999976 ], [ -56.829708599999947, -29.548506 ], [ -56.819856199999947, -29.545131699999956 ], [ -56.818692399999975, -29.544754299999962 ], [ -56.818574599999984, -29.545023199999942 ], [ -56.818164899999942, -29.545248699999956 ], [ -56.81746789999994, -29.545657 ], [ -56.816557199999977, -29.545842499999935 ], [ -56.815334, -29.545986099999933 ], [ -56.814319799999964, -29.545966199999956 ], [ -56.813638799999978, -29.54628909999996 ], [ -56.812899499999958, -29.546650799999956 ], [ -56.811598899999979, -29.548901 ], [ -56.811716099999956, -29.550137299999957 ], [ -56.811148099999969, -29.550306899999946 ], [ -56.807564299999967, -29.544970599999939 ], [ -56.80603259999998, -29.545698899999937 ], [ -56.806508099999974, -29.546889499999967 ], [ -56.80620179999994, -29.54785 ], [ -56.805506099999945, -29.550390199999981 ], [ -56.804389, -29.549861499999956 ], [ -56.803438399999948, -29.549007699999944 ], [ -56.803597299999979, -29.5460758 ], [ -56.805428799999959, -29.544336399999956 ], [ -56.805435399999965, -29.543327599999945 ], [ -56.804796099999976, -29.54287829999998 ], [ -56.803683299999939, -29.542240099999951 ], [ -56.803951899999959, -29.540976599999954 ], [ -56.804281699999933, -29.540041599999928 ], [ -56.773253, -29.529543799999946 ], [ -56.770376799999951, -29.528603899999954 ], [ -56.761062699999968, -29.525560099999957 ], [ -56.756991899999946, -29.533456799999946 ], [ -56.754390399999977, -29.539469 ], [ -56.753683299999977, -29.538986099999935 ], [ -56.750003, -29.542519699999964 ], [ -56.746163599999932, -29.539514399999966 ], [ -56.73506059999994, -29.547233299999956 ], [ -56.730663799999945, -29.551616599999932 ], [ -56.728103099999942, -29.554333199999967 ], [ -56.723906699999986, -29.558656299999946 ], [ -56.722318099999939, -29.560323799999942 ], [ -56.715881299999978, -29.563615499999976 ], [ -56.700229499999978, -29.571920699999968 ], [ -56.700501, -29.57287209999998 ], [ -56.702831499999945, -29.578431099999936 ], [ -56.705245899999966, -29.583764099999936 ], [ -56.706884199999934, -29.58697 ] ] ] } },
{ "type": "Feature", "properties": { "CD_SETOR": "432240030000004", "NM_BAIRRO": null, "NM_DIST": "São Marcos", "populacao_total": 159, "pct_populacao_0_a_4_anos": 11.32, "sem_dado": false, "estimativa_criancas_0_a_4": 18.0 }, "geometry": { "type": "Polygon", "coordinates": [ [ [ -56.640941699999985, -29.688298799999988 ], [ -56.642152099999976, -29.690175299999964 ], [ -56.643612699999949, -29.690356 ], [ -56.643628799999931, -29.691642 ], [ -56.64539949999994, -29.693665099999972 ], [ -56.651027799999952, -29.699256499999926 ], [ -56.652937399999985, -29.701636599999965 ], [ -56.657166299999972, -29.70135919999996 ], [ -56.661290399999984, -29.701331699999979 ], [ -56.664734299999964, -29.705533199999937 ], [ -56.667469799999935, -29.707107599999969 ], [ -56.675437099999954, -29.712666799999969 ], [ -56.676423599999964, -29.719192199999952 ], [ -56.677869499999986, -29.71858449999996 ], [ -56.682232, -29.7179958 ], [ -56.692196, -29.718089499999966 ], [ -56.698401399999973, -29.718689899999951 ], [ -56.70228979999996, -29.717662199999953 ], [ -56.705931899999939, -29.713386299999968 ], [ -56.707241599999975, -29.712732 ], [ -56.710281099999975, -29.713358699999958 ], [ -56.713489, -29.713019899999942 ], [ -56.716324799999938, -29.710917799999955 ], [ -56.720474399999944, -29.707057599999931 ], [ -56.722758799999959, -29.704297699999977 ], [ -56.725124899999969, -29.703956099999971 ], [ -56.733042099999977, -29.707249099999963 ], [ -56.742330599999946, -29.707835599999953 ], [ -56.744691599999953, -29.706105599999951 ], [ -56.74602989999994, -29.705125 ], [ -56.750750099999948, -29.704216399999954 ], [ -56.756568699999946, -29.70156669999994 ], [ -56.763783699999976, -29.699045399999935 ], [ -56.774265499999956, -29.694482399999963 ], [ -56.77596, -29.693746199999957 ], [ -56.780209099999986, -29.689683699999932 ], [ -56.791682199999968, -29.685062099999975 ], [ -56.800878, -29.682331199999961 ], [ -56.802844099999959, -29.68087439999994 ], [ -56.806656899999957, -29.677022699999945 ], [ -56.810821899999951, -29.676261799999956 ], [ -56.81399609999994, -29.676391299999977 ], [ -56.816965599999946, -29.676216499999956 ], [ -56.819416899999965, -29.676101699999947 ], [ -56.821314899999948, -29.676457299999978 ], [ -56.823943699999973, -29.67884249999997 ], [ -56.826925899999935, -29.679983399999962 ], [ -56.830194899999981, -29.678349099999931 ], [ -56.833803, -29.678386799999942 ], [ -56.836937499999976, -29.679434099999973 ], [ -56.838891099999955, -29.680641799999925 ], [ -56.841178899999932, -29.681166099999917 ], [ -56.843426799999975, -29.680685 ], [ -56.848148599999945, -29.678589099999947 ], [ -56.852609799999982, -29.678160799999944 ], [ -56.855901699999947, -29.67958949999996 ], [ -56.857009499999947, -29.678391199999968 ], [ -56.855717099999936, -29.677123699999981 ], [ -56.855845399999971, -29.675599599999938 ], [ -56.858403599999974, -29.67313439999997 ], [ -56.86186239999995, -29.673132 ], [ -56.865234299999941, -29.674518 ], [ -56.869587099999933, -29.671652499999929 ], [ -56.870940699999949, -29.66896 ], [ -56.870732499999974, -29.666434699999968 ], [ -56.874944299999981, -29.664814699999969 ], [ -56.872216699999967, -29.662142199999955 ], [ -56.869164899999987, -29.661408099999953 ], [ -56.86246669999997, -29.66012539999997 ], [ -56.861635499999977, -29.661279499999971 ], [ -56.8592273, -29.660099 ], [ -56.823095199999962, -29.650138399999946 ], [ -56.821385, -29.649543299999944 ], [ -56.811244299999942, -29.644860199999979 ], [ -56.808921299999952, -29.644283299999984 ], [ -56.788573699999972, -29.638944899999949 ], [ -56.770298899999943, -29.634265599999939 ], [ -56.766286299999933, -29.631612199999946 ], [ -56.751885499999958, -29.62071119999996 ], [ -56.736282799999969, -29.60951069999992 ], [ -56.724236199999957, -29.600197599999941 ], [ -56.707323299999985, -29.587726199999953 ], [ -56.706884199999934, -29.58697 ], [ -56.704331399999944, -29.587731299999977 ], [ -56.7035623, -29.58758209999997 ], [ -56.70080889999997, -29.58336079999998 ], [ -56.685104299999978, -29.586751 ], [ -56.677685099999962, -29.588586899999942 ], [ -56.676954199999955, -29.589548399999959 ], [ -56.673944899999981, -29.591160299999952 ], [ -56.671007699999961, -29.59495 ], [ -56.668393799999933, -29.598145399999957 ], [ -56.663138599999968, -29.604250699999962 ], [ -56.660294599999986, -29.607526399999976 ], [ -56.658039699999961, -29.617820299999952 ], [ -56.657105699999931, -29.631860699999944 ], [ -56.652851099999964, -29.635016399999987 ], [ -56.650370499999951, -29.636954499999945 ], [ -56.646294299999965, -29.636641599999962 ], [ -56.645861899999943, -29.637747799999943 ], [ -56.64408149999997, -29.644634399999983 ], [ -56.641230699999937, -29.654154199999933 ], [ -56.640455199999963, -29.657379699999982 ], [ -56.637202799999955, -29.664684099999938 ], [ -56.636604499999976, -29.666440399999935 ], [ -56.636075699999935, -29.66942389999997 ], [ -56.636137799999972, -29.672257399999971 ], [ -56.638296299999979, -29.681198 ], [ -56.639062599999932, -29.684854599999937 ], [ -56.640941699999985, -29.688298799999988 ] ] ] } },
{ "type": "Feature", "properties": { "CD_SETOR": "432240030000006", "NM_BAIRRO": null, "NM_DIST": "São Marcos", "populacao_total": 575, "pct_populacao_0_a_4_anos": 4.7, "sem_dado": false, "estimativa_criancas_0_a_4": 27.0 }, "geometry": { "type": "Polygon", "coordinates": [ [ [ -56.804281699999933, -29.540041599999928 ], [ -56.80720789999998, -29.54099489999993 ], [ -56.812233799999944, -29.542664699999929 ], [ -56.814348099999961, -29.543360499999956 ], [ -56.818692399999975, -29.544754299999962 ], [ -56.819856199999947, -29.545131699999956 ], [ -56.819761699999958, -29.538828099999932 ], [ -56.821410899999933, -29.537669799999954 ], [ -56.821580899999958, -29.53591009999996 ], [ -56.82077419999996, -29.534229699999965 ], [ -56.816089899999952, -29.533176299999976 ], [ -56.815805299999965, -29.534386599999934 ], [ -56.815483, -29.536143099999943 ], [ -56.815156199999933, -29.536382299999964 ], [ -56.812815199999932, -29.534300399999946 ], [ -56.812387399999977, -29.534064299999958 ], [ -56.811682799999971, -29.534006799999922 ], [ -56.808688499999967, -29.536766699999941 ], [ -56.807043499999963, -29.536620099999936 ], [ -56.805630399999984, -29.537233699999941 ], [ -56.804281699999933, -29.540041599999928 ] ] ] } },
{ "type": "Feature", "properties": { "CD_SETOR": "432240030000007", "NM_BAIRRO": null, "NM_DIST": "São Marcos", "populacao_total": 409, "pct_populacao_0_a_4_anos": 3.91, "sem_dado": false, "estimativa_criancas_0_a_4": 16.0 }, "geometry": { "type": "Polygon", "coordinates": [ [ [ -56.818692399999975, -29.544754299999962 ], [ -56.814348099999961, -29.543360499999956 ], [ -56.812233799999944, -29.542664699999929 ], [ -56.80720789999998, -29.54099489999993 ], [ -56.804281699999933, -29.540041599999928 ], [ -56.803951899999959, -29.540976599999954 ], [ -56.803683299999939, -29.542240099999951 ], [ -56.804796099999976, -29.54287829999998 ], [ -56.805435399999965, -29.543327599999945 ], [ -56.805428799999959, -29.544336399999956 ], [ -56.803597299999979, -29.5460758 ], [ -56.803438399999948, -29.549007699999944 ], [ -56.804389, -29.549861499999956 ], [ -56.805506099999945, -29.550390199999981 ], [ -56.80620179999994, -29.54785 ], [ -56.806508099999974, -29.546889499999967 ], [ -56.80603259999998, -29.545698899999937 ], [ -56.807564299999967, -29.544970599999939 ], [ -56.811148099999969, -29.550306899999946 ], [ -56.811716099999956, -29.550137299999957 ], [ -56.811598899999979, -29.548901 ], [ -56.812899499999958, -29.546650799999956 ], [ -56.813638799999978, -29.54628909999996 ], [ -56.814319799999964, -29.545966199999956 ], [ -56.815334, -29.545986099999933 ], [ -56.816557199999977, -29.545842499999935 ], [ -56.81746789999994, -29.545657 ], [ -56.818164899999942, -29.545248699999956 ], [ -56.818574599999984, -29.545023199999942 ], [ -56.818692399999975, -29.544754299999962 ] ] ] } },
{ "type": "Feature", "properties": { "CD_SETOR": "432240030000009", "NM_BAIRRO": null, "NM_DIST": "São Marcos", "populacao_total": 99, "pct_populacao_0_a_4_anos": 6.06, "sem_dado": false, "estimativa_criancas_0_a_4": 6.0 }, "geometry": { "type": "Polygon", "coordinates": [ [ [ -56.770376799999951, -29.528603899999954 ], [ -56.773253, -29.529543799999946 ], [ -56.773397, -29.529080499999967 ], [ -56.773244, -29.528795299999956 ], [ -56.772763299999951, -29.52858619999996 ], [ -56.77224259999997, -29.528194899999967 ], [ -56.772295399999962, -29.528034899999977 ], [ -56.772348199999954, -29.527874899999972 ], [ -56.772588499999983, -29.527784499999932 ], [ -56.77296, -29.527759099999962 ], [ -56.773191199999985, -29.527634 ], [ -56.773544299999976, -29.52745179999993 ], [ -56.773611799999976, -29.527084199999944 ], [ -56.773608199999956, -29.526694499999973 ], [ -56.773413299999959, -29.526393499999983 ], [ -56.77295259999994, -29.526018 ], [ -56.772175199999936, -29.525316099999937 ], [ -56.771386799999959, -29.524688699999949 ], [ -56.770764099999951, -29.524176899999929 ], [ -56.770273199999963, -29.523739399999961 ], [ -56.770057699999946, -29.523643 ], [ -56.770376499999941, -29.528596799999949 ], [ -56.770376799999951, -29.528603899999954 ] ] ] } },
{ "type": "Feature", "properties": { "CD_SETOR": "432240030000010", "NM_BAIRRO": null, "NM_DIST": "São Marcos", "populacao_total": 116, "pct_populacao_0_a_4_anos": 10.34, "sem_dado": false, "estimativa_criancas_0_a_4": 12.0 }, "geometry": { "type": "Polygon", "coordinates": [ [ [ -56.851527, -29.508890799999953 ], [ -56.851414099999943, -29.515619299999969 ], [ -56.844544299999939, -29.516780199999975 ], [ -56.839741299999957, -29.517853899999981 ], [ -56.837653099999955, -29.518298099999974 ], [ -56.834162899999967, -29.518245899999947 ], [ -56.833264, -29.518685 ], [ -56.831921799999982, -29.519342299999938 ], [ -56.820073, -29.522359499999929 ], [ -56.818978, -29.522773899999954 ], [ -56.818299, -29.523400299999935 ], [ -56.816089899999952, -29.533176299999976 ], [ -56.82077419999996, -29.534229699999965 ], [ -56.821580899999958, -29.53591009999996 ], [ -56.821410899999933, -29.537669799999954 ], [ -56.819761699999958, -29.538828099999932 ], [ -56.819856199999947, -29.545131699999956 ], [ -56.829708599999947, -29.548506 ], [ -56.83925789999995, -29.551954799999976 ], [ -56.842887399999938, -29.553520899999963 ], [ -56.846915299999978, -29.556115099999936 ], [ -56.849541199999976, -29.559092699999937 ], [ -56.851446899999985, -29.562739299999979 ], [ -56.852564, -29.566638099999974 ], [ -56.858733, -29.58289979999995 ], [ -56.861248599999954, -29.590565 ], [ -56.869727799999964, -29.614186299999972 ], [ -56.872791799999959, -29.620216399999936 ], [ -56.882159499999943, -29.637077299999927 ], [ -56.890186399999948, -29.650140299999983 ], [ -56.892756799999972, -29.654722799999952 ], [ -56.89847089999995, -29.653845299999944 ], [ -56.902438399999937, -29.652050199999952 ], [ -56.908177699999953, -29.65212369999994 ], [ -56.913701899999978, -29.651332699999948 ], [ -56.921555299999966, -29.64788109999996 ], [ -56.926069499999983, -29.648467699999973 ], [ -56.928938799999969, -29.648264699999967 ], [ -56.930544, -29.645155 ], [ -56.929744599999935, -29.642561799999953 ], [ -56.931770899999947, -29.641043 ], [ -56.9364126, -29.64208269999995 ], [ -56.938983799999967, -29.643787399999947 ], [ -56.938305499999956, -29.646965 ], [ -56.936364199999957, -29.649520499999937 ], [ -56.939630899999941, -29.651544299999941 ], [ -56.947290199999941, -29.647555499999953 ], [ -56.95007609999994, -29.645171199999936 ], [ -56.950837499999977, -29.640921599999967 ], [ -56.950013399999932, -29.638276799999975 ], [ -56.952293299999951, -29.63693149999995 ], [ -56.955457599999932, -29.638175499999925 ], [ -56.957670599999972, -29.640197899999986 ], [ -56.960580199999981, -29.644554199999945 ], [ -56.963111599999934, -29.644037 ], [ -56.966971699999938, -29.640461799999962 ], [ -56.968552299999942, -29.639156799999967 ], [ -56.967394799999965, -29.637262 ], [ -56.967286599999966, -29.630070499999931 ], [ -56.969470899999976, -29.622350199999978 ], [ -56.972085, -29.617300899999975 ], [ -56.971398, -29.610284199999963 ], [ -56.967800299999965, -29.601794899999959 ], [ -56.963866799999948, -29.596598299999975 ], [ -56.963385599999981, -29.595942699999966 ], [ -56.958750899999984, -29.589628 ], [ -56.950917799999957, -29.580687299999973 ], [ -56.940025799999944, -29.572951499999927 ], [ -56.933493799999951, -29.568756199999942 ], [ -56.92953719999997, -29.566215099999965 ], [ -56.920745099999976, -29.554517399999945 ], [ -56.915569699999935, -29.548548499999985 ], [ -56.912124399999982, -29.544574799999964 ], [ -56.910826399999962, -29.543200799999958 ], [ -56.902177599999959, -29.53404519999998 ], [ -56.901961699999958, -29.533816699999925 ], [ -56.90148929999998, -29.53356719999994 ], [ -56.888008399999933, -29.526447 ], [ -56.872840899999979, -29.51474079999997 ], [ -56.862891499999932, -29.508623299999947 ], [ -56.860815699999932, -29.507346899999959 ], [ -56.856550199999958, -29.505275299999941 ], [ -56.856412399999961, -29.505371299999982 ], [ -56.851554199999953, -29.508747399999944 ], [ -56.851529499999977, -29.508746 ], [ -56.851527, -29.508890799999953 ] ] ] } },
{ "type": "Feature", "properties": { "CD_SETOR": "432240035000002", "NM_BAIRRO": null, "NM_DIST": "Vertentes", "populacao_total": 61, "pct_populacao_0_a_4_anos": 6.56, "sem_dado": false, "estimativa_criancas_0_a_4": 4.0 }, "geometry": { "type": "Polygon", "coordinates": [ [ [ -56.152135299999941, -30.05780429999993 ], [ -56.156162399999971, -30.063826499999951 ], [ -56.161503599999946, -30.063267199999974 ], [ -56.162673599999948, -30.063790899999955 ], [ -56.165044199999961, -30.068338299999937 ], [ -56.171019199999932, -30.074040799999977 ], [ -56.171414499999969, -30.077417699999955 ], [ -56.176213399999938, -30.079588299999941 ], [ -56.181817099999932, -30.085944799999929 ], [ -56.191749899999934, -30.086778799999927 ], [ -56.194972199999938, -30.089444699999941 ], [ -56.200040399999978, -30.08798569999993 ], [ -56.210072899999943, -30.089646199999954 ], [ -56.213303499999938, -30.091266399999931 ], [ -56.216141599999958, -30.089655 ], [ -56.219793299999935, -30.092185899999944 ], [ -56.224621499999955, -30.091417199999967 ], [ -56.230988499999967, -30.091759299999982 ], [ -56.235259299999939, -30.093797699999978 ], [ -56.239595, -30.097047699999948 ], [ -56.246380499999987, -30.098717399999934 ], [ -56.24897, -30.102314299999925 ], [ -56.250465099999985, -30.103041699999938 ], [ -56.255798399999946, -30.102337099999936 ], [ -56.255964499999955, -30.102384799999982 ], [ -56.257576599999936, -30.103412099999957 ], [ -56.258811699999974, -30.106207 ], [ -56.264279599999952, -30.107532199999987 ], [ -56.26900569999998, -30.110401199999956 ], [ -56.27836149999996, -30.114121299999969 ], [ -56.280416799999962, -30.114409399999936 ], [ -56.290512, -30.112311299999924 ], [ -56.293090099999972, -30.11304 ], [ -56.298960799999975, -30.116797699999942 ], [ -56.304014299999949, -30.116495499999932 ], [ -56.30811609999995, -30.114586699999961 ], [ -56.310455099999956, -30.114845 ], [ -56.317817899999966, -30.119352 ], [ -56.320507199999952, -30.120110599999972 ], [ -56.331211899999971, -30.119669599999959 ], [ -56.33498979999996, -30.118832499999936 ], [ -56.339175, -30.118855399999976 ], [ -56.342614199999957, -30.120553399999949 ], [ -56.347467399999971, -30.119504599999971 ], [ -56.348657199999934, -30.119341799999969 ], [ -56.353602699999954, -30.115187499999937 ], [ -56.358468099999982, -30.113048099999954 ], [ -56.363384, -30.112906499999944 ], [ -56.365027299999952, -30.112969 ], [ -56.369928499999958, -30.115474799999951 ], [ -56.373698799999943, -30.116029899999937 ], [ -56.375158, -30.11624519999998 ], [ -56.379126799999938, -30.117808099999927 ], [ -56.389333399999941, -30.115098199999981 ], [ -56.394180199999937, -30.115232699999979 ], [ -56.399404499999946, -30.116468299999948 ], [ -56.405999699999938, -30.116278299999969 ], [ -56.413021199999946, -30.120777899999947 ], [ -56.416923499999946, -30.121788199999969 ], [ -56.418309499999964, -30.121632899999948 ], [ -56.418171199999961, -30.120391099999949 ], [ -56.418358099999978, -30.119711399999964 ], [ -56.418654199999935, -30.119126199999972 ], [ -56.419743899999958, -30.117847399999949 ], [ -56.420774299999948, -30.117201699999949 ], [ -56.426705, -30.115388199999988 ], [ -56.43457959999995, -30.110288699999963 ], [ -56.435170299999982, -30.109702499999965 ], [ -56.437688799999933, -30.102319499999957 ], [ -56.437249299999962, -30.100472299999982 ], [ -56.436410699999954, -30.093873499999972 ], [ -56.434412099999975, -30.087488 ], [ -56.433717399999978, -30.084190699999976 ], [ -56.433650199999931, -30.080572099999976 ], [ -56.433489299999962, -30.070616699999952 ], [ -56.432757899999956, -30.060452499999943 ], [ -56.433474699999977, -30.055440799999921 ], [ -56.432796099999962, -30.052568899999976 ], [ -56.432461899999964, -30.051061299999958 ], [ -56.432160199999942, -30.050566699999933 ], [ -56.430035199999963, -30.04853379999998 ], [ -56.42975359999997, -30.048069599999966 ], [ -56.429343899999935, -30.046459299999974 ], [ -56.429013699999985, -30.044966899999963 ], [ -56.428587399999969, -30.042833499999972 ], [ -56.428146399999946, -30.040644699999969 ], [ -56.42796, -30.039727899999939 ], [ -56.427751799999953, -30.038716799999978 ], [ -56.427585599999986, -30.037957499999948 ], [ -56.426469499999939, -30.032535599999957 ], [ -56.426765099999955, -30.031483099999949 ], [ -56.427481899999975, -30.030439299999951 ], [ -56.434021399999949, -30.020309899999965 ], [ -56.434464699999978, -30.018444 ], [ -56.434208699999942, -30.01772759999994 ], [ -56.432387399999982, -30.015746199999967 ], [ -56.423276099999953, -30.018451699999957 ], [ -56.420404299999973, -30.019102399999962 ], [ -56.416397199999949, -30.019585299999946 ], [ -56.413253599999962, -30.019719599999974 ], [ -56.410278499999947, -30.019574 ], [ -56.375582299999962, -30.01404129999997 ], [ -56.365444199999956, -30.012470299999968 ], [ -56.358780499999966, -30.01128639999996 ], [ -56.351457099999948, -30.009928799999962 ], [ -56.347797599999979, -30.009471799999975 ], [ -56.338990699999954, -30.007997199999981 ], [ -56.333161399999938, -30.007793 ], [ -56.328654399999948, -30.008538599999955 ], [ -56.318740199999986, -30.011325799999952 ], [ -56.307446, -30.01452989999996 ], [ -56.296089399999978, -30.017852899999983 ], [ -56.283237499999984, -30.021780399999948 ], [ -56.279021299999954, -30.022956599999929 ], [ -56.276422099999934, -30.023758599999958 ], [ -56.274136099999964, -30.023874 ], [ -56.272976799999981, -30.025220499999932 ], [ -56.271701399999984, -30.025103 ], [ -56.246154, -30.040959899999969 ], [ -56.228218799999979, -30.051576499999964 ], [ -56.225768, -30.05298879999998 ], [ -56.222286899999979, -30.055033699999964 ], [ -56.216193299999986, -30.05487879999998 ], [ -56.205912399999931, -30.055398099999938 ], [ -56.196296099999984, -30.055938099999935 ], [ -56.186347499999954, -30.05645729999998 ], [ -56.176315899999963, -30.056872699999918 ], [ -56.167405699999961, -30.057246499999959 ], [ -56.155961699999978, -30.057807299999979 ], [ -56.152135299999941, -30.05780429999993 ] ] ] } },
{ "type": "Feature", "properties": { "CD_SETOR": "432240035000003", "NM_BAIRRO": null, "NM_DIST": "Vertentes", "populacao_total": 87, "pct_populacao_0_a_4_anos": 5.75, "sem_dado": false, "estimativa_criancas_0_a_4": 5.0 }, "geometry": { "type": "Polygon", "coordinates": [ [ [ -56.665023499999968, -29.913905599999975 ], [ -56.663479499999944, -29.914449299999944 ], [ -56.661935399999955, -29.914993099999947 ], [ -56.657592099999938, -29.916695299999951 ], [ -56.649055699999963, -29.919655299999935 ], [ -56.644667199999958, -29.921444299999955 ], [ -56.641481, -29.923205399999965 ], [ -56.634190599999954, -29.929182299999987 ], [ -56.620580399999938, -29.939386099999975 ], [ -56.610067599999979, -29.947350299999975 ], [ -56.606407899999965, -29.949585199999952 ], [ -56.589587799999947, -29.956820499999928 ], [ -56.569970799999965, -29.965163199999953 ], [ -56.572063599999979, -29.967418799999965 ], [ -56.574658099999965, -29.966957899999944 ], [ -56.57761759999994, -29.967827899999968 ], [ -56.580059699999936, -29.970455299999966 ], [ -56.582366699999966, -29.972417099999969 ], [ -56.583284799999944, -29.974454899999959 ], [ -56.58987529999996, -29.981476399999966 ], [ -56.596104899999943, -29.986306599999978 ], [ -56.599748, -29.98995489999993 ], [ -56.602613699999949, -29.991684399999944 ], [ -56.606502199999966, -29.992008799999951 ], [ -56.609232599999984, -29.992603 ], [ -56.609957099999974, -29.996281699999933 ], [ -56.610509199999967, -29.997534899999948 ], [ -56.61184609999998, -29.999378399999948 ], [ -56.614617899999985, -30.000948099999952 ], [ -56.615637099999965, -30.000796199999961 ], [ -56.616597399999932, -30.003888699999944 ], [ -56.61807239999996, -30.005769899999958 ], [ -56.618991599999958, -30.00757109999995 ], [ -56.617784599999936, -30.008272199999961 ], [ -56.61773119999998, -30.010188299999978 ], [ -56.619389799999965, -30.012383299999954 ], [ -56.620283899999947, -30.014466599999938 ], [ -56.618980599999986, -30.014841699999984 ], [ -56.617475799999966, -30.016408299999966 ], [ -56.613242699999944, -30.020289899999963 ], [ -56.616510199999937, -30.024321599999951 ], [ -56.618054599999944, -30.026254 ], [ -56.619123599999966, -30.027701099999938 ], [ -56.620888299999933, -30.029487699999937 ], [ -56.622504099999958, -30.030836599999922 ], [ -56.622864799999945, -30.031137699999928 ], [ -56.623496699999976, -30.031648299999972 ], [ -56.624462899999969, -30.032786799999947 ], [ -56.624707, -30.033590899999979 ], [ -56.626009599999975, -30.035870499999938 ], [ -56.626701099999941, -30.037416699999934 ], [ -56.627124499999979, -30.038393399999968 ], [ -56.626898399999959, -30.039303099999984 ], [ -56.626920199999972, -30.040181299999972 ], [ -56.626828, -30.041788399999977 ], [ -56.627465499999971, -30.04352769999997 ], [ -56.628263899999979, -30.044774699999945 ], [ -56.62837959999996, -30.044946899999967 ], [ -56.628937899999983, -30.045778 ], [ -56.630402699999934, -30.047352899999968 ], [ -56.631385099999932, -30.047608899999943 ], [ -56.63192719999995, -30.048458699999969 ], [ -56.633311699999979, -30.049487899999971 ], [ -56.634560299999976, -30.050294399999984 ], [ -56.636441799999943, -30.051447099999969 ], [ -56.638810699999972, -30.053180899999973 ], [ -56.640627599999959, -30.054444499999928 ], [ -56.641889099999958, -30.055685199999971 ], [ -56.642558599999973, -30.05634329999998 ], [ -56.643228099999931, -30.057001399999926 ], [ -56.644412099999954, -30.057670599999948 ], [ -56.645479399999942, -30.058525499999966 ], [ -56.646903299999963, -30.059501399999935 ], [ -56.648286299999938, -30.061143 ], [ -56.649495299999955, -30.061997799999972 ], [ -56.650847499999941, -30.063276899999938 ], [ -56.652352, -30.064110699999951 ], [ -56.654048, -30.065459 ], [ -56.656725299999948, -30.067679799999947 ], [ -56.657274099999938, -30.068179199999982 ], [ -56.658904899999982, -30.06961669999998 ], [ -56.66099429999997, -30.069280599999956 ], [ -56.662643899999978, -30.068499799999984 ], [ -56.662858799999981, -30.069327 ], [ -56.663345799999945, -30.071324099999977 ], [ -56.66378, -30.073705499999956 ], [ -56.664313199999981, -30.07612179999995 ], [ -56.665291299999978, -30.079507499999966 ], [ -56.665998899999977, -30.081990299999966 ], [ -56.666250099999957, -30.083075599999976 ], [ -56.666865499999972, -30.085491499999939 ], [ -56.66736259999994, -30.08850469999992 ], [ -56.668196, -30.090612499999963 ], [ -56.669079, -30.094127599999982 ], [ -56.669921499999987, -30.097384499999979 ], [ -56.671469599999966, -30.097328599999962 ], [ -56.67351229999997, -30.097082099999959 ], [ -56.675264, -30.096836299999953 ], [ -56.676885899999945, -30.09694589999998 ], [ -56.678553499999964, -30.096814499999933 ], [ -56.681364299999984, -30.096593399999961 ], [ -56.683936399999936, -30.096374399999938 ], [ -56.685807599999976, -30.096167099999949 ], [ -56.687073899999973, -30.096066299999965 ], [ -56.688395799999967, -30.096024199999921 ], [ -56.689551399999971, -30.096008099999942 ], [ -56.69120909999998, -30.095862499999953 ], [ -56.692682899999966, -30.095758899999961 ], [ -56.693441599999971, -30.095797299999955 ], [ -56.694891699999971, -30.095704499999947 ], [ -56.695274499999982, -30.094141099999938 ], [ -56.697799599999939, -30.081838299999966 ], [ -56.699109499999963, -30.074632299999962 ], [ -56.700128799999959, -30.06927369999994 ], [ -56.700550099999987, -30.068501399999949 ], [ -56.702138199999979, -30.067451899999984 ], [ -56.703580099999954, -30.066609399999948 ], [ -56.70552749999996, -30.065068199999935 ], [ -56.708083299999942, -30.062979299999935 ], [ -56.709564399999977, -30.062046599999974 ], [ -56.711286899999948, -30.060564699999933 ], [ -56.711544299999957, -30.060343299999943 ], [ -56.712291299999947, -30.059751199999933 ], [ -56.713288399999954, -30.056768299999938 ], [ -56.713752899999982, -30.05495359999998 ], [ -56.715586199999962, -30.049529199999942 ], [ -56.715255599999978, -30.047426399999953 ], [ -56.715965899999958, -30.044302599999977 ], [ -56.71620809999996, -30.041850299999965 ], [ -56.715613199999957, -30.03885089999994 ], [ -56.716045399999985, -30.036961 ], [ -56.716738599999985, -30.035428299999964 ], [ -56.718152599999939, -30.030332499999929 ], [ -56.71948139999995, -30.027231799999985 ], [ -56.722324199999946, -30.018885 ], [ -56.723117899999977, -30.017775899999947 ], [ -56.723287299999981, -30.017539099999958 ], [ -56.724665899999934, -30.015668099999971 ], [ -56.732523399999934, -30.005343399999951 ], [ -56.735806199999956, -30.00147689999995 ], [ -56.735842099999957, -30.000764299999958 ], [ -56.738998799999933, -29.9984712 ], [ -56.74049789999998, -29.99686069999996 ], [ -56.741286, -29.99616889999993 ], [ -56.742537, -29.993940699999939 ], [ -56.743016899999986, -29.993196499999954 ], [ -56.745057499999973, -29.991665799999961 ], [ -56.746600099999974, -29.99087169999996 ], [ -56.746383099999946, -29.989864599999976 ], [ -56.745759199999952, -29.989137699999954 ], [ -56.750618499999973, -29.984162399999946 ], [ -56.752313899999933, -29.982402 ], [ -56.765702199999964, -29.968690599999945 ], [ -56.769305499999973, -29.969163399999946 ], [ -56.77252459999994, -29.966503 ], [ -56.772881499999983, -29.966249199999936 ], [ -56.775991299999987, -29.964361899999979 ], [ -56.778412299999957, -29.962953199999962 ], [ -56.782296899999949, -29.960486799999959 ], [ -56.78510179999995, -29.958926499999961 ], [ -56.782073599999933, -29.956077799999942 ], [ -56.779189499999973, -29.954583399999933 ], [ -56.775924199999963, -29.953832699999971 ], [ -56.773460199999931, -29.951563899999933 ], [ -56.772628499999939, -29.949825099999948 ], [ -56.770882599999936, -29.948518399999951 ], [ -56.768148799999949, -29.947832899999977 ], [ -56.765452699999969, -29.94761 ], [ -56.760747299999942, -29.945058 ], [ -56.755327199999954, -29.94073549999996 ], [ -56.75084529999998, -29.940291699999928 ], [ -56.748264399999982, -29.939542199999941 ], [ -56.746901699999974, -29.93817589999998 ], [ -56.745344, -29.937892699999967 ], [ -56.744052799999963, -29.937393099999944 ], [ -56.742011099999957, -29.933480299999925 ], [ -56.737805199999968, -29.929407699999953 ], [ -56.735457, -29.927603599999937 ], [ -56.732951399999934, -29.927164199999929 ], [ -56.730555099999947, -29.928183 ], [ -56.726982699999951, -29.929229699999961 ], [ -56.723490199999958, -29.929223399999948 ], [ -56.721136, -29.92810169999996 ], [ -56.716172399999948, -29.924088199999961 ], [ -56.711129399999948, -29.920757799999926 ], [ -56.707190099999934, -29.917894899999965 ], [ -56.704082699999958, -29.915408 ], [ -56.702639599999941, -29.915402399999948 ], [ -56.701427499999966, -29.914283099999984 ], [ -56.699188399999969, -29.913067499999944 ], [ -56.696685899999977, -29.912566899999941 ], [ -56.69334379999998, -29.912620699999934 ], [ -56.690039199999944, -29.913262499999977 ], [ -56.686766699999964, -29.914248799999939 ], [ -56.680279399999961, -29.913395199999965 ], [ -56.678454199999976, -29.913702799999943 ], [ -56.673963799999967, -29.916172299999982 ], [ -56.672029799999962, -29.915896799999921 ], [ -56.669373199999939, -29.915208499999949 ], [ -56.665023499999968, -29.913905599999975 ] ] ] } },
{ "type": "Feature", "properties": { "CD_SETOR": "432240035000004", "NM_BAIRRO": null, "NM_DIST": "Vertentes", "populacao_total": 128, "pct_populacao_0_a_4_anos": 3.12, "sem_dado": false, "estimativa_criancas_0_a_4": 4.0 }, "geometry": { "type": "Polygon", "coordinates": [ [ [ -56.15026789999996, -30.055011699999966 ], [ -56.152135299999941, -30.05780429999993 ], [ -56.155961699999978, -30.057807299999979 ], [ -56.167405699999961, -30.057246499999959 ], [ -56.176315899999963, -30.056872699999918 ], [ -56.186347499999954, -30.05645729999998 ], [ -56.196296099999984, -30.055938099999935 ], [ -56.205912399999931, -30.055398099999938 ], [ -56.216193299999986, -30.05487879999998 ], [ -56.222286899999979, -30.055033699999964 ], [ -56.225768, -30.05298879999998 ], [ -56.228218799999979, -30.051576499999964 ], [ -56.246154, -30.040959899999969 ], [ -56.271701399999984, -30.025103 ], [ -56.272976799999981, -30.025220499999932 ], [ -56.274136099999964, -30.023874 ], [ -56.276422099999934, -30.023758599999958 ], [ -56.279021299999954, -30.022956599999929 ], [ -56.283237499999984, -30.021780399999948 ], [ -56.296089399999978, -30.017852899999983 ], [ -56.307446, -30.01452989999996 ], [ -56.318740199999986, -30.011325799999952 ], [ -56.328654399999948, -30.008538599999955 ], [ -56.333161399999938, -30.007793 ], [ -56.338990699999954, -30.007997199999981 ], [ -56.347797599999979, -30.009471799999975 ], [ -56.351457099999948, -30.009928799999962 ], [ -56.358780499999966, -30.01128639999996 ], [ -56.365444199999956, -30.012470299999968 ], [ -56.375582299999962, -30.01404129999997 ], [ -56.355737099999942, -30.003513299999952 ], [ -56.35401109999998, -30.002853399999942 ], [ -56.352266499999985, -30.002463499999973 ], [ -56.350330499999984, -30.002310499999961 ], [ -56.350001499999962, -30.000753699999965 ], [ -56.350110099999938, -29.999073599999971 ], [ -56.349967599999957, -29.997732599999949 ], [ -56.348044099999981, -29.993524299999926 ], [ -56.347171799999956, -29.992139499999954 ], [ -56.346562, -29.990449699999946 ], [ -56.345325699999933, -29.98856909999995 ], [ -56.344939199999942, -29.98746959999994 ], [ -56.343738599999938, -29.98542689999994 ], [ -56.343172, -29.984032099999979 ], [ -56.342559399999971, -29.983011399999949 ], [ -56.341784399999938, -29.980730299999948 ], [ -56.337938699999938, -29.974471199999982 ], [ -56.337554599999976, -29.973157 ], [ -56.334474499999949, -29.967972599999946 ], [ -56.334186899999963, -29.966577299999983 ], [ -56.333262699999977, -29.964940799999969 ], [ -56.33187369999996, -29.961908499999939 ], [ -56.330606599999953, -29.960051699999944 ], [ -56.329783499999962, -29.957772299999924 ], [ -56.328554599999961, -29.95572989999993 ], [ -56.327391499999976, -29.952993 ], [ -56.325229499999978, -29.950518899999963 ], [ -56.322077099999944, -29.947379599999973 ], [ -56.31671689999996, -29.941377199999977 ], [ -56.31683419999996, -29.940617699999951 ], [ -56.317035099999941, -29.940031699999956 ], [ -56.31772639999997, -29.939417199999983 ], [ -56.318257699999947, -29.938698199999976 ], [ -56.31832529999997, -29.938215499999949 ], [ -56.318134599999951, -29.937679599999971 ], [ -56.317416399999964, -29.93721969999995 ], [ -56.316825199999982, -29.93705609999995 ], [ -56.316169299999956, -29.937052199999982 ], [ -56.312728599999957, -29.934622899999965 ], [ -56.310608099999968, -29.93279079999996 ], [ -56.308257699999956, -29.931628099999955 ], [ -56.307965599999932, -29.931359099999959 ], [ -56.305821299999934, -29.930463299999936 ], [ -56.303237399999944, -29.929593199999939 ], [ -56.302127499999983, -29.92894439999997 ], [ -56.299787299999934, -29.928397299999968 ], [ -56.298905699999978, -29.927855399999945 ], [ -56.293506699999966, -29.926274799999927 ], [ -56.290215099999955, -29.925880199999941 ], [ -56.288475399999982, -29.926219699999933 ], [ -56.287460299999964, -29.926134499999932 ], [ -56.285825099999954, -29.92556229999996 ], [ -56.284616199999967, -29.924967299999935 ], [ -56.283753899999965, -29.924130099999957 ], [ -56.283236299999942, -29.922831499999972 ], [ -56.283086199999957, -29.923967599999976 ], [ -56.280891799999949, -29.92626359999997 ], [ -56.280664599999966, -29.929108 ], [ -56.278229799999963, -29.931860699999948 ], [ -56.274144299999932, -29.9338231 ], [ -56.26523549999996, -29.942425799999967 ], [ -56.264711599999941, -29.945958899999933 ], [ -56.26238189999998, -29.949499499999938 ], [ -56.258389299999976, -29.950806 ], [ -56.252215799999931, -29.955659399999945 ], [ -56.250328599999932, -29.955688899999981 ], [ -56.247286299999985, -29.95812409999996 ], [ -56.247706299999948, -29.961130599999926 ], [ -56.244747699999948, -29.962593199999951 ], [ -56.245703599999956, -29.96741029999998 ], [ -56.244116099999985, -29.971515099999976 ], [ -56.244729799999959, -29.976588699999972 ], [ -56.243767, -29.977790899999938 ], [ -56.240363799999955, -29.981262 ], [ -56.234297199999958, -29.983138699999987 ], [ -56.226598199999955, -29.982522399999944 ], [ -56.22493349999997, -29.98395279999994 ], [ -56.222636, -29.982895 ], [ -56.220433699999944, -29.986021599999958 ], [ -56.21642879999996, -29.987560699999946 ], [ -56.209781199999952, -29.992771799999957 ], [ -56.204034699999966, -29.993897899999986 ], [ -56.20012939999998, -29.992787299999975 ], [ -56.199386499999953, -29.996328299999963 ], [ -56.197482799999932, -29.997759599999934 ], [ -56.193493199999985, -29.99758079999998 ], [ -56.190436099999943, -29.999786899999947 ], [ -56.187783699999954, -29.999564099999937 ], [ -56.18459, -30.001412499999955 ], [ -56.183023499999933, -30.006560499999967 ], [ -56.178922899999975, -30.013600899999965 ], [ -56.17513729999996, -30.015291199999972 ], [ -56.172873299999935, -30.017776899999937 ], [ -56.170244899999943, -30.019149499999962 ], [ -56.168637799999942, -30.021241 ], [ -56.167361799999981, -30.026259599999957 ], [ -56.166430399999967, -30.026676299999963 ], [ -56.159552, -30.029125799999978 ], [ -56.155563, -30.032572799999972 ], [ -56.155404099999942, -30.035819099999969 ], [ -56.152816099999946, -30.039474899999945 ], [ -56.153968799999973, -30.042039599999946 ], [ -56.153122499999945, -30.053826099999981 ], [ -56.15026789999996, -30.055011699999966 ] ] ] } },
{ "type": "Feature", "properties": { "CD_SETOR": "432240035000006", "NM_BAIRRO": null, "NM_DIST": "Vertentes", "populacao_total": 108, "pct_populacao_0_a_4_anos": 6.48, "sem_dado": false, "estimativa_criancas_0_a_4": 7.0 }, "geometry": { "type": "Polygon", "coordinates": [ [ [ -56.437688799999933, -30.102319499999957 ], [ -56.435170299999982, -30.109702499999965 ], [ -56.43457959999995, -30.110288699999963 ], [ -56.426705, -30.115388199999988 ], [ -56.420774299999948, -30.117201699999949 ], [ -56.419743899999958, -30.117847399999949 ], [ -56.418654199999935, -30.119126199999972 ], [ -56.418358099999978, -30.119711399999964 ], [ -56.418171199999961, -30.120391099999949 ], [ -56.418309499999964, -30.121632899999948 ], [ -56.426139799999987, -30.12075369999997 ], [ -56.430447099999981, -30.123970599999957 ], [ -56.433686699999953, -30.124868299999939 ], [ -56.435805099999982, -30.132258799999931 ], [ -56.439612099999977, -30.13692189999994 ], [ -56.445384199999978, -30.137274499999929 ], [ -56.449184899999977, -30.139342399999968 ], [ -56.459902799999952, -30.140785 ], [ -56.460808899999961, -30.142365799999933 ], [ -56.462101299999972, -30.142949299999938 ], [ -56.466001499999955, -30.141776099999955 ], [ -56.472565299999985, -30.143424399999958 ], [ -56.477569, -30.145826 ], [ -56.480314499999963, -30.149453799999947 ], [ -56.482192399999974, -30.150442599999963 ], [ -56.488976499999978, -30.149999499999986 ], [ -56.500599699999952, -30.147540799999945 ], [ -56.503672299999948, -30.148055799999959 ], [ -56.505870199999947, -30.149656599999958 ], [ -56.509379799999977, -30.156434899999965 ], [ -56.512761499999954, -30.1590121 ], [ -56.515105699999935, -30.158709299999941 ], [ -56.517767899999967, -30.156708099999946 ], [ -56.524886199999976, -30.14871 ], [ -56.529548199999965, -30.147344499999964 ], [ -56.534977899999951, -30.144376199999954 ], [ -56.544849399999976, -30.135174299999946 ], [ -56.546767199999977, -30.134304099999952 ], [ -56.562113399999987, -30.145561 ], [ -56.56862579999995, -30.146676199999938 ], [ -56.573988, -30.145312599999961 ], [ -56.578534399999967, -30.145236 ], [ -56.580797, -30.144172799999978 ], [ -56.584011699999962, -30.14427279999996 ], [ -56.587563699999976, -30.144841199999973 ], [ -56.590716499999985, -30.146502 ], [ -56.594245599999965, -30.145797599999977 ], [ -56.60019189999997, -30.148073 ], [ -56.613974299999938, -30.158415899999966 ], [ -56.615396, -30.162275299999983 ], [ -56.62118479999998, -30.169094099999935 ], [ -56.624905, -30.17534 ], [ -56.624284399999965, -30.179857799999976 ], [ -56.625231099999951, -30.183012499999958 ], [ -56.643394399999977, -30.186868299999944 ], [ -56.648285, -30.18716459999996 ], [ -56.650896899999971, -30.188392099999923 ], [ -56.652157799999941, -30.191053099999973 ], [ -56.653472799999975, -30.190538299999957 ], [ -56.655562699999962, -30.189344099999968 ], [ -56.656388099999958, -30.188413299999983 ], [ -56.656626099999983, -30.187875199999958 ], [ -56.65641549999998, -30.186285199999922 ], [ -56.656789699999933, -30.184286699999973 ], [ -56.657681599999933, -30.182262699999971 ], [ -56.659436699999965, -30.17914479999995 ], [ -56.660837499999957, -30.176427599999943 ], [ -56.660788199999956, -30.175845399999968 ], [ -56.658460399999967, -30.173843799999929 ], [ -56.658877099999984, -30.173569699999977 ], [ -56.659508699999947, -30.173165799999936 ], [ -56.660743699999955, -30.172698 ], [ -56.661685399999953, -30.171945299999955 ], [ -56.662709399999983, -30.17119 ], [ -56.663782, -30.171381899999965 ], [ -56.664716199999987, -30.170853599999919 ], [ -56.664914, -30.170168499999928 ], [ -56.665026099999977, -30.16978029999995 ], [ -56.665179499999965, -30.168279599999945 ], [ -56.665772499999953, -30.166962899999927 ], [ -56.666082299999971, -30.166496099999961 ], [ -56.66596009999995, -30.16529479999998 ], [ -56.666064799999958, -30.163247699999943 ], [ -56.666007199999967, -30.161468 ], [ -56.665729, -30.160209699999939 ], [ -56.665523699999937, -30.158668499999983 ], [ -56.66521929999994, -30.15532879999995 ], [ -56.665154699999967, -30.154619 ], [ -56.665525499999944, -30.154157 ], [ -56.66570349999995, -30.152959 ], [ -56.665011299999946, -30.152039 ], [ -56.66465, -30.15070569999995 ], [ -56.664695599999959, -30.149832199999931 ], [ -56.664469799999949, -30.14831229999993 ], [ -56.664319899999953, -30.146178 ], [ -56.663939699999958, -30.143663499999946 ], [ -56.663682799999947, -30.140555799999959 ], [ -56.663419599999941, -30.137840399999956 ], [ -56.662775299999964, -30.134331599999939 ], [ -56.662815599999938, -30.131709899999986 ], [ -56.663047899999981, -30.1305116 ], [ -56.663455099999965, -30.129572299999946 ], [ -56.663651799999968, -30.128728099999925 ], [ -56.663710199999969, -30.127868299999925 ], [ -56.664103299999965, -30.12679329999996 ], [ -56.665248199999951, -30.121910299999954 ], [ -56.665998899999977, -30.118865299999975 ], [ -56.666708899999946, -30.115280499999972 ], [ -56.668706799999939, -30.114145799999953 ], [ -56.673454699999979, -30.111512799999954 ], [ -56.67231019999997, -30.107038899999971 ], [ -56.671663599999931, -30.104163099999923 ], [ -56.671145199999955, -30.101920499999945 ], [ -56.670907499999942, -30.10089239999996 ], [ -56.670244199999956, -30.099123 ], [ -56.669921499999987, -30.097384499999979 ], [ -56.669079, -30.094127599999982 ], [ -56.668196, -30.090612499999963 ], [ -56.66736259999994, -30.08850469999992 ], [ -56.666865499999972, -30.085491499999939 ], [ -56.666250099999957, -30.083075599999976 ], [ -56.665998899999977, -30.081990299999966 ], [ -56.665291299999978, -30.079507499999966 ], [ -56.664313199999981, -30.07612179999995 ], [ -56.66378, -30.073705499999956 ], [ -56.663345799999945, -30.071324099999977 ], [ -56.662858799999981, -30.069327 ], [ -56.662643899999978, -30.068499799999984 ], [ -56.66099429999997, -30.069280599999956 ], [ -56.658904899999982, -30.06961669999998 ], [ -56.657274099999938, -30.068179199999982 ], [ -56.656725299999948, -30.067679799999947 ], [ -56.654048, -30.065459 ], [ -56.652352, -30.064110699999951 ], [ -56.650847499999941, -30.063276899999938 ], [ -56.649495299999955, -30.061997799999972 ], [ -56.648286299999938, -30.061143 ], [ -56.646903299999963, -30.059501399999935 ], [ -56.645479399999942, -30.058525499999966 ], [ -56.644412099999954, -30.057670599999948 ], [ -56.643228099999931, -30.057001399999926 ], [ -56.642558599999973, -30.05634329999998 ], [ -56.641889099999958, -30.055685199999971 ], [ -56.640627599999959, -30.054444499999928 ], [ -56.638810699999972, -30.053180899999973 ], [ -56.636441799999943, -30.051447099999969 ], [ -56.634560299999976, -30.050294399999984 ], [ -56.633311699999979, -30.049487899999971 ], [ -56.63192719999995, -30.048458699999969 ], [ -56.631385099999932, -30.047608899999943 ], [ -56.630402699999934, -30.047352899999968 ], [ -56.628937899999983, -30.045778 ], [ -56.62837959999996, -30.044946899999967 ], [ -56.628263899999979, -30.044774699999945 ], [ -56.627465499999971, -30.04352769999997 ], [ -56.626828, -30.041788399999977 ], [ -56.626920199999972, -30.040181299999972 ], [ -56.626898399999959, -30.039303099999984 ], [ -56.627124499999979, -30.038393399999968 ], [ -56.626701099999941, -30.037416699999934 ], [ -56.626009599999975, -30.035870499999938 ], [ -56.624707, -30.033590899999979 ], [ -56.624462899999969, -30.032786799999947 ], [ -56.623496699999976, -30.031648299999972 ], [ -56.622864799999945, -30.031137699999928 ], [ -56.622504099999958, -30.030836599999922 ], [ -56.620888299999933, -30.029487699999937 ], [ -56.619123599999966, -30.027701099999938 ], [ -56.618054599999944, -30.026254 ], [ -56.616510199999937, -30.024321599999951 ], [ -56.613242699999944, -30.020289899999963 ], [ -56.611144499999966, -30.021843799999939 ], [ -56.602740299999944, -30.027581199999918 ], [ -56.59498949999994, -30.032997899999952 ], [ -56.580909499999962, -30.042480199999943 ], [ -56.557067699999955, -30.058682 ], [ -56.555723699999987, -30.058335399999979 ], [ -56.553678199999979, -30.057807899999943 ], [ -56.548837199999987, -30.062545699999923 ], [ -56.541435399999955, -30.065908799999935 ], [ -56.537873499999932, -30.065575599999928 ], [ -56.537177799999938, -30.067405499999939 ], [ -56.529032699999966, -30.06961369999993 ], [ -56.508769599999937, -30.072034699999961 ], [ -56.499263, -30.077193899999944 ], [ -56.495042699999942, -30.079384599999962 ], [ -56.492247799999973, -30.08086789999993 ], [ -56.487066, -30.083284799999944 ], [ -56.482901, -30.085471299999941 ], [ -56.481056899999942, -30.086349699999975 ], [ -56.479496799999936, -30.087557599999968 ], [ -56.477226899999948, -30.088330099999943 ], [ -56.472829099999956, -30.090423299999941 ], [ -56.468952199999933, -30.091839199999981 ], [ -56.461898799999972, -30.093462699999982 ], [ -56.457139799999936, -30.095658699999934 ], [ -56.455393799999975, -30.096701699999986 ], [ -56.455028399999946, -30.098746599999963 ], [ -56.45454559999996, -30.099363299999933 ], [ -56.437688799999933, -30.102319499999957 ] ] ] } },
{ "type": "Feature", "properties": { "CD_SETOR": "432240035000007", "NM_BAIRRO": null, "NM_DIST": "Vertentes", "populacao_total": 98, "pct_populacao_0_a_4_anos": 8.16, "sem_dado": false, "estimativa_criancas_0_a_4": 8.0 }, "geometry": { "type": "Polygon", "coordinates": [ [ [ -56.669921499999987, -30.097384499999979 ], [ -56.670244199999956, -30.099123 ], [ -56.670907499999942, -30.10089239999996 ], [ -56.671145199999955, -30.101920499999945 ], [ -56.671663599999931, -30.104163099999923 ], [ -56.67231019999997, -30.107038899999971 ], [ -56.673454699999979, -30.111512799999954 ], [ -56.668706799999939, -30.114145799999953 ], [ -56.666708899999946, -30.115280499999972 ], [ -56.665998899999977, -30.118865299999975 ], [ -56.665248199999951, -30.121910299999954 ], [ -56.664103299999965, -30.12679329999996 ], [ -56.663710199999969, -30.127868299999925 ], [ -56.663651799999968, -30.128728099999925 ], [ -56.663455099999965, -30.129572299999946 ], [ -56.663047899999981, -30.1305116 ], [ -56.662815599999938, -30.131709899999986 ], [ -56.662775299999964, -30.134331599999939 ], [ -56.663419599999941, -30.137840399999956 ], [ -56.663682799999947, -30.140555799999959 ], [ -56.663939699999958, -30.143663499999946 ], [ -56.664319899999953, -30.146178 ], [ -56.664469799999949, -30.14831229999993 ], [ -56.664695599999959, -30.149832199999931 ], [ -56.66465, -30.15070569999995 ], [ -56.665011299999946, -30.152039 ], [ -56.66570349999995, -30.152959 ], [ -56.665525499999944, -30.154157 ], [ -56.665154699999967, -30.154619 ], [ -56.66521929999994, -30.15532879999995 ], [ -56.665523699999937, -30.158668499999983 ], [ -56.665729, -30.160209699999939 ], [ -56.666007199999967, -30.161468 ], [ -56.666064799999958, -30.163247699999943 ], [ -56.66596009999995, -30.16529479999998 ], [ -56.666082299999971, -30.166496099999961 ], [ -56.665772499999953, -30.166962899999927 ], [ -56.665179499999965, -30.168279599999945 ], [ -56.665026099999977, -30.16978029999995 ], [ -56.664914, -30.170168499999928 ], [ -56.664716199999987, -30.170853599999919 ], [ -56.663782, -30.171381899999965 ], [ -56.662709399999983, -30.17119 ], [ -56.661685399999953, -30.171945299999955 ], [ -56.660743699999955, -30.172698 ], [ -56.659508699999947, -30.173165799999936 ], [ -56.658877099999984, -30.173569699999977 ], [ -56.658460399999967, -30.173843799999929 ], [ -56.660788199999956, -30.175845399999968 ], [ -56.660837499999957, -30.176427599999943 ], [ -56.659436699999965, -30.17914479999995 ], [ -56.657681599999933, -30.182262699999971 ], [ -56.656789699999933, -30.184286699999973 ], [ -56.65641549999998, -30.186285199999922 ], [ -56.656626099999983, -30.187875199999958 ], [ -56.656388099999958, -30.188413299999983 ], [ -56.655562699999962, -30.189344099999968 ], [ -56.653472799999975, -30.190538299999957 ], [ -56.652157799999941, -30.191053099999973 ], [ -56.652804899999978, -30.192418899999939 ], [ -56.654119899999955, -30.198301299999972 ], [ -56.658104599999945, -30.201290899999933 ], [ -56.659926799999937, -30.199517899999925 ], [ -56.660801899999967, -30.198338499999988 ], [ -56.662194499999941, -30.197631899999976 ], [ -56.663678699999934, -30.197426599999964 ], [ -56.666133599999966, -30.198267099999963 ], [ -56.669917699999985, -30.199360199999951 ], [ -56.674139399999945, -30.19986 ], [ -56.676628299999948, -30.200338299999935 ], [ -56.678688399999942, -30.200263099999955 ], [ -56.679686799999956, -30.199651099999976 ], [ -56.679696899999954, -30.199644899999946 ], [ -56.680155299999967, -30.198648099999954 ], [ -56.679985899999963, -30.196558699999969 ], [ -56.679963499999985, -30.196282699999983 ], [ -56.680278, -30.194824099999948 ], [ -56.681947699999967, -30.194497099999968 ], [ -56.683866899999941, -30.195121799999981 ], [ -56.685502, -30.196127299999944 ], [ -56.686850099999958, -30.197447499999964 ], [ -56.689090299999975, -30.199763699999949 ], [ -56.692125199999964, -30.202623199999945 ], [ -56.696250299999981, -30.205054399999931 ], [ -56.697190799999987, -30.205035899999913 ], [ -56.697885299999939, -30.204765699999932 ], [ -56.698085899999967, -30.204544299999945 ], [ -56.698224399999958, -30.204391499999918 ], [ -56.698232099999984, -30.204123099999936 ], [ -56.698274199999958, -30.202650599999966 ], [ -56.699543799999958, -30.19976719999995 ], [ -56.700538499999936, -30.197622499999955 ], [ -56.702050299999939, -30.195590299999928 ], [ -56.704227499999945, -30.193480199999943 ], [ -56.707513399999982, -30.189683899999977 ], [ -56.707932299999982, -30.188946299999934 ], [ -56.708394599999963, -30.188132099999965 ], [ -56.707878, -30.186712199999924 ], [ -56.706245699999954, -30.183338399999965 ], [ -56.705206399999952, -30.18037669999995 ], [ -56.70482, -30.179275799999978 ], [ -56.705005899999946, -30.176988399999978 ], [ -56.705648399999973, -30.176063799999948 ], [ -56.706857399999933, -30.175890699999961 ], [ -56.708536299999935, -30.175834099999982 ], [ -56.70987949999995, -30.175757799999914 ], [ -56.711155199999951, -30.175971699999923 ], [ -56.712385899999958, -30.17641779999996 ], [ -56.713519199999951, -30.177002399999932 ], [ -56.71530249999995, -30.178627799999941 ], [ -56.717650499999934, -30.179867899999977 ], [ -56.719895199999939, -30.179729499999965 ], [ -56.721392299999934, -30.178089599999957 ], [ -56.725641699999983, -30.174528699999936 ], [ -56.729785599999957, -30.171704099999943 ], [ -56.732859, -30.17098279999994 ], [ -56.736450599999955, -30.170385099999969 ], [ -56.741383799999937, -30.168042599999982 ], [ -56.746550599999978, -30.166720399999974 ], [ -56.751576299999954, -30.16469729999994 ], [ -56.755352899999934, -30.162377399999968 ], [ -56.75821429999997, -30.16084579999994 ], [ -56.76091329999997, -30.160445299999935 ], [ -56.764385499999946, -30.161447099999968 ], [ -56.769149899999945, -30.16313909999996 ], [ -56.772999199999958, -30.164262899999976 ], [ -56.774857, -30.164244199999921 ], [ -56.776536099999987, -30.163374 ], [ -56.777865199999951, -30.162447399999955 ], [ -56.781938099999934, -30.158774199999982 ], [ -56.782543, -30.15724559999996 ], [ -56.783030699999983, -30.156124 ], [ -56.783960599999943, -30.151393799999937 ], [ -56.784005399999955, -30.151165599999956 ], [ -56.783584899999937, -30.148078 ], [ -56.781575, -30.145289099999953 ], [ -56.78016729999996, -30.140900799999937 ], [ -56.778908199999933, -30.137165 ], [ -56.778098199999938, -30.134659399999975 ], [ -56.777792799999986, -30.133714899999973 ], [ -56.778228099999978, -30.130679099999949 ], [ -56.780271, -30.12663039999995 ], [ -56.784618899999941, -30.125423799999965 ], [ -56.789473699999974, -30.124386199999943 ], [ -56.792405, -30.123554799999962 ], [ -56.79482139999994, -30.123342399999952 ], [ -56.797125899999969, -30.123033199999956 ], [ -56.799449799999934, -30.122299699999925 ], [ -56.800881899999979, -30.12115279999993 ], [ -56.801812699999971, -30.119925 ], [ -56.80185419999998, -30.119870299999935 ], [ -56.801857699999971, -30.119676199999958 ], [ -56.801921199999981, -30.116139799999928 ], [ -56.803028099999949, -30.110128699999962 ], [ -56.804645099999959, -30.105975799999957 ], [ -56.806367899999941, -30.104447199999981 ], [ -56.808075, -30.103240699999958 ], [ -56.810040799999967, -30.102974 ], [ -56.810855599999968, -30.104362599999938 ], [ -56.812472599999978, -30.106496699999976 ], [ -56.814510599999949, -30.107551399999974 ], [ -56.816830699999969, -30.10734779999996 ], [ -56.818644399999982, -30.10614129999993 ], [ -56.81937309999995, -30.104369599999984 ], [ -56.819787099999985, -30.103592699999975 ], [ -56.820764099999963, -30.101759199999947 ], [ -56.821411899999987, -30.099986599999969 ], [ -56.822169699999961, -30.097912899999972 ], [ -56.824166899999966, -30.095644499999938 ], [ -56.827523, -30.094372199999945 ], [ -56.833584599999938, -30.092302199999949 ], [ -56.842677499999979, -30.090329099999963 ], [ -56.850373799999943, -30.088896099999943 ], [ -56.854173, -30.088793399999933 ], [ -56.857383199999958, -30.089076699999961 ], [ -56.864551, -30.090050399999939 ], [ -56.866218799999956, -30.091187299999948 ], [ -56.867592, -30.092195899999989 ], [ -56.869248099999936, -30.093553799999938 ], [ -56.870691499999964, -30.09393549999993 ], [ -56.872105099999942, -30.093667399999955 ], [ -56.872929499999941, -30.093272099999975 ], [ -56.873574799999972, -30.092781699999918 ], [ -56.87365079999995, -30.09272389999995 ], [ -56.873872899999981, -30.091960799999985 ], [ -56.87376839999996, -30.090490899999963 ], [ -56.873763, -30.090415299999954 ], [ -56.873276199999964, -30.088695399999946 ], [ -56.873717199999987, -30.08730649999994 ], [ -56.874541199999953, -30.086248599999973 ], [ -56.876102299999964, -30.086668399999937 ], [ -56.878606399999967, -30.088081599999956 ], [ -56.880020199999933, -30.088450499999972 ], [ -56.881246299999987, -30.088488199999968 ], [ -56.882527199999977, -30.088130899999957 ], [ -56.883425199999976, -30.087735499999951 ], [ -56.884005299999956, -30.087481599999929 ], [ -56.883957199999941, -30.086936499999979 ], [ -56.884809699999948, -30.085386099999933 ], [ -56.888900899999953, -30.083310299999933 ], [ -56.888678599999935, -30.081447299999976 ], [ -56.887425199999939, -30.080553399999932 ], [ -56.88499829999995, -30.080090099999946 ], [ -56.882853399999931, -30.080153399999965 ], [ -56.880731399999945, -30.079146899999948 ], [ -56.878652399999964, -30.075003 ], [ -56.880761399999983, -30.070914499999951 ], [ -56.88161359999998, -30.068637499999969 ], [ -56.879855799999973, -30.064364899999923 ], [ -56.878267899999969, -30.062730899999963 ], [ -56.876567399999949, -30.060501699999975 ], [ -56.87489039999997, -30.055170699999952 ], [ -56.873933199999954, -30.052668199999985 ], [ -56.872513099999935, -30.050474299999955 ], [ -56.870789399999978, -30.049189399999928 ], [ -56.869498299999975, -30.047759699999972 ], [ -56.870416, -30.045486799999935 ], [ -56.871433299999978, -30.04379229999995 ], [ -56.869303399999978, -30.042010499999954 ], [ -56.867200699999955, -30.041242199999935 ], [ -56.866087899999975, -30.03962649999993 ], [ -56.867310099999941, -30.034747 ], [ -56.866020499999934, -30.032821499999951 ], [ -56.863990599999966, -30.03190729999994 ], [ -56.860951, -30.031947299999953 ], [ -56.858468199999948, -30.031076199999966 ], [ -56.856871, -30.03089359999997 ], [ -56.854641899999933, -30.029898899999981 ], [ -56.852615699999944, -30.028531 ], [ -56.851351499999964, -30.026502899999961 ], [ -56.85091, -30.024918499999959 ], [ -56.849696499999936, -30.023425699999962 ], [ -56.848177499999963, -30.021874599999933 ], [ -56.845973, -30.021440799999937 ], [ -56.844451899999967, -30.022242699999929 ], [ -56.843121599999961, -30.021775599999959 ], [ -56.841146299999934, -30.020470399999958 ], [ -56.839630099999965, -30.017302599999933 ], [ -56.837959, -30.016369499999943 ], [ -56.836437599999954, -30.017051399999957 ], [ -56.834421, -30.017203899999974 ], [ -56.827173899999934, -30.015071 ], [ -56.825453599999946, -30.014711799999926 ], [ -56.822718299999963, -30.013650699999975 ], [ -56.819944499999963, -30.013058299999965 ], [ -56.81979339999998, -30.012190599999936 ], [ -56.821241599999951, -30.010640499999958 ], [ -56.822538799999961, -30.007973 ], [ -56.821742699999959, -30.00615 ], [ -56.819925199999943, -30.003914299999959 ], [ -56.81405529999995, -29.999996299999964 ], [ -56.811551899999984, -29.997509199999961 ], [ -56.809356699999967, -29.992232399999974 ], [ -56.807382599999983, -29.991299 ], [ -56.806130499999938, -29.990273499999955 ], [ -56.80545079999996, -29.989217799999945 ], [ -56.805681799999945, -29.987295299999971 ], [ -56.803862099999947, -29.984807899999954 ], [ -56.803600899999935, -29.98266859999995 ], [ -56.804368499999953, -29.97826439999994 ], [ -56.805591299999946, -29.974792599999947 ], [ -56.80437859999995, -29.973612199999938 ], [ -56.801911799999971, -29.971651399999924 ], [ -56.800699399999985, -29.970037299999941 ], [ -56.799563699999965, -29.967864299999977 ], [ -56.798197099999982, -29.966992599999969 ], [ -56.796266599999967, -29.963670799999928 ], [ -56.789012799999966, -29.961951 ], [ -56.786203499999942, -29.960582299999942 ], [ -56.78510179999995, -29.958926499999961 ], [ -56.782296899999949, -29.960486799999959 ], [ -56.778412299999957, -29.962953199999962 ], [ -56.775991299999987, -29.964361899999979 ], [ -56.772881499999983, -29.966249199999936 ], [ -56.77252459999994, -29.966503 ], [ -56.769305499999973, -29.969163399999946 ], [ -56.765702199999964, -29.968690599999945 ], [ -56.752313899999933, -29.982402 ], [ -56.750618499999973, -29.984162399999946 ], [ -56.745759199999952, -29.989137699999954 ], [ -56.746383099999946, -29.989864599999976 ], [ -56.746600099999974, -29.99087169999996 ], [ -56.745057499999973, -29.991665799999961 ], [ -56.743016899999986, -29.993196499999954 ], [ -56.742537, -29.993940699999939 ], [ -56.741286, -29.99616889999993 ], [ -56.74049789999998, -29.99686069999996 ], [ -56.738998799999933, -29.9984712 ], [ -56.735842099999957, -30.000764299999958 ], [ -56.735806199999956, -30.00147689999995 ], [ -56.732523399999934, -30.005343399999951 ], [ -56.724665899999934, -30.015668099999971 ], [ -56.723287299999981, -30.017539099999958 ], [ -56.723117899999977, -30.017775899999947 ], [ -56.722324199999946, -30.018885 ], [ -56.71948139999995, -30.027231799999985 ], [ -56.718152599999939, -30.030332499999929 ], [ -56.716738599999985, -30.035428299999964 ], [ -56.716045399999985, -30.036961 ], [ -56.715613199999957, -30.03885089999994 ], [ -56.71620809999996, -30.041850299999965 ], [ -56.715965899999958, -30.044302599999977 ], [ -56.715255599999978, -30.047426399999953 ], [ -56.715586199999962, -30.049529199999942 ], [ -56.713752899999982, -30.05495359999998 ], [ -56.713288399999954, -30.056768299999938 ], [ -56.712291299999947, -30.059751199999933 ], [ -56.711544299999957, -30.060343299999943 ], [ -56.711286899999948, -30.060564699999933 ], [ -56.709564399999977, -30.062046599999974 ], [ -56.708083299999942, -30.062979299999935 ], [ -56.70552749999996, -30.065068199999935 ], [ -56.703580099999954, -30.066609399999948 ], [ -56.702138199999979, -30.067451899999984 ], [ -56.700550099999987, -30.068501399999949 ], [ -56.700128799999959, -30.06927369999994 ], [ -56.699109499999963, -30.074632299999962 ], [ -56.697799599999939, -30.081838299999966 ], [ -56.695274499999982, -30.094141099999938 ], [ -56.694891699999971, -30.095704499999947 ], [ -56.693441599999971, -30.095797299999955 ], [ -56.692682899999966, -30.095758899999961 ], [ -56.69120909999998, -30.095862499999953 ], [ -56.689551399999971, -30.096008099999942 ], [ -56.688395799999967, -30.096024199999921 ], [ -56.687073899999973, -30.096066299999965 ], [ -56.685807599999976, -30.096167099999949 ], [ -56.683936399999936, -30.096374399999938 ], [ -56.681364299999984, -30.096593399999961 ], [ -56.678553499999964, -30.096814499999933 ], [ -56.676885899999945, -30.09694589999998 ], [ -56.675264, -30.096836299999953 ], [ -56.67351229999997, -30.097082099999959 ], [ -56.671469599999966, -30.097328599999962 ], [ -56.669921499999987, -30.097384499999979 ] ] ] } },
{ "type": "Feature", "properties": { "CD_SETOR": "432240035000008", "NM_BAIRRO": null, "NM_DIST": "Vertentes", "populacao_total": 25, "pct_populacao_0_a_4_anos": null, "sem_dado": true, "estimativa_criancas_0_a_4": null }, "geometry": { "type": "Polygon", "coordinates": [ [ [ -56.431115099999943, -30.042815199999946 ], [ -56.436872899999976, -30.04449249999994 ], [ -56.439133099999935, -30.042779499999931 ], [ -56.431495699999971, -30.041685 ], [ -56.431115099999943, -30.042815199999946 ] ] ] } },
{ "type": "Feature", "properties": { "CD_SETOR": "432240035000010", "NM_BAIRRO": null, "NM_DIST": "Vertentes", "populacao_total": 148, "pct_populacao_0_a_4_anos": 8.78, "sem_dado": false, "estimativa_criancas_0_a_4": 13.0 }, "geometry": { "type": "Polygon", "coordinates": [ [ [ -56.428146399999946, -30.040644699999969 ], [ -56.428587399999969, -30.042833499999972 ], [ -56.429013699999985, -30.044966899999963 ], [ -56.429343899999935, -30.046459299999974 ], [ -56.42975359999997, -30.048069599999966 ], [ -56.430035199999963, -30.04853379999998 ], [ -56.432160199999942, -30.050566699999933 ], [ -56.432461899999964, -30.051061299999958 ], [ -56.432796099999962, -30.052568899999976 ], [ -56.433474699999977, -30.055440799999921 ], [ -56.432757899999956, -30.060452499999943 ], [ -56.433489299999962, -30.070616699999952 ], [ -56.433650199999931, -30.080572099999976 ], [ -56.433717399999978, -30.084190699999976 ], [ -56.434412099999975, -30.087488 ], [ -56.436410699999954, -30.093873499999972 ], [ -56.437249299999962, -30.100472299999982 ], [ -56.437688799999933, -30.102319499999957 ], [ -56.45454559999996, -30.099363299999933 ], [ -56.455028399999946, -30.098746599999963 ], [ -56.455393799999975, -30.096701699999986 ], [ -56.457139799999936, -30.095658699999934 ], [ -56.461898799999972, -30.093462699999982 ], [ -56.468952199999933, -30.091839199999981 ], [ -56.472829099999956, -30.090423299999941 ], [ -56.477226899999948, -30.088330099999943 ], [ -56.479496799999936, -30.087557599999968 ], [ -56.481056899999942, -30.086349699999975 ], [ -56.482901, -30.085471299999941 ], [ -56.487066, -30.083284799999944 ], [ -56.492247799999973, -30.08086789999993 ], [ -56.495042699999942, -30.079384599999962 ], [ -56.499263, -30.077193899999944 ], [ -56.508769599999937, -30.072034699999961 ], [ -56.529032699999966, -30.06961369999993 ], [ -56.537177799999938, -30.067405499999939 ], [ -56.537873499999932, -30.065575599999928 ], [ -56.541435399999955, -30.065908799999935 ], [ -56.548837199999987, -30.062545699999923 ], [ -56.553678199999979, -30.057807899999943 ], [ -56.555723699999987, -30.058335399999979 ], [ -56.557067699999955, -30.058682 ], [ -56.580909499999962, -30.042480199999943 ], [ -56.59498949999994, -30.032997899999952 ], [ -56.602740299999944, -30.027581199999918 ], [ -56.611144499999966, -30.021843799999939 ], [ -56.613242699999944, -30.020289899999963 ], [ -56.617475799999966, -30.016408299999966 ], [ -56.618980599999986, -30.014841699999984 ], [ -56.620283899999947, -30.014466599999938 ], [ -56.619389799999965, -30.012383299999954 ], [ -56.61773119999998, -30.010188299999978 ], [ -56.617784599999936, -30.008272199999961 ], [ -56.618991599999958, -30.00757109999995 ], [ -56.61807239999996, -30.005769899999958 ], [ -56.616597399999932, -30.003888699999944 ], [ -56.615637099999965, -30.000796199999961 ], [ -56.614617899999985, -30.000948099999952 ], [ -56.61184609999998, -29.999378399999948 ], [ -56.610509199999967, -29.997534899999948 ], [ -56.609957099999974, -29.996281699999933 ], [ -56.609232599999984, -29.992603 ], [ -56.606502199999966, -29.992008799999951 ], [ -56.602613699999949, -29.991684399999944 ], [ -56.599748, -29.98995489999993 ], [ -56.596104899999943, -29.986306599999978 ], [ -56.58987529999996, -29.981476399999966 ], [ -56.583284799999944, -29.974454899999959 ], [ -56.582366699999966, -29.972417099999969 ], [ -56.580059699999936, -29.970455299999966 ], [ -56.57761759999994, -29.967827899999968 ], [ -56.574658099999965, -29.966957899999944 ], [ -56.572063599999979, -29.967418799999965 ], [ -56.569970799999965, -29.965163199999953 ], [ -56.552514899999949, -29.973744 ], [ -56.52115, -29.996510799999953 ], [ -56.513872899999967, -29.99963529999998 ], [ -56.511260499999935, -30.00148479999995 ], [ -56.506817899999987, -30.001796699999939 ], [ -56.504097699999939, -30.001593299999968 ], [ -56.500130799999965, -30.001529799999958 ], [ -56.478300199999978, -30.003352499999945 ], [ -56.469939299999965, -30.004778199999969 ], [ -56.461898799999972, -30.006968299999972 ], [ -56.45669289999995, -30.008713799999949 ], [ -56.443410099999937, -30.012473 ], [ -56.432387399999982, -30.015746199999967 ], [ -56.434208699999942, -30.01772759999994 ], [ -56.434464699999978, -30.018444 ], [ -56.434021399999949, -30.020309899999965 ], [ -56.427481899999975, -30.030439299999951 ], [ -56.426765099999955, -30.031483099999949 ], [ -56.426469499999939, -30.032535599999957 ], [ -56.427585599999986, -30.037957499999948 ], [ -56.427751799999953, -30.038716799999978 ], [ -56.42796, -30.039727899999939 ], [ -56.428146399999946, -30.040644699999969 ] ], [ [ -56.431495699999971, -30.041685 ], [ -56.439133099999935, -30.042779499999931 ], [ -56.436872899999976, -30.04449249999994 ], [ -56.431115099999943, -30.042815199999946 ], [ -56.431495699999971, -30.041685 ] ] ] } }
]
}
