{
"type": "FeatureCollection",
"name": "densidade-populacional-2000",
"crs": { "type": "name", "properties": { "name": "urn:ogc:def:crs:OGC:1.3:CRS84" } },
"features": [
{ "type": "Feature", "properties": { "cd_setor": "432240005000008", "situacao": "Urbana", "populacao_total": 986, "domicilios_total": 308, "area_km2": 0.1928950668797994, "densidade_demografica_hab_km2": 5111.5874342935676, "sem_dado": false }, "geometry": { "type": "Polygon", "coordinates": [ [ [ -57.082876681627049, -29.748541011808829 ], [ -57.080456550285845, -29.748506405642953 ], [ -57.080416045339561, -29.749589423020311 ], [ -57.080192175426951, -29.754192276126297 ], [ -57.083367482568242, -29.754235438188189 ], [ -57.083621336007909, -29.74854956827711 ], [ -57.082876681627049, -29.748541011808829 ] ] ] } },
{ "type": "Feature", "properties": { "cd_setor": "432240005000084", "situacao": "Urbana", "populacao_total": 770, "domicilios_total": 259, "area_km2": 0.10077527311523762, "densidade_demografica_hab_km2": 7640.7632169797907, "sem_dado": false }, "geometry": { "type": "Polygon", "coordinates": [ [ [ -57.084456274760498, -29.769892986280183 ], [ -57.084405755289843, -29.771327979171861 ], [ -57.084304689509509, -29.774170889270117 ], [ -57.087522015880445, -29.774222948761402 ], [ -57.08761393433771, -29.772860127199458 ], [ -57.086072533800191, -29.772834064564996 ], [ -57.086152789861799, -29.769909941971065 ], [ -57.084456274760498, -29.769892986280183 ] ] ] } },
{ "type": "Feature", "properties": { "cd_setor": "432240005000105", "situacao": "Urbana", "populacao_total": 1126, "domicilios_total": 301, "area_km2": 0.16773862209713727, "densidade_demografica_hab_km2": 6712.8249053335758, "sem_dado": false }, "geometry": { "type": "Polygon", "coordinates": [ [ [ -57.096958099405505, -29.775759626070954 ], [ -57.096816011164066, -29.778611598292237 ], [ -57.100033503027831, -29.778681402836309 ], [ -57.099931294584749, -29.779935940627301 ], [ -57.101565935086285, -29.779979819755901 ], [ -57.101696250402391, -29.77584631656422 ], [ -57.096958099405505, -29.775759626070954 ] ] ] } },
{ "type": "Feature", "properties": { "cd_setor": "432240005000099", "situacao": "Urbana", "populacao_total": 1217, "domicilios_total": 288, "area_km2": 0.090114796770713712, "densidade_demografica_hab_km2": 13504.99633369324, "sem_dado": false }, "geometry": { "type": "Polygon", "coordinates": [ [ [ -57.102603424652962, -29.78285795958902 ], [ -57.102065450246393, -29.782867400809607 ], [ -57.101517129892159, -29.782876847784703 ], [ -57.101466711198356, -29.784176470617368 ], [ -57.101725543020962, -29.784356769526944 ], [ -57.101738672404828, -29.787109349892557 ], [ -57.101750442610339, -29.788517222728721 ], [ -57.103240354807951, -29.788543142410379 ], [ -57.103101153022898, -29.783958609006191 ], [ -57.103131053115291, -29.782848524249193 ], [ -57.102603424652962, -29.78285795958902 ] ] ] } },
{ "type": "Feature", "properties": { "cd_setor": "432240005000102", "situacao": "Urbana", "populacao_total": 1323, "domicilios_total": 344, "area_km2": 5.3505834263649117, "densidade_demografica_hab_km2": 247.26275521299962, "sem_dado": false }, "geometry": { "type": "Polygon", "coordinates": [ [ [ -57.102601924701283, -29.781386903424021 ], [ -57.102603424652962, -29.78285795958902 ], [ -57.103131053115291, -29.782848524249193 ], [ -57.103586260624709, -29.782839143555062 ], [ -57.104610479538067, -29.782820287485329 ], [ -57.10457506197546, -29.788560143265073 ], [ -57.103778378056951, -29.788551746095994 ], [ -57.103240354807951, -29.788543142410379 ], [ -57.101750442610339, -29.788517222728721 ], [ -57.101750625172826, -29.788697720245118 ], [ -57.102322948830356, -29.802081165956459 ], [ -57.102788572828395, -29.802053730103584 ], [ -57.103326427192357, -29.801827689151708 ], [ -57.104402053682797, -29.801303401815336 ], [ -57.105301919048145, -29.800932668548892 ], [ -57.107081049917603, -29.800299498691334 ], [ -57.108539627355, -29.799892190121437 ], [ -57.109439779074293, -29.799810224149414 ], [ -57.110464050577676, -29.799683024054819 ], [ -57.111643753187707, -29.799754231902046 ], [ -57.112740848814923, -29.799978922414546 ], [ -57.1137345139676, -29.80023979229804 ], [ -57.114676157818629, -29.800248003618464 ], [ -57.115410186411253, -29.799678798282873 ], [ -57.116350968818573, -29.798946959425091 ], [ -57.117446874925797, -29.798151802015955 ], [ -57.118615216244386, -29.797374620219983 ], [ -57.119628470378665, -29.796714891770627 ], [ -57.120559236622832, -29.79630792711222 ], [ -57.12128329130762, -29.796099692826804 ], [ -57.122431126547454, -29.795521043121937 ], [ -57.123403325150015, -29.795168169254438 ], [ -57.124354900900457, -29.794878481727118 ], [ -57.125120493957034, -29.794805560397389 ], [ -57.126372079741657, -29.794479474590233 ], [ -57.127199419353055, -29.794144760929072 ], [ -57.128088777703333, -29.793764857653549 ], [ -57.129226582717862, -29.793483979363018 ], [ -57.130344085206282, -29.793509956936852 ], [ -57.131244302806209, -29.793536140946372 ], [ -57.132103180554012, -29.79359845962351 ], [ -57.132682168197597, -29.793263959584046 ], [ -57.1330746338419, -29.792722072822666 ], [ -57.133135854803378, -29.792072220366606 ], [ -57.133227804326005, -29.791187690135452 ], [ -57.133050991551016, -29.790492952840964 ], [ -57.133391388559474, -29.789707445675038 ], [ -57.133804373474156, -29.789048212390146 ], [ -57.13435180790605, -29.788352741700578 ], [ -57.134930636865846, -29.787927983006632 ], [ -57.135488768329012, -29.787503242972168 ], [ -57.136005302635056, -29.786925120409308 ], [ -57.136128737087269, -29.786392525480412 ], [ -57.136241787447297, -29.785832866453354 ], [ -57.135476064383312, -29.785752429281033 ], [ -57.134844757349825, -29.785608676492263 ], [ -57.134275986364052, -29.785807802690282 ], [ -57.133645268089779, -29.786106262758771 ], [ -57.133210669618485, -29.78606157690249 ], [ -57.132765701557794, -29.785998850266378 ], [ -57.132558386179902, -29.785701237173871 ], [ -57.13211305274627, -29.785358737354635 ], [ -57.131129174990811, -29.784592601661082 ], [ -57.130135760011356, -29.784440160048955 ], [ -57.129059661246494, -29.784350965880531 ], [ -57.128407346120461, -29.783945481134808 ], [ -57.127692273678235, -29.782998560594901 ], [ -57.127567517163051, -29.78252036201302 ], [ -57.127473033094049, -29.781437466595577 ], [ -57.127565160351644, -29.780661237300272 ], [ -57.107783711411017, -29.780074171989618 ], [ -57.10619044909371, -29.780030336506194 ], [ -57.106160878641184, -29.781420193766245 ], [ -57.104577969476452, -29.781403405263426 ], [ -57.102601924701283, -29.781386903424021 ] ] ] } },
{ "type": "Feature", "properties": { "cd_setor": "432240005000101", "situacao": "Urbana", "populacao_total": 1169, "domicilios_total": 287, "area_km2": 1.2265417315224652, "densidade_demografica_hab_km2": 953.08620159948373, "sem_dado": false }, "geometry": { "type": "Polygon", "coordinates": [ [ [ -57.09713884115871, -29.802238500024256 ], [ -57.097729106243754, -29.802689308153166 ], [ -57.098805338870427, -29.802742657236319 ], [ -57.099829564338542, -29.802525290925917 ], [ -57.101236491827031, -29.802145176569859 ], [ -57.102322948830356, -29.802081165956459 ], [ -57.101750625172826, -29.788697720245118 ], [ -57.101750442610339, -29.788517222728721 ], [ -57.101738672404828, -29.787109349892557 ], [ -57.101725543020962, -29.784356769526944 ], [ -57.101466711198356, -29.784176470617368 ], [ -57.101517129892159, -29.782876847784703 ], [ -57.102065450246393, -29.782867400809607 ], [ -57.102603424652962, -29.78285795958902 ], [ -57.102601924701283, -29.781386903424021 ], [ -57.096766887516161, -29.781319102851715 ], [ -57.096321085677644, -29.801950302764936 ], [ -57.09713884115871, -29.802238500024256 ] ] ] } },
{ "type": "Feature", "properties": { "cd_setor": "432240005000100", "situacao": "Urbana", "populacao_total": 1106, "domicilios_total": 263, "area_km2": 0.087736802134836395, "densidade_demografica_hab_km2": 12605.884567120054, "sem_dado": false }, "geometry": { "type": "Polygon", "coordinates": [ [ [ -57.103586260624709, -29.782839143555062 ], [ -57.103131053115291, -29.782848524249193 ], [ -57.103101153022898, -29.783958609006191 ], [ -57.103240354807951, -29.788543142410379 ], [ -57.103778378056951, -29.788551746095994 ], [ -57.10457506197546, -29.788560143265073 ], [ -57.104610479538067, -29.782820287485329 ], [ -57.103586260624709, -29.782839143555062 ] ] ] } },
{ "type": "Feature", "properties": { "cd_setor": "432240005000109", "situacao": "Urbana", "populacao_total": 1407, "domicilios_total": 364, "area_km2": 1.8999547212637917, "densidade_demografica_hab_km2": 740.54396362883142, "sem_dado": false }, "geometry": { "type": "Polygon", "coordinates": [ [ [ -57.106666331513274, -29.770255986243274 ], [ -57.106424073444849, -29.775941870503491 ], [ -57.107944835863023, -29.775967712703444 ], [ -57.107783711411017, -29.780074171989618 ], [ -57.127565160351644, -29.780661237300272 ], [ -57.127606176556675, -29.780372401256063 ], [ -57.128070624741504, -29.779505562788675 ], [ -57.128514639223809, -29.778846314967183 ], [ -57.129186199211389, -29.778150743947375 ], [ -57.129599060010335, -29.777410298762828 ], [ -57.12832589012838, -29.776861021740839 ], [ -57.127953210090936, -29.776662835149285 ], [ -57.12755987548973, -29.776491742107815 ], [ -57.12703195267153, -29.776239553172775 ], [ -57.126669668033315, -29.776077452534501 ], [ -57.126307293956813, -29.775843151812435 ], [ -57.12589312841763, -29.775554750015583 ], [ -57.125489321550681, -29.775275361973424 ], [ -57.125054481859735, -29.774996002028796 ], [ -57.124681725715689, -29.774725607022958 ], [ -57.124298593173428, -29.774428146008059 ], [ -57.123915585105593, -29.774229957638436 ], [ -57.123387594745978, -29.773905554896054 ], [ -57.122983834516873, -29.773653233764232 ], [ -57.122507574433129, -29.773328779356692 ], [ -57.122052127420247, -29.77310357791751 ], [ -57.12180375326421, -29.773022582778463 ], [ -57.121648504622769, -29.772959551353406 ], [ -57.121255227775173, -29.772815514067663 ], [ -57.121068891146606, -29.772707385948589 ], [ -57.120841132476293, -29.772563195808992 ], [ -57.120530540751226, -29.772355906469489 ], [ -57.119992086538183, -29.771914175839907 ], [ -57.119640066191536, -29.771661797443926 ], [ -57.119370922564229, -29.7715086172661 ], [ -57.119019001219037, -29.771337461241185 ], [ -57.118687706488252, -29.771112136341181 ], [ -57.118387457657214, -29.770895807721011 ], [ -57.118263258815119, -29.770841769401333 ], [ -57.117776650979849, -29.770490232302908 ], [ -57.112583509144386, -29.770341331125525 ], [ -57.106666331513274, -29.770255986243274 ] ] ] } },
{ "type": "Feature", "properties": { "cd_setor": "432240005000107", "situacao": "Urbana", "populacao_total": 936, "domicilios_total": 254, "area_km2": 0.13894418695791355, "densidade_demografica_hab_km2": 6736.5178816981825, "sem_dado": false }, "geometry": { "type": "Polygon", "coordinates": [ [ [ -57.101696250402391, -29.77584631656422 ], [ -57.101565935086285, -29.779979819755901 ], [ -57.104659280124537, -29.780004482485499 ], [ -57.104903302344965, -29.775906985922145 ], [ -57.101696250402391, -29.77584631656422 ] ] ] } },
{ "type": "Feature", "properties": { "cd_setor": "432240005000108", "situacao": "Urbana", "populacao_total": 1238, "domicilios_total": 332, "area_km2": 0.15864414255333534, "densidade_demografica_hab_km2": 7803.6288013835165, "sem_dado": false }, "geometry": { "type": "Polygon", "coordinates": [ [ [ -57.104903302344965, -29.775906985922145 ], [ -57.104659280124537, -29.780004482485499 ], [ -57.104577969476452, -29.781403405263426 ], [ -57.106160878641184, -29.781420193766245 ], [ -57.10619044909371, -29.780030336506194 ], [ -57.107783711411017, -29.780074171989618 ], [ -57.107944835863023, -29.775967712703444 ], [ -57.106424073444849, -29.775941870503491 ], [ -57.104903302344965, -29.775906985922145 ] ] ] } },
{ "type": "Feature", "properties": { "cd_setor": "432240005000106", "situacao": "Urbana", "populacao_total": 1312, "domicilios_total": 359, "area_km2": 0.1627981331175884, "densidade_demografica_hab_km2": 8059.0604749278546, "sem_dado": false }, "geometry": { "type": "Polygon", "coordinates": [ [ [ -57.096816011164066, -29.778611598292237 ], [ -57.096684122066229, -29.781319163390066 ], [ -57.096766887516161, -29.781319102851715 ], [ -57.102601924701283, -29.781386903424021 ], [ -57.104577969476452, -29.781403405263426 ], [ -57.104659280124537, -29.780004482485499 ], [ -57.101565935086285, -29.779979819755901 ], [ -57.099931294584749, -29.779935940627301 ], [ -57.100033503027831, -29.778681402836309 ], [ -57.096816011164066, -29.778611598292237 ] ] ] } },
{ "type": "Feature", "properties": { "cd_setor": "432240005000103", "situacao": "Urbana", "populacao_total": 1323, "domicilios_total": 316, "area_km2": 0.33632474273030299, "densidade_demografica_hab_km2": 3933.6980956554439, "sem_dado": false }, "geometry": { "type": "Polygon", "coordinates": [ [ [ -57.100325019179884, -29.77015264919746 ], [ -57.100224359170284, -29.772950446484717 ], [ -57.101786472563958, -29.772994378052104 ], [ -57.101696250402391, -29.77584631656422 ], [ -57.104903302344965, -29.775906985922145 ], [ -57.106424073444849, -29.775941870503491 ], [ -57.106666331513274, -29.770255986243274 ], [ -57.100325019179884, -29.77015264919746 ] ] ] } },
{ "type": "Feature", "properties": { "cd_setor": "432240005000104", "situacao": "Urbana", "populacao_total": 1368, "domicilios_total": 345, "area_km2": 0.23948546076873797, "densidade_demografica_hab_km2": 5712.2465623122971, "sem_dado": false }, "geometry": { "type": "Polygon", "coordinates": [ [ [ -57.097190521120403, -29.770046690642161 ], [ -57.097079873160759, -29.773304763195945 ], [ -57.097029114497502, -29.774306564757925 ], [ -57.096958099405505, -29.775759626070954 ], [ -57.101696250402391, -29.77584631656422 ], [ -57.101786472563958, -29.772994378052104 ], [ -57.100224359170284, -29.772950446484717 ], [ -57.100325019179884, -29.77015264919746 ], [ -57.097190521120403, -29.770046690642161 ] ] ] } },
{ "type": "Feature", "properties": { "cd_setor": "432240005000097", "situacao": "Urbana", "populacao_total": 895, "domicilios_total": 251, "area_km2": 0.10914825401979314, "densidade_demografica_hab_km2": 8199.8563150419159, "sem_dado": false }, "geometry": { "type": "Polygon", "coordinates": [ [ [ -57.087525751507989, -29.778518799384518 ], [ -57.088025409187964, -29.782038177210996 ], [ -57.089194807772166, -29.782407414237611 ], [ -57.089163002695514, -29.781541045901246 ], [ -57.090578804735564, -29.779807303826104 ], [ -57.09214099589262, -29.779824274381326 ], [ -57.092181187624945, -29.778524661197462 ], [ -57.092119115252949, -29.77852470444985 ], [ -57.087525751507989, -29.778518799384518 ] ] ] } },
{ "type": "Feature", "properties": { "cd_setor": "432240005000098", "situacao": "Urbana", "populacao_total": 915, "domicilios_total": 239, "area_km2": 1.427368779379421, "densidade_demografica_hab_km2": 641.03966208215354, "sem_dado": false }, "geometry": { "type": "Polygon", "coordinates": [ [ [ -57.088025409187964, -29.782038177210996 ], [ -57.088098303572174, -29.782579622264144 ], [ -57.088606909406295, -29.784465484775758 ], [ -57.089209650514654, -29.787479392143172 ], [ -57.089323836611278, -29.787903484684016 ], [ -57.089344601466848, -29.787984694623141 ], [ -57.089634693803873, -29.788426717649241 ], [ -57.08956258225848, -29.788778737010567 ], [ -57.089614700407409, -29.789211896125728 ], [ -57.089636261896601, -29.790186568871682 ], [ -57.089699186467698, -29.791134138770442 ], [ -57.089865507582104, -29.792000414343757 ], [ -57.09000067791316, -29.792740362498126 ], [ -57.090374729859192, -29.7944819086979 ], [ -57.090717688065048, -29.796151275710638 ], [ -57.091185636458796, -29.798714017473834 ], [ -57.092417209549112, -29.798956833695577 ], [ -57.092903775351978, -29.799209188986357 ], [ -57.093701240988565, -29.799966715111935 ], [ -57.094395114777939, -29.800588937327333 ], [ -57.095192500066368, -29.801238155925944 ], [ -57.096207216660922, -29.801905261364453 ], [ -57.096321085677644, -29.801950302764936 ], [ -57.096766887516161, -29.781319102851715 ], [ -57.096684122066229, -29.781319163390066 ], [ -57.094025205961081, -29.781239856631679 ], [ -57.093621741468645, -29.781258192677054 ], [ -57.0936514598733, -29.779841263123611 ], [ -57.09214099589262, -29.779824274381326 ], [ -57.090578804735564, -29.779807303826104 ], [ -57.089163002695514, -29.781541045901246 ], [ -57.089194807772166, -29.782407414237611 ], [ -57.088025409187964, -29.782038177210996 ] ] ] } },
{ "type": "Feature", "properties": { "cd_setor": "432240005000053", "situacao": "Urbana", "populacao_total": 219, "domicilios_total": 65, "area_km2": 2.6643164864850304, "densidade_demografica_hab_km2": 82.19744204973243, "sem_dado": false }, "geometry": { "type": "Polygon", "coordinates": [ [ [ -57.065947276762735, -29.781626860627235 ], [ -57.067418491499865, -29.784793856646044 ], [ -57.067491016736469, -29.784947242812862 ], [ -57.07375010142195, -29.798670745376015 ], [ -57.073874297607425, -29.798706775518543 ], [ -57.074888733326596, -29.799220622423295 ], [ -57.075416802474891, -29.799680590642506 ], [ -57.07621413354213, -29.800429197585796 ], [ -57.076773154838186, -29.800753769399019 ], [ -57.077994524758154, -29.801195272970052 ], [ -57.079101717746695, -29.801176565309262 ], [ -57.079867320627237, -29.801013657310136 ], [ -57.080394758071769, -29.80064331795441 ], [ -57.081036022890082, -29.800281931616457 ], [ -57.081532548429983, -29.800083079163969 ], [ -57.082008251686226, -29.799730814971163 ], [ -57.082297681064759, -29.79936061541035 ], [ -57.083052417971913, -29.798593029336935 ], [ -57.083765956803994, -29.798069136547124 ], [ -57.084469140844917, -29.797545246490881 ], [ -57.085741465193777, -29.797075133988947 ], [ -57.086724108923917, -29.796668373694033 ], [ -57.087520903128372, -29.796731022696505 ], [ -57.088669728473789, -29.797046127692887 ], [ -57.088752745827712, -29.797316818169417 ], [ -57.089229171387522, -29.797821890298643 ], [ -57.090305744717114, -29.798317527174824 ], [ -57.091185636458796, -29.798714017473834 ], [ -57.090717688065048, -29.796151275710638 ], [ -57.090374729859192, -29.7944819086979 ], [ -57.09000067791316, -29.792740362498126 ], [ -57.089865507582104, -29.792000414343757 ], [ -57.089699186467698, -29.791134138770442 ], [ -57.089636261896601, -29.790186568871682 ], [ -57.089614700407409, -29.789211896125728 ], [ -57.08956258225848, -29.788778737010567 ], [ -57.089634693803873, -29.788426717649241 ], [ -57.089344601466848, -29.787984694623141 ], [ -57.089323836611278, -29.787903484684016 ], [ -57.089086030155137, -29.788084142831099 ], [ -57.08880680538627, -29.788228728831907 ], [ -57.088579295965872, -29.788355229835087 ], [ -57.088341288975364, -29.788310264645904 ], [ -57.083260480373376, -29.787438147741454 ], [ -57.079121407882049, -29.786745772970651 ], [ -57.076875803903057, -29.786133405196249 ], [ -57.075778877510601, -29.78582719214711 ], [ -57.073905720394215, -29.785142360699577 ], [ -57.07156674222675, -29.78406968517622 ], [ -57.069641779472406, -29.783186273434215 ], [ -57.066951117901425, -29.782086625906658 ], [ -57.065947276762735, -29.781626860627235 ] ] ] } },
{ "type": "Feature", "properties": { "cd_setor": "432240005000055", "situacao": "Urbana", "populacao_total": 1128, "domicilios_total": 301, "area_km2": 1.2496856828249712, "densidade_demografica_hab_km2": 902.62696892718247, "sem_dado": false }, "geometry": { "type": "Polygon", "coordinates": [ [ [ -57.083779110212504, -29.776589897317887 ], [ -57.078596926351111, -29.77756776797332 ], [ -57.07711776270127, -29.777848410708277 ], [ -57.077076720053093, -29.778290654751995 ], [ -57.076481283790976, -29.784337680748347 ], [ -57.076875803903057, -29.786133405196249 ], [ -57.079121407882049, -29.786745772970651 ], [ -57.083260480373376, -29.787438147741454 ], [ -57.088341288975364, -29.788310264645904 ], [ -57.088579295965872, -29.788355229835087 ], [ -57.08880680538627, -29.788228728831907 ], [ -57.089086030155137, -29.788084142831099 ], [ -57.089323836611278, -29.787903484684016 ], [ -57.089209650514654, -29.787479392143172 ], [ -57.088606909406295, -29.784465484775758 ], [ -57.088098303572174, -29.782579622264144 ], [ -57.088025409187964, -29.782038177210996 ], [ -57.087525751507989, -29.778518799384518 ], [ -57.087524519289374, -29.777101890979601 ], [ -57.086179582614555, -29.777039599927662 ], [ -57.085062166537064, -29.776886900042481 ], [ -57.084679332318473, -29.776814946513369 ], [ -57.083830866273928, -29.776625964127565 ], [ -57.083779110212504, -29.776589897317887 ] ] ] } },
{ "type": "Feature", "properties": { "cd_setor": "432240005000095", "situacao": "Urbana", "populacao_total": 1298, "domicilios_total": 376, "area_km2": 0.14612667081112107, "densidade_demografica_hab_km2": 8882.7042510107931, "sem_dado": false }, "geometry": { "type": "Polygon", "coordinates": [ [ [ -57.08752323222501, -29.775621807989783 ], [ -57.087524519289374, -29.777101890979601 ], [ -57.087525751507989, -29.778518799384518 ], [ -57.092119115252949, -29.77852470444985 ], [ -57.092181187624945, -29.778524661197462 ], [ -57.092271631946815, -29.775618580354095 ], [ -57.08752323222501, -29.775621807989783 ] ] ] } },
{ "type": "Feature", "properties": { "cd_setor": "432240005000094", "situacao": "Urbana", "populacao_total": 1089, "domicilios_total": 298, "area_km2": 0.28605535568514373, "densidade_demografica_hab_km2": 3806.9554663351378, "sem_dado": false }, "geometry": { "type": "Polygon", "coordinates": [ [ [ -57.089135844721945, -29.77423992077026 ], [ -57.087522015880445, -29.774222948761402 ], [ -57.08752323222501, -29.775621807989783 ], [ -57.092271631946815, -29.775618580354095 ], [ -57.092181187624945, -29.778524661197462 ], [ -57.096816011164066, -29.778611598292237 ], [ -57.096958099405505, -29.775759626070954 ], [ -57.097029114497502, -29.774306564757925 ], [ -57.093946290880268, -29.774281715787737 ], [ -57.09390491104547, -29.774281745174445 ], [ -57.092291031243029, -29.774210681973585 ], [ -57.090759994598614, -29.774229791291965 ], [ -57.089135844721945, -29.77423992077026 ] ] ] } },
{ "type": "Feature", "properties": { "cd_setor": "432240005000096", "situacao": "Urbana", "populacao_total": 797, "domicilios_total": 219, "area_km2": 0.11033975133770728, "densidade_demografica_hab_km2": 7223.1447899559917, "sem_dado": false }, "geometry": { "type": "Polygon", "coordinates": [ [ [ -57.092181187624945, -29.778524661197462 ], [ -57.09214099589262, -29.779824274381326 ], [ -57.0936514598733, -29.779841263123611 ], [ -57.093621741468645, -29.781258192677054 ], [ -57.094025205961081, -29.781239856631679 ], [ -57.096684122066229, -29.781319163390066 ], [ -57.096816011164066, -29.778611598292237 ], [ -57.092181187624945, -29.778524661197462 ] ] ] } },
{ "type": "Feature", "properties": { "cd_setor": "432240005000086", "situacao": "Urbana", "populacao_total": 1145, "domicilios_total": 298, "area_km2": 0.14256767902984119, "densidade_demografica_hab_km2": 8031.2733418374391, "sem_dado": false }, "geometry": { "type": "Polygon", "coordinates": [ [ [ -57.094087130453147, -29.770012834945089 ], [ -57.09390491104547, -29.774281745174445 ], [ -57.093946290880268, -29.774281715787737 ], [ -57.097029114497502, -29.774306564757925 ], [ -57.097079873160759, -29.773304763195945 ], [ -57.097190521120403, -29.770046690642161 ], [ -57.094087130453147, -29.770012834945089 ] ] ] } },
{ "type": "Feature", "properties": { "cd_setor": "432240005000085", "situacao": "Urbana", "populacao_total": 961, "domicilios_total": 265, "area_km2": 0.12096072766735591, "densidade_demografica_hab_km2": 7944.7273386347888, "sem_dado": false }, "geometry": { "type": "Polygon", "coordinates": [ [ [ -57.092473360422183, -29.769986898293258 ], [ -57.092391954328356, -29.771458015277695 ], [ -57.090778128956352, -29.77139595838857 ], [ -57.090759994598614, -29.774229791291965 ], [ -57.092291031243029, -29.774210681973585 ], [ -57.09390491104547, -29.774281745174445 ], [ -57.094087130453147, -29.770012834945089 ], [ -57.092473360422183, -29.769986898293258 ] ] ] } },
{ "type": "Feature", "properties": { "cd_setor": "432240005000093", "situacao": "Urbana", "populacao_total": 831, "domicilios_total": 237, "area_km2": 0.097377280778674288, "densidade_demografica_hab_km2": 8533.8180872882804, "sem_dado": false }, "geometry": { "type": "Polygon", "coordinates": [ [ [ -57.089276872236901, -29.769952994783512 ], [ -57.089135844721945, -29.77423992077026 ], [ -57.090759994598614, -29.774229791291965 ], [ -57.090778128956352, -29.77139595838857 ], [ -57.092391954328356, -29.771458015277695 ], [ -57.092473360422183, -29.769986898293258 ], [ -57.089276872236901, -29.769952994783512 ] ] ] } },
{ "type": "Feature", "properties": { "cd_setor": "432240005000074", "situacao": "Urbana", "populacao_total": 811, "domicilios_total": 257, "area_km2": 0.10962325308620953, "densidade_demografica_hab_km2": 7398.0654392933975, "sem_dado": false }, "geometry": { "type": "Polygon", "coordinates": [ [ [ -57.084304689509509, -29.774170889270117 ], [ -57.084254196105917, -29.77564198077485 ], [ -57.082712738903339, -29.775597829280176 ], [ -57.082713057808526, -29.775985899902288 ], [ -57.083779110212504, -29.776589897317887 ], [ -57.083830866273928, -29.776625964127565 ], [ -57.084679332318473, -29.776814946513369 ], [ -57.085062166537064, -29.776886900042481 ], [ -57.086179582614555, -29.777039599927662 ], [ -57.087524519289374, -29.777101890979601 ], [ -57.08752323222501, -29.775621807989783 ], [ -57.087522015880445, -29.774222948761402 ], [ -57.084304689509509, -29.774170889270117 ] ] ] } },
{ "type": "Feature", "properties": { "cd_setor": "432240005000056", "situacao": "Urbana", "populacao_total": 1114, "domicilios_total": 288, "area_km2": 0.13341769950035723, "densidade_demografica_hab_km2": 8349.7167480167591, "sem_dado": false }, "geometry": { "type": "Polygon", "coordinates": [ [ [ -57.07952526519896, -29.774101650191785 ], [ -57.079494387168182, -29.774300216672817 ], [ -57.079691520250442, -29.775031115319528 ], [ -57.078098657206631, -29.775384036776924 ], [ -57.078596926351111, -29.77756776797332 ], [ -57.083779110212504, -29.776589897317887 ], [ -57.082713057808526, -29.775985899902288 ], [ -57.082712738903339, -29.775597829280176 ], [ -57.082711596828936, -29.774207994771935 ], [ -57.07952526519896, -29.774101650191785 ] ] ] } },
{ "type": "Feature", "properties": { "cd_setor": "432240005000075", "situacao": "Urbana", "populacao_total": 999, "domicilios_total": 289, "area_km2": 0.12094472772102172, "densidade_demografica_hab_km2": 8259.9714665061929, "sem_dado": false }, "geometry": { "type": "Polygon", "coordinates": [ [ [ -57.086152789861799, -29.769909941971065 ], [ -57.086072533800191, -29.772834064564996 ], [ -57.08761393433771, -29.772860127199458 ], [ -57.087522015880445, -29.774222948761402 ], [ -57.089135844721945, -29.77423992077026 ], [ -57.089276872236901, -29.769952994783512 ], [ -57.086152789861799, -29.769909941971065 ] ] ] } },
{ "type": "Feature", "properties": { "cd_setor": "432240005000083", "situacao": "Urbana", "populacao_total": 1048, "domicilios_total": 281, "area_km2": 0.17106161482881155, "densidade_demografica_hab_km2": 6126.4474853039183, "sem_dado": false }, "geometry": { "type": "Polygon", "coordinates": [ [ [ -57.07959544621481, -29.771276811950912 ], [ -57.079565553541251, -29.772720815275587 ], [ -57.07952526519896, -29.774101650191785 ], [ -57.082711596828936, -29.774207994771935 ], [ -57.082712738903339, -29.775597829280176 ], [ -57.084254196105917, -29.77564198077485 ], [ -57.084304689509509, -29.774170889270117 ], [ -57.084405755289843, -29.771327979171861 ], [ -57.07959544621481, -29.771276811950912 ] ] ] } },
{ "type": "Feature", "properties": { "cd_setor": "432240005000114", "situacao": "Urbana", "populacao_total": 865, "domicilios_total": 277, "area_km2": 0.122839223948859, "densidade_demografica_hab_km2": 7041.7247210884434, "sem_dado": false }, "geometry": { "type": "Polygon", "coordinates": [ [ [ -57.091352308632914, -29.754347490265609 ], [ -57.091352374104581, -29.754419689668595 ], [ -57.091322613476784, -29.755818574366703 ], [ -57.091233171631075, -29.759843753215026 ], [ -57.091223065207132, -29.760105482962803 ], [ -57.091203694008122, -29.761558508798203 ], [ -57.091793290409768, -29.761567125931816 ], [ -57.092744914783545, -29.761575487129448 ], [ -57.092865110943222, -29.757315638722858 ], [ -57.092865077661372, -29.757279539038834 ], [ -57.093048579458561, -29.754382407956562 ], [ -57.091352308632914, -29.754347490265609 ] ] ] } },
{ "type": "Feature", "properties": { "cd_setor": "432240005000090", "situacao": "Urbana", "populacao_total": 841, "domicilios_total": 217, "area_km2": 0.12122922739471961, "densidade_demografica_hab_km2": 6937.2709706523419, "sem_dado": false }, "geometry": { "type": "Polygon", "coordinates": [ [ [ -57.091793290409768, -29.761567125931816 ], [ -57.091203694008122, -29.761558508798203 ], [ -57.091101539238544, -29.76297549167024 ], [ -57.089508570256271, -29.762949504331218 ], [ -57.08946846193988, -29.764375468599745 ], [ -57.094257791234831, -29.764462391892696 ], [ -57.09430683178843, -29.76160145767318 ], [ -57.092744914783545, -29.761575487129448 ], [ -57.091793290409768, -29.761567125931816 ] ] ] } },
{ "type": "Feature", "properties": { "cd_setor": "432240005000110", "situacao": "Urbana", "populacao_total": 1588, "domicilios_total": 412, "area_km2": 1.3072235590867642, "densidade_demografica_hab_km2": 1214.7883879245476, "sem_dado": false }, "geometry": { "type": "Polygon", "coordinates": [ [ [ -57.097482386354287, -29.761653305332597 ], [ -57.097381724957401, -29.764523303498684 ], [ -57.097291288947595, -29.76727596896627 ], [ -57.097190521120403, -29.770046690642161 ], [ -57.100325019179884, -29.77015264919746 ], [ -57.106666331513274, -29.770255986243274 ], [ -57.112583509144386, -29.770341331125525 ], [ -57.117776650979849, -29.770490232302908 ], [ -57.117393575981126, -29.770210800785762 ], [ -57.117165786200715, -29.77003050464663 ], [ -57.116875877876659, -29.76980513848142 ], [ -57.116544603425403, -29.769588833031758 ], [ -57.116265094318912, -29.769408580879173 ], [ -57.11596479339682, -29.769138097287176 ], [ -57.11562319942292, -29.768939848362514 ], [ -57.115322911960114, -29.768678388184615 ], [ -57.115281503455769, -29.768651349556219 ], [ -57.114877815466805, -29.768426078064046 ], [ -57.114463795214853, -29.768209839179146 ], [ -57.114070444900626, -29.767975531346163 ], [ -57.113677126983418, -29.767768297032667 ], [ -57.113387253300203, -29.767560972908129 ], [ -57.113107714912289, -29.767344614392385 ], [ -57.112910951705992, -29.76714623446729 ], [ -57.112496840095929, -29.766839740335861 ], [ -57.112238004014202, -29.766632387254983 ], [ -57.111875587158742, -29.766298772539372 ], [ -57.111544274983608, -29.766028304970664 ], [ -57.11124397687859, -29.76573976065443 ], [ -57.110995500206229, -29.765541421298991 ], [ -57.110705678139681, -29.765370190817052 ], [ -57.110312278440695, -29.765072697318356 ], [ -57.110105270009193, -29.764955545903256 ], [ -57.109929491056846, -29.76501886649266 ], [ -57.109846463382858, -29.764766237870578 ], [ -57.109670379893899, -29.764549786024997 ], [ -57.10934950172139, -29.764351503536062 ], [ -57.109101002869821, -29.76412608584074 ], [ -57.108821434458164, -29.763864593568822 ], [ -57.108510884552032, -29.763648250690014 ], [ -57.108075948393214, -29.763188336007133 ], [ -57.107682497430652, -29.762827660183348 ], [ -57.107371895433801, -29.762557165124083 ], [ -57.106988869874783, -29.762268678077405 ], [ -57.106730114267044, -29.76211546348128 ], [ -57.106253980104292, -29.761808999529389 ], [ -57.097482386354287, -29.761653305332597 ] ] ] } },
{ "type": "Feature", "properties": { "cd_setor": "432240005000092", "situacao": "Urbana", "populacao_total": 987, "domicilios_total": 253, "area_km2": 0.1184662334175714, "densidade_demografica_hab_km2": 8331.487982073415, "sem_dado": false }, "geometry": { "type": "Polygon", "coordinates": [ [ [ -57.089377857773179, -29.767182278631839 ], [ -57.089276872236901, -29.769952994783512 ], [ -57.092473360422183, -29.769986898293258 ], [ -57.092554855458332, -29.768615054898657 ], [ -57.094096142256561, -29.768586892709131 ], [ -57.094167286748451, -29.767233105252977 ], [ -57.092553569551825, -29.767216194379444 ], [ -57.089377857773179, -29.767182278631839 ] ] ] } },
{ "type": "Feature", "properties": { "cd_setor": "432240005000087", "situacao": "Urbana", "populacao_total": 940, "domicilios_total": 245, "area_km2": 0.11671323735131028, "densidade_demografica_hab_km2": 8053.9279119691655, "sem_dado": false }, "geometry": { "type": "Polygon", "coordinates": [ [ [ -57.094167286748451, -29.767233105252977 ], [ -57.094096142256561, -29.768586892709131 ], [ -57.092554855458332, -29.768615054898657 ], [ -57.092473360422183, -29.769986898293258 ], [ -57.094087130453147, -29.770012834945089 ], [ -57.097190521120403, -29.770046690642161 ], [ -57.097291288947595, -29.76727596896627 ], [ -57.094167286748451, -29.767233105252977 ] ] ] } },
{ "type": "Feature", "properties": { "cd_setor": "432240005000088", "situacao": "Urbana", "populacao_total": 1104, "domicilios_total": 280, "area_km2": 0.11669323748885467, "densidade_demografica_hab_km2": 9460.7024687736739, "sem_dado": false }, "geometry": { "type": "Polygon", "coordinates": [ [ [ -57.094257791234831, -29.764462391892696 ], [ -57.094238370254395, -29.765816143122461 ], [ -57.09264533902207, -29.765772143847233 ], [ -57.092553569551825, -29.767216194379444 ], [ -57.094167286748451, -29.767233105252977 ], [ -57.097291288947595, -29.76727596896627 ], [ -57.097381724957401, -29.764523303498684 ], [ -57.094257791234831, -29.764462391892696 ] ] ] } },
{ "type": "Feature", "properties": { "cd_setor": "432240005000089", "situacao": "Urbana", "populacao_total": 1004, "domicilios_total": 252, "area_km2": 0.096584282809853109, "densidade_demografica_hab_km2": 10395.066058279788, "sem_dado": false }, "geometry": { "type": "Polygon", "coordinates": [ [ [ -57.09430683178843, -29.76160145767318 ], [ -57.094257791234831, -29.764462391892696 ], [ -57.097381724957401, -29.764523303498684 ], [ -57.097482386354287, -29.761653305332597 ], [ -57.095930820090153, -29.761636389699174 ], [ -57.09430683178843, -29.76160145767318 ] ] ] } },
{ "type": "Feature", "properties": { "cd_setor": "432240005000091", "situacao": "Urbana", "populacao_total": 1097, "domicilios_total": 303, "area_km2": 0.11891623249227636, "densidade_demografica_hab_km2": 9224.9811233403343, "sem_dado": false }, "geometry": { "type": "Polygon", "coordinates": [ [ [ -57.08946846193988, -29.764375468599745 ], [ -57.089377857773179, -29.767182278631839 ], [ -57.092553569551825, -29.767216194379444 ], [ -57.09264533902207, -29.765772143847233 ], [ -57.094238370254395, -29.765816143122461 ], [ -57.094257791234831, -29.764462391892696 ], [ -57.08946846193988, -29.764375468599745 ] ] ] } },
{ "type": "Feature", "properties": { "cd_setor": "432240005000112", "situacao": "Urbana", "populacao_total": 1044, "domicilios_total": 282, "area_km2": 0.20831153197940599, "densidade_demografica_hab_km2": 5011.7244594178856, "sem_dado": false }, "geometry": { "type": "Polygon", "coordinates": [ [ [ -57.093048579458561, -29.754382407956562 ], [ -57.092865077661372, -29.757279539038834 ], [ -57.092865110943222, -29.757315638722858 ], [ -57.094457923862173, -29.757269386493732 ], [ -57.094509639916538, -29.757269349561135 ], [ -57.097602312260015, -29.757321253761248 ], [ -57.100984606768542, -29.757381889843145 ], [ -57.100953540926511, -29.757345813848776 ], [ -57.100860352570827, -29.757246610739362 ], [ -57.100611791090714, -29.756921902654579 ], [ -57.100435768173135, -29.756732512939127 ], [ -57.100207895574215, -29.756407788359226 ], [ -57.100031829504815, -29.756173273484791 ], [ -57.099814463506753, -29.756010988951768 ], [ -57.099565935213995, -29.75571335359065 ], [ -57.099338147827808, -29.755469851747318 ], [ -57.099120748944202, -29.755271466362899 ], [ -57.098768697455618, -29.754874632757019 ], [ -57.098530526820738, -29.754586012588163 ], [ -57.098458020434727, -29.754477767404392 ], [ -57.093048579458561, -29.754382407956562 ] ] ] } },
{ "type": "Feature", "properties": { "cd_setor": "432240005000111", "situacao": "Urbana", "populacao_total": 911, "domicilios_total": 243, "area_km2": 0.27936987209163672, "densidade_demografica_hab_km2": 3260.9099656285803, "sem_dado": false }, "geometry": { "type": "Polygon", "coordinates": [ [ [ -57.097602312260015, -29.757321253761248 ], [ -57.097542280605062, -29.759415080578091 ], [ -57.097522380218429, -29.76022733829895 ], [ -57.097482386354287, -29.761653305332597 ], [ -57.106253980104292, -29.761808999529389 ], [ -57.106005598949437, -29.761682849925847 ], [ -57.105726026408632, -29.761403301155077 ], [ -57.105425881582249, -29.761232067212543 ], [ -57.105177474609661, -29.761078841299792 ], [ -57.105042678373373, -29.760763076191079 ], [ -57.104856212295516, -29.760492476495955 ], [ -57.104535365884374, -29.760303207066521 ], [ -57.10417303466199, -29.760005670465997 ], [ -57.103841819698978, -29.759789332734218 ], [ -57.103417403954957, -29.759464767983577 ], [ -57.10297229491789, -29.759131193035923 ], [ -57.102537541380862, -29.758806633467074 ], [ -57.102206278921742, -29.758536142083063 ], [ -57.101895732253112, -29.758292708675242 ], [ -57.101595493962058, -29.758013166913042 ], [ -57.101367705544959, -29.757778693590485 ], [ -57.101139927250799, -29.757553244783381 ], [ -57.100984606768542, -29.757381889843145 ], [ -57.097602312260015, -29.757321253761248 ] ] ] } },
{ "type": "Feature", "properties": { "cd_setor": "432240005000118", "situacao": "Urbana", "populacao_total": 63, "domicilios_total": 63, "area_km2": 0.0057734870224437499, "densidade_demografica_hab_km2": 10911.949703029544, "sem_dado": false }, "geometry": { "type": "Polygon", "coordinates": [ [ [ -57.097542280605062, -29.759415080578091 ], [ -57.096869957627973, -29.759415574567658 ], [ -57.096860386653319, -29.76021879971098 ], [ -57.097522380218429, -29.76022733829895 ], [ -57.097542280605062, -29.759415080578091 ] ] ] } },
{ "type": "Feature", "properties": { "cd_setor": "432240005000116", "situacao": "Urbana", "populacao_total": 696, "domicilios_total": 215, "area_km2": 0.11646073824064473, "densidade_demografica_hab_km2": 5976.2629922699252, "sem_dado": false }, "geometry": { "type": "Polygon", "coordinates": [ [ [ -57.094457923862173, -29.757269386493732 ], [ -57.094367566073267, -29.760184501650834 ], [ -57.095960509602961, -29.760228480417123 ], [ -57.095930820090153, -29.761636389699174 ], [ -57.097482386354287, -29.761653305332597 ], [ -57.097522380218429, -29.76022733829895 ], [ -57.097542280605062, -29.759415080578091 ], [ -57.097602312260015, -29.757321253761248 ], [ -57.094509639916538, -29.757269349561135 ], [ -57.094457923862173, -29.757269386493732 ] ], [ [ -57.097522380218429, -29.76022733829895 ], [ -57.096860386653319, -29.76021879971098 ], [ -57.096869957627973, -29.759415574567658 ], [ -57.097542280605062, -29.759415080578091 ], [ -57.097522380218429, -29.76022733829895 ] ] ] } },
{ "type": "Feature", "properties": { "cd_setor": "432240005000115", "situacao": "Urbana", "populacao_total": 748, "domicilios_total": 227, "area_km2": 0.097194781525834023, "densidade_demografica_hab_km2": 7695.8864278241554, "sem_dado": false }, "geometry": { "type": "Polygon", "coordinates": [ [ [ -57.092865110943222, -29.757315638722858 ], [ -57.092744914783545, -29.761575487129448 ], [ -57.09430683178843, -29.76160145767318 ], [ -57.095930820090153, -29.761636389699174 ], [ -57.095960509602961, -29.760228480417123 ], [ -57.094367566073267, -29.760184501650834 ], [ -57.094457923862173, -29.757269386493732 ], [ -57.092865110943222, -29.757315638722858 ] ] ] } },
{ "type": "Feature", "properties": { "cd_setor": "432240005000113", "situacao": "Urbana", "populacao_total": 984, "domicilios_total": 283, "area_km2": 0.20835303210683337, "densidade_demografica_hab_km2": 4722.7534442381057, "sem_dado": false }, "geometry": { "type": "Polygon", "coordinates": [ [ [ -57.091544551455016, -29.749645366645073 ], [ -57.091413039452782, -29.752885409326595 ], [ -57.091352308632914, -29.754347490265609 ], [ -57.093048579458561, -29.754382407956562 ], [ -57.098458020434727, -29.754477767404392 ], [ -57.098261232006635, -29.75419814086063 ], [ -57.09802315224227, -29.753999768983949 ], [ -57.097712708453031, -29.753837549855504 ], [ -57.097505694071657, -29.753675253813533 ], [ -57.097360754746859, -29.753530961643317 ], [ -57.097029514848877, -29.753251432084674 ], [ -57.096781027610319, -29.752980866111614 ], [ -57.096584264070053, -29.752719286845775 ], [ -57.096366816120138, -29.752457722341557 ], [ -57.096076936047872, -29.752160110347663 ], [ -57.095756098343763, -29.751934719580404 ], [ -57.095404234155126, -29.751709350399608 ], [ -57.095114410199692, -29.751465885822668 ], [ -57.094866042981188, -29.751312640232442 ], [ -57.094607427153285, -29.751258675783713 ], [ -57.09398650951325, -29.750871046061501 ], [ -57.093520818133214, -29.750573553138448 ], [ -57.093251762164634, -29.750411294174945 ], [ -57.092941270500326, -29.750176864277158 ], [ -57.092589451910015, -29.749987587248551 ], [ -57.092175621253666, -29.749843477174437 ], [ -57.092134201942066, -29.749789356397265 ], [ -57.091948013248782, -29.749762411093297 ], [ -57.091854980645131, -29.749816625329466 ], [ -57.091668718078118, -29.749708455248044 ], [ -57.091544551455016, -29.749645366645073 ] ] ] } },
{ "type": "Feature", "properties": { "cd_setor": "432240005000002", "situacao": "Urbana", "populacao_total": 918, "domicilios_total": 310, "area_km2": 0.14623667124612338, "densidade_demografica_hab_km2": 6277.495187612426, "sem_dado": false }, "geometry": { "type": "Polygon", "coordinates": [ [ [ -57.083257328356353, -29.758612598225323 ], [ -57.083136709493765, -29.762854388054013 ], [ -57.083922837344403, -29.762853891677629 ], [ -57.084698628978636, -29.762862422168133 ], [ -57.086353681454717, -29.762915501679284 ], [ -57.086444343157652, -29.760081616985257 ], [ -57.086494851603064, -29.758673695702466 ], [ -57.083257328356353, -29.758612598225323 ] ] ] } },
{ "type": "Feature", "properties": { "cd_setor": "432240005000076", "situacao": "Urbana", "populacao_total": 852, "domicilios_total": 255, "area_km2": 0.11831473374986433, "densidade_demografica_hab_km2": 7201.1318708729887, "sem_dado": false }, "geometry": { "type": "Polygon", "coordinates": [ [ [ -57.086222828655856, -29.767139248244032 ], [ -57.086172304748132, -29.768538142727003 ], [ -57.084506830718745, -29.768503117599014 ], [ -57.084456274760498, -29.769892986280183 ], [ -57.086152789861799, -29.769909941971065 ], [ -57.089276872236901, -29.769952994783512 ], [ -57.089377857773179, -29.767182278631839 ], [ -57.086222828655856, -29.767139248244032 ] ] ] } },
{ "type": "Feature", "properties": { "cd_setor": "432240005000077", "situacao": "Urbana", "populacao_total": 962, "domicilios_total": 270, "area_km2": 0.1430556782236781, "densidade_demografica_hab_km2": 6724.6544278783686, "sem_dado": false }, "geometry": { "type": "Polygon", "coordinates": [ [ [ -57.086353681454717, -29.762915501679284 ], [ -57.086222828655856, -29.767139248244032 ], [ -57.089377857773179, -29.767182278631839 ], [ -57.08946846193988, -29.764375468599745 ], [ -57.089508570256271, -29.762949504331218 ], [ -57.086436431799022, -29.762915447636722 ], [ -57.086353681454717, -29.762915501679284 ] ] ] } },
{ "type": "Feature", "properties": { "cd_setor": "432240005000003", "situacao": "Urbana", "populacao_total": 881, "domicilios_total": 282, "area_km2": 0.14535517319830152, "densidade_demografica_hab_km2": 6061.0157905979122, "sem_dado": false }, "geometry": { "type": "Polygon", "coordinates": [ [ [ -57.091203694008122, -29.761558508798203 ], [ -57.091223065207132, -29.760105482962803 ], [ -57.08800624345858, -29.760116686891894 ], [ -57.086444343157652, -29.760081616985257 ], [ -57.086353681454717, -29.762915501679284 ], [ -57.086436431799022, -29.762915447636722 ], [ -57.089508570256271, -29.762949504331218 ], [ -57.091101539238544, -29.76297549167024 ], [ -57.091203694008122, -29.761558508798203 ] ] ] } },
{ "type": "Feature", "properties": { "cd_setor": "432240005000082", "situacao": "Urbana", "populacao_total": 818, "domicilios_total": 225, "area_km2": 0.1470061691414801, "densidade_demografica_hab_km2": 5564.3923297718839, "sem_dado": false }, "geometry": { "type": "Polygon", "coordinates": [ [ [ -57.07970696521506, -29.768406822999676 ], [ -57.079666094800807, -29.769047616432385 ], [ -57.079635696864088, -29.769850851891594 ], [ -57.07959544621481, -29.771276811950912 ], [ -57.084405755289843, -29.771327979171861 ], [ -57.084456274760498, -29.769892986280183 ], [ -57.084506830718745, -29.768503117599014 ], [ -57.082903423980753, -29.768468032612528 ], [ -57.07970696521506, -29.768406822999676 ] ] ] } },
{ "type": "Feature", "properties": { "cd_setor": "432240005000078", "situacao": "Urbana", "populacao_total": 793, "domicilios_total": 246, "area_km2": 0.10040677413423438, "densidade_demografica_hab_km2": 7897.873493473995, "sem_dado": false }, "geometry": { "type": "Polygon", "coordinates": [ [ [ -57.084698628978636, -29.762862422168133 ], [ -57.084506830718745, -29.768503117599014 ], [ -57.086172304748132, -29.768538142727003 ], [ -57.086222828655856, -29.767139248244032 ], [ -57.086353681454717, -29.762915501679284 ], [ -57.084698628978636, -29.762862422168133 ] ] ] } },
{ "type": "Feature", "properties": { "cd_setor": "432240005000079", "situacao": "Urbana", "populacao_total": 902, "domicilios_total": 285, "area_km2": 0.091980793092450205, "densidade_demografica_hab_km2": 9806.3951143952054, "sem_dado": false }, "geometry": { "type": "Polygon", "coordinates": [ [ [ -57.083136709493765, -29.762854388054013 ], [ -57.083024743364405, -29.765056538599485 ], [ -57.08300452401771, -29.765625121064033 ], [ -57.082953524852876, -29.766500569916616 ], [ -57.082943656489796, -29.767078170671457 ], [ -57.082903423980753, -29.768468032612528 ], [ -57.084506830718745, -29.768503117599014 ], [ -57.084698628978636, -29.762862422168133 ], [ -57.083922837344403, -29.762853891677629 ], [ -57.083136709493765, -29.762854388054013 ] ], [ [ -57.082953524852876, -29.766500569916616 ], [ -57.083698342034609, -29.766545225314193 ], [ -57.083667751991747, -29.767077714650593 ], [ -57.082943656489796, -29.767078170671457 ], [ -57.082953524852876, -29.766500569916616 ] ] ] } },
{ "type": "Feature", "properties": { "cd_setor": "432240005000117", "situacao": "Urbana", "populacao_total": 96, "domicilios_total": 94, "area_km2": 0.0043714901650034905, "densidade_demografica_hab_km2": 21960.474889899095, "sem_dado": false }, "geometry": { "type": "Polygon", "coordinates": [ [ [ -57.082943656489796, -29.767078170671457 ], [ -57.083667751991747, -29.767077714650593 ], [ -57.083698342034609, -29.766545225314193 ], [ -57.082953524852876, -29.766500569916616 ], [ -57.082943656489796, -29.767078170671457 ] ] ] } },
{ "type": "Feature", "properties": { "cd_setor": "432240005000012", "situacao": "Urbana", "populacao_total": 1177, "domicilios_total": 310, "area_km2": 0.30542181463243789, "densidade_demografica_hab_km2": 3853.6867493124851, "sem_dado": false }, "geometry": { "type": "Polygon", "coordinates": [ [ [ -57.081321379183777, -29.743641432394931 ], [ -57.080886805628104, -29.743370950305447 ], [ -57.080700545046817, -29.743235689804521 ], [ -57.080415123406027, -29.748434231301033 ], [ -57.080456550285845, -29.748506405642953 ], [ -57.082876681627049, -29.748541011808829 ], [ -57.083621336007909, -29.74854956827711 ], [ -57.086268992672359, -29.748574943483465 ], [ -57.090323254894635, -29.748653462710365 ], [ -57.090240467779239, -29.748599369558669 ], [ -57.089981756601283, -29.748428071888245 ], [ -57.089754129434958, -29.748319927203571 ], [ -57.089505810175019, -29.748202771182779 ], [ -57.089340261654804, -29.748121658596716 ], [ -57.089195365975989, -29.748004432122933 ], [ -57.088998719532817, -29.747842115602136 ], [ -57.088760728659722, -29.74770690134411 ], [ -57.088533033066533, -29.747517530122593 ], [ -57.088357001809435, -29.747273974370103 ], [ -57.088149992287825, -29.747084588661096 ], [ -57.087798193475287, -29.746895298764105 ], [ -57.087456777274035, -29.746751125773212 ], [ -57.087063635861213, -29.746588936053396 ], [ -57.086194411735292, -29.746020933682818 ], [ -57.086080579709744, -29.745939783288488 ], [ -57.085832239827859, -29.745786520557736 ], [ -57.085563155362102, -29.745561071220671 ], [ -57.085304406449268, -29.74532658972112 ], [ -57.085004367010669, -29.745182383678817 ], [ -57.084704290501975, -29.744993052252461 ], [ -57.084424793142581, -29.744677357781153 ], [ -57.084073017245444, -29.744497082822182 ], [ -57.083742001365152, -29.744407043243104 ], [ -57.083400629252914, -29.744298959469493 ], [ -57.082935177692477, -29.744218027467387 ], [ -57.082573152931815, -29.744146054279724 ], [ -57.082355907347804, -29.744064965136172 ], [ -57.082138610624632, -29.743920701041489 ], [ -57.081921292515453, -29.743749361759257 ], [ -57.081693750383927, -29.74372242757623 ], [ -57.081321379183777, -29.743641432394931 ] ] ] } },
{ "type": "Feature", "properties": { "cd_setor": "432240005000004", "situacao": "Urbana", "populacao_total": 819, "domicilios_total": 279, "area_km2": 0.14846016637017234, "densidade_demografica_hab_km2": 5516.6312959524485, "sem_dado": false }, "geometry": { "type": "Polygon", "coordinates": [ [ [ -57.088147221938456, -29.755739503640338 ], [ -57.08800624345858, -29.760116686891894 ], [ -57.091223065207132, -29.760105482962803 ], [ -57.091233171631075, -29.759843753215026 ], [ -57.091322613476784, -29.755818574366703 ], [ -57.088147221938456, -29.755739503640338 ] ] ] } },
{ "type": "Feature", "properties": { "cd_setor": "432240005000006", "situacao": "Urbana", "populacao_total": 1054, "domicilios_total": 328, "area_km2": 0.21477851778543045, "densidade_demografica_hab_km2": 4907.3809190403972, "sem_dado": false }, "geometry": { "type": "Polygon", "coordinates": [ [ [ -57.091544551455016, -29.749645366645073 ], [ -57.091461771061809, -29.749600299200583 ], [ -57.091140821204355, -29.749230498197864 ], [ -57.090499179836222, -29.748770666716986 ], [ -57.090323254894635, -29.748653462710365 ], [ -57.086268992672359, -29.748574943483465 ], [ -57.086218292695847, -29.749757243508821 ], [ -57.086807827434889, -29.749774907949387 ], [ -57.086675968819073, -29.752789322959003 ], [ -57.091413039452782, -29.752885409326595 ], [ -57.091544551455016, -29.749645366645073 ] ] ] } },
{ "type": "Feature", "properties": { "cd_setor": "432240005000005", "situacao": "Urbana", "populacao_total": 981, "domicilios_total": 344, "area_km2": 0.14873766589604681, "densidade_demografica_hab_km2": 6595.5048715476269, "sem_dado": false }, "geometry": { "type": "Polygon", "coordinates": [ [ [ -57.086675968819073, -29.752789322959003 ], [ -57.086615208095523, -29.754296526519362 ], [ -57.086544017260785, -29.75570446230596 ], [ -57.088147221938456, -29.755739503640338 ], [ -57.091322613476784, -29.755818574366703 ], [ -57.091352374104581, -29.754419689668595 ], [ -57.091352308632914, -29.754347490265609 ], [ -57.091413039452782, -29.752885409326595 ], [ -57.086675968819073, -29.752789322959003 ] ] ] } },
{ "type": "Feature", "properties": { "cd_setor": "432240005000010", "situacao": "Urbana", "populacao_total": 673, "domicilios_total": 242, "area_km2": 0.12518871870115816, "densidade_demografica_hab_km2": 5375.8837615914817, "sem_dado": false }, "geometry": { "type": "Polygon", "coordinates": [ [ [ -57.083257328356353, -29.758612598225323 ], [ -57.083297477756908, -29.757132484884526 ], [ -57.084848995723753, -29.757176623607613 ], [ -57.084920142765142, -29.755687464671819 ], [ -57.081486227692203, -29.755662549327255 ], [ -57.080141609689271, -29.755636295827813 ], [ -57.080091078431899, -29.757125439818608 ], [ -57.080030152185167, -29.758551415258175 ], [ -57.083257328356353, -29.758612598225323 ] ] ] } },
{ "type": "Feature", "properties": { "cd_setor": "432240005000011", "situacao": "Urbana", "populacao_total": 772, "domicilios_total": 277, "area_km2": 0.15108266049213592, "densidade_demografica_hab_km2": 5109.7855801935902, "sem_dado": false }, "geometry": { "type": "Polygon", "coordinates": [ [ [ -57.084920142765142, -29.755687464671819 ], [ -57.084848995723753, -29.757176623607613 ], [ -57.083297477756908, -29.757132484884526 ], [ -57.083257328356353, -29.758612598225323 ], [ -57.086494851603064, -29.758673695702466 ], [ -57.086444343157652, -29.760081616985257 ], [ -57.08800624345858, -29.760116686891894 ], [ -57.088147221938456, -29.755739503640338 ], [ -57.086544017260785, -29.75570446230596 ], [ -57.084920142765142, -29.755687464671819 ] ] ] } },
{ "type": "Feature", "properties": { "cd_setor": "432240005000007", "situacao": "Urbana", "populacao_total": 1018, "domicilios_total": 323, "area_km2": 0.19056707209845228, "densidade_demografica_hab_km2": 5341.9512027454184, "sem_dado": false }, "geometry": { "type": "Polygon", "coordinates": [ [ [ -57.083621336007909, -29.74854956827711 ], [ -57.083367482568242, -29.754235438188189 ], [ -57.086615208095523, -29.754296526519362 ], [ -57.086675968819073, -29.752789322959003 ], [ -57.086807827434889, -29.749774907949387 ], [ -57.086218292695847, -29.749757243508821 ], [ -57.086268992672359, -29.748574943483465 ], [ -57.083621336007909, -29.74854956827711 ] ] ] } },
{ "type": "Feature", "properties": { "cd_setor": "432240005000009", "situacao": "Urbana", "populacao_total": 694, "domicilios_total": 252, "area_km2": 0.098621278454369021, "densidade_demografica_hab_km2": 7037.0209236448518, "sem_dado": false }, "geometry": { "type": "Polygon", "coordinates": [ [ [ -57.083367482568242, -29.754235438188189 ], [ -57.080192175426951, -29.754192276126297 ], [ -57.080141609689271, -29.755636295827813 ], [ -57.081486227692203, -29.755662549327255 ], [ -57.084920142765142, -29.755687464671819 ], [ -57.086544017260785, -29.75570446230596 ], [ -57.086615208095523, -29.754296526519362 ], [ -57.083367482568242, -29.754235438188189 ] ] ] } },
{ "type": "Feature", "properties": { "cd_setor": "432240005000071", "situacao": "Urbana", "populacao_total": 883, "domicilios_total": 231, "area_km2": 0.098217778934511848, "densidade_demografica_hab_km2": 8990.2256961924704, "sem_dado": false }, "geometry": { "type": "Polygon", "coordinates": [ [ [ -57.065597215655117, -29.768351398446722 ], [ -57.064947029062495, -29.770689171817807 ], [ -57.064823196081768, -29.771158527954505 ], [ -57.067451074463328, -29.771662608921684 ], [ -57.067884985728853, -29.770823070241807 ], [ -57.06933203155959, -29.769080511581681 ], [ -57.065597215655117, -29.768351398446722 ] ] ] } },
{ "type": "Feature", "properties": { "cd_setor": "432240005000066", "situacao": "Urbana", "populacao_total": 785, "domicilios_total": 230, "area_km2": 0.16141163638113729, "densidade_demografica_hab_km2": 4863.342058848837, "sem_dado": false }, "geometry": { "type": "Polygon", "coordinates": [ [ [ -57.067389362731923, -29.772195110051893 ], [ -57.06729679693813, -29.772998374067246 ], [ -57.066203159036895, -29.777430154529217 ], [ -57.065666941129912, -29.78009276752903 ], [ -57.068180570487336, -29.779586101124352 ], [ -57.069844155837764, -29.776643115234034 ], [ -57.069802756230075, -29.77661606238215 ], [ -57.067339444135285, -29.774893582824319 ], [ -57.067308342665925, -29.774794324693055 ], [ -57.068745116758222, -29.773060803565389 ], [ -57.067389362731923, -29.772195110051893 ] ] ] } },
{ "type": "Feature", "properties": { "cd_setor": "432240005000062", "situacao": "Urbana", "populacao_total": 1192, "domicilios_total": 309, "area_km2": 0.1054832623575849, "densidade_demografica_hab_km2": 11300.371010133891, "sem_dado": false }, "geometry": { "type": "Polygon", "coordinates": [ [ [ -57.069802756230075, -29.77661606238215 ], [ -57.069844155837764, -29.776643115234034 ], [ -57.068180570487336, -29.779586101124352 ], [ -57.072411293133214, -29.778762586387813 ], [ -57.072099908846319, -29.777336822178562 ], [ -57.07190280052248, -29.776569812786107 ], [ -57.071425589231183, -29.774692891288172 ], [ -57.069802756230075, -29.77661606238215 ] ] ] } },
{ "type": "Feature", "properties": { "cd_setor": "432240005000065", "situacao": "Urbana", "populacao_total": 981, "domicilios_total": 268, "area_km2": 0.47129743765107202, "densidade_demografica_hab_km2": 2081.4880829593844, "sem_dado": false }, "geometry": { "type": "Polygon", "coordinates": [ [ [ -57.068180570487336, -29.779586101124352 ], [ -57.065666941129912, -29.78009276752903 ], [ -57.065232485976232, -29.780183231537659 ], [ -57.063794588676359, -29.780400530574347 ], [ -57.063639421870398, -29.780427680032687 ], [ -57.064332825017111, -29.780815415143046 ], [ -57.064529467366405, -29.780932643004355 ], [ -57.065233246507681, -29.781356467881341 ], [ -57.065947276762735, -29.781626860627235 ], [ -57.066951117901425, -29.782086625906658 ], [ -57.069641779472406, -29.783186273434215 ], [ -57.07156674222675, -29.78406968517622 ], [ -57.073905720394215, -29.785142360699577 ], [ -57.075778877510601, -29.78582719214711 ], [ -57.076875803903057, -29.786133405196249 ], [ -57.076481283790976, -29.784337680748347 ], [ -57.075053576547042, -29.784392648167042 ], [ -57.074515477440499, -29.784248554221687 ], [ -57.074597790360755, -29.783634815115114 ], [ -57.074628741119263, -29.783517474040924 ], [ -57.07486534076105, -29.781694311634034 ], [ -57.074957659034496, -29.780629321567975 ], [ -57.07521449174434, -29.778210502887603 ], [ -57.072411293133214, -29.778762586387813 ], [ -57.068180570487336, -29.779586101124352 ] ] ] } },
{ "type": "Feature", "properties": { "cd_setor": "432240005000054", "situacao": "Urbana", "populacao_total": 1609, "domicilios_total": 385, "area_km2": 0.128532210295663, "densidade_demografica_hab_km2": 12518.262903118313, "sem_dado": false }, "geometry": { "type": "Polygon", "coordinates": [ [ [ -57.076481283790976, -29.784337680748347 ], [ -57.077076720053093, -29.778290654751995 ], [ -57.07711776270127, -29.777848410708277 ], [ -57.07521449174434, -29.778210502887603 ], [ -57.074957659034496, -29.780629321567975 ], [ -57.07486534076105, -29.781694311634034 ], [ -57.074628741119263, -29.783517474040924 ], [ -57.074597790360755, -29.783634815115114 ], [ -57.074515477440499, -29.784248554221687 ], [ -57.075053576547042, -29.784392648167042 ], [ -57.076481283790976, -29.784337680748347 ] ] ] } },
{ "type": "Feature", "properties": { "cd_setor": "432240005000046", "situacao": "Urbana", "populacao_total": 2084, "domicilios_total": 519, "area_km2": 1.2259237319029381, "densidade_demografica_hab_km2": 1699.9426194035043, "sem_dado": false }, "geometry": { "type": "Polygon", "coordinates": [ [ [ -57.067491016736469, -29.784947242812862 ], [ -57.066653278670984, -29.785389887441202 ], [ -57.066705428052401, -29.786021603510235 ], [ -57.065412461583648, -29.786491543759809 ], [ -57.064502208200331, -29.786825911858465 ], [ -57.064109142496484, -29.786970501254299 ], [ -57.06399528185316, -29.786889332405252 ], [ -57.064100279806965, -29.789298926621793 ], [ -57.06416326838314, -29.790724827946516 ], [ -57.064184249624475, -29.791176061963323 ], [ -57.063305455750644, -29.792250446747385 ], [ -57.064847858300453, -29.793377809382534 ], [ -57.063607168474654, -29.794867517279496 ], [ -57.06294466709727, -29.794407565538531 ], [ -57.058239828198843, -29.799698299322497 ], [ -57.058612488412734, -29.799950831037194 ], [ -57.059368044885758, -29.800257339509393 ], [ -57.060278729031644, -29.800410350183324 ], [ -57.061603272956511, -29.80048193851324 ], [ -57.062172371993071, -29.800445572586273 ], [ -57.063031103077002, -29.800246618737937 ], [ -57.063320836901212, -29.800246480266864 ], [ -57.064448792898297, -29.800345208723101 ], [ -57.064924883696506, -29.800498398552204 ], [ -57.065525030452875, -29.800471027810289 ], [ -57.066124933544963, -29.800073634750344 ], [ -57.066580115203799, -29.799901933712842 ], [ -57.067594161831437, -29.799874344460097 ], [ -57.068359871757835, -29.799855900957706 ], [ -57.06937370570796, -29.799521452530229 ], [ -57.070697654118348, -29.7987536369507 ], [ -57.071628593149413, -29.798283842403197 ], [ -57.0720839060671, -29.798319694401755 ], [ -57.073046322529102, -29.798463564067998 ], [ -57.07375010142195, -29.798670745376015 ], [ -57.067491016736469, -29.784947242812862 ] ] ] } },
{ "type": "Feature", "properties": { "cd_setor": "432240005000058", "situacao": "Urbana", "populacao_total": 1377, "domicilios_total": 359, "area_km2": 0.14164168112394585, "densidade_demografica_hab_km2": 9721.7146045805111, "sem_dado": false }, "geometry": { "type": "Polygon", "coordinates": [ [ [ -57.073356534320112, -29.769791308955341 ], [ -57.073305672664013, -29.770973600527093 ], [ -57.073183721984712, -29.773978962556694 ], [ -57.076338960651263, -29.774022303539525 ], [ -57.076389644318105, -29.772650488428312 ], [ -57.076490932212856, -29.769807583315579 ], [ -57.073356534320112, -29.769791308955341 ] ] ] } },
{ "type": "Feature", "properties": { "cd_setor": "432240005000064", "situacao": "Urbana", "populacao_total": 1025, "domicilios_total": 273, "area_km2": 0.10684325937397925, "densidade_demografica_hab_km2": 9593.492429992546, "sem_dado": false }, "geometry": { "type": "Polygon", "coordinates": [ [ [ -57.073183721984712, -29.773978962556694 ], [ -57.073183748230711, -29.774015062167468 ], [ -57.072987299133885, -29.774159569223777 ], [ -57.071859776698069, -29.774268485519286 ], [ -57.071787368392499, -29.774277549747161 ], [ -57.071425589231183, -29.774692891288172 ], [ -57.07190280052248, -29.776569812786107 ], [ -57.076598827153262, -29.775655661061979 ], [ -57.076380833469962, -29.774672072560779 ], [ -57.076338988028859, -29.774058403147457 ], [ -57.076338960651263, -29.774022303539525 ], [ -57.073183721984712, -29.773978962556694 ] ] ] } },
{ "type": "Feature", "properties": { "cd_setor": "432240005000057", "situacao": "Urbana", "populacao_total": 1324, "domicilios_total": 340, "area_km2": 0.12779121219772963, "densidade_demografica_hab_km2": 10360.649822707626, "sem_dado": false }, "geometry": { "type": "Polygon", "coordinates": [ [ [ -57.076389644318105, -29.772650488428312 ], [ -57.076338960651263, -29.774022303539525 ], [ -57.076338988028859, -29.774058403147457 ], [ -57.076380833469962, -29.774672072560779 ], [ -57.076598827153262, -29.775655661061979 ], [ -57.07711776270127, -29.777848410708277 ], [ -57.078596926351111, -29.77756776797332 ], [ -57.078098657206631, -29.775384036776924 ], [ -57.079691520250442, -29.775031115319528 ], [ -57.079494387168182, -29.774300216672817 ], [ -57.07952526519896, -29.774101650191785 ], [ -57.079565553541251, -29.772720815275587 ], [ -57.076389644318105, -29.772650488428312 ] ] ] } },
{ "type": "Feature", "properties": { "cd_setor": "432240005000063", "situacao": "Urbana", "populacao_total": 1027, "domicilios_total": 279, "area_km2": 0.11502474086266253, "densidade_demografica_hab_km2": 8928.5139205505329, "sem_dado": false }, "geometry": { "type": "Polygon", "coordinates": [ [ [ -57.07190280052248, -29.776569812786107 ], [ -57.072099908846319, -29.777336822178562 ], [ -57.072411293133214, -29.778762586387813 ], [ -57.07521449174434, -29.778210502887603 ], [ -57.07711776270127, -29.777848410708277 ], [ -57.076598827153262, -29.775655661061979 ], [ -57.07190280052248, -29.776569812786107 ] ] ] } },
{ "type": "Feature", "properties": { "cd_setor": "432240005000027", "situacao": "Urbana", "populacao_total": 1116, "domicilios_total": 311, "area_km2": 0.16912911933732244, "densidade_demografica_hab_km2": 6598.5089047509009, "sem_dado": false }, "geometry": { "type": "Polygon", "coordinates": [ [ [ -57.076623260944984, -29.766982708762228 ], [ -57.076572624317421, -29.7684086745878 ], [ -57.078031172034393, -29.768398797287588 ], [ -57.078032270213882, -29.769815707900889 ], [ -57.076490932212856, -29.769807583315579 ], [ -57.076389644318105, -29.772650488428312 ], [ -57.079565553541251, -29.772720815275587 ], [ -57.07959544621481, -29.771276811950912 ], [ -57.079635696864088, -29.769850851891594 ], [ -57.079666094800807, -29.769047616432385 ], [ -57.07970696521506, -29.768406822999676 ], [ -57.079706929491401, -29.768361698454726 ], [ -57.07974723468007, -29.767007937024307 ], [ -57.076623260944984, -29.766982708762228 ] ] ] } },
{ "type": "Feature", "properties": { "cd_setor": "432240005000061", "situacao": "Urbana", "populacao_total": 960, "domicilios_total": 259, "area_km2": 0.10218376987924595, "densidade_demografica_hab_km2": 9394.8383499108004, "sem_dado": false }, "geometry": { "type": "Polygon", "coordinates": [ [ [ -57.069220588411135, -29.772491986347699 ], [ -57.068745116758222, -29.773060803565389 ], [ -57.067308342665925, -29.774794324693055 ], [ -57.067339444135285, -29.774893582824319 ], [ -57.069802756230075, -29.77661606238215 ], [ -57.071425589231183, -29.774692891288172 ], [ -57.071787368392499, -29.774277549747161 ], [ -57.071859776698069, -29.774268485519286 ], [ -57.070535001641964, -29.773384757805882 ], [ -57.069220588411135, -29.772491986347699 ] ] ] } },
{ "type": "Feature", "properties": { "cd_setor": "432240005000059", "situacao": "Urbana", "populacao_total": 906, "domicilios_total": 221, "area_km2": 0.054388377537850689, "densidade_demografica_hab_km2": 16657.970710184989, "sem_dado": false }, "geometry": { "type": "Polygon", "coordinates": [ [ [ -57.070535001641964, -29.773384757805882 ], [ -57.071859776698069, -29.774268485519286 ], [ -57.072987299133885, -29.774159569223777 ], [ -57.073183748230711, -29.774015062167468 ], [ -57.073183721984712, -29.773978962556694 ], [ -57.073305672664013, -29.770973600527093 ], [ -57.071041492766284, -29.772806892625052 ], [ -57.070535001641964, -29.773384757805882 ] ] ] } },
{ "type": "Feature", "properties": { "cd_setor": "432240005000060", "situacao": "Urbana", "populacao_total": 954, "domicilios_total": 254, "area_km2": 0.086339805635298278, "densidade_demografica_hab_km2": 11049.364693148862, "sem_dado": false }, "geometry": { "type": "Polygon", "coordinates": [ [ [ -57.072352527337394, -29.768970594906175 ], [ -57.069220588411135, -29.772491986347699 ], [ -57.070535001641964, -29.773384757805882 ], [ -57.071041492766284, -29.772806892625052 ], [ -57.073305672664013, -29.770973600527093 ], [ -57.073356534320112, -29.769791308955341 ], [ -57.072352527337394, -29.768970594906175 ] ] ] } },
{ "type": "Feature", "properties": { "cd_setor": "432240005000067", "situacao": "Urbana", "populacao_total": 842, "domicilios_total": 231, "area_km2": 0.12814471157648177, "densidade_demografica_hab_km2": 6570.6964387481685, "sem_dado": false }, "geometry": { "type": "Polygon", "coordinates": [ [ [ -57.070303021630728, -29.767094517829513 ], [ -57.07031342888105, -29.767184761457688 ], [ -57.070282912753875, -29.767924820739818 ], [ -57.06933203155959, -29.769080511581681 ], [ -57.067884985728853, -29.770823070241807 ], [ -57.067451074463328, -29.771662608921684 ], [ -57.067389362731923, -29.772195110051893 ], [ -57.068745116758222, -29.773060803565389 ], [ -57.069220588411135, -29.772491986347699 ], [ -57.072352527337394, -29.768970594906175 ], [ -57.071731502139329, -29.768465537980518 ], [ -57.07031342888105, -29.767184761457688 ], [ -57.070303021630728, -29.767094517829513 ] ] ] } },
{ "type": "Feature", "properties": { "cd_setor": "432240005000048", "situacao": "Urbana", "populacao_total": 1173, "domicilios_total": 271, "area_km2": 0.091554293587656585, "densidade_demografica_hab_km2": 12812.069800712707, "sem_dado": false }, "geometry": { "type": "Polygon", "coordinates": [ [ [ -57.063639421870398, -29.780427680032687 ], [ -57.062967042700471, -29.780563375373024 ], [ -57.062306432270177, -29.783000410388016 ], [ -57.062079424634916, -29.783975205750455 ], [ -57.064418126456033, -29.78477730258459 ], [ -57.064439286731997, -29.78550830852069 ], [ -57.064242906375725, -29.785815250380118 ], [ -57.06459480300849, -29.786013626540619 ], [ -57.064502208200331, -29.786825911858465 ], [ -57.065412461583648, -29.786491543759809 ], [ -57.06453125573605, -29.783721334925314 ], [ -57.06394098106081, -29.782846206901613 ], [ -57.064529467366405, -29.780932643004355 ], [ -57.064332825017111, -29.780815415143046 ], [ -57.063639421870398, -29.780427680032687 ] ] ] } },
{ "type": "Feature", "properties": { "cd_setor": "432240005000043", "situacao": "Urbana", "populacao_total": 335, "domicilios_total": 98, "area_km2": 4.5539672337057375, "densidade_demografica_hab_km2": 73.562233281023779, "sem_dado": false }, "geometry": { "type": "Polygon", "coordinates": [ [ [ -57.028060389599489, -29.778616985569183 ], [ -57.028060422311555, -29.778734309302983 ], [ -57.02805033597398, -29.77966387639184 ], [ -57.027885172689174, -29.780981546851429 ], [ -57.027678539991207, -29.782001403882951 ], [ -57.027802950998478, -29.782948992068626 ], [ -57.028475820268369, -29.784320633126018 ], [ -57.029075997997296, -29.784699548111092 ], [ -57.029583057554298, -29.785051406530947 ], [ -57.030028027808946, -29.785349127737238 ], [ -57.030400523181093, -29.785466366241497 ], [ -57.036353482344083, -29.796366925908707 ], [ -57.036518897291963, -29.795978810528016 ], [ -57.036798063700935, -29.795410165709828 ], [ -57.037077363367075, -29.795211540312483 ], [ -57.037501528090402, -29.795030923066211 ], [ -57.037604962011514, -29.794931620000451 ], [ -57.03828776369118, -29.794651652714943 ], [ -57.039053449993467, -29.794660453625525 ], [ -57.039932950572741, -29.794660190891168 ], [ -57.041195141002063, -29.794289783495028 ], [ -57.043202382857672, -29.794099620290957 ], [ -57.0444233058099, -29.794045066387355 ], [ -57.045168362880617, -29.794207261794877 ], [ -57.046089098617266, -29.79388204829144 ], [ -57.046233914916961, -29.793791748912 ], [ -57.046903518341772, -29.787465068101724 ], [ -57.049094913318442, -29.783312821888838 ], [ -57.05394663083959, -29.782363317491566 ], [ -57.058881000992116, -29.78137749865995 ], [ -57.061642959126083, -29.780816696362574 ], [ -57.062967042700471, -29.780563375373024 ], [ -57.063639421870398, -29.780427680032687 ], [ -57.063794588676359, -29.780400530574347 ], [ -57.062904557210921, -29.779904587500077 ], [ -57.061797024224724, -29.778993594792688 ], [ -57.060999773551124, -29.777920001673984 ], [ -57.060129966925103, -29.776584714355796 ], [ -57.060078187036531, -29.776494488847309 ], [ -57.059871063043239, -29.77612456169479 ], [ -57.059518836746086, -29.775294429395405 ], [ -57.059000900766279, -29.774130448508643 ], [ -57.058493615294601, -29.773471855557169 ], [ -57.057655121424659, -29.772497533546513 ], [ -57.057458493258281, -29.772362245464542 ], [ -57.056330756741566, -29.772082958355323 ], [ -57.055979105783614, -29.772209456400507 ], [ -57.052493342159416, -29.773014102771459 ], [ -57.047135290517744, -29.774243508429205 ], [ -57.041859872204377, -29.775481695667196 ], [ -57.038673846958886, -29.776168558594328 ], [ -57.036667062613894, -29.776656475114681 ], [ -57.035032656906068, -29.777054013991812 ], [ -57.032653414967093, -29.777569042415596 ], [ -57.030615529112048, -29.77802980000061 ], [ -57.029456928431159, -29.778300810255917 ], [ -57.028060389599489, -29.778616985569183 ] ] ] } },
{ "type": "Feature", "properties": { "cd_setor": "432240005000045", "situacao": "Urbana", "populacao_total": 1109, "domicilios_total": 273, "area_km2": 1.1570623879962374, "densidade_demografica_hab_km2": 958.46171434241307, "sem_dado": false }, "geometry": { "type": "Polygon", "coordinates": [ [ [ -57.057424827842958, -29.785881561426535 ], [ -57.049669618720273, -29.794819339146503 ], [ -57.049969728895341, -29.794909474849995 ], [ -57.050808002733966, -29.795225026123617 ], [ -57.051139243721465, -29.79548661989762 ], [ -57.052060410932114, -29.796009703302836 ], [ -57.05392332836783, -29.796794120890791 ], [ -57.054409997349325, -29.797434687706762 ], [ -57.055041373330752, -29.797777371608497 ], [ -57.055310469843832, -29.797894582671393 ], [ -57.056128186133968, -29.798381581250283 ], [ -57.056821725089051, -29.79884155354172 ], [ -57.057639435697901, -29.799292443199064 ], [ -57.058239828198843, -29.799698299322497 ], [ -57.06294466709727, -29.794407565538531 ], [ -57.063607168474654, -29.794867517279496 ], [ -57.064847858300453, -29.793377809382534 ], [ -57.063305455750644, -29.792250446747385 ], [ -57.064184249624475, -29.791176061963323 ], [ -57.06416326838314, -29.790724827946516 ], [ -57.059557044956541, -29.787414849583858 ], [ -57.057424827842958, -29.785881561426535 ] ] ] } },
{ "type": "Feature", "properties": { "cd_setor": "432240005000049", "situacao": "Urbana", "populacao_total": 1048, "domicilios_total": 257, "area_km2": 0.071060839752313421, "densidade_demografica_hab_km2": 14747.925913243684, "sem_dado": false }, "geometry": { "type": "Polygon", "coordinates": [ [ [ -57.062079424634916, -29.783975205750455 ], [ -57.062027839471988, -29.784209877191383 ], [ -57.05957535418014, -29.783389739503914 ], [ -57.059420272220827, -29.783570307175093 ], [ -57.061573179367571, -29.785130628753166 ], [ -57.06399528185316, -29.786889332405252 ], [ -57.064109142496484, -29.786970501254299 ], [ -57.064502208200331, -29.786825911858465 ], [ -57.06459480300849, -29.786013626540619 ], [ -57.064242906375725, -29.785815250380118 ], [ -57.064439286731997, -29.78550830852069 ], [ -57.064418126456033, -29.78477730258459 ], [ -57.062079424634916, -29.783975205750455 ] ] ] } },
{ "type": "Feature", "properties": { "cd_setor": "432240005000051", "situacao": "Urbana", "populacao_total": 1189, "domicilios_total": 270, "area_km2": 0.074310832366703189, "densidade_demografica_hab_km2": 16000.359061147603, "sem_dado": false }, "geometry": { "type": "Polygon", "coordinates": [ [ [ -57.060549612448504, -29.78628628753388 ], [ -57.059557044956541, -29.787414849583858 ], [ -57.06416326838314, -29.790724827946516 ], [ -57.064100279806965, -29.789298926621793 ], [ -57.062423439520764, -29.788162593148641 ], [ -57.062837041595294, -29.787756277263586 ], [ -57.060549612448504, -29.78628628753388 ] ] ] } },
{ "type": "Feature", "properties": { "cd_setor": "432240005000052", "situacao": "Urbana", "populacao_total": 1406, "domicilios_total": 314, "area_km2": 0.065961351214760655, "densidade_demografica_hab_km2": 21315.512403957076, "sem_dado": false }, "geometry": { "type": "Polygon", "coordinates": [ [ [ -57.061573179367571, -29.785130628753166 ], [ -57.060549612448504, -29.78628628753388 ], [ -57.062837041595294, -29.787756277263586 ], [ -57.062423439520764, -29.788162593148641 ], [ -57.064100279806965, -29.789298926621793 ], [ -57.06399528185316, -29.786889332405252 ], [ -57.061573179367571, -29.785130628753166 ] ] ] } },
{ "type": "Feature", "properties": { "cd_setor": "432240005000044", "situacao": "Urbana", "populacao_total": 237, "domicilios_total": 67, "area_km2": 1.13133044820662, "densidade_demografica_hab_km2": 209.48786481941801, "sem_dado": false }, "geometry": { "type": "Polygon", "coordinates": [ [ [ -57.062967042700471, -29.780563375373024 ], [ -57.061642959126083, -29.780816696362574 ], [ -57.058881000992116, -29.78137749865995 ], [ -57.05394663083959, -29.782363317491566 ], [ -57.049094913318442, -29.783312821888838 ], [ -57.046903518341772, -29.787465068101724 ], [ -57.046233914916961, -29.793791748912 ], [ -57.046089098617266, -29.79388204829144 ], [ -57.045168362880617, -29.794207261794877 ], [ -57.045240800127466, -29.794225286788429 ], [ -57.046378959843686, -29.794197817763759 ], [ -57.047330927881461, -29.794287729182106 ], [ -57.048520922962389, -29.794467795402639 ], [ -57.049452298965392, -29.79475624645713 ], [ -57.049669618720273, -29.794819339146503 ], [ -57.057424827842958, -29.785881561426535 ], [ -57.059058413917903, -29.783994639314859 ], [ -57.059420272220827, -29.783570307175093 ], [ -57.05957535418014, -29.783389739503914 ], [ -57.062027839471988, -29.784209877191383 ], [ -57.062079424634916, -29.783975205750455 ], [ -57.062306432270177, -29.783000410388016 ], [ -57.062967042700471, -29.780563375373024 ] ] ] } },
{ "type": "Feature", "properties": { "cd_setor": "432240005000050", "situacao": "Urbana", "populacao_total": 1362, "domicilios_total": 326, "area_km2": 0.085853306382752362, "densidade_demografica_hab_km2": 15864.269617385653, "sem_dado": false }, "geometry": { "type": "Polygon", "coordinates": [ [ [ -57.059420272220827, -29.783570307175093 ], [ -57.059058413917903, -29.783994639314859 ], [ -57.057424827842958, -29.785881561426535 ], [ -57.059557044956541, -29.787414849583858 ], [ -57.060549612448504, -29.78628628753388 ], [ -57.061573179367571, -29.785130628753166 ], [ -57.059420272220827, -29.783570307175093 ] ] ] } },
{ "type": "Feature", "properties": { "cd_setor": "432240005000070", "situacao": "Urbana", "populacao_total": 1020, "domicilios_total": 257, "area_km2": 0.52419931938326858, "densidade_demografica_hab_km2": 1945.8247317071134, "sem_dado": false }, "geometry": { "type": "Polygon", "coordinates": [ [ [ -57.064947029062495, -29.770689171817807 ], [ -57.062091569576168, -29.770121973629028 ], [ -57.061543104874431, -29.769788308180274 ], [ -57.061491724114035, -29.770347876670392 ], [ -57.061451023452676, -29.771457959720159 ], [ -57.061410255849594, -29.772459743689179 ], [ -57.061814683173623, -29.77405696408211 ], [ -57.062291008538807, -29.774796782955988 ], [ -57.060078187036531, -29.776494488847309 ], [ -57.060129966925103, -29.776584714355796 ], [ -57.060999773551124, -29.777920001673984 ], [ -57.061797024224724, -29.778993594792688 ], [ -57.062904557210921, -29.779904587500077 ], [ -57.063794588676359, -29.780400530574347 ], [ -57.065232485976232, -29.780183231537659 ], [ -57.065666941129912, -29.78009276752903 ], [ -57.066203159036895, -29.777430154529217 ], [ -57.06729679693813, -29.772998374067246 ], [ -57.067389362731923, -29.772195110051893 ], [ -57.067451074463328, -29.771662608921684 ], [ -57.064823196081768, -29.771158527954505 ], [ -57.064947029062495, -29.770689171817807 ] ] ] } },
{ "type": "Feature", "properties": { "cd_setor": "432240005000047", "situacao": "Urbana", "populacao_total": 977, "domicilios_total": 240, "area_km2": 0.11246674642061102, "densidade_demografica_hab_km2": 8687.0122155587833, "sem_dado": false }, "geometry": { "type": "Polygon", "coordinates": [ [ [ -57.064529467366405, -29.780932643004355 ], [ -57.06394098106081, -29.782846206901613 ], [ -57.06453125573605, -29.783721334925314 ], [ -57.065412461583648, -29.786491543759809 ], [ -57.066705428052401, -29.786021603510235 ], [ -57.066653278670984, -29.785389887441202 ], [ -57.067491016736469, -29.784947242812862 ], [ -57.067418491499865, -29.784793856646044 ], [ -57.065947276762735, -29.781626860627235 ], [ -57.065233246507681, -29.781356467881341 ], [ -57.064529467366405, -29.780932643004355 ] ] ] } },
{ "type": "Feature", "properties": { "cd_setor": "432240005000072", "situacao": "Urbana", "populacao_total": 750, "domicilios_total": 202, "area_km2": 0.1519336578887685, "densidade_demografica_hab_km2": 4936.3650584196375, "sem_dado": false }, "geometry": { "type": "Polygon", "coordinates": [ [ [ -57.058668568366294, -29.771910468731321 ], [ -57.058615552086458, -29.769690363875316 ], [ -57.058212617728294, -29.77055693346945 ], [ -57.058212628165286, -29.770574983289649 ], [ -57.058171213316299, -29.770511827123293 ], [ -57.058212617728294, -29.77055693346945 ], [ -57.057995542623559, -29.770836801107595 ], [ -57.057685416247061, -29.771206958110124 ], [ -57.057375267016511, -29.771541014732303 ], [ -57.056889214683913, -29.771802947101939 ], [ -57.056382470340424, -29.772064886499638 ], [ -57.056330756741566, -29.772082958355323 ], [ -57.057458493258281, -29.772362245464542 ], [ -57.057655121424659, -29.772497533546513 ], [ -57.058493615294601, -29.773471855557169 ], [ -57.059000900766279, -29.774130448508643 ], [ -57.059518836746086, -29.775294429395405 ], [ -57.059871063043239, -29.77612456169479 ], [ -57.060078187036531, -29.776494488847309 ], [ -57.062291008538807, -29.774796782955988 ], [ -57.061814683173623, -29.77405696408211 ], [ -57.061410255849594, -29.772459743689179 ], [ -57.061451023452676, -29.771457959720159 ], [ -57.061285492145963, -29.771430961790124 ], [ -57.061234070704529, -29.771927355690327 ], [ -57.058668568366294, -29.771910468731321 ] ] ] } },
{ "type": "Feature", "properties": { "cd_setor": "432240005000042", "situacao": "Urbana", "populacao_total": 574, "domicilios_total": 168, "area_km2": 1.9372551383348091, "densidade_demografica_hab_km2": 296.29551040622795, "sem_dado": false }, "geometry": { "type": "Polygon", "coordinates": [ [ [ -57.033063984234801, -29.767695687573948 ], [ -57.032743369814156, -29.76787626568332 ], [ -57.031647164840635, -29.768806098957359 ], [ -57.031399039768672, -29.769257403899097 ], [ -57.03087164691749, -29.769826097718497 ], [ -57.030406315539679, -29.770394775136651 ], [ -57.029920217225218, -29.770719782898858 ], [ -57.029216849548533, -29.770945562982391 ], [ -57.028741040439279, -29.771099090760075 ], [ -57.028244583602536, -29.77140604475786 ], [ -57.027789542428536, -29.771857386785118 ], [ -57.027748272996028, -29.772254491586207 ], [ -57.027562462631622, -29.773698516188922 ], [ -57.027686715756339, -29.774113636081353 ], [ -57.027842172152958, -29.775133418128146 ], [ -57.02793557575486, -29.776207362394469 ], [ -57.028091163871501, -29.777678389034993 ], [ -57.028060389599489, -29.778616985569183 ], [ -57.029456928431159, -29.778300810255917 ], [ -57.030615529112048, -29.77802980000061 ], [ -57.032653414967093, -29.777569042415596 ], [ -57.035032656906068, -29.777054013991812 ], [ -57.036667062613894, -29.776656475114681 ], [ -57.038673846958886, -29.776168558594328 ], [ -57.041859872204377, -29.775481695667196 ], [ -57.047135290517744, -29.774243508429205 ], [ -57.052493342159416, -29.773014102771459 ], [ -57.055979105783614, -29.772209456400507 ], [ -57.056330756741566, -29.772082958355323 ], [ -57.056382470340424, -29.772064886499638 ], [ -57.056889214683913, -29.771802947101939 ], [ -57.057375267016511, -29.771541014732303 ], [ -57.057685416247061, -29.771206958110124 ], [ -57.057995542623559, -29.770836801107595 ], [ -57.058212617728294, -29.77055693346945 ], [ -57.058171213316299, -29.770511827123293 ], [ -57.058212628165286, -29.770574983289649 ], [ -57.058615552086458, -29.769690363875316 ], [ -57.058646249115974, -29.769112755775602 ], [ -57.058645965238242, -29.768625410508882 ], [ -57.057539074663246, -29.768553697317927 ], [ -57.056483973327659, -29.768599276655912 ], [ -57.055728913239648, -29.768743995572827 ], [ -57.055180813443172, -29.769023997724148 ], [ -57.054694772431105, -29.769294947033643 ], [ -57.054456918296509, -29.769421393974163 ], [ -57.054105288817155, -29.769574961815952 ], [ -57.054053576086297, -29.769593032787032 ], [ -57.053536404562919, -29.769692517176857 ], [ -57.052957174467721, -29.769810074232645 ], [ -57.052408971880467, -29.769918591546869 ], [ -57.051871080089882, -29.769963928149465 ], [ -57.051291745322224, -29.769882929849224 ], [ -57.050826228410585, -29.76985603480686 ], [ -57.050246881584698, -29.76974795719002 ], [ -57.049812363348558, -29.769648847484856 ], [ -57.049108858603965, -29.769486662089989 ], [ -57.048612288887739, -29.769414646204467 ], [ -57.048177782329162, -29.769333580947613 ], [ -57.047722596119598, -29.769270571554493 ], [ -57.047308796749917, -29.769225595627915 ], [ -57.046936367113254, -29.769162553902458 ], [ -57.046522568535316, -29.769117575514652 ], [ -57.045984645361266, -29.769090688872733 ], [ -57.045467415413562, -29.769072817846755 ], [ -57.044857089776414, -29.769064001317481 ], [ -57.044484694164055, -29.76907315199821 ], [ -57.04408126517675, -29.76908231197638 ], [ -57.037843587347368, -29.769129368258135 ], [ -57.034326126571109, -29.768101487355985 ], [ -57.033405378878889, -29.767794875893873 ], [ -57.033063984234801, -29.767695687573948 ] ] ] } },
{ "type": "Feature", "properties": { "cd_setor": "432240005000073", "situacao": "Urbana", "populacao_total": 1013, "domicilios_total": 252, "area_km2": 0.096977281720574932, "densidade_demografica_hab_km2": 10445.745457361892, "sem_dado": false }, "geometry": { "type": "Polygon", "coordinates": [ [ [ -57.058668568366294, -29.771910468731321 ], [ -57.061234070704529, -29.771927355690327 ], [ -57.061285492145963, -29.771430961790124 ], [ -57.061451023452676, -29.771457959720159 ], [ -57.061491724114035, -29.770347876670392 ], [ -57.061543104874431, -29.769788308180274 ], [ -57.061625286399696, -29.768849678880699 ], [ -57.061573564357396, -29.76884970296766 ], [ -57.058925274222752, -29.768643336206839 ], [ -57.058645965238242, -29.768625410508882 ], [ -57.058646249115974, -29.769112755775602 ], [ -57.058615552086458, -29.769690363875316 ], [ -57.058668568366294, -29.771910468731321 ] ] ] } },
{ "type": "Feature", "properties": { "cd_setor": "432240005000033", "situacao": "Urbana", "populacao_total": 901, "domicilios_total": 231, "area_km2": 0.12038672920036068, "densidade_demografica_hab_km2": 7484.2136337175325, "sem_dado": false }, "geometry": { "type": "Polygon", "coordinates": [ [ [ -57.07353858264824, -29.764105510837116 ], [ -57.071955950181078, -29.764088331328132 ], [ -57.071905248815064, -29.765514296102438 ], [ -57.070291562255051, -29.765497113585724 ], [ -57.070261506175605, -29.766895991731591 ], [ -57.075019894388063, -29.766965577980216 ], [ -57.075121208880105, -29.764113646495108 ], [ -57.07353858264824, -29.764105510837116 ] ] ] } },
{ "type": "Feature", "properties": { "cd_setor": "432240005000030", "situacao": "Urbana", "populacao_total": 930, "domicilios_total": 276, "area_km2": 0.21048952681579886, "densidade_demografica_hab_km2": 4418.2720825528331, "sem_dado": false }, "geometry": { "type": "Polygon", "coordinates": [ [ [ -57.072148463045458, -29.758474723864229 ], [ -57.072108065314204, -29.759837509822354 ], [ -57.073742335195249, -29.759836608975029 ], [ -57.073670987082494, -29.761280636667323 ], [ -57.077549916991131, -29.761368668946691 ], [ -57.079928946129677, -29.761358228049264 ], [ -57.080030188039458, -29.758596539869821 ], [ -57.072148463045458, -29.758474723864229 ] ] ] } },
{ "type": "Feature", "properties": { "cd_setor": "432240005000081", "situacao": "Urbana", "populacao_total": 1017, "domicilios_total": 276, "area_km2": 0.096673782494879082, "densidade_demografica_hab_km2": 10519.915263001854, "sem_dado": false }, "geometry": { "type": "Polygon", "coordinates": [ [ [ -57.079787503073419, -29.765609050742402 ], [ -57.07974723468007, -29.767007937024307 ], [ -57.079706929491401, -29.768361698454726 ], [ -57.07970696521506, -29.768406822999676 ], [ -57.082903423980753, -29.768468032612528 ], [ -57.082943656489796, -29.767078170671457 ], [ -57.082953524852876, -29.766500569916616 ], [ -57.08300452401771, -29.765625121064033 ], [ -57.079787503073419, -29.765609050742402 ] ] ] } },
{ "type": "Feature", "properties": { "cd_setor": "432240005000080", "situacao": "Urbana", "populacao_total": 801, "domicilios_total": 233, "area_km2": 0.096045283987162708, "densidade_demografica_hab_km2": 8339.8160403904967, "sem_dado": false }, "geometry": { "type": "Polygon", "coordinates": [ [ [ -57.079878394746586, -29.762829320846794 ], [ -57.07979780423247, -29.765554895026046 ], [ -57.079787503073419, -29.765609050742402 ], [ -57.08300452401771, -29.765625121064033 ], [ -57.083024743364405, -29.765056538599485 ], [ -57.083136709493765, -29.762854388054013 ], [ -57.079878394746586, -29.762829320846794 ] ] ] } },
{ "type": "Feature", "properties": { "cd_setor": "432240005000001", "situacao": "Urbana", "populacao_total": 775, "domicilios_total": 259, "area_km2": 0.14805166717048124, "densidade_demografica_hab_km2": 5234.6590539070985, "sem_dado": false }, "geometry": { "type": "Polygon", "coordinates": [ [ [ -57.080030152185167, -29.758551415258175 ], [ -57.080030188039458, -29.758596539869821 ], [ -57.079928946129677, -29.761358228049264 ], [ -57.079878394746586, -29.762829320846794 ], [ -57.083136709493765, -29.762854388054013 ], [ -57.083257328356353, -29.758612598225323 ], [ -57.080030152185167, -29.758551415258175 ] ] ] } },
{ "type": "Feature", "properties": { "cd_setor": "432240005000028", "situacao": "Urbana", "populacao_total": 1028, "domicilios_total": 298, "area_km2": 0.11862873314546393, "densidade_demografica_hab_km2": 8665.6914622821987, "sem_dado": false }, "geometry": { "type": "Polygon", "coordinates": [ [ [ -57.075121208880105, -29.764113646495108 ], [ -57.075019894388063, -29.766965577980216 ], [ -57.075609521243429, -29.766974267181375 ], [ -57.076623260944984, -29.766982708762228 ], [ -57.07974723468007, -29.767007937024307 ], [ -57.079787503073419, -29.765609050742402 ], [ -57.07979780423247, -29.765554895026046 ], [ -57.078153118728117, -29.765582951696867 ], [ -57.078193443785842, -29.76422919013406 ], [ -57.076683154357596, -29.764130800127912 ], [ -57.075121208880105, -29.764113646495108 ] ] ] } },
{ "type": "Feature", "properties": { "cd_setor": "432240005000026", "situacao": "Urbana", "populacao_total": 1187, "domicilios_total": 312, "area_km2": 0.17235961213995471, "densidade_demografica_hab_km2": 6886.7641628026231, "sem_dado": false }, "geometry": { "type": "Polygon", "coordinates": [ [ [ -57.070261506175605, -29.766895991731591 ], [ -57.070271869277398, -29.766923060975568 ], [ -57.070303021630728, -29.767094517829513 ], [ -57.07031342888105, -29.767184761457688 ], [ -57.071731502139329, -29.768465537980518 ], [ -57.072352527337394, -29.768970594906175 ], [ -57.073356534320112, -29.769791308955341 ], [ -57.076490932212856, -29.769807583315579 ], [ -57.078032270213882, -29.769815707900889 ], [ -57.078031172034393, -29.768398797287588 ], [ -57.076572624317421, -29.7684086745878 ], [ -57.076623260944984, -29.766982708762228 ], [ -57.075609521243429, -29.766974267181375 ], [ -57.075019894388063, -29.766965577980216 ], [ -57.070261506175605, -29.766895991731591 ] ] ] } },
{ "type": "Feature", "properties": { "cd_setor": "432240005000029", "situacao": "Urbana", "populacao_total": 1152, "domicilios_total": 307, "area_km2": 0.21340752010080258, "densidade_demografica_hab_km2": 5398.1228002455364, "sem_dado": false }, "geometry": { "type": "Polygon", "coordinates": [ [ [ -57.073670987082494, -29.761280636667323 ], [ -57.07353858264824, -29.764105510837116 ], [ -57.075121208880105, -29.764113646495108 ], [ -57.076683154357596, -29.764130800127912 ], [ -57.078193443785842, -29.76422919013406 ], [ -57.078153118728117, -29.765582951696867 ], [ -57.07979780423247, -29.765554895026046 ], [ -57.079878394746586, -29.762829320846794 ], [ -57.079928946129677, -29.761358228049264 ], [ -57.077549916991131, -29.761368668946691 ], [ -57.073670987082494, -29.761280636667323 ] ] ] } },
{ "type": "Feature", "properties": { "cd_setor": "432240005000034", "situacao": "Urbana", "populacao_total": 999, "domicilios_total": 279, "area_km2": 2.5304968173363349, "densidade_demografica_hab_km2": 394.78413612532131, "sem_dado": false }, "geometry": { "type": "Polygon", "coordinates": [ [ [ -57.070684479247795, -29.750533572900832 ], [ -57.070684282975542, -29.750253799901948 ], [ -57.070663591652433, -29.750244786014203 ], [ -57.070766807434921, -29.749946907859751 ], [ -57.070787467003612, -29.749910797051584 ], [ -57.070807993369556, -29.749685162578508 ], [ -57.070828525988702, -29.749468553031377 ], [ -57.071014664036809, -29.749432353507615 ], [ -57.071252443792218, -29.749296851582592 ], [ -57.071272994529679, -29.749107316766811 ], [ -57.071335029635762, -29.749080208517537 ], [ -57.071490126859509, -29.7490259751726 ], [ -57.071717530541655, -29.74884535330656 ], [ -57.071779533221353, -29.748773120161207 ], [ -57.072017271689703, -29.74858346722683 ], [ -57.07221360770167, -29.74834871175419 ], [ -57.07226511208988, -29.748059885504212 ], [ -57.072233923537901, -29.747834278982271 ], [ -57.072089009390439, -29.747662884102574 ], [ -57.071923495051117, -29.747608824510941 ], [ -57.071695933992871, -29.747563823285404 ], [ -57.071292593776541, -29.747573066141229 ], [ -57.071003030650019, -29.747600296653715 ], [ -57.070661749900722, -29.747618529216357 ], [ -57.070361787525108, -29.747564539394382 ], [ -57.070103144102589, -29.747438327466071 ], [ -57.069885851330334, -29.747285018368267 ], [ -57.069761670047725, -29.74717678457295 ], [ -57.069751246656104, -29.747059465803328 ], [ -57.069802869980208, -29.746933089373094 ], [ -57.069875215009425, -29.746860851643039 ], [ -57.070030259434304, -29.74673442047099 ], [ -57.070226665671619, -29.746598942227738 ], [ -57.070423071380574, -29.746463463691061 ], [ -57.070598811341384, -29.746355070720412 ], [ -57.070888244030414, -29.746147342271279 ], [ -57.070919086069495, -29.745885602347531 ], [ -57.070929256610846, -29.745641923378155 ], [ -57.070929110513873, -29.745434349711381 ], [ -57.070949534012229, -29.745064315984184 ], [ -57.070970008207439, -29.744766481778406 ], [ -57.070959450220037, -29.744459639252234 ], [ -57.070938594896084, -29.744215976862041 ], [ -57.070876353225145, -29.743945261788106 ], [ -57.070752010275179, -29.743602380304146 ], [ -57.070555433670677, -29.743485160925129 ], [ -57.070245135572172, -29.743422151352789 ], [ -57.069883160202281, -29.743404293092656 ], [ -57.069603931762366, -29.743404440245072 ], [ -57.069242043371922, -29.743512929463794 ], [ -57.068962999891639, -29.743783823613875 ], [ -57.068849418522404, -29.74404560624065 ], [ -57.068787527519262, -29.744280287060509 ], [ -57.068694616655861, -29.744524008895969 ], [ -57.06861202270106, -29.744731625522189 ], [ -57.06847776157403, -29.74500244346105 ], [ -57.068384837050679, -29.745228115168768 ], [ -57.068188510384743, -29.745480914961611 ], [ -57.068002463868204, -29.74564345971713 ], [ -57.067837094758197, -29.745796968664422 ], [ -57.067557950429972, -29.745932485643706 ], [ -57.06725807302707, -29.745995813010282 ], [ -57.066803010395276, -29.745977993619725 ], [ -57.066409922947301, -29.745842817287471 ], [ -57.066068534874425, -29.745689564091471 ], [ -57.065820225961829, -29.745536263747869 ], [ -57.065427053661629, -29.745265710332429 ], [ -57.065002927451069, -29.745103470303604 ], [ -57.064744326031828, -29.745022372553915 ], [ -57.064454681852979, -29.744914214579783 ], [ -57.06425815027324, -29.744860160472363 ], [ -57.064144302718411, -29.744724841496943 ], [ -57.064092529929098, -29.744625592161185 ], [ -57.063947685774686, -29.744535412757056 ], [ -57.063782066687565, -29.744300844043956 ], [ -57.063595730475775, -29.744012135382594 ], [ -57.063378386874483, -29.743750516144182 ], [ -57.063243761845214, -29.743461782186397 ], [ -57.063005838352112, -29.743362621232251 ], [ -57.062747259858391, -29.743308594389585 ], [ -57.062323224318838, -29.74327269496105 ], [ -57.062044029535954, -29.743326975842542 ], [ -57.061816565559951, -29.743417331778442 ], [ -57.061465016011049, -29.743534819858645 ], [ -57.061020482141771, -29.743805774040197 ], [ -57.060906721933904, -29.743805826444667 ], [ -57.060658506979237, -29.74378789054969 ], [ -57.060420585250583, -29.743688724950097 ], [ -57.060172354504282, -29.743643713302845 ], [ -57.059851747345391, -29.74362580878903 ], [ -57.05955180793493, -29.743580819352346 ], [ -57.059220843361928, -29.743535843122277 ], [ -57.058900173418927, -29.743409636938065 ], [ -57.058693253389407, -29.743265329675559 ], [ -57.058465629476238, -29.743084931434307 ], [ -57.058238022022614, -29.742931607639147 ], [ -57.057917381160941, -29.742850523797959 ], [ -57.057565813559613, -29.742940926690302 ], [ -57.057317698836933, -29.74309445853325 ], [ -57.056986828701461, -29.743211925769359 ], [ -57.056904135250825, -29.743284160950154 ], [ -57.05232221065463, -29.762211345067477 ], [ -57.051950613935141, -29.763718653701098 ], [ -57.052674652699984, -29.763655192924915 ], [ -57.053491785374007, -29.763591690575193 ], [ -57.053884823448918, -29.763537381527932 ], [ -57.054360611965826, -29.763483037334147 ], [ -57.054898428643419, -29.763365491245192 ], [ -57.05574649413785, -29.763130488598016 ], [ -57.055973998026026, -29.763022093458115 ], [ -57.057018400989406, -29.762453077265889 ], [ -57.057545782795827, -29.762191126119781 ], [ -57.058000802747969, -29.762010428926299 ], [ -57.058404118326891, -29.761856827773755 ], [ -57.058538528601545, -29.761757494198296 ], [ -57.058786645231038, -29.76153176106174 ], [ -57.059065738720577, -29.761215764375915 ], [ -57.059375823991374, -29.760836578702946 ], [ -57.059758129691474, -29.760150512187284 ], [ -57.059975042556204, -29.759645018127721 ], [ -57.060212710209257, -29.759256838292394 ], [ -57.060719206069919, -29.758706086193826 ], [ -57.061308376954749, -29.75804699467988 ], [ -57.06171154443679, -29.757685810060611 ], [ -57.062187167317653, -29.757414839460175 ], [ -57.062590446883355, -29.757243175618431 ], [ -57.062921300133759, -29.757035445286753 ], [ -57.063386635988287, -29.756863749483887 ], [ -57.06378989415245, -29.756665007193551 ], [ -57.064286227428333, -29.756448168615897 ], [ -57.064751523427972, -29.756222318433309 ], [ -57.065309875870462, -29.755951296048188 ], [ -57.065775167274964, -29.755725442255638 ], [ -57.066230149156112, -29.755553741575749 ], [ -57.066933182166537, -29.755111166098775 ], [ -57.067532912591808, -29.754867188159544 ], [ -57.068060148025964, -29.75448787080585 ], [ -57.068546063183042, -29.754189797151763 ], [ -57.068763134746753, -29.754000160903875 ], [ -57.06907342120077, -29.75399999928387 ], [ -57.069114699852975, -29.753864603715815 ], [ -57.069621176052216, -29.753395041590533 ], [ -57.070137952603545, -29.75287132242595 ], [ -57.070354873374093, -29.752474110089938 ], [ -57.070757878349461, -29.751959473821682 ], [ -57.071522665858978, -29.751155843230876 ], [ -57.071832679725006, -29.750785652842275 ], [ -57.072690649172479, -29.7501444136639 ], [ -57.073383267020425, -29.749692784407355 ], [ -57.074003561451441, -29.749349491248523 ], [ -57.074520468020644, -29.749060403074761 ], [ -57.07504773413001, -29.748798381819462 ], [ -57.075833487557588, -29.748445961167274 ], [ -57.076526161871335, -29.748102614639084 ], [ -57.073650983010907, -29.748068146361863 ], [ -57.073661384659381, -29.748149365046991 ], [ -57.073526915261205, -29.748122365006807 ], [ -57.073247791857284, -29.748284968752152 ], [ -57.073041148773555, -29.748564856153838 ], [ -57.072906868354629, -29.748799578669303 ], [ -57.072793128616198, -29.748835741049557 ], [ -57.072606953295193, -29.748817793452258 ], [ -57.072503627213884, -29.748953224216901 ], [ -57.072338149406882, -29.74895331478114 ], [ -57.072172833207425, -29.749179028562651 ], [ -57.072079809836211, -29.749260303729123 ], [ -57.071790299949853, -29.749368760395189 ], [ -57.071604226435284, -29.749495210375251 ], [ -57.071428558863524, -29.749711903872583 ], [ -57.071149523259599, -29.750009877205269 ], [ -57.070984221740417, -29.750262664279752 ], [ -57.070767181419178, -29.750479379064778 ], [ -57.070684479247795, -29.750533572900832 ] ] ] } },
{ "type": "Feature", "properties": { "cd_setor": "432240005000021", "situacao": "Urbana", "populacao_total": 946, "domicilios_total": 266, "area_km2": 0.1273042139177632, "densidade_demografica_hab_km2": 7431.0187454682628, "sem_dado": false }, "geometry": { "type": "Polygon", "coordinates": [ [ [ -57.072137033846431, -29.756958542078486 ], [ -57.072076059661647, -29.758474763328643 ], [ -57.072148463045458, -29.758474723864229 ], [ -57.080030188039458, -29.758596539869821 ], [ -57.080030152185167, -29.758551415258175 ], [ -57.080091078431899, -29.757125439818608 ], [ -57.072137033846431, -29.756958542078486 ] ] ] } },
{ "type": "Feature", "properties": { "cd_setor": "432240005000018", "situacao": "Urbana", "populacao_total": 664, "domicilios_total": 202, "area_km2": 0.1044092655564154, "densidade_demografica_hab_km2": 6359.5888397588742, "sem_dado": false }, "geometry": { "type": "Polygon", "coordinates": [ [ [ -57.0786705359249, -29.752613826186657 ], [ -57.078588997900546, -29.754157138340148 ], [ -57.080192175426951, -29.754192276126297 ], [ -57.080416045339561, -29.749589423020311 ], [ -57.07726152904403, -29.749492028141084 ], [ -57.077190293679628, -29.751008259357338 ], [ -57.078741721875815, -29.751061494849122 ], [ -57.0786705359249, -29.752613826186657 ] ] ] } },
{ "type": "Feature", "properties": { "cd_setor": "432240005000019", "situacao": "Urbana", "populacao_total": 1007, "domicilios_total": 285, "area_km2": 0.12245422492690358, "densidade_demografica_hab_km2": 8223.4810648722578, "sem_dado": false }, "geometry": { "type": "Polygon", "coordinates": [ [ [ -57.072248724600435, -29.754052453130043 ], [ -57.072198045055437, -29.755496470024493 ], [ -57.074752794628338, -29.755522126082571 ], [ -57.080141609689271, -29.755636295827813 ], [ -57.080192175426951, -29.754192276126297 ], [ -57.078588997900546, -29.754157138340148 ], [ -57.073872577587736, -29.754078631268758 ], [ -57.072248724600435, -29.754052453130043 ] ] ] } },
{ "type": "Feature", "properties": { "cd_setor": "432240005000020", "situacao": "Urbana", "populacao_total": 1015, "domicilios_total": 265, "area_km2": 0.12656971565506819, "densidade_demografica_hab_km2": 8019.295885645427, "sem_dado": false }, "geometry": { "type": "Polygon", "coordinates": [ [ [ -57.072198045055437, -29.755496470024493 ], [ -57.072137033846431, -29.756958542078486 ], [ -57.080091078431899, -29.757125439818608 ], [ -57.080141609689271, -29.755636295827813 ], [ -57.074752794628338, -29.755522126082571 ], [ -57.072198045055437, -29.755496470024493 ] ] ] } },
{ "type": "Feature", "properties": { "cd_setor": "432240005000013", "situacao": "Urbana", "populacao_total": 1354, "domicilios_total": 350, "area_km2": 0.5250643221375576, "densidade_demografica_hab_km2": 2578.7316770787484, "sem_dado": false }, "geometry": { "type": "Polygon", "coordinates": [ [ [ -57.07656104498674, -29.739564994426662 ], [ -57.076147491307701, -29.739700607301611 ], [ -57.075837350779054, -29.739836159667455 ], [ -57.075630806653265, -29.740215325860543 ], [ -57.075465626993932, -29.740594468131821 ], [ -57.075300614652306, -29.741199233858193 ], [ -57.075187348875673, -29.741858119638447 ], [ -57.075104972229973, -29.742336488746698 ], [ -57.075022494039445, -29.742679483595062 ], [ -57.074784835411151, -29.742950366567786 ], [ -57.074578154081244, -29.743158057013339 ], [ -57.074495560026492, -29.743347627443484 ], [ -57.074485264928775, -29.743410807874398 ], [ -57.074433649274994, -29.743537186185581 ], [ -57.074402803745464, -29.74378087711721 ], [ -57.074361609552398, -29.744015548901011 ], [ -57.074299891094952, -29.744466830909449 ], [ -57.074310406016139, -29.744701473611876 ], [ -57.074393241355921, -29.744836801264317 ], [ -57.074393307976813, -29.744927050686673 ], [ -57.074300296971181, -29.745017352398687 ], [ -57.07434192445038, -29.745369301897387 ], [ -57.074424953671944, -29.745766352810204 ], [ -57.074394094126404, -29.745991993777377 ], [ -57.07436328772198, -29.746289834252867 ], [ -57.074404835993775, -29.746533484383868 ], [ -57.074394540518249, -29.746596664777908 ], [ -57.074280803801301, -29.746632828443733 ], [ -57.074229259376949, -29.746858480952792 ], [ -57.074415537995186, -29.747020825309232 ], [ -57.0745396840193, -29.747074905096675 ], [ -57.074612125982846, -29.747138038872219 ], [ -57.074839667262083, -29.747155960268188 ], [ -57.075015470849166, -29.747137810840513 ], [ -57.075036182082279, -29.747173898869434 ], [ -57.074974162577725, -29.747219058735752 ], [ -57.07494324341652, -29.747363475331962 ], [ -57.074922559018169, -29.747363487044584 ], [ -57.074653681896613, -29.747390713830878 ], [ -57.074643607103525, -29.747751717205386 ], [ -57.074654002832396, -29.7478239108769 ], [ -57.074560915935855, -29.747814938417381 ], [ -57.074560895902181, -29.747787863602735 ], [ -57.074447017880502, -29.747634503702216 ], [ -57.074250488964665, -29.747598514351594 ], [ -57.074188448912786, -29.747616599032291 ], [ -57.074064368742057, -29.747652768306388 ], [ -57.07395064396124, -29.747706981561851 ], [ -57.073661074583939, -29.747725192951066 ], [ -57.073630239115893, -29.747986933429896 ], [ -57.073650983010907, -29.748068146361863 ], [ -57.076526161871335, -29.748102614639084 ], [ -57.076898483757091, -29.748102398800416 ], [ -57.08021842557023, -29.748190677289426 ], [ -57.080415123406027, -29.748434231301033 ], [ -57.080700545046817, -29.743235689804521 ], [ -57.080607411334533, -29.74316354698275 ], [ -57.080328154858087, -29.743127616987717 ], [ -57.080266104279055, -29.743127654636197 ], [ -57.080162550261022, -29.74295624339209 ], [ -57.080141759125176, -29.742820881762871 ], [ -57.080296712537631, -29.742604189079255 ], [ -57.080162011906474, -29.742279372584683 ], [ -57.079975661220686, -29.742026786752493 ], [ -57.079944571844308, -29.741945580991988 ], [ -57.079985924088014, -29.741927506107512 ], [ -57.08020306980351, -29.741891274894982 ], [ -57.080482243537901, -29.741827930771706 ], [ -57.080854571166576, -29.741863803625485 ], [ -57.081092225422452, -29.741610959633668 ], [ -57.080998926124032, -29.74133124332031 ], [ -57.081019456938613, -29.741141706798512 ], [ -57.080946913818821, -29.740952227226892 ], [ -57.080822706790599, -29.740816928875137 ], [ -57.080822677843962, -29.740780829089381 ], [ -57.080646756431122, -29.74063653718817 ], [ -57.080357158245661, -29.740591588581907 ], [ -57.08010896217403, -29.740591739043968 ], [ -57.080139828823398, -29.740393171427492 ], [ -57.079974272013317, -29.74027594720059 ], [ -57.079632846620797, -29.740077604130587 ], [ -57.079332830909301, -29.739933385070657 ], [ -57.07911551200511, -29.739743991156381 ], [ -57.078763741653397, -29.739536627054687 ], [ -57.078349973608134, -29.73939247339726 ], [ -57.077925886308556, -29.739275399377643 ], [ -57.077563938408439, -29.739275611988354 ], [ -57.077171007853899, -29.739329991397774 ], [ -57.07685055598067, -29.739501651966709 ], [ -57.07656104498674, -29.739564994426662 ] ] ] } },
{ "type": "Feature", "properties": { "cd_setor": "432240005000014", "situacao": "Urbana", "populacao_total": 690, "domicilios_total": 177, "area_km2": 0.076770327676172451, "densidade_demografica_hab_km2": 8987.8475302399729, "sem_dado": false }, "geometry": { "type": "Polygon", "coordinates": [ [ [ -57.076526161871335, -29.748102614639084 ], [ -57.075833487557588, -29.748445961167274 ], [ -57.07504773413001, -29.748798381819462 ], [ -57.074520468020644, -29.749060403074761 ], [ -57.074003561451441, -29.749349491248523 ], [ -57.07566875610933, -29.74943879890078 ], [ -57.076289321324033, -29.749465517400647 ], [ -57.07726152904403, -29.749492028141084 ], [ -57.080416045339561, -29.749589423020311 ], [ -57.080456550285845, -29.748506405642953 ], [ -57.080415123406027, -29.748434231301033 ], [ -57.08021842557023, -29.748190677289426 ], [ -57.076898483757091, -29.748102398800416 ], [ -57.076526161871335, -29.748102614639084 ] ] ] } },
{ "type": "Feature", "properties": { "cd_setor": "432240005000016", "situacao": "Urbana", "populacao_total": 956, "domicilios_total": 241, "area_km2": 0.19446156333054998, "densidade_demografica_hab_km2": 4916.1386117984175, "sem_dado": false }, "geometry": { "type": "Polygon", "coordinates": [ [ [ -57.074003561451441, -29.749349491248523 ], [ -57.073383267020425, -29.749692784407355 ], [ -57.072690649172479, -29.7501444136639 ], [ -57.071832679725006, -29.750785652842275 ], [ -57.071522665858978, -29.751155843230876 ], [ -57.070757878349461, -29.751959473821682 ], [ -57.070354873374093, -29.752474110089938 ], [ -57.070137952603545, -29.75287132242595 ], [ -57.069621176052216, -29.753395041590533 ], [ -57.069114699852975, -29.753864603715815 ], [ -57.06907342120077, -29.75399999928387 ], [ -57.069114792727767, -29.753999977679552 ], [ -57.072248724600435, -29.754052453130043 ], [ -57.073872577587736, -29.754078631268758 ], [ -57.073943831831151, -29.752517277793217 ], [ -57.075526296308695, -29.752552483729076 ], [ -57.07566875610933, -29.74943879890078 ], [ -57.074003561451441, -29.749349491248523 ] ] ] } },
{ "type": "Feature", "properties": { "cd_setor": "432240005000017", "situacao": "Urbana", "populacao_total": 661, "domicilios_total": 174, "area_km2": 0.078520323654458893, "densidade_demografica_hab_km2": 8418.2026924498568, "sem_dado": false }, "geometry": { "type": "Polygon", "coordinates": [ [ [ -57.078588997900546, -29.754157138340148 ], [ -57.0786705359249, -29.752613826186657 ], [ -57.075526296308695, -29.752552483729076 ], [ -57.073943831831151, -29.752517277793217 ], [ -57.073872577587736, -29.754078631268758 ], [ -57.078588997900546, -29.754157138340148 ] ] ] } },
{ "type": "Feature", "properties": { "cd_setor": "432240005000015", "situacao": "Urbana", "populacao_total": 724, "domicilios_total": 202, "area_km2": 0.078957822714218778, "densidade_demografica_hab_km2": 9169.4524381764841, "sem_dado": false }, "geometry": { "type": "Polygon", "coordinates": [ [ [ -57.07566875610933, -29.74943879890078 ], [ -57.075526296308695, -29.752552483729076 ], [ -57.0786705359249, -29.752613826186657 ], [ -57.078741721875815, -29.751061494849122 ], [ -57.077190293679628, -29.751008259357338 ], [ -57.07726152904403, -29.749492028141084 ], [ -57.076289321324033, -29.749465517400647 ], [ -57.07566875610933, -29.74943879890078 ] ] ] } },
{ "type": "Feature", "properties": { "cd_setor": "432240005000035", "situacao": "Urbana", "populacao_total": 967, "domicilios_total": 250, "area_km2": 2.7360588530031018, "densidade_demografica_hab_km2": 353.42807006458196, "sem_dado": false }, "geometry": { "type": "Polygon", "coordinates": [ [ [ -57.051950613935141, -29.763718653701098 ], [ -57.05232221065463, -29.762211345067477 ], [ -57.056904135250825, -29.743284160950154 ], [ -57.056314946026816, -29.743807860046257 ], [ -57.055653148119049, -29.743952539191884 ], [ -57.055487708282151, -29.74400675835475 ], [ -57.055322288083254, -29.74409707709756 ], [ -57.055167224285597, -29.744214466161825 ], [ -57.055001778831098, -29.744259659769419 ], [ -57.054577668693675, -29.744088361328934 ], [ -57.054246714367579, -29.744061422555866 ], [ -57.053708918170514, -29.744025542112411 ], [ -57.053171150921429, -29.744043809165728 ], [ -57.05287129844595, -29.744161253636587 ], [ -57.052499037957013, -29.744251651324316 ], [ -57.052137193395055, -29.744486443038696 ], [ -57.051785684441533, -29.744712204764468 ], [ -57.051268716406703, -29.744965104597728 ], [ -57.050803423846681, -29.745154807942502 ], [ -57.050234678073359, -29.745281374325835 ], [ -57.049821051996339, -29.745389830061178 ], [ -57.049335057446839, -29.745552461185181 ], [ -57.04891120990316, -29.745913616398798 ], [ -57.04863213990695, -29.746256667218898 ], [ -57.048435792005826, -29.746572612344771 ], [ -57.048260157440943, -29.746951724230975 ], [ -57.048094872372218, -29.747348881992053 ], [ -57.047857173151854, -29.747709965954744 ], [ -57.047650439311994, -29.747944689109186 ], [ -57.047412660658686, -29.748143323284623 ], [ -57.047071474881918, -29.748378093625931 ], [ -57.046564972844671, -29.748964894134485 ], [ -57.046513277663919, -29.749001012086623 ], [ -57.046265172602546, -29.749244772513464 ], [ -57.046048101858361, -29.749506571555084 ], [ -57.045893134023913, -29.749876648006598 ], [ -57.045769159757839, -29.750174514011039 ], [ -57.045738283862157, -29.750508447501925 ], [ -57.045686644885528, -29.750670914272209 ], [ -57.04560392087113, -29.750707042570273 ], [ -57.045521229417389, -29.750815370328148 ], [ -57.045490291384667, -29.751013929651691 ], [ -57.045438651750068, -29.751176396313451 ], [ -57.045273263484766, -29.751384026617007 ], [ -57.045035459929672, -29.75155558161725 ], [ -57.044766579485476, -29.751618847433686 ], [ -57.044559726651507, -29.751618917254916 ], [ -57.044311479434135, -29.751564850985549 ], [ -57.044001172756985, -29.75150177996202 ], [ -57.043670224250725, -29.751537989358596 ], [ -57.043349590961036, -29.751511019972245 ], [ -57.043049619960833, -29.751429893450418 ], [ -57.042749683906969, -29.751429990693218 ], [ -57.042501510457356, -29.751547394854448 ], [ -57.042325723581882, -29.751637700595499 ], [ -57.042180964350806, -29.751727996214569 ], [ -57.04206725168914, -29.751863406503013 ], [ -57.041963888921089, -29.752016863286972 ], [ -57.041839881668643, -29.752269600841146 ], [ -57.041736581696988, -29.752576481368806 ], [ -57.041664309412852, -29.752883352035472 ], [ -57.041561023171838, -29.753226332143139 ], [ -57.041416353728756, -29.753542250302413 ], [ -57.041375015729166, -29.753623487666417 ], [ -57.041250964376168, -29.753776950322216 ], [ -57.041126875801865, -29.753840163506148 ], [ -57.0407340145943, -29.754255432100127 ], [ -57.040692657524701, -29.754291544569465 ], [ -57.04048590437511, -29.754553331129838 ], [ -57.040289507559713, -29.754851213944789 ], [ -57.040062044677967, -29.755058856517881 ], [ -57.039917335721682, -29.755293548556896 ], [ -57.039782958442736, -29.755501162520869 ], [ -57.039793358525706, -29.755645558339779 ], [ -57.039483098688571, -29.755726875696514 ], [ -57.039110744874499, -29.755717961355494 ], [ -57.038852220504836, -29.755853411532247 ], [ -57.038666149040679, -29.756124214050679 ], [ -57.038490464540288, -29.756512337404811 ], [ -57.038366528986337, -29.756990694830915 ], [ -57.038294322198034, -29.757505136871018 ], [ -57.038242743023439, -29.757866149044197 ], [ -57.038160085649189, -29.758100821115576 ], [ -57.037891254701151, -29.758353596439509 ], [ -57.037694863077171, -29.75870562481942 ], [ -57.037622526907107, -29.758886144006926 ], [ -57.037508840375345, -29.759129849386216 ], [ -57.037446867132829, -29.759364515102799 ], [ -57.037302145905826, -29.759599204139359 ], [ -57.037302242838514, -29.759860927041604 ], [ -57.037250628869337, -29.760140714359895 ], [ -57.037178247565883, -29.760203909216528 ], [ -57.037240398811043, -29.760447564786464 ], [ -57.037013082850095, -29.761106448264172 ], [ -57.037002769076004, -29.761187675489523 ], [ -57.036920069701246, -29.761323072492985 ], [ -57.036744296983279, -29.761512644883375 ], [ -57.036434072113032, -29.761747378762106 ], [ -57.036268660943243, -29.76199109720886 ], [ -57.036092921412788, -29.76227994288465 ], [ -57.035989571118925, -29.762523644017016 ], [ -57.035927572937709, -29.762704159363853 ], [ -57.035927692068313, -29.763038081533693 ], [ -57.035834732611079, -29.763417153551373 ], [ -57.035617645735883, -29.763796258961467 ], [ -57.035472923424159, -29.764058020614208 ], [ -57.035276439524623, -29.764202471919354 ], [ -57.035007578786598, -29.764437191326724 ], [ -57.034759407877161, -29.764680929667094 ], [ -57.034593959936835, -29.764843421630889 ], [ -57.034387141555726, -29.765023973987859 ], [ -57.034263059383633, -29.765159380006445 ], [ -57.034087271916448, -29.765339923845499 ], [ -57.034045953685379, -29.765511407984892 ], [ -57.034046017765938, -29.76570093130389 ], [ -57.034046078795612, -29.765881429697878 ], [ -57.034046103207643, -29.765953629054113 ], [ -57.035266658204662, -29.765808910554263 ], [ -57.036073462442452, -29.765709418871722 ], [ -57.037552596585392, -29.765519483906473 ], [ -57.038245573866234, -29.765320737109406 ], [ -57.039621201058651, -29.764986410154581 ], [ -57.040996877889327, -29.764796467613046 ], [ -57.041793350547181, -29.764760118689566 ], [ -57.043189770037813, -29.764714545531298 ], [ -57.04404822618045, -29.764497664348539 ], [ -57.044730831605875, -29.764280837169277 ], [ -57.047802845181032, -29.763990965226881 ], [ -57.051154162439033, -29.763773113613567 ], [ -57.051950613935141, -29.763718653701098 ] ] ] } },
{ "type": "Feature", "properties": { "cd_setor": "432240005000069", "situacao": "Urbana", "populacao_total": 937, "domicilios_total": 231, "area_km2": 0.070742840790067832, "densidade_demografica_hab_km2": 13245.156535070233, "sem_dado": false }, "geometry": { "type": "Polygon", "coordinates": [ [ [ -57.065597215655117, -29.768351398446722 ], [ -57.064355737106936, -29.768108335586888 ], [ -57.064231691488594, -29.768243769607899 ], [ -57.063683658084557, -29.768586981359423 ], [ -57.062990753940127, -29.768858060581692 ], [ -57.062266656463663, -29.768876453257363 ], [ -57.061625286399696, -29.768849678880699 ], [ -57.061543104874431, -29.769788308180274 ], [ -57.062091569576168, -29.770121973629028 ], [ -57.064947029062495, -29.770689171817807 ], [ -57.065597215655117, -29.768351398446722 ] ] ] } },
{ "type": "Feature", "properties": { "cd_setor": "432240005000039", "situacao": "Urbana", "populacao_total": 1511, "domicilios_total": 369, "area_km2": 0.3076018079797978, "densidade_demografica_hab_km2": 4912.1947947043182, "sem_dado": false }, "geometry": { "type": "Polygon", "coordinates": [ [ [ -57.066050893150397, -29.766103968529578 ], [ -57.062884987552771, -29.765139845156305 ], [ -57.062997902348734, -29.763749953696077 ], [ -57.058653334059713, -29.763517303370346 ], [ -57.058643174145175, -29.7638331801368 ], [ -57.058645965238242, -29.768625410508882 ], [ -57.058925274222752, -29.768643336206839 ], [ -57.061573564357396, -29.76884970296766 ], [ -57.061625286399696, -29.768849678880699 ], [ -57.062266656463663, -29.768876453257363 ], [ -57.062990753940127, -29.768858060581692 ], [ -57.063683658084557, -29.768586981359423 ], [ -57.064231691488594, -29.768243769607899 ], [ -57.064355737106936, -29.768108335586888 ], [ -57.064676179497077, -29.767747182675951 ], [ -57.065265301183445, -29.766970750522862 ], [ -57.066050893150397, -29.766103968529578 ] ] ] } },
{ "type": "Feature", "properties": { "cd_setor": "432240005000068", "situacao": "Urbana", "populacao_total": 1025, "domicilios_total": 267, "area_km2": 0.11533074050260866, "densidade_demografica_hab_km2": 8887.483038200171, "sem_dado": false }, "geometry": { "type": "Polygon", "coordinates": [ [ [ -57.066050893150397, -29.766103968529578 ], [ -57.065265301183445, -29.766970750522862 ], [ -57.064676179497077, -29.767747182675951 ], [ -57.064355737106936, -29.768108335586888 ], [ -57.065597215655117, -29.768351398446722 ], [ -57.06933203155959, -29.769080511581681 ], [ -57.070282912753875, -29.767924820739818 ], [ -57.07031342888105, -29.767184761457688 ], [ -57.070303021630728, -29.767094517829513 ], [ -57.070271869277398, -29.766923060975568 ], [ -57.070261506175605, -29.766895991731591 ], [ -57.068668467653922, -29.766851703723635 ], [ -57.066837214415116, -29.766356271253674 ], [ -57.066050893150397, -29.766103968529578 ] ] ] } },
{ "type": "Feature", "properties": { "cd_setor": "432240005000025", "situacao": "Urbana", "populacao_total": 1027, "domicilios_total": 274, "area_km2": 0.1262542160015912, "densidade_demografica_hab_km2": 8134.3818252141109, "sem_dado": false }, "geometry": { "type": "Polygon", "coordinates": [ [ [ -57.06711495454708, -29.764027701537184 ], [ -57.06706386608618, -29.764975344036799 ], [ -57.066050893150397, -29.766103968529578 ], [ -57.066837214415116, -29.766356271253674 ], [ -57.068668467653922, -29.766851703723635 ], [ -57.070261506175605, -29.766895991731591 ], [ -57.070271869277398, -29.766923060975568 ], [ -57.070261506175605, -29.766895991731591 ], [ -57.070291562255051, -29.765497113585724 ], [ -57.071905248815064, -29.765514296102438 ], [ -57.071955950181078, -29.764088331328132 ], [ -57.070383655820429, -29.764062102463967 ], [ -57.06711495454708, -29.764027701537184 ] ] ] } },
{ "type": "Feature", "properties": { "cd_setor": "432240005000038", "situacao": "Urbana", "populacao_total": 1006, "domicilios_total": 281, "area_km2": 0.11933723160727173, "densidade_demografica_hab_km2": 8429.8922176329434, "sem_dado": false }, "geometry": { "type": "Polygon", "coordinates": [ [ [ -57.065437762934039, -29.761754261417156 ], [ -57.06527363287605, -29.763866174338872 ], [ -57.062997902348734, -29.763749953696077 ], [ -57.062884987552771, -29.765139845156305 ], [ -57.066050893150397, -29.766103968529578 ], [ -57.06706386608618, -29.764975344036799 ], [ -57.06711495454708, -29.764027701537184 ], [ -57.06723761723331, -29.761834583193586 ], [ -57.065437762934039, -29.761754261417156 ] ] ] } },
{ "type": "Feature", "properties": { "cd_setor": "432240005000041", "situacao": "Urbana", "populacao_total": 1287, "domicilios_total": 356, "area_km2": 0.96333783263454609, "densidade_demografica_hab_km2": 1335.9799194020018, "sem_dado": false }, "geometry": { "type": "Polygon", "coordinates": [ [ [ -57.052674652699984, -29.763655192924915 ], [ -57.051950613935141, -29.763718653701098 ], [ -57.051154162439033, -29.763773113613567 ], [ -57.047802845181032, -29.763990965226881 ], [ -57.044730831605875, -29.764280837169277 ], [ -57.04404822618045, -29.764497664348539 ], [ -57.043189770037813, -29.764714545531298 ], [ -57.041793350547181, -29.764760118689566 ], [ -57.040996877889327, -29.764796467613046 ], [ -57.039621201058651, -29.764986410154581 ], [ -57.038245573866234, -29.765320737109406 ], [ -57.037552596585392, -29.765519483906473 ], [ -57.036073462442452, -29.765709418871722 ], [ -57.035266658204662, -29.765808910554263 ], [ -57.034046103207643, -29.765953629054113 ], [ -57.03404613982584, -29.766061928086959 ], [ -57.03403585976249, -29.766251454052135 ], [ -57.033932485215672, -29.766450028844211 ], [ -57.033839436249536, -29.766594451392475 ], [ -57.033694690198509, -29.766811086404218 ], [ -57.033684400340931, -29.766973537566866 ], [ -57.03369481402445, -29.76718110804573 ], [ -57.033488010243971, -29.767424833360966 ], [ -57.033219118871251, -29.767605399525316 ], [ -57.033063984234801, -29.767695687573948 ], [ -57.033405378878889, -29.767794875893873 ], [ -57.034326126571109, -29.768101487355985 ], [ -57.037843587347368, -29.769129368258135 ], [ -57.04408126517675, -29.76908231197638 ], [ -57.044484694164055, -29.76907315199821 ], [ -57.044857089776414, -29.769064001317481 ], [ -57.045467415413562, -29.769072817846755 ], [ -57.045984645361266, -29.769090688872733 ], [ -57.046522568535316, -29.769117575514652 ], [ -57.046936367113254, -29.769162553902458 ], [ -57.047308796749917, -29.769225595627915 ], [ -57.047722596119598, -29.769270571554493 ], [ -57.048177782329162, -29.769333580947613 ], [ -57.048612288887739, -29.769414646204467 ], [ -57.049108858603965, -29.769486662089989 ], [ -57.049812363348558, -29.769648847484856 ], [ -57.050246881584698, -29.76974795719002 ], [ -57.050826228410585, -29.76985603480686 ], [ -57.051291745322224, -29.769882929849224 ], [ -57.051871080089882, -29.769963928149465 ], [ -57.052408971880467, -29.769918591546869 ], [ -57.052957174467721, -29.769810074232645 ], [ -57.053536404562919, -29.769692517176857 ], [ -57.054053576086297, -29.769593032787032 ], [ -57.054105288817155, -29.769574961815952 ], [ -57.053886074273805, -29.765874835490873 ], [ -57.05277928822121, -29.765938456156825 ], [ -57.052674652699984, -29.763655192924915 ] ] ] } },
{ "type": "Feature", "properties": { "cd_setor": "432240005000040", "situacao": "Urbana", "populacao_total": 1415, "domicilios_total": 360, "area_km2": 0.32969425834787558, "densidade_demografica_hab_km2": 4291.8551481323293, "sem_dado": false }, "geometry": { "type": "Polygon", "coordinates": [ [ [ -57.058645965238242, -29.768625410508882 ], [ -57.058643174145175, -29.7638331801368 ], [ -57.058653334059713, -29.763517303370346 ], [ -57.058653213160738, -29.763309730214903 ], [ -57.058683971203656, -29.762840420599115 ], [ -57.058735558569275, -29.76261477462808 ], [ -57.058466604868727, -29.762587818998295 ], [ -57.058207953343192, -29.762488658901788 ], [ -57.058094093938578, -29.762353335098258 ], [ -57.058062963849864, -29.762181875213891 ], [ -57.058000802747969, -29.762010428926299 ], [ -57.057545782795827, -29.762191126119781 ], [ -57.057018400989406, -29.762453077265889 ], [ -57.055973998026026, -29.763022093458115 ], [ -57.05574649413785, -29.763130488598016 ], [ -57.054898428643419, -29.763365491245192 ], [ -57.054360611965826, -29.763483037334147 ], [ -57.053884823448918, -29.763537381527932 ], [ -57.053491785374007, -29.763591690575193 ], [ -57.052674652699984, -29.763655192924915 ], [ -57.05277928822121, -29.765938456156825 ], [ -57.053886074273805, -29.765874835490873 ], [ -57.054105288817155, -29.769574961815952 ], [ -57.054456918296509, -29.769421393974163 ], [ -57.054694772431105, -29.769294947033643 ], [ -57.055180813443172, -29.769023997724148 ], [ -57.055728913239648, -29.768743995572827 ], [ -57.056483973327659, -29.768599276655912 ], [ -57.057539074663246, -29.768553697317927 ], [ -57.058645965238242, -29.768625410508882 ] ] ] } },
{ "type": "Feature", "properties": { "cd_setor": "432240005000024", "situacao": "Urbana", "populacao_total": 976, "domicilios_total": 253, "area_km2": 0.1930420660009789, "densidade_demografica_hab_km2": 5055.8928435579983, "sem_dado": false }, "geometry": { "type": "Polygon", "coordinates": [ [ [ -57.06731821318035, -29.758612643722 ], [ -57.067268214270207, -29.761184773112987 ], [ -57.06723761723331, -29.761834583193586 ], [ -57.06711495454708, -29.764027701537184 ], [ -57.070383655820429, -29.764062102463967 ], [ -57.070464411637857, -29.761210184081346 ], [ -57.070555575924892, -29.758457533079405 ], [ -57.068890279770343, -29.758431335911531 ], [ -57.068073143955139, -29.758413709021976 ], [ -57.06731821318035, -29.758612643722 ] ] ] } },
{ "type": "Feature", "properties": { "cd_setor": "432240005000032", "situacao": "Urbana", "populacao_total": 1111, "domicilios_total": 275, "area_km2": 0.096854282208168357, "densidade_demografica_hab_km2": 11470.840263026616, "sem_dado": false }, "geometry": { "type": "Polygon", "coordinates": [ [ [ -57.070464411637857, -29.761210184081346 ], [ -57.070383655820429, -29.764062102463967 ], [ -57.071955950181078, -29.764088331328132 ], [ -57.07353858264824, -29.764105510837116 ], [ -57.073670987082494, -29.761280636667323 ], [ -57.070464411637857, -29.761210184081346 ] ] ] } },
{ "type": "Feature", "properties": { "cd_setor": "432240005000031", "situacao": "Urbana", "populacao_total": 919, "domicilios_total": 262, "area_km2": 0.072023338101967455, "densidade_demografica_hab_km2": 12759.752938678301, "sem_dado": false }, "geometry": { "type": "Polygon", "coordinates": [ [ [ -57.070555575924892, -29.758457533079405 ], [ -57.070464411637857, -29.761210184081346 ], [ -57.073670987082494, -29.761280636667323 ], [ -57.073742335195249, -29.759836608975029 ], [ -57.072108065314204, -29.759837509822354 ], [ -57.072148463045458, -29.758474723864229 ], [ -57.072076059661647, -29.758474763328643 ], [ -57.070555575924892, -29.758457533079405 ] ] ] } },
{ "type": "Feature", "properties": { "cd_setor": "432240005000022", "situacao": "Urbana", "populacao_total": 973, "domicilios_total": 273, "area_km2": 0.15013116268461804, "densidade_demografica_hab_km2": 6480.9995646539446, "sem_dado": false }, "geometry": { "type": "Polygon", "coordinates": [ [ [ -57.069114792727767, -29.753999977679552 ], [ -57.068890279770343, -29.758431335911531 ], [ -57.070555575924892, -29.758457533079405 ], [ -57.072076059661647, -29.758474763328643 ], [ -57.072137033846431, -29.756958542078486 ], [ -57.072198045055437, -29.755496470024493 ], [ -57.072248724600435, -29.754052453130043 ], [ -57.069114792727767, -29.753999977679552 ] ] ] } },
{ "type": "Feature", "properties": { "cd_setor": "432240005000037", "situacao": "Urbana", "populacao_total": 1137, "domicilios_total": 303, "area_km2": 0.14671767008670675, "densidade_demografica_hab_km2": 7749.5778070089264, "sem_dado": false }, "geometry": { "type": "Polygon", "coordinates": [ [ [ -57.065437762934039, -29.761754261417156 ], [ -57.061413950605818, -29.76155764225398 ], [ -57.059934748204235, -29.761459046501642 ], [ -57.05941755507353, -29.761441229953707 ], [ -57.059386545417091, -29.761477343576626 ], [ -57.05908686015384, -29.761955798760784 ], [ -57.058787140436337, -29.762380103708374 ], [ -57.058735558569275, -29.76261477462808 ], [ -57.058683971203656, -29.762840420599115 ], [ -57.058653213160738, -29.763309730214903 ], [ -57.058653334059713, -29.763517303370346 ], [ -57.062997902348734, -29.763749953696077 ], [ -57.06527363287605, -29.763866174338872 ], [ -57.065437762934039, -29.761754261417156 ] ] ] } },
{ "type": "Feature", "properties": { "cd_setor": "432240005000023", "situacao": "Urbana", "populacao_total": 1149, "domicilios_total": 325, "area_km2": 0.30527731397369323, "densidade_demografica_hab_km2": 3763.7909775995117, "sem_dado": false }, "geometry": { "type": "Polygon", "coordinates": [ [ [ -57.069114792727767, -29.753999977679552 ], [ -57.06907342120077, -29.75399999928387 ], [ -57.068763134746753, -29.754000160903875 ], [ -57.068546063183042, -29.754189797151763 ], [ -57.068060148025964, -29.75448787080585 ], [ -57.067532912591808, -29.754867188159544 ], [ -57.066933182166537, -29.755111166098775 ], [ -57.066230149156112, -29.755553741575749 ], [ -57.065775167274964, -29.755725442255638 ], [ -57.065309875870462, -29.755951296048188 ], [ -57.064751523427972, -29.756222318433309 ], [ -57.064286227428333, -29.756448168615897 ], [ -57.06378989415245, -29.756665007193551 ], [ -57.063386635988287, -29.756863749483887 ], [ -57.062921300133759, -29.757035445286753 ], [ -57.062590446883355, -29.757243175618431 ], [ -57.062187167317653, -29.757414839460175 ], [ -57.06171154443679, -29.757685810060611 ], [ -57.061308376954749, -29.75804699467988 ], [ -57.060719206069919, -29.758706086193826 ], [ -57.060212710209257, -29.759256838292394 ], [ -57.059975042556204, -29.759645018127721 ], [ -57.059758129691474, -29.760150512187284 ], [ -57.059375823991374, -29.760836578702946 ], [ -57.059065738720577, -29.761215764375915 ], [ -57.058786645231038, -29.76153176106174 ], [ -57.058538528601545, -29.761757494198296 ], [ -57.058404118326891, -29.761856827773755 ], [ -57.058000802747969, -29.762010428926299 ], [ -57.058062963849864, -29.762181875213891 ], [ -57.058094093938578, -29.762353335098258 ], [ -57.058207953343192, -29.762488658901788 ], [ -57.058466604868727, -29.762587818998295 ], [ -57.058735558569275, -29.76261477462808 ], [ -57.058787140436337, -29.762380103708374 ], [ -57.05908686015384, -29.761955798760784 ], [ -57.059386545417091, -29.761477343576626 ], [ -57.05941755507353, -29.761441229953707 ], [ -57.059851746926618, -29.761034912604345 ], [ -57.060492822822617, -29.76065557414805 ], [ -57.061506200261825, -29.760176785814991 ], [ -57.062447275691639, -29.759878522377292 ], [ -57.06333664528276, -29.759607351782126 ], [ -57.06731821318035, -29.758612643722 ], [ -57.068073143955139, -29.758413709021976 ], [ -57.068890279770343, -29.758431335911531 ], [ -57.069114792727767, -29.753999977679552 ] ] ] } },
{ "type": "Feature", "properties": { "cd_setor": "432240005000036", "situacao": "Urbana", "populacao_total": 844, "domicilios_total": 235, "area_km2": 0.16240213491664912, "densidade_demografica_hab_km2": 5196.9760153286934, "sem_dado": false }, "geometry": { "type": "Polygon", "coordinates": [ [ [ -57.06723761723331, -29.761834583193586 ], [ -57.067268214270207, -29.761184773112987 ], [ -57.06731821318035, -29.758612643722 ], [ -57.06333664528276, -29.759607351782126 ], [ -57.062447275691639, -29.759878522377292 ], [ -57.061506200261825, -29.760176785814991 ], [ -57.060492822822617, -29.76065557414805 ], [ -57.059851746926618, -29.761034912604345 ], [ -57.05941755507353, -29.761441229953707 ], [ -57.059934748204235, -29.761459046501642 ], [ -57.061413950605818, -29.76155764225398 ], [ -57.065437762934039, -29.761754261417156 ], [ -57.06723761723331, -29.761834583193586 ] ] ] } },
{ "type": "Feature", "properties": { "cd_setor": "432240005000119", "situacao": "Rural", "populacao_total": 689, "domicilios_total": 217, "area_km2": 144.45301496040707, "densidade_demografica_hab_km2": 4.7697169919841897, "sem_dado": false }, "geometry": { "type": "Polygon", "coordinates": [ [ [ -57.09377079751674, -29.743261425684402 ], [ -57.046196892025385, -29.702011532878355 ], [ -56.986676031343613, -29.62419271596691 ], [ -56.96311152721448, -29.644037028504663 ], [ -56.96058012295596, -29.644554262643588 ], [ -56.957669522270429, -29.640197875936188 ], [ -56.955457550674197, -29.638175380588518 ], [ -56.952294187650701, -29.636931502187952 ], [ -56.950015567577239, -29.63827679273853 ], [ -56.95083753260792, -29.640921517640354 ], [ -56.950075050678286, -29.645171252981068 ], [ -56.947290043828623, -29.647555436982458 ], [ -56.939630844076156, -29.651544367569631 ], [ -56.936364142633515, -29.649520487792675 ], [ -56.938306642465307, -29.646964918066516 ], [ -56.938983851945707, -29.643786574465828 ], [ -56.936410490610072, -29.642081859160065 ], [ -56.931771006963373, -29.641043820812829 ], [ -56.929744611879471, -29.64256188847828 ], [ -56.93054407646391, -29.645154946694035 ], [ -56.92893880435382, -29.648264682953094 ], [ -56.92155541564933, -29.647881102185625 ], [ -56.913703989266786, -29.651332532335651 ], [ -56.90243835641315, -29.652050081666037 ], [ -56.898470837732887, -29.653844547079313 ], [ -56.892756634697513, -29.65472290663287 ], [ -56.914903122851499, -29.693856515150305 ], [ -56.928977249014473, -29.718262067738056 ], [ -56.930416433187382, -29.719541786826305 ], [ -56.981682211263255, -29.742981623545379 ], [ -56.996057657232136, -29.754559644763482 ], [ -57.007835861101128, -29.765924620901934 ], [ -57.012340625445333, -29.767655161293352 ], [ -57.025288215885034, -29.76714788286009 ], [ -57.034279940983694, -29.766015342024705 ], [ -57.038229644903346, -29.75764558376229 ], [ -57.041736866373512, -29.752988335918928 ], [ -57.045688274493941, -29.751338037549164 ], [ -57.046174100803441, -29.749453308926874 ], [ -57.049171879118617, -29.745683843070271 ], [ -57.052536617662085, -29.744269381071707 ], [ -57.055137191724143, -29.744232147710932 ], [ -57.057948037490235, -29.742835743663946 ], [ -57.060903341987483, -29.743813233350409 ], [ -57.062430572157545, -29.743268503384307 ], [ -57.067269511422033, -29.746056544778501 ], [ -57.069260344709079, -29.743482641511676 ], [ -57.070521464789586, -29.743464302775219 ], [ -57.070955091963093, -29.745782917370391 ], [ -57.069805369666192, -29.747250981186696 ], [ -57.072274002674675, -29.747992361283188 ], [ -57.070682060947078, -29.750529873880335 ], [ -57.074984573978917, -29.747320959327613 ], [ -57.074254010438928, -29.746832072421942 ], [ -57.074594825485633, -29.743117340217374 ], [ -57.075809815917744, -29.73983760529482 ], [ -57.077491213657368, -29.739256763479581 ], [ -57.080956803835534, -29.740994530517089 ], [ -57.080869308158896, -29.741881755149095 ], [ -57.079939579658372, -29.74195481482505 ], [ -57.080284033153227, -29.743132316065115 ], [ -57.084313792637509, -29.744615913449756 ], [ -57.089379405201463, -29.748302011481456 ], [ -57.09377079751674, -29.743261425684402 ] ] ] } },
{ "type": "Feature", "properties": { "cd_setor": "432240005000120", "situacao": "Rural", "populacao_total": 513, "domicilios_total": 161, "area_km2": 258.0716696899309, "densidade_demografica_hab_km2": 1.9878198975360664, "sem_dado": false }, "geometry": { "type": "Polygon", "coordinates": [ [ [ -57.012340625445333, -29.767655161293352 ], [ -57.007835861101128, -29.765924620901934 ], [ -56.996057657232136, -29.754559644763482 ], [ -56.981682211263255, -29.742981623545379 ], [ -56.930416433187382, -29.719541786826305 ], [ -56.928977249014473, -29.718262067738056 ], [ -56.914903122851499, -29.693856515150305 ], [ -56.892756634697513, -29.65472290663287 ], [ -56.889059943910382, -29.65518486779164 ], [ -56.884794376133179, -29.658534060317645 ], [ -56.88462244462621, -29.661091011456733 ], [ -56.88284744369038, -29.663232968408458 ], [ -56.879429640256475, -29.663056315787916 ], [ -56.875674344154746, -29.664641613151705 ], [ -56.870732651750565, -29.666435527132748 ], [ -56.870940722805727, -29.668959143254892 ], [ -56.86958600574404, -29.671653321941516 ], [ -56.865234323537592, -29.674518069261765 ], [ -56.861862347045388, -29.673131969180734 ], [ -56.858822605153129, -29.673544760781994 ], [ -56.85636899124701, -29.676236444114252 ], [ -56.855901784252502, -29.67958950947553 ], [ -56.851091466312788, -29.678615638664443 ], [ -56.843321978713597, -29.680957899227376 ], [ -56.838891111599985, -29.68064180612215 ], [ -56.830875485380986, -29.678349056890635 ], [ -56.825514340262735, -29.679206303792121 ], [ -56.821889853103819, -29.676229923269357 ], [ -56.815853149442788, -29.677431062718284 ], [ -56.813996185803113, -29.676391345914929 ], [ -56.813493120089703, -29.675215511956456 ], [ -56.807075859454024, -29.676658875801682 ], [ -56.800279702373992, -29.67723529477373 ], [ -56.799937765801893, -29.679101411701087 ], [ -56.797274426013082, -29.681412539485471 ], [ -56.791870225952479, -29.682442564747131 ], [ -56.771842939077722, -29.696924905580261 ], [ -56.761849854007572, -29.704649410384395 ], [ -56.756568715521631, -29.706610270647527 ], [ -56.749898668281332, -29.706805577090442 ], [ -56.745554460307751, -29.705033924639153 ], [ -56.736266895961904, -29.705567576270848 ], [ -56.725124861813704, -29.70395595292392 ], [ -56.722758735443755, -29.704297630394574 ], [ -56.713490105511653, -29.713020745615619 ], [ -56.710281195225839, -29.713358815530846 ], [ -56.707242558597692, -29.71273188245916 ], [ -56.702289772245685, -29.717662192755967 ], [ -56.698401416405744, -29.718689989386409 ], [ -56.682231850776304, -29.717995889437066 ], [ -56.676924595864307, -29.719047303229502 ], [ -56.67935603242649, -29.724459250123349 ], [ -56.690187875552304, -29.742082856829768 ], [ -56.695452670218046, -29.748244793459005 ], [ -56.703684717549045, -29.756007554599549 ], [ -56.718116859994325, -29.772777810534546 ], [ -56.72410608931586, -29.776227793232522 ], [ -56.725784231075231, -29.789522539411657 ], [ -56.752181916975019, -29.788522702962176 ], [ -56.783768284547428, -29.793458136072672 ], [ -56.800974509122952, -29.791452225080967 ], [ -56.813918462189342, -29.786151324506562 ], [ -56.822011019659129, -29.785951011928798 ], [ -56.830844377541084, -29.778886791368731 ], [ -56.83995416066913, -29.777987583963082 ], [ -56.846185025336204, -29.775522274022769 ], [ -56.851474212795992, -29.772389188750537 ], [ -56.853767538158174, -29.767983335456336 ], [ -56.859992863895265, -29.76851081026987 ], [ -56.863586773257332, -29.767521626058798 ], [ -56.86750569648985, -29.768599667488363 ], [ -56.875117132280955, -29.767142687366054 ], [ -56.876328525311656, -29.766314902527643 ], [ -56.884338874354164, -29.768712929650494 ], [ -56.89181475222513, -29.767011782867055 ], [ -56.901708726878176, -29.769572857914383 ], [ -56.91748246659197, -29.7722030748089 ], [ -56.943770158077442, -29.772508797202512 ], [ -56.950994943351077, -29.774464048803932 ], [ -56.954201930829825, -29.778027376737167 ], [ -56.956815561892931, -29.778223199416587 ], [ -56.972190930118281, -29.7745575700676 ], [ -56.978839590820762, -29.774851709156618 ], [ -56.996611366816893, -29.771485514752818 ], [ -57.0029225102925, -29.769135760292407 ], [ -57.012340625445333, -29.767655161293352 ] ] ] } },
{ "type": "Feature", "properties": { "cd_setor": "432240005000121", "situacao": "Rural", "populacao_total": 381, "domicilios_total": 127, "area_km2": 226.3298374446866, "densidade_demografica_hab_km2": 1.6833838803649284, "sem_dado": false }, "geometry": { "type": "Polygon", "coordinates": [ [ [ -57.034279940983694, -29.766015342024705 ], [ -57.025288215885034, -29.76714788286009 ], [ -57.012340625445333, -29.767655161293352 ], [ -57.0029225102925, -29.769135760292407 ], [ -56.996611366816893, -29.771485514752818 ], [ -56.978839590820762, -29.774851709156618 ], [ -56.972190930118281, -29.7745575700676 ], [ -56.956815561892931, -29.778223199416587 ], [ -56.954201930829825, -29.778027376737167 ], [ -56.950994943351077, -29.774464048803932 ], [ -56.943770158077442, -29.772508797202512 ], [ -56.91748246659197, -29.7722030748089 ], [ -56.901708726878176, -29.769572857914383 ], [ -56.89181475222513, -29.767011782867055 ], [ -56.884338874354164, -29.768712929650494 ], [ -56.876328525311656, -29.766314902527643 ], [ -56.875117132280955, -29.767142687366054 ], [ -56.86750569648985, -29.768599667488363 ], [ -56.863586773257332, -29.767521626058798 ], [ -56.859992863895265, -29.76851081026987 ], [ -56.853767538158174, -29.767983335456336 ], [ -56.851474212795992, -29.772389188750537 ], [ -56.846185025336204, -29.775522274022769 ], [ -56.83995416066913, -29.777987583963082 ], [ -56.830844377541084, -29.778886791368731 ], [ -56.822011019659129, -29.785951011928798 ], [ -56.813918462189342, -29.786151324506562 ], [ -56.800974509122952, -29.791452225080967 ], [ -56.783768284547428, -29.793458136072672 ], [ -56.752181916975019, -29.788522702962176 ], [ -56.725784231075231, -29.789522539411657 ], [ -56.727646480644196, -29.792006148430371 ], [ -56.726718453371312, -29.798290611481526 ], [ -56.729347122390116, -29.805257838818381 ], [ -56.730494488768429, -29.82960733516077 ], [ -56.731586172835286, -29.831305112260385 ], [ -56.733238686233236, -29.831556772500122 ], [ -56.744399840974751, -29.824864487328803 ], [ -56.746885714074274, -29.828757541396978 ], [ -56.752241378227858, -29.841245881044873 ], [ -56.756891452041344, -29.848418377967189 ], [ -56.759368198027474, -29.859392281820604 ], [ -56.768369083731933, -29.857081682657004 ], [ -56.776448318437595, -29.858770263353289 ], [ -56.781395588823052, -29.86096691408757 ], [ -56.788673167691407, -29.865631616185038 ], [ -56.79304212814661, -29.872758280780921 ], [ -56.797304680191139, -29.876534104726158 ], [ -56.869979053614415, -29.869061556032349 ], [ -56.895255034331605, -29.862731156076958 ], [ -56.913258453747076, -29.854862727986227 ], [ -56.925192949277061, -29.848585162733524 ], [ -56.961909804713954, -29.834943308391878 ], [ -56.972792920376342, -29.831650198938288 ], [ -56.983797408188224, -29.825215137306952 ], [ -56.994871614544934, -29.818036740343832 ], [ -57.001427186897118, -29.812591977712191 ], [ -57.015046889893227, -29.791605482650535 ], [ -57.028030808883805, -29.780256790226876 ], [ -57.027745482605823, -29.771945383445509 ], [ -57.030714382773375, -29.770136755551118 ], [ -57.034279940983694, -29.766015342024705 ] ] ] } },
{ "type": "Feature", "properties": { "cd_setor": "432240005000122", "situacao": "Rural", "populacao_total": 218, "domicilios_total": 87, "area_km2": 242.99332599219551, "densidade_demografica_hab_km2": 0.89714398167051612, "sem_dado": false }, "geometry": { "type": "Polygon", "coordinates": [ [ [ -56.983797408188224, -29.825215137306952 ], [ -56.972792920376342, -29.831650198938288 ], [ -56.961909804713954, -29.834943308391878 ], [ -56.925192949277061, -29.848585162733524 ], [ -56.913258453747076, -29.854862727986227 ], [ -56.895255034331605, -29.862731156076958 ], [ -56.869979053614415, -29.869061556032349 ], [ -56.797304680191139, -29.876534104726158 ], [ -56.779765395564603, -29.878180849797122 ], [ -56.770138390832741, -29.879885339127313 ], [ -56.753731351150272, -29.884138474303672 ], [ -56.749397439616274, -29.885712107490665 ], [ -56.74717243412897, -29.887616565811911 ], [ -56.717594490985192, -29.896443100935702 ], [ -56.667317280326436, -29.914170855862295 ], [ -56.673963728773053, -29.916172221148795 ], [ -56.678453192035995, -29.913702751877825 ], [ -56.680278203585758, -29.913395243404153 ], [ -56.686768811121553, -29.914248828902149 ], [ -56.693343849804869, -29.91262074160765 ], [ -56.69919056147689, -29.913067384449306 ], [ -56.702639488519779, -29.915402375201793 ], [ -56.704082554586037, -29.915406257962282 ], [ -56.723489161977184, -29.929223429652357 ], [ -56.726982798512708, -29.929230637022279 ], [ -56.732951441393539, -29.927164217945254 ], [ -56.735457017614976, -29.927603652742601 ], [ -56.742012098201691, -29.933480305103242 ], [ -56.744052690539419, -29.937393083241826 ], [ -56.746900771174452, -29.938175850701629 ], [ -56.74826439985992, -29.939542236942181 ], [ -56.755327235628151, -29.940735542953348 ], [ -56.760747299258455, -29.945058029850024 ], [ -56.765452625534088, -29.947609960139758 ], [ -56.770882670059642, -29.948518550211272 ], [ -56.775924125406938, -29.953832707651426 ], [ -56.782073627101077, -29.956076853280692 ], [ -56.786203404627109, -29.960582401612658 ], [ -56.78901287716171, -29.961951837232974 ], [ -56.79626655057266, -29.963669865814232 ], [ -56.801911636436536, -29.97165152676984 ], [ -56.805591403025424, -29.974790962735725 ], [ -56.803599766254955, -29.982668767119684 ], [ -56.803862002429838, -29.984808770918487 ], [ -56.805681751854038, -29.987294324418688 ], [ -56.805450927679864, -29.989217940933859 ], [ -56.807382620085939, -29.991299048579723 ], [ -56.809357917454449, -29.992232375624432 ], [ -56.811552963118672, -29.997510156146934 ], [ -56.819923059944372, -30.003914301763448 ], [ -56.821743641318498, -30.006150965782638 ], [ -56.82253865735963, -30.007972911007847 ], [ -56.819793383439489, -30.012188765731118 ], [ -56.819944500550839, -30.013058211522651 ], [ -56.827939016212753, -30.015401238290792 ], [ -56.860686571895386, -29.983164635676189 ], [ -56.876462147619371, -29.966455918927419 ], [ -56.881329925402909, -29.960195883803912 ], [ -56.895346670499812, -29.956101370146193 ], [ -56.907239203481375, -29.946669631115739 ], [ -56.917741754879479, -29.942300687395594 ], [ -56.921399801064737, -29.935932601647696 ], [ -56.921646721477558, -29.931342867861037 ], [ -56.931438139404491, -29.923916142406394 ], [ -56.961600524607064, -29.91413293575895 ], [ -56.95862657075525, -29.90639820852482 ], [ -56.965852888260528, -29.884398127321049 ], [ -56.967916161853779, -29.871099476932145 ], [ -56.971165578919354, -29.862036664522574 ], [ -56.978977781867819, -29.848542155835823 ], [ -56.978532755016353, -29.844324092494908 ], [ -56.985874730721413, -29.840448774553323 ], [ -56.983562744959151, -29.836051274304602 ], [ -56.986619113601236, -29.828499577283601 ], [ -56.985452148377419, -29.826292077181321 ], [ -56.983797408188224, -29.825215137306952 ] ] ] } },
{ "type": "Feature", "properties": { "cd_setor": "432240005000123", "situacao": "Rural", "populacao_total": 251, "domicilios_total": 97, "area_km2": 438.18042089361995, "densidade_demografica_hab_km2": 0.57282340340107751, "sem_dado": false }, "geometry": { "type": "Polygon", "coordinates": [ [ [ -57.151785757798919, -30.056766611258432 ], [ -57.119928936027854, -30.020895556279083 ], [ -57.122059897687031, -29.991779370402924 ], [ -57.121453907881723, -29.96486820112532 ], [ -57.122907761773021, -29.956817343369202 ], [ -57.120203249797477, -29.94830344680279 ], [ -57.118429056854644, -29.945910671204469 ], [ -57.113260402722297, -29.944881524327926 ], [ -57.101113937693029, -29.946890191963668 ], [ -57.075484571747552, -29.944297240174027 ], [ -57.06775813548456, -29.945771721010711 ], [ -57.053814178247919, -29.951478738047459 ], [ -57.045166933798761, -29.958594902301552 ], [ -57.010644442375231, -29.955032541829048 ], [ -56.976705212521729, -29.938012925842479 ], [ -56.97668740682078, -29.933075692426197 ], [ -56.974394865427357, -29.928663192139403 ], [ -56.971487045501519, -29.924905418191749 ], [ -56.964460304744371, -29.92075793870611 ], [ -56.961600524607064, -29.91413293575895 ], [ -56.931438139404491, -29.923916142406394 ], [ -56.921646721477558, -29.931342867861037 ], [ -56.921399801064737, -29.935932601647696 ], [ -56.917741754879479, -29.942300687395594 ], [ -56.907239203481375, -29.946669631115739 ], [ -56.895346670499812, -29.956101370146193 ], [ -56.881329925402909, -29.960195883803912 ], [ -56.876462147619371, -29.966455918927419 ], [ -56.860686571895386, -29.983164635676189 ], [ -56.827939016212753, -30.015401238290792 ], [ -56.834422128966224, -30.017203714715642 ], [ -56.837959094357956, -30.016369531024605 ], [ -56.839630222854218, -30.017302581574132 ], [ -56.841146362838288, -30.020470360121074 ], [ -56.843120551189827, -30.021775632446833 ], [ -56.848177532865073, -30.021874499945529 ], [ -56.8509111809826, -30.02491838410808 ], [ -56.852615658184391, -30.028530885077867 ], [ -56.854641791712929, -30.029898935096007 ], [ -56.866020501827805, -30.032821393108911 ], [ -56.867310244278109, -30.034746947543645 ], [ -56.866088040767103, -30.039626408352927 ], [ -56.867200557964253, -30.041242240613936 ], [ -56.871433380840372, -30.04379222832095 ], [ -56.869499222590989, -30.047761412316127 ], [ -56.873931226912013, -30.052668348980273 ], [ -56.876567401439615, -30.060500855541981 ], [ -56.879856891596042, -30.064365016924242 ], [ -56.881613595179246, -30.068637519127424 ], [ -56.878652498639212, -30.075003101851017 ], [ -56.880731426066703, -30.079146991262085 ], [ -56.882854502718978, -30.080154206679882 ], [ -56.887425093669407, -30.080553354672638 ], [ -56.888678718931445, -30.081447240222488 ], [ -56.888900953318895, -30.08331029906072 ], [ -56.884810657649588, -30.085386154638833 ], [ -56.883959271371758, -30.086936439588701 ], [ -56.884084558286439, -30.08838866457484 ], [ -56.885091509518212, -30.088298104498435 ], [ -56.889285996939321, -30.090515869340038 ], [ -56.890437153668486, -30.097091434896544 ], [ -56.89207496718123, -30.101299770762978 ], [ -56.894587227155441, -30.104745045588373 ], [ -56.90438179762706, -30.114443636687234 ], [ -56.905476526307218, -30.114183353623474 ], [ -56.90620068831813, -30.112438068783693 ], [ -56.904692608761515, -30.110134736697809 ], [ -56.904934547890754, -30.108888899502304 ], [ -56.908982634068657, -30.10911499376321 ], [ -56.911915446278776, -30.111437208668022 ], [ -56.914232408604789, -30.111629421386489 ], [ -56.914957955375762, -30.10915496822313 ], [ -56.911746231058281, -30.103095801598649 ], [ -56.915991787886917, -30.097896604937333 ], [ -56.917812352287861, -30.097130484282257 ], [ -56.926171854959009, -30.096719336390255 ], [ -56.932125219359676, -30.094594306043163 ], [ -56.934597461950354, -30.095028740869001 ], [ -56.942844211325827, -30.099081492451347 ], [ -56.956561272982334, -30.102236440738022 ], [ -56.963347419574752, -30.099833628407332 ], [ -56.970897188292483, -30.098399426101146 ], [ -56.976936121859616, -30.098572733910256 ], [ -56.981445830947642, -30.090509640782134 ], [ -56.983064723691335, -30.089125186262461 ], [ -56.992169221025755, -30.086841530925078 ], [ -57.00293791775443, -30.088207876687342 ], [ -57.020304709359372, -30.088103357465119 ], [ -57.023213622609163, -30.088691679637794 ], [ -57.028439238288968, -30.092630832749165 ], [ -57.029539536435635, -30.0948177773972 ], [ -57.030065684921937, -30.100728899565041 ], [ -57.031644317107038, -30.102430563283754 ], [ -57.044096648734936, -30.105851628603386 ], [ -57.047727222845722, -30.104501887746768 ], [ -57.04978472496196, -30.102259096084346 ], [ -57.056545315517205, -30.099826006011568 ], [ -57.06595539612249, -30.10205347058826 ], [ -57.067771518567817, -30.101740684303625 ], [ -57.067856216353825, -30.097333174033356 ], [ -57.066363397006931, -30.091913446038742 ], [ -57.065313385792763, -30.091273726888268 ], [ -57.061748916212522, -30.091379020213964 ], [ -57.061068350826979, -30.090513465634462 ], [ -57.061395567647807, -30.089146516709146 ], [ -57.064675855535242, -30.086756775021453 ], [ -57.069926173063287, -30.087082586536965 ], [ -57.078683491598085, -30.092910339795786 ], [ -57.085473028383106, -30.100536716638889 ], [ -57.087405304555851, -30.107573113015768 ], [ -57.089968114696809, -30.110011718580342 ], [ -57.090691741854208, -30.11191477529341 ], [ -57.09029897196946, -30.113800614545063 ], [ -57.088833129146337, -30.113992010166058 ], [ -57.086489488041536, -30.111692570640269 ], [ -57.085132811578767, -30.111691743137854 ], [ -57.084632270628461, -30.114894530252979 ], [ -57.088796499531036, -30.120550636141587 ], [ -57.092190978695207, -30.122346736679692 ], [ -57.09433571036724, -30.121287558414682 ], [ -57.095458743551468, -30.115931986025302 ], [ -57.104745201037318, -30.116212224493154 ], [ -57.108754957218778, -30.117096653672462 ], [ -57.11476221060407, -30.114958567489442 ], [ -57.115634703073589, -30.11252939162992 ], [ -57.121395837033425, -30.109243248380928 ], [ -57.134022197833005, -30.088298702727919 ], [ -57.13841047841882, -30.073451428364962 ], [ -57.136286262038695, -30.067393368349851 ], [ -57.136169855839235, -30.064492529008373 ], [ -57.151785757798919, -30.056766611258432 ] ] ] } },
{ "type": "Feature", "properties": { "cd_setor": "432240005000124", "situacao": "Rural", "populacao_total": 587, "domicilios_total": 203, "area_km2": 330.06726559451459, "densidade_demografica_hab_km2": 1.7784253732120334, "sem_dado": false }, "geometry": { "type": "Polygon", "coordinates": [ [ [ -57.203636000849457, -29.984827338317302 ], [ -57.178511145806951, -29.944144854432118 ], [ -57.151742992225387, -29.911644617787886 ], [ -57.148407395235559, -29.908548513933212 ], [ -57.116405926261081, -29.885874154843428 ], [ -57.109066303336633, -29.863521635360414 ], [ -57.109102054921614, -29.848921046408371 ], [ -57.107444771469261, -29.840136866795721 ], [ -57.098820709581773, -29.820354080659289 ], [ -57.094003103405328, -29.80759129425482 ], [ -57.091870817197972, -29.798905172366254 ], [ -57.08943829614519, -29.798270459052748 ], [ -57.088443282446043, -29.79710212728428 ], [ -57.086609379513071, -29.796950190302471 ], [ -57.083891032609294, -29.798019648771007 ], [ -57.079636852995876, -29.801174674109109 ], [ -57.077662393777096, -29.801073571175611 ], [ -57.072160949950081, -29.798332199438683 ], [ -57.068448154706559, -29.799985830146344 ], [ -57.064330906985802, -29.800725016037727 ], [ -57.058861422042938, -29.800524205532813 ], [ -57.054151372495674, -29.797730330293589 ], [ -57.051570228580886, -29.795189224344242 ], [ -57.046644627899333, -29.793462852461346 ], [ -57.040009020302946, -29.792702323401507 ], [ -57.038176789294312, -29.793490666341409 ], [ -57.036437626599053, -29.796439847177641 ], [ -57.030048076331411, -29.785747627595015 ], [ -57.028634171572179, -29.784730686829334 ], [ -57.027763320884532, -29.782748463757173 ], [ -57.028030808883805, -29.780256790226876 ], [ -57.015046889893227, -29.791605482650535 ], [ -57.001427186897118, -29.812591977712191 ], [ -56.994871614544934, -29.818036740343832 ], [ -56.983797408188224, -29.825215137306952 ], [ -56.985452148377419, -29.826292077181321 ], [ -56.986619113601236, -29.828499577283601 ], [ -56.983562744959151, -29.836051274304602 ], [ -56.985874730721413, -29.840448774553323 ], [ -56.978532755016353, -29.844324092494908 ], [ -56.978977781867819, -29.848542155835823 ], [ -56.971165578919354, -29.862036664522574 ], [ -56.967916161853779, -29.871099476932145 ], [ -56.965852888260528, -29.884398127321049 ], [ -56.95862657075525, -29.90639820852482 ], [ -56.961600524607064, -29.91413293575895 ], [ -56.964460304744371, -29.92075793870611 ], [ -56.971487045501519, -29.924905418191749 ], [ -56.974394865427357, -29.928663192139403 ], [ -56.97668740682078, -29.933075692426197 ], [ -56.976705212521729, -29.938012925842479 ], [ -57.010644442375231, -29.955032541829048 ], [ -57.045166933798761, -29.958594902301552 ], [ -57.053814178247919, -29.951478738047459 ], [ -57.06775813548456, -29.945771721010711 ], [ -57.075484571747552, -29.944297240174027 ], [ -57.101113937693029, -29.946890191963668 ], [ -57.113260402722297, -29.944881524327926 ], [ -57.118429056854644, -29.945910671204469 ], [ -57.120203249797477, -29.94830344680279 ], [ -57.122907761773021, -29.956817343369202 ], [ -57.121453907881723, -29.96486820112532 ], [ -57.122059897687031, -29.991779370402924 ], [ -57.119928936027854, -30.020895556279083 ], [ -57.151785757798919, -30.056766611258432 ], [ -57.155484137065237, -30.060165769658411 ], [ -57.167093929158504, -30.057748769913278 ], [ -57.170032274869115, -30.056203198269099 ], [ -57.17215922158433, -30.053906517317575 ], [ -57.173053087306002, -30.048692057347413 ], [ -57.174101697466412, -30.047194827264676 ], [ -57.17713171114471, -30.045762588815979 ], [ -57.182340076265611, -30.044759508637966 ], [ -57.187355374350275, -30.041979203085443 ], [ -57.214889349956586, -30.022361818651081 ], [ -57.217455496527158, -30.025361258790049 ], [ -57.219654406740439, -30.026334029300056 ], [ -57.230725834678751, -30.019190910199328 ], [ -57.227473840022434, -30.01445730245878 ], [ -57.203636000849457, -29.984827338317302 ] ] ] } },
{ "type": "Feature", "properties": { "cd_setor": "432240005000125", "situacao": "Rural", "populacao_total": 414, "domicilios_total": 143, "area_km2": 361.93458930024838, "densidade_demografica_hab_km2": 1.1438530945616805, "sem_dado": false }, "geometry": { "type": "Polygon", "coordinates": [ [ [ -57.328426546399456, -29.972070385262132 ], [ -57.325005269084244, -29.947043677370587 ], [ -57.325432463436293, -29.941576163309776 ], [ -57.323193534608293, -29.937350330127479 ], [ -57.323827923784108, -29.926770581502502 ], [ -57.329287229010383, -29.895197987346581 ], [ -57.328125191715259, -29.880213514254358 ], [ -57.318520609074461, -29.867895749925811 ], [ -57.294836902035293, -29.831632436226553 ], [ -57.272773860488485, -29.812814432428702 ], [ -57.242482396133056, -29.788543117851937 ], [ -57.227350016182136, -29.779754829103915 ], [ -57.211568785136024, -29.778544893639378 ], [ -57.188242250840879, -29.782460279764756 ], [ -57.170906007532949, -29.781073128266872 ], [ -57.139116293556562, -29.773705191319713 ], [ -57.133635961974669, -29.771125486539137 ], [ -57.127997082401698, -29.780031642018354 ], [ -57.12762709190477, -29.782204704115443 ], [ -57.128094602518999, -29.783500816196799 ], [ -57.131334631332692, -29.784488860208803 ], [ -57.132780761151636, -29.785974412997245 ], [ -57.134831328867726, -29.785514680989913 ], [ -57.136160786775775, -29.786213288032762 ], [ -57.133183564946194, -29.790104142933664 ], [ -57.132985524027085, -29.792971928102308 ], [ -57.12166101348199, -29.795702260364155 ], [ -57.114472376353916, -29.80028424590196 ], [ -57.108427330781609, -29.799908159686787 ], [ -57.102836192157504, -29.802174855353428 ], [ -57.098874778639932, -29.802864596028801 ], [ -57.097258932976281, -29.802738213734759 ], [ -57.091870817197972, -29.798905172366254 ], [ -57.094003103405328, -29.80759129425482 ], [ -57.098820709581773, -29.820354080659289 ], [ -57.107444771469261, -29.840136866795721 ], [ -57.109102054921614, -29.848921046408371 ], [ -57.109066303336633, -29.863521635360414 ], [ -57.116405926261081, -29.885874154843428 ], [ -57.148407395235559, -29.908548513933212 ], [ -57.151742992225387, -29.911644617787886 ], [ -57.178511145806951, -29.944144854432118 ], [ -57.203636000849457, -29.984827338317302 ], [ -57.227473840022434, -30.01445730245878 ], [ -57.241808617480757, -30.006035277600041 ], [ -57.243608618135163, -30.0038699872458 ], [ -57.245453322396244, -29.998363300329995 ], [ -57.249758330476233, -29.994333550602093 ], [ -57.257346350245491, -29.978397371227711 ], [ -57.257763004790945, -29.975728196792627 ], [ -57.256221587429579, -29.972652918737214 ], [ -57.263850523340935, -29.971287049608566 ], [ -57.271119720670974, -29.967488954352522 ], [ -57.277516094255667, -29.956675013792363 ], [ -57.282761659846599, -29.951798035917705 ], [ -57.288045862077553, -29.951386067883206 ], [ -57.292068661566965, -29.950124936690383 ], [ -57.295898142037835, -29.951639923654966 ], [ -57.299973445722344, -29.951054904861135 ], [ -57.303428483244815, -29.953309339527877 ], [ -57.306460727318552, -29.953329882118439 ], [ -57.308841284411479, -29.950585976875104 ], [ -57.310934077761907, -29.950687357011113 ], [ -57.310244095524723, -29.95470042450528 ], [ -57.311146890367006, -29.956572369262418 ], [ -57.315748886939531, -29.95995485707401 ], [ -57.319395895231217, -29.966615134079767 ], [ -57.322252598619905, -29.969484294889494 ], [ -57.328426546399456, -29.972070385262132 ] ] ] } },
{ "type": "Feature", "properties": { "cd_setor": "432240005000126", "situacao": "Rural", "populacao_total": 278, "domicilios_total": 275, "area_km2": 0.17231646891813482, "densidade_demografica_hab_km2": 1613.3106820571745, "sem_dado": false }, "geometry": { "type": "Polygon", "coordinates": [ [ [ -57.097674099011108, -29.831829389518482 ], [ -57.094339922225601, -29.834302464934034 ], [ -57.095929111098037, -29.836222462538231 ], [ -57.097696625601927, -29.836540789060333 ], [ -57.100562191329544, -29.834678828148498 ], [ -57.097674099011108, -29.831829389518482 ] ] ] } },
{ "type": "Feature", "properties": { "cd_setor": "432240020000001", "situacao": "Urbana", "populacao_total": 212, "domicilios_total": 64, "area_km2": 0.22015316685980885, "densidade_demografica_hab_km2": 962.96593423522859, "sem_dado": false }, "geometry": { "type": "Polygon", "coordinates": [ [ [ -56.684870811674749, -29.475666137655729 ], [ -56.684906066396337, -29.471411405133463 ], [ -56.683251612276251, -29.471831690854504 ], [ -56.683032726291898, -29.472651138172751 ], [ -56.677264358580075, -29.47399977670042 ], [ -56.677486030502827, -29.474666166250049 ], [ -56.677996598180968, -29.476203945556257 ], [ -56.683059406625325, -29.475110310595745 ], [ -56.683019687607086, -29.475747534505057 ], [ -56.684870811674749, -29.475666137655729 ] ] ] } },
{ "type": "Feature", "properties": { "cd_setor": "432240020000002", "situacao": "Rural", "populacao_total": 386, "domicilios_total": 119, "area_km2": 221.60872137842782, "densidade_demografica_hab_km2": 1.741808704996096, "sem_dado": false }, "geometry": { "type": "Polygon", "coordinates": [ [ [ -56.834812825795687, -29.493346105341221 ], [ -56.81565512438079, -29.481848658689476 ], [ -56.799290750438807, -29.465605077838084 ], [ -56.780515475545947, -29.440183985162612 ], [ -56.777874578713472, -29.432069532491731 ], [ -56.777445927831266, -29.42536840722655 ], [ -56.778787851098578, -29.41972699927609 ], [ -56.770598338759854, -29.418125640911054 ], [ -56.75156955628271, -29.411921539214489 ], [ -56.743158100753689, -29.410847960789578 ], [ -56.730739370822391, -29.4055268889974 ], [ -56.703112753041964, -29.400186714140769 ], [ -56.69501797401238, -29.400504804346955 ], [ -56.686939874462091, -29.403149844500273 ], [ -56.683245417016792, -29.405664310435192 ], [ -56.681909856754338, -29.406572095979151 ], [ -56.677754030132611, -29.413307962849515 ], [ -56.674476006854832, -29.423559112239889 ], [ -56.67122043841254, -29.425513297221094 ], [ -56.667380410556369, -29.425502757722889 ], [ -56.660469237620283, -29.423345281496044 ], [ -56.658342288248392, -29.425262239440752 ], [ -56.654159210176751, -29.426685315923418 ], [ -56.638632426960001, -29.425937045806574 ], [ -56.62564789114591, -29.42643321246431 ], [ -56.624707056797774, -29.427495718953043 ], [ -56.627363466690639, -29.427816819714955 ], [ -56.625550413076041, -29.430577389485656 ], [ -56.625225699703002, -29.43262795132145 ], [ -56.627578525008779, -29.438205454850703 ], [ -56.627219927476659, -29.441165463451462 ], [ -56.625470206309885, -29.443678532361339 ], [ -56.622552141566473, -29.445866883163749 ], [ -56.619543511719975, -29.446429119335029 ], [ -56.61484206830697, -29.442689407829988 ], [ -56.611806212343168, -29.442575809158331 ], [ -56.608509530237654, -29.44412443779013 ], [ -56.606633693562685, -29.446001672372631 ], [ -56.607070653252656, -29.448211120289766 ], [ -56.60852483387746, -29.448835560142832 ], [ -56.612708739906999, -29.446421647940756 ], [ -56.614693489043759, -29.448712756236102 ], [ -56.6130257355222, -29.455360279164324 ], [ -56.609650137741227, -29.452114452185402 ], [ -56.606739003627965, -29.451768352436456 ], [ -56.60458565834054, -29.452438085284058 ], [ -56.604963165485678, -29.453244196748269 ], [ -56.609041254441891, -29.45394418134693 ], [ -56.609095711781201, -29.456230019934701 ], [ -56.60801043748306, -29.458305307235662 ], [ -56.600201489919328, -29.457932283495474 ], [ -56.597864795605858, -29.455975899699151 ], [ -56.598477004307966, -29.452690889251219 ], [ -56.597666704310974, -29.449701441023933 ], [ -56.596535296552979, -29.447750607744208 ], [ -56.594923337837315, -29.447278668915732 ], [ -56.593618338854647, -29.449196734541289 ], [ -56.592067772094076, -29.449204518830051 ], [ -56.591863579531413, -29.444737008954672 ], [ -56.590061345102818, -29.444895627991645 ], [ -56.5891599698204, -29.448582029509602 ], [ -56.585637144489795, -29.444556756809096 ], [ -56.575775108491555, -29.440895678175067 ], [ -56.575798772204074, -29.45049209003577 ], [ -56.574778773439732, -29.452072653660103 ], [ -56.572564313596857, -29.452195718781976 ], [ -56.572191246458026, -29.45057154977296 ], [ -56.570197891432805, -29.449249332716079 ], [ -56.566800948097018, -29.453964080493204 ], [ -56.564708156107343, -29.454143256351493 ], [ -56.562181186183295, -29.452837430456039 ], [ -56.560545606806286, -29.450650765376171 ], [ -56.560491982749078, -29.448352426738538 ], [ -56.559135302657076, -29.447697708618975 ], [ -56.553680001845173, -29.450731072081645 ], [ -56.545075770201457, -29.450273606987885 ], [ -56.543248284574965, -29.455333904594411 ], [ -56.541784949796238, -29.457014470319262 ], [ -56.540612720887403, -29.457348920474786 ], [ -56.539542429716938, -29.456320589145456 ], [ -56.540566588935732, -29.453595856077733 ], [ -56.537493239034319, -29.454649204808305 ], [ -56.536259061323953, -29.45426865350105 ], [ -56.531490164521003, -29.459160907460319 ], [ -56.530716005910676, -29.46166452783952 ], [ -56.527017928378825, -29.462559823250228 ], [ -56.525963760138168, -29.463673441454826 ], [ -56.522897346486978, -29.463219564306282 ], [ -56.522115699190394, -29.467803189726862 ], [ -56.520242914151972, -29.468964867029445 ], [ -56.521405709630464, -29.470657088458932 ], [ -56.519884589919833, -29.471106262574267 ], [ -56.520416821982565, -29.472198762976653 ], [ -56.517840152166912, -29.475048225067287 ], [ -56.517636277619602, -29.477942121775854 ], [ -56.514892635288028, -29.475879628296831 ], [ -56.514068465318658, -29.476371299597439 ], [ -56.514692090483102, -29.47811241228958 ], [ -56.513803753614653, -29.478646861739666 ], [ -56.511815953963975, -29.477289366793002 ], [ -56.512401774422081, -29.474155467905373 ], [ -56.5111525802957, -29.470793242813759 ], [ -56.504566408750208, -29.468496042619922 ], [ -56.50422696917154, -29.469837991718887 ], [ -56.500821662888718, -29.469152448761321 ], [ -56.498898575727296, -29.465927171254975 ], [ -56.497468845265999, -29.466321900411028 ], [ -56.496100516026758, -29.468892190111479 ], [ -56.492184386397717, -29.470714988670625 ], [ -56.489067415458088, -29.470014722246113 ], [ -56.486803512365078, -29.470428621605492 ], [ -56.482790404589466, -29.46621307266879 ], [ -56.481395398170619, -29.46689558015143 ], [ -56.481827922224078, -29.470722532020609 ], [ -56.475075083883787, -29.468628944107238 ], [ -56.485129678016357, -29.482635046931918 ], [ -56.489684738233343, -29.487587817578138 ], [ -56.498352397300415, -29.505136156859741 ], [ -56.499395780617718, -29.512878671108915 ], [ -56.498178032306122, -29.519875359698194 ], [ -56.503067821218956, -29.525554519515342 ], [ -56.504941215775453, -29.534237032510607 ], [ -56.507731519872472, -29.535335079001197 ], [ -56.5148407406449, -29.535771716901692 ], [ -56.520683023112568, -29.539008922384131 ], [ -56.520056823084644, -29.523623332544219 ], [ -56.521371536201698, -29.520217763302313 ], [ -56.527607073162336, -29.508549653595175 ], [ -56.535480156688195, -29.503208496662765 ], [ -56.539609065512735, -29.501369863833514 ], [ -56.548535511668049, -29.499983711984392 ], [ -56.556088630948359, -29.501600628649598 ], [ -56.565501201684121, -29.502033645785467 ], [ -56.582750486138522, -29.500673014647674 ], [ -56.595471119765293, -29.498071288409196 ], [ -56.598581975631696, -29.498063775345649 ], [ -56.608397894045751, -29.500592906895598 ], [ -56.617690489021818, -29.505621213269063 ], [ -56.621419405109918, -29.505648975467548 ], [ -56.631674177984713, -29.50132392210589 ], [ -56.648857844136728, -29.488641041937122 ], [ -56.656782044569326, -29.48432460949611 ], [ -56.666759846772273, -29.475590102337911 ], [ -56.672546834262008, -29.475796745223704 ], [ -56.677486030502827, -29.474666166250049 ], [ -56.677264358580075, -29.47399977670042 ], [ -56.683032726291898, -29.472651138172751 ], [ -56.683251612276251, -29.471831690854504 ], [ -56.684906066396337, -29.471411405133463 ], [ -56.684870811674749, -29.475666137655729 ], [ -56.68656613879979, -29.482430591121208 ], [ -56.700569691862107, -29.504006694840456 ], [ -56.725132699978325, -29.513579114403104 ], [ -56.731278564884327, -29.511231582999475 ], [ -56.733282176823366, -29.508743235336759 ], [ -56.735149411495897, -29.508550727032748 ], [ -56.736391358336704, -29.507351274520911 ], [ -56.741534170607963, -29.50685875173907 ], [ -56.747439759330398, -29.505121222795683 ], [ -56.751398941584249, -29.502746478298235 ], [ -56.751365039502573, -29.500388695066693 ], [ -56.755210893363142, -29.499063120203473 ], [ -56.757716436045172, -29.493419207389785 ], [ -56.757474477189611, -29.491112536263593 ], [ -56.760293926703866, -29.488323073350966 ], [ -56.756826379272447, -29.484247244905088 ], [ -56.764501705166445, -29.482906098367934 ], [ -56.763647509767445, -29.478794425524725 ], [ -56.765326685035134, -29.478150250275295 ], [ -56.763903321630295, -29.474543303240857 ], [ -56.765363876537982, -29.472500792254639 ], [ -56.767581675250213, -29.473395785067087 ], [ -56.770608107691451, -29.477348837299971 ], [ -56.778981255810258, -29.483192704884356 ], [ -56.778065981079706, -29.484952712905631 ], [ -56.779344058545931, -29.487262157458165 ], [ -56.788879161195531, -29.493411854187066 ], [ -56.800301193903081, -29.494461530880312 ], [ -56.805452358388294, -29.497405960638194 ], [ -56.81098405302118, -29.495226209996854 ], [ -56.826870014941761, -29.497757815844782 ], [ -56.834812825795687, -29.493346105341221 ] ] ] } },
{ "type": "Feature", "properties": { "cd_setor": "432240020000003", "situacao": "Rural", "populacao_total": 306, "domicilios_total": 111, "area_km2": 330.01377175387825, "densidade_demografica_hab_km2": 0.92723403139736993, "sem_dado": false }, "geometry": { "type": "Polygon", "coordinates": [ [ [ -56.762113866808974, -29.525588987409375 ], [ -56.725132699978325, -29.513579114403104 ], [ -56.700569691862107, -29.504006694840456 ], [ -56.68656613879979, -29.482430591121208 ], [ -56.684870811674749, -29.475666137655729 ], [ -56.683019687607086, -29.475747534505057 ], [ -56.683059406625325, -29.475110310595745 ], [ -56.677996598180968, -29.476203945556257 ], [ -56.677486030502827, -29.474666166250049 ], [ -56.672546834262008, -29.475796745223704 ], [ -56.666759846772273, -29.475590102337911 ], [ -56.656782044569326, -29.48432460949611 ], [ -56.648857844136728, -29.488641041937122 ], [ -56.631674177984713, -29.50132392210589 ], [ -56.621419405109918, -29.505648975467548 ], [ -56.617690489021818, -29.505621213269063 ], [ -56.608397894045751, -29.500592906895598 ], [ -56.598581975631696, -29.498063775345649 ], [ -56.595471119765293, -29.498071288409196 ], [ -56.582750486138522, -29.500673014647674 ], [ -56.565501201684121, -29.502033645785467 ], [ -56.556088630948359, -29.501600628649598 ], [ -56.548535511668049, -29.499983711984392 ], [ -56.539609065512735, -29.501369863833514 ], [ -56.535480156688195, -29.503208496662765 ], [ -56.527607073162336, -29.508549653595175 ], [ -56.521371536201698, -29.520217763302313 ], [ -56.520056823084644, -29.523623332544219 ], [ -56.520683023112568, -29.539008922384131 ], [ -56.518719142266981, -29.543078662602674 ], [ -56.520315002378254, -29.54584366253599 ], [ -56.516850570418676, -29.552710082417832 ], [ -56.516059471895076, -29.556051482633279 ], [ -56.515810658021266, -29.570040683849392 ], [ -56.513926011618622, -29.586331564081799 ], [ -56.514067695147432, -29.589210737039672 ], [ -56.516285522517578, -29.595293242265367 ], [ -56.515125381663964, -29.621702754668124 ], [ -56.516758224889124, -29.631424437663519 ], [ -56.516458793165064, -29.634128056482364 ], [ -56.514639903212291, -29.636337513847536 ], [ -56.51752854830346, -29.63868667396288 ], [ -56.532547316226577, -29.647297742386886 ], [ -56.533363439195661, -29.648370519283379 ], [ -56.532234548517565, -29.649535526808847 ], [ -56.531921225110771, -29.651748033394647 ], [ -56.53253984568444, -29.652646921818821 ], [ -56.542276892343224, -29.658326894333868 ], [ -56.544876924092016, -29.660650500020171 ], [ -56.557022867863687, -29.664645736130858 ], [ -56.56396125221189, -29.664743484909437 ], [ -56.574261914205948, -29.670448177265349 ], [ -56.585550325976087, -29.669787572565308 ], [ -56.588007568994698, -29.670317841242628 ], [ -56.590591216397769, -29.673485337858551 ], [ -56.591511530179332, -29.67878729098457 ], [ -56.591378509968131, -29.6853531404292 ], [ -56.592710768189569, -29.690109534959728 ], [ -56.607601171937915, -29.693311424162264 ], [ -56.623864382368623, -29.699936926742279 ], [ -56.626339958385977, -29.700383584014084 ], [ -56.627276351229717, -29.699869134402213 ], [ -56.632851093011055, -29.696087157496567 ], [ -56.641359167252467, -29.688299880977905 ], [ -56.639146074552073, -29.684492936883036 ], [ -56.638297439043079, -29.681197932680554 ], [ -56.636722096352187, -29.671532083150176 ], [ -56.637024020447825, -29.667455961128333 ], [ -56.641855372087626, -29.654371465363209 ], [ -56.646697817011912, -29.638038072961802 ], [ -56.653101459906125, -29.635377484120959 ], [ -56.657189245926581, -29.631498013266789 ], [ -56.658456964220917, -29.619054089570248 ], [ -56.660711917792078, -29.607671553102886 ], [ -56.671007755658351, -29.594950090708309 ], [ -56.674028316629297, -29.591958959790013 ], [ -56.679772227375153, -29.5883689270993 ], [ -56.700074573061542, -29.584073831450169 ], [ -56.705037684008303, -29.587599930012619 ], [ -56.707385204345066, -29.588204088223755 ], [ -56.701148978889336, -29.57565214031035 ], [ -56.700502014450088, -29.572872969781059 ], [ -56.709638993593707, -29.567156251112319 ], [ -56.722401550386543, -29.560687015407172 ], [ -56.734058787328856, -29.548032214152762 ], [ -56.744641042345549, -29.540076595228122 ], [ -56.751221109870905, -29.543697687229621 ], [ -56.756635272674124, -29.535878479269069 ], [ -56.762113866808974, -29.525588987409375 ] ] ] } },
{ "type": "Feature", "properties": { "cd_setor": "432240025000001", "situacao": "Urbana", "populacao_total": 507, "domicilios_total": 153, "area_km2": 1.0056255759224701, "densidade_demografica_hab_km2": 504.16378833138162, "sem_dado": false }, "geometry": { "type": "Polygon", "coordinates": [ [ [ -56.520422629202926, -29.770025306958008 ], [ -56.521225416971689, -29.770771138663807 ], [ -56.531136582887655, -29.767630811591481 ], [ -56.53088433355007, -29.763075801887929 ], [ -56.516792012027892, -29.763689751749975 ], [ -56.515389224363638, -29.763750868930032 ], [ -56.515515351548309, -29.766482263749452 ], [ -56.515660925547223, -29.769614770545552 ], [ -56.520422629202926, -29.770025306958008 ] ] ] } },
{ "type": "Feature", "properties": { "cd_setor": "432240025000002", "situacao": "Rural", "populacao_total": 311, "domicilios_total": 100, "area_km2": 350.18799920017074, "densidade_demografica_hab_km2": 0.88809439703908721, "sem_dado": false }, "geometry": { "type": "Polygon", "coordinates": [ [ [ -56.520683023112568, -29.539008922384131 ], [ -56.5148407406449, -29.535771716901692 ], [ -56.507731519872472, -29.535335079001197 ], [ -56.504941215775453, -29.534237032510607 ], [ -56.503067821218956, -29.525554519515342 ], [ -56.498178032306122, -29.519875359698194 ], [ -56.499395780617718, -29.512878671108915 ], [ -56.498352397300415, -29.505136156859741 ], [ -56.489684738233343, -29.487587817578138 ], [ -56.485129678016357, -29.482635046931918 ], [ -56.475075083883787, -29.468628944107238 ], [ -56.472707019601728, -29.47018534665899 ], [ -56.472287030879457, -29.472808965859748 ], [ -56.469985610679927, -29.470142857940363 ], [ -56.468550073658989, -29.475447321194839 ], [ -56.471064832183188, -29.47874176306814 ], [ -56.471475963640827, -29.481917046786329 ], [ -56.474055164612544, -29.484759265070327 ], [ -56.470127639447853, -29.485384005236245 ], [ -56.469535677495323, -29.482969279666367 ], [ -56.466133435161204, -29.483819573732642 ], [ -56.463020074137056, -29.482899028983415 ], [ -56.462291197484923, -29.486108206444214 ], [ -56.463181495534755, -29.488630986582962 ], [ -56.460081747399734, -29.488018220298912 ], [ -56.460576207931609, -29.490302390407454 ], [ -56.458470082154456, -29.490424066181937 ], [ -56.458355085890389, -29.49126045757011 ], [ -56.459291213020599, -29.492943791046631 ], [ -56.462263185959152, -29.494198226077561 ], [ -56.461810416347838, -29.496294066360601 ], [ -56.460181521831899, -29.497433242592983 ], [ -56.461790707705049, -29.498802961381866 ], [ -56.459697647404603, -29.500721030324513 ], [ -56.460199602160763, -29.501937975601656 ], [ -56.461677121613128, -29.503527417691902 ], [ -56.464884364667647, -29.503067680933061 ], [ -56.468251342211516, -29.504637670618415 ], [ -56.467511906607015, -29.507236568865462 ], [ -56.465486059777867, -29.50746518901088 ], [ -56.464150222802438, -29.508576586171642 ], [ -56.468521394605773, -29.513851025014453 ], [ -56.467897524483234, -29.518107982322579 ], [ -56.464915010029991, -29.51943383134223 ], [ -56.467147543537934, -29.522584385129825 ], [ -56.466602269318422, -29.523958835167157 ], [ -56.465408084112283, -29.522161335843411 ], [ -56.463983075057634, -29.522402453505002 ], [ -56.463476414966784, -29.524276626806294 ], [ -56.467378678876784, -29.526700227400752 ], [ -56.465408395459633, -29.528289406147696 ], [ -56.467930088654519, -29.529780232501373 ], [ -56.467130371550049, -29.531776907323202 ], [ -56.464555919048742, -29.533727478360621 ], [ -56.460384491722785, -29.532256381190908 ], [ -56.460141701357543, -29.53028165523337 ], [ -56.461006142444099, -29.528519702925806 ], [ -56.459327798205365, -29.528759988314263 ], [ -56.457029459887245, -29.530905280886412 ], [ -56.451916920125925, -29.530444190086502 ], [ -56.45246277058029, -29.532843638021124 ], [ -56.447051375247518, -29.538861452962209 ], [ -56.446428860314555, -29.53696395100253 ], [ -56.440367720622376, -29.539806761023783 ], [ -56.437747414024479, -29.538031489949979 ], [ -56.435766306429286, -29.541307617253018 ], [ -56.433827689109712, -29.542752628856764 ], [ -56.432634059175811, -29.54090512940823 ], [ -56.43070376650109, -29.540753748242601 ], [ -56.430204310146074, -29.539244302254041 ], [ -56.426907623077938, -29.539905984327206 ], [ -56.424253432742162, -29.539116826878395 ], [ -56.422317866940602, -29.539821836686503 ], [ -56.423026223341772, -29.543089619372338 ], [ -56.421792615951468, -29.545409630131761 ], [ -56.41357232851707, -29.554582186679955 ], [ -56.412739013780723, -29.559082478792096 ], [ -56.410458441935461, -29.559144710722716 ], [ -56.40816926884311, -29.561017502606902 ], [ -56.408126221869381, -29.562639728917617 ], [ -56.410833464041268, -29.562677217660255 ], [ -56.410002908930423, -29.563862779552803 ], [ -56.406912890517866, -29.564614738761055 ], [ -56.409457095489692, -29.568215292322932 ], [ -56.409384046374335, -29.569486406801019 ], [ -56.407758212118253, -29.571479751750321 ], [ -56.404420420626693, -29.573417825966672 ], [ -56.403831545456434, -29.576700891895999 ], [ -56.402610426898931, -29.576967286546481 ], [ -56.400309847712911, -29.575719515410352 ], [ -56.396918725020619, -29.578117868737689 ], [ -56.395575671169773, -29.580214268306396 ], [ -56.393974272447942, -29.580551775833932 ], [ -56.392175919037861, -29.579284558100039 ], [ -56.39129455766497, -29.585470132247693 ], [ -56.389308164583902, -29.587347367320135 ], [ -56.386483134487854, -29.585620708342077 ], [ -56.384374231439978, -29.585845439948724 ], [ -56.382778121208538, -29.588128229917878 ], [ -56.384093713450739, -29.593061569614122 ], [ -56.382650373145857, -29.593710743897358 ], [ -56.381130067547751, -29.590664909605277 ], [ -56.378272816559587, -29.589224362561634 ], [ -56.376067265390638, -29.592956603023271 ], [ -56.371867804687277, -29.595579960287086 ], [ -56.371901149530785, -29.597631909534353 ], [ -56.374316729379466, -29.598843846766258 ], [ -56.374547556280163, -29.59736550890463 ], [ -56.376252837497319, -29.595724386689088 ], [ -56.378777315609632, -29.59849910500445 ], [ -56.383320180743809, -29.608363831908701 ], [ -56.383921049804499, -29.614066620881175 ], [ -56.384008832768544, -29.614893566945721 ], [ -56.381307153130805, -29.616122470128417 ], [ -56.378140184625408, -29.615952205232315 ], [ -56.377469073982091, -29.616928877064542 ], [ -56.378533828151568, -29.621325827613692 ], [ -56.382912495810885, -29.625794708863872 ], [ -56.381520277173671, -29.628294998495093 ], [ -56.374986070360464, -29.629671973681976 ], [ -56.36755189094503, -29.637226189718714 ], [ -56.366850515870297, -29.640668145380353 ], [ -56.370378101333515, -29.651512601058297 ], [ -56.370242565854426, -29.655338444146263 ], [ -56.365115064040616, -29.661811814562235 ], [ -56.361702862713365, -29.67013073775507 ], [ -56.363897885473172, -29.671349620343026 ], [ -56.368026799459315, -29.670428211889615 ], [ -56.368754888370582, -29.675514609916629 ], [ -56.370565190334787, -29.677502107071394 ], [ -56.376454407599482, -29.678873752264916 ], [ -56.381331689642593, -29.683259020039419 ], [ -56.388214528707863, -29.685253440311577 ], [ -56.391002060729384, -29.687366489199711 ], [ -56.39030484987213, -29.690349277048771 ], [ -56.392086537225346, -29.691739272879072 ], [ -56.394679325489356, -29.690207313861094 ], [ -56.397972965470842, -29.691079246534084 ], [ -56.400289106495883, -29.69343396464232 ], [ -56.400446068602861, -29.696425915580178 ], [ -56.39871301844348, -29.69969620846965 ], [ -56.400608318431061, -29.70121120411423 ], [ -56.401271672876419, -29.704156763917176 ], [ -56.400669198460676, -29.709585390534905 ], [ -56.394820337443186, -29.722362390122921 ], [ -56.38420196240066, -29.728855228124072 ], [ -56.382961427277003, -29.734190523867301 ], [ -56.382670598733355, -29.735441083633706 ], [ -56.380233924031806, -29.737209153674659 ], [ -56.378476130694914, -29.736719437687462 ], [ -56.376224460256942, -29.739014174873891 ], [ -56.375418077108776, -29.741118072183216 ], [ -56.372714731408365, -29.742455864543398 ], [ -56.371306398446663, -29.74438476397091 ], [ -56.373421479110732, -29.756166727623494 ], [ -56.371011516054644, -29.766022872401361 ], [ -56.368801796721108, -29.769462889919737 ], [ -56.370519875606767, -29.771405942864405 ], [ -56.368954318405876, -29.773176231463214 ], [ -56.369807131743997, -29.778468462703128 ], [ -56.366900739680105, -29.781732371626642 ], [ -56.366266302186595, -29.783824045953072 ], [ -56.366994371518658, -29.785348490958818 ], [ -56.38575590549987, -29.786765359633218 ], [ -56.390843728036486, -29.78812728585142 ], [ -56.413072488621296, -29.785777742016606 ], [ -56.417940012888025, -29.783739383296677 ], [ -56.420246408268461, -29.781871035790189 ], [ -56.425350852388462, -29.775086831461948 ], [ -56.426599728902907, -29.771209039198641 ], [ -56.426038886866962, -29.770378206256833 ], [ -56.430118360486283, -29.770265410998672 ], [ -56.436195633936094, -29.7714989993971 ], [ -56.447220693382285, -29.767699499403829 ], [ -56.46149634748668, -29.766677492285847 ], [ -56.46953168514365, -29.766900236676008 ], [ -56.476034226568125, -29.765813817762041 ], [ -56.482670675477848, -29.767905739149022 ], [ -56.4850009681941, -29.767534061763044 ], [ -56.493097114729323, -29.763273461929746 ], [ -56.494975460390584, -29.763026231191436 ], [ -56.50243330946423, -29.766074818033051 ], [ -56.50833363624794, -29.767153406780235 ], [ -56.515515351548309, -29.766482263749452 ], [ -56.515389224363638, -29.763750868930032 ], [ -56.516792012027892, -29.763689751749975 ], [ -56.51732503486199, -29.757090289435489 ], [ -56.524972188124018, -29.734596314993919 ], [ -56.524674050098113, -29.720097392993782 ], [ -56.525263482407333, -29.717129605691149 ], [ -56.523807831868588, -29.701879853418721 ], [ -56.522735305365075, -29.698500127692448 ], [ -56.521484734300046, -29.697342630214717 ], [ -56.50276563148303, -29.683309064615766 ], [ -56.498132514890322, -29.678370183484777 ], [ -56.498026068681277, -29.668128770652963 ], [ -56.502109925996265, -29.657015949203991 ], [ -56.503926563383729, -29.649308978742202 ], [ -56.514639903212291, -29.636337513847536 ], [ -56.516458793165064, -29.634128056482364 ], [ -56.516758224889124, -29.631424437663519 ], [ -56.515125381663964, -29.621702754668124 ], [ -56.516285522517578, -29.595293242265367 ], [ -56.514067695147432, -29.589210737039672 ], [ -56.513926011618622, -29.586331564081799 ], [ -56.515810658021266, -29.570040683849392 ], [ -56.516059471895076, -29.556051482633279 ], [ -56.516850570418676, -29.552710082417832 ], [ -56.520315002378254, -29.54584366253599 ], [ -56.518719142266981, -29.543078662602674 ], [ -56.520683023112568, -29.539008922384131 ] ] ] } },
{ "type": "Feature", "properties": { "cd_setor": "432240025000003", "situacao": "Rural", "populacao_total": 186, "domicilios_total": 70, "area_km2": 321.79560763418198, "densidade_demografica_hab_km2": 0.57800664641589905, "sem_dado": false }, "geometry": { "type": "Polygon", "coordinates": [ [ [ -56.520422629202926, -29.770025306958008 ], [ -56.515660925547223, -29.769614770545552 ], [ -56.515515351548309, -29.766482263749452 ], [ -56.50833363624794, -29.767153406780235 ], [ -56.50243330946423, -29.766074818033051 ], [ -56.494975460390584, -29.763026231191436 ], [ -56.493097114729323, -29.763273461929746 ], [ -56.4850009681941, -29.767534061763044 ], [ -56.482670675477848, -29.767905739149022 ], [ -56.476034226568125, -29.765813817762041 ], [ -56.46953168514365, -29.766900236676008 ], [ -56.46149634748668, -29.766677492285847 ], [ -56.447220693382285, -29.767699499403829 ], [ -56.436195633936094, -29.7714989993971 ], [ -56.430118360486283, -29.770265410998672 ], [ -56.426038886866962, -29.770378206256833 ], [ -56.426599728902907, -29.771209039198641 ], [ -56.425350852388462, -29.775086831461948 ], [ -56.420246408268461, -29.781871035790189 ], [ -56.417940012888025, -29.783739383296677 ], [ -56.413072488621296, -29.785777742016606 ], [ -56.390843728036486, -29.78812728585142 ], [ -56.38575590549987, -29.786765359633218 ], [ -56.366994371518658, -29.785348490958818 ], [ -56.369914704547156, -29.791460437641749 ], [ -56.369815293190968, -29.797557952577598 ], [ -56.372166767380726, -29.809830749631402 ], [ -56.371702614637385, -29.812951036788704 ], [ -56.368052351842287, -29.820461070055355 ], [ -56.364356239571663, -29.82512359674579 ], [ -56.365560999237985, -29.83027693723869 ], [ -56.363663229549985, -29.83423334354347 ], [ -56.357818507021605, -29.841878108616161 ], [ -56.351014328045508, -29.848627042282693 ], [ -56.339450647591661, -29.851389597701225 ], [ -56.328415597918514, -29.856997713206482 ], [ -56.316195244214256, -29.859450826221316 ], [ -56.310582166376044, -29.862843913559509 ], [ -56.305690211216223, -29.867367000540423 ], [ -56.305019666567375, -29.870212010139856 ], [ -56.307542225993998, -29.877568683637143 ], [ -56.306785018630286, -29.881236473332049 ], [ -56.304526129546396, -29.884177878758539 ], [ -56.301718340271307, -29.885812061177006 ], [ -56.299332227079375, -29.888582355624266 ], [ -56.297542234896419, -29.892344872131471 ], [ -56.292695008076656, -29.897905461391531 ], [ -56.29152418292005, -29.900916029049604 ], [ -56.291275602968568, -29.90683687749662 ], [ -56.285657252937646, -29.911239967269665 ], [ -56.284262541810683, -29.915067760035868 ], [ -56.283236466452067, -29.922832505031383 ], [ -56.283753977496247, -29.924131950370274 ], [ -56.285825111786039, -29.92556222277889 ], [ -56.293506838808163, -29.926274691963986 ], [ -56.302127472517682, -29.928944384031947 ], [ -56.310609222882753, -29.932791579465817 ], [ -56.316169287452219, -29.937052121568623 ], [ -56.318133472030738, -29.937679614736634 ], [ -56.316846537542098, -29.941154072853795 ], [ -56.322076055115254, -29.947379620987721 ], [ -56.324752465422996, -29.947699332628417 ], [ -56.330701693356417, -29.950855148217585 ], [ -56.346503765261843, -29.952927308373177 ], [ -56.358666868787509, -29.945555294978476 ], [ -56.372480824492513, -29.939395777456181 ], [ -56.403880770350291, -29.938261752801832 ], [ -56.426784534260534, -29.935606927219951 ], [ -56.43045372841533, -29.935721634153079 ], [ -56.433591813608793, -29.936916345878103 ], [ -56.447424691937357, -29.936802675831004 ], [ -56.455657230589701, -29.932948187408591 ], [ -56.461706112392207, -29.923768973514612 ], [ -56.474183439718303, -29.926256148660851 ], [ -56.477244292325679, -29.925702523266068 ], [ -56.481392641206355, -29.92306111057832 ], [ -56.487607394528219, -29.920501633763138 ], [ -56.495061060248567, -29.92053021332304 ], [ -56.534884657761751, -29.915778644323371 ], [ -56.537829084123466, -29.908701670806284 ], [ -56.537588778591974, -29.904049994259257 ], [ -56.532962873185383, -29.89719166447 ], [ -56.516630155296284, -29.879512803326833 ], [ -56.515134291514038, -29.876012245883853 ], [ -56.514191763886011, -29.872292796689589 ], [ -56.514141653615511, -29.852580250527687 ], [ -56.507078700397336, -29.830331339117826 ], [ -56.508337018494686, -29.825944101225396 ], [ -56.514697823630883, -29.812535153797352 ], [ -56.51932105148741, -29.787492297344603 ], [ -56.51976159002966, -29.783850897989979 ], [ -56.518927636541108, -29.773310876598785 ], [ -56.520422629202926, -29.770025306958008 ] ] ] } },
{ "type": "Feature", "properties": { "cd_setor": "432240025000004", "situacao": "Rural", "populacao_total": 611, "domicilios_total": 218, "area_km2": 474.62912942977079, "densidade_demografica_hab_km2": 1.2873209040795031, "sem_dado": false }, "geometry": { "type": "Polygon", "coordinates": [ [ [ -56.797304680191139, -29.876534104726158 ], [ -56.79304212814661, -29.872758280780921 ], [ -56.788673167691407, -29.865631616185038 ], [ -56.781395588823052, -29.86096691408757 ], [ -56.776448318437595, -29.858770263353289 ], [ -56.768369083731933, -29.857081682657004 ], [ -56.759368198027474, -29.859392281820604 ], [ -56.756891452041344, -29.848418377967189 ], [ -56.752241378227858, -29.841245881044873 ], [ -56.746885714074274, -29.828757541396978 ], [ -56.744399840974751, -29.824864487328803 ], [ -56.733238686233236, -29.831556772500122 ], [ -56.731586172835286, -29.831305112260385 ], [ -56.730494488768429, -29.82960733516077 ], [ -56.729347122390116, -29.805257838818381 ], [ -56.726718453371312, -29.798290611481526 ], [ -56.727646480644196, -29.792006148430371 ], [ -56.725784231075231, -29.789522539411657 ], [ -56.713436369295863, -29.790528427423332 ], [ -56.704664374838814, -29.792980970327477 ], [ -56.694692660771459, -29.797469078631792 ], [ -56.693879610356817, -29.799451864491719 ], [ -56.657367993229528, -29.806098145858833 ], [ -56.655750486886255, -29.807070099432384 ], [ -56.653598246813225, -29.806673996511211 ], [ -56.599302630308607, -29.816769805713882 ], [ -56.589285585411886, -29.81182511428867 ], [ -56.565290410243804, -29.811749104565465 ], [ -56.557806726190371, -29.808438017329063 ], [ -56.549683623059209, -29.8105252788373 ], [ -56.542823776526596, -29.797161109691835 ], [ -56.539572065666398, -29.793473614744812 ], [ -56.528350311924342, -29.792522548834814 ], [ -56.519949950864934, -29.788555074975065 ], [ -56.51932105148741, -29.787492297344603 ], [ -56.514697823630883, -29.812535153797352 ], [ -56.508337018494686, -29.825944101225396 ], [ -56.507078700397336, -29.830331339117826 ], [ -56.514141653615511, -29.852580250527687 ], [ -56.514191763886011, -29.872292796689589 ], [ -56.515134291514038, -29.876012245883853 ], [ -56.516630155296284, -29.879512803326833 ], [ -56.532962873185383, -29.89719166447 ], [ -56.537588778591974, -29.904049994259257 ], [ -56.537829084123466, -29.908701670806284 ], [ -56.534884657761751, -29.915778644323371 ], [ -56.495061060248567, -29.92053021332304 ], [ -56.487607394528219, -29.920501633763138 ], [ -56.481392641206355, -29.92306111057832 ], [ -56.477244292325679, -29.925702523266068 ], [ -56.474183439718303, -29.926256148660851 ], [ -56.461706112392207, -29.923768973514612 ], [ -56.455657230589701, -29.932948187408591 ], [ -56.447424691937357, -29.936802675831004 ], [ -56.433591813608793, -29.936916345878103 ], [ -56.43045372841533, -29.935721634153079 ], [ -56.426784534260534, -29.935606927219951 ], [ -56.403880770350291, -29.938261752801832 ], [ -56.372480824492513, -29.939395777456181 ], [ -56.358666868787509, -29.945555294978476 ], [ -56.346503765261843, -29.952927308373177 ], [ -56.330701693356417, -29.950855148217585 ], [ -56.324752465422996, -29.947699332628417 ], [ -56.322076055115254, -29.947379620987721 ], [ -56.327391403241691, -29.952992945073458 ], [ -56.334473483366089, -29.96797267266156 ], [ -56.341784441693576, -29.980730449534157 ], [ -56.349967652464272, -29.997732677093165 ], [ -56.350330458548804, -30.002310464106333 ], [ -56.355738282730385, -30.003513221758944 ], [ -56.375580153915536, -30.014041495585637 ], [ -56.410278494808061, -30.019573861137076 ], [ -56.416396317472611, -30.019586335163634 ], [ -56.423276083722634, -30.018452692154138 ], [ -56.469939404075291, -30.004778295119035 ], [ -56.478299179439226, -30.003352422909515 ], [ -56.500130717717184, -30.001529825817297 ], [ -56.511260521029087, -30.001484778375559 ], [ -56.528616149828459, -29.991945237860371 ], [ -56.543347590970342, -29.982087929999423 ], [ -56.557403189666751, -29.971490901076827 ], [ -56.569970752561723, -29.966356113446047 ], [ -56.592765869101939, -29.957494606981658 ], [ -56.608090661646081, -29.950115357967743 ], [ -56.612190122884833, -29.947782835106249 ], [ -56.645432168500555, -29.922637635255153 ], [ -56.667317280326436, -29.914170855862295 ], [ -56.717594490985192, -29.896443100935702 ], [ -56.74717243412897, -29.887616565811911 ], [ -56.749397439616274, -29.885712107490665 ], [ -56.753731351150272, -29.884138474303672 ], [ -56.770138390832741, -29.879885339127313 ], [ -56.779765395564603, -29.878180849797122 ], [ -56.797304680191139, -29.876534104726158 ] ] ] } },
{ "type": "Feature", "properties": { "cd_setor": "432240025000005", "situacao": "Rural", "populacao_total": 178, "domicilios_total": 66, "area_km2": 241.73428254055597, "densidade_demografica_hab_km2": 0.73634570210427963, "sem_dado": false }, "geometry": { "type": "Polygon", "coordinates": [ [ [ -56.725784231075231, -29.789522539411657 ], [ -56.72410608931586, -29.776227793232522 ], [ -56.718116859994325, -29.772777810534546 ], [ -56.703684717549045, -29.756007554599549 ], [ -56.695452670218046, -29.748244793459005 ], [ -56.690187875552304, -29.742082856829768 ], [ -56.67935603242649, -29.724459250123349 ], [ -56.676924595864307, -29.719047303229502 ], [ -56.674558992378486, -29.713501189067198 ], [ -56.665306103263163, -29.705533987178438 ], [ -56.662424683333526, -29.703707606157394 ], [ -56.653343215021053, -29.701274027663292 ], [ -56.651183188916114, -29.69939319901599 ], [ -56.645316170947652, -29.693810988395338 ], [ -56.643863088520256, -29.690863765351136 ], [ -56.642653077125779, -29.690392936013708 ], [ -56.641359167252467, -29.688299880977905 ], [ -56.632851093011055, -29.696087157496567 ], [ -56.627276351229717, -29.699869134402213 ], [ -56.626339958385977, -29.700383584014084 ], [ -56.623864382368623, -29.699936926742279 ], [ -56.607601171937915, -29.693311424162264 ], [ -56.592710768189569, -29.690109534959728 ], [ -56.591378509968131, -29.6853531404292 ], [ -56.591511530179332, -29.67878729098457 ], [ -56.590591216397769, -29.673485337858551 ], [ -56.588007568994698, -29.670317841242628 ], [ -56.585550325976087, -29.669787572565308 ], [ -56.574261914205948, -29.670448177265349 ], [ -56.56396125221189, -29.664743484909437 ], [ -56.557022867863687, -29.664645736130858 ], [ -56.544876924092016, -29.660650500020171 ], [ -56.542276892343224, -29.658326894333868 ], [ -56.53253984568444, -29.652646921818821 ], [ -56.531921225110771, -29.651748033394647 ], [ -56.532234548517565, -29.649535526808847 ], [ -56.533363439195661, -29.648370519283379 ], [ -56.532547316226577, -29.647297742386886 ], [ -56.51752854830346, -29.63868667396288 ], [ -56.514639903212291, -29.636337513847536 ], [ -56.503926563383729, -29.649308978742202 ], [ -56.502109925996265, -29.657015949203991 ], [ -56.498026068681277, -29.668128770652963 ], [ -56.498132514890322, -29.678370183484777 ], [ -56.50276563148303, -29.683309064615766 ], [ -56.521484734300046, -29.697342630214717 ], [ -56.522735305365075, -29.698500127692448 ], [ -56.523807831868588, -29.701879853418721 ], [ -56.525263482407333, -29.717129605691149 ], [ -56.524674050098113, -29.720097392993782 ], [ -56.524972188124018, -29.734596314993919 ], [ -56.51732503486199, -29.757090289435489 ], [ -56.516792012027892, -29.763689751749975 ], [ -56.53088433355007, -29.763075801887929 ], [ -56.531136582887655, -29.767630811591481 ], [ -56.521225416971689, -29.770771138663807 ], [ -56.520422629202926, -29.770025306958008 ], [ -56.518927636541108, -29.773310876598785 ], [ -56.51976159002966, -29.783850897989979 ], [ -56.51932105148741, -29.787492297344603 ], [ -56.519949950864934, -29.788555074975065 ], [ -56.528350311924342, -29.792522548834814 ], [ -56.539572065666398, -29.793473614744812 ], [ -56.542823776526596, -29.797161109691835 ], [ -56.549683623059209, -29.8105252788373 ], [ -56.557806726190371, -29.808438017329063 ], [ -56.565290410243804, -29.811749104565465 ], [ -56.589285585411886, -29.81182511428867 ], [ -56.599302630308607, -29.816769805713882 ], [ -56.653598246813225, -29.806673996511211 ], [ -56.655750486886255, -29.807070099432384 ], [ -56.657367993229528, -29.806098145858833 ], [ -56.693879610356817, -29.799451864491719 ], [ -56.694692660771459, -29.797469078631792 ], [ -56.704664374838814, -29.792980970327477 ], [ -56.713436369295863, -29.790528427423332 ], [ -56.725784231075231, -29.789522539411657 ] ] ] } },
{ "type": "Feature", "properties": { "cd_setor": "432240030000001", "situacao": "Urbana", "populacao_total": 645, "domicilios_total": 190, "area_km2": 1.642432709110244, "densidade_demografica_hab_km2": 392.71015270355656, "sem_dado": false }, "geometry": { "type": "Polygon", "coordinates": [ [ [ -56.851556364606246, -29.508747460158489 ], [ -56.847457711818372, -29.506546083323673 ], [ -56.845215749141019, -29.506171925208374 ], [ -56.841986015082057, -29.508256943721925 ], [ -56.842918790664136, -29.506633880409197 ], [ -56.838618213745001, -29.508391958212808 ], [ -56.834919049979639, -29.51377309759668 ], [ -56.834041568569312, -29.518303389762394 ], [ -56.837679095120734, -29.518357541245912 ], [ -56.851440013009736, -29.515678588110404 ], [ -56.851556364606246, -29.508747460158489 ] ] ] } },
{ "type": "Feature", "properties": { "cd_setor": "432240030000002", "situacao": "Rural", "populacao_total": 287, "domicilios_total": 83, "area_km2": 39.220946107830244, "densidade_demografica_hab_km2": 7.3175185323411167, "sem_dado": false }, "geometry": { "type": "Polygon", "coordinates": [ [ [ -56.8564136033011, -29.505372153974061 ], [ -56.846868508095916, -29.500580238385048 ], [ -56.834812825795687, -29.493346105341221 ], [ -56.826870014941761, -29.497757815844782 ], [ -56.81098405302118, -29.495226209996854 ], [ -56.805452358388294, -29.497405960638194 ], [ -56.800301193903081, -29.494461530880312 ], [ -56.788879161195531, -29.493411854187066 ], [ -56.779344058545931, -29.487262157458165 ], [ -56.778065981079706, -29.484952712905631 ], [ -56.778981255810258, -29.483192704884356 ], [ -56.770608107691451, -29.477348837299971 ], [ -56.767581675250213, -29.473395785067087 ], [ -56.765363876537982, -29.472500792254639 ], [ -56.763903321630295, -29.474543303240857 ], [ -56.765326685035134, -29.478150250275295 ], [ -56.763647509767445, -29.478794425524725 ], [ -56.764501705166445, -29.482906098367934 ], [ -56.756826379272447, -29.484247244905088 ], [ -56.760293926703866, -29.488323073350966 ], [ -56.757474477189611, -29.491112536263593 ], [ -56.757716436045172, -29.493419207389785 ], [ -56.755210893363142, -29.499063120203473 ], [ -56.751365039502573, -29.500388695066693 ], [ -56.751398941584249, -29.502746478298235 ], [ -56.747439759330398, -29.505121222795683 ], [ -56.741534170607963, -29.50685875173907 ], [ -56.736391358336704, -29.507351274520911 ], [ -56.735149411495897, -29.508550727032748 ], [ -56.733282176823366, -29.508743235336759 ], [ -56.731278564884327, -29.511231582999475 ], [ -56.725132699978325, -29.513579114403104 ], [ -56.762113866808974, -29.525588987409375 ], [ -56.804981201197471, -29.54015106367515 ], [ -56.806297583676852, -29.53725966241683 ], [ -56.807568145355027, -29.53670465575723 ], [ -56.809382882435223, -29.53702242664512 ], [ -56.812319276005567, -29.534020184972277 ], [ -56.815615704767275, -29.536938233537608 ], [ -56.816484031147539, -29.534536279767874 ], [ -56.819490930764033, -29.5224459607862 ], [ -56.834041568569312, -29.518303389762394 ], [ -56.834919049979639, -29.51377309759668 ], [ -56.838618213745001, -29.508391958212808 ], [ -56.842918790664136, -29.506633880409197 ], [ -56.841986015082057, -29.508256943721925 ], [ -56.845215749141019, -29.506171925208374 ], [ -56.847457711818372, -29.506546083323673 ], [ -56.851556364606246, -29.508747460158489 ], [ -56.8564136033011, -29.505372153974061 ] ] ] } },
{ "type": "Feature", "properties": { "cd_setor": "432240030000003", "situacao": "Rural", "populacao_total": 254, "domicilios_total": 80, "area_km2": 153.71454549151767, "densidade_demografica_hab_km2": 1.652413564297442, "sem_dado": false }, "geometry": { "type": "Polygon", "coordinates": [ [ [ -56.892756634697513, -29.65472290663287 ], [ -56.869727910661283, -29.614186242531659 ], [ -56.851446938985831, -29.562739254476146 ], [ -56.849541071784593, -29.559092587265617 ], [ -56.846915203075184, -29.556114257991954 ], [ -56.842885437467494, -29.553520935537204 ], [ -56.821148014820423, -29.545631564082832 ], [ -56.819089662808622, -29.544939348897415 ], [ -56.813147132634967, -29.5472535460509 ], [ -56.812225192158373, -29.549182721151421 ], [ -56.808449860803606, -29.544407170227757 ], [ -56.806522908965107, -29.545592181139 ], [ -56.807330144079792, -29.546874125209399 ], [ -56.805924040382266, -29.550064138658652 ], [ -56.804001518296815, -29.548576365466722 ], [ -56.804291505162503, -29.545811357719526 ], [ -56.805782062916521, -29.544255236658689 ], [ -56.805477610955236, -29.543289680105932 ], [ -56.806398444614146, -29.542140784627595 ], [ -56.804276207961266, -29.542304405060847 ], [ -56.804981201197471, -29.54015106367515 ], [ -56.762113866808974, -29.525588987409375 ], [ -56.756635272674124, -29.535878479269069 ], [ -56.751221109870905, -29.543697687229621 ], [ -56.744641042345549, -29.540076595228122 ], [ -56.734058787328856, -29.548032214152762 ], [ -56.722401550386543, -29.560687015407172 ], [ -56.709638993593707, -29.567156251112319 ], [ -56.700502014450088, -29.572872969781059 ], [ -56.701148978889336, -29.57565214031035 ], [ -56.707385204345066, -29.588204088223755 ], [ -56.724235114750584, -29.600196545605876 ], [ -56.735828584703256, -29.609739297057587 ], [ -56.752827935695635, -29.620830362642891 ], [ -56.771793427235124, -29.634669481867974 ], [ -56.801985909615318, -29.642213816564812 ], [ -56.825350845123864, -29.650224847756597 ], [ -56.85922725573748, -29.660098894326271 ], [ -56.862795063114447, -29.660789436407644 ], [ -56.863230062415766, -29.660096655171579 ], [ -56.869165945890487, -29.661408022019852 ], [ -56.872913479422586, -29.662574675560279 ], [ -56.875674344154746, -29.664641613151705 ], [ -56.879429640256475, -29.663056315787916 ], [ -56.88284744369038, -29.663232968408458 ], [ -56.88462244462621, -29.661091011456733 ], [ -56.884794376133179, -29.658534060317645 ], [ -56.889059943910382, -29.65518486779164 ], [ -56.892756634697513, -29.65472290663287 ] ] ] } },
{ "type": "Feature", "properties": { "cd_setor": "432240030000004", "situacao": "Rural", "populacao_total": 144, "domicilios_total": 47, "area_km2": 174.91785988421589, "densidade_demografica_hab_km2": 0.82324355040313513, "sem_dado": false }, "geometry": { "type": "Polygon", "coordinates": [ [ [ -56.875674344154746, -29.664641613151705 ], [ -56.872913479422586, -29.662574675560279 ], [ -56.869165945890487, -29.661408022019852 ], [ -56.863230062415766, -29.660096655171579 ], [ -56.862795063114447, -29.660789436407644 ], [ -56.85922725573748, -29.660098894326271 ], [ -56.825350845123864, -29.650224847756597 ], [ -56.801985909615318, -29.642213816564812 ], [ -56.771793427235124, -29.634669481867974 ], [ -56.752827935695635, -29.620830362642891 ], [ -56.735828584703256, -29.609739297057587 ], [ -56.724235114750584, -29.600196545605876 ], [ -56.707385204345066, -29.588204088223755 ], [ -56.705037684008303, -29.587599930012619 ], [ -56.700074573061542, -29.584073831450169 ], [ -56.679772227375153, -29.5883689270993 ], [ -56.674028316629297, -29.591958959790013 ], [ -56.671007755658351, -29.594950090708309 ], [ -56.660711917792078, -29.607671553102886 ], [ -56.658456964220917, -29.619054089570248 ], [ -56.657189245926581, -29.631498013266789 ], [ -56.653101459906125, -29.635377484120959 ], [ -56.646697817011912, -29.638038072961802 ], [ -56.641855372087626, -29.654371465363209 ], [ -56.637024020447825, -29.667455961128333 ], [ -56.636722096352187, -29.671532083150176 ], [ -56.638297439043079, -29.681197932680554 ], [ -56.639146074552073, -29.684492936883036 ], [ -56.641359167252467, -29.688299880977905 ], [ -56.642653077125779, -29.690392936013708 ], [ -56.643863088520256, -29.690863765351136 ], [ -56.645316170947652, -29.693810988395338 ], [ -56.651183188916114, -29.69939319901599 ], [ -56.653343215021053, -29.701274027663292 ], [ -56.662424683333526, -29.703707606157394 ], [ -56.665306103263163, -29.705533987178438 ], [ -56.674558992378486, -29.713501189067198 ], [ -56.676924595864307, -29.719047303229502 ], [ -56.682231850776304, -29.717995889437066 ], [ -56.698401416405744, -29.718689989386409 ], [ -56.702289772245685, -29.717662192755967 ], [ -56.707242558597692, -29.71273188245916 ], [ -56.710281195225839, -29.713358815530846 ], [ -56.713490105511653, -29.713020745615619 ], [ -56.722758735443755, -29.704297630394574 ], [ -56.725124861813704, -29.70395595292392 ], [ -56.736266895961904, -29.705567576270848 ], [ -56.745554460307751, -29.705033924639153 ], [ -56.749898668281332, -29.706805577090442 ], [ -56.756568715521631, -29.706610270647527 ], [ -56.761849854007572, -29.704649410384395 ], [ -56.771842939077722, -29.696924905580261 ], [ -56.791870225952479, -29.682442564747131 ], [ -56.797274426013082, -29.681412539485471 ], [ -56.799937765801893, -29.679101411701087 ], [ -56.800279702373992, -29.67723529477373 ], [ -56.807075859454024, -29.676658875801682 ], [ -56.813493120089703, -29.675215511956456 ], [ -56.813996185803113, -29.676391345914929 ], [ -56.815853149442788, -29.677431062718284 ], [ -56.821889853103819, -29.676229923269357 ], [ -56.825514340262735, -29.679206303792121 ], [ -56.830875485380986, -29.678349056890635 ], [ -56.838891111599985, -29.68064180612215 ], [ -56.843321978713597, -29.680957899227376 ], [ -56.851091466312788, -29.678615638664443 ], [ -56.855901784252502, -29.67958950947553 ], [ -56.85636899124701, -29.676236444114252 ], [ -56.858822605153129, -29.673544760781994 ], [ -56.861862347045388, -29.673131969180734 ], [ -56.865234323537592, -29.674518069261765 ], [ -56.86958600574404, -29.671653321941516 ], [ -56.870940722805727, -29.668959143254892 ], [ -56.870732651750565, -29.666435527132748 ], [ -56.875674344154746, -29.664641613151705 ] ] ] } },
{ "type": "Feature", "properties": { "cd_setor": "432240030000005", "situacao": "Rural", "populacao_total": 141, "domicilios_total": 52, "area_km2": 126.5400373482163, "densidade_demografica_hab_km2": 1.1142718380269825, "sem_dado": false }, "geometry": { "type": "Polygon", "coordinates": [ [ [ -56.968951608540451, -29.600987459113558 ], [ -56.93392118069557, -29.569238088479853 ], [ -56.903552439629955, -29.535000080742147 ], [ -56.872561819904895, -29.51347682732839 ], [ -56.8564136033011, -29.505372153974061 ], [ -56.851556364606246, -29.508747460158489 ], [ -56.851440013009736, -29.515678588110404 ], [ -56.837679095120734, -29.518357541245912 ], [ -56.834041568569312, -29.518303389762394 ], [ -56.819490930764033, -29.5224459607862 ], [ -56.816484031147539, -29.534536279767874 ], [ -56.824103816166222, -29.535947917682609 ], [ -56.821148014820423, -29.545631564082832 ], [ -56.842885437467494, -29.553520935537204 ], [ -56.846915203075184, -29.556114257991954 ], [ -56.849541071784593, -29.559092587265617 ], [ -56.851446938985831, -29.562739254476146 ], [ -56.869727910661283, -29.614186242531659 ], [ -56.892756634697513, -29.65472290663287 ], [ -56.898470837732887, -29.653844547079313 ], [ -56.90243835641315, -29.652050081666037 ], [ -56.913703989266786, -29.651332532335651 ], [ -56.92155541564933, -29.647881102185625 ], [ -56.92893880435382, -29.648264682953094 ], [ -56.93054407646391, -29.645154946694035 ], [ -56.929744611879471, -29.64256188847828 ], [ -56.931771006963373, -29.641043820812829 ], [ -56.936410490610072, -29.642081859160065 ], [ -56.938983851945707, -29.643786574465828 ], [ -56.938306642465307, -29.646964918066516 ], [ -56.936364142633515, -29.649520487792675 ], [ -56.939630844076156, -29.651544367569631 ], [ -56.947290043828623, -29.647555436982458 ], [ -56.950075050678286, -29.645171252981068 ], [ -56.95083753260792, -29.640921517640354 ], [ -56.950015567577239, -29.63827679273853 ], [ -56.952294187650701, -29.636931502187952 ], [ -56.955457550674197, -29.638175380588518 ], [ -56.957669522270429, -29.640197875936188 ], [ -56.96058012295596, -29.644554262643588 ], [ -56.96311152721448, -29.644037028504663 ], [ -56.986676031343613, -29.62419271596691 ], [ -56.968951608540451, -29.600987459113558 ] ] ] } },
{ "type": "Feature", "properties": { "cd_setor": "432240030000006", "situacao": "Rural", "populacao_total": 856, "domicilios_total": 235, "area_km2": 1.3780623348151988, "densidade_demografica_hab_km2": 621.16203191548038, "sem_dado": false }, "geometry": { "type": "Polygon", "coordinates": [ [ [ -56.821148014820423, -29.545631564082832 ], [ -56.824103816166222, -29.535947917682609 ], [ -56.816484031147539, -29.534536279767874 ], [ -56.815615704767275, -29.536938233537608 ], [ -56.812319276005567, -29.534020184972277 ], [ -56.809382882435223, -29.53702242664512 ], [ -56.807568145355027, -29.53670465575723 ], [ -56.806297583676852, -29.53725966241683 ], [ -56.804981201197471, -29.54015106367515 ], [ -56.819089662808622, -29.544939348897415 ], [ -56.821148014820423, -29.545631564082832 ] ] ] } },
{ "type": "Feature", "properties": { "cd_setor": "432240030000007", "situacao": "Rural", "populacao_total": 575, "domicilios_total": 155, "area_km2": 0.65362756988824711, "densidade_demografica_hab_km2": 879.70585466324451, "sem_dado": false }, "geometry": { "type": "Polygon", "coordinates": [ [ [ -56.819089662808622, -29.544939348897415 ], [ -56.804981201197471, -29.54015106367515 ], [ -56.804276207961266, -29.542304405060847 ], [ -56.806398444614146, -29.542140784627595 ], [ -56.805477610955236, -29.543289680105932 ], [ -56.805782062916521, -29.544255236658689 ], [ -56.804291505162503, -29.545811357719526 ], [ -56.804001518296815, -29.548576365466722 ], [ -56.805924040382266, -29.550064138658652 ], [ -56.807330144079792, -29.546874125209399 ], [ -56.806522908965107, -29.545592181139 ], [ -56.808449860803606, -29.544407170227757 ], [ -56.812225192158373, -29.549182721151421 ], [ -56.813147132634967, -29.5472535460509 ], [ -56.819089662808622, -29.544939348897415 ] ] ] } },
{ "type": "Feature", "properties": { "cd_setor": "432240030000008", "situacao": "Rural", "populacao_total": 39, "domicilios_total": 39, "area_km2": 0.070203596452314915, "densidade_demografica_hab_km2": 555.52709506115343, "sem_dado": false }, "geometry": { "type": "Polygon", "coordinates": [ [ [ -56.861257021792738, -29.514501321783907 ], [ -56.857729773929535, -29.514465225437231 ], [ -56.85776450663915, -29.516325507455001 ], [ -56.861329254594452, -29.516329103566299 ], [ -56.861257021792738, -29.514501321783907 ] ] ] } },
{ "type": "Feature", "properties": { "cd_setor": "432240035000001", "situacao": "Urbana", "populacao_total": 12, "domicilios_total": 4, "area_km2": 0.021330750172067859, "densidade_demografica_hab_km2": 562.56811894565863, "sem_dado": false }, "geometry": { "type": "Polygon", "coordinates": [ [ [ -56.426306200634592, -30.035320774304569 ], [ -56.427290373323785, -30.035109658513907 ], [ -56.427293420061794, -30.033536043709066 ], [ -56.425787577080044, -30.033781884021614 ], [ -56.426306200634592, -30.035320774304569 ] ] ] } },
{ "type": "Feature", "properties": { "cd_setor": "432240035000002", "situacao": "Rural", "populacao_total": 372, "domicilios_total": 139, "area_km2": 508.07455800693464, "densidade_demografica_hab_km2": 0.73217600475661415, "sem_dado": false }, "geometry": { "type": "Polygon", "coordinates": [ [ [ -56.557403189666751, -29.971490901076827 ], [ -56.543347590970342, -29.982087929999423 ], [ -56.528616149828459, -29.991945237860371 ], [ -56.511260521029087, -30.001484778375559 ], [ -56.500130717717184, -30.001529825817297 ], [ -56.478299179439226, -30.003352422909515 ], [ -56.469939404075291, -30.004778295119035 ], [ -56.423276083722634, -30.018452692154138 ], [ -56.416396317472611, -30.019586335163634 ], [ -56.410278494808061, -30.019573861137076 ], [ -56.375580153915536, -30.014041495585637 ], [ -56.355738282730385, -30.003513221758944 ], [ -56.350330458548804, -30.002310464106333 ], [ -56.349967652464272, -29.997732677093165 ], [ -56.341784441693576, -29.980730449534157 ], [ -56.334473483366089, -29.96797267266156 ], [ -56.327391403241691, -29.952992945073458 ], [ -56.322076055115254, -29.947379620987721 ], [ -56.316846537542098, -29.941154072853795 ], [ -56.318133472030738, -29.937679614736634 ], [ -56.316169287452219, -29.937052121568623 ], [ -56.310609222882753, -29.932791579465817 ], [ -56.302127472517682, -29.928944384031947 ], [ -56.293506838808163, -29.926274691963986 ], [ -56.285825111786039, -29.92556222277889 ], [ -56.283753977496247, -29.924131950370274 ], [ -56.283236466452067, -29.922832505031383 ], [ -56.283086193899571, -29.923967508360892 ], [ -56.280892857252738, -29.926260856416786 ], [ -56.280665649245236, -29.929108919692212 ], [ -56.278229813381749, -29.931861714309022 ], [ -56.2741422943092, -29.933823125148852 ], [ -56.265235610224856, -29.942425961033035 ], [ -56.26471173721238, -29.945960693859302 ], [ -56.262382017627331, -29.94949960100497 ], [ -56.258388384468624, -29.950806009897981 ], [ -56.252215866206853, -29.955659380875023 ], [ -56.250329741399995, -29.955688833373575 ], [ -56.24728639929635, -29.958124129813015 ], [ -56.247706419168658, -29.96113052405704 ], [ -56.244747516694147, -29.962592206718519 ], [ -56.245703661739974, -29.967410269655268 ], [ -56.244116172999313, -29.971515008334617 ], [ -56.244729816968018, -29.976588628876549 ], [ -56.240365922113362, -29.981261991772111 ], [ -56.234296999080122, -29.983137021923689 ], [ -56.226599161247741, -29.982520664176725 ], [ -56.224932490320484, -29.983951785741294 ], [ -56.222635800845531, -29.982893181845633 ], [ -56.220431635448001, -29.986021531935759 ], [ -56.216428836835661, -29.987562385877663 ], [ -56.209781317043884, -29.992771870837547 ], [ -56.204034614387886, -29.993898842296218 ], [ -56.200129301655039, -29.992787189530585 ], [ -56.199386538219301, -29.996331089977662 ], [ -56.197482921087492, -29.997760545877711 ], [ -56.193493168491905, -29.99758084012695 ], [ -56.190436213875579, -29.999786969422932 ], [ -56.187783693101636, -29.999564202350342 ], [ -56.184588957689797, -30.001412553603217 ], [ -56.18302564162807, -30.006560628004092 ], [ -56.178922873009022, -30.013600939875015 ], [ -56.175137299025749, -30.015291237702733 ], [ -56.172873407364754, -30.017776808749911 ], [ -56.170244784569178, -30.019149600923242 ], [ -56.168636728867291, -30.021241001589985 ], [ -56.167361747555148, -30.026259630015758 ], [ -56.159553094943945, -30.029125781018447 ], [ -56.155563084829353, -30.032572750553349 ], [ -56.1554042129411, -30.035819147821556 ], [ -56.152816158774058, -30.039474723021808 ], [ -56.153970903868675, -30.042039446435851 ], [ -56.153122352521848, -30.053826144657915 ], [ -56.150267893664108, -30.055009770679085 ], [ -56.156162430980132, -30.063826433246778 ], [ -56.161503578332173, -30.063267242599785 ], [ -56.162673589892499, -30.063790849988106 ], [ -56.165044188421142, -30.068338350700177 ], [ -56.171019264448766, -30.074040838843533 ], [ -56.171414564086213, -30.077417789599405 ], [ -56.176213500526359, -30.079588329919535 ], [ -56.181817188615447, -30.085944710044142 ], [ -56.191749766492791, -30.086778836505804 ], [ -56.194972027426964, -30.089444662449392 ], [ -56.200040389912608, -30.087986581926263 ], [ -56.210072973140761, -30.089647098786433 ], [ -56.21330356158736, -30.091266533326475 ], [ -56.216142740120453, -30.08965679524675 ], [ -56.219793336768625, -30.09218595236667 ], [ -56.224619479098195, -30.091417318938355 ], [ -56.230987305680394, -30.09175923713067 ], [ -56.235259293024114, -30.093796723775672 ], [ -56.239595176548505, -30.097047824113307 ], [ -56.246380513645043, -30.098715576973007 ], [ -56.248969997393637, -30.102316129989852 ], [ -56.250465012476717, -30.103041680895359 ], [ -56.255964493697043, -30.102384711522411 ], [ -56.257576455782008, -30.103412207083643 ], [ -56.258813702828753, -30.106206930613482 ], [ -56.264278472715922, -30.107532188263821 ], [ -56.269003523617059, -30.110400230457834 ], [ -56.27836055783272, -30.114120477160785 ], [ -56.280416685688998, -30.114408524643597 ], [ -56.290513970363179, -30.112311254536216 ], [ -56.293090104534571, -30.113042634177766 ], [ -56.29896072439783, -30.116797617995424 ], [ -56.304014370955649, -30.11649454021904 ], [ -56.308116057020214, -30.114585073841827 ], [ -56.310453020106344, -30.114845064503253 ], [ -56.317816988504241, -30.119351988151209 ], [ -56.320507290326965, -30.120110589583021 ], [ -56.339174087070596, -30.118855507156294 ], [ -56.342614121906394, -30.12055327425189 ], [ -56.348658326137674, -30.119341856787308 ], [ -56.353602783480483, -30.115187659352781 ], [ -56.358468084925192, -30.113048189186799 ], [ -56.365027299298667, -30.11296899439704 ], [ -56.369930682747103, -30.115474812694437 ], [ -56.373698769087767, -30.116029797936967 ], [ -56.379126874505381, -30.117808112292956 ], [ -56.389333323009389, -30.115098340259159 ], [ -56.394180303759796, -30.115230819913585 ], [ -56.399404515726239, -30.116468300534542 ], [ -56.405999563026391, -30.116278271983077 ], [ -56.413021306566314, -30.120777974754475 ], [ -56.418310516840407, -30.121632954194819 ], [ -56.418358006349273, -30.11971156063078 ], [ -56.419743839323083, -30.117846550380811 ], [ -56.426704987600196, -30.115388181647766 ], [ -56.43517029536185, -30.109703410105872 ], [ -56.437463883490622, -30.102646717237231 ], [ -56.453884265132523, -30.099731918239396 ], [ -56.455530650341366, -30.09694023806021 ], [ -56.457002044809329, -30.096018285199026 ], [ -56.465284310181985, -30.092913798229684 ], [ -56.469887950482111, -30.09211238785333 ], [ -56.513040925474378, -30.071080488363513 ], [ -56.539940840872177, -30.07046565003569 ], [ -56.611525258140198, -30.022176899605007 ], [ -56.617475824613187, -30.016406583097901 ], [ -56.619053053956343, -30.015628519018435 ], [ -56.62206002587466, -30.016615452935682 ], [ -56.620213614251306, -30.014967123651576 ], [ -56.617731347049919, -30.010188234263502 ], [ -56.617784669994954, -30.008272118483145 ], [ -56.6189916193009, -30.007572111718396 ], [ -56.616597414468238, -30.003888780043354 ], [ -56.615637112302998, -30.000796276960667 ], [ -56.614617939070364, -30.000949892768929 ], [ -56.611845132238798, -29.999377400929696 ], [ -56.609958156638612, -29.996281846225745 ], [ -56.609232575119364, -29.992602951886088 ], [ -56.602613632812194, -29.991684366821929 ], [ -56.599749991105014, -29.989954930550677 ], [ -56.589875149257409, -29.981476341758395 ], [ -56.577617483261513, -29.96782775102373 ], [ -56.574658012351968, -29.966958039361113 ], [ -56.572063551567261, -29.967418884801148 ], [ -56.569970752561723, -29.966356113446047 ], [ -56.557403189666751, -29.971490901076827 ] ] ] } },
{ "type": "Feature", "properties": { "cd_setor": "432240035000003", "situacao": "Rural", "populacao_total": 421, "domicilios_total": 177, "area_km2": 711.83834712715748, "densidade_demografica_hab_km2": 0.59142641261049644, "sem_dado": false }, "geometry": { "type": "Polygon", "coordinates": [ [ [ -56.885091509518212, -30.088298104498435 ], [ -56.884084558286439, -30.08838866457484 ], [ -56.883959271371758, -30.086936439588701 ], [ -56.884810657649588, -30.085386154638833 ], [ -56.888900953318895, -30.08331029906072 ], [ -56.888678718931445, -30.081447240222488 ], [ -56.887425093669407, -30.080553354672638 ], [ -56.882854502718978, -30.080154206679882 ], [ -56.880731426066703, -30.079146991262085 ], [ -56.878652498639212, -30.075003101851017 ], [ -56.881613595179246, -30.068637519127424 ], [ -56.879856891596042, -30.064365016924242 ], [ -56.876567401439615, -30.060500855541981 ], [ -56.873931226912013, -30.052668348980273 ], [ -56.869499222590989, -30.047761412316127 ], [ -56.871433380840372, -30.04379222832095 ], [ -56.867200557964253, -30.041242240613936 ], [ -56.866088040767103, -30.039626408352927 ], [ -56.867310244278109, -30.034746947543645 ], [ -56.866020501827805, -30.032821393108911 ], [ -56.854641791712929, -30.029898935096007 ], [ -56.852615658184391, -30.028530885077867 ], [ -56.8509111809826, -30.02491838410808 ], [ -56.848177532865073, -30.021874499945529 ], [ -56.843120551189827, -30.021775632446833 ], [ -56.841146362838288, -30.020470360121074 ], [ -56.839630222854218, -30.017302581574132 ], [ -56.837959094357956, -30.016369531024605 ], [ -56.834422128966224, -30.017203714715642 ], [ -56.827939016212753, -30.015401238290792 ], [ -56.819944500550839, -30.013058211522651 ], [ -56.819793383439489, -30.012188765731118 ], [ -56.82253865735963, -30.007972911007847 ], [ -56.821743641318498, -30.006150965782638 ], [ -56.819923059944372, -30.003914301763448 ], [ -56.811552963118672, -29.997510156146934 ], [ -56.809357917454449, -29.992232375624432 ], [ -56.807382620085939, -29.991299048579723 ], [ -56.805450927679864, -29.989217940933859 ], [ -56.805681751854038, -29.987294324418688 ], [ -56.803862002429838, -29.984808770918487 ], [ -56.803599766254955, -29.982668767119684 ], [ -56.805591403025424, -29.974790962735725 ], [ -56.801911636436536, -29.97165152676984 ], [ -56.79626655057266, -29.963669865814232 ], [ -56.78901287716171, -29.961951837232974 ], [ -56.786203404627109, -29.960582401612658 ], [ -56.782073627101077, -29.956076853280692 ], [ -56.775924125406938, -29.953832707651426 ], [ -56.770882670059642, -29.948518550211272 ], [ -56.765452625534088, -29.947609960139758 ], [ -56.760747299258455, -29.945058029850024 ], [ -56.755327235628151, -29.940735542953348 ], [ -56.74826439985992, -29.939542236942181 ], [ -56.746900771174452, -29.938175850701629 ], [ -56.744052690539419, -29.937393083241826 ], [ -56.742012098201691, -29.933480305103242 ], [ -56.735457017614976, -29.927603652742601 ], [ -56.732951441393539, -29.927164217945254 ], [ -56.726982798512708, -29.929230637022279 ], [ -56.723489161977184, -29.929223429652357 ], [ -56.704082554586037, -29.915406257962282 ], [ -56.702639488519779, -29.915402375201793 ], [ -56.69919056147689, -29.913067384449306 ], [ -56.693343849804869, -29.91262074160765 ], [ -56.686768811121553, -29.914248828902149 ], [ -56.680278203585758, -29.913395243404153 ], [ -56.678453192035995, -29.913702751877825 ], [ -56.673963728773053, -29.916172221148795 ], [ -56.667317280326436, -29.914170855862295 ], [ -56.645432168500555, -29.922637635255153 ], [ -56.612190122884833, -29.947782835106249 ], [ -56.608090661646081, -29.950115357967743 ], [ -56.592765869101939, -29.957494606981658 ], [ -56.569970752561723, -29.966356113446047 ], [ -56.572063551567261, -29.967418884801148 ], [ -56.574658012351968, -29.966958039361113 ], [ -56.577617483261513, -29.96782775102373 ], [ -56.589875149257409, -29.981476341758395 ], [ -56.599749991105014, -29.989954930550677 ], [ -56.602613632812194, -29.991684366821929 ], [ -56.609232575119364, -29.992602951886088 ], [ -56.609958156638612, -29.996281846225745 ], [ -56.611845132238798, -29.999377400929696 ], [ -56.614617939070364, -30.000949892768929 ], [ -56.615637112302998, -30.000796276960667 ], [ -56.616597414468238, -30.003888780043354 ], [ -56.6189916193009, -30.007572111718396 ], [ -56.617784669994954, -30.008272118483145 ], [ -56.617731347049919, -30.010188234263502 ], [ -56.620213614251306, -30.014967123651576 ], [ -56.62206002587466, -30.016615452935682 ], [ -56.619053053956343, -30.015628519018435 ], [ -56.617475824613187, -30.016406583097901 ], [ -56.611525258140198, -30.022176899605007 ], [ -56.539940840872177, -30.07046565003569 ], [ -56.513040925474378, -30.071080488363513 ], [ -56.469887950482111, -30.09211238785333 ], [ -56.465284310181985, -30.092913798229684 ], [ -56.457002044809329, -30.096018285199026 ], [ -56.455530650341366, -30.09694023806021 ], [ -56.453884265132523, -30.099731918239396 ], [ -56.437463883490622, -30.102646717237231 ], [ -56.43517029536185, -30.109703410105872 ], [ -56.426704987600196, -30.115388181647766 ], [ -56.419743839323083, -30.117846550380811 ], [ -56.418358006349273, -30.11971156063078 ], [ -56.418310516840407, -30.121632954194819 ], [ -56.426139735947316, -30.120753752099922 ], [ -56.430447007905883, -30.123972352331133 ], [ -56.433686758931465, -30.124868173931009 ], [ -56.435805149511239, -30.132258737630846 ], [ -56.439612148193532, -30.136922065556767 ], [ -56.445384136927046, -30.137273430632888 ], [ -56.449185009812481, -30.139344252554135 ], [ -56.459902874264856, -30.140785043486925 ], [ -56.46080788982794, -30.142365876623874 ], [ -56.462100402593791, -30.142949205792693 ], [ -56.466002646774903, -30.141776130858904 ], [ -56.472565204161747, -30.143424439996846 ], [ -56.477568032156789, -30.145826090867814 ], [ -56.480314461669927, -30.149453865320186 ], [ -56.482192536576036, -30.150443581813427 ], [ -56.488976472621829, -30.149997718473532 ], [ -56.500599877158358, -30.147540718695819 ], [ -56.503672402561364, -30.148055706762406 ], [ -56.505870205479994, -30.149656534409218 ], [ -56.509379713958204, -30.156434868417872 ], [ -56.512761419959872, -30.159012082143818 ], [ -56.515105602069347, -30.158709293648187 ], [ -56.517767832449529, -30.156708166536902 ], [ -56.524886172613428, -30.148710062085936 ], [ -56.529548143437779, -30.147344483454955 ], [ -56.534977888584535, -30.144376120063988 ], [ -56.544848186494477, -30.135173556637049 ], [ -56.54676708449675, -30.13430410198626 ], [ -56.562113371474616, -30.145561006825012 ], [ -56.56862592538647, -30.146676259333059 ], [ -56.573987901286934, -30.145310677706451 ], [ -56.578534322973702, -30.145235935874037 ], [ -56.580796000148048, -30.144172868199462 ], [ -56.587563553372249, -30.144841174135422 ], [ -56.590716363583041, -30.146501997810599 ], [ -56.594245552039808, -30.145797536652093 ], [ -56.600191997243321, -30.148073072012231 ], [ -56.613974378692319, -30.158414981269768 ], [ -56.615396910951283, -30.162274428491887 ], [ -56.621184769644394, -30.169093308261516 ], [ -56.624905110010538, -30.175339973331297 ], [ -56.624284297773265, -30.179857764128364 ], [ -56.625232100371115, -30.183012489524401 ], [ -56.643394477063481, -30.186868253888381 ], [ -56.648285069994195, -30.187164622501221 ], [ -56.650896762679785, -30.18839044744907 ], [ -56.652804855025032, -30.192417115151851 ], [ -56.654118786920037, -30.198300456309255 ], [ -56.658723006812117, -30.201754888912859 ], [ -56.66300941015686, -30.198794585992843 ], [ -56.678702593988497, -30.201222302028203 ], [ -56.679657872955381, -30.200205628943944 ], [ -56.679838410199565, -30.196751731394656 ], [ -56.680623965644045, -30.195723947901616 ], [ -56.682085642386362, -30.195621163621841 ], [ -56.688390711780258, -30.199741423767467 ], [ -56.692560765454303, -30.203834470775622 ], [ -56.696768863344523, -30.205883901842459 ], [ -56.69782497881328, -30.205296118193889 ], [ -56.700190235088989, -30.198481092507492 ], [ -56.704418853417636, -30.194328009343465 ], [ -56.707930240187608, -30.189451872051528 ], [ -56.707937452543909, -30.187706312483236 ], [ -56.705203230676055, -30.181496865593399 ], [ -56.705213765420879, -30.17781907937507 ], [ -56.706473491207319, -30.176830182828443 ], [ -56.712079645517107, -30.177243770850524 ], [ -56.717362760651199, -30.180956256669674 ], [ -56.719134717596283, -30.180884304463149 ], [ -56.729793359191532, -30.172582573161733 ], [ -56.746217341021932, -30.167890825378521 ], [ -56.753494322659883, -30.165113010068119 ], [ -56.759039899575924, -30.161767423111456 ], [ -56.762267423096255, -30.161773520397478 ], [ -56.773696971684004, -30.165468757574221 ], [ -56.776948934430798, -30.164526241481447 ], [ -56.781465887739849, -30.160302601385748 ], [ -56.784296985161433, -30.1542661866171 ], [ -56.784301972984501, -30.152115070587861 ], [ -56.781530252928455, -30.146260346917256 ], [ -56.778090995568483, -30.134683390832784 ], [ -56.780041527873557, -30.128082534090581 ], [ -56.78123208661534, -30.127117804567305 ], [ -56.799341361482071, -30.122984661996259 ], [ -56.80083886583455, -30.121832986288521 ], [ -56.801792751460702, -30.1200349225483 ], [ -56.803406601417912, -30.111097673040494 ], [ -56.806443535075921, -30.105300146812908 ], [ -56.809464384313813, -30.104234020332111 ], [ -56.81291692840567, -30.10758956874848 ], [ -56.815194727642876, -30.108456783189279 ], [ -56.818081411645871, -30.107816213807464 ], [ -56.821015558454832, -30.100550906904218 ], [ -56.822888612506745, -30.097884503915324 ], [ -56.827509465107475, -30.095362811710032 ], [ -56.835128395259616, -30.09288277342641 ], [ -56.847756805627611, -30.090301880123295 ], [ -56.854672685851732, -30.089721015842517 ], [ -56.863707481713888, -30.091150147055455 ], [ -56.869873101244558, -30.094547906142441 ], [ -56.871841726446497, -30.094514842075615 ], [ -56.873573118190528, -30.092802886319522 ], [ -56.874018924860003, -30.087526483522502 ], [ -56.881019540817242, -30.089227568504686 ], [ -56.885091509518212, -30.088298104498435 ] ] ] } }
]
}
