{
"type": "FeatureCollection",
"name": "densidade-populacional-2010",
"crs": { "type": "name", "properties": { "name": "urn:ogc:def:crs:OGC:1.3:CRS84" } },
"features": [
{ "type": "Feature", "properties": { "cd_setor": "432240005000001", "situacao": "Urbana", "populacao_total": 653.0, "domicilios_total": 257.0, "area_km2": 0.14697464509391003, "densidade_demografica_hab_km2": 4442.9432000517036, "sem_dado": false }, "geometry": { "type": "Polygon", "coordinates": [ [ [ -57.080283068870592, -29.757695952108506 ], [ -57.080181270173497, -29.760461700621391 ], [ -57.0801273914403, -29.761925521184089 ], [ -57.0833867431461, -29.761950391920294 ], [ -57.083502922067098, -29.757711494490298 ], [ -57.080283068870592, -29.757695952108506 ] ] ] } },
{ "type": "Feature", "properties": { "cd_setor": "432240005000002", "situacao": "Urbana", "populacao_total": 860.0, "domicilios_total": 332.0, "area_km2": 0.14648902152743618, "densidade_demografica_hab_km2": 5870.7471115091666, "sem_dado": false }, "geometry": { "type": "Polygon", "coordinates": [ [ [ -57.083502922067098, -29.757711494490298 ], [ -57.0833867431461, -29.761950391920294 ], [ -57.084175973153798, -29.761956414201084 ], [ -57.084953571386599, -29.761962235344594 ], [ -57.084953830613706, -29.761962237285196 ], [ -57.086605838190096, -29.762015415128289 ], [ -57.086697312764201, -29.75918054667769 ], [ -57.086742800853493, -29.757770835287097 ], [ -57.083502922067098, -29.757711494490298 ] ] ] } },
{ "type": "Feature", "properties": { "cd_setor": "432240005000003", "situacao": "Urbana", "populacao_total": 827.0, "domicilios_total": 307.0, "area_km2": 0.14506844772338373, "densidade_demografica_hab_km2": 5700.7572148074696, "sem_dado": false }, "geometry": { "type": "Polygon", "coordinates": [ [ [ -57.086697312764201, -29.75918054667769 ], [ -57.086605838190096, -29.762015415128289 ], [ -57.089763771031201, -29.762052937641595 ], [ -57.091351560276699, -29.762071711392093 ], [ -57.091426685667997, -29.760651425291698 ], [ -57.091478408448395, -29.759204420480398 ], [ -57.088256263727999, -29.759213789505601 ], [ -57.086697312764201, -29.75918054667769 ] ] ] } },
{ "type": "Feature", "properties": { "cd_setor": "432240005000004", "situacao": "Urbana", "populacao_total": 862.0, "domicilios_total": 335.0, "area_km2": 0.14833117120137065, "densidade_demografica_hab_km2": 5811.3206618571803, "sem_dado": false }, "geometry": { "type": "Polygon", "coordinates": [ [ [ -57.088400726247002, -29.754841516390897 ], [ -57.088256263727999, -29.759213789505601 ], [ -57.091478408448395, -29.759204420480398 ], [ -57.091483191555199, -29.758945406007697 ], [ -57.091572464871597, -29.754915734262894 ], [ -57.088400726247002, -29.754841516390897 ] ] ] } },
{ "type": "Feature", "properties": { "cd_setor": "432240005000005", "situacao": "Urbana", "populacao_total": 846.0, "domicilios_total": 377.0, "area_km2": 0.14888874601614349, "densidade_demografica_hab_km2": 5682.0950047377737, "sem_dado": false }, "geometry": { "type": "Polygon", "coordinates": [ [ [ -57.086927665916498, -29.751888291114 ], [ -57.086860433375797, -29.753396408340404 ], [ -57.0867976820617, -29.754804005567308 ], [ -57.088400726247002, -29.754841516390897 ], [ -57.091572464871597, -29.754915734262894 ], [ -57.091605455293696, -29.753481434365096 ], [ -57.0916655167645, -29.7519846516638 ], [ -57.086927665916498, -29.751888291114 ] ] ] } },
{ "type": "Feature", "properties": { "cd_setor": "432240005000006", "situacao": "Urbana", "populacao_total": 996.0, "domicilios_total": 346.0, "area_km2": 0.33146185928923955, "densidade_demografica_hab_km2": 3004.8706120690422, "sem_dado": false }, "geometry": { "type": "Polygon", "coordinates": [ [ [ -57.086513439475894, -29.747685056565892 ], [ -57.086465190521402, -29.7488535318098 ], [ -57.087061968354796, -29.748875704968004 ], [ -57.086927665916498, -29.751888291114 ], [ -57.0916655167645, -29.7519846516638 ], [ -57.091796613972093, -29.748746311721899 ], [ -57.095220556808599, -29.744418504887005 ], [ -57.093770887957604, -29.743261389024191 ], [ -57.090105992244496, -29.747468195422201 ], [ -57.090570820166697, -29.747752483716095 ], [ -57.089868493328794, -29.747740812172101 ], [ -57.088578690762098, -29.747719377725094 ], [ -57.086513439475894, -29.747685056565892 ] ] ] } },
{ "type": "Feature", "properties": { "cd_setor": "432240005000007", "situacao": "Urbana", "populacao_total": 916.0, "domicilios_total": 331.0, "area_km2": 0.19030721667103984, "densidade_demografica_hab_km2": 4813.2699117941183, "sem_dado": false }, "geometry": { "type": "Polygon", "coordinates": [ [ [ -57.083871340472093, -29.747648528481093 ], [ -57.083621632848299, -29.753333495883002 ], [ -57.086860433375797, -29.753396408340404 ], [ -57.086927665916498, -29.751888291114 ], [ -57.087061968354796, -29.748875704968004 ], [ -57.086465190521402, -29.7488535318098 ], [ -57.086513439475894, -29.747685056565892 ], [ -57.086497283707097, -29.747684788082907 ], [ -57.083871340472093, -29.747648528481093 ] ] ] } },
{ "type": "Feature", "properties": { "cd_setor": "432240005000008", "situacao": "Urbana", "populacao_total": 878.0, "domicilios_total": 313.0, "area_km2": 0.19330142627794347, "densidade_demografica_hab_km2": 4542.1289273755538, "sem_dado": false }, "geometry": { "type": "Polygon", "coordinates": [ [ [ -57.080700290700207, -29.747590534815615 ], [ -57.080660927248793, -29.748688226531996 ], [ -57.080445292748401, -29.753288523903709 ], [ -57.083621632848299, -29.753333495883002 ], [ -57.083871340472093, -29.747648528481093 ], [ -57.083123580990701, -29.74763820325369 ], [ -57.080700290700207, -29.747590534815615 ] ] ] } },
{ "type": "Feature", "properties": { "cd_setor": "432240005000009", "situacao": "Urbana", "populacao_total": 717.0, "domicilios_total": 308.0, "area_km2": 0.098662104478632925, "densidade_demografica_hab_km2": 7267.2279168267632, "sem_dado": false }, "geometry": { "type": "Polygon", "coordinates": [ [ [ -57.080445292748401, -29.753288523903709 ], [ -57.080392177030696, -29.754731614251092 ], [ -57.081738313079391, -29.754759694195098 ], [ -57.085169108337503, -29.754789499263893 ], [ -57.086773344996203, -29.754803436086192 ], [ -57.0867976820617, -29.754804005567308 ], [ -57.086860433375797, -29.753396408340404 ], [ -57.083621632848299, -29.753333495883002 ], [ -57.080445292748401, -29.753288523903709 ] ] ] } },
{ "type": "Feature", "properties": { "cd_setor": "432240005000010", "situacao": "Urbana", "populacao_total": 721.0, "domicilios_total": 313.0, "area_km2": 0.1259856318797275, "densidade_demografica_hab_km2": 5722.8748170926701, "sem_dado": false }, "geometry": { "type": "Polygon", "coordinates": [ [ [ -57.080392177030696, -29.754731614251092 ], [ -57.080337269869702, -29.756223375966194 ], [ -57.080283068870592, -29.757695952108506 ], [ -57.083502922067098, -29.757711494490298 ], [ -57.083543363628799, -29.756235945993293 ], [ -57.0850979810387, -29.756277377953595 ], [ -57.085169108337503, -29.754789499263893 ], [ -57.081738313079391, -29.754759694195098 ], [ -57.080392177030696, -29.754731614251092 ] ] ] } },
{ "type": "Feature", "properties": { "cd_setor": "432240005000011", "situacao": "Urbana", "populacao_total": 699.0, "domicilios_total": 278.0, "area_km2": 0.15108314553654692, "densidade_demografica_hab_km2": 4626.5915203023906, "sem_dado": false }, "geometry": { "type": "Polygon", "coordinates": [ [ [ -57.085169108337503, -29.754789499263893 ], [ -57.0850979810387, -29.756277377953595 ], [ -57.083543363628799, -29.756235945993293 ], [ -57.083502922067098, -29.757711494490298 ], [ -57.086742800853493, -29.757770835287097 ], [ -57.086697312764201, -29.75918054667769 ], [ -57.088256263727999, -29.759213789505601 ], [ -57.088400726247002, -29.754841516390897 ], [ -57.0867976820617, -29.754804005567308 ], [ -57.086773344996203, -29.754803436086192 ], [ -57.085169108337503, -29.754789499263893 ] ] ] } },
{ "type": "Feature", "properties": { "cd_setor": "432240005000012", "situacao": "Urbana", "populacao_total": 1042.0, "domicilios_total": 290.0, "area_km2": 0.30440449613969844, "densidade_demografica_hab_km2": 3423.0769033115776, "sem_dado": false }, "geometry": { "type": "Polygon", "coordinates": [ [ [ -57.0809515628223, -29.742334006810211 ], [ -57.080902638300195, -29.743357491302799 ], [ -57.080700290700207, -29.747590534815615 ], [ -57.083123580990701, -29.74763820325369 ], [ -57.083871340472093, -29.747648528481093 ], [ -57.086497283707097, -29.747684788082907 ], [ -57.086513439475894, -29.747685056565892 ], [ -57.088578690762098, -29.747719377725094 ], [ -57.089868493328794, -29.747740812172101 ], [ -57.090570820166697, -29.747752483716095 ], [ -57.090105992244496, -29.747468195422201 ], [ -57.090002055589004, -29.747416229734192 ], [ -57.089752707732998, -29.747305392032995 ], [ -57.089591295306796, -29.747223374325703 ], [ -57.089441227603103, -29.747105249242498 ], [ -57.089249754545094, -29.746945637276287 ], [ -57.089010730189898, -29.746811326531397 ], [ -57.088785098895897, -29.74661744214929 ], [ -57.088612172360598, -29.746376592867595 ], [ -57.088405160273894, -29.746184500401291 ], [ -57.088053362978798, -29.745997015923791 ], [ -57.087705743871503, -29.745855554690504 ], [ -57.087312597011099, -29.745687047743996 ], [ -57.086443377237593, -29.745124461932999 ], [ -57.086334712312798, -29.745038795993597 ], [ -57.086083268206693, -29.744883730715195 ], [ -57.0858172876925, -29.744660085148098 ], [ -57.085553368332704, -29.744426510330999 ], [ -57.085250227060001, -29.7442832090289 ], [ -57.084955319913398, -29.744092069841201 ], [ -57.084674787252801, -29.743775474830294 ], [ -57.084321981667905, -29.743600615836701 ], [ -57.083991994072299, -29.743503355589205 ], [ -57.083655795249797, -29.743397976015203 ], [ -57.083185171523297, -29.743315241878594 ], [ -57.082825219772502, -29.743248682074203 ], [ -57.082609006924798, -29.743165787373695 ], [ -57.082393776268198, -29.743018814958802 ], [ -57.082168183831797, -29.742846578879007 ], [ -57.081948917507397, -29.742822346795212 ], [ -57.081573443204796, -29.742740450808707 ], [ -57.081133697175893, -29.7424681676383 ], [ -57.0809515628223, -29.742334006810211 ] ] ] } },
{ "type": "Feature", "properties": { "cd_setor": "432240005000013", "situacao": "Urbana", "populacao_total": 1263.0, "domicilios_total": 345.0, "area_km2": 0.52629842771720659, "densidade_demografica_hab_km2": 2399.7791623246912, "sem_dado": false }, "geometry": { "type": "Polygon", "coordinates": [ [ [ -57.0809515628223, -29.742334006810211 ], [ -57.080859477969014, -29.742266176772002 ], [ -57.080577117693096, -29.7422284433644 ], [ -57.080521268618, -29.742223964698493 ], [ -57.080413582703798, -29.742058874170901 ], [ -57.080387621905295, -29.741925321379796 ], [ -57.0805436067958, -29.741705922141399 ], [ -57.080407867192392, -29.741375692945201 ], [ -57.080224622290594, -29.74112761878601 ], [ -57.080192501495198, -29.741050024013397 ], [ -57.080240052188003, -29.741023823168206 ], [ -57.080455130749598, -29.740989398791292 ], [ -57.080735336830195, -29.740924249943895 ], [ -57.081106633654102, -29.740964636356097 ], [ -57.081346352628493, -29.740708183036102 ], [ -57.081248919154007, -29.740432080638701 ], [ -57.081270485928705, -29.740245252080889 ], [ -57.081198973756599, -29.740052162874001 ], [ -57.081068558767193, -29.7399132588885 ], [ -57.0810747361122, -29.739878960511398 ], [ -57.0808946823242, -29.739740086562101 ], [ -57.080603011672295, -29.739689723982405 ], [ -57.080364126043499, -29.7396934783131 ], [ -57.080359985131892, -29.739688065872286 ], [ -57.080393958133101, -29.739494912517998 ], [ -57.080227369245797, -29.739380396751294 ], [ -57.0798828356059, -29.739174836133792 ], [ -57.079580750895303, -29.739029716086797 ], [ -57.079370677210697, -29.738848440942999 ], [ -57.079012696261607, -29.738633861151392 ], [ -57.078602034949597, -29.738495120651599 ], [ -57.0781810487955, -29.738376239716903 ], [ -57.0778191005138, -29.738375549173288 ], [ -57.077419964898006, -29.738429028666896 ], [ -57.077098478803798, -29.738599785756595 ], [ -57.076808966126201, -29.738660419837291 ], [ -57.076394382359403, -29.738800544195009 ], [ -57.076087348184096, -29.738940605871708 ], [ -57.0758859695665, -29.739311644149385 ], [ -57.075718722496397, -29.739690785117599 ], [ -57.075548544070308, -29.7403000624487 ], [ -57.075434244788696, -29.740958042330803 ], [ -57.075358075459292, -29.741438210007797 ], [ -57.075277664321099, -29.741778494099592 ], [ -57.075032767214601, -29.742049379161092 ], [ -57.074827118624505, -29.742254359977498 ], [ -57.074749697228796, -29.742445731243095 ], [ -57.074738370759, -29.742512521829894 ], [ -57.074686756061098, -29.742639801810402 ], [ -57.074657980059392, -29.742884392617814 ], [ -57.0746116100931, -29.743111845963202 ], [ -57.074545758457703, -29.743566737540593 ], [ -57.074556271802891, -29.743798671450698 ], [ -57.074640141511296, -29.743933997905298 ], [ -57.074640209636101, -29.744026051788595 ], [ -57.074549270606504, -29.744120864094896 ], [ -57.074589861844998, -29.744469202277298 ], [ -57.074673925271597, -29.744865348002293 ], [ -57.074640996432592, -29.745089183799685 ], [ -57.074615366324693, -29.745393337036404 ], [ -57.074657946565893, -29.745633375313098 ], [ -57.074648686100097, -29.745697457235508 ], [ -57.074535983763795, -29.745733619906904 ], [ -57.074483403609698, -29.745956564140897 ], [ -57.074662444202502, -29.746120716943992 ], [ -57.0747865908873, -29.746175699144903 ], [ -57.074861102678604, -29.746240636510695 ], [ -57.07509381488201, -29.7462585553153 ], [ -57.075263414330699, -29.7462422147977 ], [ -57.07529136446, -29.746277396078405 ], [ -57.075221070008901, -29.746320755267494 ], [ -57.075196356457404, -29.7464651674753 ], [ -57.075172566056196, -29.746460668457104 ], [ -57.074906795239599, -29.746492405284901 ], [ -57.074892584928008, -29.746854311387292 ], [ -57.0749081478805, -29.746921086825207 ], [ -57.074816097952898, -29.746915723620091 ], [ -57.074816078536202, -29.746889551449204 ], [ -57.074695992978199, -29.746733488232696 ], [ -57.074499462169292, -29.746694791254093 ], [ -57.074435359760294, -29.746720999268899 ], [ -57.074319553537002, -29.746757163486084 ], [ -57.074200655851499, -29.746808671637599 ], [ -57.073916256549403, -29.746825074536297 ], [ -57.073876114910895, -29.747088623598895 ], [ -57.073896791133897, -29.7471716403352 ], [ -57.075041330971402, -29.747184011590402 ], [ -57.0767808413067, -29.74720281384219 ], [ -57.077149530151601, -29.74720679897549 ], [ -57.080471533494496, -29.747289666945395 ], [ -57.080700290700207, -29.747590534815615 ], [ -57.080902638300195, -29.743357491302799 ], [ -57.0809515628223, -29.742334006810211 ] ] ] } },
{ "type": "Feature", "properties": { "cd_setor": "432240005000014", "situacao": "Urbana", "populacao_total": 595.0, "domicilios_total": 165.0, "area_km2": 0.076600023969931624, "densidade_demografica_hab_km2": 7767.6215902172535, "sem_dado": false }, "geometry": { "type": "Polygon", "coordinates": [ [ [ -57.0767808413067, -29.74720281384219 ], [ -57.076081432124298, -29.747549456679998 ], [ -57.075297746466198, -29.747899165201606 ], [ -57.074773585360198, -29.748162987209 ], [ -57.074256429977197, -29.748448449971896 ], [ -57.075923932910598, -29.748535150182093 ], [ -57.076540368766196, -29.748567201171099 ], [ -57.077514646261001, -29.748596419825702 ], [ -57.080660927248793, -29.748688226531996 ], [ -57.080700290700207, -29.747590534815615 ], [ -57.080471533494496, -29.747289666945395 ], [ -57.077149530151601, -29.74720679897549 ], [ -57.0767808413067, -29.74720281384219 ] ] ] } },
{ "type": "Feature", "properties": { "cd_setor": "432240005000015", "situacao": "Urbana", "populacao_total": 684.0, "domicilios_total": 205.0, "area_km2": 0.078905747574986071, "densidade_demografica_hab_km2": 8668.5700474477853, "sem_dado": false }, "geometry": { "type": "Polygon", "coordinates": [ [ [ -57.075923932910598, -29.748535150182093 ], [ -57.075778300501703, -29.751651361388301 ], [ -57.078439608437193, -29.751705853773295 ], [ -57.078920567408495, -29.75171610518839 ], [ -57.078992769531503, -29.750162271544308 ], [ -57.077444443969299, -29.750107226697704 ], [ -57.077514646261001, -29.748596419825702 ], [ -57.076540368766196, -29.748567201171099 ], [ -57.075923932910598, -29.748535150182093 ] ] ] } },
{ "type": "Feature", "properties": { "cd_setor": "432240005000016", "situacao": "Urbana", "populacao_total": 884.0, "domicilios_total": 251.0, "area_km2": 0.19519043263093289, "densidade_demografica_hab_km2": 4528.9105008106208, "sem_dado": false }, "geometry": { "type": "Polygon", "coordinates": [ [ [ -57.074256429977197, -29.748448449971896 ], [ -57.073631214015499, -29.7487935607098 ], [ -57.072943768203004, -29.749244280760902 ], [ -57.072080629475309, -29.749885517490004 ], [ -57.0717685487026, -29.75025660878131 ], [ -57.071004800158505, -29.751063842729895 ], [ -57.0706069621503, -29.751570350162901 ], [ -57.070385909647094, -29.751973879429798 ], [ -57.069868100238601, -29.752497595173693 ], [ -57.069363692057593, -29.752964445121307 ], [ -57.069373510362098, -29.753131691632902 ], [ -57.072497794938499, -29.753153860610496 ], [ -57.074119753945297, -29.753181343265698 ], [ -57.074194887106401, -29.751618939746589 ], [ -57.075778300501703, -29.751651361388301 ], [ -57.075923932910598, -29.748535150182093 ], [ -57.074256429977197, -29.748448449971896 ] ] ] } },
{ "type": "Feature", "properties": { "cd_setor": "432240005000017", "situacao": "Urbana", "populacao_total": 587.0, "domicilios_total": 174.0, "area_km2": 0.078781184762062445, "densidade_demografica_hab_km2": 7451.017673482278, "sem_dado": false }, "geometry": { "type": "Polygon", "coordinates": [ [ [ -57.075778300501703, -29.751651361388301 ], [ -57.074194887106401, -29.751618939746589 ], [ -57.074119753945297, -29.753181343265698 ], [ -57.078835933412698, -29.753261254738906 ], [ -57.078933999281801, -29.75171639148251 ], [ -57.078920567408495, -29.75171610518839 ], [ -57.078439608437193, -29.751705853773295 ], [ -57.075778300501703, -29.751651361388301 ] ] ] } },
{ "type": "Feature", "properties": { "cd_setor": "432240005000018", "situacao": "Urbana", "populacao_total": 626.0, "domicilios_total": 216.0, "area_km2": 0.10414018830908837, "densidade_demografica_hab_km2": 6011.1279820431109, "sem_dado": false }, "geometry": { "type": "Polygon", "coordinates": [ [ [ -57.077514646261001, -29.748596419825702 ], [ -57.077444443969299, -29.750107226697704 ], [ -57.078992769531503, -29.750162271544308 ], [ -57.078920567408495, -29.75171610518839 ], [ -57.078933999281801, -29.75171639148251 ], [ -57.078835933412698, -29.753261254738906 ], [ -57.080445292748401, -29.753288523903709 ], [ -57.080660927248793, -29.748688226531996 ], [ -57.077514646261001, -29.748596419825702 ] ] ] } },
{ "type": "Feature", "properties": { "cd_setor": "432240005000019", "situacao": "Urbana", "populacao_total": 925.0, "domicilios_total": 281.0, "area_km2": 0.12199565289301456, "densidade_demografica_hab_km2": 7582.2373835827493, "sem_dado": false }, "geometry": { "type": "Polygon", "coordinates": [ [ [ -57.072497794938499, -29.753153860610496 ], [ -57.072443932107802, -29.754592699598003 ], [ -57.075005920170895, -29.754619258749702 ], [ -57.080392177030696, -29.754731614251092 ], [ -57.080445292748401, -29.753288523903709 ], [ -57.078835933412698, -29.753261254738906 ], [ -57.074119753945297, -29.753181343265698 ], [ -57.072497794938499, -29.753153860610496 ] ] ] } },
{ "type": "Feature", "properties": { "cd_setor": "432240005000020", "situacao": "Urbana", "populacao_total": 1064.0, "domicilios_total": 332.0, "area_km2": 0.12678631962797912, "densidade_demografica_hab_km2": 8392.0726078493826, "sem_dado": false }, "geometry": { "type": "Polygon", "coordinates": [ [ [ -57.072443932107802, -29.754592699598003 ], [ -57.072388097842698, -29.756058370324894 ], [ -57.080337269869702, -29.756223375966194 ], [ -57.080392177030696, -29.754731614251092 ], [ -57.075005920170895, -29.754619258749702 ], [ -57.072443932107802, -29.754592699598003 ] ] ] } },
{ "type": "Feature", "properties": { "cd_setor": "432240005000021", "situacao": "Urbana", "populacao_total": 821.0, "domicilios_total": 270.0, "area_km2": 0.12706732194040776, "densidade_demografica_hab_km2": 6461.141916448305, "sem_dado": false }, "geometry": { "type": "Polygon", "coordinates": [ [ [ -57.072388097842698, -29.756058370324894 ], [ -57.072383763426195, -29.757578429919999 ], [ -57.080283068870592, -29.757695952108506 ], [ -57.080337269869702, -29.756223375966194 ], [ -57.072388097842698, -29.756058370324894 ] ] ] } },
{ "type": "Feature", "properties": { "cd_setor": "432240005000022", "situacao": "Urbana", "populacao_total": 839.0, "domicilios_total": 270.0, "area_km2": 0.14961995498030115, "densidade_demografica_hab_km2": 5607.5407863240043, "sem_dado": false }, "geometry": { "type": "Polygon", "coordinates": [ [ [ -57.069373510362098, -29.753131691632902 ], [ -57.069144452265007, -29.7575302369568 ], [ -57.070804564501294, -29.75755493533369 ], [ -57.072383763426195, -29.757578429919999 ], [ -57.072388097842698, -29.756058370324894 ], [ -57.072443932107802, -29.754592699598003 ], [ -57.072497794938499, -29.753153860610496 ], [ -57.069373510362098, -29.753131691632902 ] ] ] } },
{ "type": "Feature", "properties": { "cd_setor": "432240005000023", "situacao": "Urbana", "populacao_total": 1166.0, "domicilios_total": 361.0, "area_km2": 0.30554461283735218, "densidade_demografica_hab_km2": 3816.1366655176025, "sem_dado": false }, "geometry": { "type": "Polygon", "coordinates": [ [ [ -57.069373510362098, -29.753131691632902 ], [ -57.069017298953895, -29.753099998200405 ], [ -57.068791954866896, -29.753291442215097 ], [ -57.068313277060497, -29.753584094609899 ], [ -57.067782942987094, -29.753967922846904 ], [ -57.067188382035894, -29.7542073832327 ], [ -57.066480182588499, -29.754655372410102 ], [ -57.066030371179508, -29.754824361240104 ], [ -57.065556809105999, -29.755054729405291 ], [ -57.064997421587599, -29.755323042234796 ], [ -57.064535231085301, -29.755551596211397 ], [ -57.0640399312353, -29.755765724666798 ], [ -57.063636670953493, -29.755959952636591 ], [ -57.063175473127593, -29.756131644636604 ], [ -57.062842551943497, -29.756339374154795 ], [ -57.062435136906899, -29.756512843187799 ], [ -57.061962619049602, -29.756785614886894 ], [ -57.061556350728893, -29.75714860310919 ], [ -57.060971316752799, -29.757804077922909 ], [ -57.060461719382594, -29.758354827357994 ], [ -57.060223017792701, -29.758742102518603 ], [ -57.060007144722903, -29.759254812725594 ], [ -57.059624839038499, -29.759938167159689 ], [ -57.059314752098103, -29.760312837660496 ], [ -57.059035661574391, -29.760632441976398 ], [ -57.058785476854901, -29.760858174277804 ], [ -57.058656237674498, -29.760955699787896 ], [ -57.058250830417791, -29.761111938298495 ], [ -57.0583130169504, -29.761283453116601 ], [ -57.058348283263392, -29.761452202812006 ], [ -57.058459041797498, -29.761591137359893 ], [ -57.058715622960896, -29.761687590818003 ], [ -57.058985320812802, -29.761715418842506 ], [ -57.059039259386395, -29.761477168472005 ], [ -57.059336909808692, -29.761053769897405 ], [ -57.0596334897322, -29.760573514405593 ], [ -57.059671399123005, -29.760538148101006 ], [ -57.060103863936696, -29.760134694443792 ], [ -57.060741837643697, -29.759758970687603 ], [ -57.061758312498895, -29.759273868120498 ], [ -57.062700420844202, -29.758975607625391 ], [ -57.063585654566296, -29.758708954612896 ], [ -57.067564122188799, -29.757709065036384 ], [ -57.068324217376194, -29.757518033884004 ], [ -57.069144452265007, -29.7575302369568 ], [ -57.069373510362098, -29.753131691632902 ] ] ] } },
{ "type": "Feature", "properties": { "cd_setor": "432240005000024", "situacao": "Urbana", "populacao_total": 937.0, "domicilios_total": 302.0, "area_km2": 0.1930707343436637, "densidade_demografica_hab_km2": 4853.1436065921343, "sem_dado": false }, "geometry": { "type": "Polygon", "coordinates": [ [ [ -57.069144452265007, -29.7575302369568 ], [ -57.068324217376194, -29.757518033884004 ], [ -57.067564122188799, -29.757709065036384 ], [ -57.067522392498596, -29.760282761699592 ], [ -57.0674871268698, -29.760938048038799 ], [ -57.067369378992701, -29.763125973732297 ], [ -57.0706295549655, -29.763164913546298 ], [ -57.070718673949798, -29.760308180293791 ], [ -57.070804564501294, -29.75755493533369 ], [ -57.069144452265007, -29.7575302369568 ] ] ] } },
{ "type": "Feature", "properties": { "cd_setor": "432240005000025", "situacao": "Urbana", "populacao_total": 1044.0, "domicilios_total": 300.0, "area_km2": 0.12614015473583795, "densidade_demografica_hab_km2": 8276.5080016457832, "sem_dado": false }, "geometry": { "type": "Polygon", "coordinates": [ [ [ -57.067369378992701, -29.763125973732297 ], [ -57.067318056055903, -29.764079628057093 ], [ -57.066570728465102, -29.764903071363495 ], [ -57.066340442618696, -29.765232770726591 ], [ -57.067087268991102, -29.765459646594199 ], [ -57.068915415880902, -29.765951471290791 ], [ -57.070510520015702, -29.765993053477484 ], [ -57.070542642244298, -29.764594182259007 ], [ -57.072158399404003, -29.764615878963699 ], [ -57.072201850165499, -29.763183693171403 ], [ -57.0706295549655, -29.763164913546298 ], [ -57.067369378992701, -29.763125973732297 ] ] ] } },
{ "type": "Feature", "properties": { "cd_setor": "432240005000026", "situacao": "Urbana", "populacao_total": 1174.0, "domicilios_total": 343.0, "area_km2": 0.17226922942147602, "densidade_demografica_hab_km2": 6814.9140966299738, "sem_dado": false }, "geometry": { "type": "Polygon", "coordinates": [ [ [ -57.070510520015702, -29.765993053477484 ], [ -57.070550009295701, -29.766252046188406 ], [ -57.071979484443297, -29.767564399051803 ], [ -57.072678757203896, -29.768133805327796 ], [ -57.073607620996299, -29.768890163794595 ], [ -57.076744088446006, -29.76891095506959 ], [ -57.078285425150796, -29.768919082423597 ], [ -57.078285354477494, -29.767496764357798 ], [ -57.076823709610295, -29.767512958139193 ], [ -57.076870211254601, -29.766085911976802 ], [ -57.075857501358001, -29.766078558899306 ], [ -57.075266830982898, -29.766069199882999 ], [ -57.070510520015702, -29.765993053477484 ] ] ] } },
{ "type": "Feature", "properties": { "cd_setor": "432240005000027", "situacao": "Urbana", "populacao_total": 968.0, "domicilios_total": 300.0, "area_km2": 0.16906696696385839, "densidade_demografica_hab_km2": 5725.5418807325641, "sem_dado": false }, "geometry": { "type": "Polygon", "coordinates": [ [ [ -57.076870211254601, -29.766085911976802 ], [ -57.076823709610295, -29.767512958139193 ], [ -57.078285354477494, -29.767496764357798 ], [ -57.078285425150796, -29.768919082423597 ], [ -57.076744088446006, -29.76891095506959 ], [ -57.076639598907803, -29.771754345334291 ], [ -57.079811832192796, -29.771822486223108 ], [ -57.079849001364302, -29.770377804937592 ], [ -57.079885743576895, -29.768949718578003 ], [ -57.079921310028396, -29.768143777188591 ], [ -57.079952657779096, -29.767505052413288 ], [ -57.079998555873196, -29.766108626241088 ], [ -57.076870211254601, -29.766085911976802 ] ] ] } },
{ "type": "Feature", "properties": { "cd_setor": "432240005000028", "situacao": "Urbana", "populacao_total": 953.0, "domicilios_total": 324.0, "area_km2": 0.11818335625538312, "densidade_demografica_hab_km2": 8063.7412085391843, "sem_dado": false }, "geometry": { "type": "Polygon", "coordinates": [ [ [ -57.075375753198394, -29.763217653700597 ], [ -57.075266830982898, -29.766069199882999 ], [ -57.075857501358001, -29.766078558899306 ], [ -57.076870211254601, -29.766085911976802 ], [ -57.079998555873196, -29.766108626241088 ], [ -57.080041461102297, -29.764714630393083 ], [ -57.078405225405199, -29.764679131285291 ], [ -57.078440382200398, -29.763333502941695 ], [ -57.076934229355793, -29.763232400811592 ], [ -57.075375753198394, -29.763217653700597 ] ] ] } },
{ "type": "Feature", "properties": { "cd_setor": "432240005000029", "situacao": "Urbana", "populacao_total": 1268.0, "domicilios_total": 408.0, "area_km2": 0.21399543025015502, "densidade_demografica_hab_km2": 5925.3601748305628, "sem_dado": false }, "geometry": { "type": "Polygon", "coordinates": [ [ [ -57.073924112871808, -29.76037991560511 ], [ -57.073784485068494, -29.763202596294803 ], [ -57.075375753198394, -29.763217653700597 ], [ -57.076934229355793, -29.763232400811592 ], [ -57.078440382200398, -29.763333502941695 ], [ -57.078405225405199, -29.764679131285291 ], [ -57.080041461102297, -29.764714630393083 ], [ -57.0801273914403, -29.761925521184089 ], [ -57.080181270173497, -29.760461700621391 ], [ -57.077800983198898, -29.760466677045997 ], [ -57.073924112871808, -29.76037991560511 ] ] ] } },
{ "type": "Feature", "properties": { "cd_setor": "432240005000030", "situacao": "Urbana", "populacao_total": 916.0, "domicilios_total": 290.0, "area_km2": 0.21044651636818679, "densidade_demografica_hab_km2": 4352.6498599644756, "sem_dado": false }, "geometry": { "type": "Polygon", "coordinates": [ [ [ -57.072383763426195, -29.757578429919999 ], [ -57.072360169811098, -29.758938223503396 ], [ -57.073995472606093, -29.758937325093999 ], [ -57.073924112871808, -29.76037991560511 ], [ -57.077800983198898, -29.760466677045997 ], [ -57.080181270173497, -29.760461700621391 ], [ -57.080283068870592, -29.757695952108506 ], [ -57.072383763426195, -29.757578429919999 ] ] ] } },
{ "type": "Feature", "properties": { "cd_setor": "432240005000031", "situacao": "Urbana", "populacao_total": 768.0, "domicilios_total": 271.0, "area_km2": 0.071869279349028758, "densidade_demografica_hab_km2": 10686.067913249206, "sem_dado": false }, "geometry": { "type": "Polygon", "coordinates": [ [ [ -57.070804564501294, -29.75755493533369 ], [ -57.070718673949798, -29.760308180293791 ], [ -57.073924112871808, -29.76037991560511 ], [ -57.073995472606093, -29.758937325093999 ], [ -57.072360169811098, -29.758938223503396 ], [ -57.072383763426195, -29.757578429919999 ], [ -57.070804564501294, -29.75755493533369 ] ] ] } },
{ "type": "Feature", "properties": { "cd_setor": "432240005000032", "situacao": "Urbana", "populacao_total": 971.0, "domicilios_total": 269.0, "area_km2": 0.096806930315279288, "densidade_demografica_hab_km2": 10030.273626461065, "sem_dado": false }, "geometry": { "type": "Polygon", "coordinates": [ [ [ -57.070718673949798, -29.760308180293791 ], [ -57.0706295549655, -29.763164913546298 ], [ -57.072201850165499, -29.763183693171403 ], [ -57.073784485068494, -29.763202596294803 ], [ -57.073924112871808, -29.76037991560511 ], [ -57.070718673949798, -29.760308180293791 ] ] ] } },
{ "type": "Feature", "properties": { "cd_setor": "432240005000033", "situacao": "Urbana", "populacao_total": 1475.0, "domicilios_total": 492.0, "area_km2": 0.12050808872563523, "densidade_demografica_hab_km2": 12239.842284431061, "sem_dado": false }, "geometry": { "type": "Polygon", "coordinates": [ [ [ -57.072201850165499, -29.763183693171403 ], [ -57.072158399404003, -29.764615878963699 ], [ -57.070542642244298, -29.764594182259007 ], [ -57.070510520015702, -29.765993053477484 ], [ -57.075266830982898, -29.766069199882999 ], [ -57.075375753198394, -29.763217653700597 ], [ -57.073784485068494, -29.763202596294803 ], [ -57.072201850165499, -29.763183693171403 ] ] ] } },
{ "type": "Feature", "properties": { "cd_setor": "432240005000034", "situacao": "Urbana", "populacao_total": 868.0, "domicilios_total": 244.0, "area_km2": 2.5296369782922046, "densidade_demografica_hab_km2": 343.13223891358501, "sem_dado": false }, "geometry": { "type": "Polygon", "coordinates": [ [ [ -57.0612715297938, -29.742903851913905 ], [ -57.061158806059801, -29.742907513590691 ], [ -57.060904384010101, -29.742885970214196 ], [ -57.060673702668197, -29.742788606418589 ], [ -57.0604244389542, -29.742745400019395 ], [ -57.0601007311082, -29.742730203881298 ], [ -57.059800791329195, -29.742684311651189 ], [ -57.059469825887497, -29.742637530080092 ], [ -57.059154324231599, -29.742506809278499 ], [ -57.058941202210498, -29.742367920140492 ], [ -57.058717711178296, -29.742181203257005 ], [ -57.058487005303597, -29.7420351011951 ], [ -57.058167395611498, -29.741948601829399 ], [ -57.057821002989002, -29.742045318736693 ], [ -57.057569784702004, -29.742196143117297 ], [ -57.057237878853499, -29.742309999554692 ], [ -57.057158304246897, -29.7423803571136 ], [ -57.056945809268498, -29.743258393373797 ], [ -57.052576406303999, -29.761312910555795 ], [ -57.052204721945905, -29.762814246439294 ], [ -57.052919558592009, -29.76275801581841 ], [ -57.053742879522602, -29.7626932515854 ], [ -57.054136950567099, -29.762637138177183 ], [ -57.054610669786094, -29.762582796010797 ], [ -57.055144350201608, -29.7624688632417 ], [ -57.055997585439101, -29.762232056382498 ], [ -57.056224052025101, -29.762119150279396 ], [ -57.057264317504895, -29.761553750980696 ], [ -57.057795833260101, -29.761287288090795 ], [ -57.058250830417791, -29.761111938298495 ], [ -57.058656237674498, -29.760955699787896 ], [ -57.058785476854901, -29.760858174277804 ], [ -57.059035661574391, -29.760632441976398 ], [ -57.059314752098103, -29.760312837660496 ], [ -57.059624839038499, -29.759938167159689 ], [ -57.060007144722903, -29.759254812725594 ], [ -57.060223017792701, -29.758742102518603 ], [ -57.060461719382594, -29.758354827357994 ], [ -57.060971316752799, -29.757804077922909 ], [ -57.061556350728893, -29.75714860310919 ], [ -57.061962619049602, -29.756785614886894 ], [ -57.062435136906899, -29.756512843187799 ], [ -57.062842551943497, -29.756339374154795 ], [ -57.063175473127593, -29.756131644636604 ], [ -57.063636670953493, -29.755959952636591 ], [ -57.0640399312353, -29.755765724666798 ], [ -57.064535231085301, -29.755551596211397 ], [ -57.064997421587599, -29.755323042234796 ], [ -57.065556809105999, -29.755054729405291 ], [ -57.066030371179508, -29.754824361240104 ], [ -57.066480182588499, -29.754655372410102 ], [ -57.067188382035894, -29.7542073832327 ], [ -57.067782942987094, -29.753967922846904 ], [ -57.068313277060497, -29.753584094609899 ], [ -57.068791954866896, -29.753291442215097 ], [ -57.069017298953895, -29.753099998200405 ], [ -57.069373510362098, -29.753131691632902 ], [ -57.069363692057593, -29.752964445121307 ], [ -57.069868100238601, -29.752497595173693 ], [ -57.070385909647094, -29.751973879429798 ], [ -57.0706069621503, -29.751570350162901 ], [ -57.071004800158505, -29.751063842729895 ], [ -57.0717685487026, -29.75025660878131 ], [ -57.072080629475309, -29.749885517490004 ], [ -57.072943768203004, -29.749244280760902 ], [ -57.073631214015499, -29.7487935607098 ], [ -57.074256429977197, -29.748448449971896 ], [ -57.074773585360198, -29.748162987209 ], [ -57.075297746466198, -29.747899165201606 ], [ -57.076081432124298, -29.747549456679998 ], [ -57.0767808413067, -29.74720281384219 ], [ -57.075041330971402, -29.747184011590402 ], [ -57.073896791133897, -29.7471716403352 ], [ -57.073773826943494, -29.7472258586089 ], [ -57.073500910107398, -29.747389359961495 ], [ -57.073292195336805, -29.747663831586493 ], [ -57.073156884524003, -29.747903065519601 ], [ -57.073048314813803, -29.747937419668599 ], [ -57.072852827600599, -29.747914061993008 ], [ -57.072750536100301, -29.748049491221998 ], [ -57.072742262868601, -29.748050398227988 ], [ -57.072586093330195, -29.748050483398593 ], [ -57.072421811941396, -29.748276195015301 ], [ -57.072331896701897, -29.748364687766397 ], [ -57.072044453810598, -29.748470434692898 ], [ -57.071858382630801, -29.748599591073798 ], [ -57.071675472715498, -29.748811774461394 ], [ -57.071397470242097, -29.7491070375433 ], [ -57.071231135735495, -29.749360725902392 ], [ -57.070935530389001, -29.749630727717992 ], [ -57.070939474388496, -29.749356369047284 ], [ -57.070913608648695, -29.749342845483397 ], [ -57.071020959485196, -29.749043162043701 ], [ -57.0710426544819, -29.749008855905497 ], [ -57.071063182934296, -29.7487868327147 ], [ -57.071077507125494, -29.748566617800705 ], [ -57.071263646213495, -29.748532223809192 ], [ -57.071498320227697, -29.748393114815304 ], [ -57.071523010743299, -29.748208091345301 ], [ -57.0715292052829, -29.748192745709094 ], [ -57.071589180128093, -29.74817737119 ], [ -57.071739106567399, -29.748124043712391 ], [ -57.071968581393598, -29.747947934631298 ], [ -57.072028516704798, -29.747877508109802 ], [ -57.072268323080294, -29.747687855584193 ], [ -57.072461551254001, -29.747446786087096 ], [ -57.072517191959598, -29.747157959336 ], [ -57.072488072100299, -29.746933255411605 ], [ -57.072336951122701, -29.746760059639097 ], [ -57.072175578239793, -29.746712315226201 ], [ -57.071945946270098, -29.746663704999598 ], [ -57.071543641288102, -29.746673848983999 ], [ -57.071254077190794, -29.746699273825588 ], [ -57.070909697287703, -29.746722019745089 ], [ -57.070612837728099, -29.746668028024498 ], [ -57.070355225355897, -29.746537303348795 ], [ -57.070134832339093, -29.746387606315107 ], [ -57.070008581897696, -29.746278471504805 ], [ -57.070000223596402, -29.746156639856491 ], [ -57.070053915691695, -29.746031165648091 ], [ -57.070123156621392, -29.7459571251207 ], [ -57.070281308336298, -29.7458379132391 ], [ -57.070472538048094, -29.745695218959593 ], [ -57.070673085856797, -29.745567861777598 ], [ -57.070844687362197, -29.745457666976797 ], [ -57.071141360138796, -29.745251741379786 ], [ -57.071167030628196, -29.744990005773801 ], [ -57.071184436929904, -29.744741811907694 ], [ -57.071181186557396, -29.744532436108901 ], [ -57.071199544123303, -29.744166918090002 ], [ -57.071223115853094, -29.743862766547007 ], [ -57.0712135927483, -29.743557730185191 ], [ -57.071190667324004, -29.743312265279393 ], [ -57.071127393553297, -29.743045162150601 ], [ -57.071006151965797, -29.742701378258403 ], [ -57.070809578476897, -29.742588671636899 ], [ -57.070499279887599, -29.742524759366891 ], [ -57.070138338970601, -29.742506900000496 ], [ -57.069858073465596, -29.742502534737 ], [ -57.069495154539595, -29.742615535655698 ], [ -57.069216109961395, -29.742883720271092 ], [ -57.069097361362097, -29.743150016315496 ], [ -57.069037535519591, -29.743379279667494 ], [ -57.068949794300003, -29.743620289791199 ], [ -57.068860998753102, -29.743832420728896 ], [ -57.0687319110733, -29.744105941666295 ], [ -57.068640016963592, -29.744325293954493 ], [ -57.068436452794103, -29.744579900636094 ], [ -57.068257646158393, -29.744742440404384 ], [ -57.068084002651496, -29.744894147418407 ], [ -57.067806927845098, -29.745030564531795 ], [ -57.067506019646395, -29.745098403943302 ], [ -57.067058198005199, -29.745082385136396 ], [ -57.066655802790294, -29.744947213514408 ], [ -57.066315445360793, -29.744788545099791 ], [ -57.066068174130692, -29.74464065958739 ], [ -57.065672929143503, -29.744363790576401 ], [ -57.065257080668694, -29.744207864048398 ], [ -57.064993307751095, -29.744125866320097 ], [ -57.064700561030797, -29.744017709928201 ], [ -57.064509198176395, -29.743960043299598 ], [ -57.064395349311596, -29.743822919908993 ], [ -57.064345644761893, -29.743723670047395 ], [ -57.064193560083893, -29.743631689398892 ], [ -57.064033114516796, -29.743401631678804 ], [ -57.063847813815599, -29.743115631297684 ], [ -57.063625295570098, -29.742848600685697 ], [ -57.063498947533297, -29.742566181614801 ], [ -57.063253781403105, -29.742461609290299 ], [ -57.062995205856204, -29.742412094718212 ], [ -57.062570131952498, -29.742368975266885 ], [ -57.062296110645597, -29.742426862853812 ], [ -57.062067610643702, -29.7425136083749 ], [ -57.061719167494495, -29.742636508631492 ], [ -57.0612715297938, -29.742903851913905 ] ] ] } },
{ "type": "Feature", "properties": { "cd_setor": "432240005000035", "situacao": "Urbana", "populacao_total": 1182.0, "domicilios_total": 326.0, "area_km2": 2.736438739332399, "densidade_demografica_hab_km2": 431.94827752232783, "sem_dado": false }, "geometry": { "type": "Polygon", "coordinates": [ [ [ -57.057158304246897, -29.7423803571136 ], [ -57.056559794848901, -29.742909541762298 ], [ -57.055908338625294, -29.743052409512796 ], [ -57.055737728614304, -29.743107532711807 ], [ -57.055572308234595, -29.74319694814039 ], [ -57.055417244797013, -29.743314336244406 ], [ -57.055255938796293, -29.743364040021298 ], [ -57.054823554705102, -29.743191842691097 ], [ -57.054492600609699, -29.743164903445493 ], [ -57.053956873655203, -29.743129923842996 ], [ -57.0534211738293, -29.743145481486291 ], [ -57.053120284799199, -29.7432575102013 ], [ -57.0531109780704, -29.743259318881094 ], [ -57.052750093198696, -29.743347905859501 ], [ -57.052383082217602, -29.743589917504387 ], [ -57.052038811931894, -29.743812966986507 ], [ -57.051523912306493, -29.74406405864779 ], [ -57.051058623273299, -29.744259174997403 ], [ -57.050489874160597, -29.744377617216603 ], [ -57.050076251812001, -29.7444923890049 ], [ -57.049590257997593, -29.744655018314699 ], [ -57.049166408884602, -29.745010755757097 ], [ -57.048882168772501, -29.745353806000594 ], [ -57.048689961110099, -29.745675162386302 ], [ -57.048513291481605, -29.746050662204702 ], [ -57.048341804174399, -29.746452332084491 ], [ -57.048110308588392, -29.746807996370784 ], [ -57.047902540735301, -29.747041815687496 ], [ -57.047662695505196, -29.747243156495792 ], [ -57.047326681204098, -29.747477020544391 ], [ -57.046811905623102, -29.748061112212799 ], [ -57.046760212649104, -29.748101742306595 ], [ -57.046514175907497, -29.748343695178995 ], [ -57.046299173922201, -29.748604589117505 ], [ -57.046145242006794, -29.748976467792595 ], [ -57.046022303083703, -29.749275234002901 ], [ -57.045987289619099, -29.7496064594887 ], [ -57.0459397875996, -29.749768021326808 ], [ -57.045856031117808, -29.749807759576896 ], [ -57.045774372971593, -29.749913378744807 ], [ -57.045741368064398, -29.750114645052996 ], [ -57.045684557083696, -29.750276209970504 ], [ -57.045525375731295, -29.750485641643998 ], [ -57.045288607381003, -29.750658097367403 ], [ -57.045014553558296, -29.750715949138893 ], [ -57.0448077041207, -29.750723238482088 ], [ -57.044561525138, -29.750668268879291 ], [ -57.044248116215094, -29.750606101154609 ], [ -57.043922337403892, -29.7506377955829 ], [ -57.043604805963696, -29.7506081172838 ], [ -57.043295528277199, -29.750530603645892 ], [ -57.043001799209705, -29.750533405795398 ], [ -57.042748452972795, -29.750646298039307 ], [ -57.042578873528697, -29.750740210916906 ], [ -57.0424320464479, -29.750831408900702 ], [ -57.042315231344901, -29.750966819188299 ], [ -57.042211868954098, -29.751120274904594 ], [ -57.042086827636901, -29.751372108623404 ], [ -57.041985596875399, -29.751678986560197 ], [ -57.0419174619648, -29.751984951560502 ], [ -57.0418131429456, -29.752329734825498 ], [ -57.041665370266493, -29.75264294441989 ], [ -57.041627135308801, -29.752724180279788 ], [ -57.041498947961095, -29.752879448092802 ], [ -57.041374860353301, -29.752944465661805 ], [ -57.040983757767798, -29.753358063150298 ], [ -57.040939607537595, -29.753392233706698 ], [ -57.040735958669806, -29.753655822422004 ], [ -57.040544731534794, -29.753947384194497 ], [ -57.040317272515892, -29.754163147567805 ], [ -57.040166355819203, -29.754391522452202 ], [ -57.040038185590795, -29.754600938106787 ], [ -57.040045482316401, -29.754743529073988 ], [ -57.039730050679701, -29.754823041956197 ], [ -57.039358734316401, -29.754821346569802 ], [ -57.039103312644002, -29.754954989611793 ], [ -57.038917242209003, -29.755226692734787 ], [ -57.038736384609905, -29.755608497635802 ], [ -57.038620725991692, -29.756090459676098 ], [ -57.038547486979397, -29.756607606420598 ], [ -57.038497976514201, -29.75696681087669 ], [ -57.038415317953501, -29.757196969024996 ], [ -57.038141316087199, -29.757449743897393 ], [ -57.037948031379599, -29.757809891425001 ], [ -57.037874659249098, -29.757984994820088 ], [ -57.037760973626803, -29.758229601093699 ], [ -57.037695896513796, -29.758460656284996 ], [ -57.037553246908004, -29.758701660553687 ], [ -57.037549206613797, -29.758962480640001 ], [ -57.037498628235902, -29.759244070957902 ], [ -57.0374314171967, -29.759302751438906 ], [ -57.037487361727202, -29.759543700010799 ], [ -57.037264185655097, -29.760205285633507 ], [ -57.037250769960906, -29.7602892207031 ], [ -57.0371660028527, -29.7604264223319 ], [ -57.036996435835597, -29.760613284141193 ], [ -57.0366882817396, -29.760851625502795 ], [ -57.036523903920497, -29.761090829547097 ], [ -57.036348164786894, -29.761378770778194 ], [ -57.036243782633498, -29.761627885543593 ], [ -57.036178681400798, -29.761807498102993 ], [ -57.036175695763006, -29.762135101803995 ], [ -57.036089978119897, -29.76251507203639 ], [ -57.035867721205193, -29.762896883747793 ], [ -57.035719894749008, -29.7631541320394 ], [ -57.0355285848552, -29.763303093223794 ], [ -57.035259725122899, -29.763538713295201 ], [ -57.035012589924598, -29.763784254503502 ], [ -57.034849209368595, -29.7639413297853 ], [ -57.034637221074199, -29.764126394515099 ], [ -57.034509000114198, -29.764257288166398 ], [ -57.034341488685499, -29.764438731022 ], [ -57.034291894963694, -29.764608411254901 ], [ -57.034297132357793, -29.764800639638398 ], [ -57.034296630432003, -29.765056090666295 ], [ -57.035517770638499, -29.764905010567603 ], [ -57.035592681053195, -29.764896131020688 ], [ -57.036326644050504, -29.764809130316099 ], [ -57.037804740742196, -29.764615589463094 ], [ -57.038500822619298, -29.764423161576392 ], [ -57.0398702412039, -29.764087938361488 ], [ -57.041247984159298, -29.763895291347296 ], [ -57.042043421630197, -29.763858944417699 ], [ -57.043435701016392, -29.763810667976401 ], [ -57.044302431121594, -29.763593786895701 ], [ -57.044977795946693, -29.763379672081989 ], [ -57.048054978591601, -29.763090708156795 ], [ -57.051402157191497, -29.762877377945902 ], [ -57.052204721945905, -29.762814246439294 ], [ -57.052576406303999, -29.761312910555795 ], [ -57.056945809268498, -29.743258393373797 ], [ -57.057158304246897, -29.7423803571136 ] ] ] } },
{ "type": "Feature", "properties": { "cd_setor": "432240005000036", "situacao": "Urbana", "populacao_total": 779.0, "domicilios_total": 239.0, "area_km2": 0.1626243382361873, "densidade_demografica_hab_km2": 4790.1809068001867, "sem_dado": false }, "geometry": { "type": "Polygon", "coordinates": [ [ [ -57.067564122188799, -29.757709065036384 ], [ -57.063585654566296, -29.758708954612896 ], [ -57.062700420844202, -29.758975607625391 ], [ -57.061758312498895, -29.759273868120498 ], [ -57.060741837643697, -29.759758970687603 ], [ -57.060103863936696, -29.760134694443792 ], [ -57.059671399123005, -29.760538148101006 ], [ -57.060181695750003, -29.760561535872199 ], [ -57.061660898165499, -29.760661938810401 ], [ -57.065689897077107, -29.760852876007895 ], [ -57.0674871268698, -29.760938048038799 ], [ -57.067522392498596, -29.760282761699592 ], [ -57.067564122188799, -29.757709065036384 ] ] ] } },
{ "type": "Feature", "properties": { "cd_setor": "432240005000037", "situacao": "Urbana", "populacao_total": 1069.0, "domicilios_total": 304.0, "area_km2": 0.14661311656692466, "densidade_demografica_hab_km2": 7291.2985211117339, "sem_dado": false }, "geometry": { "type": "Polygon", "coordinates": [ [ [ -57.059671399123005, -29.760538148101006 ], [ -57.0596334897322, -29.760573514405593 ], [ -57.059336909808692, -29.761053769897405 ], [ -57.059039259386395, -29.761477168472005 ], [ -57.058985320812802, -29.761715418842506 ], [ -57.058934025012704, -29.761941995901495 ], [ -57.058907407001499, -29.762414008422493 ], [ -57.058901353361598, -29.762619779862497 ], [ -57.063244887128896, -29.762847422752099 ], [ -57.065523682306299, -29.7629668535075 ], [ -57.065689897077107, -29.760852876007895 ], [ -57.061660898165499, -29.760661938810401 ], [ -57.060181695750003, -29.760561535872199 ], [ -57.059671399123005, -29.760538148101006 ] ] ] } },
{ "type": "Feature", "properties": { "cd_setor": "432240005000038", "situacao": "Urbana", "populacao_total": 979.0, "domicilios_total": 291.0, "area_km2": 0.12097067236346612, "densidade_demografica_hab_km2": 8092.8706179173387, "sem_dado": false }, "geometry": { "type": "Polygon", "coordinates": [ [ [ -57.065689897077107, -29.760852876007895 ], [ -57.065523682306299, -29.7629668535075 ], [ -57.063244887128896, -29.762847422752099 ], [ -57.063101277985695, -29.764281149748193 ], [ -57.066340442618696, -29.765232770726591 ], [ -57.066570728465102, -29.764903071363495 ], [ -57.067318056055903, -29.764079628057093 ], [ -57.067369378992701, -29.763125973732297 ], [ -57.0674871268698, -29.760938048038799 ], [ -57.065689897077107, -29.760852876007895 ] ] ] } },
{ "type": "Feature", "properties": { "cd_setor": "432240005000039", "situacao": "Urbana", "populacao_total": 1774.0, "domicilios_total": 473.0, "area_km2": 0.30733864192624044, "densidade_demografica_hab_km2": 5772.1345707831624, "sem_dado": false }, "geometry": { "type": "Polygon", "coordinates": [ [ [ -57.058901353361598, -29.762619779862497 ], [ -57.058892193375698, -29.762931140222189 ], [ -57.058894055711093, -29.767724174185993 ], [ -57.059172233396495, -29.767741270377197 ], [ -57.061874512044298, -29.767952674613891 ], [ -57.062512582515197, -29.767980710237602 ], [ -57.063244954865795, -29.767962315100601 ], [ -57.063932682850691, -29.767686728728595 ], [ -57.064477614706497, -29.767348033877504 ], [ -57.064604493131895, -29.767205327490295 ], [ -57.0649231329404, -29.766846937671492 ], [ -57.066340442618696, -29.765232770726591 ], [ -57.063101277985695, -29.764281149748193 ], [ -57.063244887128896, -29.762847422752099 ], [ -57.058901353361598, -29.762619779862497 ] ] ] } },
{ "type": "Feature", "properties": { "cd_setor": "432240005000040", "situacao": "Urbana", "populacao_total": 1503.0, "domicilios_total": 437.0, "area_km2": 0.32989859254234827, "densidade_demografica_hab_km2": 4555.9454752965139, "sem_dado": false }, "geometry": { "type": "Polygon", "coordinates": [ [ [ -57.058250830417791, -29.761111938298495 ], [ -57.057795833260101, -29.761287288090795 ], [ -57.057264317504895, -29.761553750980696 ], [ -57.056224052025101, -29.762119150279396 ], [ -57.055997585439101, -29.762232056382498 ], [ -57.055144350201608, -29.7624688632417 ], [ -57.054610669786094, -29.762582796010797 ], [ -57.054136950567099, -29.762637138177183 ], [ -57.053742879522602, -29.7626932515854 ], [ -57.052919558592009, -29.76275801581841 ], [ -57.053026251255893, -29.765042711615695 ], [ -57.054133033829402, -29.764974580948 ], [ -57.054354303382894, -29.7686707642888 ], [ -57.054705954327702, -29.768523826957207 ], [ -57.054941738636501, -29.768396479541 ], [ -57.055431917974303, -29.768128238418406 ], [ -57.055982082642402, -29.767842823079892 ], [ -57.056729902741196, -29.767701719384199 ], [ -57.057787071954003, -29.767656141389306 ], [ -57.058894055711093, -29.767724174185993 ], [ -57.058892193375698, -29.762931140222189 ], [ -57.058901353361598, -29.762619779862497 ], [ -57.058907407001499, -29.762414008422493 ], [ -57.058934025012704, -29.761941995901495 ], [ -57.058985320812802, -29.761715418842506 ], [ -57.058715622960896, -29.761687590818003 ], [ -57.058459041797498, -29.761591137359893 ], [ -57.058348283263392, -29.761452202812006 ], [ -57.0583130169504, -29.761283453116601 ], [ -57.058250830417791, -29.761111938298495 ] ] ] } },
{ "type": "Feature", "properties": { "cd_setor": "432240005000041", "situacao": "Urbana", "populacao_total": 1464.0, "domicilios_total": 425.0, "area_km2": 0.96339134517573044, "densidade_demografica_hab_km2": 1519.6316713152062, "sem_dado": false }, "geometry": { "type": "Polygon", "coordinates": [ [ [ -57.052919558592009, -29.76275801581841 ], [ -57.052204721945905, -29.762814246439294 ], [ -57.051402157191497, -29.762877377945902 ], [ -57.048054978591601, -29.763090708156795 ], [ -57.044977795946693, -29.763379672081989 ], [ -57.044302431121594, -29.763593786895701 ], [ -57.043435701016392, -29.763810667976401 ], [ -57.042043421630197, -29.763858944417699 ], [ -57.041247984159298, -29.763895291347296 ], [ -57.0398702412039, -29.764087938361488 ], [ -57.038500822619298, -29.764423161576392 ], [ -57.037804740742196, -29.764615589463094 ], [ -57.036326644050504, -29.764809130316099 ], [ -57.035592681053195, -29.764896131020688 ], [ -57.035517770638499, -29.764905010567603 ], [ -57.034296630432003, -29.765056090666295 ], [ -57.034300359878692, -29.765166146015698 ], [ -57.034281803656398, -29.765352063054387 ], [ -57.034182566010792, -29.765547025526203 ], [ -57.034085381262003, -29.765695960569001 ], [ -57.033944771901012, -29.765908080601804 ], [ -57.033934483576893, -29.766074140771508 ], [ -57.033942828496507, -29.766280808129402 ], [ -57.033739128637798, -29.766524530899492 ], [ -57.0334743758619, -29.766705997002891 ], [ -57.033317358839199, -29.766794536848387 ], [ -57.033659602850001, -29.766899082838794 ], [ -57.033779815676596, -29.766938968091498 ], [ -57.034578280870207, -29.767203889788487 ], [ -57.038098844577497, -29.768233575372307 ], [ -57.044334445344901, -29.768180213878193 ], [ -57.044734773422299, -29.768177373127596 ], [ -57.045112340105298, -29.768166416467505 ], [ -57.045715424541797, -29.768176139009203 ], [ -57.046239893522106, -29.768190398445501 ], [ -57.046775746125398, -29.768214579169999 ], [ -57.047189545676595, -29.768262265514103 ], [ -57.047558872621494, -29.768327113636008 ], [ -57.047972671714192, -29.768372090069803 ], [ -57.048424752141599, -29.768430588637603 ], [ -57.048862363101897, -29.7685143605691 ], [ -57.049356864059696, -29.768587280211399 ], [ -57.050066574280294, -29.768747658694899 ], [ -57.050495921878408, -29.768850380524608 ], [ -57.051081473279893, -29.768954846282096 ], [ -57.051537679767499, -29.768981745604702 ], [ -57.052121151969203, -29.769062742916098 ], [ -57.052654904441297, -29.769015604221988 ], [ -57.053205175222601, -29.7689070877272 ], [ -57.0537844084173, -29.768796752304382 ], [ -57.054299508475005, -29.768693660338585 ], [ -57.054354303382894, -29.7686707642888 ], [ -57.054133033829402, -29.764974580948 ], [ -57.053026251255893, -29.765042711615695 ], [ -57.052919558592009, -29.76275801581841 ] ] ] } },
{ "type": "Feature", "properties": { "cd_setor": "432240005000042", "situacao": "Urbana", "populacao_total": 1006.0, "domicilios_total": 261.0, "area_km2": 1.9372994478393382, "densidade_demografica_hab_km2": 519.27955749018952, "sem_dado": false }, "geometry": { "type": "Polygon", "coordinates": [ [ [ -57.033317358839199, -29.766794536848387 ], [ -57.032992421470304, -29.76697776478079 ], [ -57.031893116473896, -29.76790939647179 ], [ -57.0316532665979, -29.768356184012099 ], [ -57.031121738087506, -29.768926679589196 ], [ -57.0306564090302, -29.769498060391594 ], [ -57.030167206486198, -29.769816748713598 ], [ -57.029467977467895, -29.770041622818503 ], [ -57.028993204598699, -29.770198758579198 ], [ -57.028490541999901, -29.770505711250401 ], [ -57.028038604487698, -29.770953439284092 ], [ -57.027996301872392, -29.771352346950401 ], [ -57.027813598619012, -29.772799069860692 ], [ -57.027940955662203, -29.773213284503498 ], [ -57.028090207880396, -29.774236672304401 ], [ -57.028186715713801, -29.775306097597014 ], [ -57.0283443755702, -29.7767771157765 ], [ -57.028313398379694, -29.777715753376597 ], [ -57.029712208901095, -29.777398633009302 ], [ -57.030862531433201, -29.777126725777194 ], [ -57.0329086931307, -29.776673192431101 ], [ -57.035281724564101, -29.776157270334998 ], [ -57.036913024877002, -29.77576064005639 ], [ -57.038927046814791, -29.775269117995304 ], [ -57.042109962490095, -29.774577753279409 ], [ -57.047384339460095, -29.773340485601089 ], [ -57.052741351719696, -29.7721156096509 ], [ -57.056234349081898, -29.771305556354992 ], [ -57.056529081826199, -29.7712371366272 ], [ -57.057143424433498, -29.77090356387729 ], [ -57.057621198023497, -29.770638027507204 ], [ -57.0579365207454, -29.770307581060393 ], [ -57.058269014155798, -29.769950434302196 ], [ -57.058615117068506, -29.769444229361905 ], [ -57.058868711752098, -29.768773849002002 ], [ -57.058894246498895, -29.768215198730296 ], [ -57.058894055711093, -29.767724174185993 ], [ -57.057787071954003, -29.767656141389306 ], [ -57.056729902741196, -29.767701719384199 ], [ -57.055982082642402, -29.767842823079892 ], [ -57.055431917974303, -29.768128238418406 ], [ -57.054941738636501, -29.768396479541 ], [ -57.054705954327702, -29.768523826957207 ], [ -57.054354303382894, -29.7686707642888 ], [ -57.054299508475005, -29.768693660338585 ], [ -57.0537844084173, -29.768796752304382 ], [ -57.053205175222601, -29.7689070877272 ], [ -57.052654904441297, -29.769015604221988 ], [ -57.052121151969203, -29.769062742916098 ], [ -57.051537679767499, -29.768981745604702 ], [ -57.051081473279893, -29.768954846282096 ], [ -57.050495921878408, -29.768850380524608 ], [ -57.050066574280294, -29.768747658694899 ], [ -57.049356864059696, -29.768587280211399 ], [ -57.048862363101897, -29.7685143605691 ], [ -57.048424752141599, -29.768430588637603 ], [ -57.047972671714192, -29.768372090069803 ], [ -57.047558872621494, -29.768327113636008 ], [ -57.047189545676595, -29.768262265514103 ], [ -57.046775746125398, -29.768214579169999 ], [ -57.046239893522106, -29.768190398445501 ], [ -57.045715424541797, -29.768176139009203 ], [ -57.045112340105298, -29.768166416467505 ], [ -57.044734773422299, -29.768177373127596 ], [ -57.044334445344901, -29.768180213878193 ], [ -57.038098844577497, -29.768233575372307 ], [ -57.034578280870207, -29.767203889788487 ], [ -57.033779815676596, -29.766938968091498 ], [ -57.033659602850001, -29.766899082838794 ], [ -57.033317358839199, -29.766794536848387 ] ] ] } },
{ "type": "Feature", "properties": { "cd_setor": "432240005000043", "situacao": "Urbana", "populacao_total": 386.0, "domicilios_total": 112.0, "area_km2": 4.5537746626133915, "densidade_demografica_hab_km2": 84.764844244285968, "sem_dado": false }, "geometry": { "type": "Polygon", "coordinates": [ [ [ -57.056529081826199, -29.7712371366272 ], [ -57.056234349081898, -29.771305556354992 ], [ -57.052741351719696, -29.7721156096509 ], [ -57.047384339460095, -29.773340485601089 ], [ -57.042109962490095, -29.774577753279409 ], [ -57.038927046814791, -29.775269117995304 ], [ -57.036913024877002, -29.77576064005639 ], [ -57.035281724564101, -29.776157270334998 ], [ -57.0329086931307, -29.776673192431101 ], [ -57.030862531433201, -29.777126725777194 ], [ -57.029712208901095, -29.777398633009302 ], [ -57.028313398379694, -29.777715753376597 ], [ -57.028309498168902, -29.77783393338219 ], [ -57.028301482958902, -29.778764397254903 ], [ -57.028132184841603, -29.780084768297002 ], [ -57.027925554485094, -29.7811055216767 ], [ -57.028048931321798, -29.782048592540598 ], [ -57.028721802541398, -29.783420227115005 ], [ -57.029323016350297, -29.78380365327541 ], [ -57.029833178884004, -29.784151900023886 ], [ -57.0302781503921, -29.784453230301697 ], [ -57.030655818723893, -29.784570467645398 ], [ -57.036607758700896, -29.7954691718692 ], [ -57.036764894007, -29.795078353790895 ], [ -57.037046127204199, -29.794506102185004 ], [ -57.037325427571595, -29.794311088349392 ], [ -57.037748555508998, -29.794126863258793 ], [ -57.037854061277095, -29.794034780220795 ], [ -57.038535824366399, -29.793747596194795 ], [ -57.039299443723301, -29.793764521416598 ], [ -57.040179975731895, -29.793757942623095 ], [ -57.041448372887295, -29.793388440202289 ], [ -57.043457684280597, -29.79320369590701 ], [ -57.044674465680302, -29.793145535941292 ], [ -57.045417250616801, -29.793307442775298 ], [ -57.046339223651394, -29.792986132080287 ], [ -57.046487141245798, -29.792890417496505 ], [ -57.047105693197793, -29.787029577052692 ], [ -57.047154663432302, -29.7865655792754 ], [ -57.049349153622799, -29.782416066823394 ], [ -57.054194655706503, -29.781462969126199 ], [ -57.059130053098293, -29.780475359583896 ], [ -57.061897179914396, -29.779913660673596 ], [ -57.063219228918804, -29.779660211361698 ], [ -57.063893580207399, -29.779530931834501 ], [ -57.064048120811897, -29.779501304937394 ], [ -57.0631577422158, -29.779004267204193 ], [ -57.062042967767596, -29.778095085990607 ], [ -57.061245715252703, -29.777020594983103 ], [ -57.0603769398164, -29.775682605686594 ], [ -57.060328490510202, -29.775594913098999 ], [ -57.060123208424294, -29.775223355306 ], [ -57.059773051472497, -29.774395933601394 ], [ -57.059250976244499, -29.773232862706099 ], [ -57.058748858717195, -29.772567952881694 ], [ -57.0579041594562, -29.771598150011396 ], [ -57.057710635670297, -29.771464665962306 ], [ -57.056529081826199, -29.7712371366272 ] ] ] } },
{ "type": "Feature", "properties": { "cd_setor": "432240005000044", "situacao": "Urbana", "populacao_total": 308.0, "domicilios_total": 99.0, "area_km2": 1.1312508068160914, "densidade_demografica_hab_km2": 272.26499918870059, "sem_dado": false }, "geometry": { "type": "Polygon", "coordinates": [ [ [ -57.063219228918804, -29.779660211361698 ], [ -57.061897179914396, -29.779913660673596 ], [ -57.059130053098293, -29.780475359583896 ], [ -57.054194655706503, -29.781462969126199 ], [ -57.049349153622799, -29.782416066823394 ], [ -57.047154663432302, -29.7865655792754 ], [ -57.047105693197793, -29.787029577052692 ], [ -57.046487141245798, -29.792890417496505 ], [ -57.046339223651394, -29.792986132080287 ], [ -57.045417250616801, -29.793307442775298 ], [ -57.045671280162097, -29.793335631018095 ], [ -57.046629081886003, -29.793294680439004 ], [ -57.047581050062895, -29.7933863980534 ], [ -57.048772081727797, -29.793571879949607 ], [ -57.049703453919399, -29.793853111208602 ], [ -57.049923456295197, -29.793921494638198 ], [ -57.052629595589494, -29.790798828096506 ], [ -57.057671053684402, -29.784981391962297 ], [ -57.0593064372637, -29.783094291177491 ], [ -57.059669411555006, -29.782672727687793 ], [ -57.059823378608897, -29.782493908167897 ], [ -57.062276896275897, -29.783311337816482 ], [ -57.062331347283902, -29.783073888050492 ], [ -57.062554451404701, -29.782100976377205 ], [ -57.063219228918804, -29.779660211361698 ] ] ] } },
{ "type": "Feature", "properties": { "cd_setor": "432240005000045", "situacao": "Urbana", "populacao_total": 1520.0, "domicilios_total": 402.0, "area_km2": 1.1573848546933572, "densidade_demografica_hab_km2": 1313.3055904751025, "sem_dado": false }, "geometry": { "type": "Polygon", "coordinates": [ [ [ -57.057671053684402, -29.784981391962297 ], [ -57.052629595589494, -29.790798828096506 ], [ -57.049923456295197, -29.793921494638198 ], [ -57.050216747979803, -29.794012658614008 ], [ -57.0510560563932, -29.794328209262591 ], [ -57.051387294360801, -29.794583484793385 ], [ -57.052309497354891, -29.795108371505698 ], [ -57.054177590639497, -29.795897298397797 ], [ -57.054659083830998, -29.796532449702188 ], [ -57.055287358639703, -29.796880549010005 ], [ -57.055562663569596, -29.7969977573254 ], [ -57.056374172128507, -29.797485659745295 ], [ -57.057067707249594, -29.7979384108746 ], [ -57.057892662763493, -29.7983920038096 ], [ -57.058490023202701, -29.798799585306799 ], [ -57.062836120094296, -29.793912642728795 ], [ -57.063192709303799, -29.793511678131292 ], [ -57.0638624527842, -29.793969820060198 ], [ -57.065103135714004, -29.792475610384194 ], [ -57.063554525440694, -29.791350059282397 ], [ -57.064436418778008, -29.790272973235012 ], [ -57.064416613896292, -29.789823907969801 ], [ -57.059805469142098, -29.7865136503213 ], [ -57.057671053684402, -29.784981391962297 ] ] ] } },
{ "type": "Feature", "properties": { "cd_setor": "432240005000046", "situacao": "Urbana", "populacao_total": 2145.0, "domicilios_total": 553.0, "area_km2": 1.2242878294648034, "densidade_demografica_hab_km2": 1752.0389800310973, "sem_dado": false }, "geometry": { "type": "Polygon", "coordinates": [ [ [ -57.067737584420001, -29.784043518293402 ], [ -57.066904404060203, -29.784493153840195 ], [ -57.066961782969202, -29.785169180032 ], [ -57.065671405784094, -29.785643714118102 ], [ -57.064679720222699, -29.785953047095301 ], [ -57.0643613053998, -29.7860701436224 ], [ -57.064247426986597, -29.785987683884709 ], [ -57.064353579373602, -29.788394633362298 ], [ -57.064416613896292, -29.789823907969801 ], [ -57.064436418778008, -29.790272973235012 ], [ -57.063554525440694, -29.791350059282397 ], [ -57.065103135714004, -29.792475610384194 ], [ -57.0638624527842, -29.793969820060198 ], [ -57.063192709303799, -29.793511678131292 ], [ -57.062836120094296, -29.793912642728795 ], [ -57.058490023202701, -29.798799585306799 ], [ -57.058861578413399, -29.799053098963199 ], [ -57.059622307014401, -29.799356897332096 ], [ -57.060528853206101, -29.799512618101499 ], [ -57.061856497076796, -29.799578792111809 ], [ -57.0624224945796, -29.799547843759505 ], [ -57.063279153309004, -29.799346186136791 ], [ -57.063568888582196, -29.7993487556449 ], [ -57.064699948070597, -29.799447484112392 ], [ -57.065171899683499, -29.79960067596809 ], [ -57.065777217330798, -29.799569694007698 ], [ -57.066372979479006, -29.799171403855304 ], [ -57.066835405510602, -29.799002408434283 ], [ -57.067848416423004, -29.798974821676097 ], [ -57.068611021356503, -29.7989563812516 ], [ -57.069626920781403, -29.798618325545391 ], [ -57.070949836833897, -29.79785773709289 ], [ -57.071874561207096, -29.797381632864198 ], [ -57.0723340133937, -29.797418385739501 ], [ -57.073293325680197, -29.797563160544392 ], [ -57.073998267760295, -29.797773568465491 ], [ -57.072257185618099, -29.793955271984505 ], [ -57.067737584420001, -29.784043518293402 ] ] ] } },
{ "type": "Feature", "properties": { "cd_setor": "432240005000047", "situacao": "Urbana", "populacao_total": 948.0, "domicilios_total": 241.0, "area_km2": 0.11321478537588464, "densidade_demografica_hab_km2": 8373.4646217147638, "sem_dado": false }, "geometry": { "type": "Polygon", "coordinates": [ [ [ -57.064775422505804, -29.780032285624799 ], [ -57.064188998458903, -29.781946776792203 ], [ -57.064786515239, -29.782820092463094 ], [ -57.065671405784094, -29.785643714118102 ], [ -57.066961782969202, -29.785169180032 ], [ -57.066904404060203, -29.784493153840195 ], [ -57.067737584420001, -29.784043518293402 ], [ -57.067667541038901, -29.783889909001097 ], [ -57.066193997175297, -29.780725985722498 ], [ -57.066169417521294, -29.780714819214602 ], [ -57.065484365436696, -29.780459754536594 ], [ -57.064775422505804, -29.780032285624799 ] ] ] } },
{ "type": "Feature", "properties": { "cd_setor": "432240005000048", "situacao": "Urbana", "populacao_total": 1101.0, "domicilios_total": 272.0, "area_km2": 0.092311443959716369, "densidade_demografica_hab_km2": 11927.015251548481, "sem_dado": false }, "geometry": { "type": "Polygon", "coordinates": [ [ [ -57.063893580207399, -29.779530931834501 ], [ -57.063219228918804, -29.779660211361698 ], [ -57.062554451404701, -29.782100976377205 ], [ -57.062331347283902, -29.783073888050492 ], [ -57.064671318908196, -29.783876054943299 ], [ -57.064689379057597, -29.784610668220999 ], [ -57.064454383583097, -29.784936645838403 ], [ -57.064811543968602, -29.785118335748582 ], [ -57.064679720222699, -29.785953047095301 ], [ -57.065671405784094, -29.785643714118102 ], [ -57.064786515239, -29.782820092463094 ], [ -57.064188998458903, -29.781946776792203 ], [ -57.064775422505804, -29.780032285624799 ], [ -57.064587047376698, -29.779918701712898 ], [ -57.063893580207399, -29.779530931834501 ] ] ] } },
{ "type": "Feature", "properties": { "cd_setor": "432240005000049", "situacao": "Urbana", "populacao_total": 902.0, "domicilios_total": 235.0, "area_km2": 0.070462702076011879, "densidade_demografica_hab_km2": 12801.098644031057, "sem_dado": false }, "geometry": { "type": "Polygon", "coordinates": [ [ [ -57.062331347283902, -29.783073888050492 ], [ -57.062276896275897, -29.783311337816482 ], [ -57.059823378608897, -29.782493908167897 ], [ -57.059669411555006, -29.782672727687793 ], [ -57.061824702421596, -29.784233380971102 ], [ -57.064247426986597, -29.785987683884709 ], [ -57.0643613053998, -29.7860701436224 ], [ -57.064679720222699, -29.785953047095301 ], [ -57.064811543968602, -29.785118335748582 ], [ -57.064454383583097, -29.784936645838403 ], [ -57.064689379057597, -29.784610668220999 ], [ -57.064671318908196, -29.783876054943299 ], [ -57.062331347283902, -29.783073888050492 ] ] ] } },
{ "type": "Feature", "properties": { "cd_setor": "432240005000050", "situacao": "Urbana", "populacao_total": 1319.0, "domicilios_total": 349.0, "area_km2": 0.085952703454145671, "densidade_demografica_hab_km2": 15345.648792811555, "sem_dado": false }, "geometry": { "type": "Polygon", "coordinates": [ [ [ -57.059669411555006, -29.782672727687793 ], [ -57.0593064372637, -29.783094291177491 ], [ -57.057671053684402, -29.784981391962297 ], [ -57.059805469142098, -29.7865136503213 ], [ -57.060803120653901, -29.785387027564202 ], [ -57.061824702421596, -29.784233380971102 ], [ -57.059669411555006, -29.782672727687793 ] ] ] } },
{ "type": "Feature", "properties": { "cd_setor": "432240005000051", "situacao": "Urbana", "populacao_total": 1070.0, "domicilios_total": 278.0, "area_km2": 0.074365768973693486, "densidade_demografica_hab_km2": 14388.340425532439, "sem_dado": false }, "geometry": { "type": "Polygon", "coordinates": [ [ [ -57.060803120653901, -29.785387027564202 ], [ -57.059805469142098, -29.7865136503213 ], [ -57.064416613896292, -29.789823907969801 ], [ -57.064353579373602, -29.788394633362298 ], [ -57.062676643664098, -29.787266737639097 ], [ -57.063091278107699, -29.786858619344002 ], [ -57.060803120653901, -29.785387027564202 ] ] ] } },
{ "type": "Feature", "properties": { "cd_setor": "432240005000052", "situacao": "Urbana", "populacao_total": 1211.0, "domicilios_total": 294.0, "area_km2": 0.065910850444593258, "densidade_demografica_hab_km2": 18373.302602399355, "sem_dado": false }, "geometry": { "type": "Polygon", "coordinates": [ [ [ -57.061824702421596, -29.784233380971102 ], [ -57.060803120653901, -29.785387027564202 ], [ -57.063091278107699, -29.786858619344002 ], [ -57.062676643664098, -29.787266737639097 ], [ -57.064353579373602, -29.788394633362298 ], [ -57.064247426986597, -29.785987683884709 ], [ -57.061824702421596, -29.784233380971102 ] ] ] } },
{ "type": "Feature", "properties": { "cd_setor": "432240005000053", "situacao": "Urbana", "populacao_total": 369.0, "domicilios_total": 105.0, "area_km2": 2.6652807551054396, "densidade_demografica_hab_km2": 138.44695321240266, "sem_dado": false }, "geometry": { "type": "Polygon", "coordinates": [ [ [ -57.066193997175297, -29.780725985722498 ], [ -57.067667541038901, -29.783889909001097 ], [ -57.067737584420001, -29.784043518293402 ], [ -57.072257185618099, -29.793955271984505 ], [ -57.073998267760295, -29.797773568465491 ], [ -57.074120268379907, -29.797809982658201 ], [ -57.075142980843303, -29.798322018909502 ], [ -57.075664843911099, -29.798784696455705 ], [ -57.076462169526202, -29.799525178307903 ], [ -57.077025330668206, -29.799850649404398 ], [ -57.078244632863495, -29.800294861357401 ], [ -57.079349757415002, -29.800278864504598 ], [ -57.080114320962593, -29.800111447053592 ], [ -57.080643831833093, -29.799747426881094 ], [ -57.081291302545409, -29.799384235005007 ], [ -57.081780580276394, -29.799180876612095 ], [ -57.082256281702897, -29.798827712806098 ], [ -57.082548818084597, -29.798462026352095 ], [ -57.083305624605295, -29.797697152141911 ], [ -57.084020196566094, -29.7971732629507 ], [ -57.084721309530693, -29.796649378442197 ], [ -57.085988454398901, -29.796174761848697 ], [ -57.086978339574003, -29.79576800094129 ], [ -57.087766854592495, -29.795829754008285 ], [ -57.0889229249794, -29.796147561963402 ], [ -57.088999729598399, -29.796412840324901 ], [ -57.089482366482294, -29.796920613745989 ], [ -57.090556875178606, -29.797421666063794 ], [ -57.091459590066599, -29.797822939428297 ], [ -57.090970883512298, -29.795255426200608 ], [ -57.090625845679497, -29.793577947096896 ], [ -57.090248691581003, -29.791841827081896 ], [ -57.090115590958796, -29.791103686433591 ], [ -57.089952368326095, -29.790232900954191 ], [ -57.089887372678795, -29.789285337714098 ], [ -57.089869946344301, -29.788308862694496 ], [ -57.089809551861798, -29.787877516500103 ], [ -57.0898837327763, -29.787526400354285 ], [ -57.089598809835394, -29.787080765883012 ], [ -57.089578493498998, -29.787007484870195 ], [ -57.089336100406896, -29.787180215839786 ], [ -57.089056879362801, -29.78732841043789 ], [ -57.088827297918492, -29.787451301755905 ], [ -57.088588263572895, -29.787414459415299 ], [ -57.083514700063496, -29.786542333448292 ], [ -57.079373554802395, -29.785842736492594 ], [ -57.077128858507002, -29.785228886916588 ], [ -57.076031029156198, -29.7849286672018 ], [ -57.0741558031553, -29.78424383737579 ], [ -57.071816826936299, -29.783173871085392 ], [ -57.069895998107299, -29.782284141253498 ], [ -57.067203267709999, -29.781184496140494 ], [ -57.066193997175297, -29.780725985722498 ] ] ] } },
{ "type": "Feature", "properties": { "cd_setor": "432240005000054", "situacao": "Urbana", "populacao_total": 1597.0, "domicilios_total": 438.0, "area_km2": 0.12863767668393644, "densidade_demografica_hab_km2": 12414.714266986015, "sem_dado": false }, "geometry": { "type": "Polygon", "coordinates": [ [ [ -57.077371147779402, -29.776957280271898 ], [ -57.075464555522004, -29.7773057039173 ], [ -57.075464363055197, -29.777307546945192 ], [ -57.075211866542098, -29.779725408537299 ], [ -57.075115413471295, -29.780792199695796 ], [ -57.074874683156303, -29.782620768555589 ], [ -57.074849936837097, -29.782733592996895 ], [ -57.074765556638198, -29.783348232118986 ], [ -57.075299520513795, -29.783496840996499 ], [ -57.076734463824494, -29.783435554998597 ], [ -57.077327823014002, -29.777393980518994 ], [ -57.077371147779402, -29.776957280271898 ] ] ] } },
{ "type": "Feature", "properties": { "cd_setor": "432240005000055", "situacao": "Urbana", "populacao_total": 1819.0, "domicilios_total": 516.0, "area_km2": 1.2493666042685778, "densidade_demografica_hab_km2": 1455.9377478037402, "sem_dado": false }, "geometry": { "type": "Polygon", "coordinates": [ [ [ -57.084029814878193, -29.775692221307001 ], [ -57.078850052000497, -29.776670010142801 ], [ -57.077371147779402, -29.776957280271898 ], [ -57.077327823014002, -29.777393980518994 ], [ -57.076734463824494, -29.783435554998597 ], [ -57.077128858507002, -29.785228886916588 ], [ -57.079373554802395, -29.785842736492594 ], [ -57.083514700063496, -29.786542333448292 ], [ -57.088588263572895, -29.787414459415299 ], [ -57.088827297918492, -29.787451301755905 ], [ -57.089056879362801, -29.78732841043789 ], [ -57.089336100406896, -29.787180215839786 ], [ -57.089578493498998, -29.787007484870195 ], [ -57.089459722719603, -29.786579078742903 ], [ -57.088853874257097, -29.783566994419189 ], [ -57.088353539634596, -29.7816784287233 ], [ -57.088275930572493, -29.781133528051395 ], [ -57.087777225400394, -29.777632071187004 ], [ -57.087775811453902, -29.77762214373319 ], [ -57.087774912172797, -29.77619713572879 ], [ -57.086427568770098, -29.776139341613803 ], [ -57.085309122699002, -29.775991153602 ], [ -57.0849324919919, -29.775914683381007 ], [ -57.084086093869601, -29.775723894246504 ], [ -57.084029814878193, -29.775692221307001 ] ] ] } },
{ "type": "Feature", "properties": { "cd_setor": "432240005000056", "situacao": "Urbana", "populacao_total": 1074.0, "domicilios_total": 303.0, "area_km2": 0.13347770422763874, "densidade_demografica_hab_km2": 8046.2876269459448, "sem_dado": false }, "geometry": { "type": "Polygon", "coordinates": [ [ [ -57.0797763552521, -29.773201394338393 ], [ -57.079740305148299, -29.773399962732089 ], [ -57.079946751366499, -29.774132656967801 ], [ -57.078346646741494, -29.774482870347395 ], [ -57.078850052000497, -29.776670010142801 ], [ -57.084029814878193, -29.775692221307001 ], [ -57.082960014276203, -29.775090154195198 ], [ -57.082961291302894, -29.774696655103497 ], [ -57.082965789969897, -29.773310449695593 ], [ -57.0797763552521, -29.773201394338393 ] ] ] } },
{ "type": "Feature", "properties": { "cd_setor": "432240005000057", "situacao": "Urbana", "populacao_total": 1096.0, "domicilios_total": 339.0, "area_km2": 0.12776035942926084, "densidade_demografica_hab_km2": 8578.5607123846603, "sem_dado": false }, "geometry": { "type": "Polygon", "coordinates": [ [ [ -57.076639598907803, -29.771754345334291 ], [ -57.076589504057004, -29.773117536458695 ], [ -57.076588011843491, -29.7731581428704 ], [ -57.076635031585198, -29.773772708378402 ], [ -57.076846786485007, -29.774750186201601 ], [ -57.076848891692599, -29.774759904010704 ], [ -57.077371147779402, -29.776957280271898 ], [ -57.078850052000497, -29.776670010142801 ], [ -57.078346646741494, -29.774482870347395 ], [ -57.079946751366499, -29.774132656967801 ], [ -57.079740305148299, -29.773399962732089 ], [ -57.0797763552521, -29.773201394338393 ], [ -57.079811832192796, -29.771822486223108 ], [ -57.076639598907803, -29.771754345334291 ] ] ] } },
{ "type": "Feature", "properties": { "cd_setor": "432240005000058", "situacao": "Urbana", "populacao_total": 1261.0, "domicilios_total": 378.0, "area_km2": 0.1415178040203979, "densidade_demografica_hab_km2": 8910.5396224085252, "sem_dado": false }, "geometry": { "type": "Polygon", "coordinates": [ [ [ -57.073607620996299, -29.768890163794595 ], [ -57.073558293167011, -29.770074754585796 ], [ -57.073433205051096, -29.773078702499195 ], [ -57.076589504057004, -29.773117536458695 ], [ -57.076639598907803, -29.771754345334291 ], [ -57.076744088446006, -29.76891095506959 ], [ -57.073607620996299, -29.768890163794595 ] ] ] } },
{ "type": "Feature", "properties": { "cd_setor": "432240005000059", "situacao": "Urbana", "populacao_total": 780.0, "domicilios_total": 203.0, "area_km2": 0.05485257336693776, "densidade_demografica_hab_km2": 14219.934492082424, "sem_dado": false }, "geometry": { "type": "Polygon", "coordinates": [ [ [ -57.073558293167011, -29.770074754585796 ], [ -57.071295691337497, -29.771906626873797 ], [ -57.070780321150302, -29.772482206459095 ], [ -57.072093412214194, -29.773399249763205 ], [ -57.073237363236899, -29.773262911528999 ], [ -57.073431739617902, -29.773113894372294 ], [ -57.073433205051096, -29.773078702499195 ], [ -57.073558293167011, -29.770074754585796 ] ] ] } },
{ "type": "Feature", "properties": { "cd_setor": "432240005000060", "situacao": "Urbana", "populacao_total": 853.0, "domicilios_total": 256.0, "area_km2": 0.08336238552187053, "densidade_demografica_hab_km2": 10232.432705230241, "sem_dado": false }, "geometry": { "type": "Polygon", "coordinates": [ [ [ -57.072678757203896, -29.768133805327796 ], [ -57.0711204392301, -29.769798867125299 ], [ -57.0706401331473, -29.770425148586291 ], [ -57.069463430268598, -29.771601662172102 ], [ -57.070780321150302, -29.772482206459095 ], [ -57.071295691337497, -29.771906626873797 ], [ -57.073558293167011, -29.770074754585796 ], [ -57.073607620996299, -29.768890163794595 ], [ -57.072678757203896, -29.768133805327796 ] ] ] } },
{ "type": "Feature", "properties": { "cd_setor": "432240005000061", "situacao": "Urbana", "populacao_total": 864.0, "domicilios_total": 254.0, "area_km2": 0.10291948864126158, "densidade_demografica_hab_km2": 8394.9115119642429, "sem_dado": false }, "geometry": { "type": "Polygon", "coordinates": [ [ [ -57.069463430268598, -29.771601662172102 ], [ -57.068998327332601, -29.772161832169594 ], [ -57.067556344425299, -29.773898556449701 ], [ -57.067593653066005, -29.773997810926005 ], [ -57.070115506541093, -29.77575479499049 ], [ -57.071680767317801, -29.773795984101703 ], [ -57.072093412214194, -29.773399249763205 ], [ -57.070780321150302, -29.772482206459095 ], [ -57.069463430268598, -29.771601662172102 ] ] ] } },
{ "type": "Feature", "properties": { "cd_setor": "432240005000062", "situacao": "Urbana", "populacao_total": 1163.0, "domicilios_total": 319.0, "area_km2": 0.10391816874033358, "densidade_demografica_hab_km2": 11191.498215351123, "sem_dado": false }, "geometry": { "type": "Polygon", "coordinates": [ [ [ -57.071680767317801, -29.773795984101703 ], [ -57.070115506541093, -29.77575479499049 ], [ -57.068432153345007, -29.778688408357301 ], [ -57.072658231919199, -29.777858565524394 ], [ -57.072347907423499, -29.7764356334919 ], [ -57.072154966317697, -29.775672230320499 ], [ -57.071680767317801, -29.773795984101703 ] ] ] } },
{ "type": "Feature", "properties": { "cd_setor": "432240005000063", "situacao": "Urbana", "populacao_total": 984.0, "domicilios_total": 290.0, "area_km2": 0.11507037017548088, "densidade_demografica_hab_km2": 8551.2890807547792, "sem_dado": false }, "geometry": { "type": "Polygon", "coordinates": [ [ [ -57.076846786485007, -29.774750186201601 ], [ -57.072154966317697, -29.775672230320499 ], [ -57.072347907423499, -29.7764356334919 ], [ -57.072658231919199, -29.777858565524394 ], [ -57.075464363055197, -29.777307546945192 ], [ -57.075464555522004, -29.7773057039173 ], [ -57.077371147779402, -29.776957280271898 ], [ -57.076848891692599, -29.774759904010704 ], [ -57.076846786485007, -29.774750186201601 ] ] ] } },
{ "type": "Feature", "properties": { "cd_setor": "432240005000064", "situacao": "Urbana", "populacao_total": 964.0, "domicilios_total": 290.0, "area_km2": 0.10642777240182982, "densidade_demografica_hab_km2": 9057.7861233467465, "sem_dado": false }, "geometry": { "type": "Polygon", "coordinates": [ [ [ -57.073433205051096, -29.773078702499195 ], [ -57.073431739617902, -29.773113894372294 ], [ -57.073237363236899, -29.773262911528999 ], [ -57.072093412214194, -29.773399249763205 ], [ -57.071680767317801, -29.773795984101703 ], [ -57.072154966317697, -29.775672230320499 ], [ -57.076846786485007, -29.774750186201601 ], [ -57.076635031585198, -29.773772708378402 ], [ -57.076588011843491, -29.7731581428704 ], [ -57.076589504057004, -29.773117536458695 ], [ -57.073433205051096, -29.773078702499195 ] ] ] } },
{ "type": "Feature", "properties": { "cd_setor": "432240005000065", "situacao": "Urbana", "populacao_total": 966.0, "domicilios_total": 283.0, "area_km2": 0.47137297238699238, "densidade_demografica_hab_km2": 2049.3326019696433, "sem_dado": false }, "geometry": { "type": "Polygon", "coordinates": [ [ [ -57.075464363055197, -29.777307546945192 ], [ -57.072658231919199, -29.777858565524394 ], [ -57.068432153345007, -29.778688408357301 ], [ -57.068425483576007, -29.77870023622069 ], [ -57.065918109544008, -29.779193085948201 ], [ -57.065479459752794, -29.779279307001396 ], [ -57.064063291071498, -29.779498396655001 ], [ -57.064048120811897, -29.779501304937394 ], [ -57.063893580207399, -29.779530931834501 ], [ -57.064587047376698, -29.779918701712898 ], [ -57.064775422505804, -29.780032285624799 ], [ -57.065484365436696, -29.780459754536594 ], [ -57.066169417521294, -29.780714819214602 ], [ -57.066193997175297, -29.780725985722498 ], [ -57.067203267709999, -29.781184496140494 ], [ -57.069895998107299, -29.782284141253498 ], [ -57.071816826936299, -29.783173871085392 ], [ -57.0741558031553, -29.78424383737579 ], [ -57.076031029156198, -29.7849286672018 ], [ -57.077128858507002, -29.785228886916588 ], [ -57.076734463824494, -29.783435554998597 ], [ -57.075299520513795, -29.783496840996499 ], [ -57.074765556638198, -29.783348232118986 ], [ -57.074849936837097, -29.782733592996895 ], [ -57.074874683156303, -29.782620768555589 ], [ -57.075115413471295, -29.780792199695796 ], [ -57.075211866542098, -29.779725408537299 ], [ -57.075464363055197, -29.777307546945192 ] ] ] } },
{ "type": "Feature", "properties": { "cd_setor": "432240005000066", "situacao": "Urbana", "populacao_total": 768.0, "domicilios_total": 250.0, "area_km2": 0.16223408545183038, "densidade_demografica_hab_km2": 4733.900387585506, "sem_dado": false }, "geometry": { "type": "Polygon", "coordinates": [ [ [ -57.067641579603396, -29.771293092549897 ], [ -57.067543760860502, -29.772102616531694 ], [ -57.066453233939598, -29.776531660778897 ], [ -57.065918109544008, -29.779193085948201 ], [ -57.068425483576007, -29.77870023622069 ], [ -57.068432153345007, -29.778688408357301 ], [ -57.070115506541093, -29.77575479499049 ], [ -57.067593653066005, -29.773997810926005 ], [ -57.067556344425299, -29.773898556449701 ], [ -57.068998327332601, -29.772161832169594 ], [ -57.067641579603396, -29.771293092549897 ] ] ] } },
{ "type": "Feature", "properties": { "cd_setor": "432240005000067", "situacao": "Urbana", "populacao_total": 730.0, "domicilios_total": 207.0, "area_km2": 0.12901947934830305, "densidade_demografica_hab_km2": 5658.0603462929839, "sem_dado": false }, "geometry": { "type": "Polygon", "coordinates": [ [ [ -57.070550009295701, -29.766252046188406 ], [ -57.070531931669898, -29.767026389098 ], [ -57.069665394331999, -29.768188429082702 ], [ -57.068205640550701, -29.769930715853896 ], [ -57.067705244571201, -29.770766216854295 ], [ -57.067641579603396, -29.771293092549897 ], [ -57.068998327332601, -29.772161832169594 ], [ -57.069463430268598, -29.771601662172102 ], [ -57.0706401331473, -29.770425148586291 ], [ -57.0711204392301, -29.769798867125299 ], [ -57.072678757203896, -29.768133805327796 ], [ -57.071979484443297, -29.767564399051803 ], [ -57.070550009295701, -29.766252046188406 ] ] ] } },
{ "type": "Feature", "properties": { "cd_setor": "432240005000068", "situacao": "Urbana", "populacao_total": 1284.0, "domicilios_total": 342.0, "area_km2": 0.11439530069000613, "densidade_demografica_hab_km2": 11224.237291699987, "sem_dado": false }, "geometry": { "type": "Polygon", "coordinates": [ [ [ -57.066340442618696, -29.765232770726591 ], [ -57.0649231329404, -29.766846937671492 ], [ -57.064604493131895, -29.767205327490295 ], [ -57.065847224320002, -29.767448611691893 ], [ -57.069665394331999, -29.768188429082702 ], [ -57.070531931669898, -29.767026389098 ], [ -57.070550009295701, -29.766252046188406 ], [ -57.070510520015702, -29.765993053477484 ], [ -57.068915415880902, -29.765951471290791 ], [ -57.067087268991102, -29.765459646594199 ], [ -57.066340442618696, -29.765232770726591 ] ] ] } },
{ "type": "Feature", "properties": { "cd_setor": "432240005000069", "situacao": "Urbana", "populacao_total": 864.0, "domicilios_total": 233.0, "area_km2": 0.070664551977534643, "densidade_demografica_hab_km2": 12226.780978880033, "sem_dado": false }, "geometry": { "type": "Polygon", "coordinates": [ [ [ -57.064604493131895, -29.767205327490295 ], [ -57.064477614706497, -29.767348033877504 ], [ -57.063932682850691, -29.767686728728595 ], [ -57.063244954865795, -29.767962315100601 ], [ -57.062512582515197, -29.767980710237602 ], [ -57.061874512044298, -29.767952674613891 ], [ -57.0617896618893, -29.768892002789698 ], [ -57.0623436997789, -29.769218097924302 ], [ -57.065201789435093, -29.769787682545402 ], [ -57.065847224320002, -29.767448611691893 ], [ -57.064604493131895, -29.767205327490295 ] ] ] } },
{ "type": "Feature", "properties": { "cd_setor": "432240005000070", "situacao": "Urbana", "populacao_total": 895.0, "domicilios_total": 251.0, "area_km2": 0.52371563619767192, "densidade_demografica_hab_km2": 1708.9426744978643, "sem_dado": false }, "geometry": { "type": "Polygon", "coordinates": [ [ [ -57.0617896618893, -29.768892002789698 ], [ -57.061739718037302, -29.769444902986002 ], [ -57.061696949565501, -29.770556027016902 ], [ -57.061658256569004, -29.771561270284003 ], [ -57.062069925764597, -29.77315486904601 ], [ -57.062552693096897, -29.773944955224895 ], [ -57.060328490510202, -29.775594913098999 ], [ -57.0603769398164, -29.775682605686594 ], [ -57.061245715252703, -29.777020594983103 ], [ -57.062042967767596, -29.778095085990607 ], [ -57.0631577422158, -29.779004267204193 ], [ -57.064048120811897, -29.779501304937394 ], [ -57.064063291071498, -29.779498396655001 ], [ -57.065479459752794, -29.779279307001396 ], [ -57.065918109544008, -29.779193085948201 ], [ -57.066453233939598, -29.776531660778897 ], [ -57.067543760860502, -29.772102616531694 ], [ -57.067641579603396, -29.771293092549897 ], [ -57.067705244571201, -29.770766216854295 ], [ -57.065071191965004, -29.770260970778004 ], [ -57.065201789435093, -29.769787682545402 ], [ -57.0623436997789, -29.769218097924302 ], [ -57.0617896618893, -29.768892002789698 ] ] ] } },
{ "type": "Feature", "properties": { "cd_setor": "432240005000071", "situacao": "Urbana", "populacao_total": 961.0, "domicilios_total": 279.0, "area_km2": 0.1003919188403441, "densidade_demografica_hab_km2": 9572.4836331528186, "sem_dado": false }, "geometry": { "type": "Polygon", "coordinates": [ [ [ -57.065847224320002, -29.767448611691893 ], [ -57.065201789435093, -29.769787682545402 ], [ -57.065071191965004, -29.770260970778004 ], [ -57.067705244571201, -29.770766216854295 ], [ -57.068205640550701, -29.769930715853896 ], [ -57.069665394331999, -29.768188429082702 ], [ -57.065847224320002, -29.767448611691893 ] ] ] } },
{ "type": "Feature", "properties": { "cd_setor": "432240005000072", "situacao": "Urbana", "populacao_total": 710.0, "domicilios_total": 204.0, "area_km2": 0.15245768105527718, "densidade_demografica_hab_km2": 4657.0300366996435, "sem_dado": false }, "geometry": { "type": "Polygon", "coordinates": [ [ [ -57.058868711752098, -29.768773849002002 ], [ -57.058615117068506, -29.769444229361905 ], [ -57.058269014155798, -29.769950434302196 ], [ -57.0579365207454, -29.770307581060393 ], [ -57.057621198023497, -29.770638027507204 ], [ -57.057143424433498, -29.77090356387729 ], [ -57.056529081826199, -29.7712371366272 ], [ -57.057710635670297, -29.771464665962306 ], [ -57.0579041594562, -29.771598150011396 ], [ -57.058748858717195, -29.772567952881694 ], [ -57.059250976244499, -29.773232862706099 ], [ -57.059773051472497, -29.774395933601394 ], [ -57.060123208424294, -29.775223355306 ], [ -57.060328490510202, -29.775594913098999 ], [ -57.062552693096897, -29.773944955224895 ], [ -57.062069925764597, -29.77315486904601 ], [ -57.061658256569004, -29.771561270284003 ], [ -57.061696949565501, -29.770556027016902 ], [ -57.061538662826308, -29.770531589124193 ], [ -57.061485175646197, -29.7710315910074 ], [ -57.058916572934194, -29.771005924266891 ], [ -57.058868711752098, -29.768773849002002 ] ] ] } },
{ "type": "Feature", "properties": { "cd_setor": "432240005000073", "situacao": "Urbana", "populacao_total": 962.0, "domicilios_total": 264.0, "area_km2": 0.09694776494950097, "densidade_demografica_hab_km2": 9922.8692946257743, "sem_dado": false }, "geometry": { "type": "Polygon", "coordinates": [ [ [ -57.058894055711093, -29.767724174185993 ], [ -57.058894246498895, -29.768215198730296 ], [ -57.058868711752098, -29.768773849002002 ], [ -57.058916572934194, -29.771005924266891 ], [ -57.061485175646197, -29.7710315910074 ], [ -57.061538662826308, -29.770531589124193 ], [ -57.061696949565501, -29.770556027016902 ], [ -57.061739718037302, -29.769444902986002 ], [ -57.0617896618893, -29.768892002789698 ], [ -57.061874512044298, -29.767952674613891 ], [ -57.059172233396495, -29.767741270377197 ], [ -57.058894055711093, -29.767724174185993 ] ] ] } },
{ "type": "Feature", "properties": { "cd_setor": "432240005000074", "situacao": "Urbana", "populacao_total": 814.0, "domicilios_total": 285.0, "area_km2": 0.10962339063186301, "densidade_demografica_hab_km2": 7425.4225791425552, "sem_dado": false }, "geometry": { "type": "Polygon", "coordinates": [ [ [ -57.0845570059967, -29.7732697420821 ], [ -57.084505287159004, -29.774744432309802 ], [ -57.082961291302894, -29.774696655103497 ], [ -57.082960014276203, -29.775090154195198 ], [ -57.084029814878193, -29.775692221307001 ], [ -57.084086093869601, -29.775723894246504 ], [ -57.0849324919919, -29.775914683381007 ], [ -57.085309122699002, -29.775991153602 ], [ -57.086427568770098, -29.776139341613803 ], [ -57.087774912172797, -29.77619713572879 ], [ -57.087773980409104, -29.774720655688483 ], [ -57.087773139371009, -29.773325367074296 ], [ -57.0845570059967, -29.7732697420821 ] ] ] } },
{ "type": "Feature", "properties": { "cd_setor": "432240005000075", "situacao": "Urbana", "populacao_total": 952.0, "domicilios_total": 309.0, "area_km2": 0.12117963985776904, "densidade_demografica_hab_km2": 7856.1052097314478, "sem_dado": false }, "geometry": { "type": "Polygon", "coordinates": [ [ [ -57.086405101153701, -29.769010140163786 ], [ -57.086321545906003, -29.771932926838595 ], [ -57.087859839310596, -29.771956286783691 ], [ -57.087773139371009, -29.773325367074296 ], [ -57.089388997908202, -29.77334238788411 ], [ -57.089531498694498, -29.769049776064801 ], [ -57.086405101153701, -29.769010140163786 ] ] ] } },
{ "type": "Feature", "properties": { "cd_setor": "432240005000076", "situacao": "Urbana", "populacao_total": 793.0, "domicilios_total": 273.0, "area_km2": 0.11816240314546693, "densidade_demografica_hab_km2": 6711.1025071465119, "sem_dado": false }, "geometry": { "type": "Polygon", "coordinates": [ [ [ -57.086469435117394, -29.766242652819191 ], [ -57.086424412781803, -29.767637930142001 ], [ -57.084755716838892, -29.767603780694994 ], [ -57.084707149377593, -29.768988613839095 ], [ -57.086405101153701, -29.769010140163786 ], [ -57.089531498694498, -29.769049776064801 ], [ -57.089623347296694, -29.766282981134893 ], [ -57.086469435117394, -29.766242652819191 ] ] ] } },
{ "type": "Feature", "properties": { "cd_setor": "432240005000077", "situacao": "Urbana", "populacao_total": 810.0, "domicilios_total": 271.0, "area_km2": 0.14301215645027757, "densidade_demografica_hab_km2": 5663.8541792887418, "sem_dado": false }, "geometry": { "type": "Polygon", "coordinates": [ [ [ -57.086605838190096, -29.762015415128289 ], [ -57.086469435117394, -29.766242652819191 ], [ -57.089623347296694, -29.766282981134893 ], [ -57.089716604123296, -29.763473766474593 ], [ -57.089763771031201, -29.762052937641595 ], [ -57.086605838190096, -29.762015415128289 ] ] ] } },
{ "type": "Feature", "properties": { "cd_setor": "432240005000078", "situacao": "Urbana", "populacao_total": 790.0, "domicilios_total": 271.0, "area_km2": 0.10026540370277193, "densidade_demografica_hab_km2": 7879.0886070920969, "sem_dado": false }, "geometry": { "type": "Polygon", "coordinates": [ [ [ -57.084953571386599, -29.761962235344594 ], [ -57.084755716838892, -29.767603780694994 ], [ -57.086424412781803, -29.767637930142001 ], [ -57.086469435117394, -29.766242652819191 ], [ -57.086605838190096, -29.762015415128289 ], [ -57.084953830613706, -29.761962237285196 ], [ -57.084953571386599, -29.761962235344594 ] ] ] } },
{ "type": "Feature", "properties": { "cd_setor": "432240005000079", "situacao": "Urbana", "populacao_total": 837.0, "domicilios_total": 296.0, "area_km2": 0.091506670026728923, "densidade_demografica_hab_km2": 9146.8742087928003, "sem_dado": false }, "geometry": { "type": "Polygon", "coordinates": [ [ [ -57.0833867431461, -29.761950391920294 ], [ -57.083386737616507, -29.761950593673198 ], [ -57.083278918573008, -29.764159046254896 ], [ -57.083272788292305, -29.764782729333092 ], [ -57.083247036587501, -29.765641732629394 ], [ -57.083947346708392, -29.765646826479916 ], [ -57.083923938542597, -29.766219306580204 ], [ -57.083191776735802, -29.766215530232607 ], [ -57.083156581766595, -29.767571054793905 ], [ -57.084755716838892, -29.767603780694994 ], [ -57.084953571386599, -29.761962235344594 ], [ -57.084175973153798, -29.761956414201084 ], [ -57.0833867431461, -29.761950391920294 ] ] ] } },
{ "type": "Feature", "properties": { "cd_setor": "432240005000080", "situacao": "Urbana", "populacao_total": 817.0, "domicilios_total": 277.0, "area_km2": 0.097475105945113633, "densidade_demografica_hab_km2": 8381.6272070536361, "sem_dado": false }, "geometry": { "type": "Polygon", "coordinates": [ [ [ -57.0801273914403, -29.761925521184089 ], [ -57.080041461102297, -29.764714630393083 ], [ -57.083272788292305, -29.764782729333092 ], [ -57.083278918573008, -29.764159046254896 ], [ -57.083386737616507, -29.761950593673198 ], [ -57.0833867431461, -29.761950391920294 ], [ -57.0801273914403, -29.761925521184089 ] ] ] } },
{ "type": "Feature", "properties": { "cd_setor": "432240005000081", "situacao": "Urbana", "populacao_total": 932.0, "domicilios_total": 264.0, "area_km2": 0.096048896290524335, "densidade_demografica_hab_km2": 9703.3910434632035, "sem_dado": false }, "geometry": { "type": "Polygon", "coordinates": [ [ [ -57.080041461102297, -29.764714630393083 ], [ -57.079998555873196, -29.766108626241088 ], [ -57.079952657779096, -29.767505052413288 ], [ -57.083156581766595, -29.767571054793905 ], [ -57.083191776735802, -29.766215530232607 ], [ -57.083247036587501, -29.765641732629394 ], [ -57.083272788292305, -29.764782729333092 ], [ -57.080041461102297, -29.764714630393083 ] ] ] } },
{ "type": "Feature", "properties": { "cd_setor": "432240005000082", "situacao": "Urbana", "populacao_total": 786.0, "domicilios_total": 251.0, "area_km2": 0.14689458736189251, "densidade_demografica_hab_km2": 5350.7757781680157, "sem_dado": false }, "geometry": { "type": "Polygon", "coordinates": [ [ [ -57.079952657779096, -29.767505052413288 ], [ -57.079921310028396, -29.768143777188591 ], [ -57.079885743576895, -29.768949718578003 ], [ -57.079849001364302, -29.770377804937592 ], [ -57.084656727504893, -29.7704263229259 ], [ -57.084707149377593, -29.768988613839095 ], [ -57.084755716838892, -29.767603780694994 ], [ -57.083156581766595, -29.767571054793905 ], [ -57.079952657779096, -29.767505052413288 ] ] ] } },
{ "type": "Feature", "properties": { "cd_setor": "432240005000083", "situacao": "Urbana", "populacao_total": 942.0, "domicilios_total": 326.0, "area_km2": 0.17120190319448458, "densidade_demografica_hab_km2": 5502.2752809581343, "sem_dado": false }, "geometry": { "type": "Polygon", "coordinates": [ [ [ -57.079849001364302, -29.770377804937592 ], [ -57.079811832192796, -29.771822486223108 ], [ -57.0797763552521, -29.773201394338393 ], [ -57.082965789969897, -29.773310449695593 ], [ -57.082961291302894, -29.774696655103497 ], [ -57.084505287159004, -29.774744432309802 ], [ -57.0845570059967, -29.7732697420821 ], [ -57.084656727504893, -29.7704263229259 ], [ -57.079849001364302, -29.770377804937592 ] ] ] } },
{ "type": "Feature", "properties": { "cd_setor": "432240005000084", "situacao": "Urbana", "populacao_total": 694.0, "domicilios_total": 259.0, "area_km2": 0.10081246449398898, "densidade_demografica_hab_km2": 6884.0693805415331, "sem_dado": false }, "geometry": { "type": "Polygon", "coordinates": [ [ [ -57.084707149377593, -29.768988613839095 ], [ -57.084656727504893, -29.7704263229259 ], [ -57.0845570059967, -29.7732697420821 ], [ -57.087773139371009, -29.773325367074296 ], [ -57.087859839310596, -29.771956286783691 ], [ -57.086321545906003, -29.771932926838595 ], [ -57.086405101153701, -29.769010140163786 ], [ -57.084707149377593, -29.768988613839095 ] ] ] } },
{ "type": "Feature", "properties": { "cd_setor": "432240005000085", "situacao": "Urbana", "populacao_total": 944.0, "domicilios_total": 279.0, "area_km2": 0.12103192089804427, "densidade_demografica_hab_km2": 7799.595288545519, "sem_dado": false }, "geometry": { "type": "Polygon", "coordinates": [ [ [ -57.092725926542492, -29.769090274441599 ], [ -57.092640956544294, -29.770555092173289 ], [ -57.091029207165299, -29.770499348615186 ], [ -57.0910048686614, -29.773326487560503 ], [ -57.092543145512401, -29.773311350768193 ], [ -57.094152888476501, -29.773380521780911 ], [ -57.0943420252366, -29.7691107593547 ], [ -57.092725926542492, -29.769090274441599 ] ] ] } },
{ "type": "Feature", "properties": { "cd_setor": "432240005000086", "situacao": "Urbana", "populacao_total": 993.0, "domicilios_total": 293.0, "area_km2": 0.1426949521504324, "densidade_demografica_hab_km2": 6958.9006831380821, "sem_dado": false }, "geometry": { "type": "Polygon", "coordinates": [ [ [ -57.0943420252366, -29.7691107593547 ], [ -57.094152888476501, -29.773380521780911 ], [ -57.094196334845599, -29.773382388681004 ], [ -57.097284138462697, -29.773407237904191 ], [ -57.097334048738595, -29.772403639463398 ], [ -57.097444174224798, -29.769150080748002 ], [ -57.0943420252366, -29.7691107593547 ] ] ] } },
{ "type": "Feature", "properties": { "cd_setor": "432240005000087", "situacao": "Urbana", "populacao_total": 871.0, "domicilios_total": 266.0, "area_km2": 0.11674500170275637, "densidade_demografica_hab_km2": 7460.7048464280042, "sem_dado": false }, "geometry": { "type": "Polygon", "coordinates": [ [ [ -57.094419934149002, -29.766336489744891 ], [ -57.094347209791302, -29.767687597633103 ], [ -57.092805920236302, -29.7677112443879 ], [ -57.092725926542492, -29.769090274441599 ], [ -57.0943420252366, -29.7691107593547 ], [ -57.097444174224798, -29.769150080748002 ], [ -57.097538230392004, -29.766371275652091 ], [ -57.094419934149002, -29.766336489744891 ] ] ] } },
{ "type": "Feature", "properties": { "cd_setor": "432240005000088", "situacao": "Urbana", "populacao_total": 931.0, "domicilios_total": 270.0, "area_km2": 0.11669373034350169, "densidade_demografica_hab_km2": 7978.1492738255274, "sem_dado": false }, "geometry": { "type": "Polygon", "coordinates": [ [ [ -57.094511845507697, -29.763563712463299 ], [ -57.094490462588411, -29.764912350970491 ], [ -57.092898467141595, -29.764868348290602 ], [ -57.092799485856702, -29.766318412962089 ], [ -57.094419934149002, -29.766336489744891 ], [ -57.097538230392004, -29.766371275652091 ], [ -57.097631279447796, -29.763622224756499 ], [ -57.094511845507697, -29.763563712463299 ] ] ] } },
{ "type": "Feature", "properties": { "cd_setor": "432240005000089", "situacao": "Urbana", "populacao_total": 889.0, "domicilios_total": 238.0, "area_km2": 0.096451988959161253, "densidade_demografica_hab_km2": 9217.0209198735301, "sem_dado": false }, "geometry": { "type": "Polygon", "coordinates": [ [ [ -57.094557167873496, -29.760705193145697 ], [ -57.094511845507697, -29.763563712463299 ], [ -57.097631279447796, -29.763622224756499 ], [ -57.097727230234298, -29.760756903147094 ], [ -57.096179800510399, -29.760731661500696 ], [ -57.094557167873496, -29.760705193145697 ] ] ] } },
{ "type": "Feature", "properties": { "cd_setor": "432240005000090", "situacao": "Urbana", "populacao_total": 766.0, "domicilios_total": 231.0, "area_km2": 0.12143370987593124, "densidade_demografica_hab_km2": 6307.9683621839586, "sem_dado": false }, "geometry": { "type": "Polygon", "coordinates": [ [ [ -57.091426685667997, -29.760651425291698 ], [ -57.091351560276699, -29.762071711392093 ], [ -57.089763771031201, -29.762052937641595 ], [ -57.089716604123296, -29.763473766474593 ], [ -57.094511845507697, -29.763563712463299 ], [ -57.094557167873496, -29.760705193145697 ], [ -57.092992571553594, -29.760679671478094 ], [ -57.0920474464384, -29.760664254613793 ], [ -57.091426685667997, -29.760651425291698 ] ] ] } },
{ "type": "Feature", "properties": { "cd_setor": "432240005000091", "situacao": "Urbana", "populacao_total": 970.0, "domicilios_total": 276.0, "area_km2": 0.11904571594518248, "densidade_demografica_hab_km2": 8148.1302565029746, "sem_dado": false }, "geometry": { "type": "Polygon", "coordinates": [ [ [ -57.089716604123296, -29.763473766474593 ], [ -57.089623347296694, -29.766282981134893 ], [ -57.092799485856702, -29.766318412962089 ], [ -57.092898467141595, -29.764868348290602 ], [ -57.094490462588411, -29.764912350970491 ], [ -57.094511845507697, -29.763563712463299 ], [ -57.089716604123296, -29.763473766474593 ] ] ] } },
{ "type": "Feature", "properties": { "cd_setor": "432240005000092", "situacao": "Urbana", "populacao_total": 1009.0, "domicilios_total": 302.0, "area_km2": 0.11839787720890585, "densidade_demografica_hab_km2": 8522.1122522296646, "sem_dado": false }, "geometry": { "type": "Polygon", "coordinates": [ [ [ -57.089623347296694, -29.766282981134893 ], [ -57.089531498694498, -29.769049776064801 ], [ -57.092725926542492, -29.769090274441599 ], [ -57.092805920236302, -29.7677112443879 ], [ -57.094347209791302, -29.767687597633103 ], [ -57.094419934149002, -29.766336489744891 ], [ -57.092799485856702, -29.766318412962089 ], [ -57.089623347296694, -29.766282981134893 ] ] ] } },
{ "type": "Feature", "properties": { "cd_setor": "432240005000093", "situacao": "Urbana", "populacao_total": 816.0, "domicilios_total": 252.0, "area_km2": 0.097146512360104006, "densidade_demografica_hab_km2": 8399.6839431068838, "sem_dado": false }, "geometry": { "type": "Polygon", "coordinates": [ [ [ -57.089531498694498, -29.769049776064801 ], [ -57.089388997908202, -29.77334238788411 ], [ -57.0910048686614, -29.773326487560503 ], [ -57.091029207165299, -29.770499348615186 ], [ -57.092640956544294, -29.770555092173289 ], [ -57.092725926542492, -29.769090274441599 ], [ -57.089531498694498, -29.769049776064801 ] ] ] } },
{ "type": "Feature", "properties": { "cd_setor": "432240005000094", "situacao": "Urbana", "populacao_total": 1407.0, "domicilios_total": 419.0, "area_km2": 0.28808258400657311, "densidade_demografica_hab_km2": 4884.0161749170402, "sem_dado": false }, "geometry": { "type": "Polygon", "coordinates": [ [ [ -57.094152888476501, -29.773380521780911 ], [ -57.092543145512401, -29.773311350768193 ], [ -57.0910048686614, -29.773326487560503 ], [ -57.089388997908202, -29.77334238788411 ], [ -57.087773139371009, -29.773325367074296 ], [ -57.087773980409104, -29.774720655688483 ], [ -57.092519612539796, -29.774721048939288 ], [ -57.0924206675598, -29.777659501442802 ], [ -57.097117778517401, -29.77771483082001 ], [ -57.097212119157504, -29.774855405864699 ], [ -57.097284138462697, -29.773407237904191 ], [ -57.094196334845599, -29.773382388681004 ], [ -57.094152888476501, -29.773380521780911 ] ] ] } },
{ "type": "Feature", "properties": { "cd_setor": "432240005000095", "situacao": "Urbana", "populacao_total": 1081.0, "domicilios_total": 351.0, "area_km2": 0.14769647966381005, "densidade_demografica_hab_km2": 7319.0640864331754, "sem_dado": false }, "geometry": { "type": "Polygon", "coordinates": [ [ [ -57.087773980409104, -29.774720655688483 ], [ -57.087774912172797, -29.77619713572879 ], [ -57.087775811453902, -29.77762214373319 ], [ -57.087777225400394, -29.777632071187004 ], [ -57.091549524174198, -29.777678336975491 ], [ -57.0924206675598, -29.777659501442802 ], [ -57.092519612539796, -29.774721048939288 ], [ -57.087773980409104, -29.774720655688483 ] ] ] } },
{ "type": "Feature", "properties": { "cd_setor": "432240005000096", "situacao": "Urbana", "populacao_total": 859.0, "domicilios_total": 266.0, "area_km2": 0.11147244089514502, "densidade_demografica_hab_km2": 7705.9405275605859, "sem_dado": false }, "geometry": { "type": "Polygon", "coordinates": [ [ [ -57.0924206675598, -29.777659501442802 ], [ -57.0923869191436, -29.778924742193801 ], [ -57.093902549970004, -29.778942805559797 ], [ -57.093872829228104, -29.780354312094008 ], [ -57.094271128085708, -29.780344102915997 ], [ -57.097012806610699, -29.780422451349093 ], [ -57.097117778517401, -29.77771483082001 ], [ -57.0924206675598, -29.777659501442802 ] ] ] } },
{ "type": "Feature", "properties": { "cd_setor": "432240005000097", "situacao": "Urbana", "populacao_total": 783.0, "domicilios_total": 250.0, "area_km2": 0.10718113442468043, "densidade_demografica_hab_km2": 7305.3901155547001, "sem_dado": false }, "geometry": { "type": "Polygon", "coordinates": [ [ [ -57.087777225400394, -29.777632071187004 ], [ -57.088275930572493, -29.781133528051395 ], [ -57.089440731309494, -29.781506229917603 ], [ -57.089416165048199, -29.780638056609092 ], [ -57.090825756787702, -29.778906136180805 ], [ -57.0923869191436, -29.778924742193801 ], [ -57.0924206675598, -29.777659501442802 ], [ -57.091549524174198, -29.777678336975491 ], [ -57.087777225400394, -29.777632071187004 ] ] ] } },
{ "type": "Feature", "properties": { "cd_setor": "432240005000098", "situacao": "Urbana", "populacao_total": 943.0, "domicilios_total": 268.0, "area_km2": 1.426821813786912, "densidade_demografica_hab_km2": 660.9094358441256, "sem_dado": false }, "geometry": { "type": "Polygon", "coordinates": [ [ [ -57.0923869191436, -29.778924742193801 ], [ -57.090825756787702, -29.778906136180805 ], [ -57.089416165048199, -29.780638056609092 ], [ -57.089440731309494, -29.781506229917603 ], [ -57.088275930572493, -29.781133528051395 ], [ -57.088353539634596, -29.7816784287233 ], [ -57.088853874257097, -29.783566994419189 ], [ -57.089459722719603, -29.786579078742903 ], [ -57.089578493498998, -29.787007484870195 ], [ -57.089598809835394, -29.787080765883012 ], [ -57.0898837327763, -29.787526400354285 ], [ -57.089809551861798, -29.787877516500103 ], [ -57.089869946344301, -29.788308862694496 ], [ -57.089887372678795, -29.789285337714098 ], [ -57.089952368326095, -29.790232900954191 ], [ -57.090115590958796, -29.791103686433591 ], [ -57.090248691581003, -29.791841827081896 ], [ -57.090625845679497, -29.793577947096896 ], [ -57.090970883512298, -29.795255426200608 ], [ -57.091459590066599, -29.797822939428297 ], [ -57.092670403941895, -29.798055556488197 ], [ -57.093154903628502, -29.798311522606806 ], [ -57.093951330194002, -29.799063631744804 ], [ -57.094644172298196, -29.799688559890892 ], [ -57.095441557234395, -29.800336873802198 ], [ -57.096462488028401, -29.801009387710302 ], [ -57.096574288380793, -29.801048728669596 ], [ -57.096678477146298, -29.796148074090095 ], [ -57.097012806610699, -29.780422451349093 ], [ -57.094271128085708, -29.780344102915997 ], [ -57.093872829228104, -29.780354312094008 ], [ -57.093902549970004, -29.778942805559797 ], [ -57.0923869191436, -29.778924742193801 ] ] ] } },
{ "type": "Feature", "properties": { "cd_setor": "432240005000099", "situacao": "Urbana", "populacao_total": 1125.0, "domicilios_total": 277.0, "area_km2": 0.09018525303252746, "densidade_demografica_hab_km2": 12474.323264295128, "sem_dado": false }, "geometry": { "type": "Polygon", "coordinates": [ [ [ -57.103379039021696, -29.781947130973403 ], [ -57.102851406179404, -29.781956796270691 ], [ -57.102312398605498, -29.781967139715295 ], [ -57.101771322660099, -29.781978385031195 ], [ -57.101712626090709, -29.783274396779493 ], [ -57.101977666514998, -29.783455592868201 ], [ -57.101991836664105, -29.786209059291203 ], [ -57.101999677755302, -29.787613433923493 ], [ -57.103494531865003, -29.787639464539801 ], [ -57.1033553455703, -29.783059240487702 ], [ -57.103365222666596, -29.782602576003288 ], [ -57.103379039021696, -29.781947130973403 ] ] ] } },
{ "type": "Feature", "properties": { "cd_setor": "432240005000100", "situacao": "Urbana", "populacao_total": 987.0, "domicilios_total": 229.0, "area_km2": 0.087315946790970239, "densidade_demografica_hab_km2": 11303.777102283799, "sem_dado": false }, "geometry": { "type": "Polygon", "coordinates": [ [ [ -57.103494531865003, -29.787639464539801 ], [ -57.104820986823199, -29.78766256274039 ], [ -57.104858460140598, -29.781920030603903 ], [ -57.103379039021696, -29.781947130973403 ], [ -57.103365222666596, -29.782602576003288 ], [ -57.1033553455703, -29.783059240487702 ], [ -57.103494531865003, -29.787639464539801 ] ] ] } },
{ "type": "Feature", "properties": { "cd_setor": "432240005000101", "situacao": "Urbana", "populacao_total": 1175.0, "domicilios_total": 287.0, "area_km2": 1.2266896365716879, "densidade_demografica_hab_km2": 957.86249836091508, "sem_dado": false }, "geometry": { "type": "Polygon", "coordinates": [ [ [ -57.097012806610699, -29.780422451349093 ], [ -57.096678477146298, -29.796148074090095 ], [ -57.096574288380793, -29.801048728669596 ], [ -57.097394107138591, -29.801337211269896 ], [ -57.097982303867894, -29.801788921913296 ], [ -57.099060604322297, -29.801841368616795 ], [ -57.100075520766396, -29.801629427273301 ], [ -57.101484514106005, -29.801247511148699 ], [ -57.102571991330699, -29.801182304799688 ], [ -57.102359276039003, -29.796197349916902 ], [ -57.102000684872195, -29.787793813090186 ], [ -57.101999677755302, -29.787613433923493 ], [ -57.101991836664105, -29.786209059291203 ], [ -57.101977666514998, -29.783455592868201 ], [ -57.101712626090709, -29.783274396779493 ], [ -57.101771322660099, -29.781978385031195 ], [ -57.102312398605498, -29.781967139715295 ], [ -57.102851406179404, -29.781956796270691 ], [ -57.102855073922896, -29.78048416561629 ], [ -57.097012806610699, -29.780422451349093 ] ] ] } },
{ "type": "Feature", "properties": { "cd_setor": "432240005000102", "situacao": "Urbana", "populacao_total": 2362.0, "domicilios_total": 635.0, "area_km2": 5.350646537121766, "densidade_demografica_hab_km2": 441.44197969589175, "sem_dado": false }, "geometry": { "type": "Polygon", "coordinates": [ [ [ -57.108037881336294, -29.779175127371502 ], [ -57.106438420247798, -29.779127391014207 ], [ -57.106412995447897, -29.780521749401498 ], [ -57.1048305108744, -29.780505032967497 ], [ -57.102855073922896, -29.78048416561629 ], [ -57.102851406179404, -29.781956796270691 ], [ -57.103379039021696, -29.781947130973403 ], [ -57.104858460140598, -29.781920030603903 ], [ -57.104820986823199, -29.78766256274039 ], [ -57.103494531865003, -29.787639464539801 ], [ -57.101999677755302, -29.787613433923493 ], [ -57.102000684872195, -29.787793813090186 ], [ -57.102359276039003, -29.796197349916902 ], [ -57.102571991330699, -29.801182304799688 ], [ -57.103039696087798, -29.801154260700113 ], [ -57.103580653883903, -29.800928219589199 ], [ -57.104651107372099, -29.8004066486805 ], [ -57.105548898897496, -29.800033213375198 ], [ -57.107330097516396, -29.799400951220999 ], [ -57.108792814880893, -29.798996351700893 ], [ -57.109688821736, -29.79890987884119 ], [ -57.110716192385794, -29.798779068846304 ], [ -57.111899003328091, -29.798854788225793 ], [ -57.1129898908857, -29.799080387200807 ], [ -57.113987692660693, -29.799339448923199 ], [ -57.114922089269399, -29.799344960734299 ], [ -57.115663358396496, -29.798774851209593 ], [ -57.116603106929695, -29.798045726564101 ], [ -57.117701077915093, -29.797248768872596 ], [ -57.1188652809494, -29.796474304753104 ], [ -57.119882671848195, -29.795814578180195 ], [ -57.120807227081599, -29.795406720689492 ], [ -57.121532321991694, -29.795203902870693 ], [ -57.1226811899013, -29.794625257624098 ], [ -57.123657515879692, -29.794264261372099 ], [ -57.124607030847002, -29.793982701488407 ], [ -57.125370550340001, -29.793907076485493 ], [ -57.126623169132095, -29.793580993855599 ], [ -57.127454640474106, -29.793241767240801 ], [ -57.128338831871197, -29.792868190103981 ], [ -57.129472496632005, -29.792587319551199 ], [ -57.130591023544298, -29.792606078210294 ], [ -57.1314984867455, -29.792634964020195 ], [ -57.132353225078596, -29.792697288029689 ], [ -57.1329342869195, -29.792367301296597 ], [ -57.133320533542403, -29.791818204732699 ], [ -57.133391074916794, -29.791175566582588 ], [ -57.133476815853598, -29.790291950286399 ], [ -57.133297923050002, -29.789589998854598 ], [ -57.133645569258093, -29.788810806881191 ], [ -57.134058546552893, -29.788147065701988 ], [ -57.134602871633192, -29.787448895681102 ], [ -57.135184808014301, -29.787027747242497 ], [ -57.135740872567496, -29.786605720210002 ], [ -57.136258433854898, -29.786023088426994 ], [ -57.136380839902898, -29.785495912718289 ], [ -57.136494922497697, -29.784935353550097 ], [ -57.135722989830391, -29.784853116821203 ], [ -57.135097895585695, -29.784712967276597 ], [ -57.134526013173691, -29.784905777070396 ], [ -57.133896328237299, -29.7852024282586 ], [ -57.133460697857998, -29.785159547859497 ], [ -57.133016769463495, -29.785100429647297 ], [ -57.132812553964591, -29.784800107320194 ], [ -57.132358944598295, -29.784458519381488 ], [ -57.131376106793397, -29.783696897594794 ], [ -57.1303826923616, -29.783544454989094 ], [ -57.1293096911661, -29.783449841394404 ], [ -57.128660477332296, -29.783042549782202 ], [ -57.127944374886702, -29.782100146749393 ], [ -57.127815482696597, -29.781624662101198 ], [ -57.127720993264802, -29.780539065245389 ], [ -57.127820199476503, -29.779765536112201 ], [ -57.127202941325194, -29.779747113872396 ], [ -57.108037881336294, -29.779175127371502 ] ] ] } },
{ "type": "Feature", "properties": { "cd_setor": "432240005000103", "situacao": "Urbana", "populacao_total": 1178.0, "domicilios_total": 316.0, "area_km2": 0.33669860112750571, "densidade_demografica_hab_km2": 3498.6780344653066, "sem_dado": false }, "geometry": { "type": "Polygon", "coordinates": [ [ [ -57.100577103033096, -29.769254701041298 ], [ -57.100472329776395, -29.772054750101887 ], [ -57.10203340197701, -29.772093270225394 ], [ -57.1019454303053, -29.7749464422111 ], [ -57.105150353885698, -29.775008082894395 ], [ -57.106678793314792, -29.775037479555007 ], [ -57.106918867393503, -29.769351314020906 ], [ -57.100590568378003, -29.769255150699891 ], [ -57.100577103033096, -29.769254701041298 ] ] ] } },
{ "type": "Feature", "properties": { "cd_setor": "432240005000104", "situacao": "Urbana", "populacao_total": 1383.0, "domicilios_total": 366.0, "area_km2": 0.23895462768421621, "densidade_demografica_hab_km2": 5787.7096309164799, "sem_dado": false }, "geometry": { "type": "Polygon", "coordinates": [ [ [ -57.097444174224798, -29.769150080748002 ], [ -57.097334048738595, -29.772403639463398 ], [ -57.097284138462697, -29.773407237904191 ], [ -57.097212119157504, -29.774855405864699 ], [ -57.1019454303053, -29.7749464422111 ], [ -57.10203340197701, -29.772093270225394 ], [ -57.100472329776395, -29.772054750101887 ], [ -57.100577103033096, -29.769254701041298 ], [ -57.097444174224798, -29.769150080748002 ] ] ] } },
{ "type": "Feature", "properties": { "cd_setor": "432240005000105", "situacao": "Urbana", "populacao_total": 1180.0, "domicilios_total": 311.0, "area_km2": 0.16714153689862435, "densidade_demografica_hab_km2": 7059.8848251329673, "sem_dado": false }, "geometry": { "type": "Polygon", "coordinates": [ [ [ -57.097212119157504, -29.774855405864699 ], [ -57.097117778517401, -29.77771483082001 ], [ -57.100283551750699, -29.777783866886796 ], [ -57.100177209341396, -29.7790402054287 ], [ -57.101818049483391, -29.779077765239002 ], [ -57.101818466712594, -29.779064233304894 ], [ -57.1019454303053, -29.7749464422111 ], [ -57.097212119157504, -29.774855405864699 ] ] ] } },
{ "type": "Feature", "properties": { "cd_setor": "432240005000106", "situacao": "Urbana", "populacao_total": 1383.0, "domicilios_total": 395.0, "area_km2": 0.16112440352127769, "densidade_demografica_hab_km2": 8583.4297584683663, "sem_dado": false }, "geometry": { "type": "Polygon", "coordinates": [ [ [ -57.097117778517401, -29.77771483082001 ], [ -57.097012806610699, -29.780422451349093 ], [ -57.102855073922896, -29.78048416561629 ], [ -57.1048305108744, -29.780505032967497 ], [ -57.104912122148598, -29.779102428928006 ], [ -57.101818466712594, -29.779064233304894 ], [ -57.101818049483391, -29.779077765239002 ], [ -57.100177209341396, -29.7790402054287 ], [ -57.100283551750699, -29.777783866886796 ], [ -57.097117778517401, -29.77771483082001 ] ] ] } },
{ "type": "Feature", "properties": { "cd_setor": "432240005000107", "situacao": "Urbana", "populacao_total": 1056.0, "domicilios_total": 306.0, "area_km2": 0.13859931657279789, "densidade_demografica_hab_km2": 7619.0851882400639, "sem_dado": false }, "geometry": { "type": "Polygon", "coordinates": [ [ [ -57.1019454303053, -29.7749464422111 ], [ -57.101818466712594, -29.779064233304894 ], [ -57.104912122148598, -29.779102428928006 ], [ -57.105150353885698, -29.775008082894395 ], [ -57.1019454303053, -29.7749464422111 ] ] ] } },
{ "type": "Feature", "properties": { "cd_setor": "432240005000108", "situacao": "Urbana", "populacao_total": 1315.0, "domicilios_total": 361.0, "area_km2": 0.15873752447464903, "densidade_demografica_hab_km2": 8284.1155823241425, "sem_dado": false }, "geometry": { "type": "Polygon", "coordinates": [ [ [ -57.105150353885698, -29.775008082894395 ], [ -57.104912122148598, -29.779102428928006 ], [ -57.1048305108744, -29.780505032967497 ], [ -57.106412995447897, -29.780521749401498 ], [ -57.106438420247798, -29.779127391014207 ], [ -57.108037881336294, -29.779175127371502 ], [ -57.108192799805195, -29.775066598625198 ], [ -57.106678793314792, -29.775037479555007 ], [ -57.105150353885698, -29.775008082894395 ] ] ] } },
{ "type": "Feature", "properties": { "cd_setor": "432240005000109", "situacao": "Urbana", "populacao_total": 1362.0, "domicilios_total": 373.0, "area_km2": 2.7662573236200116, "densidade_demografica_hab_km2": 492.36200420344261, "sem_dado": false }, "geometry": { "type": "Polygon", "coordinates": [ [ [ -57.106918867393503, -29.769351314020906 ], [ -57.106678793314792, -29.775037479555007 ], [ -57.108192799805195, -29.775066598625198 ], [ -57.108037881336294, -29.779175127371502 ], [ -57.127202941325194, -29.779747113872396 ], [ -57.127820199476503, -29.779765536112201 ], [ -57.127857241746497, -29.779476710699701 ], [ -57.128321682160013, -29.778605365631201 ], [ -57.128769833173408, -29.7779461183856 ], [ -57.129432081591496, -29.777251464125293 ], [ -57.129851152486005, -29.776514627816997 ], [ -57.1336359282069, -29.771125412705693 ], [ -57.122351348639093, -29.765812439012802 ], [ -57.117530853121593, -29.769579066011687 ], [ -57.112831459513103, -29.769441160359193 ], [ -57.106918867393503, -29.769351314020906 ] ] ] } },
{ "type": "Feature", "properties": { "cd_setor": "432240005000110", "situacao": "Urbana", "populacao_total": 1699.0, "domicilios_total": 474.0, "area_km2": 2.1828706459849685, "densidade_demografica_hab_km2": 778.33288157730783, "sem_dado": false }, "geometry": { "type": "Polygon", "coordinates": [ [ [ -57.097727230234298, -29.760756903147094 ], [ -57.097631279447796, -29.763622224756499 ], [ -57.097538230392004, -29.766371275652091 ], [ -57.097444174224798, -29.769150080748002 ], [ -57.100577103033096, -29.769254701041298 ], [ -57.100590568378003, -29.769255150699891 ], [ -57.106918867393503, -29.769351314020906 ], [ -57.112831459513103, -29.769441160359193 ], [ -57.117530853121593, -29.769579066011687 ], [ -57.122351348639093, -29.765812439012802 ], [ -57.121552022531006, -29.765436102565396 ], [ -57.111005755658198, -29.757018143744592 ], [ -57.106486380028095, -29.760899782244298 ], [ -57.097727230234298, -29.760756903147094 ] ] ] } },
{ "type": "Feature", "properties": { "cd_setor": "432240005000111", "situacao": "Urbana", "populacao_total": 925.0, "domicilios_total": 254.0, "area_km2": 0.69540704772362838, "densidade_demografica_hab_km2": 1330.1562056754096, "sem_dado": false }, "geometry": { "type": "Polygon", "coordinates": [ [ [ -57.097855492754398, -29.756423434421485 ], [ -57.097793641501298, -29.758513136625297 ], [ -57.097769519991701, -29.75932810429839 ], [ -57.097727230234298, -29.760756903147094 ], [ -57.106486380028095, -29.760899782244298 ], [ -57.111005755658198, -29.757018143744592 ], [ -57.105925973069205, -29.75296349567159 ], [ -57.101232972779009, -29.756484467195097 ], [ -57.097855492754398, -29.756423434421485 ] ] ] } },
{ "type": "Feature", "properties": { "cd_setor": "432240005000112", "situacao": "Urbana", "populacao_total": 1014.0, "domicilios_total": 300.0, "area_km2": 0.42863362081165074, "densidade_demografica_hab_km2": 2365.6567071894942, "sem_dado": false }, "geometry": { "type": "Polygon", "coordinates": [ [ [ -57.093296277067694, -29.753517313040003 ], [ -57.093115138659996, -29.756413698587693 ], [ -57.094711026043001, -29.75636867132809 ], [ -57.094755511486298, -29.756367416190891 ], [ -57.097855492754398, -29.756423434421485 ], [ -57.101232972779009, -29.756484467195097 ], [ -57.105925973069205, -29.75296349567159 ], [ -57.102958592169195, -29.750594952326093 ], [ -57.098707427264699, -29.753582121047902 ], [ -57.093296277067694, -29.753517313040003 ] ] ] } },
{ "type": "Feature", "properties": { "cd_setor": "432240005000113", "situacao": "Urbana", "populacao_total": 958.0, "domicilios_total": 315.0, "area_km2": 0.6940787827892152, "densidade_demografica_hab_km2": 1380.2467727801659, "sem_dado": false }, "geometry": { "type": "Polygon", "coordinates": [ [ [ -57.091796613972093, -29.748746311721899 ], [ -57.0916655167645, -29.7519846516638 ], [ -57.091605455293696, -29.753481434365096 ], [ -57.093296277067694, -29.753517313040003 ], [ -57.098707427264699, -29.753582121047902 ], [ -57.102958592169195, -29.750594952326093 ], [ -57.095220556808599, -29.744418504887005 ], [ -57.091796613972093, -29.748746311721899 ] ] ] } },
{ "type": "Feature", "properties": { "cd_setor": "432240005000114", "situacao": "Urbana", "populacao_total": 842.0, "domicilios_total": 313.0, "area_km2": 0.12232186204136002, "densidade_demografica_hab_km2": 6883.4792566785745, "sem_dado": false }, "geometry": { "type": "Polygon", "coordinates": [ [ [ -57.091605455293696, -29.753481434365096 ], [ -57.091572464871597, -29.754915734262894 ], [ -57.091483191555199, -29.758945406007697 ], [ -57.091478408448395, -29.759204420480398 ], [ -57.091426685667997, -29.760651425291698 ], [ -57.0920474464384, -29.760664254613793 ], [ -57.092992571553594, -29.760679671478094 ], [ -57.093115138659996, -29.756413698587693 ], [ -57.093296277067694, -29.753517313040003 ], [ -57.091605455293696, -29.753481434365096 ] ] ] } },
{ "type": "Feature", "properties": { "cd_setor": "432240005000115", "situacao": "Urbana", "populacao_total": 756.0, "domicilios_total": 272.0, "area_km2": 0.097398076207944495, "densidade_demografica_hab_km2": 7761.9602915558935, "sem_dado": false }, "geometry": { "type": "Polygon", "coordinates": [ [ [ -57.094711026043001, -29.75636867132809 ], [ -57.093115138659996, -29.756413698587693 ], [ -57.092992571553594, -29.760679671478094 ], [ -57.094557167873496, -29.760705193145697 ], [ -57.096179800510399, -29.760731661500696 ], [ -57.096214660995393, -29.759327429353494 ], [ -57.094615511001301, -29.7592816473658 ], [ -57.094711026043001, -29.75636867132809 ] ] ] } },
{ "type": "Feature", "properties": { "cd_setor": "432240005000116", "situacao": "Urbana", "populacao_total": 578.0, "domicilios_total": 208.0, "area_km2": 0.11637224899867628, "densidade_demografica_hab_km2": 4966.8198816590257, "sem_dado": false }, "geometry": { "type": "Polygon", "coordinates": [ [ [ -57.097855492754398, -29.756423434421485 ], [ -57.094755511486298, -29.756367416190891 ], [ -57.094711026043001, -29.75636867132809 ], [ -57.094615511001301, -29.7592816473658 ], [ -57.096214660995393, -29.759327429353494 ], [ -57.096179800510399, -29.760731661500696 ], [ -57.097727230234298, -29.760756903147094 ], [ -57.097769519991701, -29.75932810429839 ], [ -57.097110398956609, -29.759316850884996 ], [ -57.097123071434893, -29.758513628091301 ], [ -57.097793641501298, -29.758513136625297 ], [ -57.097855492754398, -29.756423434421485 ] ] ] } },
{ "type": "Feature", "properties": { "cd_setor": "432240005000117", "situacao": "Urbana", "populacao_total": 104.0, "domicilios_total": 104.0, "area_km2": 0.0043990964709005841, "densidade_demografica_hab_km2": 23641.218301973062, "sem_dado": false }, "geometry": { "type": "Polygon", "coordinates": [ [ [ -57.083247036587501, -29.765641732629394 ], [ -57.083191776735802, -29.766215530232607 ], [ -57.083923938542597, -29.766219306580204 ], [ -57.083947346708392, -29.765646826479916 ], [ -57.083247036587501, -29.765641732629394 ] ] ] } },
{ "type": "Feature", "properties": { "cd_setor": "432240005000118", "situacao": "Urbana", "populacao_total": 35.0, "domicilios_total": 35.0, "area_km2": 0.0057635936330421942, "densidade_demografica_hab_km2": 6072.6002262456468, "sem_dado": false }, "geometry": { "type": "Polygon", "coordinates": [ [ [ -57.097793641501298, -29.758513136625297 ], [ -57.097123071434893, -29.758513628091301 ], [ -57.097110398956609, -29.759316850884996 ], [ -57.097769519991701, -29.75932810429839 ], [ -57.097793641501298, -29.758513136625297 ] ] ] } },
{ "type": "Feature", "properties": { "cd_setor": "432240005000119", "situacao": "Rural", "populacao_total": 617.0, "domicilios_total": 178.0, "area_km2": 143.99711415035915, "densidade_demografica_hab_km2": 4.2848080924437131, "sem_dado": false }, "geometry": { "type": "Polygon", "coordinates": [ [ [ -56.986676078534899, -29.6241928523709 ], [ -56.966971650661499, -29.640461849340099 ], [ -56.963111569743099, -29.644036994281798 ], [ -56.960580153638602, -29.644554168881701 ], [ -56.957670604205298, -29.640197937573895 ], [ -56.955457592188594, -29.638175513803201 ], [ -56.952293273240798, -29.636931498166302 ], [ -56.950013403265295, -29.638276789712197 ], [ -56.950837458887904, -29.640921602085594 ], [ -56.950076124395096, -29.645171225671291 ], [ -56.947290156702202, -29.647555477546096 ], [ -56.93963090063319, -29.651544272581084 ], [ -56.936364150250697, -29.6495205248033 ], [ -56.938305518458797, -29.646964966892007 ], [ -56.938983843428801, -29.643787351773501 ], [ -56.936412587916394, -29.642082659445808 ], [ -56.931770858610399, -29.641043022530091 ], [ -56.929744632418299, -29.642561786041195 ], [ -56.930543975080802, -29.645155002346691 ], [ -56.928938766437398, -29.648264696260103 ], [ -56.926069462388597, -29.648467733583292 ], [ -56.921555318725694, -29.647881117256091 ], [ -56.913701876385296, -29.651332712429898 ], [ -56.908177650961896, -29.652123750220394 ], [ -56.902438414575798, -29.652050169053492 ], [ -56.898470920669695, -29.653845337400391 ], [ -56.892756761661808, -29.654722836953493 ], [ -56.9110466754341, -29.687328450634002 ], [ -56.917608103227003, -29.698431872834497 ], [ -56.924098526788399, -29.710134176047092 ], [ -56.928976219741301, -29.71826199239791 ], [ -56.930416377517595, -29.719542785619105 ], [ -56.935265668888796, -29.722045390318794 ], [ -56.945313144824802, -29.726156075340693 ], [ -56.958769411591398, -29.732976474001298 ], [ -56.977746191508395, -29.740837982685093 ], [ -56.981682280989297, -29.742980674214696 ], [ -56.985194409132802, -29.745362681639598 ], [ -56.996057675502598, -29.754560634268394 ], [ -57.007835943856797, -29.765924742324493 ], [ -57.009655129601796, -29.766884960669195 ], [ -57.0123395982883, -29.767655083422394 ], [ -57.0252891305961, -29.767147941843284 ], [ -57.033942828496507, -29.766280808129402 ], [ -57.033934483576893, -29.766074140771508 ], [ -57.033944771901012, -29.765908080601804 ], [ -57.034085381262003, -29.765695960569001 ], [ -57.034182566010792, -29.765547025526203 ], [ -57.034281803656398, -29.765352063054387 ], [ -57.034300359878692, -29.765166146015698 ], [ -57.034296630432003, -29.765056090666295 ], [ -57.034297132357793, -29.764800639638398 ], [ -57.034291894963694, -29.764608411254901 ], [ -57.034341488685499, -29.764438731022 ], [ -57.034509000114198, -29.764257288166398 ], [ -57.034637221074199, -29.764126394515099 ], [ -57.034849209368595, -29.7639413297853 ], [ -57.035012589924598, -29.763784254503502 ], [ -57.035259725122899, -29.763538713295201 ], [ -57.0355285848552, -29.763303093223794 ], [ -57.035719894749008, -29.7631541320394 ], [ -57.035867721205193, -29.762896883747793 ], [ -57.036089978119897, -29.76251507203639 ], [ -57.036175695763006, -29.762135101803995 ], [ -57.036178681400798, -29.761807498102993 ], [ -57.036243782633498, -29.761627885543593 ], [ -57.036348164786894, -29.761378770778194 ], [ -57.036523903920497, -29.761090829547097 ], [ -57.0366882817396, -29.760851625502795 ], [ -57.036996435835597, -29.760613284141193 ], [ -57.0371660028527, -29.7604264223319 ], [ -57.037250769960906, -29.7602892207031 ], [ -57.037264185655097, -29.760205285633507 ], [ -57.037487361727202, -29.759543700010799 ], [ -57.0374314171967, -29.759302751438906 ], [ -57.037498628235902, -29.759244070957902 ], [ -57.037549206613797, -29.758962480640001 ], [ -57.037553246908004, -29.758701660553687 ], [ -57.037695896513796, -29.758460656284996 ], [ -57.037760973626803, -29.758229601093699 ], [ -57.037874659249098, -29.757984994820088 ], [ -57.037948031379599, -29.757809891425001 ], [ -57.038141316087199, -29.757449743897393 ], [ -57.038415317953501, -29.757196969024996 ], [ -57.038497976514201, -29.75696681087669 ], [ -57.038547486979397, -29.756607606420598 ], [ -57.038620725991692, -29.756090459676098 ], [ -57.038736384609905, -29.755608497635802 ], [ -57.038917242209003, -29.755226692734787 ], [ -57.039103312644002, -29.754954989611793 ], [ -57.039358734316401, -29.754821346569802 ], [ -57.039730050679701, -29.754823041956197 ], [ -57.040045482316401, -29.754743529073988 ], [ -57.040038185590795, -29.754600938106787 ], [ -57.040166355819203, -29.754391522452202 ], [ -57.040317272515892, -29.754163147567805 ], [ -57.040544731534794, -29.753947384194497 ], [ -57.040735958669806, -29.753655822422004 ], [ -57.040939607537595, -29.753392233706698 ], [ -57.040983757767798, -29.753358063150298 ], [ -57.041374860353301, -29.752944465661805 ], [ -57.041498947961095, -29.752879448092802 ], [ -57.041627135308801, -29.752724180279788 ], [ -57.041665370266493, -29.75264294441989 ], [ -57.0418131429456, -29.752329734825498 ], [ -57.0419174619648, -29.751984951560502 ], [ -57.041985596875399, -29.751678986560197 ], [ -57.042086827636901, -29.751372108623404 ], [ -57.042211868954098, -29.751120274904594 ], [ -57.042315231344901, -29.750966819188299 ], [ -57.0424320464479, -29.750831408900702 ], [ -57.042578873528697, -29.750740210916906 ], [ -57.042748452972795, -29.750646298039307 ], [ -57.043001799209705, -29.750533405795398 ], [ -57.043295528277199, -29.750530603645892 ], [ -57.043604805963696, -29.7506081172838 ], [ -57.043922337403892, -29.7506377955829 ], [ -57.044248116215094, -29.750606101154609 ], [ -57.044561525138, -29.750668268879291 ], [ -57.0448077041207, -29.750723238482088 ], [ -57.045014553558296, -29.750715949138893 ], [ -57.045288607381003, -29.750658097367403 ], [ -57.045525375731295, -29.750485641643998 ], [ -57.045684557083696, -29.750276209970504 ], [ -57.045741368064398, -29.750114645052996 ], [ -57.045774372971593, -29.749913378744807 ], [ -57.045856031117808, -29.749807759576896 ], [ -57.0459397875996, -29.749768021326808 ], [ -57.045987289619099, -29.7496064594887 ], [ -57.046022303083703, -29.749275234002901 ], [ -57.046145242006794, -29.748976467792595 ], [ -57.046299173922201, -29.748604589117505 ], [ -57.046514175907497, -29.748343695178995 ], [ -57.046760212649104, -29.748101742306595 ], [ -57.046811905623102, -29.748061112212799 ], [ -57.047326681204098, -29.747477020544391 ], [ -57.047662695505196, -29.747243156495792 ], [ -57.047902540735301, -29.747041815687496 ], [ -57.048110308588392, -29.746807996370784 ], [ -57.048341804174399, -29.746452332084491 ], [ -57.048513291481605, -29.746050662204702 ], [ -57.048689961110099, -29.745675162386302 ], [ -57.048882168772501, -29.745353806000594 ], [ -57.049166408884602, -29.745010755757097 ], [ -57.049590257997593, -29.744655018314699 ], [ -57.050076251812001, -29.7444923890049 ], [ -57.050489874160597, -29.744377617216603 ], [ -57.051058623273299, -29.744259174997403 ], [ -57.051523912306493, -29.74406405864779 ], [ -57.052038811931894, -29.743812966986507 ], [ -57.052383082217602, -29.743589917504387 ], [ -57.052750093198696, -29.743347905859501 ], [ -57.0531109780704, -29.743259318881094 ], [ -57.053120284799199, -29.7432575102013 ], [ -57.0534211738293, -29.743145481486291 ], [ -57.053956873655203, -29.743129923842996 ], [ -57.054492600609699, -29.743164903445493 ], [ -57.054823554705102, -29.743191842691097 ], [ -57.055255938796293, -29.743364040021298 ], [ -57.055417244797013, -29.743314336244406 ], [ -57.055572308234595, -29.74319694814039 ], [ -57.055737728614304, -29.743107532711807 ], [ -57.055908338625294, -29.743052409512796 ], [ -57.056559794848901, -29.742909541762298 ], [ -57.057158304246897, -29.7423803571136 ], [ -57.057237878853499, -29.742309999554692 ], [ -57.057569784702004, -29.742196143117297 ], [ -57.057821002989002, -29.742045318736693 ], [ -57.058167395611498, -29.741948601829399 ], [ -57.058487005303597, -29.7420351011951 ], [ -57.058717711178296, -29.742181203257005 ], [ -57.058941202210498, -29.742367920140492 ], [ -57.059154324231599, -29.742506809278499 ], [ -57.059469825887497, -29.742637530080092 ], [ -57.059800791329195, -29.742684311651189 ], [ -57.0601007311082, -29.742730203881298 ], [ -57.0604244389542, -29.742745400019395 ], [ -57.060673702668197, -29.742788606418589 ], [ -57.060904384010101, -29.742885970214196 ], [ -57.061158806059801, -29.742907513590691 ], [ -57.0612715297938, -29.742903851913905 ], [ -57.061719167494495, -29.742636508631492 ], [ -57.062067610643702, -29.7425136083749 ], [ -57.062296110645597, -29.742426862853812 ], [ -57.062570131952498, -29.742368975266885 ], [ -57.062995205856204, -29.742412094718212 ], [ -57.063253781403105, -29.742461609290299 ], [ -57.063498947533297, -29.742566181614801 ], [ -57.063625295570098, -29.742848600685697 ], [ -57.063847813815599, -29.743115631297684 ], [ -57.064033114516796, -29.743401631678804 ], [ -57.064193560083893, -29.743631689398892 ], [ -57.064345644761893, -29.743723670047395 ], [ -57.064395349311596, -29.743822919908993 ], [ -57.064509198176395, -29.743960043299598 ], [ -57.064700561030797, -29.744017709928201 ], [ -57.064993307751095, -29.744125866320097 ], [ -57.065257080668694, -29.744207864048398 ], [ -57.065672929143503, -29.744363790576401 ], [ -57.066068174130692, -29.74464065958739 ], [ -57.066315445360793, -29.744788545099791 ], [ -57.066655802790294, -29.744947213514408 ], [ -57.067058198005199, -29.745082385136396 ], [ -57.067506019646395, -29.745098403943302 ], [ -57.067806927845098, -29.745030564531795 ], [ -57.068084002651496, -29.744894147418407 ], [ -57.068257646158393, -29.744742440404384 ], [ -57.068436452794103, -29.744579900636094 ], [ -57.068640016963592, -29.744325293954493 ], [ -57.0687319110733, -29.744105941666295 ], [ -57.068860998753102, -29.743832420728896 ], [ -57.068949794300003, -29.743620289791199 ], [ -57.069037535519591, -29.743379279667494 ], [ -57.069097361362097, -29.743150016315496 ], [ -57.069216109961395, -29.742883720271092 ], [ -57.069495154539595, -29.742615535655698 ], [ -57.069858073465596, -29.742502534737 ], [ -57.070138338970601, -29.742506900000496 ], [ -57.070499279887599, -29.742524759366891 ], [ -57.070809578476897, -29.742588671636899 ], [ -57.071006151965797, -29.742701378258403 ], [ -57.071127393553297, -29.743045162150601 ], [ -57.071190667324004, -29.743312265279393 ], [ -57.0712135927483, -29.743557730185191 ], [ -57.071223115853094, -29.743862766547007 ], [ -57.071199544123303, -29.744166918090002 ], [ -57.071181186557396, -29.744532436108901 ], [ -57.071184436929904, -29.744741811907694 ], [ -57.071167030628196, -29.744990005773801 ], [ -57.071141360138796, -29.745251741379786 ], [ -57.070844687362197, -29.745457666976797 ], [ -57.070673085856797, -29.745567861777598 ], [ -57.070472538048094, -29.745695218959593 ], [ -57.070281308336298, -29.7458379132391 ], [ -57.070123156621392, -29.7459571251207 ], [ -57.070053915691695, -29.746031165648091 ], [ -57.070000223596402, -29.746156639856491 ], [ -57.070008581897696, -29.746278471504805 ], [ -57.070134832339093, -29.746387606315107 ], [ -57.070355225355897, -29.746537303348795 ], [ -57.070612837728099, -29.746668028024498 ], [ -57.070909697287703, -29.746722019745089 ], [ -57.071254077190794, -29.746699273825588 ], [ -57.071543641288102, -29.746673848983999 ], [ -57.071945946270098, -29.746663704999598 ], [ -57.072175578239793, -29.746712315226201 ], [ -57.072336951122701, -29.746760059639097 ], [ -57.072488072100299, -29.746933255411605 ], [ -57.072517191959598, -29.747157959336 ], [ -57.072461551254001, -29.747446786087096 ], [ -57.072268323080294, -29.747687855584193 ], [ -57.072028516704798, -29.747877508109802 ], [ -57.071968581393598, -29.747947934631298 ], [ -57.071739106567399, -29.748124043712391 ], [ -57.071589180128093, -29.74817737119 ], [ -57.0715292052829, -29.748192745709094 ], [ -57.071523010743299, -29.748208091345301 ], [ -57.071498320227697, -29.748393114815304 ], [ -57.071263646213495, -29.748532223809192 ], [ -57.071077507125494, -29.748566617800705 ], [ -57.071063182934296, -29.7487868327147 ], [ -57.0710426544819, -29.749008855905497 ], [ -57.071020959485196, -29.749043162043701 ], [ -57.070913608648695, -29.749342845483397 ], [ -57.070939474388496, -29.749356369047284 ], [ -57.070935530389001, -29.749630727717992 ], [ -57.071231135735495, -29.749360725902392 ], [ -57.071397470242097, -29.7491070375433 ], [ -57.071675472715498, -29.748811774461394 ], [ -57.071858382630801, -29.748599591073798 ], [ -57.072044453810598, -29.748470434692898 ], [ -57.072331896701897, -29.748364687766397 ], [ -57.072421811941396, -29.748276195015301 ], [ -57.072586093330195, -29.748050483398593 ], [ -57.072742262868601, -29.748050398227988 ], [ -57.072750536100301, -29.748049491221998 ], [ -57.072852827600599, -29.747914061993008 ], [ -57.073048314813803, -29.747937419668599 ], [ -57.073156884524003, -29.747903065519601 ], [ -57.073292195336805, -29.747663831586493 ], [ -57.073500910107398, -29.747389359961495 ], [ -57.073773826943494, -29.7472258586089 ], [ -57.073896791133897, -29.7471716403352 ], [ -57.073876114910895, -29.747088623598895 ], [ -57.073916256549403, -29.746825074536297 ], [ -57.074200655851499, -29.746808671637599 ], [ -57.074319553537002, -29.746757163486084 ], [ -57.074435359760294, -29.746720999268899 ], [ -57.074499462169292, -29.746694791254093 ], [ -57.074695992978199, -29.746733488232696 ], [ -57.074816078536202, -29.746889551449204 ], [ -57.074816097952898, -29.746915723620091 ], [ -57.0749081478805, -29.746921086825207 ], [ -57.074892584928008, -29.746854311387292 ], [ -57.074906795239599, -29.746492405284901 ], [ -57.075172566056196, -29.746460668457104 ], [ -57.075196356457404, -29.7464651674753 ], [ -57.075221070008901, -29.746320755267494 ], [ -57.07529136446, -29.746277396078405 ], [ -57.075263414330699, -29.7462422147977 ], [ -57.07509381488201, -29.7462585553153 ], [ -57.074861102678604, -29.746240636510695 ], [ -57.0747865908873, -29.746175699144903 ], [ -57.074662444202502, -29.746120716943992 ], [ -57.074483403609698, -29.745956564140897 ], [ -57.074535983763795, -29.745733619906904 ], [ -57.074648686100097, -29.745697457235508 ], [ -57.074657946565893, -29.745633375313098 ], [ -57.074615366324693, -29.745393337036404 ], [ -57.074640996432592, -29.745089183799685 ], [ -57.074673925271597, -29.744865348002293 ], [ -57.074589861844998, -29.744469202277298 ], [ -57.074549270606504, -29.744120864094896 ], [ -57.074640209636101, -29.744026051788595 ], [ -57.074640141511296, -29.743933997905298 ], [ -57.074556271802891, -29.743798671450698 ], [ -57.074545758457703, -29.743566737540593 ], [ -57.0746116100931, -29.743111845963202 ], [ -57.074657980059392, -29.742884392617814 ], [ -57.074686756061098, -29.742639801810402 ], [ -57.074738370759, -29.742512521829894 ], [ -57.074749697228796, -29.742445731243095 ], [ -57.074827118624505, -29.742254359977498 ], [ -57.075032767214601, -29.742049379161092 ], [ -57.075277664321099, -29.741778494099592 ], [ -57.075358075459292, -29.741438210007797 ], [ -57.075434244788696, -29.740958042330803 ], [ -57.075548544070308, -29.7403000624487 ], [ -57.075718722496397, -29.739690785117599 ], [ -57.0758859695665, -29.739311644149385 ], [ -57.076087348184096, -29.738940605871708 ], [ -57.076394382359403, -29.738800544195009 ], [ -57.076808966126201, -29.738660419837291 ], [ -57.077098478803798, -29.738599785756595 ], [ -57.077419964898006, -29.738429028666896 ], [ -57.0778191005138, -29.738375549173288 ], [ -57.0781810487955, -29.738376239716903 ], [ -57.078602034949597, -29.738495120651599 ], [ -57.079012696261607, -29.738633861151392 ], [ -57.079370677210697, -29.738848440942999 ], [ -57.079580750895303, -29.739029716086797 ], [ -57.0798828356059, -29.739174836133792 ], [ -57.080227369245797, -29.739380396751294 ], [ -57.080393958133101, -29.739494912517998 ], [ -57.080359985131892, -29.739688065872286 ], [ -57.080364126043499, -29.7396934783131 ], [ -57.080603011672295, -29.739689723982405 ], [ -57.0808946823242, -29.739740086562101 ], [ -57.0810747361122, -29.739878960511398 ], [ -57.081068558767193, -29.7399132588885 ], [ -57.081198973756599, -29.740052162874001 ], [ -57.081270485928705, -29.740245252080889 ], [ -57.081248919154007, -29.740432080638701 ], [ -57.081346352628493, -29.740708183036102 ], [ -57.081106633654102, -29.740964636356097 ], [ -57.080735336830195, -29.740924249943895 ], [ -57.080455130749598, -29.740989398791292 ], [ -57.080240052188003, -29.741023823168206 ], [ -57.080192501495198, -29.741050024013397 ], [ -57.080224622290594, -29.74112761878601 ], [ -57.080407867192392, -29.741375692945201 ], [ -57.0805436067958, -29.741705922141399 ], [ -57.080387621905295, -29.741925321379796 ], [ -57.080413582703798, -29.742058874170901 ], [ -57.080521268618, -29.742223964698493 ], [ -57.080577117693096, -29.7422284433644 ], [ -57.080859477969014, -29.742266176772002 ], [ -57.0809515628223, -29.742334006810211 ], [ -57.081133697175893, -29.7424681676383 ], [ -57.081573443204796, -29.742740450808707 ], [ -57.081948917507397, -29.742822346795212 ], [ -57.082168183831797, -29.742846578879007 ], [ -57.082393776268198, -29.743018814958802 ], [ -57.082609006924798, -29.743165787373695 ], [ -57.082825219772502, -29.743248682074203 ], [ -57.083185171523297, -29.743315241878594 ], [ -57.083655795249797, -29.743397976015203 ], [ -57.083991994072299, -29.743503355589205 ], [ -57.084321981667905, -29.743600615836701 ], [ -57.084674787252801, -29.743775474830294 ], [ -57.084955319913398, -29.744092069841201 ], [ -57.085250227060001, -29.7442832090289 ], [ -57.085553368332704, -29.744426510330999 ], [ -57.0858172876925, -29.744660085148098 ], [ -57.086083268206693, -29.744883730715195 ], [ -57.086334712312798, -29.745038795993597 ], [ -57.086443377237593, -29.745124461932999 ], [ -57.087312597011099, -29.745687047743996 ], [ -57.087705743871503, -29.745855554690504 ], [ -57.088053362978798, -29.745997015923791 ], [ -57.088405160273894, -29.746184500401291 ], [ -57.088612172360598, -29.746376592867595 ], [ -57.088785098895897, -29.74661744214929 ], [ -57.089010730189898, -29.746811326531397 ], [ -57.089249754545094, -29.746945637276287 ], [ -57.089441227603103, -29.747105249242498 ], [ -57.089591295306796, -29.747223374325703 ], [ -57.089752707732998, -29.747305392032995 ], [ -57.090002055589004, -29.747416229734192 ], [ -57.090105992244496, -29.747468195422201 ], [ -57.093770887957604, -29.743261389024191 ], [ -57.046196751762004, -29.702011395407794 ], [ -56.986676078534899, -29.6241928523709 ] ] ] } },
{ "type": "Feature", "properties": { "cd_setor": "432240005000120", "situacao": "Rural", "populacao_total": 503.0, "domicilios_total": 172.0, "area_km2": 258.08032638319202, "densidade_demografica_hab_km2": 1.949005594688983, "sem_dado": false }, "geometry": { "type": "Polygon", "coordinates": [ [ [ -56.892756761661808, -29.654722836953493 ], [ -56.891339577815195, -29.654770856305202 ], [ -56.889059813818299, -29.655184744901195 ], [ -56.887326832984591, -29.657017469892502 ], [ -56.884795383153694, -29.658533962228098 ], [ -56.884621493518395, -29.661092760328103 ], [ -56.882847515985496, -29.663232855409202 ], [ -56.879427546151497, -29.66305649758279 ], [ -56.875674393082306, -29.664641713313895 ], [ -56.870732542963395, -29.6664346740904 ], [ -56.870940711354194, -29.668959955757902 ], [ -56.869587091828599, -29.6716524658449 ], [ -56.865234290281499, -29.674517979235013 ], [ -56.861862371354597, -29.673132047660591 ], [ -56.858822508031395, -29.673543807930894 ], [ -56.856368991148798, -29.676236463328003 ], [ -56.855901664959895, -29.679589543305312 ], [ -56.851091462963005, -29.678615670516699 ], [ -56.843322067731897, -29.680957973752601 ], [ -56.838891093378798, -29.680641788460399 ], [ -56.834588399914594, -29.6791145990064 ], [ -56.830875569607102, -29.678349129691401 ], [ -56.828130149174292, -29.679210112513399 ], [ -56.825514464674008, -29.679206365426602 ], [ -56.821890792620799, -29.676229865931397 ], [ -56.819102751951007, -29.677193448748195 ], [ -56.815853151883005, -29.677431083615897 ], [ -56.813996096434899, -29.676391304148087 ], [ -56.813492112648397, -29.675215510441003 ], [ -56.807075718486495, -29.6766587780658 ], [ -56.802051809152196, -29.676822724383403 ], [ -56.800278588937005, -29.67723524050681 ], [ -56.799935585988798, -29.6791015628338 ], [ -56.797274561886198, -29.681414404582792 ], [ -56.791870235652596, -29.682442514482606 ], [ -56.779737893477396, -29.690820799227403 ], [ -56.761848816404203, -29.704647501201006 ], [ -56.756568703781895, -29.706608418554801 ], [ -56.752684947210398, -29.707017325386197 ], [ -56.749899591046798, -29.706805567724707 ], [ -56.745555397596796, -29.705034713416396 ], [ -56.736266904874498, -29.705568515938797 ], [ -56.725124857688897, -29.70395608129839 ], [ -56.722758754262799, -29.7042977358192 ], [ -56.720474398434199, -29.707057615338698 ], [ -56.716324776279599, -29.710917814070601 ], [ -56.713488996578597, -29.713019885012013 ], [ -56.710281106716693, -29.713358726486199 ], [ -56.707241617680296, -29.712732019141505 ], [ -56.705931859283602, -29.71338630105241 ], [ -56.702289842507604, -29.717662193325289 ], [ -56.6984013749098, -29.718689951263503 ], [ -56.692196012618197, -29.718089472020601 ], [ -56.682231954753398, -29.717995821747795 ], [ -56.677869515428497, -29.718584468887901 ], [ -56.676924512737401, -29.719047168932299 ], [ -56.677281313892102, -29.720648473878089 ], [ -56.679356129503297, -29.724458304823791 ], [ -56.682176838744397, -29.728822825163292 ], [ -56.687129669045696, -29.737679225599194 ], [ -56.690187942809793, -29.742082897897802 ], [ -56.6954516930669, -29.748244858823593 ], [ -56.699270144386702, -29.752045853452291 ], [ -56.701153466673595, -29.75359339732471 ], [ -56.703684744074003, -29.756006760671898 ], [ -56.706337619814697, -29.759129862679799 ], [ -56.708307546806004, -29.761119118583593 ], [ -56.710591708993903, -29.763789840631997 ], [ -56.712886240757598, -29.767223972764398 ], [ -56.716094878418296, -29.770412996768702 ], [ -56.718116766671002, -29.772777894198001 ], [ -56.720491257311906, -29.774675686560194 ], [ -56.724106029237596, -29.776227836374286 ], [ -56.724417103752096, -29.777439507523113 ], [ -56.724753787386007, -29.7817720211218 ], [ -56.725784237430908, -29.789522661702403 ], [ -56.749126351717294, -29.788500552938391 ], [ -56.750586571288402, -29.788632492251594 ], [ -56.752180872535895, -29.788522702897694 ], [ -56.754948731072702, -29.788918602911092 ], [ -56.758444457225096, -29.7899006350756 ], [ -56.760076564825901, -29.789660132271791 ], [ -56.7640351917061, -29.790806363242002 ], [ -56.765687577522705, -29.790776340169192 ], [ -56.768742835127597, -29.7911226621064 ], [ -56.783768238195492, -29.7934580330469 ], [ -56.800973334959401, -29.791452219701206 ], [ -56.804303799268794, -29.789976111208901 ], [ -56.813918408953093, -29.786151260540603 ], [ -56.820991164252803, -29.786290969208689 ], [ -56.8220109636693, -29.785950969323697 ], [ -56.830842338808495, -29.778886974272201 ], [ -56.839953142888795, -29.777987655250296 ], [ -56.846186133656097, -29.775520513358995 ], [ -56.848127639088396, -29.774239100372593 ], [ -56.849972972649795, -29.773361827967001 ], [ -56.851474225441898, -29.77238916637949 ], [ -56.852594652486296, -29.769332175444497 ], [ -56.853190344675397, -29.768307786193493 ], [ -56.853767612517096, -29.767983402495194 ], [ -56.858147758388895, -29.768119699160209 ], [ -56.8599927576483, -29.768510794081593 ], [ -56.863586867003796, -29.7675216184909 ], [ -56.867506690362902, -29.768599770349891 ], [ -56.875117135571003, -29.767142767261397 ], [ -56.876327426272297, -29.766314996135584 ], [ -56.877250803281797, -29.766413934424602 ], [ -56.880437712977411, -29.768008888621495 ], [ -56.882166943632498, -29.768435547122593 ], [ -56.883569574982005, -29.768257146258797 ], [ -56.884339805006604, -29.768713678206691 ], [ -56.886105654037401, -29.768649044498396 ], [ -56.889103685916801, -29.767513510082502 ], [ -56.891814741507005, -29.767011655189304 ], [ -56.893699537376897, -29.7676312998342 ], [ -56.896887008926704, -29.768121442416682 ], [ -56.901708589743698, -29.769572800239807 ], [ -56.904513260383894, -29.770127942427791 ], [ -56.906549705625501, -29.770227488515204 ], [ -56.911373417116394, -29.771386338535901 ], [ -56.917482382829199, -29.772202951400406 ], [ -56.924169820762202, -29.772597204373305 ], [ -56.927647986660006, -29.772614980599091 ], [ -56.939292752480291, -29.772101779281996 ], [ -56.9437701619633, -29.77250893610119 ], [ -56.948918525081098, -29.773713263862497 ], [ -56.950994874778793, -29.774463030774594 ], [ -56.953049865963798, -29.77614000155079 ], [ -56.9542018195108, -29.778027316778402 ], [ -56.956815456141797, -29.778223180462099 ], [ -56.960332853928293, -29.777492757344909 ], [ -56.963869367574596, -29.776289421521685 ], [ -56.967328825779198, -29.775737713321298 ], [ -56.969942278497193, -29.775542968958202 ], [ -56.972190992009011, -29.774557625541792 ], [ -56.974612583002298, -29.774557317509199 ], [ -56.976880048116698, -29.775046344984087 ], [ -56.978839710740203, -29.774851704894999 ], [ -56.994555374069101, -29.771533854458099 ], [ -56.996609295834496, -29.771485571388393 ], [ -57.0029245127675, -29.76913559098659 ], [ -57.0123395982883, -29.767655083422394 ], [ -57.009655129601796, -29.766884960669195 ], [ -57.007835943856797, -29.765924742324493 ], [ -56.996057675502598, -29.754560634268394 ], [ -56.985194409132802, -29.745362681639598 ], [ -56.981682280989297, -29.742980674214696 ], [ -56.977746191508395, -29.740837982685093 ], [ -56.958769411591398, -29.732976474001298 ], [ -56.945313144824802, -29.726156075340693 ], [ -56.935265668888796, -29.722045390318794 ], [ -56.930416377517595, -29.719542785619105 ], [ -56.928976219741301, -29.71826199239791 ], [ -56.924098526788399, -29.710134176047092 ], [ -56.917608103227003, -29.698431872834497 ], [ -56.9110466754341, -29.687328450634002 ], [ -56.892756761661808, -29.654722836953493 ] ] ] } },
{ "type": "Feature", "properties": { "cd_setor": "432240005000121", "situacao": "Rural", "populacao_total": 398.0, "domicilios_total": 146.0, "area_km2": 226.30625278155333, "densidade_demografica_hab_km2": 1.7586787599023059, "sem_dado": false }, "geometry": { "type": "Polygon", "coordinates": [ [ [ -57.033942828496507, -29.766280808129402 ], [ -57.0252891305961, -29.767147941843284 ], [ -57.0123395982883, -29.767655083422394 ], [ -57.0029245127675, -29.76913559098659 ], [ -56.996609295834496, -29.771485571388393 ], [ -56.994555374069101, -29.771533854458099 ], [ -56.978839710740203, -29.774851704894999 ], [ -56.976880048116698, -29.775046344984087 ], [ -56.974612583002298, -29.774557317509199 ], [ -56.972190992009011, -29.774557625541792 ], [ -56.969942278497193, -29.775542968958202 ], [ -56.967328825779198, -29.775737713321298 ], [ -56.963869367574596, -29.776289421521685 ], [ -56.960332853928293, -29.777492757344909 ], [ -56.956815456141797, -29.778223180462099 ], [ -56.9542018195108, -29.778027316778402 ], [ -56.953049865963798, -29.77614000155079 ], [ -56.950994874778793, -29.774463030774594 ], [ -56.948918525081098, -29.773713263862497 ], [ -56.9437701619633, -29.77250893610119 ], [ -56.939292752480291, -29.772101779281996 ], [ -56.927647986660006, -29.772614980599091 ], [ -56.924169820762202, -29.772597204373305 ], [ -56.917482382829199, -29.772202951400406 ], [ -56.911373417116394, -29.771386338535901 ], [ -56.906549705625501, -29.770227488515204 ], [ -56.904513260383894, -29.770127942427791 ], [ -56.901708589743698, -29.769572800239807 ], [ -56.896887008926704, -29.768121442416682 ], [ -56.893699537376897, -29.7676312998342 ], [ -56.891814741507005, -29.767011655189304 ], [ -56.889103685916801, -29.767513510082502 ], [ -56.886105654037401, -29.768649044498396 ], [ -56.884339805006604, -29.768713678206691 ], [ -56.883569574982005, -29.768257146258797 ], [ -56.882166943632498, -29.768435547122593 ], [ -56.880437712977411, -29.768008888621495 ], [ -56.877250803281797, -29.766413934424602 ], [ -56.876327426272297, -29.766314996135584 ], [ -56.875117135571003, -29.767142767261397 ], [ -56.867506690362902, -29.768599770349891 ], [ -56.863586867003796, -29.7675216184909 ], [ -56.8599927576483, -29.768510794081593 ], [ -56.858147758388895, -29.768119699160209 ], [ -56.853767612517096, -29.767983402495194 ], [ -56.853190344675397, -29.768307786193493 ], [ -56.852594652486296, -29.769332175444497 ], [ -56.851474225441898, -29.77238916637949 ], [ -56.849972972649795, -29.773361827967001 ], [ -56.848127639088396, -29.774239100372593 ], [ -56.846186133656097, -29.775520513358995 ], [ -56.839953142888795, -29.777987655250296 ], [ -56.830842338808495, -29.778886974272201 ], [ -56.8220109636693, -29.785950969323697 ], [ -56.820991164252803, -29.786290969208689 ], [ -56.813918408953093, -29.786151260540603 ], [ -56.804303799268794, -29.789976111208901 ], [ -56.800973334959401, -29.791452219701206 ], [ -56.783768238195492, -29.7934580330469 ], [ -56.768742835127597, -29.7911226621064 ], [ -56.765687577522705, -29.790776340169192 ], [ -56.7640351917061, -29.790806363242002 ], [ -56.760076564825901, -29.789660132271791 ], [ -56.758444457225096, -29.7899006350756 ], [ -56.754948731072702, -29.788918602911092 ], [ -56.752180872535895, -29.788522702897694 ], [ -56.750586571288402, -29.788632492251594 ], [ -56.749126351717294, -29.788500552938391 ], [ -56.725784237430908, -29.789522661702403 ], [ -56.7258983909229, -29.79037503394709 ], [ -56.727646561205198, -29.792006976938296 ], [ -56.727710418213292, -29.793521261255794 ], [ -56.726556805834498, -29.796111916851192 ], [ -56.726718393577599, -29.798292277550505 ], [ -56.728143388670397, -29.801505071020102 ], [ -56.729347249527294, -29.805257960702498 ], [ -56.729301131507398, -29.809615465599684 ], [ -56.729776562982799, -29.814620373969998 ], [ -56.729733211432197, -29.8182024377471 ], [ -56.730493575514792, -29.829607335689889 ], [ -56.731586113734402, -29.831305020424704 ], [ -56.733238556635598, -29.831556672099502 ], [ -56.743572607618809, -29.825042241378405 ], [ -56.744398774951698, -29.824864610349003 ], [ -56.745542804520397, -29.826243742095205 ], [ -56.746885553972298, -29.828756547303197 ], [ -56.747755106757005, -29.831901272357602 ], [ -56.748729484071603, -29.834109756807493 ], [ -56.750658535089393, -29.837161193346894 ], [ -56.752241418565895, -29.841247619653203 ], [ -56.756891391253504, -29.848418425193291 ], [ -56.758746650130796, -29.858134894742708 ], [ -56.759368246751592, -29.859392251218988 ], [ -56.761535194098592, -29.859209934784705 ], [ -56.768369152816199, -29.857081628768007 ], [ -56.776448347823298, -29.858771163895796 ], [ -56.781395661760598, -29.860966134054003 ], [ -56.786513766377197, -29.864045359832293 ], [ -56.788673076380299, -29.865632550394796 ], [ -56.7930420156924, -29.872758249495909 ], [ -56.794462494153194, -29.874387999921392 ], [ -56.797305658024094, -29.876534862648491 ], [ -56.808581696384799, -29.875170406448689 ], [ -56.824212855067195, -29.873527132652796 ], [ -56.839359391746392, -29.872153900538798 ], [ -56.846352637000997, -29.871210026353292 ], [ -56.863108610221701, -29.869836374672801 ], [ -56.869977965259402, -29.869061638913184 ], [ -56.883842424728002, -29.865847732206699 ], [ -56.895255148008701, -29.862731235689498 ], [ -56.900599470436198, -29.860799229973292 ], [ -56.913258483099604, -29.854862734115894 ], [ -56.925192863737493, -29.848585028915394 ], [ -56.934551178419696, -29.845021207430595 ], [ -56.951184002541503, -29.839323827668693 ], [ -56.956527073389793, -29.837319371288995 ], [ -56.961907617648293, -29.834943348465902 ], [ -56.967210422311396, -29.833586664280901 ], [ -56.972792962614896, -29.831650126833104 ], [ -56.981147022179002, -29.82710055164581 ], [ -56.983797449675599, -29.825216128881895 ], [ -56.994870407435599, -29.818035088888195 ], [ -57.001427180480199, -29.812591963079306 ], [ -57.004462370230094, -29.808823319560087 ], [ -57.012120172499799, -29.795411655388698 ], [ -57.0150468201496, -29.791605610289491 ], [ -57.017549629123693, -29.789127154163001 ], [ -57.028313398379694, -29.777715753376597 ], [ -57.0283443755702, -29.7767771157765 ], [ -57.028186715713801, -29.775306097597014 ], [ -57.028090207880396, -29.774236672304401 ], [ -57.027940955662203, -29.773213284503498 ], [ -57.027813598619012, -29.772799069860692 ], [ -57.027996301872392, -29.771352346950401 ], [ -57.028038604487698, -29.770953439284092 ], [ -57.028490541999901, -29.770505711250401 ], [ -57.028993204598699, -29.770198758579198 ], [ -57.029467977467895, -29.770041622818503 ], [ -57.030167206486198, -29.769816748713598 ], [ -57.0306564090302, -29.769498060391594 ], [ -57.031121738087506, -29.768926679589196 ], [ -57.0316532665979, -29.768356184012099 ], [ -57.031893116473896, -29.76790939647179 ], [ -57.032992421470304, -29.76697776478079 ], [ -57.033317358839199, -29.766794536848387 ], [ -57.0334743758619, -29.766705997002891 ], [ -57.033739128637798, -29.766524530899492 ], [ -57.033942828496507, -29.766280808129402 ] ] ] } },
{ "type": "Feature", "properties": { "cd_setor": "432240005000122", "situacao": "Rural", "populacao_total": 249.0, "domicilios_total": 80.0, "area_km2": 243.06033381057108, "densidade_demografica_hab_km2": 1.0244370033411456, "sem_dado": false }, "geometry": { "type": "Polygon", "coordinates": [ [ [ -56.983797449675599, -29.825216128881895 ], [ -56.981147022179002, -29.82710055164581 ], [ -56.972792962614896, -29.831650126833104 ], [ -56.967210422311396, -29.833586664280901 ], [ -56.961907617648293, -29.834943348465902 ], [ -56.956527073389793, -29.837319371288995 ], [ -56.951184002541503, -29.839323827668693 ], [ -56.934551178419696, -29.845021207430595 ], [ -56.925192863737493, -29.848585028915394 ], [ -56.913258483099604, -29.854862734115894 ], [ -56.900599470436198, -29.860799229973292 ], [ -56.895255148008701, -29.862731235689498 ], [ -56.883842424728002, -29.865847732206699 ], [ -56.869977965259402, -29.869061638913184 ], [ -56.863108610221701, -29.869836374672801 ], [ -56.846352637000997, -29.871210026353292 ], [ -56.839359391746392, -29.872153900538798 ], [ -56.824212855067195, -29.873527132652796 ], [ -56.808581696384799, -29.875170406448689 ], [ -56.797305658024094, -29.876534862648491 ], [ -56.791153846910696, -29.877269066199194 ], [ -56.779766447319297, -29.878180905277798 ], [ -56.770137260461297, -29.879885260795398 ], [ -56.759940052551308, -29.882707045150998 ], [ -56.753729154021599, -29.884138596600707 ], [ -56.749398353932499, -29.885711950321092 ], [ -56.747172399511001, -29.887614651012594 ], [ -56.7414743964477, -29.889187342798099 ], [ -56.7340664071451, -29.8915913237099 ], [ -56.717595680119594, -29.896443876094789 ], [ -56.693481246432398, -29.904531421176099 ], [ -56.672667424530296, -29.91262545242159 ], [ -56.667318388830196, -29.914170848943595 ], [ -56.669373154933503, -29.915208536035603 ], [ -56.672029767643892, -29.91589680029519 ], [ -56.673963765954298, -29.9161722890947 ], [ -56.678454233651394, -29.913702768825011 ], [ -56.680279362695799, -29.9133952297435 ], [ -56.686766720458095, -29.914248772934791 ], [ -56.690039247896003, -29.913262466124895 ], [ -56.693343779862197, -29.912620743069187 ], [ -56.696685873685794, -29.9125669200488 ], [ -56.699188398215497, -29.913067542956401 ], [ -56.701427483903892, -29.914283072364196 ], [ -56.702639594215007, -29.915402389230803 ], [ -56.704082650158298, -29.915407990351799 ], [ -56.707190120548297, -29.917894909733786 ], [ -56.711129397394402, -29.920757758356199 ], [ -56.7161724310617, -29.924088230961193 ], [ -56.721135993870696, -29.928101740338203 ], [ -56.723490217026601, -29.929223432269392 ], [ -56.726982654446807, -29.929229729047901 ], [ -56.730555105986497, -29.9281830219658 ], [ -56.732951405491207, -29.927164195729901 ], [ -56.7354569717725, -29.927603637687 ], [ -56.737805177932998, -29.929407695252692 ], [ -56.742011096242095, -29.933480268615199 ], [ -56.744052794194495, -29.937393070639793 ], [ -56.745343987499496, -29.937892729811704 ], [ -56.746901728403898, -29.938175854678285 ], [ -56.748264447119496, -29.939542219517797 ], [ -56.750845251280005, -29.940291732543383 ], [ -56.755327200563592, -29.940735527157493 ], [ -56.760747340687494, -29.94505795862349 ], [ -56.765452679449197, -29.947610016105294 ], [ -56.768148763221106, -29.94783294325649 ], [ -56.770882562199404, -29.948518431318792 ], [ -56.772628540729002, -29.949825080108603 ], [ -56.773460195935002, -29.951563856051791 ], [ -56.775924178999205, -29.953832657608885 ], [ -56.779189542682694, -29.954583406173199 ], [ -56.782073611961607, -29.956077796864012 ], [ -56.783880026610298, -29.9578679571359 ], [ -56.784613227101801, -29.958594560184704 ], [ -56.7862034520181, -29.960582279951797 ], [ -56.789012792702998, -29.9619509643932 ], [ -56.796266558915093, -29.963670771221697 ], [ -56.798197136002493, -29.966992635857487 ], [ -56.799563702514597, -29.967864282571202 ], [ -56.800699427118197, -29.970037261758595 ], [ -56.801911755920393, -29.971651436596606 ], [ -56.804378641182709, -29.973612159298497 ], [ -56.805591319899698, -29.974792638570207 ], [ -56.804368461846494, -29.978264414943496 ], [ -56.803600866309395, -29.982668626263692 ], [ -56.803862100678792, -29.984807873783012 ], [ -56.805681813041801, -29.987295306923794 ], [ -56.805450841787703, -29.989217834346888 ], [ -56.806130510371396, -29.990273509599096 ], [ -56.807382603091895, -29.991298955239497 ], [ -56.80935674556769, -29.992232363233498 ], [ -56.811551915600091, -29.997509214838296 ], [ -56.814055277386998, -29.999996344285993 ], [ -56.819925170662501, -30.003914285296705 ], [ -56.821742698146998, -30.006149973811091 ], [ -56.822538760380198, -30.007972978352296 ], [ -56.821241560294602, -30.010640499430099 ], [ -56.819793425352799, -30.012190616958399 ], [ -56.8199444849378, -30.013058278432794 ], [ -56.822718298873298, -30.0136506816485 ], [ -56.825453598614494, -30.014711753444601 ], [ -56.827938912738205, -30.015402189441097 ], [ -56.828838305797099, -30.014357819406893 ], [ -56.8410699370638, -30.002743254345802 ], [ -56.850844140757999, -29.992834270578197 ], [ -56.860686579332693, -29.983163864240101 ], [ -56.876462273048098, -29.966455937245797 ], [ -56.881329815466302, -29.960195812945791 ], [ -56.895347648856891, -29.956101454901592 ], [ -56.9072411533867, -29.946669526638601 ], [ -56.917743854112594, -29.942300552318496 ], [ -56.917742279747898, -29.941820980360305 ], [ -56.918203759642495, -29.94066404312159 ], [ -56.9205474516992, -29.937968930891202 ], [ -56.921399678767401, -29.935932469141889 ], [ -56.921646758357305, -29.931342789766894 ], [ -56.931438110677099, -29.923916212220792 ], [ -56.961600563280001, -29.914133053688403 ], [ -56.958690080259601, -29.907385670980293 ], [ -56.958626690046195, -29.906398142551289 ], [ -56.9620276400425, -29.897282509169681 ], [ -56.964938209678493, -29.887502592713496 ], [ -56.964918042600495, -29.886192260418191 ], [ -56.965342809228403, -29.885114442539894 ], [ -56.965852833345501, -29.8843980145597 ], [ -56.966490637395097, -29.880270133285098 ], [ -56.966385005827014, -29.878242321078904 ], [ -56.967278066881008, -29.874867769120499 ], [ -56.967916089554492, -29.8710995769225 ], [ -56.9711656710762, -29.862035847361305 ], [ -56.973945959110502, -29.856921281082304 ], [ -56.975601931102595, -29.855091816688994 ], [ -56.976133744901695, -29.8540701589089 ], [ -56.976260228341204, -29.853099999251697 ], [ -56.978977916659304, -29.848542079679401 ], [ -56.979105540277395, -29.8476809742026 ], [ -56.978532746814693, -29.844324072390606 ], [ -56.9787447465093, -29.844073184988705 ], [ -56.9855346801791, -29.841130754486091 ], [ -56.985875632506399, -29.8404487321882 ], [ -56.984029936168703, -29.837557832340504 ], [ -56.983562729157399, -29.836048448724689 ], [ -56.986619172274601, -29.828499693340795 ], [ -56.986300994464997, -29.827476465844601 ], [ -56.985454363013595, -29.826292983525203 ], [ -56.983797449675599, -29.825216128881895 ] ] ] } },
{ "type": "Feature", "properties": { "cd_setor": "432240005000123", "situacao": "Rural", "populacao_total": 250.0, "domicilios_total": 78.0, "area_km2": 438.10887434507254, "densidade_demografica_hab_km2": 0.57063441221939215, "sem_dado": false }, "geometry": { "type": "Polygon", "coordinates": [ [ [ -56.961600563280001, -29.914133053688403 ], [ -56.931438110677099, -29.923916212220792 ], [ -56.921646758357305, -29.931342789766894 ], [ -56.921399678767401, -29.935932469141889 ], [ -56.9205474516992, -29.937968930891202 ], [ -56.918203759642495, -29.94066404312159 ], [ -56.917742279747898, -29.941820980360305 ], [ -56.917743854112594, -29.942300552318496 ], [ -56.9072411533867, -29.946669526638601 ], [ -56.895347648856891, -29.956101454901592 ], [ -56.881329815466302, -29.960195812945791 ], [ -56.876462273048098, -29.966455937245797 ], [ -56.860686579332693, -29.983163864240101 ], [ -56.850844140757999, -29.992834270578197 ], [ -56.8410699370638, -30.002743254345802 ], [ -56.828838305797099, -30.014357819406893 ], [ -56.827938912738205, -30.015402189441097 ], [ -56.834420994156005, -30.017203872598401 ], [ -56.836437592651201, -30.017051371337395 ], [ -56.8379590116879, -30.016369487580192 ], [ -56.8396301476864, -30.017302623577805 ], [ -56.841146280040192, -30.020470390094513 ], [ -56.843121600999694, -30.02177556028419 ], [ -56.844451886501503, -30.022242679652894 ], [ -56.845973010905702, -30.021440804628693 ], [ -56.848177549405001, -30.02187456531821 ], [ -56.849696505944394, -30.023425703187801 ], [ -56.850910002488696, -30.024918524113698 ], [ -56.851351511512696, -30.026502877823283 ], [ -56.852615673413801, -30.028530995209309 ], [ -56.854641859010101, -30.029898884808002 ], [ -56.856871027256197, -30.030893610090999 ], [ -56.858468158360694, -30.031076216076499 ], [ -56.860951033100704, -30.031947260750204 ], [ -56.863990579025, -30.031907324880994 ], [ -56.866020526212196, -30.032821478737095 ], [ -56.867310128999293, -30.034747010711893 ], [ -56.866087914793297, -30.039626544722193 ], [ -56.867200666173197, -30.041242191374696 ], [ -56.869303386196805, -30.042010454900485 ], [ -56.871433320984899, -30.043792305011003 ], [ -56.870415975935494, -30.045486821547694 ], [ -56.869498263573199, -30.047759741559908 ], [ -56.870789398396091, -30.049189353012085 ], [ -56.872513084013399, -30.050474281933202 ], [ -56.873933230466804, -30.052668238816405 ], [ -56.874890385648904, -30.055170695482108 ], [ -56.876567399329296, -30.060501708301292 ], [ -56.878267880500005, -30.062730947108399 ], [ -56.879855753595102, -30.064364917484895 ], [ -56.88161355281801, -30.068637494611092 ], [ -56.880761405306501, -30.070914458365003 ], [ -56.878652375415896, -30.075003030907794 ], [ -56.880731377061394, -30.07914687439219 ], [ -56.882853363044006, -30.080153358486101 ], [ -56.884998279674093, -30.080090106077794 ], [ -56.8874251586791, -30.080553425005295 ], [ -56.888678615528896, -30.081447252035495 ], [ -56.888900892118997, -30.083310307000499 ], [ -56.884809692324502, -30.085386137087497 ], [ -56.883957159481696, -30.086936507466298 ], [ -56.884085486843496, -30.088389640459891 ], [ -56.885091440973397, -30.088298160614404 ], [ -56.889285877325193, -30.090515759033192 ], [ -56.889808607227899, -30.092610207102698 ], [ -56.890437174026296, -30.097091331544597 ], [ -56.892074915623802, -30.101299635108898 ], [ -56.894587256318694, -30.104744912822898 ], [ -56.904381931304599, -30.114443662112699 ], [ -56.905476601231307, -30.114183277508896 ], [ -56.906200819058796, -30.112438184355096 ], [ -56.904692742369498, -30.110134815566795 ], [ -56.904934423453803, -30.108889005126798 ], [ -56.908982579202892, -30.109115020490002 ], [ -56.911915311361902, -30.111437271973099 ], [ -56.914232388488998, -30.111629332917698 ], [ -56.914957843411592, -30.109154857221906 ], [ -56.911746291005898, -30.103095810788204 ], [ -56.915991846167302, -30.097896522628897 ], [ -56.917812413046796, -30.097130430504194 ], [ -56.9261719576484, -30.096719303496602 ], [ -56.932125112579499, -30.094594395188395 ], [ -56.934597403036399, -30.095028760478201 ], [ -56.942844158419902, -30.099081480286685 ], [ -56.956561255145502, -30.102236385668796 ], [ -56.963347483282696, -30.09983352225289 ], [ -56.970897138973911, -30.098399295881496 ], [ -56.976936067139292, -30.098572831927598 ], [ -56.981445962577403, -30.090509731156597 ], [ -56.983064708082296, -30.089125320951794 ], [ -56.992169142304498, -30.086841522965592 ], [ -57.002937966591396, -30.088207930550407 ], [ -57.020304750100095, -30.088103260995201 ], [ -57.023213689451197, -30.088691792000098 ], [ -57.028439335814596, -30.092630833522708 ], [ -57.0295396652308, -30.094817663647198 ], [ -57.030065695852102, -30.100729004330788 ], [ -57.031644324941006, -30.102430621897103 ], [ -57.044096562616396, -30.105851500826002 ], [ -57.047727150685006, -30.104501766002699 ], [ -57.049784826347896, -30.102259035152411 ], [ -57.056545178242999, -30.099825924000598 ], [ -57.065955481671793, -30.102053368763293 ], [ -57.067771395358903, -30.101740585303293 ], [ -57.067856218621102, -30.097333275096499 ], [ -57.066363520950894, -30.091913475524006 ], [ -57.065313282025002, -30.091273595011891 ], [ -57.061748790645595, -30.091379156465486 ], [ -57.061068320999397, -30.09051338452289 ], [ -57.061395602923795, -30.089146391973493 ], [ -57.064675751423792, -30.086756907015694 ], [ -57.069926165371598, -30.087082488803897 ], [ -57.078683442404497, -30.092910216779803 ], [ -57.085472930533001, -30.100536777853193 ], [ -57.087405328305003, -30.107573058108599 ], [ -57.089968125387308, -30.110011615602602 ], [ -57.090691698850897, -30.111914650010483 ], [ -57.0902989426665, -30.11380065546739 ], [ -57.088833042407892, -30.113991953417194 ], [ -57.086489345985008, -30.1116924636626 ], [ -57.085132715529298, -30.111691853647898 ], [ -57.084632374647796, -30.114894657038597 ], [ -57.088796495549197, -30.120550702182889 ], [ -57.092190880461303, -30.122346766132594 ], [ -57.094335701782001, -30.121287597976103 ], [ -57.095458835560301, -30.115931928376103 ], [ -57.104745312949795, -30.116212327341294 ], [ -57.108754837873697, -30.117096515759602 ], [ -57.114762194509005, -30.11495858062019 ], [ -57.115634618339001, -30.112529321426095 ], [ -57.1213957719999, -30.109243124933901 ], [ -57.134019984391898, -30.088298714059199 ], [ -57.1384105061517, -30.073453266676694 ], [ -57.136286220848696, -30.067393243589297 ], [ -57.136169779273892, -30.06449256772769 ], [ -57.151785768115694, -30.056766726618893 ], [ -57.120885707220893, -30.022243010573696 ], [ -57.119928816776095, -30.020895515789693 ], [ -57.119800897130304, -30.019460773877093 ], [ -57.119966817562101, -30.016846318515299 ], [ -57.122059822873098, -29.991779481835007 ], [ -57.121451716269, -29.96486824034719 ], [ -57.122234512638897, -29.961299880960205 ], [ -57.122907827670204, -29.956817357347607 ], [ -57.122203093888196, -29.953536613372293 ], [ -57.120203216865505, -29.948304258970495 ], [ -57.119407852201796, -29.946893400120501 ], [ -57.118428993326795, -29.945910546194611 ], [ -57.117028066468798, -29.945248651989399 ], [ -57.116030206855392, -29.945017121104694 ], [ -57.114375479101092, -29.945054394882401 ], [ -57.113260262382006, -29.944880600769693 ], [ -57.102260030047191, -29.946925504085392 ], [ -57.101113886692012, -29.946890254912088 ], [ -57.076714931742593, -29.944244335346994 ], [ -57.075484512206003, -29.944297366503402 ], [ -57.067759273675094, -29.945771736841994 ], [ -57.053814255596194, -29.951478829888693 ], [ -57.045166990398194, -29.95859478303629 ], [ -57.0106445768754, -29.955033317330294 ], [ -56.985919111489594, -29.942512156483691 ], [ -56.976705141651692, -29.93801460761749 ], [ -56.976344555154199, -29.937631495359195 ], [ -56.976304325351499, -29.936698456157401 ], [ -56.976686446768205, -29.933074847426887 ], [ -56.974395912163196, -29.928661403035697 ], [ -56.973885808694199, -29.928196009995791 ], [ -56.971486984429809, -29.92490550226449 ], [ -56.969788879849091, -29.923576158788794 ], [ -56.967283224544694, -29.922820274609691 ], [ -56.966028673312891, -29.922121869927999 ], [ -56.964460171567694, -29.920757085116403 ], [ -56.961600563280001, -29.914133053688403 ] ] ] } },
{ "type": "Feature", "properties": { "cd_setor": "432240005000124", "situacao": "Rural", "populacao_total": 619.0, "domicilios_total": 227.0, "area_km2": 330.44423108518981, "densidade_demografica_hab_km2": 1.8732359102387215, "sem_dado": false }, "geometry": { "type": "Polygon", "coordinates": [ [ [ -57.028313398379694, -29.777715753376597 ], [ -57.017549629123693, -29.789127154163001 ], [ -57.0150468201496, -29.791605610289491 ], [ -57.012120172499799, -29.795411655388698 ], [ -57.004462370230094, -29.808823319560087 ], [ -57.001427180480199, -29.812591963079306 ], [ -56.994870407435599, -29.818035088888195 ], [ -56.983797449675599, -29.825216128881895 ], [ -56.985454363013595, -29.826292983525203 ], [ -56.986300994464997, -29.827476465844601 ], [ -56.986619172274601, -29.828499693340795 ], [ -56.983562729157399, -29.836048448724689 ], [ -56.984029936168703, -29.837557832340504 ], [ -56.985875632506399, -29.8404487321882 ], [ -56.9855346801791, -29.841130754486091 ], [ -56.9787447465093, -29.844073184988705 ], [ -56.978532746814693, -29.844324072390606 ], [ -56.979105540277395, -29.8476809742026 ], [ -56.978977916659304, -29.848542079679401 ], [ -56.976260228341204, -29.853099999251697 ], [ -56.976133744901695, -29.8540701589089 ], [ -56.975601931102595, -29.855091816688994 ], [ -56.973945959110502, -29.856921281082304 ], [ -56.9711656710762, -29.862035847361305 ], [ -56.967916089554492, -29.8710995769225 ], [ -56.967278066881008, -29.874867769120499 ], [ -56.966385005827014, -29.878242321078904 ], [ -56.966490637395097, -29.880270133285098 ], [ -56.965852833345501, -29.8843980145597 ], [ -56.965342809228403, -29.885114442539894 ], [ -56.964918042600495, -29.886192260418191 ], [ -56.964938209678493, -29.887502592713496 ], [ -56.9620276400425, -29.897282509169681 ], [ -56.958626690046195, -29.906398142551289 ], [ -56.958690080259601, -29.907385670980293 ], [ -56.961600563280001, -29.914133053688403 ], [ -56.964460171567694, -29.920757085116403 ], [ -56.966028673312891, -29.922121869927999 ], [ -56.967283224544694, -29.922820274609691 ], [ -56.969788879849091, -29.923576158788794 ], [ -56.971486984429809, -29.92490550226449 ], [ -56.973885808694199, -29.928196009995791 ], [ -56.974395912163196, -29.928661403035697 ], [ -56.976686446768205, -29.933074847426887 ], [ -56.976304325351499, -29.936698456157401 ], [ -56.976344555154199, -29.937631495359195 ], [ -56.976705141651692, -29.93801460761749 ], [ -56.985919111489594, -29.942512156483691 ], [ -57.0106445768754, -29.955033317330294 ], [ -57.045166990398194, -29.95859478303629 ], [ -57.053814255596194, -29.951478829888693 ], [ -57.067759273675094, -29.945771736841994 ], [ -57.075484512206003, -29.944297366503402 ], [ -57.076714931742593, -29.944244335346994 ], [ -57.101113886692012, -29.946890254912088 ], [ -57.102260030047191, -29.946925504085392 ], [ -57.113260262382006, -29.944880600769693 ], [ -57.114375479101092, -29.945054394882401 ], [ -57.116030206855392, -29.945017121104694 ], [ -57.117028066468798, -29.945248651989399 ], [ -57.118428993326795, -29.945910546194611 ], [ -57.119407852201796, -29.946893400120501 ], [ -57.120203216865505, -29.948304258970495 ], [ -57.122203093888196, -29.953536613372293 ], [ -57.122907827670204, -29.956817357347607 ], [ -57.122234512638897, -29.961299880960205 ], [ -57.121451716269, -29.96486824034719 ], [ -57.122059822873098, -29.991779481835007 ], [ -57.119966817562101, -30.016846318515299 ], [ -57.119800897130304, -30.019460773877093 ], [ -57.119928816776095, -30.020895515789693 ], [ -57.120885707220893, -30.022243010573696 ], [ -57.151785768115694, -30.056766726618893 ], [ -57.155484102439793, -30.060165652727004 ], [ -57.167093831826591, -30.057748673846401 ], [ -57.170032304310602, -30.056203246041903 ], [ -57.172160384571399, -30.053906593443696 ], [ -57.173053111479796, -30.048691219789703 ], [ -57.174101799405797, -30.047194857240697 ], [ -57.177130615425497, -30.045762490231603 ], [ -57.182339934134099, -30.044758714729412 ], [ -57.187356367883396, -30.041979157019895 ], [ -57.214889252057198, -30.022361819391005 ], [ -57.217455430417004, -30.025361153147092 ], [ -57.219653381961493, -30.026334114637098 ], [ -57.229205500895404, -30.020592855265296 ], [ -57.230725967791301, -30.019191790650897 ], [ -57.227472764389297, -30.014455477999704 ], [ -57.220860402877001, -30.006869937827101 ], [ -57.203636052741004, -29.984827225058595 ], [ -57.198332568397198, -29.976103424065094 ], [ -57.191410740088301, -29.965391289867199 ], [ -57.178511220032199, -29.944144848306998 ], [ -57.151742972525398, -29.911644604034898 ], [ -57.150260507458597, -29.909997036133593 ], [ -57.1484073088277, -29.908548491165394 ], [ -57.145512596310098, -29.907016565932096 ], [ -57.121724314365302, -29.890077144155097 ], [ -57.116405871079699, -29.8858749491495 ], [ -57.115579128925098, -29.884267356530593 ], [ -57.110416480918602, -29.868524554180798 ], [ -57.109066364697895, -29.863522669536209 ], [ -57.108760885508495, -29.861018432944899 ], [ -57.10910986588901, -29.856882507531811 ], [ -57.109101125137194, -29.848923853811907 ], [ -57.108255348993602, -29.843547689615402 ], [ -57.107444701083494, -29.840136743204802 ], [ -57.1062298031772, -29.836271040920504 ], [ -57.098820640176797, -29.820353997238097 ], [ -57.0940040075171, -29.8075912840782 ], [ -57.092941602953694, -29.804107659313793 ], [ -57.091459590066599, -29.797822939428297 ], [ -57.090556875178606, -29.797421666063794 ], [ -57.089482366482294, -29.796920613745989 ], [ -57.088999729598399, -29.796412840324901 ], [ -57.0889229249794, -29.796147561963402 ], [ -57.087766854592495, -29.795829754008285 ], [ -57.086978339574003, -29.79576800094129 ], [ -57.085988454398901, -29.796174761848697 ], [ -57.084721309530693, -29.796649378442197 ], [ -57.084020196566094, -29.7971732629507 ], [ -57.083305624605295, -29.797697152141911 ], [ -57.082548818084597, -29.798462026352095 ], [ -57.082256281702897, -29.798827712806098 ], [ -57.081780580276394, -29.799180876612095 ], [ -57.081291302545409, -29.799384235005007 ], [ -57.080643831833093, -29.799747426881094 ], [ -57.080114320962593, -29.800111447053592 ], [ -57.079349757415002, -29.800278864504598 ], [ -57.078244632863495, -29.800294861357401 ], [ -57.077025330668206, -29.799850649404398 ], [ -57.076462169526202, -29.799525178307903 ], [ -57.075664843911099, -29.798784696455705 ], [ -57.075142980843303, -29.798322018909502 ], [ -57.074120268379907, -29.797809982658201 ], [ -57.073998267760295, -29.797773568465491 ], [ -57.073293325680197, -29.797563160544392 ], [ -57.0723340133937, -29.797418385739501 ], [ -57.071874561207096, -29.797381632864198 ], [ -57.070949836833897, -29.79785773709289 ], [ -57.069626920781403, -29.798618325545391 ], [ -57.068611021356503, -29.7989563812516 ], [ -57.067848416423004, -29.798974821676097 ], [ -57.066835405510602, -29.799002408434283 ], [ -57.066372979479006, -29.799171403855304 ], [ -57.065777217330798, -29.799569694007698 ], [ -57.065171899683499, -29.79960067596809 ], [ -57.064699948070597, -29.799447484112392 ], [ -57.063568888582196, -29.7993487556449 ], [ -57.063279153309004, -29.799346186136791 ], [ -57.0624224945796, -29.799547843759505 ], [ -57.061856497076796, -29.799578792111809 ], [ -57.060528853206101, -29.799512618101499 ], [ -57.059622307014401, -29.799356897332096 ], [ -57.058861578413399, -29.799053098963199 ], [ -57.058490023202701, -29.798799585306799 ], [ -57.057892662763493, -29.7983920038096 ], [ -57.057067707249594, -29.7979384108746 ], [ -57.056374172128507, -29.797485659745295 ], [ -57.055562663569596, -29.7969977573254 ], [ -57.055287358639703, -29.796880549010005 ], [ -57.054659083830998, -29.796532449702188 ], [ -57.054177590639497, -29.795897298397797 ], [ -57.052309497354891, -29.795108371505698 ], [ -57.051387294360801, -29.794583484793385 ], [ -57.0510560563932, -29.794328209262591 ], [ -57.050216747979803, -29.794012658614008 ], [ -57.049923456295197, -29.793921494638198 ], [ -57.049703453919399, -29.793853111208602 ], [ -57.048772081727797, -29.793571879949607 ], [ -57.047581050062895, -29.7933863980534 ], [ -57.046629081886003, -29.793294680439004 ], [ -57.045671280162097, -29.793335631018095 ], [ -57.045417250616801, -29.793307442775298 ], [ -57.044674465680302, -29.793145535941292 ], [ -57.043457684280597, -29.79320369590701 ], [ -57.041448372887295, -29.793388440202289 ], [ -57.040179975731895, -29.793757942623095 ], [ -57.039299443723301, -29.793764521416598 ], [ -57.038535824366399, -29.793747596194795 ], [ -57.037854061277095, -29.794034780220795 ], [ -57.037748555508998, -29.794126863258793 ], [ -57.037325427571595, -29.794311088349392 ], [ -57.037046127204199, -29.794506102185004 ], [ -57.036764894007, -29.795078353790895 ], [ -57.036607758700896, -29.7954691718692 ], [ -57.030655818723893, -29.784570467645398 ], [ -57.0302781503921, -29.784453230301697 ], [ -57.029833178884004, -29.784151900023886 ], [ -57.029323016350297, -29.78380365327541 ], [ -57.028721802541398, -29.783420227115005 ], [ -57.028048931321798, -29.782048592540598 ], [ -57.027925554485094, -29.7811055216767 ], [ -57.028132184841603, -29.780084768297002 ], [ -57.028301482958902, -29.778764397254903 ], [ -57.028309498168902, -29.77783393338219 ], [ -57.028313398379694, -29.777715753376597 ] ], [ [ -57.097674201610594, -29.8318293048066 ], [ -57.100560008614295, -29.834678757463308 ], [ -57.097696511628897, -29.836540671255097 ], [ -57.095929091199601, -29.836222392534808 ], [ -57.094339998639505, -29.834302540718998 ], [ -57.097674201610594, -29.8318293048066 ] ] ] } },
{ "type": "Feature", "properties": { "cd_setor": "432240005000125", "situacao": "Rural", "populacao_total": 459.0, "domicilios_total": 144.0, "area_km2": 362.62735156078855, "densidade_demografica_hab_km2": 1.2657622157413466, "sem_dado": false }, "geometry": { "type": "Polygon", "coordinates": [ [ [ -57.1336359282069, -29.771125412705693 ], [ -57.129851152486005, -29.776514627816997 ], [ -57.129432081591496, -29.777251464125293 ], [ -57.128769833173408, -29.7779461183856 ], [ -57.128321682160013, -29.778605365631201 ], [ -57.127857241746497, -29.779476710699701 ], [ -57.127820199476503, -29.779765536112201 ], [ -57.127720993264802, -29.780539065245389 ], [ -57.127815482696597, -29.781624662101198 ], [ -57.127944374886702, -29.782100146749393 ], [ -57.128660477332296, -29.783042549782202 ], [ -57.1293096911661, -29.783449841394404 ], [ -57.1303826923616, -29.783544454989094 ], [ -57.131376106793397, -29.783696897594794 ], [ -57.132358944598295, -29.784458519381488 ], [ -57.132812553964591, -29.784800107320194 ], [ -57.133016769463495, -29.785100429647297 ], [ -57.133460697857998, -29.785159547859497 ], [ -57.133896328237299, -29.7852024282586 ], [ -57.134526013173691, -29.784905777070396 ], [ -57.135097895585695, -29.784712967276597 ], [ -57.135722989830391, -29.784853116821203 ], [ -57.136494922497697, -29.784935353550097 ], [ -57.136380839902898, -29.785495912718289 ], [ -57.136258433854898, -29.786023088426994 ], [ -57.135740872567496, -29.786605720210002 ], [ -57.135184808014301, -29.787027747242497 ], [ -57.134602871633192, -29.787448895681102 ], [ -57.134058546552893, -29.788147065701988 ], [ -57.133645569258093, -29.788810806881191 ], [ -57.133297923050002, -29.789589998854598 ], [ -57.133476815853598, -29.790291950286399 ], [ -57.133391074916794, -29.791175566582588 ], [ -57.133320533542403, -29.791818204732699 ], [ -57.1329342869195, -29.792367301296597 ], [ -57.132353225078596, -29.792697288029689 ], [ -57.1314984867455, -29.792634964020195 ], [ -57.130591023544298, -29.792606078210294 ], [ -57.129472496632005, -29.792587319551199 ], [ -57.128338831871197, -29.792868190103981 ], [ -57.127454640474106, -29.793241767240801 ], [ -57.126623169132095, -29.793580993855599 ], [ -57.125370550340001, -29.793907076485493 ], [ -57.124607030847002, -29.793982701488407 ], [ -57.123657515879692, -29.794264261372099 ], [ -57.1226811899013, -29.794625257624098 ], [ -57.121532321991694, -29.795203902870693 ], [ -57.120807227081599, -29.795406720689492 ], [ -57.119882671848195, -29.795814578180195 ], [ -57.1188652809494, -29.796474304753104 ], [ -57.117701077915093, -29.797248768872596 ], [ -57.116603106929695, -29.798045726564101 ], [ -57.115663358396496, -29.798774851209593 ], [ -57.114922089269399, -29.799344960734299 ], [ -57.113987692660693, -29.799339448923199 ], [ -57.1129898908857, -29.799080387200807 ], [ -57.111899003328091, -29.798854788225793 ], [ -57.110716192385794, -29.798779068846304 ], [ -57.109688821736, -29.79890987884119 ], [ -57.108792814880893, -29.798996351700893 ], [ -57.107330097516396, -29.799400951220999 ], [ -57.105548898897496, -29.800033213375198 ], [ -57.104651107372099, -29.8004066486805 ], [ -57.103580653883903, -29.800928219589199 ], [ -57.103039696087798, -29.801154260700113 ], [ -57.102571991330699, -29.801182304799688 ], [ -57.101484514106005, -29.801247511148699 ], [ -57.100075520766396, -29.801629427273301 ], [ -57.099060604322297, -29.801841368616795 ], [ -57.097982303867894, -29.801788921913296 ], [ -57.097394107138591, -29.801337211269896 ], [ -57.096574288380793, -29.801048728669596 ], [ -57.096462488028401, -29.801009387710302 ], [ -57.095441557234395, -29.800336873802198 ], [ -57.094644172298196, -29.799688559890892 ], [ -57.093951330194002, -29.799063631744804 ], [ -57.093154903628502, -29.798311522606806 ], [ -57.092670403941895, -29.798055556488197 ], [ -57.091459590066599, -29.797822939428297 ], [ -57.092941602953694, -29.804107659313793 ], [ -57.0940040075171, -29.8075912840782 ], [ -57.098820640176797, -29.820353997238097 ], [ -57.1062298031772, -29.836271040920504 ], [ -57.107444701083494, -29.840136743204802 ], [ -57.108255348993602, -29.843547689615402 ], [ -57.109101125137194, -29.848923853811907 ], [ -57.10910986588901, -29.856882507531811 ], [ -57.108760885508495, -29.861018432944899 ], [ -57.109066364697895, -29.863522669536209 ], [ -57.110416480918602, -29.868524554180798 ], [ -57.115579128925098, -29.884267356530593 ], [ -57.116405871079699, -29.8858749491495 ], [ -57.121724314365302, -29.890077144155097 ], [ -57.145512596310098, -29.907016565932096 ], [ -57.1484073088277, -29.908548491165394 ], [ -57.150260507458597, -29.909997036133593 ], [ -57.151742972525398, -29.911644604034898 ], [ -57.178511220032199, -29.944144848306998 ], [ -57.191410740088301, -29.965391289867199 ], [ -57.198332568397198, -29.976103424065094 ], [ -57.203636052741004, -29.984827225058595 ], [ -57.220860402877001, -30.006869937827101 ], [ -57.227472764389297, -30.014455477999704 ], [ -57.2283251881585, -30.013954910089097 ], [ -57.228741296179898, -30.013710560232404 ], [ -57.236728467351199, -30.009020261314795 ], [ -57.241810748525097, -30.006035257297789 ], [ -57.243608729020394, -30.003870081724603 ], [ -57.245453313396197, -29.998363256002285 ], [ -57.249758423911601, -29.994333501956401 ], [ -57.257346287215597, -29.978397500166189 ], [ -57.257762850298299, -29.975727271329092 ], [ -57.256221630264697, -29.972652918614489 ], [ -57.263850550565699, -29.971288013604706 ], [ -57.271119598180299, -29.967488913368587 ], [ -57.277517193083007, -29.956675080984798 ], [ -57.282762602408496, -29.951798079468592 ], [ -57.288045768806796, -29.951386173426492 ], [ -57.2920686891011, -29.950124891783101 ], [ -57.295899221611599, -29.951639959313095 ], [ -57.299973433073404, -29.951054975597309 ], [ -57.303427497503201, -29.953308425576488 ], [ -57.306459501038596, -29.953328001792897 ], [ -57.307711065868403, -29.952566532371396 ], [ -57.308841366496011, -29.950585867467396 ], [ -57.310935021141013, -29.950687465790995 ], [ -57.310244209712096, -29.954700469764006 ], [ -57.311146722910003, -29.956569741402006 ], [ -57.315748863214601, -29.959954947776296 ], [ -57.319395837020608, -29.966615157072201 ], [ -57.322252630380909, -29.969484287421988 ], [ -57.328426491893808, -29.972070462696401 ], [ -57.325005261192103, -29.947043680064592 ], [ -57.325432518876404, -29.941576199490189 ], [ -57.323193511836401, -29.9373503398831 ], [ -57.323827966706013, -29.926770634853693 ], [ -57.329287330814509, -29.8951978594006 ], [ -57.328125085260901, -29.880213471056695 ], [ -57.318520670897108, -29.867895684951602 ], [ -57.294836942925194, -29.831632555969698 ], [ -57.2727739552153, -29.812814418804898 ], [ -57.242482430449293, -29.788543199130402 ], [ -57.227350085508505, -29.779754865602605 ], [ -57.2115688025374, -29.778545015588097 ], [ -57.188242358973497, -29.7824603857113 ], [ -57.170905920537798, -29.781073105880207 ], [ -57.139116198820695, -29.773705305123091 ], [ -57.1336359282069, -29.771125412705693 ] ] ] } },
{ "type": "Feature", "properties": { "cd_setor": "432240005000126", "situacao": "Rural", "populacao_total": 436.0, "domicilios_total": 436.0, "area_km2": 0.17225707770053753, "densidade_demografica_hab_km2": 2531.100642250356, "sem_dado": false }, "geometry": { "type": "Polygon", "coordinates": [ [ [ -57.097674201610594, -29.8318293048066 ], [ -57.094339998639505, -29.834302540718998 ], [ -57.095929091199601, -29.836222392534808 ], [ -57.097696511628897, -29.836540671255097 ], [ -57.100560008614295, -29.834678757463308 ], [ -57.097674201610594, -29.8318293048066 ] ] ] } },
{ "type": "Feature", "properties": { "cd_setor": "432240020000001", "situacao": "Urbana", "populacao_total": 189.0, "domicilios_total": 63.0, "area_km2": 0.12020294291657374, "densidade_demografica_hab_km2": 1572.3408713143947, "sem_dado": false }, "geometry": { "type": "Polygon", "coordinates": [ [ [ -56.684640403911096, -29.472473961576494 ], [ -56.684657922110205, -29.472246224988492 ], [ -56.6846705689549, -29.471752998048096 ], [ -56.6838734318276, -29.471840377861998 ], [ -56.683872455564902, -29.472087995262395 ], [ -56.683686042086194, -29.472120618376199 ], [ -56.683719619414298, -29.472542305081589 ], [ -56.682716547695598, -29.472779110431691 ], [ -56.679172156412797, -29.47361534276979 ], [ -56.679391372193201, -29.474225536713597 ], [ -56.679673269055691, -29.475010205399389 ], [ -56.679795859909298, -29.475377067961691 ], [ -56.6836597433077, -29.474563445497701 ], [ -56.683772032535003, -29.474566795232814 ], [ -56.683767491992093, -29.475053065779392 ], [ -56.684609954854594, -29.475069743644291 ], [ -56.684640403911096, -29.472473961576494 ] ] ] } },
{ "type": "Feature", "properties": { "cd_setor": "432240020000002", "situacao": "Rural", "populacao_total": 389.0, "domicilios_total": 134.0, "area_km2": 221.73735379654383, "densidade_demografica_hab_km2": 1.7543277816733072, "sem_dado": false }, "geometry": { "type": "Polygon", "coordinates": [ [ [ -56.778787939475492, -29.419726947147392 ], [ -56.77059832707701, -29.418125681661088 ], [ -56.751569439664998, -29.411921563757499 ], [ -56.743158037991293, -29.410846994242394 ], [ -56.730738427126198, -29.405527025735701 ], [ -56.703113792899195, -29.4001866593816 ], [ -56.695017947534197, -29.400505576103104 ], [ -56.686939989286095, -29.403150837284294 ], [ -56.683247487197896, -29.405663280352801 ], [ -56.681911988375596, -29.406571972829106 ], [ -56.677753956963393, -29.41330982664169 ], [ -56.674474939785497, -29.423559060703994 ], [ -56.671220382887796, -29.4255133074622 ], [ -56.667380345780295, -29.425501837660395 ], [ -56.6604692612649, -29.423344293003595 ], [ -56.658342227753096, -29.425262203813894 ], [ -56.654158141082696, -29.426685464390204 ], [ -56.638632319034791, -29.425936932462204 ], [ -56.625648778712701, -29.426433153793894 ], [ -56.624707210779803, -29.427497651256104 ], [ -56.627363589857005, -29.427816811936996 ], [ -56.625550284996194, -29.430576529298701 ], [ -56.625225792793103, -29.432627940170999 ], [ -56.6275786312546, -29.438205370655496 ], [ -56.627221909045701, -29.441165413347495 ], [ -56.625470089875698, -29.443678665517304 ], [ -56.6225520109667, -29.445866807781098 ], [ -56.619543573898703, -29.446429127033994 ], [ -56.6148411290349, -29.442689327060499 ], [ -56.611806129201497, -29.442574823422095 ], [ -56.608509581896598, -29.444124478318788 ], [ -56.606633770497396, -29.446001534990398 ], [ -56.607070718502996, -29.448211141393589 ], [ -56.608524968236694, -29.448835500157596 ], [ -56.612708866724205, -29.446421757958689 ], [ -56.614693544233496, -29.448712783193592 ], [ -56.613025653321905, -29.455360275549307 ], [ -56.609651289926198, -29.4521145227191 ], [ -56.606738977441005, -29.451768483177297 ], [ -56.604585721335198, -29.452438172865598 ], [ -56.604963068789395, -29.453244118756999 ], [ -56.6090413475399, -29.453944271472896 ], [ -56.609095741846495, -29.456229885638002 ], [ -56.6080105232043, -29.458305180531198 ], [ -56.600201606252703, -29.457932153339797 ], [ -56.597864718388493, -29.455975993386893 ], [ -56.5984769433013, -29.452690912516896 ], [ -56.597666677277395, -29.449703177502904 ], [ -56.596535429354496, -29.447752325184005 ], [ -56.594925304766697, -29.447278745391202 ], [ -56.5936183571893, -29.449197750261394 ], [ -56.592068895238008, -29.4492044603575 ], [ -56.591863542592193, -29.444736951082703 ], [ -56.590062277633095, -29.444893705824594 ], [ -56.589160049243297, -29.448582945908608 ], [ -56.585637005914599, -29.444556756827605 ], [ -56.575774931067293, -29.440893896797601 ], [ -56.5757988712108, -29.450492039323695 ], [ -56.574778894257193, -29.452072599175303 ], [ -56.572564230407103, -29.452196536255393 ], [ -56.572191201586499, -29.450570757527295 ], [ -56.570197884430598, -29.44924945991789 ], [ -56.566800831258398, -29.453964133436095 ], [ -56.564708145244794, -29.454143300770095 ], [ -56.562181158053598, -29.452837565840692 ], [ -56.560546594980792, -29.450648993219595 ], [ -56.560491014239901, -29.448354317895994 ], [ -56.559135270463997, -29.4476986756695 ], [ -56.553679905693201, -29.450731197077197 ], [ -56.545075848986798, -29.450273661977999 ], [ -56.543249371840297, -29.455334683766694 ], [ -56.541784889508499, -29.457015473504701 ], [ -56.540612599081292, -29.457348928084695 ], [ -56.539540363375792, -29.456318878772198 ], [ -56.540566465672697, -29.453595978267806 ], [ -56.537492244974004, -29.454647358004003 ], [ -56.536258939984002, -29.454268680045097 ], [ -56.531490127629006, -29.459161024181498 ], [ -56.530716074320395, -29.4616644680893 ], [ -56.527017927159697, -29.462559753464699 ], [ -56.525962836920598, -29.463673550207794 ], [ -56.522897297024102, -29.463219478303401 ], [ -56.522449172877792, -29.464194608022204 ], [ -56.522115676587298, -29.467800582639402 ], [ -56.520242953723297, -29.468964987124302 ], [ -56.521405728720495, -29.470655339463896 ], [ -56.519884475387208, -29.471106138421998 ], [ -56.520417854282194, -29.472198845641394 ], [ -56.51784007107571, -29.475048349716996 ], [ -56.517637305134201, -29.477942191812996 ], [ -56.514892594912496, -29.475879529921599 ], [ -56.514068343177094, -29.476370301597893 ], [ -56.514693013529097, -29.478112350192195 ], [ -56.513803816511896, -29.478646728289799 ], [ -56.511815996556003, -29.477289282130695 ], [ -56.512401797100097, -29.474155571547605 ], [ -56.511152480856197, -29.470791370392995 ], [ -56.504566341895597, -29.468497881514295 ], [ -56.504227001988802, -29.469837011390098 ], [ -56.500821614269597, -29.469152573581695 ], [ -56.498898678779597, -29.465927126538691 ], [ -56.497468832706005, -29.466321852142002 ], [ -56.496100539706596, -29.468892178795002 ], [ -56.492184274332296, -29.470714879019297 ], [ -56.489068357212098, -29.470015703765306 ], [ -56.486803574845595, -29.470428627188404 ], [ -56.482790406320895, -29.466212167950605 ], [ -56.481395371216301, -29.466895530850998 ], [ -56.481827901644905, -29.470723439951403 ], [ -56.475326792885397, -29.468462963164804 ], [ -56.475076100333595, -29.468628131447286 ], [ -56.478061127021896, -29.473235482290697 ], [ -56.4851277182891, -29.482635073433407 ], [ -56.4884487226537, -29.4860131333247 ], [ -56.489684674820104, -29.487587885242696 ], [ -56.4907048652667, -29.489279376990901 ], [ -56.497545162895499, -29.503732083371698 ], [ -56.498352294353097, -29.505136243793295 ], [ -56.498526857899499, -29.506489156537004 ], [ -56.498739800400102, -29.506800760779885 ], [ -56.499296653845292, -29.509604576303502 ], [ -56.499395704537697, -29.512878669290899 ], [ -56.499315329873397, -29.515484349450389 ], [ -56.498751608738502, -29.517145989395303 ], [ -56.498178028087892, -29.5198763517175 ], [ -56.498685497524193, -29.521087750564583 ], [ -56.499748616366396, -29.52211196918589 ], [ -56.500842451457601, -29.522706382362589 ], [ -56.502035444811199, -29.523975210179096 ], [ -56.503066906096002, -29.5255545516914 ], [ -56.504609981231496, -29.5332369928825 ], [ -56.504941104983097, -29.534237072563904 ], [ -56.505775537197799, -29.535017568641397 ], [ -56.507731565710003, -29.535335072912503 ], [ -56.514840684122902, -29.535770710080591 ], [ -56.516831873729004, -29.536714103918701 ], [ -56.520683103167499, -29.539008151537296 ], [ -56.520754499342807, -29.5374360180728 ], [ -56.520191686561098, -29.53005716023041 ], [ -56.520056901728012, -29.523624193971891 ], [ -56.521371469146793, -29.520217862109195 ], [ -56.5276080900368, -29.508549496522093 ], [ -56.535480270498297, -29.5032085890115 ], [ -56.539609092073597, -29.501369726804786 ], [ -56.541215976755197, -29.501235356928291 ], [ -56.544576541100398, -29.500319934601006 ], [ -56.546763963413902, -29.50001299248509 ], [ -56.548537461878098, -29.499983551645002 ], [ -56.556088691732796, -29.5016006633724 ], [ -56.562637632987006, -29.502077055232295 ], [ -56.565500139110803, -29.502033626441996 ], [ -56.574384175186303, -29.501065872744004 ], [ -56.582750378515598, -29.500672944176092 ], [ -56.586769220695196, -29.5001431457165 ], [ -56.595472084832899, -29.498071149697104 ], [ -56.598580903267298, -29.498063688870999 ], [ -56.6003106866766, -29.498383366279697 ], [ -56.608397785115294, -29.500592941924904 ], [ -56.6143609763662, -29.503514600906897 ], [ -56.617690473129194, -29.505621297099403 ], [ -56.619213815944597, -29.506008800480693 ], [ -56.621419399944706, -29.505648882903103 ], [ -56.631674135605095, -29.501325836041794 ], [ -56.638264594146698, -29.496147796263994 ], [ -56.641731932214704, -29.494376670305904 ], [ -56.6488587787019, -29.488641086039195 ], [ -56.652736005812798, -29.486902109667593 ], [ -56.656782053082999, -29.484325615516699 ], [ -56.661099648277599, -29.480821176005598 ], [ -56.664117304259499, -29.47750672507409 ], [ -56.666760952369593, -29.475590970186499 ], [ -56.668921999810195, -29.475962439974385 ], [ -56.6725468443924, -29.475796868438596 ], [ -56.679391372193201, -29.474225536713597 ], [ -56.679172156412797, -29.47361534276979 ], [ -56.682716547695598, -29.472779110431691 ], [ -56.683719619414298, -29.472542305081589 ], [ -56.683686042086194, -29.472120618376199 ], [ -56.683872455564902, -29.472087995262395 ], [ -56.6838734318276, -29.471840377861998 ], [ -56.6846705689549, -29.471752998048096 ], [ -56.684657922110205, -29.472246224988492 ], [ -56.684640403911096, -29.472473961576494 ], [ -56.684609954854594, -29.475069743644291 ], [ -56.685185568121199, -29.4789634992045 ], [ -56.686565219929491, -29.482430486940004 ], [ -56.692093999586298, -29.490484182208299 ], [ -56.694761034395597, -29.495144954849195 ], [ -56.6963322643401, -29.497021930151096 ], [ -56.698128611006894, -29.499955561707505 ], [ -56.699001699194298, -29.501058609026899 ], [ -56.699696618250499, -29.502754941729396 ], [ -56.700569598250397, -29.504007652328593 ], [ -56.702947560416, -29.505409225787702 ], [ -56.710595536934598, -29.50829491770801 ], [ -56.718106318743295, -29.510855657415799 ], [ -56.720136016012198, -29.511872707269493 ], [ -56.722534332176295, -29.512783904117292 ], [ -56.725133862376509, -29.513579131996899 ], [ -56.7261441783183, -29.513166224662406 ], [ -56.727479174255393, -29.512972965985387 ], [ -56.7290002465922, -29.511948176396803 ], [ -56.731278567460897, -29.511231517085289 ], [ -56.732054480814298, -29.510620510008398 ], [ -56.732723921786501, -29.509311115202294 ], [ -56.733282263626798, -29.508743339813293 ], [ -56.7338165077337, -29.508545727435692 ], [ -56.735148465096195, -29.50854901361539 ], [ -56.735881533032696, -29.507612475191898 ], [ -56.736393423005403, -29.50735129651429 ], [ -56.738763360316796, -29.506939186750884 ], [ -56.739561179956397, -29.507029158102604 ], [ -56.741534267181898, -29.506859592836399 ], [ -56.742826813865499, -29.506358701651802 ], [ -56.744399116141793, -29.506209075418592 ], [ -56.747439821080008, -29.505119380654289 ], [ -56.748906244848598, -29.504030587498089 ], [ -56.749626191711499, -29.503835389669202 ], [ -56.750853379768401, -29.503247414524711 ], [ -56.751398959784694, -29.502746552907897 ], [ -56.7514813385976, -29.502245347955398 ], [ -56.751273423955496, -29.501042365849894 ], [ -56.751365086061902, -29.500388593827608 ], [ -56.752100920376797, -29.499866666106595 ], [ -56.755209998167402, -29.499063911988994 ], [ -56.757716319907793, -29.493418319114703 ], [ -56.757475372799902, -29.491112440976202 ], [ -56.760145414953293, -29.488889600285411 ], [ -56.760294047724194, -29.488323002431802 ], [ -56.759581492425099, -29.486884352266195 ], [ -56.757119566130797, -29.485099644688194 ], [ -56.756826246699895, -29.4842473687373 ], [ -56.758109558970901, -29.483723092779897 ], [ -56.763020681638899, -29.483592417581701 ], [ -56.764501712145197, -29.4829061943406 ], [ -56.763963939254907, -29.480840014022295 ], [ -56.763647463667397, -29.478794482931193 ], [ -56.765325518198395, -29.478150147168705 ], [ -56.764788440412595, -29.47588108847949 ], [ -56.763904371143497, -29.474543394607792 ], [ -56.764423108391398, -29.47298543745049 ], [ -56.765363897296304, -29.472500666882496 ], [ -56.767581800373399, -29.473395891522596 ], [ -56.769502247963295, -29.475221428101097 ], [ -56.770607920346301, -29.477346997596282 ], [ -56.778981168211097, -29.483192637034605 ], [ -56.778636054373798, -29.483434260520305 ], [ -56.778065852329497, -29.484951863159395 ], [ -56.779343969587394, -29.487262185010795 ], [ -56.783385590843196, -29.489576955290293 ], [ -56.785281312779595, -29.491343244931898 ], [ -56.788877024818099, -29.4934102030494 ], [ -56.792382145371398, -29.493862365791607 ], [ -56.7958609837182, -29.493807379620403 ], [ -56.800301117610999, -29.494461486922404 ], [ -56.804293644150803, -29.4970993947877 ], [ -56.805452306105693, -29.497406771633386 ], [ -56.807921732627499, -29.496841689492399 ], [ -56.809254804232296, -29.496030968981287 ], [ -56.810985163962698, -29.495226272981292 ], [ -56.813474654051802, -29.496060859177494 ], [ -56.818951418746408, -29.496108182812396 ], [ -56.821859669328298, -29.497049144385002 ], [ -56.826870049259007, -29.4977578814736 ], [ -56.834812951857302, -29.493346956658602 ], [ -56.815655063277596, -29.481848755163803 ], [ -56.799290814080805, -29.4656050217889 ], [ -56.780515461149193, -29.440183946382792 ], [ -56.777874710405897, -29.432069396280902 ], [ -56.77744586446601, -29.425368436034297 ], [ -56.778787939475492, -29.419726947147392 ] ] ] } },
{ "type": "Feature", "properties": { "cd_setor": "432240020000003", "situacao": "Rural", "populacao_total": 312.0, "domicilios_total": 130.0, "area_km2": 329.85051389838998, "densidade_demografica_hab_km2": 0.94588301928828034, "sem_dado": false }, "geometry": { "type": "Polygon", "coordinates": [ [ [ -56.679391372193201, -29.474225536713597 ], [ -56.6725468443924, -29.475796868438596 ], [ -56.668921999810195, -29.475962439974385 ], [ -56.666760952369593, -29.475590970186499 ], [ -56.664117304259499, -29.47750672507409 ], [ -56.661099648277599, -29.480821176005598 ], [ -56.656782053082999, -29.484325615516699 ], [ -56.652736005812798, -29.486902109667593 ], [ -56.6488587787019, -29.488641086039195 ], [ -56.641731932214704, -29.494376670305904 ], [ -56.638264594146698, -29.496147796263994 ], [ -56.631674135605095, -29.501325836041794 ], [ -56.621419399944706, -29.505648882903103 ], [ -56.619213815944597, -29.506008800480693 ], [ -56.617690473129194, -29.505621297099403 ], [ -56.6143609763662, -29.503514600906897 ], [ -56.608397785115294, -29.500592941924904 ], [ -56.6003106866766, -29.498383366279697 ], [ -56.598580903267298, -29.498063688870999 ], [ -56.595472084832899, -29.498071149697104 ], [ -56.586769220695196, -29.5001431457165 ], [ -56.582750378515598, -29.500672944176092 ], [ -56.574384175186303, -29.501065872744004 ], [ -56.565500139110803, -29.502033626441996 ], [ -56.562637632987006, -29.502077055232295 ], [ -56.556088691732796, -29.5016006633724 ], [ -56.548537461878098, -29.499983551645002 ], [ -56.546763963413902, -29.50001299248509 ], [ -56.544576541100398, -29.500319934601006 ], [ -56.541215976755197, -29.501235356928291 ], [ -56.539609092073597, -29.501369726804786 ], [ -56.535480270498297, -29.5032085890115 ], [ -56.5276080900368, -29.508549496522093 ], [ -56.521371469146793, -29.520217862109195 ], [ -56.520056901728012, -29.523624193971891 ], [ -56.520191686561098, -29.53005716023041 ], [ -56.520754499342807, -29.5374360180728 ], [ -56.520683103167499, -29.539008151537296 ], [ -56.519403210491703, -29.540784431081509 ], [ -56.518719181307397, -29.543078718382088 ], [ -56.519806602349092, -29.544190663847704 ], [ -56.520315120682007, -29.545843779398393 ], [ -56.518879250098898, -29.548907048285603 ], [ -56.516850667147501, -29.5527101086806 ], [ -56.516059362567809, -29.556052399731691 ], [ -56.516219555933702, -29.560348721583988 ], [ -56.515809640310202, -29.570040841260699 ], [ -56.515189163197597, -29.576113873371803 ], [ -56.514281029099898, -29.582037251341799 ], [ -56.513926054812295, -29.586331590675595 ], [ -56.514067670932299, -29.58921076846001 ], [ -56.515500048241599, -29.592221502391805 ], [ -56.516285624001895, -29.595293163545499 ], [ -56.516264786019008, -29.599484687036302 ], [ -56.515821564530093, -29.606043071717593 ], [ -56.515125255090197, -29.621702637050696 ], [ -56.515317744123095, -29.624710679076387 ], [ -56.516284886190796, -29.627760843317393 ], [ -56.516760219416696, -29.631424464076002 ], [ -56.516458731750006, -29.634128072706197 ], [ -56.514639983636009, -29.636337451912993 ], [ -56.515092231432398, -29.636912282894894 ], [ -56.5175286358281, -29.638686619810006 ], [ -56.5185284065807, -29.639013902250188 ], [ -56.5208585299657, -29.640539517827794 ], [ -56.524662935589298, -29.642443713422509 ], [ -56.525658247445399, -29.643293107270893 ], [ -56.528442161882907, -29.645194064713706 ], [ -56.531580012411098, -29.646621128443893 ], [ -56.532547343598004, -29.6472978747463 ], [ -56.533363456961091, -29.648370639511004 ], [ -56.532233515226004, -29.649533755177703 ], [ -56.5319212002535, -29.651747965270001 ], [ -56.532539803717597, -29.652646868973292 ], [ -56.533385639367296, -29.653419701512099 ], [ -56.536597674970707, -29.654948910018593 ], [ -56.539399230857398, -29.656502125379607 ], [ -56.542276930914795, -29.658327030574501 ], [ -56.5448780056185, -29.660650399962702 ], [ -56.557022770775099, -29.664645737912299 ], [ -56.562305908238393, -29.664862074491989 ], [ -56.563962243939805, -29.6647435046829 ], [ -56.570688853042704, -29.668372400808011 ], [ -56.571901655171494, -29.669296550973705 ], [ -56.574263030693601, -29.670446360482103 ], [ -56.576891092537693, -29.670382698055395 ], [ -56.580779784258603, -29.669996905312889 ], [ -56.5855502134633, -29.669787672422391 ], [ -56.587037052004192, -29.669866877960395 ], [ -56.588007478552498, -29.670317715580008 ], [ -56.589746883966299, -29.672066364956098 ], [ -56.590591314100401, -29.673485332018512 ], [ -56.591511642350596, -29.678787203670005 ], [ -56.591378411201802, -29.685353059717492 ], [ -56.592709690289098, -29.690109481316796 ], [ -56.602469966593496, -29.69183607440619 ], [ -56.607601173512094, -29.693311345609001 ], [ -56.619653710852603, -29.698195126363398 ], [ -56.623165408507404, -29.699810869780897 ], [ -56.626339992001796, -29.700383669831307 ], [ -56.629219680283299, -29.698800978743197 ], [ -56.632852170177898, -29.696087031745908 ], [ -56.635990987663199, -29.693077150128094 ], [ -56.641359092584196, -29.688298847431092 ], [ -56.639146115003598, -29.684491966037204 ], [ -56.638296330577298, -29.681198011916798 ], [ -56.6367222311004, -29.671532040923498 ], [ -56.637021911018103, -29.667456016141209 ], [ -56.6380341832634, -29.664198947963104 ], [ -56.641855375174501, -29.654370612557003 ], [ -56.644473373619199, -29.645091834749596 ], [ -56.645902416821002, -29.641394519136806 ], [ -56.646696755085699, -29.638038052242994 ], [ -56.6480474947451, -29.637076994688304 ], [ -56.650453943484699, -29.636591656084192 ], [ -56.653101600917402, -29.635379230180501 ], [ -56.657189225880792, -29.63149790062349 ], [ -56.658457092778001, -29.6190540768918 ], [ -56.659083077539293, -29.615009355831894 ], [ -56.659996624133498, -29.611377238284501 ], [ -56.660711979066797, -29.6076715447068 ], [ -56.663138595336896, -29.604250728188404 ], [ -56.668728644163501, -29.598312056345794 ], [ -56.671007660182497, -29.594949980860793 ], [ -56.6740283585535, -29.591958849419896 ], [ -56.676954194673897, -29.589838755655087 ], [ -56.679772184147005, -29.588369061517593 ], [ -56.684386546010806, -29.587523031024695 ], [ -56.697316341233602, -29.584318196780899 ], [ -56.700074627140999, -29.5840728270671 ], [ -56.702557959262897, -29.585674139146892 ], [ -56.705036615852606, -29.587600085694696 ], [ -56.707385068919592, -29.588204131660493 ], [ -56.706793215550597, -29.587305538762692 ], [ -56.705405353269299, -29.583582996962303 ], [ -56.703561378306198, -29.5805991411717 ], [ -56.702831497722599, -29.578431122331494 ], [ -56.702000799321198, -29.577282196808095 ], [ -56.7011500792551, -29.575652196440803 ], [ -56.700501033000698, -29.572872106241093 ], [ -56.700898396930896, -29.572559276633498 ], [ -56.701983494347601, -29.5720999241192 ], [ -56.704405603385894, -29.570215822071102 ], [ -56.707693065542003, -29.568501593433197 ], [ -56.7096379906612, -29.567154581732794 ], [ -56.7170651362011, -29.563266585122687 ], [ -56.722401598855697, -29.560686921785198 ], [ -56.723906714530003, -29.558656267281492 ], [ -56.728353569322699, -29.554405850248003 ], [ -56.73066375564111, -29.551616561458893 ], [ -56.734058783914001, -29.548032237790192 ], [ -56.740740122734195, -29.542863605936994 ], [ -56.744642139640497, -29.540076445302009 ], [ -56.745161739766395, -29.540095474433592 ], [ -56.750545034201792, -29.543694427984402 ], [ -56.751222122386096, -29.543697552270899 ], [ -56.752386881289397, -29.542350767858899 ], [ -56.753500267087198, -29.539871697614494 ], [ -56.754606662832494, -29.539076996429003 ], [ -56.756636409910101, -29.535878360042492 ], [ -56.760297366532797, -29.528574132245993 ], [ -56.761763877431697, -29.525887516429599 ], [ -56.762113810918201, -29.525589027458203 ], [ -56.750903722348696, -29.522112021640297 ], [ -56.746267907463199, -29.520357656414689 ], [ -56.730197253106297, -29.515299344271899 ], [ -56.725133862376509, -29.513579131996899 ], [ -56.722534332176295, -29.512783904117292 ], [ -56.720136016012198, -29.511872707269493 ], [ -56.718106318743295, -29.510855657415799 ], [ -56.710595536934598, -29.50829491770801 ], [ -56.702947560416, -29.505409225787702 ], [ -56.700569598250397, -29.504007652328593 ], [ -56.699696618250499, -29.502754941729396 ], [ -56.699001699194298, -29.501058609026899 ], [ -56.698128611006894, -29.499955561707505 ], [ -56.6963322643401, -29.497021930151096 ], [ -56.694761034395597, -29.495144954849195 ], [ -56.692093999586298, -29.490484182208299 ], [ -56.686565219929491, -29.482430486940004 ], [ -56.685185568121199, -29.4789634992045 ], [ -56.684609954854594, -29.475069743644291 ], [ -56.683767491992093, -29.475053065779392 ], [ -56.683772032535003, -29.474566795232814 ], [ -56.6836597433077, -29.474563445497701 ], [ -56.679795859909298, -29.475377067961691 ], [ -56.679673269055691, -29.475010205399389 ], [ -56.679391372193201, -29.474225536713597 ] ] ] } },
{ "type": "Feature", "properties": { "cd_setor": "432240025000001", "situacao": "Urbana", "populacao_total": 415.0, "domicilios_total": 140.0, "area_km2": 0.87722463102144332, "densidade_demografica_hab_km2": 473.08293146850264, "sem_dado": false }, "geometry": { "type": "Polygon", "coordinates": [ [ [ -56.516169226701699, -29.763915151490995 ], [ -56.516270754283696, -29.765932263361087 ], [ -56.516268299451298, -29.765992497686096 ], [ -56.516267308300598, -29.766084133944492 ], [ -56.516278739175903, -29.766355697354598 ], [ -56.516282569710299, -29.766452373958995 ], [ -56.5163312907031, -29.767682014446397 ], [ -56.516346165297598, -29.768057425588108 ], [ -56.516354426893102, -29.768399026278498 ], [ -56.516392051215398, -29.7685710231803 ], [ -56.5165371736013, -29.768780644404387 ], [ -56.516698420696798, -29.768915016984007 ], [ -56.516913416823996, -29.769022515047606 ], [ -56.517104225886996, -29.769060139369898 ], [ -56.517295034950003, -29.769097763692194 ], [ -56.517732956070795, -29.769117140732899 ], [ -56.518374608422192, -29.769145532429899 ], [ -56.520237103545796, -29.769227943718487 ], [ -56.520331855247896, -29.7692321362717 ], [ -56.520412478795606, -29.769240198626488 ], [ -56.520493102343394, -29.769248260981296 ], [ -56.520568350987894, -29.7692912602067 ], [ -56.520611350213393, -29.769366508851288 ], [ -56.520600600407008, -29.769468632011705 ], [ -56.520529730779195, -29.769602456892695 ], [ -56.520574606039396, -29.769628530162404 ], [ -56.520619481299597, -29.769654603432194 ], [ -56.521266229461695, -29.770030374831503 ], [ -56.525547303033001, -29.769182237614601 ], [ -56.531258488426595, -29.767025261724605 ], [ -56.531180270271904, -29.764769971597794 ], [ -56.531179100362394, -29.764736239206997 ], [ -56.531169765347201, -29.764467079601005 ], [ -56.5311684828945, -29.764430102216505 ], [ -56.5311165492908, -29.762932683307795 ], [ -56.516797294412093, -29.763873869412699 ], [ -56.516256515915401, -29.763909414083894 ], [ -56.516218650322493, -29.763911902940301 ], [ -56.516169226701699, -29.763915151490995 ] ] ] } },
{ "type": "Feature", "properties": { "cd_setor": "432240025000002", "situacao": "Rural", "populacao_total": 265.0, "domicilios_total": 94.0, "area_km2": 350.12374974598379, "densidade_demografica_hab_km2": 0.75687524822940055, "sem_dado": false }, "geometry": { "type": "Polygon", "coordinates": [ [ [ -56.475076100333595, -29.468628131447286 ], [ -56.472707081503103, -29.470185252260897 ], [ -56.472289194012099, -29.47280894526979 ], [ -56.469985707236091, -29.470142877611995 ], [ -56.468549931294696, -29.475447364388494 ], [ -56.4710646817582, -29.478740745605904 ], [ -56.471475932943299, -29.481917137250797 ], [ -56.474056308506299, -29.4847592660199 ], [ -56.470127537523005, -29.485384083275193 ], [ -56.469535736513897, -29.482969396088198 ], [ -56.466132272790297, -29.483819701601494 ], [ -56.463020061753298, -29.482898932553486 ], [ -56.462290150802595, -29.486108191760696 ], [ -56.463180431844798, -29.488631012340804 ], [ -56.460081733758692, -29.488018324203701 ], [ -56.460576328275799, -29.490302301194102 ], [ -56.458468971565594, -29.490423297881492 ], [ -56.458354035087901, -29.491258626622784 ], [ -56.459291071730107, -29.492943797757391 ], [ -56.462261042828295, -29.494198210664109 ], [ -56.461809412112792, -29.496293182761594 ], [ -56.460183521435702, -29.497433284714013 ], [ -56.461790743032999, -29.498803961409582 ], [ -56.459697756230298, -29.500720977807596 ], [ -56.460199629960499, -29.501938062152302 ], [ -56.461677090468392, -29.503527552054898 ], [ -56.464884391906395, -29.503067812516502 ], [ -56.468249228970905, -29.504637581549492 ], [ -56.467511791145895, -29.507236526849997 ], [ -56.465486134555, -29.507465242648891 ], [ -56.464149298896302, -29.508576595541005 ], [ -56.468521385111899, -29.513851845784604 ], [ -56.467897384457402, -29.518107874247796 ], [ -56.464914883654004, -29.519432808946892 ], [ -56.467145604968294, -29.522584488624702 ], [ -56.466602216097002, -29.523958885685708 ], [ -56.465408196617894, -29.522161326522497 ], [ -56.463982948609598, -29.522399641485293 ], [ -56.463476460453599, -29.524276510696389 ], [ -56.467380688559501, -29.526700137908197 ], [ -56.465408295979898, -29.528289493823689 ], [ -56.467929088815197, -29.529780194312092 ], [ -56.467130453908098, -29.531777014981291 ], [ -56.464555865309094, -29.533727403094492 ], [ -56.460384547892197, -29.532256365591305 ], [ -56.460141665408898, -29.530279751426306 ], [ -56.461008071832005, -29.528519770920195 ], [ -56.459326886234798, -29.528760070016293 ], [ -56.457029339714701, -29.530905377805006 ], [ -56.451916829035, -29.530443359071199 ], [ -56.452461791180497, -29.532843650384901 ], [ -56.448354143963094, -29.538115141614391 ], [ -56.447051291075297, -29.538861414439591 ], [ -56.446427718259599, -29.536963911045305 ], [ -56.440367635919394, -29.539806628476196 ], [ -56.437747299646098, -29.538031374691105 ], [ -56.435766204814406, -29.541307631506697 ], [ -56.433828813672896, -29.542752528798193 ], [ -56.432633940497894, -29.540905085349603 ], [ -56.430703711929596, -29.540753724171399 ], [ -56.430205291423704, -29.539244300385999 ], [ -56.426905581546798, -29.5399060281987 ], [ -56.424254325593701, -29.539116670665702 ], [ -56.422317726738299, -29.539821058236797 ], [ -56.423026208943, -29.543089598861396 ], [ -56.421792641188695, -29.545409718955604 ], [ -56.418386865156599, -29.548690944347097 ], [ -56.413573316047007, -29.554582062376799 ], [ -56.412739060302293, -29.559082494408894 ], [ -56.410458525257198, -29.559143710380603 ], [ -56.408170429226296, -29.561017537212894 ], [ -56.408126355320299, -29.5626396778245 ], [ -56.410833525079795, -29.562677166710095 ], [ -56.410002939974497, -29.563862697667904 ], [ -56.406912962912301, -29.564614843382 ], [ -56.409457084941394, -29.568215406488395 ], [ -56.409385083814499, -29.569486370736289 ], [ -56.407758196185597, -29.571481665763503 ], [ -56.404418369972099, -29.573417775138999 ], [ -56.403831393365898, -29.576699935274299 ], [ -56.402610319374595, -29.576966395007595 ], [ -56.400309792709798, -29.575720278472591 ], [ -56.396919719842494, -29.578118812679016 ], [ -56.395575623871402, -29.580214373601603 ], [ -56.393974222188604, -29.580552539613791 ], [ -56.392175940645792, -29.579284606502195 ], [ -56.391296744432495, -29.585470213839397 ], [ -56.389309279698296, -29.587347351357806 ], [ -56.386483242584404, -29.585620799339591 ], [ -56.384372160574699, -29.585845370866497 ], [ -56.382776089755602, -29.588128392656703 ], [ -56.3840938830933, -29.593063484394005 ], [ -56.382650250231904, -29.593710696937592 ], [ -56.381130152870696, -29.590664782252503 ], [ -56.378272722107795, -29.589226276990104 ], [ -56.376067216379703, -29.592957532653408 ], [ -56.371867693861198, -29.595580054123499 ], [ -56.371902319698897, -29.597632733915489 ], [ -56.3743167927149, -29.598843931266803 ], [ -56.374547497516602, -29.597365437294691 ], [ -56.376251858508795, -29.595724419800501 ], [ -56.378777379846198, -29.598498993169013 ], [ -56.383321192435595, -29.608363844592308 ], [ -56.383921095168901, -29.614064760996794 ], [ -56.384008767663495, -29.614893698268599 ], [ -56.381307287604606, -29.616122573392495 ], [ -56.378140176384292, -29.615952103810393 ], [ -56.377467089410793, -29.616929033818497 ], [ -56.378534920701291, -29.621325781280795 ], [ -56.3829125580314, -29.625794789959293 ], [ -56.381520335112498, -29.628295078878502 ], [ -56.374986062543698, -29.629671912185898 ], [ -56.367551976640797, -29.637226164437106 ], [ -56.366850606323396, -29.640668042080591 ], [ -56.370378147663097, -29.651512650339701 ], [ -56.370242641277905, -29.655338491666388 ], [ -56.365117127476104, -29.661811671297805 ], [ -56.361702778644009, -29.670130753141002 ], [ -56.363897984729093, -29.671349580634701 ], [ -56.368026911780902, -29.670427365887495 ], [ -56.368754778275097, -29.675514654593002 ], [ -56.370565249801601, -29.677502212580801 ], [ -56.376455375011602, -29.678874731884299 ], [ -56.381330631047895, -29.683258100955602 ], [ -56.388214579721499, -29.685252458902994 ], [ -56.391002075172601, -29.687365485633805 ], [ -56.390304835284006, -29.690346585557005 ], [ -56.392086445492396, -29.691740094965091 ], [ -56.394679198290397, -29.690207215759397 ], [ -56.397972827525194, -29.691079167489292 ], [ -56.400288988846597, -29.693434059402215 ], [ -56.400445925902297, -29.696425879921701 ], [ -56.398713991531302, -29.6996962699323 ], [ -56.400608339901197, -29.70121114957329 ], [ -56.401472802288907, -29.705049498403383 ], [ -56.400669159020502, -29.709587156204297 ], [ -56.39716086408, -29.718410118458902 ], [ -56.394820301809794, -29.722362369322394 ], [ -56.384201970568895, -29.728855248321185 ], [ -56.382961396157498, -29.734190608103791 ], [ -56.382670460366896, -29.735441141095691 ], [ -56.380233998774301, -29.737210880219394 ], [ -56.378477136239695, -29.736719438563892 ], [ -56.376224590540097, -29.739014222757998 ], [ -56.375418094240693, -29.741118020577993 ], [ -56.372716847522099, -29.742455938226406 ], [ -56.371308486174499, -29.744384739633595 ], [ -56.373421510008903, -29.756166861958796 ], [ -56.3710135651773, -29.766022722151703 ], [ -56.368799617703594, -29.769462819074693 ], [ -56.370519850782095, -29.771405918079196 ], [ -56.368954272817795, -29.77317610941591 ], [ -56.369808078705297, -29.778466638307393 ], [ -56.366900849006591, -29.781732466390384 ], [ -56.366264229952193, -29.783822356959202 ], [ -56.366993159649503, -29.785346777875205 ], [ -56.367576970139901, -29.785275914872297 ], [ -56.3696844914056, -29.785776517546296 ], [ -56.371512930833894, -29.785978204466694 ], [ -56.375761279893197, -29.786108476806298 ], [ -56.385755969294699, -29.786765417996108 ], [ -56.390842549436798, -29.7881253712183 ], [ -56.393721883454397, -29.788057972700997 ], [ -56.401835977898202, -29.787143535603192 ], [ -56.405088039690909, -29.786485708502994 ], [ -56.413072398524399, -29.785777639856605 ], [ -56.417940021988592, -29.783739248742382 ], [ -56.418885158100906, -29.782436120822599 ], [ -56.4202462709247, -29.781871099762899 ], [ -56.421018840139801, -29.780405198365798 ], [ -56.422226668765298, -29.779318162883108 ], [ -56.425350821162596, -29.775086883123794 ], [ -56.425950922093698, -29.773336469424596 ], [ -56.425812482524599, -29.7727853525478 ], [ -56.426292147018394, -29.772217493862598 ], [ -56.426599855350894, -29.771210043420602 ], [ -56.426037832804603, -29.770378143179901 ], [ -56.428051930210593, -29.770479168190406 ], [ -56.430118417209698, -29.77026540298889 ], [ -56.434318805933501, -29.771300020524997 ], [ -56.4361977450476, -29.771498988435894 ], [ -56.439319486109, -29.770272862537297 ], [ -56.447221843590398, -29.767699563131298 ], [ -56.453043460346599, -29.767056173202494 ], [ -56.4614964217064, -29.766679215282398 ], [ -56.469532727714501, -29.766900110740806 ], [ -56.476034153669197, -29.765813820963594 ], [ -56.478209481659299, -29.766331260543197 ], [ -56.481206858834902, -29.767805286974202 ], [ -56.482670744704102, -29.767905876018013 ], [ -56.485000015695299, -29.767533943781203 ], [ -56.490124220331296, -29.764628848483689 ], [ -56.493097115625702, -29.763272639429793 ], [ -56.494975386184898, -29.763028054835697 ], [ -56.502432372839401, -29.7660774720384 ], [ -56.508332656382294, -29.767153310073201 ], [ -56.516282569710299, -29.766452373958995 ], [ -56.516278739175903, -29.766355697354598 ], [ -56.516267308300598, -29.766084133944492 ], [ -56.516268299451298, -29.765992497686096 ], [ -56.516270754283696, -29.765932263361087 ], [ -56.516169226701699, -29.763915151490995 ], [ -56.516218650322493, -29.763911902940301 ], [ -56.516256515915401, -29.763909414083894 ], [ -56.516797294412093, -29.763873869412699 ], [ -56.517324059608093, -29.757089287565396 ], [ -56.519827848036201, -29.748540542794597 ], [ -56.523590474324799, -29.739200439395404 ], [ -56.524973254648899, -29.734594411419891 ], [ -56.525055196334101, -29.728168322364297 ], [ -56.524674178482499, -29.720097354186397 ], [ -56.525263523944496, -29.717129482570492 ], [ -56.524750130113794, -29.714997753731904 ], [ -56.523718810111696, -29.700676005990307 ], [ -56.522735220188601, -29.698500012865598 ], [ -56.52148463898871, -29.69734259253951 ], [ -56.513713229452605, -29.691773454848196 ], [ -56.502763391435494, -29.683307188305296 ], [ -56.498132559042496, -29.678370236073196 ], [ -56.497829582454699, -29.676063976024597 ], [ -56.498023892381596, -29.668127123210603 ], [ -56.499730736162597, -29.662194210044198 ], [ -56.502110072372496, -29.657016847824796 ], [ -56.503926486963898, -29.64930817042239 ], [ -56.505189299426505, -29.647449363547306 ], [ -56.507449799217191, -29.645376025867005 ], [ -56.514639983636009, -29.636337451912993 ], [ -56.516458731750006, -29.634128072706197 ], [ -56.516760219416696, -29.631424464076002 ], [ -56.516284886190796, -29.627760843317393 ], [ -56.515317744123095, -29.624710679076387 ], [ -56.515125255090197, -29.621702637050696 ], [ -56.515821564530093, -29.606043071717593 ], [ -56.516264786019008, -29.599484687036302 ], [ -56.516285624001895, -29.595293163545499 ], [ -56.515500048241599, -29.592221502391805 ], [ -56.514067670932299, -29.58921076846001 ], [ -56.513926054812295, -29.586331590675595 ], [ -56.514281029099898, -29.582037251341799 ], [ -56.515189163197597, -29.576113873371803 ], [ -56.515809640310202, -29.570040841260699 ], [ -56.516219555933702, -29.560348721583988 ], [ -56.516059362567809, -29.556052399731691 ], [ -56.516850667147501, -29.5527101086806 ], [ -56.518879250098898, -29.548907048285603 ], [ -56.520315120682007, -29.545843779398393 ], [ -56.519806602349092, -29.544190663847704 ], [ -56.518719181307397, -29.543078718382088 ], [ -56.519403210491703, -29.540784431081509 ], [ -56.520683103167499, -29.539008151537296 ], [ -56.516831873729004, -29.536714103918701 ], [ -56.514840684122902, -29.535770710080591 ], [ -56.507731565710003, -29.535335072912503 ], [ -56.505775537197799, -29.535017568641397 ], [ -56.504941104983097, -29.534237072563904 ], [ -56.504609981231496, -29.5332369928825 ], [ -56.503066906096002, -29.5255545516914 ], [ -56.502035444811199, -29.523975210179096 ], [ -56.500842451457601, -29.522706382362589 ], [ -56.499748616366396, -29.52211196918589 ], [ -56.498685497524193, -29.521087750564583 ], [ -56.498178028087892, -29.5198763517175 ], [ -56.498751608738502, -29.517145989395303 ], [ -56.499315329873397, -29.515484349450389 ], [ -56.499395704537697, -29.512878669290899 ], [ -56.499296653845292, -29.509604576303502 ], [ -56.498739800400102, -29.506800760779885 ], [ -56.498526857899499, -29.506489156537004 ], [ -56.498352294353097, -29.505136243793295 ], [ -56.497545162895499, -29.503732083371698 ], [ -56.4907048652667, -29.489279376990901 ], [ -56.489684674820104, -29.487587885242696 ], [ -56.4884487226537, -29.4860131333247 ], [ -56.4851277182891, -29.482635073433407 ], [ -56.478061127021896, -29.473235482290697 ], [ -56.475076100333595, -29.468628131447286 ] ] ] } },
{ "type": "Feature", "properties": { "cd_setor": "432240025000003", "situacao": "Rural", "populacao_total": 135.0, "domicilios_total": 52.0, "area_km2": 321.86179033976163, "densidade_demografica_hab_km2": 0.41943468921083238, "sem_dado": false }, "geometry": { "type": "Polygon", "coordinates": [ [ [ -56.516282569710299, -29.766452373958995 ], [ -56.508332656382294, -29.767153310073201 ], [ -56.502432372839401, -29.7660774720384 ], [ -56.494975386184898, -29.763028054835697 ], [ -56.493097115625702, -29.763272639429793 ], [ -56.490124220331296, -29.764628848483689 ], [ -56.485000015695299, -29.767533943781203 ], [ -56.482670744704102, -29.767905876018013 ], [ -56.481206858834902, -29.767805286974202 ], [ -56.478209481659299, -29.766331260543197 ], [ -56.476034153669197, -29.765813820963594 ], [ -56.469532727714501, -29.766900110740806 ], [ -56.4614964217064, -29.766679215282398 ], [ -56.453043460346599, -29.767056173202494 ], [ -56.447221843590398, -29.767699563131298 ], [ -56.439319486109, -29.770272862537297 ], [ -56.4361977450476, -29.771498988435894 ], [ -56.434318805933501, -29.771300020524997 ], [ -56.430118417209698, -29.77026540298889 ], [ -56.428051930210593, -29.770479168190406 ], [ -56.426037832804603, -29.770378143179901 ], [ -56.426599855350894, -29.771210043420602 ], [ -56.426292147018394, -29.772217493862598 ], [ -56.425812482524599, -29.7727853525478 ], [ -56.425950922093698, -29.773336469424596 ], [ -56.425350821162596, -29.775086883123794 ], [ -56.422226668765298, -29.779318162883108 ], [ -56.421018840139801, -29.780405198365798 ], [ -56.4202462709247, -29.781871099762899 ], [ -56.418885158100906, -29.782436120822599 ], [ -56.417940021988592, -29.783739248742382 ], [ -56.413072398524399, -29.785777639856605 ], [ -56.405088039690909, -29.786485708502994 ], [ -56.401835977898202, -29.787143535603192 ], [ -56.393721883454397, -29.788057972700997 ], [ -56.390842549436798, -29.7881253712183 ], [ -56.385755969294699, -29.786765417996108 ], [ -56.375761279893197, -29.786108476806298 ], [ -56.371512930833894, -29.785978204466694 ], [ -56.3696844914056, -29.785776517546296 ], [ -56.367576970139901, -29.785275914872297 ], [ -56.366993159649503, -29.785346777875205 ], [ -56.369914668714699, -29.79146053776909 ], [ -56.369815274113598, -29.797556238301212 ], [ -56.372166879152601, -29.809830845203194 ], [ -56.3717025641741, -29.812952853574597 ], [ -56.368052246161795, -29.820461178836585 ], [ -56.364356104128511, -29.825122565155116 ], [ -56.3655610058265, -29.830276047502092 ], [ -56.363663077645697, -29.834232535828296 ], [ -56.3578174359168, -29.841878147825888 ], [ -56.351014225730701, -29.848627112549394 ], [ -56.339450803317497, -29.851391499547599 ], [ -56.328415460893503, -29.856997796661101 ], [ -56.316194263371095, -29.859450774970508 ], [ -56.310580074434505, -29.86284407828569 ], [ -56.305691326296099, -29.867367006042297 ], [ -56.305019641545393, -29.870211117600093 ], [ -56.307542266633497, -29.877568591004305 ], [ -56.306784985410097, -29.88123659571669 ], [ -56.304526127732295, -29.8841778581785 ], [ -56.301718342342191, -29.885812108213095 ], [ -56.299331061614893, -29.888582392804192 ], [ -56.297542160666204, -29.89234496690079 ], [ -56.292694928343899, -29.897905559296003 ], [ -56.291524279084094, -29.900916084137293 ], [ -56.291274568013897, -29.906835881590098 ], [ -56.285657320383201, -29.911240043979184 ], [ -56.2842615967051, -29.915067787932884 ], [ -56.283236331697296, -29.922831549978007 ], [ -56.283753859549797, -29.92413012556009 ], [ -56.284616156501698, -29.924967345656906 ], [ -56.285825119472193, -29.925562295304399 ], [ -56.287460349629008, -29.926134512562793 ], [ -56.288475365824802, -29.926219706588892 ], [ -56.290215079248398, -29.925880215342307 ], [ -56.293506748921502, -29.926274799912196 ], [ -56.298905727389801, -29.927855355356098 ], [ -56.299787291906007, -29.928397264942895 ], [ -56.302127514492298, -29.928944377919404 ], [ -56.303237394532196, -29.929593192523399 ], [ -56.305821301317494, -29.930463314363394 ], [ -56.307965584721096, -29.931359111856299 ], [ -56.308257708470897, -29.931628128556195 ], [ -56.310608142739191, -29.932790794739997 ], [ -56.3127286059417, -29.934622931465196 ], [ -56.316169344089595, -29.937052245192199 ], [ -56.316825203621192, -29.9370560548724 ], [ -56.317416395302295, -29.937219702984795 ], [ -56.318134633690498, -29.937679589555799 ], [ -56.318325253561092, -29.938215476218897 ], [ -56.318257716312196, -29.938698189723496 ], [ -56.317726352730503, -29.939417194417 ], [ -56.317035086078199, -29.940031700263496 ], [ -56.316834220620201, -29.940617749976592 ], [ -56.316845619725903, -29.941154081935004 ], [ -56.322077144842098, -29.94737960772629 ], [ -56.323761979997897, -29.947743081443296 ], [ -56.3247525202489, -29.9477003726665 ], [ -56.3260852831866, -29.948739107419897 ], [ -56.330701769854095, -29.950855100561899 ], [ -56.3396073885094, -29.951835354461387 ], [ -56.3421363142064, -29.952707509629391 ], [ -56.344579752332599, -29.9531140416182 ], [ -56.346503634642495, -29.952927423985702 ], [ -56.347438417632297, -29.952538372084096 ], [ -56.351269002157302, -29.950072435183795 ], [ -56.351968998772698, -29.949878704408992 ], [ -56.358666907947011, -29.945554336203909 ], [ -56.361410114089502, -29.944533186066799 ], [ -56.372480667450496, -29.939394874110995 ], [ -56.377609830321099, -29.938780410993299 ], [ -56.3811324525171, -29.938919743860403 ], [ -56.403880805619202, -29.9382618059248 ], [ -56.414165054212098, -29.937397679293596 ], [ -56.423404718376595, -29.935886499924997 ], [ -56.426784556590299, -29.93560704670189 ], [ -56.430453674145298, -29.935721629566491 ], [ -56.433593813938003, -29.936916185427986 ], [ -56.437464583515698, -29.937055704522109 ], [ -56.443231572101205, -29.936784892320706 ], [ -56.445504245995799, -29.936942047175592 ], [ -56.447424679939395, -29.936802730756398 ], [ -56.448154740774697, -29.936240051312797 ], [ -56.449612692869096, -29.935999280782593 ], [ -56.452299981267295, -29.934434503954495 ], [ -56.455657265795693, -29.932946470963106 ], [ -56.457240022896102, -29.931084762658198 ], [ -56.461707096740398, -29.923769031486003 ], [ -56.462958411602102, -29.923600505053301 ], [ -56.466040875838011, -29.924303947396098 ], [ -56.4712739939568, -29.925850698538301 ], [ -56.474183471407194, -29.926256023511787 ], [ -56.477246356929903, -29.925702618694007 ], [ -56.481392716846301, -29.923061212888996 ], [ -56.485011853160799, -29.921304245947084 ], [ -56.487607453202394, -29.92050423320449 ], [ -56.495060890690198, -29.920528501591097 ], [ -56.497831183709195, -29.919925160150502 ], [ -56.509745170876194, -29.918516080777902 ], [ -56.533922852712003, -29.916045979449589 ], [ -56.534886618234204, -29.915778609343597 ], [ -56.5378310241151, -29.908701661291204 ], [ -56.537588762819198, -29.904050125383502 ], [ -56.534339772317999, -29.899233138687094 ], [ -56.532962812002197, -29.897191643176402 ], [ -56.530037524863303, -29.89400714749009 ], [ -56.526101048017196, -29.889317206398591 ], [ -56.522627160025003, -29.885711120036092 ], [ -56.5197567672856, -29.883116815021996 ], [ -56.516630264176797, -29.879512938448094 ], [ -56.515134225798498, -29.876013186073102 ], [ -56.514190815012007, -29.872292801433794 ], [ -56.514462880580794, -29.864320407352597 ], [ -56.514143592637794, -29.852580328032804 ], [ -56.513573449783301, -29.849822120353007 ], [ -56.511930633324006, -29.846305252533291 ], [ -56.507764090227596, -29.833163928699395 ], [ -56.507078574319699, -29.830331221024689 ], [ -56.507378409770205, -29.82853839726069 ], [ -56.508337083360097, -29.825944100049696 ], [ -56.511642465223396, -29.819079046166603 ], [ -56.513811421845197, -29.815484294053594 ], [ -56.514697828976097, -29.81253516712539 ], [ -56.517527240609191, -29.796368260530393 ], [ -56.518273235134799, -29.793026848423004 ], [ -56.518785341869901, -29.789435611193795 ], [ -56.5193211259161, -29.787492199176999 ], [ -56.519761587318193, -29.783850926532491 ], [ -56.518928658114795, -29.773310761127398 ], [ -56.5204196511934, -29.770690027976297 ], [ -56.520529730779195, -29.769602456892695 ], [ -56.520600600407008, -29.769468632011705 ], [ -56.520611350213393, -29.769366508851288 ], [ -56.520568350987894, -29.7692912602067 ], [ -56.520493102343394, -29.769248260981296 ], [ -56.520412478795606, -29.769240198626488 ], [ -56.520331855247896, -29.7692321362717 ], [ -56.520237103545796, -29.769227943718487 ], [ -56.518374608422192, -29.769145532429899 ], [ -56.517732956070795, -29.769117140732899 ], [ -56.517295034950003, -29.769097763692194 ], [ -56.517104225886996, -29.769060139369898 ], [ -56.516913416823996, -29.769022515047606 ], [ -56.516698420696798, -29.768915016984007 ], [ -56.5165371736013, -29.768780644404387 ], [ -56.516392051215398, -29.7685710231803 ], [ -56.516354426893102, -29.768399026278498 ], [ -56.516346165297598, -29.768057425588108 ], [ -56.5163312907031, -29.767682014446397 ], [ -56.516282569710299, -29.766452373958995 ] ] ] } },
{ "type": "Feature", "properties": { "cd_setor": "432240025000004", "situacao": "Rural", "populacao_total": 218.0, "domicilios_total": 74.0, "area_km2": 244.94801001516907, "densidade_demografica_hab_km2": 0.88998477671445364, "sem_dado": false }, "geometry": { "type": "Polygon", "coordinates": [ [ [ -56.5193211259161, -29.787492199176999 ], [ -56.518785341869901, -29.789435611193795 ], [ -56.518273235134799, -29.793026848423004 ], [ -56.517527240609191, -29.796368260530393 ], [ -56.514697828976097, -29.81253516712539 ], [ -56.513811421845197, -29.815484294053594 ], [ -56.511642465223396, -29.819079046166603 ], [ -56.508337083360097, -29.825944100049696 ], [ -56.507378409770205, -29.82853839726069 ], [ -56.507078574319699, -29.830331221024689 ], [ -56.507764090227596, -29.833163928699395 ], [ -56.511930633324006, -29.846305252533291 ], [ -56.513573449783301, -29.849822120353007 ], [ -56.514143592637794, -29.852580328032804 ], [ -56.514462880580794, -29.864320407352597 ], [ -56.514190815012007, -29.872292801433794 ], [ -56.515134225798498, -29.876013186073102 ], [ -56.516630264176797, -29.879512938448094 ], [ -56.5197567672856, -29.883116815021996 ], [ -56.522627160025003, -29.885711120036092 ], [ -56.526101048017196, -29.889317206398591 ], [ -56.530037524863303, -29.89400714749009 ], [ -56.532962812002197, -29.897191643176402 ], [ -56.534339772317892, -29.899233138687094 ], [ -56.5467398226303, -29.895161384407402 ], [ -56.565432369565897, -29.885399721007797 ], [ -56.566720078354798, -29.885815110939703 ], [ -56.572577076394595, -29.891796725958994 ], [ -56.573615551224307, -29.892336732870501 ], [ -56.574861721020007, -29.892669044816007 ], [ -56.579971017182402, -29.892336732870493 ], [ -56.583875682542299, -29.891796725958994 ], [ -56.5905634604459, -29.892461349850095 ], [ -56.611623729993298, -29.894621377495998 ], [ -56.636339430941497, -29.897238334066895 ], [ -56.635840963023199, -29.899481439699191 ], [ -56.636713281880205, -29.906999997466592 ], [ -56.636879437852897, -29.911070818799303 ], [ -56.635840963023199, -29.921621723069599 ], [ -56.634190579902295, -29.931038518484097 ], [ -56.637571386871791, -29.928511343951907 ], [ -56.640563047560399, -29.926387679372297 ], [ -56.645432120877302, -29.922637661232702 ], [ -56.649667704595103, -29.920716066385012 ], [ -56.660346019725694, -29.916960547090198 ], [ -56.665454283325495, -29.914727844587397 ], [ -56.667318388830196, -29.914170848943595 ], [ -56.672667424530296, -29.91262545242159 ], [ -56.693481246432398, -29.904531421176099 ], [ -56.717595680119594, -29.896443876094789 ], [ -56.7340664071451, -29.8915913237099 ], [ -56.7414743964477, -29.889187342798099 ], [ -56.747172399511001, -29.887614651012594 ], [ -56.749398353932499, -29.885711950321092 ], [ -56.753729154021599, -29.884138596600707 ], [ -56.759940052551308, -29.882707045150998 ], [ -56.770137260461297, -29.879885260795398 ], [ -56.779766447319297, -29.878180905277798 ], [ -56.791153846910696, -29.877269066199194 ], [ -56.797305658024094, -29.876534862648491 ], [ -56.794462494153194, -29.874387999921392 ], [ -56.7930420156924, -29.872758249495909 ], [ -56.788673076380299, -29.865632550394796 ], [ -56.786513766377197, -29.864045359832293 ], [ -56.781395661760598, -29.860966134054003 ], [ -56.776448347823298, -29.858771163895796 ], [ -56.768369152816199, -29.857081628768007 ], [ -56.761535194098592, -29.859209934784705 ], [ -56.759368246751592, -29.859392251218988 ], [ -56.758746650130796, -29.858134894742708 ], [ -56.756891391253504, -29.848418425193291 ], [ -56.752241418565895, -29.841247619653203 ], [ -56.750658535089393, -29.837161193346894 ], [ -56.748729484071603, -29.834109756807493 ], [ -56.747755106757005, -29.831901272357602 ], [ -56.746885553972298, -29.828756547303197 ], [ -56.745542804520397, -29.826243742095205 ], [ -56.744398774951698, -29.824864610349003 ], [ -56.743572607618809, -29.825042241378405 ], [ -56.733238556635598, -29.831556672099502 ], [ -56.731586113734402, -29.831305020424704 ], [ -56.730493575514792, -29.829607335689889 ], [ -56.729733211432197, -29.8182024377471 ], [ -56.729776562982799, -29.814620373969998 ], [ -56.729301131507398, -29.809615465599684 ], [ -56.729347249527294, -29.805257960702498 ], [ -56.728143388670397, -29.801505071020102 ], [ -56.726718393577599, -29.798292277550505 ], [ -56.726556805834498, -29.796111916851192 ], [ -56.727710418213292, -29.793521261255794 ], [ -56.727646561205198, -29.792006976938296 ], [ -56.7258983909229, -29.79037503394709 ], [ -56.725784237430908, -29.789522661702403 ], [ -56.719621595307395, -29.789791936861999 ], [ -56.713437400067399, -29.790528403684995 ], [ -56.7046653556379, -29.7929809959621 ], [ -56.6946925317325, -29.797469000991399 ], [ -56.693879728708595, -29.799451986872189 ], [ -56.657367852436202, -29.806098035787603 ], [ -56.655750516421499, -29.807071826483188 ], [ -56.653598239609693, -29.806675932976791 ], [ -56.630319378416502, -29.810807939364391 ], [ -56.629088127524795, -29.811324719841693 ], [ -56.599302625992998, -29.816771644108794 ], [ -56.589285668662299, -29.811825137054903 ], [ -56.581788972372699, -29.811379325606797 ], [ -56.580402240997103, -29.811895092121691 ], [ -56.565290446864594, -29.811749103896894 ], [ -56.563947990419003, -29.810800439736493 ], [ -56.561488906603294, -29.810533414320801 ], [ -56.557806814595601, -29.80843797854839 ], [ -56.556076029935099, -29.808529150144892 ], [ -56.549683687414095, -29.810525320569287 ], [ -56.5428236401874, -29.797160258440496 ], [ -56.541865690329004, -29.796344621394383 ], [ -56.539572975711401, -29.793473541408307 ], [ -56.538728156161696, -29.793079494840192 ], [ -56.528350286597593, -29.792523548999092 ], [ -56.527467617277793, -29.792226631641096 ], [ -56.5199498248504, -29.78855503231059 ], [ -56.5193211259161, -29.787492199176999 ] ] ] } },
{ "type": "Feature", "properties": { "cd_setor": "432240025000005", "situacao": "Rural", "populacao_total": 215.0, "domicilios_total": 78.0, "area_km2": 241.81614897452235, "densidade_demografica_hab_km2": 0.88910521862066505, "sem_dado": false }, "geometry": { "type": "Polygon", "coordinates": [ [ [ -56.514639983636009, -29.636337451912993 ], [ -56.507449799217191, -29.645376025867005 ], [ -56.505189299426505, -29.647449363547306 ], [ -56.503926486963898, -29.64930817042239 ], [ -56.502110072372496, -29.657016847824796 ], [ -56.499730736162597, -29.662194210044198 ], [ -56.498023892381596, -29.668127123210603 ], [ -56.497829582454699, -29.676063976024597 ], [ -56.498132559042496, -29.678370236073196 ], [ -56.502763391435494, -29.683307188305296 ], [ -56.513713229452605, -29.691773454848196 ], [ -56.52148463898871, -29.69734259253951 ], [ -56.522735220188601, -29.698500012865598 ], [ -56.523718810111696, -29.700676005990307 ], [ -56.524750130113794, -29.714997753731904 ], [ -56.525263523944496, -29.717129482570492 ], [ -56.524674178482499, -29.720097354186397 ], [ -56.525055196334101, -29.728168322364297 ], [ -56.524973254648899, -29.734594411419891 ], [ -56.523590474324799, -29.739200439395404 ], [ -56.519827848036201, -29.748540542794597 ], [ -56.517324059608093, -29.757089287565396 ], [ -56.516797294412093, -29.763873869412699 ], [ -56.5311165492908, -29.762932683307795 ], [ -56.5311684828945, -29.764430102216505 ], [ -56.531169765347201, -29.764467079601005 ], [ -56.531179100362394, -29.764736239206997 ], [ -56.531180270271904, -29.764769971597794 ], [ -56.531258488426595, -29.767025261724605 ], [ -56.525547303033001, -29.769182237614601 ], [ -56.521266229461695, -29.770030374831503 ], [ -56.520619481299597, -29.769654603432194 ], [ -56.520574606039396, -29.769628530162404 ], [ -56.520529730779195, -29.769602456892695 ], [ -56.5204196511934, -29.770690027976297 ], [ -56.518928658114795, -29.773310761127398 ], [ -56.519761587318193, -29.783850926532491 ], [ -56.5193211259161, -29.787492199176999 ], [ -56.5199498248504, -29.78855503231059 ], [ -56.527467617277793, -29.792226631641096 ], [ -56.528350286597593, -29.792523548999092 ], [ -56.538728156161696, -29.793079494840192 ], [ -56.539572975711401, -29.793473541408307 ], [ -56.541865690329004, -29.796344621394383 ], [ -56.5428236401874, -29.797160258440496 ], [ -56.549683687414095, -29.810525320569287 ], [ -56.556076029935099, -29.808529150144892 ], [ -56.557806814595601, -29.80843797854839 ], [ -56.561488906603294, -29.810533414320801 ], [ -56.563947990419003, -29.810800439736493 ], [ -56.565290446864594, -29.811749103896894 ], [ -56.580402240997103, -29.811895092121691 ], [ -56.581788972372699, -29.811379325606797 ], [ -56.589285668662299, -29.811825137054903 ], [ -56.599302625992998, -29.816771644108794 ], [ -56.629088127524795, -29.811324719841693 ], [ -56.630319378416502, -29.810807939364391 ], [ -56.653598239609693, -29.806675932976791 ], [ -56.655750516421499, -29.807071826483188 ], [ -56.657367852436202, -29.806098035787603 ], [ -56.693879728708595, -29.799451986872189 ], [ -56.6946925317325, -29.797469000991399 ], [ -56.7046653556379, -29.7929809959621 ], [ -56.713437400067399, -29.790528403684995 ], [ -56.719621595307395, -29.789791936861999 ], [ -56.725784237430908, -29.789522661702403 ], [ -56.724753787386007, -29.7817720211218 ], [ -56.724417103752096, -29.777439507523113 ], [ -56.724106029237596, -29.776227836374286 ], [ -56.720491257311906, -29.774675686560194 ], [ -56.718116766671002, -29.772777894198001 ], [ -56.716094878418296, -29.770412996768702 ], [ -56.712886240757598, -29.767223972764398 ], [ -56.710591708993903, -29.763789840631997 ], [ -56.708307546806004, -29.761119118583593 ], [ -56.706337619814697, -29.759129862679799 ], [ -56.703684744074003, -29.756006760671898 ], [ -56.701153466673595, -29.75359339732471 ], [ -56.699270144386702, -29.752045853452291 ], [ -56.6954516930669, -29.748244858823593 ], [ -56.690187942809793, -29.742082897897802 ], [ -56.687129669045696, -29.737679225599194 ], [ -56.682176838744397, -29.728822825163292 ], [ -56.679356129503297, -29.724458304823791 ], [ -56.677281313892102, -29.720648473878089 ], [ -56.676924512737401, -29.719047168932299 ], [ -56.676305918037599, -29.716579270119301 ], [ -56.674558890276899, -29.713502101567592 ], [ -56.672450187766799, -29.711283343448891 ], [ -56.665307223502097, -29.705533189289806 ], [ -56.662424761681493, -29.703707599725092 ], [ -56.659394008673004, -29.702761314437897 ], [ -56.656598791562004, -29.702514419887091 ], [ -56.653343340809101, -29.701274051611005 ], [ -56.651027761239298, -29.699256520740896 ], [ -56.645316018981497, -29.693810174220097 ], [ -56.644046217341007, -29.691932126933008 ], [ -56.643863202627898, -29.690863716259695 ], [ -56.642653049153097, -29.690392839679198 ], [ -56.641359092584196, -29.688298847431092 ], [ -56.635990987663199, -29.693077150128094 ], [ -56.632852170177898, -29.696087031745908 ], [ -56.629219680283299, -29.698800978743197 ], [ -56.626339992001796, -29.700383669831307 ], [ -56.623165408507404, -29.699810869780897 ], [ -56.619653710852603, -29.698195126363398 ], [ -56.607601173512094, -29.693311345609001 ], [ -56.602469966593496, -29.69183607440619 ], [ -56.592709690289098, -29.690109481316796 ], [ -56.591378411201802, -29.685353059717492 ], [ -56.591511642350596, -29.678787203670005 ], [ -56.590591314100401, -29.673485332018512 ], [ -56.589746883966299, -29.672066364956098 ], [ -56.588007478552498, -29.670317715580008 ], [ -56.587037052004192, -29.669866877960395 ], [ -56.5855502134633, -29.669787672422391 ], [ -56.580779784258603, -29.669996905312889 ], [ -56.576891092537693, -29.670382698055395 ], [ -56.574263030693601, -29.670446360482103 ], [ -56.571901655171494, -29.669296550973705 ], [ -56.570688853042704, -29.668372400808011 ], [ -56.563962243939805, -29.6647435046829 ], [ -56.562305908238393, -29.664862074491989 ], [ -56.557022770775099, -29.664645737912299 ], [ -56.5448780056185, -29.660650399962702 ], [ -56.542276930914795, -29.658327030574501 ], [ -56.539399230857398, -29.656502125379607 ], [ -56.536597674970707, -29.654948910018593 ], [ -56.533385639367296, -29.653419701512099 ], [ -56.532539803717597, -29.652646868973292 ], [ -56.5319212002535, -29.651747965270001 ], [ -56.532233515226004, -29.649533755177703 ], [ -56.533363456961091, -29.648370639511004 ], [ -56.532547343598004, -29.6472978747463 ], [ -56.531580012411098, -29.646621128443893 ], [ -56.528442161882907, -29.645194064713706 ], [ -56.525658247445399, -29.643293107270893 ], [ -56.524662935589298, -29.642443713422509 ], [ -56.5208585299657, -29.640539517827794 ], [ -56.5185284065807, -29.639013902250188 ], [ -56.5175286358281, -29.638686619810006 ], [ -56.515092231432398, -29.636912282894894 ], [ -56.514639983636009, -29.636337451912993 ] ] ] } },
{ "type": "Feature", "properties": { "cd_setor": "432240025000006", "situacao": "Rural", "populacao_total": 204.0, "domicilios_total": 67.0, "area_km2": 229.60942879609735, "densidade_demografica_hab_km2": 0.88846525628161566, "sem_dado": false }, "geometry": { "type": "Polygon", "coordinates": [ [ [ -56.634190579902295, -29.931038518484097 ], [ -56.635840963023199, -29.921621723069599 ], [ -56.636879437852897, -29.911070818799303 ], [ -56.636713281880205, -29.906999997466592 ], [ -56.635840963023199, -29.899481439699191 ], [ -56.636339430941497, -29.897238334066895 ], [ -56.611623729993298, -29.894621377495998 ], [ -56.5905634604459, -29.892461349850095 ], [ -56.583875682542299, -29.891796725958994 ], [ -56.579971017182402, -29.892336732870493 ], [ -56.574861721020007, -29.892669044816007 ], [ -56.573615551224307, -29.892336732870501 ], [ -56.572577076394595, -29.891796725958994 ], [ -56.566720078354798, -29.885815110939703 ], [ -56.565432369565897, -29.885399721007797 ], [ -56.5467398226303, -29.895161384407402 ], [ -56.534339772317892, -29.899233138687094 ], [ -56.537588762819198, -29.904050125383502 ], [ -56.5378310241151, -29.908701661291204 ], [ -56.534886618234204, -29.915778609343597 ], [ -56.533922852712003, -29.916045979449589 ], [ -56.509745170876194, -29.918516080777902 ], [ -56.497831183709195, -29.919925160150502 ], [ -56.495060890690198, -29.920528501591097 ], [ -56.487607453202394, -29.92050423320449 ], [ -56.485011853160799, -29.921304245947084 ], [ -56.481392716846301, -29.923061212888996 ], [ -56.477246356929903, -29.925702618694007 ], [ -56.474183471407194, -29.926256023511787 ], [ -56.4712739939568, -29.925850698538301 ], [ -56.466040875838011, -29.924303947396098 ], [ -56.462958411602102, -29.923600505053301 ], [ -56.461707096740398, -29.923769031486003 ], [ -56.457240022896102, -29.931084762658198 ], [ -56.455657265795693, -29.932946470963106 ], [ -56.452299981267295, -29.934434503954495 ], [ -56.449612692869096, -29.935999280782593 ], [ -56.448154740774697, -29.936240051312797 ], [ -56.447424679939395, -29.936802730756398 ], [ -56.445504245995799, -29.936942047175592 ], [ -56.443231572101205, -29.936784892320706 ], [ -56.437464583515698, -29.937055704522109 ], [ -56.433593813938003, -29.936916185427986 ], [ -56.430453674145298, -29.935721629566491 ], [ -56.426784556590299, -29.93560704670189 ], [ -56.423404718376595, -29.935886499924997 ], [ -56.414165054212098, -29.937397679293596 ], [ -56.403880805619202, -29.9382618059248 ], [ -56.3811324525171, -29.938919743860403 ], [ -56.377609830321099, -29.938780410993299 ], [ -56.372480667450496, -29.939394874110995 ], [ -56.361410114089502, -29.944533186066799 ], [ -56.358666907947011, -29.945554336203909 ], [ -56.351968998772698, -29.949878704408992 ], [ -56.351269002157302, -29.950072435183795 ], [ -56.347438417632297, -29.952538372084096 ], [ -56.346503634642495, -29.952927423985702 ], [ -56.344579752332599, -29.9531140416182 ], [ -56.3421363142064, -29.952707509629391 ], [ -56.3396073885094, -29.951835354461387 ], [ -56.330701769854095, -29.950855100561899 ], [ -56.3260852831866, -29.948739107419897 ], [ -56.3247525202489, -29.9477003726665 ], [ -56.323761979997897, -29.947743081443296 ], [ -56.322077144842098, -29.94737960772629 ], [ -56.325229452700597, -29.950518890374696 ], [ -56.327391451079706, -29.952992965274191 ], [ -56.3285546093351, -29.955729916157498 ], [ -56.329783490436903, -29.957772262706701 ], [ -56.330606583042197, -29.960051710909998 ], [ -56.331873717945193, -29.961908502959808 ], [ -56.333262675336798, -29.964940779642593 ], [ -56.334186948503394, -29.966577279936008 ], [ -56.334474505703604, -29.967972567934794 ], [ -56.337554558605603, -29.973156999906696 ], [ -56.337938743914094, -29.974471211127995 ], [ -56.341784433134301, -29.980730318928796 ], [ -56.342559354116297, -29.983011427097697 ], [ -56.343172036202795, -29.984032102543093 ], [ -56.343738589304003, -29.985426907628302 ], [ -56.344939179572499, -29.987469584215393 ], [ -56.345325738429196, -29.988569114409998 ], [ -56.346561978987893, -29.990449730423688 ], [ -56.347171845008006, -29.992139509003199 ], [ -56.348044060653095, -29.993524335525798 ], [ -56.349967601964202, -29.997732619435798 ], [ -56.3501101315657, -29.999073635723299 ], [ -56.350001498981499, -30.000753669821894 ], [ -56.350330539131797, -30.002310474637003 ], [ -56.3522664800958, -30.002463472185102 ], [ -56.354011057664401, -30.002853405660996 ], [ -56.355737149003801, -30.003513258971502 ], [ -56.375582276653496, -30.014041341964393 ], [ -56.4102784983642, -30.019573951932198 ], [ -56.413253637401795, -30.019719634088091 ], [ -56.416397222610193, -30.019585337718194 ], [ -56.420404318788002, -30.019102372107195 ], [ -56.423276105992095, -30.018451731013801 ], [ -56.434109901451301, -30.0152346562075 ], [ -56.443410078044302, -30.012472986585291 ], [ -56.456692920352396, -30.00871382333181 ], [ -56.461898837126796, -30.006968343812694 ], [ -56.4699393290853, -30.004778212739204 ], [ -56.478300166315499, -30.003352508236496 ], [ -56.500130783644401, -30.001529751054804 ], [ -56.504097675065196, -30.001593256535799 ], [ -56.506817856462895, -30.001796688767989 ], [ -56.511260478912398, -30.00148484846499 ], [ -56.5138729169065, -29.999635300533402 ], [ -56.521150048243307, -29.996510831320592 ], [ -56.528616168127201, -29.991945106786098 ], [ -56.543347578106797, -29.982087800386193 ], [ -56.548690032510699, -29.978249938755201 ], [ -56.557403303612404, -29.971491888014995 ], [ -56.562257400510696, -29.969179561771004 ], [ -56.569970828642795, -29.966356019329496 ], [ -56.578117060471797, -29.963373905661797 ], [ -56.592765772542897, -29.957492852581492 ], [ -56.608090788335694, -29.950115477053899 ], [ -56.612190013706602, -29.947783862781893 ], [ -56.621313959904498, -29.940663873144295 ], [ -56.634190579902295, -29.931038518484097 ] ] ] } },
{ "type": "Feature", "properties": { "cd_setor": "432240030000001", "situacao": "Urbana", "populacao_total": 522.0, "domicilios_total": 185.0, "area_km2": 1.6451051833639871, "densidade_demografica_hab_km2": 317.30493908759701, "sem_dado": false }, "geometry": { "type": "Polygon", "coordinates": [ [ [ -56.851530435289597, -29.508688072075987 ], [ -56.849562223476198, -29.507696694419494 ], [ -56.848469650950008, -29.506951775281191 ], [ -56.847431358702707, -29.506486690845591 ], [ -56.846064627577697, -29.506253165717194 ], [ -56.845189909986701, -29.506112258150392 ], [ -56.844150575895902, -29.506343892669797 ], [ -56.8434936653695, -29.506807015526302 ], [ -56.843055554440596, -29.507224365338903 ], [ -56.842671980266303, -29.507734737878909 ], [ -56.8419603698703, -29.508197788206896 ], [ -56.841960945157503, -29.507826853119408 ], [ -56.842782279627798, -29.507131082486897 ], [ -56.842946974410296, -29.50671341047989 ], [ -56.842290989060899, -29.506573644893397 ], [ -56.841250559762003, -29.507501098500203 ], [ -56.8397741798832, -29.508103111269595 ], [ -56.838592430819702, -29.508332725247893 ], [ -56.834893034564594, -29.513713511449698 ], [ -56.833505047995892, -29.518236105396099 ], [ -56.834162948546997, -29.518245938174896 ], [ -56.837653107880499, -29.518298101020289 ], [ -56.839741302022695, -29.517853891300003 ], [ -56.844544262289197, -29.516780189492696 ], [ -56.851414054401502, -29.515619293725397 ], [ -56.851527032086594, -29.508890754443197 ], [ -56.851529463143308, -29.50874596956659 ], [ -56.851530435289597, -29.508688072075987 ] ] ] } },
{ "type": "Feature", "properties": { "cd_setor": "432240030000002", "situacao": "Rural", "populacao_total": 226.0, "domicilios_total": 75.0, "area_km2": 39.175048149180547, "densidade_demografica_hab_km2": 5.7689782317402818, "sem_dado": false }, "geometry": { "type": "Polygon", "coordinates": [ [ [ -56.834812951857302, -29.493346956658602 ], [ -56.826870049259007, -29.4977578814736 ], [ -56.821859669328298, -29.497049144385002 ], [ -56.818951418746408, -29.496108182812396 ], [ -56.813474654051802, -29.496060859177494 ], [ -56.810985163962698, -29.495226272981292 ], [ -56.809254804232296, -29.496030968981287 ], [ -56.807921732627499, -29.496841689492399 ], [ -56.805452306105693, -29.497406771633386 ], [ -56.804293644150803, -29.4970993947877 ], [ -56.800301117610999, -29.494461486922404 ], [ -56.7958609837182, -29.493807379620403 ], [ -56.792382145371398, -29.493862365791607 ], [ -56.788877024818099, -29.4934102030494 ], [ -56.785281312779595, -29.491343244931898 ], [ -56.783385590843196, -29.489576955290293 ], [ -56.779343969587394, -29.487262185010795 ], [ -56.778065852329497, -29.484951863159395 ], [ -56.778636054373798, -29.483434260520305 ], [ -56.778981168211097, -29.483192637034605 ], [ -56.770607920346301, -29.477346997596282 ], [ -56.769502247963295, -29.475221428101097 ], [ -56.767581800373399, -29.473395891522596 ], [ -56.765363897296304, -29.472500666882496 ], [ -56.764423108391398, -29.47298543745049 ], [ -56.763904371143497, -29.474543394607792 ], [ -56.764788440412595, -29.47588108847949 ], [ -56.765325518198395, -29.478150147168705 ], [ -56.763647463667397, -29.478794482931193 ], [ -56.763963939254907, -29.480840014022295 ], [ -56.764501712145197, -29.4829061943406 ], [ -56.763020681638899, -29.483592417581701 ], [ -56.758109558970901, -29.483723092779897 ], [ -56.756826246699895, -29.4842473687373 ], [ -56.757119566130797, -29.485099644688194 ], [ -56.759581492425099, -29.486884352266195 ], [ -56.760294047724194, -29.488323002431802 ], [ -56.760145414953293, -29.488889600285411 ], [ -56.757475372799902, -29.491112440976202 ], [ -56.757716319907793, -29.493418319114703 ], [ -56.755209998167402, -29.499063911988994 ], [ -56.752100920376797, -29.499866666106595 ], [ -56.751365086061902, -29.500388593827608 ], [ -56.751273423955496, -29.501042365849894 ], [ -56.7514813385976, -29.502245347955398 ], [ -56.751398959784694, -29.502746552907897 ], [ -56.750853379768401, -29.503247414524711 ], [ -56.749626191711499, -29.503835389669202 ], [ -56.748906244848598, -29.504030587498089 ], [ -56.747439821080008, -29.505119380654289 ], [ -56.744399116141793, -29.506209075418592 ], [ -56.742826813865499, -29.506358701651802 ], [ -56.741534267181898, -29.506859592836399 ], [ -56.739561179956397, -29.507029158102604 ], [ -56.738763360316796, -29.506939186750884 ], [ -56.736393423005403, -29.50735129651429 ], [ -56.735881533032696, -29.507612475191898 ], [ -56.735148465096195, -29.50854901361539 ], [ -56.7338165077337, -29.508545727435692 ], [ -56.733282263626798, -29.508743339813293 ], [ -56.732723921786501, -29.509311115202294 ], [ -56.732054480814298, -29.510620510008398 ], [ -56.731278567460897, -29.511231517085289 ], [ -56.7290002465922, -29.511948176396803 ], [ -56.727479174255393, -29.512972965985387 ], [ -56.7261441783183, -29.513166224662406 ], [ -56.725133862376509, -29.513579131996899 ], [ -56.730197253106297, -29.515299344271899 ], [ -56.746267907463199, -29.520357656414689 ], [ -56.750903722348696, -29.522112021640297 ], [ -56.762113810918201, -29.525589027458203 ], [ -56.805218809643698, -29.53998978653739 ], [ -56.805358676298198, -29.539711114583294 ], [ -56.805418777698598, -29.539585753116185 ], [ -56.806459153842297, -29.537403187412792 ], [ -56.807476765060592, -29.536864962977901 ], [ -56.809347771783699, -29.536936254508802 ], [ -56.812387350597191, -29.534064267682705 ], [ -56.812815212931199, -29.534300428333395 ], [ -56.8156247920504, -29.536950536608398 ], [ -56.816429085303, -29.534489588252782 ], [ -56.816998915434596, -29.534592396767 ], [ -56.818793417517099, -29.524120651979203 ], [ -56.819490900754893, -29.522446028397098 ], [ -56.829344125940096, -29.519903523914302 ], [ -56.833263983826399, -29.518685003569498 ], [ -56.834162948546997, -29.518245938174896 ], [ -56.833505047995892, -29.518236105396099 ], [ -56.834893034564594, -29.513713511449698 ], [ -56.838592430819702, -29.508332725247893 ], [ -56.8397741798832, -29.508103111269595 ], [ -56.841250559762003, -29.507501098500203 ], [ -56.842290989060899, -29.506573644893397 ], [ -56.842946974410296, -29.50671341047989 ], [ -56.842782279627798, -29.507131082486897 ], [ -56.841960945157503, -29.507826853119408 ], [ -56.8419603698703, -29.508197788206896 ], [ -56.842671980266303, -29.507734737878909 ], [ -56.843055554440596, -29.507224365338903 ], [ -56.8434936653695, -29.506807015526302 ], [ -56.844150575895902, -29.506343892669797 ], [ -56.845189909986701, -29.506112258150392 ], [ -56.846064627577697, -29.506253165717194 ], [ -56.847431358702707, -29.506486690845591 ], [ -56.848469650950008, -29.506951775281191 ], [ -56.849562223476198, -29.507696694419494 ], [ -56.851530435289597, -29.508688072075987 ], [ -56.851529463143308, -29.50874596956659 ], [ -56.851554180836899, -29.508747374153891 ], [ -56.856412450364203, -29.505371334122987 ], [ -56.8468686415276, -29.500580109403895 ], [ -56.834812951857302, -29.493346956658602 ] ] ] } },
{ "type": "Feature", "properties": { "cd_setor": "432240030000003", "situacao": "Rural", "populacao_total": 229.0, "domicilios_total": 74.0, "area_km2": 153.81301037501908, "densidade_demografica_hab_km2": 1.4888207404670373, "sem_dado": false }, "geometry": { "type": "Polygon", "coordinates": [ [ [ -56.762113810918201, -29.525589027458203 ], [ -56.761763877431697, -29.525887516429599 ], [ -56.760297366532797, -29.528574132245993 ], [ -56.756636409910101, -29.535878360042492 ], [ -56.754606662832494, -29.539076996429003 ], [ -56.753500267087198, -29.539871697614494 ], [ -56.752386881289397, -29.542350767858899 ], [ -56.751222122386096, -29.543697552270899 ], [ -56.750545034201792, -29.543694427984402 ], [ -56.745161739766395, -29.540095474433592 ], [ -56.744642139640497, -29.540076445302009 ], [ -56.740740122734195, -29.542863605936994 ], [ -56.734058783914001, -29.548032237790192 ], [ -56.73066375564111, -29.551616561458893 ], [ -56.728353569322699, -29.554405850248003 ], [ -56.723906714530003, -29.558656267281492 ], [ -56.722401598855697, -29.560686921785198 ], [ -56.7170651362011, -29.563266585122687 ], [ -56.7096379906612, -29.567154581732794 ], [ -56.707693065542003, -29.568501593433197 ], [ -56.704405603385894, -29.570215822071102 ], [ -56.701983494347601, -29.5720999241192 ], [ -56.700898396930896, -29.572559276633498 ], [ -56.700501033000698, -29.572872106241093 ], [ -56.7011500792551, -29.575652196440803 ], [ -56.702000799321198, -29.577282196808095 ], [ -56.702831497722599, -29.578431122331494 ], [ -56.703561378306198, -29.5805991411717 ], [ -56.705405353269299, -29.583582996962303 ], [ -56.706793215550597, -29.587305538762692 ], [ -56.707385068919592, -29.588204131660493 ], [ -56.710409537061402, -29.590612040533308 ], [ -56.715128529997003, -29.593367542477687 ], [ -56.724236226799199, -29.600197553200505 ], [ -56.731461873613299, -29.6065002847667 ], [ -56.735828695668104, -29.6097391911409 ], [ -56.741749102391502, -29.613629300041996 ], [ -56.745333514079498, -29.615640685430897 ], [ -56.750334278506799, -29.619638650534501 ], [ -56.752826800300305, -29.620830321974999 ], [ -56.771792272189003, -29.634669406026905 ], [ -56.776364226102601, -29.636216575149405 ], [ -56.788573723562301, -29.638944911394493 ], [ -56.801985845293792, -29.64221381141769 ], [ -56.808921275861401, -29.644283310708694 ], [ -56.819991155215696, -29.648418528051902 ], [ -56.825351781580196, -29.650224871585696 ], [ -56.859227285145195, -29.660099011249091 ], [ -56.862797017760798, -29.660789262417882 ], [ -56.863229945190398, -29.660096531524594 ], [ -56.869164868275199, -29.661408110014001 ], [ -56.872913590148293, -29.662574745669794 ], [ -56.874813588277704, -29.663839949304993 ], [ -56.875674393082306, -29.664641713313895 ], [ -56.879427546151497, -29.66305649758279 ], [ -56.882847515985496, -29.663232855409202 ], [ -56.884621493518395, -29.661092760328103 ], [ -56.884795383153694, -29.658533962228098 ], [ -56.887326832984591, -29.657017469892502 ], [ -56.889059813818299, -29.655184744901195 ], [ -56.891339577815195, -29.654770856305202 ], [ -56.892756761661808, -29.654722836953493 ], [ -56.890186380333397, -29.6501403399431 ], [ -56.882159505250293, -29.637077302894205 ], [ -56.872791750804701, -29.6202164355938 ], [ -56.869727840342001, -29.614186281973993 ], [ -56.861248636270794, -29.590564993872896 ], [ -56.858732990576698, -29.582899848601905 ], [ -56.852564001113592, -29.566638087890393 ], [ -56.851446902077193, -29.562739273950395 ], [ -56.849541164947098, -29.559092664249505 ], [ -56.846915322543097, -29.556115089731705 ], [ -56.842887391606297, -29.553520863436294 ], [ -56.839257935090799, -29.551954823183394 ], [ -56.829708600305096, -29.548506045996401 ], [ -56.819893833536504, -29.544886798650296 ], [ -56.818673539389799, -29.54447178527959 ], [ -56.818216681991608, -29.544834873702385 ], [ -56.818014213214504, -29.544928457741495 ], [ -56.8172983347811, -29.545261404554001 ], [ -56.8163876399286, -29.545446968234401 ], [ -56.815013784746498, -29.545477550924886 ], [ -56.814018443824196, -29.545664785363503 ], [ -56.813356272467601, -29.545968905642798 ], [ -56.812824147857896, -29.546274108585003 ], [ -56.812446523583404, -29.546753713045288 ], [ -56.812300027161108, -29.547274256611512 ], [ -56.8118639008187, -29.548686976042401 ], [ -56.8082988879518, -29.544217136892101 ], [ -56.806315176515902, -29.545265686123994 ], [ -56.807299231925597, -29.546682260730897 ], [ -56.806879875773092, -29.547925315466191 ], [ -56.805901691559697, -29.549919346371901 ], [ -56.804728062065706, -29.549390556758794 ], [ -56.804097712628597, -29.548687472153684 ], [ -56.804256534985399, -29.546075831255703 ], [ -56.805843155670793, -29.544355262062606 ], [ -56.805435359856013, -29.543327603505499 ], [ -56.806265296464495, -29.542190746594496 ], [ -56.8043896175082, -29.542353155834085 ], [ -56.804761850071898, -29.540929535689099 ], [ -56.804913648718497, -29.540350344355499 ], [ -56.805218809643698, -29.53998978653739 ], [ -56.762113810918201, -29.525589027458203 ] ] ] } },
{ "type": "Feature", "properties": { "cd_setor": "432240030000004", "situacao": "Rural", "populacao_total": 130.0, "domicilios_total": 44.0, "area_km2": 174.87870146074172, "densidade_demografica_hab_km2": 0.74337239992134507, "sem_dado": false }, "geometry": { "type": "Polygon", "coordinates": [ [ [ -56.707385068919592, -29.588204131660493 ], [ -56.705036615852606, -29.587600085694696 ], [ -56.702557959262897, -29.585674139146892 ], [ -56.700074627140999, -29.5840728270671 ], [ -56.697316341233602, -29.584318196780899 ], [ -56.684386546010806, -29.587523031024695 ], [ -56.679772184147005, -29.588369061517593 ], [ -56.676954194673897, -29.589838755655087 ], [ -56.6740283585535, -29.591958849419896 ], [ -56.671007660182497, -29.594949980860793 ], [ -56.668728644163501, -29.598312056345794 ], [ -56.663138595336896, -29.604250728188404 ], [ -56.660711979066797, -29.6076715447068 ], [ -56.659996624133498, -29.611377238284501 ], [ -56.659083077539293, -29.615009355831894 ], [ -56.658457092778001, -29.6190540768918 ], [ -56.657189225880792, -29.63149790062349 ], [ -56.653101600917402, -29.635379230180501 ], [ -56.650453943484699, -29.636591656084192 ], [ -56.6480474947451, -29.637076994688304 ], [ -56.646696755085699, -29.638038052242994 ], [ -56.645902416821002, -29.641394519136806 ], [ -56.644473373619199, -29.645091834749596 ], [ -56.641855375174501, -29.654370612557003 ], [ -56.6380341832634, -29.664198947963104 ], [ -56.637021911018103, -29.667456016141209 ], [ -56.6367222311004, -29.671532040923498 ], [ -56.638296330577298, -29.681198011916798 ], [ -56.639146115003598, -29.684491966037204 ], [ -56.641359092584196, -29.688298847431092 ], [ -56.642653049153097, -29.690392839679198 ], [ -56.643863202627898, -29.690863716259695 ], [ -56.644046217341007, -29.691932126933008 ], [ -56.645316018981497, -29.693810174220097 ], [ -56.651027761239298, -29.699256520740896 ], [ -56.653343340809101, -29.701274051611005 ], [ -56.656598791562004, -29.702514419887091 ], [ -56.659394008673004, -29.702761314437897 ], [ -56.662424761681493, -29.703707599725092 ], [ -56.665307223502097, -29.705533189289806 ], [ -56.672450187766799, -29.711283343448891 ], [ -56.674558890276899, -29.713502101567592 ], [ -56.676305918037599, -29.716579270119301 ], [ -56.676924512737401, -29.719047168932299 ], [ -56.677869515428497, -29.718584468887901 ], [ -56.682231954753398, -29.717995821747795 ], [ -56.692196012618197, -29.718089472020601 ], [ -56.6984013749098, -29.718689951263503 ], [ -56.702289842507604, -29.717662193325289 ], [ -56.705931859283602, -29.71338630105241 ], [ -56.707241617680296, -29.712732019141505 ], [ -56.710281106716693, -29.713358726486199 ], [ -56.713488996578597, -29.713019885012013 ], [ -56.716324776279599, -29.710917814070601 ], [ -56.720474398434199, -29.707057615338698 ], [ -56.722758754262799, -29.7042977358192 ], [ -56.725124857688897, -29.70395608129839 ], [ -56.736266904874498, -29.705568515938797 ], [ -56.745555397596796, -29.705034713416396 ], [ -56.749899591046798, -29.706805567724707 ], [ -56.752684947210398, -29.707017325386197 ], [ -56.756568703781895, -29.706608418554801 ], [ -56.761848816404203, -29.704647501201006 ], [ -56.779737893477396, -29.690820799227403 ], [ -56.791870235652596, -29.682442514482606 ], [ -56.797274561886198, -29.681414404582792 ], [ -56.799935585988798, -29.6791015628338 ], [ -56.800278588937005, -29.67723524050681 ], [ -56.802051809152196, -29.676822724383403 ], [ -56.807075718486495, -29.6766587780658 ], [ -56.813492112648397, -29.675215510441003 ], [ -56.813996096434899, -29.676391304148087 ], [ -56.815853151883005, -29.677431083615897 ], [ -56.819102751951007, -29.677193448748195 ], [ -56.821890792620799, -29.676229865931397 ], [ -56.825514464674008, -29.679206365426602 ], [ -56.828130149174292, -29.679210112513399 ], [ -56.830875569607102, -29.678349129691401 ], [ -56.834588399914594, -29.6791145990064 ], [ -56.838891093378798, -29.680641788460399 ], [ -56.843322067731897, -29.680957973752601 ], [ -56.851091462963005, -29.678615670516699 ], [ -56.855901664959895, -29.679589543305312 ], [ -56.856368991148798, -29.676236463328003 ], [ -56.858822508031395, -29.673543807930894 ], [ -56.861862371354597, -29.673132047660591 ], [ -56.865234290281499, -29.674517979235013 ], [ -56.869587091828599, -29.6716524658449 ], [ -56.870940711354194, -29.668959955757902 ], [ -56.870732542963395, -29.6664346740904 ], [ -56.875674393082306, -29.664641713313895 ], [ -56.874813588277704, -29.663839949304993 ], [ -56.872913590148293, -29.662574745669794 ], [ -56.869164868275199, -29.661408110014001 ], [ -56.863229945190398, -29.660096531524594 ], [ -56.862797017760798, -29.660789262417882 ], [ -56.859227285145195, -29.660099011249091 ], [ -56.825351781580196, -29.650224871585696 ], [ -56.819991155215696, -29.648418528051902 ], [ -56.808921275861401, -29.644283310708694 ], [ -56.801985845293792, -29.64221381141769 ], [ -56.788573723562301, -29.638944911394493 ], [ -56.776364226102601, -29.636216575149405 ], [ -56.771792272189003, -29.634669406026905 ], [ -56.752826800300305, -29.620830321974999 ], [ -56.750334278506799, -29.619638650534501 ], [ -56.745333514079498, -29.615640685430897 ], [ -56.741749102391502, -29.613629300041996 ], [ -56.735828695668104, -29.6097391911409 ], [ -56.731461873613299, -29.6065002847667 ], [ -56.724236226799199, -29.600197553200505 ], [ -56.715128529997003, -29.593367542477687 ], [ -56.710409537061402, -29.590612040533308 ], [ -56.707385068919592, -29.588204131660493 ] ] ] } },
{ "type": "Feature", "properties": { "cd_setor": "432240030000005", "situacao": "Rural", "populacao_total": 179.0, "domicilios_total": 54.0, "area_km2": 126.71228242355375, "densidade_demografica_hab_km2": 1.4126491653087516, "sem_dado": false }, "geometry": { "type": "Polygon", "coordinates": [ [ [ -56.856412450364203, -29.505371334122987 ], [ -56.851554180836899, -29.508747374153891 ], [ -56.851529463143308, -29.50874596956659 ], [ -56.851527032086594, -29.508890754443197 ], [ -56.851414054401502, -29.515619293725397 ], [ -56.844544262289197, -29.516780189492696 ], [ -56.839741302022695, -29.517853891300003 ], [ -56.837653107880499, -29.518298101020289 ], [ -56.834162948546997, -29.518245938174896 ], [ -56.833263983826399, -29.518685003569498 ], [ -56.829344125940096, -29.519903523914302 ], [ -56.819490900754893, -29.522446028397098 ], [ -56.818793417517099, -29.524120651979203 ], [ -56.816998915434596, -29.534592396767 ], [ -56.822714326740297, -29.535623568885704 ], [ -56.819893833536504, -29.544886798650296 ], [ -56.829708600305096, -29.548506045996401 ], [ -56.839257935090799, -29.551954823183394 ], [ -56.842887391606297, -29.553520863436294 ], [ -56.846915322543097, -29.556115089731705 ], [ -56.849541164947098, -29.559092664249505 ], [ -56.851446902077193, -29.562739273950395 ], [ -56.852564001113592, -29.566638087890393 ], [ -56.858732990576698, -29.582899848601905 ], [ -56.861248636270794, -29.590564993872896 ], [ -56.869727840342001, -29.614186281973993 ], [ -56.872791750804701, -29.6202164355938 ], [ -56.882159505250293, -29.637077302894205 ], [ -56.890186380333397, -29.6501403399431 ], [ -56.892756761661808, -29.654722836953493 ], [ -56.898470920669695, -29.653845337400391 ], [ -56.902438414575798, -29.652050169053492 ], [ -56.908177650961896, -29.652123750220394 ], [ -56.913701876385296, -29.651332712429898 ], [ -56.921555318725694, -29.647881117256091 ], [ -56.926069462388597, -29.648467733583292 ], [ -56.928938766437398, -29.648264696260103 ], [ -56.930543975080802, -29.645155002346691 ], [ -56.929744632418299, -29.642561786041195 ], [ -56.931770858610399, -29.641043022530091 ], [ -56.936412587916394, -29.642082659445808 ], [ -56.938983843428801, -29.643787351773501 ], [ -56.938305518458797, -29.646964966892007 ], [ -56.936364150250697, -29.6495205248033 ], [ -56.93963090063319, -29.651544272581084 ], [ -56.947290156702202, -29.647555477546096 ], [ -56.950076124395096, -29.645171225671291 ], [ -56.950837458887904, -29.640921602085594 ], [ -56.950013403265295, -29.638276789712197 ], [ -56.952293273240798, -29.636931498166302 ], [ -56.955457592188594, -29.638175513803201 ], [ -56.957670604205298, -29.640197937573895 ], [ -56.960580153638602, -29.644554168881701 ], [ -56.963111569743099, -29.644036994281798 ], [ -56.966971650661499, -29.640461849340099 ], [ -56.986676078534899, -29.6241928523709 ], [ -56.968951732920395, -29.600987453600098 ], [ -56.9339210908987, -29.569238021481791 ], [ -56.903552401615897, -29.535000010509705 ], [ -56.872561928083499, -29.513476965127296 ], [ -56.856412450364203, -29.505371334122987 ] ], [ [ -56.861257125579293, -29.514500387083299 ], [ -56.861328208844299, -29.516329071789702 ], [ -56.857764398200196, -29.516325417686794 ], [ -56.857729663378002, -29.514466195247504 ], [ -56.861257125579293, -29.514500387083299 ] ] ] } },
{ "type": "Feature", "properties": { "cd_setor": "432240030000006", "situacao": "Rural", "populacao_total": 789.0, "domicilios_total": 253.0, "area_km2": 1.1781097245478984, "densidade_demografica_hab_km2": 669.71690629476814, "sem_dado": false }, "geometry": { "type": "Polygon", "coordinates": [ [ [ -56.822714326740297, -29.535623568885704 ], [ -56.816998915434596, -29.534592396767 ], [ -56.816429085303, -29.534489588252782 ], [ -56.8156247920504, -29.536950536608398 ], [ -56.812815212931199, -29.534300428333395 ], [ -56.812387350597191, -29.534064267682705 ], [ -56.809347771783699, -29.536936254508802 ], [ -56.807476765060592, -29.536864962977901 ], [ -56.806459153842297, -29.537403187412792 ], [ -56.805418777698598, -29.539585753116185 ], [ -56.805358676298198, -29.539711114583294 ], [ -56.805218809643698, -29.53998978653739 ], [ -56.814404604859604, -29.543049730763801 ], [ -56.818673539389799, -29.54447178527959 ], [ -56.819893833536504, -29.544886798650296 ], [ -56.822714326740297, -29.535623568885704 ] ] ] } },
{ "type": "Feature", "properties": { "cd_setor": "432240030000007", "situacao": "Rural", "populacao_total": 512.0, "domicilios_total": 157.0, "area_km2": 0.61648843130226749, "densidade_demografica_hab_km2": 830.51031293231802, "sem_dado": false }, "geometry": { "type": "Polygon", "coordinates": [ [ [ -56.805218809643698, -29.53998978653739 ], [ -56.804913648718497, -29.540350344355499 ], [ -56.804761850071898, -29.540929535689099 ], [ -56.8043896175082, -29.542353155834085 ], [ -56.806265296464495, -29.542190746594496 ], [ -56.805435359856013, -29.543327603505499 ], [ -56.805843155670793, -29.544355262062606 ], [ -56.804256534985399, -29.546075831255703 ], [ -56.804097712628597, -29.548687472153684 ], [ -56.804728062065706, -29.549390556758794 ], [ -56.805901691559697, -29.549919346371901 ], [ -56.806879875773092, -29.547925315466191 ], [ -56.807299231925597, -29.546682260730897 ], [ -56.806315176515902, -29.545265686123994 ], [ -56.8082988879518, -29.544217136892101 ], [ -56.8118639008187, -29.548686976042401 ], [ -56.812300027161108, -29.547274256611512 ], [ -56.812446523583404, -29.546753713045288 ], [ -56.812824147857896, -29.546274108585003 ], [ -56.813356272467601, -29.545968905642798 ], [ -56.814018443824196, -29.545664785363503 ], [ -56.815013784746498, -29.545477550924886 ], [ -56.8163876399286, -29.545446968234401 ], [ -56.8172983347811, -29.545261404554001 ], [ -56.818014213214504, -29.544928457741495 ], [ -56.818216681991608, -29.544834873702385 ], [ -56.818673539389799, -29.54447178527959 ], [ -56.814404604859604, -29.543049730763801 ], [ -56.805218809643698, -29.53998978653739 ] ] ] } },
{ "type": "Feature", "properties": { "cd_setor": "432240030000008", "situacao": null, "populacao_total": null, "domicilios_total": null, "area_km2": 0.070194103059394941, "densidade_demografica_hab_km2": null, "sem_dado": true }, "geometry": { "type": "Polygon", "coordinates": [ [ [ -56.861257125579293, -29.514500387083299 ], [ -56.857729663378002, -29.514466195247504 ], [ -56.857764398200196, -29.516325417686794 ], [ -56.861328208844299, -29.516329071789702 ], [ -56.861257125579293, -29.514500387083299 ] ] ] } },
{ "type": "Feature", "properties": { "cd_setor": "432240035000001", "situacao": null, "populacao_total": null, "domicilios_total": null, "area_km2": 0.016109165365649269, "densidade_demografica_hab_km2": null, "sem_dado": true }, "geometry": { "type": "Polygon", "coordinates": [ [ [ -56.428035366945792, -30.039044381536495 ], [ -56.428470519915798, -30.041144660667193 ], [ -56.428612081532492, -30.041122453375586 ], [ -56.4287536431492, -30.0411002460839 ], [ -56.429157518014399, -30.038912590564021 ], [ -56.428596442480099, -30.038978486050301 ], [ -56.428035366945792, -30.039044381536495 ] ] ] } },
{ "type": "Feature", "properties": { "cd_setor": "432240035000002", "situacao": "Rural", "populacao_total": 67.0, "domicilios_total": 30.0, "area_km2": 226.88126973790838, "densidade_demografica_hab_km2": 0.29530864349180486, "sem_dado": false }, "geometry": { "type": "Polygon", "coordinates": [ [ [ -56.375582276653496, -30.014041341964393 ], [ -56.367976765436502, -30.0114913348364 ], [ -56.359938970254198, -30.009725927625901 ], [ -56.352358103996899, -30.008479757830191 ], [ -56.348827289575802, -30.008022828905098 ], [ -56.338733314230595, -30.0065481946469 ], [ -56.329428579755998, -30.006901276089003 ], [ -56.324921598994798, -30.007981289911896 ], [ -56.317839200655897, -30.010099778564602 ], [ -56.307059831923098, -30.013526745502794 ], [ -56.296218154700497, -30.016849864957901 ], [ -56.283881073723009, -30.020442987869007 ], [ -56.279664865914199, -30.021730696657798 ], [ -56.275649821647598, -30.02297852101449 ], [ -56.274264796799393, -30.023205330916095 ], [ -56.272333233616095, -30.023994571786698 ], [ -56.270671673888501, -30.024991507623302 ], [ -56.262924651658601, -30.029664644357194 ], [ -56.2517091234972, -30.036539347730105 ], [ -56.244481338682199, -30.041108636981097 ], [ -56.237440479336399, -30.045615617742193 ], [ -56.232331183174004, -30.048855659211004 ], [ -56.228218822848198, -30.051576463264894 ], [ -56.225768022249902, -30.052988789033407 ], [ -56.222029512862896, -30.054588040271199 ], [ -56.216193284319594, -30.054878813223606 ], [ -56.205912383505101, -30.055398050638498 ], [ -56.196296106581606, -30.055938057549898 ], [ -56.186347517712498, -30.056457294964797 ], [ -56.176315850857094, -30.0568726848967 ], [ -56.167405736817798, -30.057246535835397 ], [ -56.155961744193895, -30.057807312243501 ], [ -56.152135313073003, -30.057804304752988 ], [ -56.156162388678595, -30.063826524664492 ], [ -56.161503554969599, -30.063267241909102 ], [ -56.162673562118101, -30.063790875870204 ], [ -56.165044189121197, -30.068338267848695 ], [ -56.171019174077799, -30.0740408354831 ], [ -56.1714145349899, -30.077417727939793 ], [ -56.1762134003678, -30.079588300161692 ], [ -56.181817133857692, -30.085944834869082 ], [ -56.191749887514007, -30.086778786425999 ], [ -56.194972161859198, -30.089444728947399 ], [ -56.200040390806095, -30.087985745207604 ], [ -56.210072850629494, -30.089646243159898 ], [ -56.213303549269895, -30.091266446384996 ], [ -56.2161416400278, -30.089655004603987 ], [ -56.219793293934394, -30.092185927885602 ], [ -56.224621536960399, -30.091417187130407 ], [ -56.230988456280194, -30.091759270632291 ], [ -56.235259315512302, -30.093797708286907 ], [ -56.239595034984397, -30.097047737649198 ], [ -56.246380492100194, -30.098717405769399 ], [ -56.248969952967492, -30.102314347279901 ], [ -56.250465138813802, -30.103041707379894 ], [ -56.255798425935396, -30.102337107518903 ], [ -56.255964500410599, -30.102384754526394 ], [ -56.257576557799197, -30.103412107204601 ], [ -56.258811711401393, -30.106207003329391 ], [ -56.264279624014293, -30.107532246928798 ], [ -56.269005702284197, -30.110401205395092 ], [ -56.278361522008595, -30.114121284873892 ], [ -56.280416782349192, -30.114409356645094 ], [ -56.290511966286999, -30.112311316844696 ], [ -56.293090082940701, -30.113040036370389 ], [ -56.298960820130198, -30.11679773506669 ], [ -56.304014328163298, -30.116495522177487 ], [ -56.308116102762199, -30.114586744037201 ], [ -56.310455140164095, -30.114845011993701 ], [ -56.317817938774205, -30.119351974111904 ], [ -56.320507171227398, -30.120110643468998 ], [ -56.331211909587893, -30.119669591301399 ], [ -56.334989807835498, -30.118832455467793 ], [ -56.339175047038303, -30.118855405309812 ], [ -56.342614174189499, -30.120553369158682 ], [ -56.347467445983597, -30.119504638415783 ], [ -56.348657153909393, -30.119341812290003 ], [ -56.353602698105895, -30.115187548837298 ], [ -56.358468078996005, -30.113048050491795 ], [ -56.363383953954397, -30.112906540352597 ], [ -56.3650272641163, -30.112968952030997 ], [ -56.369928525043193, -30.1154748454288 ], [ -56.373698794513899, -30.116029872400897 ], [ -56.375157974994792, -30.116245162527505 ], [ -56.379126837475603, -30.117808143375793 ], [ -56.389333372929599, -30.115098230147797 ], [ -56.394180230631896, -30.115232738058697 ], [ -56.399404525999095, -30.116468350744796 ], [ -56.405999664761197, -30.116278342005394 ], [ -56.41302124353841, -30.120777943407404 ], [ -56.416923478750498, -30.121788246586298 ], [ -56.418309463433104, -30.121632904698799 ], [ -56.418171248655703, -30.120391128215402 ], [ -56.418358107671196, -30.119711428560208 ], [ -56.418654170253298, -30.119126198698996 ], [ -56.419743900277794, -30.117847390805004 ], [ -56.420774326307097, -30.117201745357594 ], [ -56.426704991123401, -30.1153881918653 ], [ -56.434579645972299, -30.110288738650802 ], [ -56.4351702992113, -30.109702526835285 ], [ -56.437964434713599, -30.102557912859098 ], [ -56.438489669738296, -30.100591548506394 ], [ -56.436961939706599, -30.093515746254401 ], [ -56.435514616518695, -30.087726453502693 ], [ -56.434485408918398, -30.082837717401191 ], [ -56.434346507692595, -30.081851172479205 ], [ -56.434035130593294, -30.070519388935093 ], [ -56.433584852268197, -30.060452452094591 ], [ -56.434163781543397, -30.053055022467504 ], [ -56.433535681439004, -30.050267984979492 ], [ -56.432985289779197, -30.049312588136097 ], [ -56.432279126894898, -30.048461038775692 ], [ -56.431022572350898, -30.0472252537283 ], [ -56.430295639970097, -30.046031007674099 ], [ -56.430036762405194, -30.045276228656398 ], [ -56.429527168596103, -30.042417115266602 ], [ -56.428612081532492, -30.041122453375586 ], [ -56.428470519915798, -30.041144660667193 ], [ -56.428035366945792, -30.039044381536495 ], [ -56.428596442480099, -30.038978486050301 ], [ -56.4286800347979, -30.037874210362997 ], [ -56.4271040606599, -30.0308064487953 ], [ -56.4271844675037, -30.030058665148193 ], [ -56.434973087708897, -30.017990108605989 ], [ -56.435000012718497, -30.017290058356899 ], [ -56.434839199031003, -30.016228688019197 ], [ -56.434109901451301, -30.0152346562075 ], [ -56.423276105992095, -30.018451731013801 ], [ -56.420404318788002, -30.019102372107195 ], [ -56.416397222610193, -30.019585337718194 ], [ -56.413253637401795, -30.019719634088091 ], [ -56.4102784983642, -30.019573951932198 ], [ -56.375582276653496, -30.014041341964393 ] ] ] } },
{ "type": "Feature", "properties": { "cd_setor": "432240035000003", "situacao": "Rural", "populacao_total": 137.0, "domicilios_total": 48.0, "area_km2": 203.38255044778418, "densidade_demografica_hab_km2": 0.67360744419011975, "sem_dado": false }, "geometry": { "type": "Polygon", "coordinates": [ [ [ -56.783880026610298, -29.9578679571359 ], [ -56.782073611961607, -29.956077796864012 ], [ -56.779189542682694, -29.954583406173199 ], [ -56.775924178999205, -29.953832657608885 ], [ -56.773460195935002, -29.951563856051791 ], [ -56.772628540729002, -29.949825080108603 ], [ -56.770882562199404, -29.948518431318792 ], [ -56.768148763221106, -29.94783294325649 ], [ -56.765452679449197, -29.947610016105294 ], [ -56.760747340687494, -29.94505795862349 ], [ -56.755327200563592, -29.940735527157493 ], [ -56.750845251280005, -29.940291732543383 ], [ -56.748264447119496, -29.939542219517797 ], [ -56.746901728403898, -29.938175854678285 ], [ -56.745343987499496, -29.937892729811704 ], [ -56.744052794194495, -29.937393070639793 ], [ -56.742011096242095, -29.933480268615199 ], [ -56.737805177932998, -29.929407695252692 ], [ -56.7354569717725, -29.927603637687 ], [ -56.732951405491207, -29.927164195729901 ], [ -56.730555105986497, -29.9281830219658 ], [ -56.726982654446807, -29.929229729047901 ], [ -56.723490217026601, -29.929223432269392 ], [ -56.721135993870696, -29.928101740338203 ], [ -56.7161724310617, -29.924088230961193 ], [ -56.711129397394402, -29.920757758356199 ], [ -56.707190120548297, -29.917894909733786 ], [ -56.704082650158298, -29.915407990351799 ], [ -56.702639594215007, -29.915402389230803 ], [ -56.701427483903892, -29.914283072364196 ], [ -56.699188398215497, -29.913067542956401 ], [ -56.696685873685794, -29.9125669200488 ], [ -56.693343779862197, -29.912620743069187 ], [ -56.690039247896003, -29.913262466124895 ], [ -56.686766720458095, -29.914248772934791 ], [ -56.680279362695799, -29.9133952297435 ], [ -56.678454233651394, -29.913702768825011 ], [ -56.673963765954298, -29.9161722890947 ], [ -56.672029767643892, -29.91589680029519 ], [ -56.669373154933503, -29.915208536035603 ], [ -56.667318388830196, -29.914170848943595 ], [ -56.665454283325495, -29.914727844587397 ], [ -56.660346019725694, -29.916960547090198 ], [ -56.649667704595103, -29.920716066385012 ], [ -56.645432120877302, -29.922637661232702 ], [ -56.640563047560399, -29.926387679372297 ], [ -56.637571386871791, -29.928511343951907 ], [ -56.634190579902295, -29.931038518484097 ], [ -56.621313959904498, -29.940663873144295 ], [ -56.612190013706602, -29.947783862781893 ], [ -56.608090788335694, -29.950115477053899 ], [ -56.592765772542897, -29.957492852581492 ], [ -56.578117060471797, -29.963373905661797 ], [ -56.569970828642795, -29.966356019329496 ], [ -56.572063615718498, -29.967418816308601 ], [ -56.574658116690401, -29.966957918675501 ], [ -56.577617554598199, -29.967827874331711 ], [ -56.580059741537596, -29.9704552693434 ], [ -56.582366691012702, -29.972417146829393 ], [ -56.5832848339222, -29.97445489609829 ], [ -56.589875256604401, -29.981476450333297 ], [ -56.596104856160395, -29.986306556832307 ], [ -56.599748041090606, -29.989954868297382 ], [ -56.602613714347704, -29.991684428116301 ], [ -56.6065021756935, -29.992008787099405 ], [ -56.6092325842327, -29.992603015402008 ], [ -56.609957072921894, -29.996281737484793 ], [ -56.610509248910802, -29.997534880314891 ], [ -56.611846119507405, -29.999378358877202 ], [ -56.614617908804895, -30.00094810676341 ], [ -56.615637141632398, -30.000796235878695 ], [ -56.616597446993296, -30.003888674836201 ], [ -56.618072369022897, -30.005769911591006 ], [ -56.618991613359597, -30.007571115218703 ], [ -56.617784576820704, -30.008272229966295 ], [ -56.6177312412295, -30.010188340194702 ], [ -56.6193897571736, -30.012383278436499 ], [ -56.620212498296603, -30.014966291880498 ], [ -56.622057946013499, -30.016615595622497 ], [ -56.619052012533899, -30.015626823246102 ], [ -56.6174758007798, -30.016408311373489 ], [ -56.613826194877014, -30.019946284156003 ], [ -56.617624056639102, -30.024321636844888 ], [ -56.619216112145793, -30.0261227501455 ], [ -56.620904655865097, -30.027811293864701 ], [ -56.622287653577999, -30.02893698967759 ], [ -56.624137010984796, -30.031027567615691 ], [ -56.624387265992901, -30.031427975628688 ], [ -56.6248445912099, -30.032346239853595 ], [ -56.625343113641399, -30.033150308291301 ], [ -56.626645704510594, -30.035980629192093 ], [ -56.627337203367006, -30.037637010173899 ], [ -56.627760596646198, -30.038944006818308 ], [ -56.627916132642099, -30.039743669480799 ], [ -56.628446817811096, -30.041062341718607 ], [ -56.6287362824486, -30.041898572893896 ], [ -56.628864933398603, -30.043747930300693 ], [ -56.629154398036299, -30.044664568319693 ], [ -56.629701164573902, -30.045227416226094 ], [ -56.6312932200807, -30.046031484663896 ], [ -56.632402834524697, -30.046948122682899 ], [ -56.633962727293905, -30.047687865645603 ], [ -56.635474375956896, -30.0487170732459 ], [ -56.636214118919597, -30.049633711264907 ], [ -56.638095639063899, -30.051997672471792 ], [ -56.639192313309096, -30.052740439888797 ], [ -56.641263668708596, -30.0545546101038 ], [ -56.643161270221704, -30.055905445079205 ], [ -56.644881976678398, -30.057111547735804 ], [ -56.646956473247698, -30.058221162179798 ], [ -56.6482781991213, -30.059076053307798 ], [ -56.649320434454694, -30.059941868636596 ], [ -56.650703432167603, -30.060922832130608 ], [ -56.652166836724291, -30.061887714255899 ], [ -56.653646322649692, -30.062836515012492 ], [ -56.654514716562495, -30.063560176606501 ], [ -56.655447435950293, -30.064798442000598 ], [ -56.656979707393702, -30.067349466890199 ], [ -56.6581540893078, -30.069304654076898 ], [ -56.658904930232509, -30.071488291402503 ], [ -56.659086008957793, -30.073574318318496 ], [ -56.659081825288801, -30.075765935491297 ], [ -56.659296695180899, -30.077473875659692 ], [ -56.659274801713799, -30.079030453348498 ], [ -56.659708998670197, -30.080751159805295 ], [ -56.661896064820901, -30.0840478404 ], [ -56.662619726414796, -30.085672058644196 ], [ -56.663327306639999, -30.087714392476091 ], [ -56.664469083821594, -30.090560794745599 ], [ -56.665466128684393, -30.092426233521195 ], [ -56.665836000165697, -30.093568010702704 ], [ -56.666414929440897, -30.095015333890693 ], [ -56.667170753772403, -30.096108866965992 ], [ -56.668006984947596, -30.096768203085006 ], [ -56.669158184067896, -30.097164377005299 ], [ -56.669840508822602, -30.096389007965897 ], [ -56.671815344447403, -30.095966239548005 ], [ -56.673567055683399, -30.095896635128003 ], [ -56.675053124528198, -30.095771359259707 ], [ -56.676652851635595, -30.095757426288106 ], [ -56.679599438748006, -30.095595015974784 ], [ -56.683868509839904, -30.095258594611593 ], [ -56.685875437282398, -30.094933773985101 ], [ -56.686327191665299, -30.094891726629498 ], [ -56.688056375775105, -30.09508458356169 ], [ -56.689347750563698, -30.094892273794205 ], [ -56.690190911321004, -30.094864169565092 ], [ -56.692139835080297, -30.094701759251791 ], [ -56.692627066020194, -30.094446543045198 ], [ -56.694077158102999, -30.094353737151895 ], [ -56.694392037971703, -30.094141085411497 ], [ -56.695002738699898, -30.092773691524986 ], [ -56.697104950371795, -30.081708934189599 ], [ -56.698091012988201, -30.0764770019548 ], [ -56.699517903597801, -30.069214940803892 ], [ -56.699735525500699, -30.068207692176593 ], [ -56.700169722457098, -30.067451867845097 ], [ -56.701407987851205, -30.066374416138604 ], [ -56.702405032714005, -30.065538184963302 ], [ -56.707132955127896, -30.06245056216239 ], [ -56.708274732309398, -30.061517842774602 ], [ -56.710526123935097, -30.060167007799201 ], [ -56.711748307960505, -30.058928742405097 ], [ -56.712745352823298, -30.056709513517006 ], [ -56.712938329248395, -30.055599899072895 ], [ -56.714771605286401, -30.050293047383885 ], [ -56.715255569179902, -30.047426444827295 ], [ -56.715350534561601, -30.044230371363298 ], [ -56.715800812886691, -30.041850328787596 ], [ -56.715559592355298, -30.040049215486999 ], [ -56.715189720873894, -30.038296346292686 ], [ -56.715366615930094, -30.036784697629791 ], [ -56.715720406042699, -30.035369537179392 ], [ -56.7185989710499, -30.027055469533085 ], [ -56.721509698794499, -30.018532344093192 ], [ -56.722201197651003, -30.017068939536497 ], [ -56.723172561682105, -30.015668133902494 ], [ -56.731640961110003, -30.004638041489098 ], [ -56.736417127630197, -29.998478877256098 ], [ -56.736996056905298, -29.997883866612202 ], [ -56.740292737500098, -29.9953912544552 ], [ -56.740743015825196, -29.994522860542499 ], [ -56.740704220075699, -29.9938819542012 ], [ -56.7404374698189, -29.992432282604295 ], [ -56.740509574127294, -29.990666400328095 ], [ -56.740966183396203, -29.989401943891199 ], [ -56.742581877732192, -29.988453601563599 ], [ -56.745216161975598, -29.987961868504801 ], [ -56.749668175484103, -29.982751298613994 ], [ -56.7506169762406, -29.982108043863903 ], [ -56.755811258348494, -29.977380121450004 ], [ -56.758786311568109, -29.974340742755302 ], [ -56.765770075086699, -29.966926503984894 ], [ -56.769239201258607, -29.967763462934595 ], [ -56.771072477296698, -29.966139244690403 ], [ -56.773243462078504, -29.964418538233698 ], [ -56.775108900854001, -29.9632445983145 ], [ -56.777054746473397, -29.9622475534518 ], [ -56.781075088662099, -29.959545883501001 ], [ -56.783880026610298, -29.9578679571359 ] ] ] } },
{ "type": "Feature", "properties": { "cd_setor": "432240035000004", "situacao": "Rural", "populacao_total": 98.0, "domicilios_total": 39.0, "area_km2": 134.19846835211251, "densidade_demografica_hab_km2": 0.73026168780753686, "sem_dado": false }, "geometry": { "type": "Polygon", "coordinates": [ [ [ -56.283236331697296, -29.922831549978007 ], [ -56.2830861805487, -29.92396764539571 ], [ -56.280891833399096, -29.926263581573096 ], [ -56.280664605424697, -29.929108016231094 ], [ -56.278229819512298, -29.931860747360204 ], [ -56.274144281200002, -29.933823122900694 ], [ -56.265235495523299, -29.94242584431889 ], [ -56.2647115754664, -29.945958886158191 ], [ -56.262381887895003, -29.949499477290495 ], [ -56.258389315545891, -29.950806030728796 ], [ -56.2522158105727, -29.955659366749796 ], [ -56.250328601612296, -29.955688888921184 ], [ -56.247286335212898, -29.958124122672302 ], [ -56.247706311648599, -29.961130626208796 ], [ -56.244747652780696, -29.962593191645194 ], [ -56.245703642976501, -29.967410312361601 ], [ -56.244116125377296, -29.971515085849294 ], [ -56.244729750526503, -29.976588723580694 ], [ -56.243767049282901, -29.977790925230615 ], [ -56.240363777357295, -29.981261971321793 ], [ -56.234297159054002, -29.983138735930709 ], [ -56.226598225083094, -29.982522410032495 ], [ -56.224933491049697, -29.983952766737001 ], [ -56.222635965833298, -29.982895004898598 ], [ -56.220433698403397, -29.986021566642805 ], [ -56.216428796101503, -29.9875606759074 ], [ -56.209781227478501, -29.992771811834597 ], [ -56.204034702205902, -29.993897898287589 ], [ -56.200129379171898, -29.9927872809862 ], [ -56.199386547825299, -29.996328293244488 ], [ -56.1974828205732, -29.997759606683204 ], [ -56.193493227112498, -29.997580825085794 ], [ -56.190436101602799, -29.999786924226303 ], [ -56.187783728341898, -29.999564084314503 ], [ -56.184590042106805, -30.001412515977506 ], [ -56.183023462897602, -30.006560540097301 ], [ -56.1789228950786, -30.013600932870304 ], [ -56.1751373188144, -30.015291216608091 ], [ -56.172873332364198, -30.017776904878602 ], [ -56.170244912243199, -30.019149466939304 ], [ -56.168637785358399, -30.021241005557101 ], [ -56.167361797880801, -30.026259635871199 ], [ -56.166430415886005, -30.026676255335197 ], [ -56.159552005615595, -30.029125770366388 ], [ -56.155563006032899, -30.032572806349702 ], [ -56.155404123077496, -30.035819089078192 ], [ -56.152816092804592, -30.039474856214095 ], [ -56.153968751987598, -30.042039577232195 ], [ -56.153122450967004, -30.053826072920298 ], [ -56.150267888032801, -30.055011696577388 ], [ -56.152135313073003, -30.057804304752988 ], [ -56.155961744193895, -30.057807312243501 ], [ -56.167405736817798, -30.057246535835397 ], [ -56.176315850857002, -30.056872684896593 ], [ -56.186347517712498, -30.056457294964702 ], [ -56.196296106581499, -30.055938057549795 ], [ -56.205912383505002, -30.055398050638402 ], [ -56.216193284319594, -30.054878813223606 ], [ -56.222029512862896, -30.054588040271199 ], [ -56.225768022249902, -30.052988789033407 ], [ -56.228218822848198, -30.051576463264894 ], [ -56.232331183174004, -30.048855659210886 ], [ -56.237440479336399, -30.04561561774209 ], [ -56.2444813386821, -30.041108636981001 ], [ -56.2517091234972, -30.036539347730105 ], [ -56.262924651658601, -30.029664644357101 ], [ -56.270671673888501, -30.024991507623302 ], [ -56.272333233616095, -30.023994571786698 ], [ -56.274264796799393, -30.023205330916095 ], [ -56.275649821647598, -30.02297852101449 ], [ -56.279664865914199, -30.021730696657798 ], [ -56.283881073723009, -30.020442987868901 ], [ -56.296218154700398, -30.016849864957901 ], [ -56.307059831923098, -30.013526745502695 ], [ -56.317839200655897, -30.010099778564495 ], [ -56.324921598994798, -30.0079812899118 ], [ -56.329428579755998, -30.006901276088904 ], [ -56.338733314230595, -30.00654819464679 ], [ -56.348827289575802, -30.008022828905098 ], [ -56.352358103996899, -30.008479757830191 ], [ -56.359938970254198, -30.009725927625901 ], [ -56.367976765436502, -30.0114913348364 ], [ -56.375582276653496, -30.014041341964393 ], [ -56.355737149003801, -30.003513258971502 ], [ -56.354011057664401, -30.002853405660996 ], [ -56.3522664800958, -30.002463472185102 ], [ -56.350330539131797, -30.002310474637003 ], [ -56.350001498981499, -30.000753669821894 ], [ -56.3501101315657, -29.999073635723299 ], [ -56.349967601964202, -29.997732619435798 ], [ -56.348044060653095, -29.993524335525798 ], [ -56.347171845008006, -29.992139509003199 ], [ -56.346561978987893, -29.990449730423688 ], [ -56.345325738429196, -29.988569114409998 ], [ -56.344939179572499, -29.987469584215393 ], [ -56.343738589304003, -29.985426907628302 ], [ -56.343172036202795, -29.984032102543093 ], [ -56.342559354116297, -29.983011427097697 ], [ -56.341784433134301, -29.980730318928796 ], [ -56.337938743914094, -29.974471211127995 ], [ -56.337554558605603, -29.973156999906696 ], [ -56.334474505703604, -29.967972567934794 ], [ -56.334186948503394, -29.966577279936008 ], [ -56.333262675336798, -29.964940779642593 ], [ -56.331873717945193, -29.961908502959808 ], [ -56.330606583042197, -29.960051710909998 ], [ -56.329783490436903, -29.957772262706701 ], [ -56.3285546093351, -29.955729916157498 ], [ -56.327391451079706, -29.952992965274191 ], [ -56.325229452700597, -29.950518890374696 ], [ -56.322077144842098, -29.94737960772629 ], [ -56.316845619725903, -29.941154081935004 ], [ -56.316834220620201, -29.940617749976592 ], [ -56.317035086078199, -29.940031700263496 ], [ -56.317726352730503, -29.939417194417 ], [ -56.318257716312196, -29.938698189723496 ], [ -56.318325253561092, -29.938215476218897 ], [ -56.318134633690498, -29.937679589555799 ], [ -56.317416395302295, -29.937219702984795 ], [ -56.316825203621192, -29.9370560548724 ], [ -56.316169344089595, -29.937052245192199 ], [ -56.3127286059417, -29.934622931465196 ], [ -56.310608142739191, -29.932790794739997 ], [ -56.308257708470897, -29.931628128556195 ], [ -56.307965584721096, -29.931359111856299 ], [ -56.305821301317494, -29.930463314363394 ], [ -56.303237394532196, -29.929593192523399 ], [ -56.302127514492298, -29.928944377919404 ], [ -56.299787291906007, -29.928397264942895 ], [ -56.298905727389801, -29.927855355356098 ], [ -56.293506748921502, -29.926274799912196 ], [ -56.290215079248398, -29.925880215342307 ], [ -56.288475365824802, -29.926219706588892 ], [ -56.287460349629008, -29.926134512562793 ], [ -56.285825119472193, -29.925562295304399 ], [ -56.284616156501698, -29.924967345656906 ], [ -56.283753859549797, -29.92413012556009 ], [ -56.283236331697296, -29.922831549978007 ] ] ] } },
{ "type": "Feature", "properties": { "cd_setor": "432240035000005", "situacao": "Rural", "populacao_total": 141.0, "domicilios_total": 51.0, "area_km2": 147.18462068898668, "densidade_demografica_hab_km2": 0.95798052364414277, "sem_dado": false }, "geometry": { "type": "Polygon", "coordinates": [ [ [ -56.437964434713599, -30.102557912859098 ], [ -56.453884336283195, -30.0997318419235 ], [ -56.454545575991695, -30.099363337436195 ], [ -56.455028416751098, -30.098746595072399 ], [ -56.455531637940503, -30.096940165955392 ], [ -56.457001980446499, -30.096016434731496 ], [ -56.459645984929793, -30.094887697396203 ], [ -56.465283276601198, -30.092913858238205 ], [ -56.469888039960395, -30.092112416828499 ], [ -56.472829133120399, -30.090423317588193 ], [ -56.477916009586103, -30.088449386473897 ], [ -56.479496809948195, -30.087557596986297 ], [ -56.481332557394005, -30.086945904742898 ], [ -56.483443764893792, -30.085981845482696 ], [ -56.486972278929095, -30.084232659856699 ], [ -56.492247793755702, -30.080867873948591 ], [ -56.494525354687795, -30.080009593341696 ], [ -56.4990090808746, -30.077645080322696 ], [ -56.513041935067797, -30.071080550398094 ], [ -56.539940754583391, -30.070465639898597 ], [ -56.552933196037195, -30.062021823112591 ], [ -56.579518397767103, -30.044292009590595 ], [ -56.594989469825201, -30.0329979286822 ], [ -56.603025816648199, -30.028057042581199 ], [ -56.611525158239999, -30.022176937330698 ], [ -56.613826194877014, -30.019946284156003 ], [ -56.6174758007798, -30.016408311373489 ], [ -56.619052012533899, -30.015626823246102 ], [ -56.622057946013499, -30.016615595622497 ], [ -56.620212498296603, -30.014966291880498 ], [ -56.6193897571736, -30.012383278436499 ], [ -56.6177312412295, -30.010188340194702 ], [ -56.617784576820704, -30.008272229966295 ], [ -56.618991613359597, -30.007571115218703 ], [ -56.618072369022897, -30.005769911591006 ], [ -56.616597446993296, -30.003888674836201 ], [ -56.615637141632398, -30.000796235878695 ], [ -56.614617908804895, -30.00094810676341 ], [ -56.611846119507405, -29.999378358877202 ], [ -56.610509248910802, -29.997534880314891 ], [ -56.609957072921894, -29.996281737484793 ], [ -56.6092325842327, -29.992603015402008 ], [ -56.6065021756935, -29.992008787099405 ], [ -56.602613714347704, -29.991684428116301 ], [ -56.599748041090606, -29.989954868297382 ], [ -56.596104856160395, -29.986306556832307 ], [ -56.589875256604401, -29.981476450333297 ], [ -56.5832848339222, -29.97445489609829 ], [ -56.582366691012702, -29.972417146829393 ], [ -56.580059741537596, -29.9704552693434 ], [ -56.577617554598199, -29.967827874331711 ], [ -56.574658116690401, -29.966957918675501 ], [ -56.572063615718498, -29.967418816308601 ], [ -56.569970828642795, -29.966356019329496 ], [ -56.562257400510696, -29.969179561771004 ], [ -56.557403303612404, -29.971491888014995 ], [ -56.548690032510699, -29.978249938755201 ], [ -56.543347578106797, -29.982087800386193 ], [ -56.528616168127201, -29.991945106786098 ], [ -56.521150048243307, -29.996510831320592 ], [ -56.5138729169065, -29.999635300533402 ], [ -56.511260478912398, -30.00148484846499 ], [ -56.506817856462895, -30.001796688767989 ], [ -56.504097675065196, -30.001593256535799 ], [ -56.500130783644401, -30.001529751054804 ], [ -56.478300166315499, -30.003352508236496 ], [ -56.4699393290853, -30.004778212739204 ], [ -56.461898837126796, -30.006968343812694 ], [ -56.456692920352396, -30.00871382333181 ], [ -56.443410078044302, -30.012472986585291 ], [ -56.434109901451301, -30.0152346562075 ], [ -56.434839199031003, -30.016228688019197 ], [ -56.435000012718604, -30.017290058356899 ], [ -56.434973087709011, -30.017990108606089 ], [ -56.4271844675038, -30.030058665148193 ], [ -56.427104060660007, -30.0308064487953 ], [ -56.4286800347979, -30.037874210362997 ], [ -56.428596442480099, -30.038978486050301 ], [ -56.429157518014399, -30.038912590564021 ], [ -56.4287536431492, -30.0411002460839 ], [ -56.428612081532492, -30.041122453375586 ], [ -56.429527168596103, -30.042417115266602 ], [ -56.430036762405194, -30.045276228656398 ], [ -56.430295639969998, -30.046031007674099 ], [ -56.431022572350898, -30.0472252537283 ], [ -56.432279126894898, -30.048461038775805 ], [ -56.432985289779104, -30.049312588136097 ], [ -56.433535681438904, -30.050267984979492 ], [ -56.434163781543297, -30.053055022467504 ], [ -56.433584852268098, -30.060452452094697 ], [ -56.434035130593195, -30.070519388935093 ], [ -56.434346507692595, -30.081851172479205 ], [ -56.434485408918398, -30.082837717401191 ], [ -56.435514616518695, -30.087726453502693 ], [ -56.436961939706599, -30.093515746254401 ], [ -56.438489669738296, -30.100591548506394 ], [ -56.437964434713599, -30.102557912859098 ] ] ] } },
{ "type": "Feature", "properties": { "cd_setor": "432240035000006", "situacao": "Rural", "populacao_total": 85.0, "domicilios_total": 30.0, "area_km2": 219.47250698705454, "densidade_demografica_hab_km2": 0.38729224524242428, "sem_dado": false }, "geometry": { "type": "Polygon", "coordinates": [ [ [ -56.613826194877014, -30.019946284156003 ], [ -56.611525158239999, -30.022176937330698 ], [ -56.603025816648199, -30.028057042581199 ], [ -56.594989469825201, -30.0329979286822 ], [ -56.579518397767103, -30.044292009590595 ], [ -56.552933196037195, -30.062021823112591 ], [ -56.539940754583391, -30.070465639898597 ], [ -56.513041935067797, -30.071080550398094 ], [ -56.4990090808746, -30.077645080322696 ], [ -56.494525354687795, -30.080009593341696 ], [ -56.492247793755702, -30.080867873948591 ], [ -56.486972278929095, -30.084232659856699 ], [ -56.483443764893792, -30.085981845482696 ], [ -56.481332557394005, -30.086945904742898 ], [ -56.479496809948195, -30.087557596986297 ], [ -56.477916009586103, -30.088449386473897 ], [ -56.472829133120399, -30.090423317588193 ], [ -56.469888039960395, -30.092112416828499 ], [ -56.465283276601198, -30.092913858238205 ], [ -56.459645984929793, -30.094887697396203 ], [ -56.457001980446499, -30.096016434731496 ], [ -56.455531637940503, -30.096940165955392 ], [ -56.455028416751098, -30.098746595072399 ], [ -56.454545575991695, -30.099363337436195 ], [ -56.453884336283195, -30.0997318419235 ], [ -56.437964434713599, -30.102557912859098 ], [ -56.4351702992113, -30.109702526835285 ], [ -56.434579645972299, -30.110288738650802 ], [ -56.426704991123401, -30.1153881918653 ], [ -56.420774326307097, -30.117201745357594 ], [ -56.419743900277794, -30.117847390805004 ], [ -56.418654170253298, -30.119126198698996 ], [ -56.418358107671196, -30.119711428560208 ], [ -56.418171248655703, -30.120391128215402 ], [ -56.418309463433104, -30.121632904698799 ], [ -56.426139801738799, -30.120753697794591 ], [ -56.4304470649843, -30.123970634370099 ], [ -56.433686714506294, -30.124868251279992 ], [ -56.435805061546695, -30.132258796642187 ], [ -56.439612083330793, -30.136921938369394 ], [ -56.445384205697195, -30.13727446879189 ], [ -56.449184865007197, -30.139342422663105 ], [ -56.459902805273003, -30.140784985957399 ], [ -56.460808887474698, -30.142365764453693 ], [ -56.462101335669196, -30.14294926651149 ], [ -56.466001536544695, -30.14177607324611 ], [ -56.472565276028298, -30.143424447404101 ], [ -56.477569011660094, -30.145825952253091 ], [ -56.480314450673703, -30.149453799701902 ], [ -56.482192445601797, -30.150442601444194 ], [ -56.488976538649801, -30.149999530003704 ], [ -56.500599747918194, -30.14754084433871 ], [ -56.503672346186192, -30.148055758567299 ], [ -56.505870234396504, -30.149656646560988 ], [ -56.509379828684501, -30.156434939932492 ], [ -56.512761537114699, -30.159012095443693 ], [ -56.515105659232908, -30.158709347811786 ], [ -56.517767926829301, -30.156708074600505 ], [ -56.524886191566395, -30.148709991802892 ], [ -56.529548244002598, -30.147344464571201 ], [ -56.534977925774299, -30.144376177782195 ], [ -56.544849359827296, -30.135174347415504 ], [ -56.546767180332999, -30.134304072450103 ], [ -56.562113370472495, -30.145560982821806 ], [ -56.568625815157297, -30.14667623230811 ], [ -56.573988041403503, -30.145312591343096 ], [ -56.578534385271695, -30.145236044762797 ], [ -56.580796953190799, -30.144172775786995 ], [ -56.584011705261894, -30.144272768308802 ], [ -56.587563650549797, -30.144841193937701 ], [ -56.590716462739501, -30.146502042613896 ], [ -56.594245589781401, -30.145797648476002 ], [ -56.600191921665093, -30.148072959935593 ], [ -56.613974300389998, -30.158415854548092 ], [ -56.615395958050101, -30.162275285333394 ], [ -56.621184779233502, -30.169094110759495 ], [ -56.624905040672097, -30.175340029894098 ], [ -56.624284375368894, -30.179857752537906 ], [ -56.625231125476496, -30.183012463870003 ], [ -56.6433944275188, -30.186868301950792 ], [ -56.648285037364694, -30.187164610054189 ], [ -56.650896902480007, -30.188392144508796 ], [ -56.652157763837096, -30.191053118050203 ], [ -56.653472822723202, -30.190538326827298 ], [ -56.655562688223007, -30.189344117970304 ], [ -56.656388097286005, -30.1884133375376 ], [ -56.656626103604395, -30.187875236296009 ], [ -56.656739335185094, -30.187131319205793 ], [ -56.656721773290094, -30.184110673273299 ], [ -56.657002763609498, -30.181441265240007 ], [ -56.657816868445494, -30.179640848737698 ], [ -56.658741391210199, -30.178613800152004 ], [ -56.659004819634497, -30.177542524559705 ], [ -56.658548210365694, -30.175610716114509 ], [ -56.658460400891002, -30.173433041139795 ], [ -56.658741391210199, -30.172748127236595 ], [ -56.659101410056799, -30.172344203652493 ], [ -56.659589726600593, -30.171935123377988 ], [ -56.661345972618399, -30.171475801671797 ], [ -56.662370008461998, -30.170837877703601 ], [ -56.662831663965306, -30.1701495913169 ], [ -56.664308961575699, -30.169973322852002 ], [ -56.664686679714698, -30.169780266914294 ], [ -56.665416934783501, -30.168647112497197 ], [ -56.6657724648623, -30.166962911279096 ], [ -56.666082263301895, -30.166496092632002 ], [ -56.666220413202893, -30.165630306053899 ], [ -56.666268450119397, -30.163247675000896 ], [ -56.666210805819603, -30.161057191613402 ], [ -56.666068439083396, -30.160327091164195 ], [ -56.666066695070406, -30.159548832438791 ], [ -56.665901334797695, -30.156321129510694 ], [ -56.665864940021599, -30.154274379018997 ], [ -56.665907126047799, -30.152900351059795 ], [ -56.6658937621715, -30.151862925816094 ], [ -56.665125171509295, -30.150412210941202 ], [ -56.664971453376801, -30.149806945794591 ], [ -56.664952238610297, -30.148298586619898 ], [ -56.664577550662393, -30.145570089768889 ], [ -56.664346973463793, -30.143369998998196 ], [ -56.664241292247695, -30.140362888032101 ], [ -56.663962678132599, -30.137605569031294 ], [ -56.663386235135896, -30.134214162734001 ], [ -56.663222909620195, -30.132062108879694 ], [ -56.663455136775099, -30.1295723079974 ], [ -56.663404810367005, -30.129086342719901 ], [ -56.663184396370397, -30.128831126513298 ], [ -56.662557956590497, -30.128390298520092 ], [ -56.662488352170598, -30.127868265370306 ], [ -56.662581158063894, -30.126638587284109 ], [ -56.662836374270498, -30.125466912881095 ], [ -56.663184396370397, -30.124991282677993 ], [ -56.664326073806293, -30.124242173366802 ], [ -56.664854902449797, -30.121708274202394 ], [ -56.665406934530004, -30.118505642950499 ], [ -56.666513807792498, -30.114759432941593 ], [ -56.666603398948098, -30.114145818300997 ], [ -56.667093844625697, -30.112613296659003 ], [ -56.667221452729002, -30.111000794262797 ], [ -56.6675926763021, -30.109005467556894 ], [ -56.667727054670202, -30.107936134945493 ], [ -56.668590339655104, -30.104515982468399 ], [ -56.669158184067896, -30.097164377005299 ], [ -56.668006984947596, -30.096768203085006 ], [ -56.667170753772403, -30.096108866965992 ], [ -56.666414929440897, -30.095015333890693 ], [ -56.665836000165697, -30.093568010702704 ], [ -56.665466128684393, -30.092426233521195 ], [ -56.664469083821594, -30.090560794745599 ], [ -56.663327306639999, -30.087714392476091 ], [ -56.662619726414796, -30.085672058644196 ], [ -56.661896064820901, -30.0840478404 ], [ -56.659708998670197, -30.080751159805295 ], [ -56.659274801713799, -30.079030453348498 ], [ -56.659296695180899, -30.077473875659692 ], [ -56.659081825288801, -30.075765935491297 ], [ -56.659086008957793, -30.073574318318496 ], [ -56.658904930232509, -30.071488291402503 ], [ -56.6581540893078, -30.069304654076898 ], [ -56.656979707393702, -30.067349466890199 ], [ -56.655447435950293, -30.064798442000598 ], [ -56.654514716562495, -30.063560176606501 ], [ -56.653646322649692, -30.062836515012492 ], [ -56.652166836724291, -30.061887714255899 ], [ -56.650703432167603, -30.060922832130696 ], [ -56.649320434454694, -30.059941868636699 ], [ -56.6482781991213, -30.059076053307798 ], [ -56.646956473247698, -30.058221162179901 ], [ -56.644881976678299, -30.057111547735893 ], [ -56.643161270221597, -30.055905445079205 ], [ -56.641263668708497, -30.054554610103903 ], [ -56.639192313309003, -30.052740439888797 ], [ -56.638095639063899, -30.051997672471792 ], [ -56.636214118919597, -30.049633711264907 ], [ -56.635474375956896, -30.0487170732459 ], [ -56.633962727293905, -30.047687865645603 ], [ -56.632402834524697, -30.046948122682899 ], [ -56.6312932200807, -30.046031484663896 ], [ -56.629701164573902, -30.045227416226094 ], [ -56.629154398036299, -30.044664568319693 ], [ -56.628864933398603, -30.043747930300693 ], [ -56.6287362824486, -30.041898572893896 ], [ -56.628446817811096, -30.041062341718607 ], [ -56.627916132642099, -30.039743669480799 ], [ -56.627760596646198, -30.038944006818397 ], [ -56.627337203367006, -30.037637010173899 ], [ -56.626645704510594, -30.035980629192093 ], [ -56.625343113641399, -30.033150308291301 ], [ -56.62484459121, -30.032346239853595 ], [ -56.624387265992901, -30.031427975628688 ], [ -56.624137010984796, -30.031027567615691 ], [ -56.622287653577999, -30.02893698967759 ], [ -56.620904655865097, -30.027811293864701 ], [ -56.619216112145793, -30.0261227501455 ], [ -56.617624056639102, -30.024321636844888 ], [ -56.613826194877014, -30.019946284156003 ] ] ] } },
{ "type": "Feature", "properties": { "cd_setor": "432240035000007", "situacao": "Rural", "populacao_total": 158.0, "domicilios_total": 64.0, "area_km2": 288.74885276582108, "densidade_demografica_hab_km2": 0.54718832122301098, "sem_dado": false }, "geometry": { "type": "Polygon", "coordinates": [ [ [ -56.783880026610298, -29.9578679571359 ], [ -56.781075088662099, -29.959545883501001 ], [ -56.777054746473397, -29.9622475534518 ], [ -56.775108900854093, -29.9632445983145 ], [ -56.773243462078504, -29.964418538233698 ], [ -56.771072477296698, -29.966139244690403 ], [ -56.769239201258607, -29.967763462934595 ], [ -56.765770075086699, -29.966926503984894 ], [ -56.758786311568109, -29.974340742755302 ], [ -56.755811258348494, -29.977380121450004 ], [ -56.7506169762407, -29.982108043863903 ], [ -56.749668175484103, -29.982751298613994 ], [ -56.745216161975598, -29.987961868504801 ], [ -56.742581877732192, -29.988453601563599 ], [ -56.740966183396203, -29.989401943891199 ], [ -56.740509574127294, -29.990666400328095 ], [ -56.7404374698189, -29.992432282604295 ], [ -56.740704220075699, -29.9938819542012 ], [ -56.740743015825295, -29.994522860542499 ], [ -56.740292737500098, -29.9953912544552 ], [ -56.736996056905497, -29.997883866612209 ], [ -56.736417127630197, -29.998478877256201 ], [ -56.731640961110102, -30.004638041489208 ], [ -56.723172561682198, -30.015668133902597 ], [ -56.722201197651096, -30.01706893953661 ], [ -56.721509698794698, -30.018532344093188 ], [ -56.718598971050007, -30.027055469533195 ], [ -56.715720406042898, -30.035369537179495 ], [ -56.715366615930293, -30.036784697629894 ], [ -56.715189720874001, -30.038296346292796 ], [ -56.715559592355298, -30.040049215486999 ], [ -56.715800812886691, -30.041850328787596 ], [ -56.715350534561601, -30.044230371363298 ], [ -56.715255569179902, -30.047426444827295 ], [ -56.714771605286302, -30.050293047383885 ], [ -56.712938329248395, -30.055599899072895 ], [ -56.712745352823298, -30.056709513517006 ], [ -56.711748307960505, -30.058928742405097 ], [ -56.710526123935097, -30.060167007799297 ], [ -56.708274732309398, -30.061517842774602 ], [ -56.707132955127896, -30.06245056216239 ], [ -56.702405032714005, -30.065538184963302 ], [ -56.701407987851205, -30.066374416138604 ], [ -56.700169722457098, -30.067451867845097 ], [ -56.699735525500699, -30.068207692176593 ], [ -56.699517903597801, -30.069214940803892 ], [ -56.698091012988307, -30.0764770019548 ], [ -56.697104950371894, -30.081708934189599 ], [ -56.695002738699898, -30.092773691524986 ], [ -56.694392037971703, -30.094141085411497 ], [ -56.694077158102999, -30.094353737151895 ], [ -56.692627066020194, -30.094446543045198 ], [ -56.692139835080297, -30.094701759251791 ], [ -56.690190911321004, -30.094864169565092 ], [ -56.689347750563698, -30.094892273794205 ], [ -56.688056375775105, -30.09508458356169 ], [ -56.686327191665299, -30.094891726629498 ], [ -56.685875437282398, -30.094933773985101 ], [ -56.683868509839904, -30.095258594611593 ], [ -56.679599438748006, -30.095595015974784 ], [ -56.676652851635595, -30.095757426288106 ], [ -56.675053124528198, -30.095771359259707 ], [ -56.673567055683399, -30.095896635128003 ], [ -56.671815344447403, -30.095966239548005 ], [ -56.669840508822602, -30.096389007965897 ], [ -56.669158184067896, -30.097164377005299 ], [ -56.668590339655104, -30.104515982468399 ], [ -56.667727054670202, -30.107936134945493 ], [ -56.6675926763021, -30.109005467556894 ], [ -56.667221452728896, -30.111000794262797 ], [ -56.667093844625697, -30.112613296659003 ], [ -56.666603398948098, -30.114145818300997 ], [ -56.666513807792498, -30.114759432941593 ], [ -56.665406934530004, -30.118505642950499 ], [ -56.664854902449797, -30.121708274202394 ], [ -56.664326073806293, -30.124242173366802 ], [ -56.663184396370291, -30.124991282677993 ], [ -56.662836374270398, -30.125466912881095 ], [ -56.662581158063894, -30.126638587284109 ], [ -56.662488352170598, -30.127868265370306 ], [ -56.662557956590497, -30.128390298520092 ], [ -56.663184396370397, -30.128831126513298 ], [ -56.663404810366899, -30.129086342719901 ], [ -56.663455136775099, -30.1295723079974 ], [ -56.663222909620195, -30.132062108879694 ], [ -56.663386235135896, -30.134214162734001 ], [ -56.663962678132499, -30.137605569031294 ], [ -56.664241292247596, -30.140362888032101 ], [ -56.664346973463694, -30.143369998998196 ], [ -56.664577550662393, -30.145570089768889 ], [ -56.664952238610297, -30.148298586619898 ], [ -56.664971453376801, -30.149806945794591 ], [ -56.665125171509295, -30.150412210941202 ], [ -56.6658937621715, -30.151862925816094 ], [ -56.665907126047799, -30.152900351059795 ], [ -56.665864940021599, -30.154274379018997 ], [ -56.665901334797795, -30.156321129510694 ], [ -56.666066695070498, -30.159548832438791 ], [ -56.666068439083396, -30.160327091164195 ], [ -56.666210805819603, -30.161057191613402 ], [ -56.666268450119397, -30.163247675000896 ], [ -56.666220413202893, -30.165630306053899 ], [ -56.666082263301895, -30.166496092632002 ], [ -56.6657724648623, -30.166962911279096 ], [ -56.6654169347836, -30.168647112497197 ], [ -56.664686679714698, -30.169780266914294 ], [ -56.664308961575699, -30.169973322852002 ], [ -56.662831663965306, -30.1701495913169 ], [ -56.662370008461998, -30.170837877703601 ], [ -56.661345972618399, -30.171475801671797 ], [ -56.659589726600593, -30.171935123377988 ], [ -56.659101410056699, -30.172344203652397 ], [ -56.6587413912101, -30.172748127236488 ], [ -56.658460400890796, -30.173433041139692 ], [ -56.658548210365595, -30.175610716114392 ], [ -56.659004819634397, -30.177542524559602 ], [ -56.6587413912101, -30.178613800152004 ], [ -56.657816868445394, -30.179640848737698 ], [ -56.657002763609498, -30.181441265240007 ], [ -56.656721773290094, -30.184110673273299 ], [ -56.656739335185094, -30.187131319205793 ], [ -56.656626103604395, -30.187875236295895 ], [ -56.656388097286005, -30.1884133375376 ], [ -56.655562688222894, -30.189344117970304 ], [ -56.653472822723202, -30.190538326827298 ], [ -56.652157763837096, -30.191053118050203 ], [ -56.652804904867494, -30.192418871033102 ], [ -56.654119900994999, -30.198301310335591 ], [ -56.658723107164704, -30.201754972865203 ], [ -56.663009473640699, -30.198794689402199 ], [ -56.678702611986893, -30.201222387612304 ], [ -56.679657765614003, -30.200205735989705 ], [ -56.6798383894252, -30.196751695484597 ], [ -56.680623879017496, -30.1957240778505 ], [ -56.682085721621398, -30.195621180118799 ], [ -56.688390750884004, -30.199741302542794 ], [ -56.692560791083103, -30.203834606476391 ], [ -56.696768926873595, -30.205884011790783 ], [ -56.697824981968097, -30.205296112588197 ], [ -56.700190256267497, -30.198481147232783 ], [ -56.704418767633499, -30.194327975568303 ], [ -56.707930187859006, -30.189451991825397 ], [ -56.707937448607893, -30.187706398542204 ], [ -56.7052031709161, -30.181496847931385 ], [ -56.705213751365697, -30.1778191095141 ], [ -56.706473487555193, -30.176830263054693 ], [ -56.712079514530593, -30.177243790341798 ], [ -56.717362841858495, -30.180956288437596 ], [ -56.719134795822697, -30.180884434286089 ], [ -56.729793424682299, -30.172582487180598 ], [ -56.746217205529398, -30.167890854590599 ], [ -56.753494387142197, -30.165113115990085 ], [ -56.759039890457494, -30.161767342163802 ], [ -56.762267431039398, -30.161773419496107 ], [ -56.773696881560397, -30.165468677782595 ], [ -56.776948835705497, -30.164526345944903 ], [ -56.781465778222199, -30.160302562430605 ], [ -56.784297030204009, -30.154266213356308 ], [ -56.784301973982203, -30.15211501714829 ], [ -56.781530387707299, -30.1462604829937 ], [ -56.778091080713693, -30.134683424110506 ], [ -56.780041396379197, -30.128082487876096 ], [ -56.781231981678602, -30.127117878900997 ], [ -56.799341395991199, -30.122984741964004 ], [ -56.800838897483899, -30.121833118932198 ], [ -56.801792879821001, -30.120034940842697 ], [ -56.803406586574496, -30.111097786427802 ], [ -56.806443447513594, -30.105300073525303 ], [ -56.809464474807697, -30.104233936780492 ], [ -56.812916924660193, -30.107589578483097 ], [ -56.815194703780605, -30.108456786592093 ], [ -56.8180814830285, -30.107816148624195 ], [ -56.821015506626502, -30.100550834168697 ], [ -56.8228886279352, -30.097884452781809 ], [ -56.827509519990599, -30.095362741066293 ], [ -56.835128258149595, -30.092882660835684 ], [ -56.847756771139395, -30.090301883117608 ], [ -56.854672805365198, -30.089721013538394 ], [ -56.863707545362701, -30.091150041030509 ], [ -56.869873138035601, -30.0945477954673 ], [ -56.871841789212496, -30.094514734447902 ], [ -56.873572980566394, -30.092802796262198 ], [ -56.874019015276097, -30.087526376141799 ], [ -56.878740094393002, -30.088949395155399 ], [ -56.881019629573792, -30.089227631798398 ], [ -56.885091440973397, -30.088298160614404 ], [ -56.884085486843496, -30.088389640459891 ], [ -56.883957159481696, -30.086936507466298 ], [ -56.884809692324502, -30.085386137087497 ], [ -56.888900892118997, -30.083310307000499 ], [ -56.888678615528896, -30.081447252035495 ], [ -56.8874251586791, -30.080553425005295 ], [ -56.884998279674093, -30.080090106077794 ], [ -56.882853363044006, -30.080153358486101 ], [ -56.880731377061394, -30.07914687439219 ], [ -56.878652375415896, -30.075003030907794 ], [ -56.880761405306501, -30.070914458365003 ], [ -56.88161355281801, -30.068637494611092 ], [ -56.879855753595102, -30.064364917484895 ], [ -56.878267880500005, -30.062730947108399 ], [ -56.876567399329296, -30.060501708301292 ], [ -56.874890385648904, -30.055170695482108 ], [ -56.873933230466804, -30.052668238816405 ], [ -56.872513084013399, -30.050474281933202 ], [ -56.870789398396091, -30.049189353012085 ], [ -56.869498263573199, -30.047759741559908 ], [ -56.870415975935494, -30.045486821547694 ], [ -56.871433320984899, -30.043792305011003 ], [ -56.869303386196805, -30.042010454900485 ], [ -56.867200666173197, -30.041242191374696 ], [ -56.866087914793297, -30.039626544722193 ], [ -56.867310128999293, -30.034747010711893 ], [ -56.866020526212196, -30.032821478737095 ], [ -56.863990579025, -30.031907324880994 ], [ -56.860951033100704, -30.031947260750204 ], [ -56.858468158360694, -30.031076216076499 ], [ -56.856871027256197, -30.030893610090999 ], [ -56.854641859010101, -30.029898884808002 ], [ -56.852615673413801, -30.028530995209309 ], [ -56.851351511512696, -30.026502877823283 ], [ -56.850910002488696, -30.024918524113698 ], [ -56.849696505944394, -30.023425703187801 ], [ -56.848177549405001, -30.02187456531821 ], [ -56.845973010905702, -30.021440804628693 ], [ -56.844451886501503, -30.022242679652894 ], [ -56.843121600999694, -30.02177556028419 ], [ -56.841146280040192, -30.020470390094513 ], [ -56.8396301476864, -30.017302623577805 ], [ -56.8379590116879, -30.016369487580192 ], [ -56.836437592651201, -30.017051371337395 ], [ -56.834420994156005, -30.017203872598401 ], [ -56.827938912738205, -30.015402189441097 ], [ -56.825453598614494, -30.014711753444601 ], [ -56.822718298873298, -30.0136506816485 ], [ -56.8199444849378, -30.013058278432794 ], [ -56.819793425352799, -30.012190616958399 ], [ -56.821241560294602, -30.010640499430099 ], [ -56.822538760380198, -30.007972978352296 ], [ -56.821742698146998, -30.006149973811091 ], [ -56.819925170662501, -30.003914285296705 ], [ -56.814055277386998, -29.999996344285993 ], [ -56.811551915600091, -29.997509214838296 ], [ -56.80935674556769, -29.992232363233498 ], [ -56.807382603091895, -29.991298955239497 ], [ -56.806130510371396, -29.990273509599096 ], [ -56.805450841787703, -29.989217834346888 ], [ -56.805681813041801, -29.987295306923794 ], [ -56.803862100678792, -29.984807873783012 ], [ -56.803600866309395, -29.982668626263692 ], [ -56.804368461846494, -29.978264414943496 ], [ -56.805591319899698, -29.974792638570207 ], [ -56.804378641182709, -29.973612159298497 ], [ -56.801911755920393, -29.971651436596606 ], [ -56.800699427118197, -29.970037261758595 ], [ -56.799563702514597, -29.967864282571202 ], [ -56.798197136002493, -29.966992635857487 ], [ -56.796266558915093, -29.963670771221697 ], [ -56.789012792702998, -29.9619509643932 ], [ -56.7862034520181, -29.960582279951797 ], [ -56.784613227101801, -29.958594560184704 ], [ -56.783880026610298, -29.9578679571359 ] ] ] } }
]
}
