{
"type": "FeatureCollection",
"name": "malha-viaria-dnit",
"crs": { "type": "name", "properties": { "name": "urn:ogc:def:crs:OGC:1.3:CRS84" } },
"features": [
{ "type": "Feature", "properties": { "ds_local_i": "ENTR BR-290/377/RS-377 (P/QUARAI)", "ds_local_f": "ENTR BR-293/377 (QUARAÍ)", "ds_legenda": "Planejada", "sg_legenda": "PLA", "ds_jurisdi": "Estadual", "km_dentro_area_estudo": 12.85, "rodovia": "BR-377", "divergencia_osm": false }, "geometry": { "type": "MultiLineString", "coordinates": [ [ [ -56.432479189999967, -30.015678139999963 ], [ -56.43253810999996, -30.015924809999962 ], [ -56.432715879999968, -30.016102529999952 ], [ -56.432893919999962, -30.016293979999951 ], [ -56.433047799999962, -30.01646159999996 ], [ -56.433207399999958, -30.016621859999958 ], [ -56.433372619999957, -30.016792319999954 ], [ -56.433530789999956, -30.016971319999957 ], [ -56.433718499999962, -30.01717609999994 ], [ -56.433879279999957, -30.017337699999953 ], [ -56.434006059999959, -30.017489949999959 ], [ -56.434108379999962, -30.017612049999943 ], [ -56.434183869999956, -30.017705109999948 ], [ -56.434243849999959, -30.017812199999948 ], [ -56.43429856999996, -30.017920489999966 ], [ -56.434348779999958, -30.018050189999958 ], [ -56.434384779999966, -30.018181109999954 ], [ -56.434397629999964, -30.018302569999957 ], [ -56.434402289999959, -30.01840166999996 ], [ -56.43439834999996, -30.018511389999958 ], [ -56.434383629999957, -30.018703919999954 ], [ -56.43434854999996, -30.018912649999962 ], [ -56.434322589999958, -30.019075699999956 ], [ -56.43427632999996, -30.019299539999952 ], [ -56.43424514999996, -30.019474769999956 ], [ -56.43422075999996, -30.019611869999956 ], [ -56.434191599999956, -30.019747589999955 ], [ -56.434183049999966, -30.019787369999943 ], [ -56.434158569999958, -30.019901269999952 ], [ -56.43412182999996, -30.020023359999961 ], [ -56.434093699999956, -30.020104439999958 ], [ -56.434065679999961, -30.020170639999954 ], [ -56.434022909999968, -30.020269919999947 ], [ -56.433976249999958, -30.020354049999952 ], [ -56.433942229999957, -30.020415409999963 ], [ -56.433814459999958, -30.02061907999996 ], [ -56.433737559999962, -30.020741649999955 ], [ -56.433647609999959, -30.020885019999948 ], [ -56.433547129999958, -30.021039939999955 ], [ -56.433469, -30.021161069999952 ], [ -56.433400769999956, -30.021266829999949 ], [ -56.433304689999957, -30.021413719999952 ], [ -56.43323120999996, -30.021527009999961 ], [ -56.43314575999996, -30.021658749999958 ], [ -56.433039499999957, -30.021822579999945 ], [ -56.432963059999956, -30.02193615999996 ], [ -56.432900129999965, -30.022033169999954 ], [ -56.432846519999956, -30.022115819999961 ], [ -56.432784749999961, -30.022211309999957 ], [ -56.432740469999956, -30.022279759999961 ], [ -56.432644609999961, -30.022427949999962 ], [ -56.432558869999959, -30.022560479999953 ], [ -56.432508409999961, -30.022638479999951 ], [ -56.43246167999996, -30.02271072999995 ], [ -56.432385019999955, -30.02282922999996 ], [ -56.432267379999956, -30.023010349999957 ], [ -56.432207749999961, -30.023102139999949 ], [ -56.432114689999963, -30.02324624999995 ], [ -56.432041549999958, -30.023359519999957 ], [ -56.431995979999961, -30.023430089999962 ], [ -56.431954569999967, -30.023494209999949 ], [ -56.431889529999957, -30.02359214999996 ], [ -56.431843599999958, -30.023663289999956 ], [ -56.431801169999957, -30.023728989999949 ], [ -56.431715229999959, -30.023862599999962 ], [ -56.431665079999959, -30.023940559999968 ], [ -56.431608449999956, -30.024028599999951 ], [ -56.431550209999962, -30.024117599999958 ], [ -56.431459739999958, -30.024259789999956 ], [ -56.431359819999969, -30.024415139999956 ], [ -56.431271529999961, -30.024552399999958 ], [ -56.431198489999957, -30.024665949999957 ], [ -56.431125709999961, -30.024779099999961 ], [ -56.431040569999958, -30.024911459999952 ], [ -56.430968069999956, -30.025021399999957 ], [ -56.430900699999967, -30.025126139999962 ], [ -56.430836399999968, -30.025226099999951 ], [ -56.43072782999996, -30.025394899999956 ], [ -56.430630689999958, -30.025546079999955 ], [ -56.430487409999962, -30.025769079999961 ], [ -56.430415449999963, -30.025879379999957 ], [ -56.430334389999956, -30.026005629999958 ], [ -56.430262979999959, -30.02611686999996 ], [ -56.430206789999957, -30.026204629999956 ], [ -56.430160069999964, -30.026277599999958 ], [ -56.430068639999959, -30.026420399999967 ], [ -56.429957219999956, -30.026593129999952 ], [ -56.429889879999962, -30.02669786999996 ], [ -56.429857779999956, -30.026747789999966 ], [ -56.429769269999966, -30.026885689999958 ], [ -56.42966974999996, -30.027040719999953 ], [ -56.429596179999962, -30.027155329999964 ], [ -56.429522259999956, -30.027270499999961 ], [ -56.42946605999996, -30.027358039999946 ], [ -56.429412159999956, -30.027442839999949 ], [ -56.429377799999962, -30.027496899999953 ], [ -56.42933826999996, -30.027558289999956 ], [ -56.429290809999962, -30.027632019999949 ], [ -56.429225299999956, -30.027733779999963 ], [ -56.429140299999958, -30.027865809999948 ], [ -56.42908072999996, -30.027958339999948 ], [ -56.429005779999962, -30.028074629999967 ], [ -56.428903359999957, -30.028234899999951 ], [ -56.428834889999962, -30.028341089999948 ], [ -56.428775799999961, -30.028432729999956 ], [ -56.428694859999958, -30.028558259999958 ], [ -56.428623129999956, -30.028669499999957 ], [ -56.42854941999996, -30.028783799999957 ], [ -56.428494929999957, -30.028868309999954 ], [ -56.428395849999959, -30.029021959999955 ], [ -56.428279119999956, -30.029202979999948 ], [ -56.42818460999996, -30.029349549999949 ], [ -56.42807872999996, -30.029513749999957 ], [ -56.427995899999956, -30.029642189999961 ], [ -56.42791332999996, -30.029770239999966 ], [ -56.427844209999961, -30.029877429999956 ], [ -56.42775548999996, -30.030015029999952 ], [ -56.427651279999964, -30.030176639999951 ], [ -56.427553989999957, -30.030327509999957 ], [ -56.427460859999961, -30.030471939999959 ], [ -56.42738260999996, -30.030593289999949 ], [ -56.427297059999965, -30.030725949999947 ], [ -56.427214399999961, -30.030854129999959 ], [ -56.42715143999996, -30.03095177999996 ], [ -56.427083499999959, -30.031057139999955 ], [ -56.427009239999961, -30.031172299999948 ], [ -56.426948749999958, -30.031266009999957 ], [ -56.426876619999959, -30.031376989999963 ], [ -56.426845359999959, -30.031426439999951 ], [ -56.42673836999996, -30.031603689999951 ], [ -56.426675309999958, -30.031706889999946 ], [ -56.426624139999959, -30.031809799999948 ], [ -56.426570799999958, -30.031931099999962 ], [ -56.426533499999962, -30.032051629999948 ], [ -56.426502399999968, -30.032176049999954 ], [ -56.426486819999958, -30.032290269999958 ], [ -56.426476489999956, -30.032404309999961 ], [ -56.42648460999996, -30.032549619999955 ], [ -56.426495989999957, -30.032701189999965 ], [ -56.426519, -30.032828489999957 ], [ -56.42655562999996, -30.033037619999959 ], [ -56.426592679999956, -30.033235169999955 ], [ -56.426642169999958, -30.033460609999963 ], [ -56.426677379999958, -30.033622339999951 ], [ -56.426710519999958, -30.033792539999947 ], [ -56.42676910999996, -30.03405264999996 ], [ -56.426807859999961, -30.034259529999954 ], [ -56.426860269999956, -30.034506739999948 ], [ -56.42689732999996, -30.03466992999995 ], [ -56.426949179999959, -30.034931039999957 ], [ -56.427036969999961, -30.035337669999944 ], [ -56.427076189999958, -30.035509599999958 ], [ -56.427120439999968, -30.035732019999948 ], [ -56.427159469999957, -30.035929589999959 ], [ -56.427208729999961, -30.036155869999952 ], [ -56.427267849999957, -30.036410209999957 ], [ -56.427282349999956, -30.036481589999955 ], [ -56.427308149999959, -30.03660852999996 ], [ -56.427343349999958, -30.036781759999954 ], [ -56.427380419999956, -30.036964149999953 ], [ -56.427408789999959, -30.037103729999952 ], [ -56.427450839999956, -30.037293089999956 ], [ -56.427487399999961, -30.037459149999957 ], [ -56.427532779999957, -30.037691669999955 ], [ -56.427567799999956, -30.037871629999952 ], [ -56.42759936999996, -30.038010739999947 ], [ -56.427649339999959, -30.038267229999956 ], [ -56.427698749999962, -30.038493859999949 ], [ -56.427739569999957, -30.038698719999957 ], [ -56.427778549999957, -30.038867889999953 ], [ -56.427815619999961, -30.039045429999948 ], [ -56.42785183999996, -30.039225949999956 ], [ -56.427883279999961, -30.039383479999948 ], [ -56.427934739999962, -30.039624399999958 ], [ -56.427972469999958, -30.039826449999961 ], [ -56.428023149999959, -30.040056849999957 ], [ -56.428058779999965, -30.040250309999955 ], [ -56.428101669999961, -30.040466359999954 ], [ -56.428135539999957, -30.04062501999995 ], [ -56.428167759999958, -30.040775959999948 ], [ -56.428226309999957, -30.041040369999962 ], [ -56.428263119999968, -30.041230339999959 ], [ -56.428284109999957, -30.041329239999964 ], [ -56.428311459999961, -30.041458129999953 ], [ -56.42834674999996, -30.041629919999963 ], [ -56.428366209999957, -30.041724669999944 ], [ -56.428385609999957, -30.041819079999964 ], [ -56.428408469999958, -30.041930379999958 ], [ -56.428435869999959, -30.042043589999956 ], [ -56.428462259999961, -30.042161939999957 ], [ -56.428495039999959, -30.042315879999947 ], [ -56.42852742999996, -30.042480399999953 ], [ -56.428566489999959, -30.042650209999948 ], [ -56.428599559999959, -30.04281888999996 ], [ -56.42863562999996, -30.042982579999947 ], [ -56.428663229999962, -30.043105239999964 ], [ -56.428697069999956, -30.043251959999957 ], [ -56.42871394999996, -30.043354499999971 ], [ -56.428750519999959, -30.043510379999951 ], [ -56.428787079999957, -30.043694619999954 ], [ -56.428832619999959, -30.043934219999951 ], [ -56.428865749999957, -30.044088349999949 ], [ -56.428893629999962, -30.044202069999951 ], [ -56.428931749999961, -30.044394319999956 ], [ -56.428956349999957, -30.044510529999958 ], [ -56.428980099999961, -30.044622759999953 ], [ -56.429013089999962, -30.044769939999963 ], [ -56.429041849999962, -30.044929679999946 ], [ -56.429094559999967, -30.045178199999963 ], [ -56.429120569999959, -30.045316969999948 ], [ -56.429156309999961, -30.045483699999956 ], [ -56.429206059999963, -30.045720229999954 ], [ -56.429237779999958, -30.045883619999952 ], [ -56.429270939999959, -30.046037629999951 ], [ -56.429300109999964, -30.046164889999957 ], [ -56.429336059999962, -30.046338379999955 ], [ -56.429371229999965, -30.046517519999949 ], [ -56.429404499999961, -30.046665359999956 ], [ -56.429431269999959, -30.046804 ], [ -56.429454909999961, -30.046926679999949 ], [ -56.429484449999961, -30.047060659999946 ], [ -56.42951276999996, -30.047195469999963 ], [ -56.429543849999959, -30.047356569999955 ], [ -56.429571189999962, -30.047469889999952 ], [ -56.429594709999961, -30.047568319999961 ], [ -56.429614529999959, -30.047652109999959 ], [ -56.429649839999961, -30.047760139999955 ], [ -56.429694909999959, -30.047895349999951 ], [ -56.429747009999957, -30.048024459999951 ], [ -56.42979968999996, -30.048129089999954 ], [ -56.429845739999962, -30.048220689999958 ], [ -56.429910349999957, -30.04832265999995 ], [ -56.429972199999959, -30.048409769999957 ], [ -56.430022159999957, -30.048480129999952 ], [ -56.430079159999956, -30.048551679999946 ], [ -56.43012850999996, -30.048613609999958 ], [ -56.43021429999996, -30.048711849999957 ], [ -56.430314499999959, -30.048825919999963 ], [ -56.430435229999958, -30.048946319999956 ], [ -56.430569429999956, -30.049066979999953 ], [ -56.430743629999959, -30.049236869999948 ], [ -56.430896119999957, -30.049370729999946 ], [ -56.431048569999966, -30.049511369999959 ], [ -56.431126799999959, -30.049583799999958 ], [ -56.431277669999957, -30.049723499999956 ], [ -56.431435179999959, -30.049869339999958 ], [ -56.431557109999957, -30.049979329999967 ], [ -56.431667679999961, -30.05007906999996 ], [ -56.43177938999996, -30.050185899999963 ], [ -56.43189016999996, -30.050294879999971 ], [ -56.43198024999996, -30.050390399999952 ], [ -56.432049429999957, -30.050464509999962 ], [ -56.432129539999956, -30.050560599999944 ], [ -56.432232459999959, -30.050693619999958 ], [ -56.432290689999959, -30.050791639999964 ], [ -56.432345089999956, -30.050888419999957 ], [ -56.432421539999957, -30.05104835999996 ], [ -56.432472189999956, -30.05117613999996 ], [ -56.432507319999957, -30.051284719999952 ], [ -56.432546669999958, -30.051429759999948 ], [ -56.432573759999961, -30.051550489999954 ], [ -56.432595419999956, -30.051646959999957 ], [ -56.432626239999962, -30.051784309999956 ], [ -56.432650499999959, -30.051883329999956 ], [ -56.432693019999959, -30.052080509999964 ], [ -56.432726579999958, -30.052264559999955 ], [ -56.432766479999962, -30.052444049999956 ], [ -56.432790049999959, -30.052550089999954 ], [ -56.432830289999956, -30.052731109999964 ], [ -56.432872619999962, -30.052927599999954 ], [ -56.432903929999959, -30.053082799999949 ], [ -56.432931149999959, -30.053217749999952 ], [ -56.432961799999966, -30.053369739999958 ], [ -56.433010469999957, -30.053611019999956 ], [ -56.43304614999996, -30.053781639999954 ], [ -56.433067839999957, -30.053886229999957 ], [ -56.433093519999957, -30.054014539999951 ], [ -56.433125629999957, -30.054172359999956 ], [ -56.433152199999959, -30.054303 ], [ -56.433174659999956, -30.054414769999955 ], [ -56.433218879999956, -30.054598469999956 ], [ -56.43324280999996, -30.054710109999949 ], [ -56.433262939999956, -30.054803989999957 ], [ -56.433281089999966, -30.054888689999956 ], [ -56.433302839999961, -30.054990149999963 ], [ -56.43332455999996, -30.055091489999953 ], [ -56.433342299999957, -30.055200019999955 ], [ -56.433364709999957, -30.05536501999995 ], [ -56.43337281999996, -30.055515369999952 ], [ -56.433375809999959, -30.055586979999955 ], [ -56.433379309999957, -30.055711419999955 ], [ -56.433375129999959, -30.055856039999956 ], [ -56.433368499999958, -30.055977739999953 ], [ -56.433356379999957, -30.056139099999967 ], [ -56.433347629999957, -30.056252599999951 ], [ -56.433334249999959, -30.056426099999957 ], [ -56.433327549999959, -30.056518309999941 ], [ -56.43331476999996, -30.05669398999995 ], [ -56.433302449999957, -30.056878 ], [ -56.433284719999961, -30.057107849999948 ], [ -56.433274859999969, -30.057260269999944 ], [ -56.433265319999961, -30.057407779999952 ], [ -56.43325594999996, -30.057552699999942 ], [ -56.433246309999959, -30.057701719999962 ], [ -56.433237379999959, -30.057839689999952 ], [ -56.433220459999959, -30.058025449999956 ], [ -56.433208639999961, -30.058251119999955 ], [ -56.433185859999959, -30.058562439999964 ], [ -56.43316851999996, -30.058803039999948 ], [ -56.433156359999955, -30.058971609999954 ], [ -56.433140519999959, -30.059191299999949 ], [ -56.433126369999968, -30.059362819999951 ], [ -56.433111429999961, -30.059543769999955 ], [ -56.433102889999958, -30.059684299999947 ], [ -56.433092379999962, -30.059857389999948 ], [ -56.433082119999959, -30.060010069999951 ], [ -56.433073389999961, -30.060139879999948 ], [ -56.43305962999996, -30.060300939999955 ], [ -56.433047399999964, -30.060456199999955 ], [ -56.433039749999956, -30.060630989999957 ], [ -56.433030829999957, -30.060764719999941 ], [ -56.433021039999957, -30.060911389999955 ], [ -56.43301187999996, -30.061048599999957 ], [ -56.433005519999959, -30.061144429999956 ], [ -56.432993799999956, -30.061321029999952 ], [ -56.432981769999962, -30.061499389999959 ], [ -56.432974199999961, -30.061660099999948 ], [ -56.432973509999961, -30.061847559999947 ], [ -56.432969349999958, -30.06201680999996 ], [ -56.43296696999996, -30.062134279999949 ], [ -56.432965889999956, -30.062286 ], [ -56.432966089999958, -30.062480409999964 ], [ -56.432970979999958, -30.062654819999945 ], [ -56.432976279999956, -30.062865789999961 ], [ -56.432979059999958, -30.063007289999948 ], [ -56.432980789999959, -30.063146609999947 ], [ -56.43298225999996, -30.063312349999958 ], [ -56.432990179999962, -30.063487149999961 ], [ -56.432996179999968, -30.063619669999948 ], [ -56.433002639999962, -30.063762389999944 ], [ -56.43301041999996, -30.063934049999958 ], [ -56.433012349999956, -30.064172569999961 ], [ -56.433020739999961, -30.064410589999955 ], [ -56.433029629999957, -30.064691819999958 ], [ -56.433038499999959, -30.064951929999943 ], [ -56.433043469999959, -30.065152279999957 ], [ -56.433048419999956, -30.065321199999953 ], [ -56.433050319999957, -30.065427869999947 ], [ -56.433057529999957, -30.065612379999962 ], [ -56.433062939999957, -30.065750989999959 ], [ -56.433068599999956, -30.065895809999947 ], [ -56.433072549999956, -30.066059359999958 ], [ -56.433077629999957, -30.066270089999961 ], [ -56.433081709999961, -30.066439309999961 ], [ -56.433091019999956, -30.066666889999951 ], [ -56.433098939999958, -30.066855219999955 ], [ -56.433102379999958, -30.06708049999995 ], [ -56.433104909999962, -30.067249429999951 ], [ -56.433106879999968, -30.06738054999996 ], [ -56.433115419999957, -30.067571889999954 ], [ -56.433117779999961, -30.067768269999949 ], [ -56.433121099999958, -30.067921339999959 ], [ -56.433131659999958, -30.068136729999964 ], [ -56.433139979999957, -30.068306519999961 ], [ -56.433148249999959, -30.068533929999951 ], [ -56.433157149999957, -30.068778549999951 ], [ -56.433173129999957, -30.069153439999948 ], [ -56.433184439999962, -30.069484359999958 ], [ -56.43319058999996, -30.069709749999948 ], [ -56.43319565999996, -30.069912239999958 ], [ -56.433201709999963, -30.070112589999958 ], [ -56.433206559999959, -30.070273619999956 ], [ -56.433214669999956, -30.070586159999955 ], [ -56.433216719999962, -30.070720189999967 ], [ -56.433219749999957, -30.070917829999942 ], [ -56.433231529999958, -30.071216939999957 ], [ -56.433236739999955, -30.071363679999951 ], [ -56.43324657999996, -30.071621959999966 ], [ -56.433249209999957, -30.071713539999966 ], [ -56.433255, -30.071915739999952 ], [ -56.433262099999958, -30.072101879999959 ], [ -56.433272229999965, -30.072367849999956 ], [ -56.433281129999962, -30.072601299999942 ], [ -56.433286139999957, -30.072732779999942 ], [ -56.433289799999962, -30.072939879999954 ], [ -56.433291549999957, -30.073092619999958 ], [ -56.43329432999996, -30.073303929999952 ], [ -56.433302389999966, -30.073499349999953 ], [ -56.433311989999957, -30.07371949999995 ], [ -56.433316719999958, -30.073899199999961 ], [ -56.433326229999956, -30.074130789999963 ], [ -56.43333245999996, -30.074332389999956 ], [ -56.433334189999961, -30.074451959999958 ], [ -56.433338029999959, -30.074618469999951 ], [ -56.43334250999996, -30.074848709999959 ], [ -56.433348059999958, -30.07495413999996 ], [ -56.433353699999962, -30.075092989999959 ], [ -56.433361179999956, -30.075256339999967 ], [ -56.433361389999959, -30.075456469999956 ], [ -56.433366489999969, -30.075605989999953 ], [ -56.433370469999957, -30.07572256999995 ], [ -56.433375389999959, -30.075866859999952 ], [ -56.43338, -30.076002129999949 ], [ -56.433385859999959, -30.076147429999942 ], [ -56.433391679999957, -30.076291779999963 ], [ -56.433392449999957, -30.076396859999967 ], [ -56.433392969999957, -30.076498859999958 ], [ -56.43339506999996, -30.076636569999959 ], [ -56.433401089999961, -30.076904979999949 ], [ -56.433403639999959, -30.077062779999959 ], [ -56.43340596999996, -30.077207299999955 ], [ -56.433409009999956, -30.077314819999955 ], [ -56.433420669999961, -30.077461509999956 ], [ -56.433421339999967, -30.077577889999951 ], [ -56.433429459999957, -30.077702899999959 ], [ -56.433434929999962, -30.077839 ], [ -56.433440189999956, -30.077970079999965 ], [ -56.433445169999956, -30.07807818999995 ], [ -56.433450289999961, -30.078205939999961 ], [ -56.433456139999961, -30.078352199999955 ], [ -56.43346238999996, -30.078508099999961 ], [ -56.43346307999996, -30.078671989999965 ], [ -56.433471899999958, -30.078885829999958 ], [ -56.43347852999996, -30.079046249999962 ], [ -56.433484159999956, -30.079182649999957 ], [ -56.433485519999962, -30.079324439999954 ], [ -56.43348986999996, -30.079429029999957 ], [ -56.43349510999996, -30.079593049999961 ], [ -56.433497879999962, -30.079704029999952 ], [ -56.433503089999959, -30.07981764999996 ], [ -56.433507339999956, -30.079933949999948 ], [ -56.433512589999957, -30.080061559999969 ], [ -56.433517169999966, -30.080172769999947 ], [ -56.433525369999956, -30.080416929999949 ], [ -56.433526129999962, -30.080605069999951 ], [ -56.433529859999958, -30.080822219999959 ], [ -56.433529899999961, -30.081008289999957 ], [ -56.433530389999959, -30.081237599999955 ], [ -56.433535919999962, -30.081427239999961 ], [ -56.433542899999956, -30.081598499999959 ], [ -56.433543729999961, -30.081772509999954 ], [ -56.433551639999962, -30.081953519999946 ], [ -56.433552169999956, -30.082168769999949 ], [ -56.433561759999961, -30.082346829999949 ], [ -56.433569869999957, -30.08250887999996 ], [ -56.43357471999996, -30.082605889999961 ], [ -56.433576809999956, -30.082733569999956 ], [ -56.433586159999962, -30.082886059999961 ], [ -56.433588379999961, -30.083041419999962 ], [ -56.433591439999958, -30.083222909999954 ], [ -56.433593539999968, -30.083366389999945 ], [ -56.433595439999962, -30.083496349999955 ], [ -56.433598209999957, -30.083660689999959 ], [ -56.433600669999961, -30.083812539999972 ], [ -56.433604639999956, -30.083967149999957 ], [ -56.433617269999957, -30.084087759999942 ], [ -56.433622769999957, -30.08423026999996 ], [ -56.433633099999966, -30.084331639999967 ], [ -56.433650669999956, -30.08444891999995 ], [ -56.43366711999996, -30.084575989999955 ], [ -56.433697019999968, -30.084747379999953 ], [ -56.433731739999956, -30.084915609999943 ], [ -56.433776819999956, -30.085104849999947 ], [ -56.433830209999961, -30.085334129999961 ], [ -56.433869399999963, -30.085482009999961 ], [ -56.433900479999956, -30.085599289999955 ], [ -56.433941799999957, -30.085769009999968 ], [ -56.433984479999957, -30.085942939999956 ], [ -56.434016129999961, -30.086108059999948 ], [ -56.434055379999961, -30.08627618999995 ], [ -56.434103929999957, -30.086498599999956 ], [ -56.434149279999964, -30.086713179999958 ], [ -56.434208499999961, -30.086943239999954 ], [ -56.434235889999968, -30.087050819999952 ], [ -56.434263629999968, -30.087161789999964 ], [ -56.434319469999963, -30.087390609999954 ], [ -56.43437001999996, -30.08759434999995 ], [ -56.434404859999965, -30.087734799999957 ], [ -56.434449419999957, -30.087914429999959 ], [ -56.434505129999962, -30.088139009999963 ], [ -56.434561449999961, -30.088353249999944 ], [ -56.43460488999996, -30.08851850999995 ], [ -56.434645629999956, -30.088674939999951 ], [ -56.434680079999957, -30.088807209999953 ], [ -56.434715869999962, -30.08897351999995 ], [ -56.434767549999968, -30.089176209999945 ], [ -56.43481665999996, -30.089386519999948 ], [ -56.43485941999996, -30.08956596999996 ], [ -56.434918489999959, -30.089803589999949 ], [ -56.434964379999961, -30.089971899999952 ], [ -56.435008689999961, -30.090171429999955 ], [ -56.435065969999961, -30.090409659999949 ], [ -56.435111489999962, -30.090576569999957 ], [ -56.435162489999961, -30.090801489999947 ], [ -56.435229449999959, -30.091072459999967 ], [ -56.435269679999969, -30.091258839999952 ], [ -56.435318469999956, -30.091425359999967 ], [ -56.435364739999962, -30.091609659999953 ], [ -56.435412239999962, -30.091809729999959 ], [ -56.435467749999958, -30.092028209999949 ], [ -56.43551585999996, -30.092231209999955 ], [ -56.435566469999962, -30.092434979999954 ], [ -56.435614469999969, -30.092628239999957 ], [ -56.435660239999962, -30.092804669999953 ], [ -56.435694559999959, -30.092968869999957 ], [ -56.435735629999968, -30.093124379999949 ], [ -56.435799239999959, -30.093392849999951 ], [ -56.435864129999956, -30.09364716999994 ], [ -56.435906899999956, -30.09385226999996 ], [ -56.435965869999961, -30.094104649999966 ], [ -56.436008209999962, -30.094263839999957 ], [ -56.436043889999958, -30.09442291999996 ], [ -56.436086459999956, -30.094577939999951 ], [ -56.436120709999962, -30.09472047999996 ], [ -56.436160979999968, -30.094898659999956 ], [ -56.436205759999957, -30.095105089999951 ], [ -56.436269129999957, -30.095349829999964 ], [ -56.436311709999956, -30.095523229999952 ], [ -56.436348499999959, -30.095673039999948 ], [ -56.436378709999957, -30.095792219999954 ], [ -56.436418899999957, -30.095950759999955 ], [ -56.436458559999956, -30.096107219999951 ], [ -56.436512309999962, -30.096319259999962 ], [ -56.436555339999956, -30.096488989999951 ], [ -56.436603629999958, -30.096675039999948 ], [ -56.436640189999963, -30.09682144999995 ], [ -56.43669425999996, -30.097029799999952 ], [ -56.436737219999962, -30.097195309999957 ], [ -56.436785619999959, -30.097382929999949 ], [ -56.436827239999964, -30.097543849999948 ], [ -56.436865169999962, -30.097719599999941 ], [ -56.436904539999958, -30.097867229999945 ], [ -56.436942559999956, -30.09802752999995 ], [ -56.436983889999958, -30.098201679999953 ], [ -56.437019079999956, -30.098352339999963 ], [ -56.437054629999956, -30.098500349999963 ], [ -56.437088989999957, -30.098645369999961 ], [ -56.437108989999956, -30.098736469999949 ], [ -56.43714312999996, -30.098863859999952 ], [ -56.437186709999963, -30.099046699999953 ], [ -56.437217699999962, -30.099176719999953 ], [ -56.437249849999958, -30.09933464999996 ], [ -56.437306619999958, -30.099561049999952 ], [ -56.437364879999961, -30.099793409999961 ], [ -56.43742591999996, -30.100036869999958 ], [ -56.437476489999959, -30.100238539999953 ], [ -56.437506459999959, -30.100358069999956 ], [ -56.437565249999963, -30.100584659999967 ], [ -56.437614389999958, -30.100804969999952 ], [ -56.437662699999962, -30.101002529999953 ], [ -56.43770964999996, -30.101198959999959 ], [ -56.437725939999957, -30.101292019999963 ], [ -56.437753319999963, -30.101389319999953 ], [ -56.437775769999959, -30.101487029999952 ], [ -56.437797459999956, -30.101587939999948 ], [ -56.437807649999961, -30.101683389999952 ], [ -56.437817959999961, -30.10180492999995 ], [ -56.437816959999957, -30.101900449999956 ], [ -56.437813839999961, -30.101986959999948 ], [ -56.437808199999957, -30.102088429999949 ], [ -56.437792759999958, -30.102227149999951 ], [ -56.437756689999958, -30.102365869999957 ], [ -56.437716049999956, -30.102506459999951 ], [ -56.437676969999963, -30.102626969999964 ], [ -56.437629729999962, -30.102766559999957 ], [ -56.437572469999957, -30.102935789999965 ], [ -56.437528299999968, -30.10306356999995 ], [ -56.437470519999962, -30.103230679999953 ], [ -56.437396859999957, -30.103469729999961 ], [ -56.437335039999958, -30.103644069999955 ], [ -56.437280589999958, -30.103803169999956 ], [ -56.437222509999962, -30.103972879999958 ], [ -56.437145179999959, -30.104195409999942 ], [ -56.437081429999964, -30.104378879999953 ], [ -56.437036719999959, -30.104516829999945 ], [ -56.437008589999962, -30.104603609999955 ], [ -56.436956539999962, -30.104764219999961 ], [ -56.436911479999956, -30.104895189999958 ], [ -56.436870459999966, -30.105014389999948 ], [ -56.436822539999959, -30.10515009999996 ], [ -56.436768129999962, -30.105304179999951 ], [ -56.436721859999956, -30.105433169999948 ], [ -56.43668626999996, -30.105532359999959 ], [ -56.436653509999957, -30.105633179999948 ], [ -56.436607539999962, -30.105774639999957 ], [ -56.436528989999957, -30.106025389999949 ], [ -56.436485609999956, -30.106153309999954 ], [ -56.436442759999956, -30.106279719999964 ], [ -56.436391069999956, -30.106432159999958 ], [ -56.436361029999958, -30.106519609999957 ], [ -56.43634336999996, -30.106571019999951 ], [ -56.43631252999996, -30.106660809999955 ], [ -56.436268119999959, -30.106790079999971 ], [ -56.436217319999962, -30.106937959999961 ], [ -56.43616971999996, -30.107076529999947 ], [ -56.436127279999958, -30.107200059999958 ], [ -56.436091659999967, -30.107303769999948 ], [ -56.436038879999955, -30.107442599999953 ], [ -56.436006719999959, -30.107541909999952 ], [ -56.435978609999957, -30.107628699999946 ], [ -56.435941109999959, -30.107744509999961 ], [ -56.435903399999958, -30.107855139999945 ], [ -56.435849519999962, -30.108013229999951 ], [ -56.435800099999959, -30.10815571999996 ], [ -56.43575038999996, -30.108299059999958 ], [ -56.435728569999959, -30.108361729999956 ], [ -56.435693869999959, -30.108461369999944 ], [ -56.435667409999958, -30.108546989999962 ], [ -56.435637609999958, -30.108643 ], [ -56.435606949999958, -30.10874178999995 ], [ -56.435568959999962, -30.10886420999995 ], [ -56.435513519999958, -30.109016309999948 ], [ -56.43546081999996, -30.109179959999949 ], [ -56.435425239999958, -30.109264719999963 ], [ -56.435385779999962, -30.10933363999996 ], [ -56.435336539999959, -30.109428599999955 ], [ -56.435274509999957, -30.109530009999972 ], [ -56.43522198999996, -30.109609799999955 ], [ -56.435163319999958, -30.10968229999995 ], [ -56.435086939999962, -30.109770649999959 ], [ -56.435023319999964, -30.109840649999949 ], [ -56.434949259999961, -30.109899619999961 ], [ -56.434860819999962, -30.109964269999953 ], [ -56.43479209999996, -30.110013539999947 ], [ -56.434701269999962, -30.110075579999954 ], [ -56.434634909999957, -30.110120909999956 ], [ -56.434528319999956, -30.110193719999966 ], [ -56.43439268999996, -30.110276139999957 ], [ -56.434227089999958, -30.110387089999964 ], [ -56.434100749999956, -30.110467129999957 ], [ -56.433989939999961, -30.11053731999996 ], [ -56.433834979999958, -30.110639329999952 ], [ -56.433681919999962, -30.110739799999958 ], [ -56.43351313999996, -30.110855739999952 ], [ -56.433369159999963, -30.110943979999949 ], [ -56.433255119999956, -30.111013879999955 ], [ -56.433094079999961, -30.111112559999956 ], [ -56.433000049999961, -30.11117018999996 ], [ -56.432859659999956, -30.111260059999967 ], [ -56.43276987999996, -30.111317539999952 ], [ -56.432647039999956, -30.11139751999994 ], [ -56.43255871999996, -30.111455019999944 ], [ -56.432426569999961, -30.111540069999954 ], [ -56.432305269999958, -30.111618699999955 ], [ -56.432200059999957, -30.11168689999996 ], [ -56.43211619999996, -30.111741259999963 ], [ -56.431984619999959, -30.111827279999961 ], [ -56.431835259999957, -30.111924929999962 ], [ -56.431634989999957, -30.112055849999951 ], [ -56.431476429999961, -30.112159509999948 ], [ -56.431389559999957, -30.112216299999954 ], [ -56.431301349999956, -30.112273969999947 ], [ -56.43121, -30.112333689999957 ], [ -56.431080969999961, -30.11241804999996 ], [ -56.430921149999961, -30.112522529999957 ], [ -56.430840039999957, -30.112575559999957 ], [ -56.430720349999959, -30.112653799999954 ], [ -56.430595599999961, -30.112731629999953 ], [ -56.430441569999964, -30.112826889999948 ], [ -56.430354059999956, -30.11288002999995 ], [ -56.43025413999996, -30.112940709999961 ], [ -56.430119969999957, -30.113028139999955 ], [ -56.429993689999961, -30.113108939999957 ], [ -56.429867579999957, -30.113190699999969 ], [ -56.429737299999957, -30.113275159999947 ], [ -56.429586069999957, -30.113373209999953 ], [ -56.429394199999962, -30.113497 ], [ -56.42921769999996, -30.113610879999943 ], [ -56.429101739999957, -30.113685689999947 ], [ -56.428897259999957, -30.113817099999942 ], [ -56.428730939999959, -30.113924279999956 ], [ -56.428625429999961, -30.113992279999952 ], [ -56.428494129999962, -30.114076889999954 ], [ -56.428361869999961, -30.114161539999948 ], [ -56.428237989999964, -30.114241319999948 ], [ -56.428090119999965, -30.114336539999968 ], [ -56.427886519999959, -30.114468089999953 ], [ -56.427759289999962, -30.114553609999955 ], [ -56.427627939999958, -30.114626619999946 ], [ -56.427498009999958, -30.114701429999954 ], [ -56.427402599999958, -30.114745449999948 ], [ -56.427296049999967, -30.114784989999954 ], [ -56.427165389999956, -30.114823519999963 ], [ -56.426995169999962, -30.114873389999957 ], [ -56.426879489999962, -30.114907279999958 ], [ -56.426762379999964, -30.114942909999954 ], [ -56.426603239999963, -30.114991329999945 ], [ -56.426470359999961, -30.115030009999959 ], [ -56.426351439999962, -30.115064629999953 ], [ -56.426129879999969, -30.115125069999952 ], [ -56.425975639999962, -30.115167149999962 ], [ -56.425778919999956, -30.115220809999947 ], [ -56.425545939999957, -30.115286639999955 ], [ -56.42535344999996, -30.115345029999951 ], [ -56.425093389999958, -30.115426599999946 ], [ -56.424873159999962, -30.115489309999941 ], [ -56.42469743999996, -30.11553549999995 ], [ -56.424529129999961, -30.115581439999957 ], [ -56.424379599999966, -30.11562226999996 ], [ -56.42424374999996, -30.115664689999946 ], [ -56.424078109999961, -30.115722979999948 ], [ -56.423941229999961, -30.115772089999968 ], [ -56.423737919999958, -30.11585636999996 ], [ -56.423617599999957, -30.11591007999996 ], [ -56.423517389999958, -30.115962119999946 ], [ -56.423378979999967, -30.116039609999945 ], [ -56.423247619999962, -30.116124449999955 ], [ -56.423133069999956, -30.116201509999954 ], [ -56.423027029999957, -30.116292779999966 ], [ -56.42292864999996, -30.116370649999954 ], [ -56.422820169999959, -30.116479429999949 ], [ -56.42275354999996, -30.116546229999951 ], [ -56.422675629999958, -30.116643719999949 ], [ -56.422589369999962, -30.116745739999946 ], [ -56.422508779999959, -30.116859059999957 ], [ -56.422449479999962, -30.116952089999952 ], [ -56.422400429999961, -30.117033889999956 ], [ -56.422349129999958, -30.117119429999953 ], [ -56.42229874999996, -30.117223139999961 ], [ -56.422265309999958, -30.117309869999957 ], [ -56.422218409999964, -30.117437069999959 ], [ -56.422186859999961, -30.117546259999951 ], [ -56.422156119999961, -30.117670279999949 ], [ -56.422127429999961, -30.117817859999956 ], [ -56.422109139999961, -30.117956189999955 ], [ -56.422098919999961, -30.118145299999959 ], [ -56.42209375999996, -30.118316119999953 ], [ -56.422087889999958, -30.118510489999952 ], [ -56.42207777999996, -30.118826719999959 ], [ -56.42207786999996, -30.119092719999948 ], [ -56.422076199999957, -30.119231639999942 ], [ -56.422074699999961, -30.119356639999946 ], [ -56.422072329999963, -30.119553469999946 ], [ -56.422071239999958, -30.11972015999995 ], [ -56.422067859999956, -30.119925349999953 ], [ -56.422064839999962, -30.120169309999948 ], [ -56.42205459999996, -30.120408229999949 ], [ -56.422055829999962, -30.120618839999967 ], [ -56.42205613999996, -30.120791119999957 ], [ -56.422053669999968, -30.120974219999948 ], [ -56.42204849999996, -30.121176749999954 ], [ -56.422048612929331, -30.121240450231799 ] ] ] } },
{ "type": "Feature", "properties": { "ds_local_i": "ENTR BR-293/377 (QUARAÍ)", "ds_local_f": "ENTR BR-290/293", "ds_legenda": "Planejada", "sg_legenda": "PLA", "ds_jurisdi": "Federal", "km_dentro_area_estudo": 42.65, "rodovia": "BR-293", "divergencia_osm": false }, "geometry": { "type": "MultiLineString", "coordinates": [ [ [ -56.646720387242006, -30.187103309196161 ], [ -56.653265909999959, -30.180542219999946 ], [ -56.824565909999961, -29.997442219999957 ], [ -56.880225199999963, -29.865930189999951 ] ] ] } },
{ "type": "Feature", "properties": { "ds_local_i": "ENTR RS-183 (P/HARMONIA)", "ds_local_f": "ENTR BR-290/377/RS-377 (P/QUARAI)", "ds_legenda": "Pavimentada", "sg_legenda": "PAV", "ds_jurisdi": "Federal", "km_dentro_area_estudo": 24.59, "rodovia": "BR-290", "divergencia_osm": false }, "geometry": { "type": "MultiLineString", "coordinates": [ [ [ -56.188693734602062, -29.999668754688059 ], [ -56.188694749999961, -29.999669449999956 ], [ -56.188720099999962, -29.999687079999951 ], [ -56.188725879999957, -29.999690989999952 ], [ -56.188739359999957, -29.999700129999958 ], [ -56.188758569999962, -29.999713139999947 ], [ -56.188778949999957, -29.999727069999963 ], [ -56.188801979999958, -29.999742869999952 ], [ -56.188828929999957, -29.999761269999958 ], [ -56.188861239999959, -29.999783549999943 ], [ -56.188898589999958, -29.999809669999969 ], [ -56.188939839999961, -29.999838149999945 ], [ -56.188982629999956, -29.999867479999949 ], [ -56.189025989999962, -29.999897059999959 ], [ -56.189068519999957, -29.99992604999996 ], [ -56.189107359999959, -29.99995331999996 ], [ -56.189137219999964, -29.999974439999949 ], [ -56.18915717999996, -29.999988589999944 ], [ -56.189177669999957, -30.000003099999951 ], [ -56.189198639999958, -30.00001793999995 ], [ -56.189211669999956, -30.000027119999952 ], [ -56.189217259999957, -30.000031059999948 ], [ -56.18923670999996, -30.000044239999955 ], [ -56.189259819999961, -30.000060389999952 ], [ -56.189287219999962, -30.000079909999961 ], [ -56.189318669999956, -30.000103019999955 ], [ -56.18935057999996, -30.00012828999995 ], [ -56.18937805999996, -30.000153909999955 ], [ -56.189400289999959, -30.000178509999948 ], [ -56.189420989999959, -30.000200429999957 ], [ -56.189441589999959, -30.000220499999955 ], [ -56.189460129999958, -30.00023554999995 ], [ -56.189509759999957, -30.000270549999961 ], [ -56.189539689999968, -30.000290399999958 ], [ -56.18958029999996, -30.000315189999959 ], [ -56.189629049999958, -30.000344399999964 ], [ -56.189693349999956, -30.000376039999956 ], [ -56.189764769999961, -30.000415329999957 ], [ -56.189842119999959, -30.000466749999948 ], [ -56.189927969999957, -30.000526179999948 ], [ -56.190020979999957, -30.000590339999956 ], [ -56.190121939999962, -30.000660109999952 ], [ -56.190229919999958, -30.000734809999958 ], [ -56.190345469999961, -30.000814149999957 ], [ -56.19046739999996, -30.000898119999956 ], [ -56.190595069999958, -30.000985579999959 ], [ -56.190727269999961, -30.001075519999947 ], [ -56.190862589999966, -30.001166179999952 ], [ -56.190997189999962, -30.001258129999961 ], [ -56.191131099999957, -30.001351779999958 ], [ -56.191264559999958, -30.001445499999949 ], [ -56.191399399999959, -30.001538909999947 ], [ -56.19153423999996, -30.001631639999964 ], [ -56.191669649999959, -30.001724609999957 ], [ -56.19180525999996, -30.001817839999955 ], [ -56.191940929999959, -30.001911269999955 ], [ -56.192076919999963, -30.002004359999951 ], [ -56.192213659999958, -30.002097369999959 ], [ -56.192351139999957, -30.002190929999951 ], [ -56.192487429999957, -30.002286169999952 ], [ -56.192623849999961, -30.002382539999957 ], [ -56.192762369999969, -30.002480439999953 ], [ -56.192904869999957, -30.002580019999961 ], [ -56.193051269999962, -30.002681239999955 ], [ -56.193201659999957, -30.002784729999952 ], [ -56.193355019999956, -30.002889709999952 ], [ -56.193511769999958, -30.002997839999953 ], [ -56.19367203999996, -30.003108419999965 ], [ -56.193835429999957, -30.003221489999955 ], [ -56.194001279999966, -30.003337199999958 ], [ -56.194169359999961, -30.003453669999956 ], [ -56.194339289999959, -30.003571029999961 ], [ -56.194510339999958, -30.003689279999957 ], [ -56.194683389999959, -30.003808919999948 ], [ -56.194857159999962, -30.00392903999996 ], [ -56.195031649999969, -30.004049789999954 ], [ -56.195207389999958, -30.00417091999995 ], [ -56.195384439999962, -30.004292719999953 ], [ -56.195561549999958, -30.004414849999947 ], [ -56.195738809999959, -30.004536759999947 ], [ -56.195915679999956, -30.004658929999952 ], [ -56.196092329999964, -30.004781519999948 ], [ -56.196269989999962, -30.004904859999964 ], [ -56.196448559999958, -30.005029779999951 ], [ -56.196628629999957, -30.005154549999958 ], [ -56.196809599999959, -30.005280329999945 ], [ -56.196991399999959, -30.005405859999961 ], [ -56.197173819999961, -30.005532489999958 ], [ -56.197356579999969, -30.005659479999956 ], [ -56.197540429999968, -30.00578602999996 ], [ -56.197724179999959, -30.005912699999957 ], [ -56.197907579999956, -30.006039949999952 ], [ -56.198091519999956, -30.006167479999949 ], [ -56.198276489999962, -30.006296019999947 ], [ -56.198464, -30.006426049999956 ], [ -56.198652179999961, -30.006556419999953 ], [ -56.198841159999958, -30.006687379999953 ], [ -56.199031199999958, -30.006818729999942 ], [ -56.199222339999956, -30.006950229999948 ], [ -56.199413239999956, -30.007082419999961 ], [ -56.199603949999968, -30.007215149999954 ], [ -56.199794259999962, -30.007347919999948 ], [ -56.199984919999956, -30.007480359999942 ], [ -56.200175929999958, -30.00761253999995 ], [ -56.20036591999996, -30.007746509999954 ], [ -56.200558899999962, -30.007879109999948 ], [ -56.200751129999958, -30.008012299999955 ], [ -56.200943469999956, -30.008144949999949 ], [ -56.201135589999957, -30.008277669999949 ], [ -56.201326759999958, -30.008410639999955 ], [ -56.20151837999996, -30.008543119999956 ], [ -56.201709249999958, -30.008675139999959 ], [ -56.20190017999996, -30.008806859999954 ], [ -56.202091099999961, -30.008937939999957 ], [ -56.20228154999996, -30.009069179999948 ], [ -56.202471829999958, -30.009200199999967 ], [ -56.202663129999962, -30.009329849999954 ], [ -56.202854719999962, -30.009457899999955 ], [ -56.203046449999967, -30.009584239999949 ], [ -56.203238409999962, -30.009708569999948 ], [ -56.203430829999959, -30.009830919999956 ], [ -56.203624529999956, -30.009952209999952 ], [ -56.203819539999962, -30.010072779999959 ], [ -56.204015959999957, -30.010192609999951 ], [ -56.204213659999958, -30.010311169999955 ], [ -56.204412639999958, -30.010428019999956 ], [ -56.204612129999958, -30.010543469999948 ], [ -56.20481180999996, -30.010657739999957 ], [ -56.205011939999956, -30.010771299999949 ], [ -56.205213649999969, -30.010883339999964 ], [ -56.205416759999956, -30.010994199999946 ], [ -56.205621529999966, -30.011103539999951 ], [ -56.205827749999962, -30.011211879999955 ], [ -56.20603528999996, -30.011317749999954 ], [ -56.206243399999956, -30.011421239999954 ], [ -56.206451479999956, -30.011523389999947 ], [ -56.206659959999961, -30.011623369999953 ], [ -56.206868309999962, -30.011722559999949 ], [ -56.207076689999958, -30.011820229999948 ], [ -56.20728564999996, -30.01191634999995 ], [ -56.207494709999956, -30.012011649999959 ], [ -56.207703649999956, -30.012106029999948 ], [ -56.207913439999956, -30.012198619999957 ], [ -56.208124319999961, -30.012288549999948 ], [ -56.208335839999961, -30.012377089999948 ], [ -56.20854759999996, -30.01246413999996 ], [ -56.208759549999961, -30.012549409999956 ], [ -56.208971529999957, -30.012632969999942 ], [ -56.209183089999961, -30.012715239999949 ], [ -56.209394129999964, -30.012795869999959 ], [ -56.209605559999957, -30.012874179999955 ], [ -56.209816829999959, -30.012950539999949 ], [ -56.210028109999961, -30.013025299999949 ], [ -56.210238809999957, -30.01309958999996 ], [ -56.210449129999958, -30.013173009999957 ], [ -56.210659229999962, -30.013244859999951 ], [ -56.210869509999959, -30.013315119999955 ], [ -56.211079869999956, -30.01338320999994 ], [ -56.21128987999996, -30.013448299999954 ], [ -56.211499489999959, -30.013510979999953 ], [ -56.211708049999956, -30.013572269999965 ], [ -56.21191488999996, -30.013632149999967 ], [ -56.212120449999958, -30.013690609999959 ], [ -56.212324419999959, -30.013747779999953 ], [ -56.212527059999957, -30.013803569999954 ], [ -56.21272787999996, -30.013857729999952 ], [ -56.21292727999996, -30.01390983999995 ], [ -56.213124759999964, -30.013960479999955 ], [ -56.213320789999962, -30.01400871999995 ], [ -56.213515309999956, -30.01405453999995 ], [ -56.213708169999961, -30.014099159999951 ], [ -56.21389922999996, -30.014142539999956 ], [ -56.214088679999961, -30.014185219999959 ], [ -56.214280829999957, -30.01422739999996 ], [ -56.214475809999968, -30.014268979999947 ], [ -56.214669759999957, -30.014308939999957 ], [ -56.214863049999956, -30.014347589999957 ], [ -56.215055509999956, -30.014385659999949 ], [ -56.215246519999958, -30.014423189999949 ], [ -56.215435369999959, -30.014459719999955 ], [ -56.215621289999966, -30.014494839999955 ], [ -56.215804079999963, -30.014528709999961 ], [ -56.215983399999956, -30.01456170999996 ], [ -56.216158899999961, -30.014594059999951 ], [ -56.216330349999964, -30.014625239999965 ], [ -56.216497359999956, -30.014655269999967 ], [ -56.21666, -30.014684979999959 ], [ -56.216820819999967, -30.014714919999957 ], [ -56.21698329999996, -30.014745059999949 ], [ -56.217138869999957, -30.014774359999954 ], [ -56.217288039999957, -30.014802439999947 ], [ -56.217430139999962, -30.014829839999958 ], [ -56.217565119999961, -30.014856509999959 ], [ -56.217693229999959, -30.014881799999948 ], [ -56.217814959999956, -30.014905289999952 ], [ -56.217929599999962, -30.014927249999957 ], [ -56.218037529999961, -30.01494759999996 ], [ -56.218141389999957, -30.014967019999958 ], [ -56.218243509999958, -30.01498567999996 ], [ -56.218334849999962, -30.015002909999954 ], [ -56.21841419999997, -30.015017819999947 ], [ -56.218481899999965, -30.015030419999956 ], [ -56.21853928999996, -30.015040799999952 ], [ -56.218586309999957, -30.01504957999996 ], [ -56.218625839999959, -30.015056929999961 ], [ -56.218637049999955, -30.015058989999961 ], [ -56.218663189999958, -30.01506379999995 ], [ -56.218703049999959, -30.015070979999958 ], [ -56.218745199999958, -30.015078799999959 ], [ -56.218789349999959, -30.015087169999958 ], [ -56.218833269999962, -30.015095709999965 ], [ -56.218874929999956, -30.015103619999948 ], [ -56.21891241999996, -30.015110979999957 ], [ -56.218945349999956, -30.015117239999949 ], [ -56.218973669999961, -30.015122499999947 ], [ -56.218986569999956, -30.015124739999948 ], [ -56.218999469999964, -30.015126979999955 ], [ -56.219026319999962, -30.015131739999951 ], [ -56.219056359999968, -30.015137529999951 ], [ -56.219090489999964, -30.01514429999995 ], [ -56.219128089999955, -30.015152569999959 ], [ -56.219165639999964, -30.015162089999954 ], [ -56.219199579999959, -30.015172869999954 ], [ -56.219228809999962, -30.015184579999953 ], [ -56.21925712999996, -30.015195109999947 ], [ -56.219280069999961, -30.01520328999996 ], [ -56.219293769999958, -30.015207129999951 ], [ -56.219303699999969, -30.015208219999959 ], [ -56.219321919999956, -30.015211769999951 ], [ -56.219352579999956, -30.015216789999961 ], [ -56.219389879999966, -30.015222509999955 ], [ -56.219431739999962, -30.015228739999966 ], [ -56.219477809999958, -30.015234819999971 ], [ -56.219527519999964, -30.015239309999952 ], [ -56.219582459999963, -30.01524343999996 ], [ -56.21964374999996, -30.015249919999967 ], [ -56.219713949999957, -30.015258989999957 ], [ -56.219792599999955, -30.015272079999956 ], [ -56.219883399999958, -30.015287699999959 ], [ -56.219984659999959, -30.015305249999958 ], [ -56.220094609999961, -30.015324619999962 ], [ -56.220216779999959, -30.01534622999996 ], [ -56.220350659999959, -30.015370529999956 ], [ -56.220492429999958, -30.015397299999957 ], [ -56.220639789999957, -30.015424919999958 ], [ -56.220791899999959, -30.015453389999948 ], [ -56.220949109999957, -30.015482219999942 ], [ -56.221109179999956, -30.01551141999995 ], [ -56.221271979999969, -30.01554146999996 ], [ -56.221437689999959, -30.015572009999957 ], [ -56.22160618999996, -30.015603679999948 ], [ -56.221777689999961, -30.015635779999965 ], [ -56.221952159999958, -30.01566891999995 ], [ -56.222129909999957, -30.015702179999941 ], [ -56.222311099999956, -30.015735029999966 ], [ -56.222495369999962, -30.015768119999947 ], [ -56.222682909999961, -30.015802309999952 ], [ -56.22287380999996, -30.015837329999957 ], [ -56.223069749999958, -30.015873159999948 ], [ -56.22327097999996, -30.01591 ], [ -56.223477159999966, -30.015947949999948 ], [ -56.223689639999961, -30.015986949999963 ], [ -56.223906829999962, -30.016026689999954 ], [ -56.224127759999966, -30.016067309999947 ], [ -56.224352609999968, -30.016109029999956 ], [ -56.224581529999959, -30.016151629999957 ], [ -56.224814389999956, -30.016194879999951 ], [ -56.225049179999957, -30.016238879999953 ], [ -56.22528511999996, -30.016283479999963 ], [ -56.225522089999956, -30.016328249999955 ], [ -56.225759369999956, -30.016372829999948 ], [ -56.225996309999957, -30.01641608999995 ], [ -56.226232139999958, -30.016459379999965 ], [ -56.22646694999996, -30.016503029999949 ], [ -56.226701149999961, -30.016546059999953 ], [ -56.22693454999996, -30.016588869999957 ], [ -56.227166769999961, -30.016631959999959 ], [ -56.227398069999957, -30.016675099999958 ], [ -56.227628039999956, -30.016718089999962 ], [ -56.227856839999959, -30.016760429999952 ], [ -56.22808347999996, -30.016802629999955 ], [ -56.228308379999959, -30.01684439999995 ], [ -56.228532989999962, -30.016885919999957 ], [ -56.228758129999967, -30.016927589999948 ], [ -56.228983819999961, -30.016969059999951 ], [ -56.229209339999962, -30.017010399999947 ], [ -56.229433339999957, -30.017051449999954 ], [ -56.229656459999958, -30.017092779999956 ], [ -56.229879339999961, -30.017134769999949 ], [ -56.23010122999996, -30.017176289999956 ], [ -56.230321909999958, -30.017217139999953 ], [ -56.23054151999996, -30.017257149999949 ], [ -56.230759939999956, -30.017297089999953 ], [ -56.230978129999961, -30.017337899999951 ], [ -56.231199179999962, -30.017378769999951 ], [ -56.231423029999966, -30.017420379999955 ], [ -56.231649159999961, -30.01746269999996 ], [ -56.231876909999961, -30.017505529999958 ], [ -56.232104589999956, -30.017548509999948 ], [ -56.232331659999957, -30.017592849999954 ], [ -56.232558469999965, -30.017636029999945 ], [ -56.232785089999958, -30.017677479999957 ], [ -56.233011179999956, -30.017718549999948 ], [ -56.233236389999959, -30.017759919999961 ], [ -56.233460829999963, -30.017801249999955 ], [ -56.233683849999956, -30.017843139999954 ], [ -56.233905869999958, -30.017884939999956 ], [ -56.234126969999956, -30.017926549999959 ], [ -56.234347479999961, -30.017967809999952 ], [ -56.234567419999962, -30.018009409999955 ], [ -56.23478697999996, -30.018050699999954 ], [ -56.23500655999996, -30.01809130999996 ], [ -56.235225939999957, -30.018132399999949 ], [ -56.235445689999956, -30.018173289999954 ], [ -56.235666139999957, -30.018214399999962 ], [ -56.235886609999959, -30.018255789999955 ], [ -56.236107139999959, -30.018296769999942 ], [ -56.23632724999996, -30.018338069999967 ], [ -56.236546599999961, -30.01837933999996 ], [ -56.236764899999969, -30.018419759999965 ], [ -56.236981749999956, -30.018458839999955 ], [ -56.237196789999956, -30.018497489999959 ], [ -56.237409589999956, -30.018536289999957 ], [ -56.237620279999959, -30.018575 ], [ -56.237828749999956, -30.018613729999959 ], [ -56.238035039999957, -30.018652019999955 ], [ -56.238241679999959, -30.018690119999945 ], [ -56.238449819999957, -30.018728059999948 ], [ -56.238659319999961, -30.018766319999948 ], [ -56.238870319999961, -30.018805199999957 ], [ -56.239082579999959, -30.018844249999955 ], [ -56.239295639999959, -30.01888377999995 ], [ -56.239509539999958, -30.018923379999951 ], [ -56.239723859999962, -30.018963559999957 ], [ -56.239938869999961, -30.019003409999957 ], [ -56.240154319999959, -30.019043489999955 ], [ -56.240370429999956, -30.019083919999961 ], [ -56.240587369999957, -30.019124389999952 ], [ -56.240805319999957, -30.019164369999956 ], [ -56.241023579999961, -30.019204239999947 ], [ -56.24124160999996, -30.01924436999996 ], [ -56.24145946999996, -30.019284479999964 ], [ -56.241677, -30.019325349999953 ], [ -56.241894589999958, -30.019365919999949 ], [ -56.242112019999958, -30.01940576999996 ], [ -56.242328489999956, -30.019445269999942 ], [ -56.242543679999962, -30.019484559999949 ], [ -56.24275777999997, -30.01952428999995 ], [ -56.242971449999956, -30.019564119999959 ], [ -56.243184949999957, -30.01960431999996 ], [ -56.243398349999957, -30.019644409999948 ], [ -56.24361178999996, -30.01968439999996 ], [ -56.24382484999996, -30.019724109999949 ], [ -56.244037519999956, -30.019763789999949 ], [ -56.244249859999968, -30.019803489999944 ], [ -56.244462459999959, -30.01984309999996 ], [ -56.24467595999996, -30.019882869999954 ], [ -56.244890039999959, -30.019922649999955 ], [ -56.245104909999959, -30.019962759999952 ], [ -56.245320249999956, -30.020003009999954 ], [ -56.245535429999961, -30.020043199999957 ], [ -56.24575010999996, -30.020083369999956 ], [ -56.245963869999962, -30.020123469999948 ], [ -56.246176719999958, -30.020163209999957 ], [ -56.246388309999965, -30.020202329999954 ], [ -56.24659898999996, -30.020241 ], [ -56.246808219999956, -30.020279519999953 ], [ -56.24701471999996, -30.020317709999958 ], [ -56.247217769999956, -30.020355799999951 ], [ -56.247417339999956, -30.02039300999995 ], [ -56.24761309999996, -30.020429509999946 ], [ -56.247805129999961, -30.02046500999996 ], [ -56.24799310999996, -30.020499859999948 ], [ -56.248176639999961, -30.020534539999957 ], [ -56.248356009999966, -30.02056806999996 ], [ -56.248531, -30.020600559999952 ], [ -56.248701429999961, -30.020632499999952 ], [ -56.248867289999957, -30.020663169999953 ], [ -56.249027789999957, -30.020692819999951 ], [ -56.249183159999959, -30.020721889999944 ], [ -56.249333279999959, -30.020749719999948 ], [ -56.249478369999963, -30.020776389999956 ], [ -56.24961830999996, -30.020802259999957 ], [ -56.24975270999996, -30.020827579999956 ], [ -56.249881809999962, -30.020852239999957 ], [ -56.250005719999962, -30.020875949999944 ], [ -56.25012429999996, -30.020898549999949 ], [ -56.250237419999962, -30.020920089999954 ], [ -56.250345049999957, -30.020940299999967 ], [ -56.25044718999996, -30.020959549999947 ], [ -56.250544689999963, -30.020977709999954 ], [ -56.250639489999962, -30.020995359999954 ], [ -56.250734549999962, -30.021013049999954 ], [ -56.250829889999956, -30.021030569999951 ], [ -56.250925529999961, -30.021048039999947 ], [ -56.251022069999962, -30.021065529999959 ], [ -56.251121279999957, -30.021083759999957 ], [ -56.251223199999956, -30.021102669999951 ], [ -56.251327709999963, -30.021122039999952 ], [ -56.251435229999956, -30.021142239999957 ], [ -56.251545109999959, -30.021162889999953 ], [ -56.251654149999958, -30.021183099999959 ], [ -56.251762329999956, -30.021202889999959 ], [ -56.251872869999957, -30.021223409999951 ], [ -56.251986369999969, -30.021244139999954 ], [ -56.252102949999959, -30.021265239999948 ], [ -56.252224519999956, -30.021286709999952 ], [ -56.252352969999961, -30.021309609999957 ], [ -56.252488369999959, -30.021333839999954 ], [ -56.252630239999959, -30.021359549999964 ], [ -56.252776879999956, -30.021386399999955 ], [ -56.252928629999957, -30.021414699999955 ], [ -56.25308667999996, -30.021444559999946 ], [ -56.253251499999962, -30.02147572999997 ], [ -56.253423429999962, -30.02150780999996 ], [ -56.253602269999959, -30.021541639999963 ], [ -56.253787759999959, -30.02157677999995 ], [ -56.253978889999956, -30.021612519999948 ], [ -56.254176509999958, -30.021648559999957 ], [ -56.25437928999996, -30.021685129999948 ], [ -56.254586389999957, -30.02172257999996 ], [ -56.254796379999959, -30.02176106999995 ], [ -56.255007029999959, -30.021799899999948 ], [ -56.255218069999962, -30.021838959999954 ], [ -56.255429019999958, -30.021878209999944 ], [ -56.255639739999957, -30.021917449999957 ], [ -56.255849949999956, -30.021956439999954 ], [ -56.256059989999962, -30.021995359999959 ], [ -56.256270069999957, -30.022034049999952 ], [ -56.256480059999959, -30.022072519999956 ], [ -56.256690179999957, -30.022110679999951 ], [ -56.256900299999963, -30.022148569999949 ], [ -56.25711049999996, -30.022187619999958 ], [ -56.257321009999956, -30.022227179999955 ], [ -56.257532759999961, -30.02226712999996 ], [ -56.257745699999958, -30.022307039999955 ], [ -56.257959649999961, -30.022347089999961 ], [ -56.25817449999996, -30.02238749999994 ], [ -56.258389649999963, -30.022427989999951 ], [ -56.258603939999958, -30.022468119999964 ], [ -56.258817399999963, -30.02250762999995 ], [ -56.259030449999962, -30.022547179999961 ], [ -56.259243839999961, -30.02258688999996 ], [ -56.259457539999957, -30.022626469999953 ], [ -56.259670659999962, -30.022666079999954 ], [ -56.259883079999959, -30.022705609999949 ], [ -56.260095649999961, -30.022745969999953 ], [ -56.260309189999965, -30.022785739999954 ], [ -56.26052441999996, -30.022824909999954 ], [ -56.26073927999996, -30.022865129999953 ], [ -56.260954129999959, -30.022905649999963 ], [ -56.261168709999957, -30.022945969999949 ], [ -56.261382989999959, -30.02298544999995 ], [ -56.261597109999961, -30.02302554999995 ], [ -56.261811259999959, -30.023064779999956 ], [ -56.262025369999961, -30.02310424999995 ], [ -56.262239589999957, -30.02314371999995 ], [ -56.26245353999996, -30.023183109999955 ], [ -56.262667479999969, -30.023222289999957 ], [ -56.262881389999961, -30.02326183999995 ], [ -56.26309563999996, -30.023302209999944 ], [ -56.263312589999956, -30.023343189999959 ], [ -56.263532589999961, -30.023384539999949 ], [ -56.263754679999963, -30.02342624999995 ], [ -56.263978059999957, -30.023467919999955 ], [ -56.264201519999958, -30.023510149999961 ], [ -56.264424619999957, -30.023552439999968 ], [ -56.264647199999963, -30.023594589999952 ], [ -56.264869479999959, -30.023635779999953 ], [ -56.26509121999996, -30.023676179999963 ], [ -56.265312239999957, -30.023715909999961 ], [ -56.265532949999958, -30.023755659999964 ], [ -56.265752869999957, -30.023796169999962 ], [ -56.265971789999959, -30.023836849999956 ], [ -56.266189949999969, -30.023877099999961 ], [ -56.266406829999958, -30.023917349999948 ], [ -56.26662385999996, -30.023957099999954 ], [ -56.26684, -30.023995499999955 ], [ -56.267055549999959, -30.024031609999952 ], [ -56.26727101999996, -30.024065229999948 ], [ -56.267486449999957, -30.024097019999964 ], [ -56.267702069999956, -30.024126779999957 ], [ -56.267918089999959, -30.024154449999944 ], [ -56.268133959999957, -30.024180159999958 ], [ -56.268348139999958, -30.024204299999948 ], [ -56.268560589999957, -30.024226719999959 ], [ -56.268771659999956, -30.024246189999953 ], [ -56.26898123999996, -30.024263819999963 ], [ -56.269187959999961, -30.024278669999948 ], [ -56.269391929999969, -30.024290069999957 ], [ -56.269593729999961, -30.024300139999959 ], [ -56.269794019999956, -30.024309229999954 ], [ -56.269992829999957, -30.024316809999942 ], [ -56.270189939999959, -30.024323009999961 ], [ -56.270385469999958, -30.024327989999957 ], [ -56.27057887999996, -30.024330789999954 ], [ -56.270769889999968, -30.024331429999961 ], [ -56.270957309999957, -30.024330929999952 ], [ -56.27114136999996, -30.024329029999954 ], [ -56.271323249999959, -30.024325869999956 ], [ -56.271503349999961, -30.02432076999996 ], [ -56.271681459999961, -30.024315039999959 ], [ -56.271857289999964, -30.024308989999948 ], [ -56.27203035999996, -30.024302069999955 ], [ -56.272199679999964, -30.02429384999995 ], [ -56.272365339999958, -30.024284489999953 ], [ -56.272527049999958, -30.024274219999953 ], [ -56.272684489999961, -30.024262939999957 ], [ -56.272837719999956, -30.024250899999956 ], [ -56.272986809999956, -30.02423797999996 ], [ -56.273131619999958, -30.024224689999951 ], [ -56.273272329999962, -30.02421041999995 ], [ -56.273408969999956, -30.024195979999959 ], [ -56.273541079999958, -30.024181799999955 ], [ -56.273669389999959, -30.02416717999996 ], [ -56.273793359999956, -30.024152669999964 ], [ -56.273913429999958, -30.024138479999952 ], [ -56.274029979999959, -30.024124069999957 ], [ -56.274132149999957, -30.024111149999946 ], [ -56.274143499999958, -30.024109709999951 ], [ -56.274255749999959, -30.024094289999955 ], [ -56.274371589999959, -30.024076979999951 ], [ -56.274494129999958, -30.024057399999961 ], [ -56.274624699999961, -30.024036209999952 ], [ -56.27476156999996, -30.024013579999959 ], [ -56.274901649999961, -30.023989309999955 ], [ -56.275042419999956, -30.023962859999944 ], [ -56.275183409999961, -30.023935559999952 ], [ -56.275325389999956, -30.023907839999961 ], [ -56.275468059999959, -30.02387969999997 ], [ -56.275611629999965, -30.023851169999951 ], [ -56.275756309999956, -30.023821649999952 ], [ -56.275902289999962, -30.023790889999951 ], [ -56.276049139999962, -30.023758959999963 ], [ -56.276196879999958, -30.023725709999958 ], [ -56.276344139999956, -30.023690879999961 ], [ -56.27649085999996, -30.02365497999995 ], [ -56.27663744999996, -30.023617779999952 ], [ -56.276783659999957, -30.023579989999959 ], [ -56.276929869999961, -30.023540779999955 ], [ -56.277076009999959, -30.023500839999954 ], [ -56.277222339999959, -30.023460049999954 ], [ -56.277369, -30.023418299999957 ], [ -56.277517359999962, -30.02337630999995 ], [ -56.277669049999957, -30.023333599999951 ], [ -56.277824409999958, -30.023289559999949 ], [ -56.277980099999958, -30.023244209999952 ], [ -56.278134819999956, -30.023199129999945 ], [ -56.278288559999957, -30.023153939999951 ], [ -56.278441249999958, -30.02310845999995 ], [ -56.278593259999958, -30.023062609999961 ], [ -56.278745569999955, -30.023017079999956 ], [ -56.278898429999956, -30.022971519999949 ], [ -56.279050979999958, -30.022926339999948 ], [ -56.279202519999956, -30.022881649999956 ], [ -56.279352879999962, -30.022836329999954 ], [ -56.279502169999958, -30.022791519999949 ], [ -56.279650779999962, -30.02274687999995 ], [ -56.279800709999961, -30.022701539999947 ], [ -56.279950799999959, -30.02265863999995 ], [ -56.280102159999956, -30.022615499999958 ], [ -56.28025515999996, -30.022571929999948 ], [ -56.28041024999996, -30.022527429999958 ], [ -56.280567649999959, -30.022481929999955 ], [ -56.280727079999956, -30.022435489999957 ], [ -56.280886439999961, -30.022388949999954 ], [ -56.281045809999959, -30.022341809999944 ], [ -56.281206719999957, -30.022294679999941 ], [ -56.281370559999957, -30.022246569999954 ], [ -56.281537179999965, -30.022197579999961 ], [ -56.281707009999963, -30.022147159999953 ], [ -56.281879219999958, -30.022096119999958 ], [ -56.282053369999957, -30.022044479999941 ], [ -56.282228139999958, -30.021993449999961 ], [ -56.282403799999969, -30.021942549999952 ], [ -56.282581239999956, -30.021891079999943 ], [ -56.282760529999962, -30.021839409999959 ], [ -56.282942099999957, -30.021786229999964 ], [ -56.28312582999996, -30.021733049999952 ], [ -56.283311509999962, -30.021678869999949 ], [ -56.283497879999956, -30.021624499999952 ], [ -56.283684939999958, -30.021570449999956 ], [ -56.28387414999996, -30.021514699999962 ], [ -56.284065349999956, -30.021458699999965 ], [ -56.28425904999996, -30.021401609999959 ], [ -56.284455439999959, -30.021343789999957 ], [ -56.284653839999962, -30.021285549999959 ], [ -56.284853579999961, -30.021226709999965 ], [ -56.285054979999956, -30.021167809999952 ], [ -56.285259809999957, -30.021107769999965 ], [ -56.285468379999962, -30.021046169999959 ], [ -56.285679859999959, -30.020984819999953 ], [ -56.285893879999961, -30.02092337999996 ], [ -56.286108749999961, -30.020862269999952 ], [ -56.286325179999956, -30.020799769999954 ], [ -56.286543029999962, -30.020736339999967 ], [ -56.286761729999959, -30.020672439999952 ], [ -56.286980399999962, -30.020608349999957 ], [ -56.28719849999996, -30.020545029999948 ], [ -56.287415869999961, -30.02048159999995 ], [ -56.287631989999959, -30.020419919999949 ], [ -56.287847149999962, -30.020357779999951 ], [ -56.288061809999959, -30.020294819999968 ], [ -56.288275249999955, -30.020232939999957 ], [ -56.288487109999956, -30.020170989999954 ], [ -56.288696889999962, -30.020109819999949 ], [ -56.288904669999958, -30.020048309999957 ], [ -56.289110929999964, -30.019987109999949 ], [ -56.289315059999957, -30.019927399999961 ], [ -56.289517579999959, -30.019868109999958 ], [ -56.289718009999959, -30.019809089999949 ], [ -56.289916699999957, -30.019749879999949 ], [ -56.290113899999959, -30.019691229999964 ], [ -56.290311319999958, -30.019632889999951 ], [ -56.29051168999996, -30.019574059999961 ], [ -56.290715619999958, -30.019514719999957 ], [ -56.29092432999996, -30.019453289999944 ], [ -56.291139599999958, -30.019391129999963 ], [ -56.291362069999956, -30.019327029999967 ], [ -56.291588459999957, -30.01926158999995 ], [ -56.291815609999958, -30.019196049999959 ], [ -56.292042139999957, -30.019130059999952 ], [ -56.292267219999957, -30.019063929999959 ], [ -56.292490349999966, -30.018997879999954 ], [ -56.292711609999962, -30.01893272999996 ], [ -56.292931299999957, -30.018869469999956 ], [ -56.293149339999957, -30.018806459999954 ], [ -56.293366189999965, -30.018743529999949 ], [ -56.293583009999956, -30.01868038999995 ], [ -56.293799779999965, -30.018617019999958 ], [ -56.294015719999962, -30.01855357999996 ], [ -56.294230529999957, -30.01849166999996 ], [ -56.294444079999963, -30.018429769999955 ], [ -56.294656879999962, -30.018367599999959 ], [ -56.29486990999996, -30.018304699999948 ], [ -56.295084029999956, -30.018240379999959 ], [ -56.29530005999996, -30.018175419999963 ], [ -56.295516679999956, -30.018111049999963 ], [ -56.295733499999962, -30.018046819999952 ], [ -56.295950689999962, -30.017982859999957 ], [ -56.296168899999962, -30.017919239999955 ], [ -56.29638931999996, -30.017855019999953 ], [ -56.296610899999962, -30.017790209999962 ], [ -56.296833869999958, -30.01772535999995 ], [ -56.297057249999959, -30.017660069999948 ], [ -56.297280499999957, -30.017594989999957 ], [ -56.297502919999957, -30.017529579999955 ], [ -56.297724869999961, -30.017464619999952 ], [ -56.297946789999962, -30.017399429999948 ], [ -56.298168639999957, -30.017334809999941 ], [ -56.298390029999958, -30.017270009999947 ], [ -56.29861049999996, -30.017206219999952 ], [ -56.298830269999961, -30.017142509999957 ], [ -56.299049569999958, -30.017078589999944 ], [ -56.299267639999968, -30.017015179999955 ], [ -56.299485399999959, -30.016951779999957 ], [ -56.299702719999956, -30.016888229999953 ], [ -56.299920009999958, -30.016824959999958 ], [ -56.300137189999958, -30.016761279999955 ], [ -56.300354279999958, -30.016697139999966 ], [ -56.300571249999969, -30.016632879999953 ], [ -56.300787959999958, -30.016569189999956 ], [ -56.30100472999996, -30.016506189999955 ], [ -56.301222209999956, -30.016443599999953 ], [ -56.301440869999958, -30.016380499999954 ], [ -56.301660279999965, -30.016316679999953 ], [ -56.301879879999966, -30.016252099999953 ], [ -56.302099359999957, -30.016187749999961 ], [ -56.302319549999957, -30.016123009999955 ], [ -56.302540299999961, -30.01605857999996 ], [ -56.302761469999957, -30.015993589999951 ], [ -56.302982709999959, -30.015928269999961 ], [ -56.303203829999958, -30.015863649999961 ], [ -56.303425099999956, -30.015799739999945 ], [ -56.303646419999957, -30.015736049999955 ], [ -56.303867399999959, -30.015671309999952 ], [ -56.304088049999962, -30.015606409999954 ], [ -56.30430915999996, -30.015542009999958 ], [ -56.304531049999959, -30.015476979999953 ], [ -56.304752739999962, -30.015412659999953 ], [ -56.304974239999957, -30.015348389999964 ], [ -56.305194569999962, -30.015284269999952 ], [ -56.30541403999996, -30.01522037999996 ], [ -56.305632569999958, -30.015157129999956 ], [ -56.305849969999962, -30.015094609999956 ], [ -56.306066549999962, -30.01503217999996 ], [ -56.306281669999962, -30.014969109999956 ], [ -56.30649624999996, -30.014906059999962 ], [ -56.306710699999961, -30.014842729999959 ], [ -56.306924489999957, -30.014780659999953 ], [ -56.30713717999997, -30.01471886999996 ], [ -56.307347879999959, -30.014657199999967 ], [ -56.30755665999996, -30.014595789999948 ], [ -56.307763759999958, -30.014534969999954 ], [ -56.307969299999961, -30.014475969999957 ], [ -56.308173519999961, -30.014417839999957 ], [ -56.308376219999957, -30.014359299999963 ], [ -56.308577709999959, -30.014299859999955 ], [ -56.308778909999958, -30.014240399999952 ], [ -56.308982559999961, -30.014180239999959 ], [ -56.309189409999959, -30.014119719999947 ], [ -56.30939946999996, -30.014058349999953 ], [ -56.309612219999956, -30.013997019999959 ], [ -56.309826489999956, -30.013934049999953 ], [ -56.310042309999957, -30.013870659999949 ], [ -56.31025985999996, -30.013806599999956 ], [ -56.310479229999956, -30.013742339999951 ], [ -56.310699779999958, -30.013677349999949 ], [ -56.310921049999962, -30.013611949999955 ], [ -56.311143929999957, -30.013546369999961 ], [ -56.311368159999958, -30.013480369999954 ], [ -56.31159351999996, -30.01341423999996 ], [ -56.311819839999956, -30.013347639999953 ], [ -56.312046189999961, -30.013282149999963 ], [ -56.312272949999958, -30.013216559999947 ], [ -56.312500329999956, -30.013150419999967 ], [ -56.312728469999961, -30.013083599999948 ], [ -56.312957129999958, -30.013017139999945 ], [ -56.313185529999956, -30.012950819999954 ], [ -56.313413619999956, -30.012884439999958 ], [ -56.313643059999961, -30.012817649999956 ], [ -56.313871909999961, -30.012750429999954 ], [ -56.314099689999964, -30.012683329999955 ], [ -56.314326609999959, -30.012616889999958 ], [ -56.314553029999956, -30.012550909999959 ], [ -56.314778919999959, -30.012485319999954 ], [ -56.315005429999957, -30.012419329999954 ], [ -56.315232649999956, -30.01235250999995 ], [ -56.315461009999957, -30.012284889999957 ], [ -56.315689859999956, -30.012217199999949 ], [ -56.315918379999957, -30.012149399999956 ], [ -56.316147119999961, -30.012082639999964 ], [ -56.316376039999959, -30.012016659999947 ], [ -56.31660507999996, -30.011951549999964 ], [ -56.31683359999996, -30.011886209999957 ], [ -56.317061289999963, -30.011819709999955 ], [ -56.317287879999959, -30.011752829999956 ], [ -56.317513949999956, -30.011686459999957 ], [ -56.31773933999996, -30.01161993999996 ], [ -56.317964059999959, -30.01155385999995 ], [ -56.318187909999956, -30.011488359999959 ], [ -56.318411219999959, -30.01142276999995 ], [ -56.318634189999962, -30.011356969999952 ], [ -56.318857629999961, -30.01129115999996 ], [ -56.319081689999962, -30.011226829999959 ], [ -56.319306109999957, -30.011163139999947 ], [ -56.319530189999959, -30.01109868999994 ], [ -56.319752859999959, -30.011033729999948 ], [ -56.31997383999996, -30.010968829999957 ], [ -56.32019307999996, -30.01090386999995 ], [ -56.320410389999957, -30.010839499999957 ], [ -56.320626259999962, -30.010775869999961 ], [ -56.320840249999961, -30.010712519999952 ], [ -56.321052889999962, -30.010649769999961 ], [ -56.32126455999996, -30.01058762999995 ], [ -56.321477169999959, -30.01052647999996 ], [ -56.32169144999996, -30.010465089999951 ], [ -56.321908829999956, -30.010402559999953 ], [ -56.322128169999957, -30.010339009999953 ], [ -56.322349129999957, -30.010273829999957 ], [ -56.322571399999966, -30.01020744999996 ], [ -56.322794739999956, -30.010141499999964 ], [ -56.32301848999996, -30.010075729999965 ], [ -56.323242379999961, -30.010010119999954 ], [ -56.323466449999962, -30.009943819999947 ], [ -56.323691109999956, -30.009877619999951 ], [ -56.323915609999965, -30.009811789999951 ], [ -56.324139529999961, -30.009746819999958 ], [ -56.324362129999962, -30.00968252999996 ], [ -56.324583129999958, -30.009617499999955 ], [ -56.324803709999962, -30.00955250999996 ], [ -56.325024369999959, -30.009487919999955 ], [ -56.325245009999961, -30.009423699999971 ], [ -56.325466419999962, -30.00936010999996 ], [ -56.325688559999961, -30.009297069999949 ], [ -56.32591113999996, -30.009234749999948 ], [ -56.32613450999996, -30.009174049999949 ], [ -56.326358669999962, -30.009115419999951 ], [ -56.326584509999961, -30.009058749999973 ], [ -56.326811819999961, -30.009002979999966 ], [ -56.327039779999957, -30.008947329999959 ], [ -56.32726832999996, -30.008892789999969 ], [ -56.327498119999959, -30.00884024999996 ], [ -56.327729269999956, -30.008789089999958 ], [ -56.327962239999962, -30.008740079999953 ], [ -56.328197179999968, -30.00869344999996 ], [ -56.328433569999959, -30.008647689999954 ], [ -56.328672049999959, -30.008602599999953 ], [ -56.328912149999958, -30.00855862999996 ], [ -56.329153379999958, -30.008516389999947 ], [ -56.329394769999958, -30.008475749999949 ], [ -56.329636029999968, -30.008436719999953 ], [ -56.329876709999958, -30.008399509999954 ], [ -56.330116849999968, -30.008364439999948 ], [ -56.330356489999957, -30.008330959999959 ], [ -56.330597189999956, -30.008298849999953 ], [ -56.330839209999958, -30.008267639999961 ], [ -56.331081339999962, -30.008237849999954 ], [ -56.33132348999996, -30.008210419999955 ], [ -56.331565729999966, -30.008184729999947 ], [ -56.331808839999958, -30.00816080999995 ], [ -56.332052629999957, -30.008138729999956 ], [ -56.332295899999963, -30.008118189999948 ], [ -56.33253786999996, -30.008099419999954 ], [ -56.33277874999996, -30.008082449999961 ], [ -56.333018409999958, -30.008066659999944 ], [ -56.333257109999956, -30.008052529999951 ], [ -56.333495349999957, -30.00804053999995 ], [ -56.33373256999996, -30.008030899999962 ], [ -56.333968419999962, -30.008022689999951 ], [ -56.334203169999959, -30.008016869999953 ], [ -56.334437979999961, -30.008011849999953 ], [ -56.334672309999959, -30.008008319999952 ], [ -56.334906699999962, -30.008006559999959 ], [ -56.335141449999959, -30.008006329999954 ], [ -56.335376459999956, -30.008006219999949 ], [ -56.335611809999968, -30.008007239999948 ], [ -56.33584821999996, -30.008010059999965 ], [ -56.336086019999961, -30.008014949999954 ], [ -56.336324939999962, -30.008021359999958 ], [ -56.336566069999961, -30.008029089999948 ], [ -56.336808739999967, -30.008038489999961 ], [ -56.337052339999957, -30.008049299999968 ], [ -56.337296559999956, -30.008062239999955 ], [ -56.337540889999957, -30.008077709999949 ], [ -56.337784709999958, -30.00809575999995 ], [ -56.338028109999961, -30.008115469999954 ], [ -56.338273069999957, -30.008137799999968 ], [ -56.33851948999996, -30.008162109999954 ], [ -56.338767109999957, -30.008187159999952 ], [ -56.339014779999957, -30.008213139999949 ], [ -56.339262539999957, -30.008239849999963 ], [ -56.339509439999958, -30.008267809999953 ], [ -56.339754719999959, -30.008298109999952 ], [ -56.33999887999996, -30.008330809999954 ], [ -56.34024215999996, -30.008365039999948 ], [ -56.34048484999996, -30.008400539999954 ], [ -56.340726639999957, -30.008436489999951 ], [ -56.340967059999961, -30.008473939999948 ], [ -56.341206369999959, -30.008512279999959 ], [ -56.341445079999957, -30.008550649999957 ], [ -56.341683489999959, -30.008588859999957 ], [ -56.341921719999959, -30.008626639999957 ], [ -56.342160489999962, -30.008664629999952 ], [ -56.342399579999956, -30.00870305999997 ], [ -56.342638159999957, -30.008741259999965 ], [ -56.342876299999958, -30.008779989999962 ], [ -56.34311531999996, -30.008818849999948 ], [ -56.343355, -30.008858149999952 ], [ -56.343594839999959, -30.008897689999952 ], [ -56.343835029999958, -30.008937259999957 ], [ -56.344076489999956, -30.008976499999953 ], [ -56.344318519999959, -30.00901513999996 ], [ -56.344560739999956, -30.009052779999951 ], [ -56.34480458999996, -30.00909101999995 ], [ -56.345050379999968, -30.009129819999949 ], [ -56.345297459999962, -30.009168749999947 ], [ -56.345546479999967, -30.009208439999959 ], [ -56.345796499999956, -30.009248139999958 ], [ -56.34604747999996, -30.009287969999953 ], [ -56.346299859999959, -30.009328319999952 ], [ -56.346553619999959, -30.009368159999966 ], [ -56.346809419999957, -30.009408799999949 ], [ -56.347066129999959, -30.009449059999955 ], [ -56.347323619999962, -30.009489229999961 ], [ -56.347581059999968, -30.009529839999953 ], [ -56.347838189999962, -30.009570779999951 ], [ -56.348094729999957, -30.009611359999955 ], [ -56.348350899999957, -30.009650409999949 ], [ -56.34860640999996, -30.009688789999952 ], [ -56.348860739999957, -30.009731929999965 ], [ -56.349113959999961, -30.009776369999951 ], [ -56.349366879999963, -30.009818369999941 ], [ -56.349619209999958, -30.00985861999996 ], [ -56.349870849999959, -30.009898159999953 ], [ -56.350121129999962, -30.009937289999964 ], [ -56.35037108999996, -30.009977289999956 ], [ -56.350620569999961, -30.010016839999953 ], [ -56.350869579999959, -30.010056339999949 ], [ -56.35111811999996, -30.010096 ], [ -56.351366489999961, -30.010135459999955 ], [ -56.351616129999961, -30.010175099999955 ], [ -56.35186609999996, -30.010215069999944 ], [ -56.352115989999966, -30.010254499999952 ], [ -56.352365869999957, -30.010295079999949 ], [ -56.352615299999968, -30.010336029999955 ], [ -56.352865119999962, -30.010376059999956 ], [ -56.353115049999957, -30.010415979999948 ], [ -56.353364979999959, -30.010456449999953 ], [ -56.35361556999996, -30.010496239999956 ], [ -56.353866319999959, -30.010534969999952 ], [ -56.354116759999961, -30.010573909999948 ], [ -56.354366609999957, -30.01061329999996 ], [ -56.354616429999957, -30.010652369999956 ], [ -56.354865509999961, -30.01069256999995 ], [ -56.355114669999956, -30.010732619999956 ], [ -56.355363529999956, -30.010772439999954 ], [ -56.35561201999996, -30.010812379999955 ], [ -56.355860309999962, -30.01085189999996 ], [ -56.356107719999962, -30.01089132999995 ], [ -56.356353959999964, -30.010931009999947 ], [ -56.356599799999962, -30.010970609999941 ], [ -56.356844739999957, -30.011009679999955 ], [ -56.357089959999968, -30.011048489999958 ], [ -56.357334739999956, -30.011087489999966 ], [ -56.357579299999962, -30.01112678999996 ], [ -56.357824269999959, -30.011165509999952 ], [ -56.358068689999968, -30.011203879999954 ], [ -56.358312119999958, -30.011242639999963 ], [ -56.35855611999996, -30.011281609999948 ], [ -56.358799979999958, -30.011320309999963 ], [ -56.359043759999963, -30.011359699999954 ], [ -56.359286799999957, -30.011398729999961 ], [ -56.359529959999961, -30.011437169999947 ], [ -56.359773359999956, -30.011475079999947 ], [ -56.360016739999956, -30.011513659999949 ], [ -56.360260379999964, -30.011552829999957 ], [ -56.360503849999958, -30.011592939999961 ], [ -56.360747369999956, -30.011633119999953 ], [ -56.360991259999956, -30.011671919999952 ], [ -56.361234329999959, -30.011709969999963 ], [ -56.361476889999956, -30.011748269999959 ], [ -56.361718659999958, -30.011786269999952 ], [ -56.361960529999962, -30.011824349999955 ], [ -56.362202749999959, -30.011862329999957 ], [ -56.362445809999961, -30.01190031999996 ], [ -56.362689549999956, -30.011938249999957 ], [ -56.362933679999962, -30.011976779999948 ], [ -56.363178159999961, -30.01201591999995 ], [ -56.363422699999958, -30.012055969999949 ], [ -56.363666619999961, -30.012094889999954 ], [ -56.363910709999956, -30.012133619999961 ], [ -56.364154079999956, -30.012172599999953 ], [ -56.364396929999963, -30.012211779999955 ], [ -56.364639659999959, -30.012251039999963 ], [ -56.364881819999958, -30.012289569999954 ], [ -56.36512400999996, -30.012327899999956 ], [ -56.365366469999962, -30.012366339999954 ], [ -56.36560895999996, -30.012404749999959 ], [ -56.365851699999958, -30.012444059999954 ], [ -56.366095349999959, -30.012483289999949 ], [ -56.366339149999959, -30.01252304999996 ], [ -56.36658312999996, -30.01256263999996 ], [ -56.366827549999961, -30.012602039999951 ], [ -56.367071899999956, -30.012641199999951 ], [ -56.367316819999957, -30.012679829999961 ], [ -56.36756194999996, -30.012718459999949 ], [ -56.367807049999961, -30.012757419999957 ], [ -56.368052199999958, -30.012796479999967 ], [ -56.368296839999957, -30.012835569999957 ], [ -56.368540979999956, -30.012874549999957 ], [ -56.368785449999962, -30.012913329999961 ], [ -56.36903051999996, -30.012951579999953 ], [ -56.369276099999958, -30.012990249999962 ], [ -56.369521779999957, -30.013028899999952 ], [ -56.369767689999968, -30.013067759999966 ], [ -56.370012799999962, -30.013107469999948 ], [ -56.370256689999962, -30.013146479999957 ], [ -56.370499419999959, -30.013185179999951 ], [ -56.370741649999957, -30.013223339999954 ], [ -56.370983849999959, -30.013261889999956 ], [ -56.37122576999996, -30.013299889999942 ], [ -56.371467969999962, -30.013337979999957 ], [ -56.37170993999996, -30.01337597999996 ], [ -56.371951019999962, -30.013413449999952 ], [ -56.372191389999962, -30.013450149999958 ], [ -56.372430729999962, -30.013487749999964 ], [ -56.372669669999965, -30.013525469999951 ], [ -56.372908549999956, -30.013563849999958 ], [ -56.37314733999996, -30.013602499999962 ], [ -56.373386039999957, -30.013641009999947 ], [ -56.37362471999996, -30.013678339999952 ], [ -56.373862979999963, -30.013715839999954 ], [ -56.37410110999997, -30.013754009999957 ], [ -56.374339279999958, -30.013792039999963 ], [ -56.374576459999957, -30.013830409999954 ], [ -56.374812829999961, -30.013868209999963 ], [ -56.37504837999996, -30.013905569999952 ], [ -56.375282669999962, -30.013943029999968 ], [ -56.375515569999962, -30.013980129999965 ], [ -56.37574680999996, -30.014017239999951 ], [ -56.375976709999961, -30.014053979999957 ], [ -56.376206219999958, -30.014090369999948 ], [ -56.376435829999956, -30.014126809999954 ], [ -56.37666576999996, -30.014164309999941 ], [ -56.376896749999958, -30.014201139999958 ], [ -56.377127569999956, -30.014237969999957 ], [ -56.377357429999961, -30.014274609999944 ], [ -56.377585879999963, -30.01431197999996 ], [ -56.377812789999957, -30.014348559999952 ], [ -56.378038469999957, -30.01438390999995 ], [ -56.378262589999956, -30.01441846999996 ], [ -56.378485249999962, -30.014452169999952 ], [ -56.378706809999962, -30.014485279999956 ], [ -56.378928139999957, -30.014518889999959 ], [ -56.379150619999962, -30.014554479999958 ], [ -56.379374539999958, -30.014591539999952 ], [ -56.379599429999956, -30.014630359999952 ], [ -56.379825469999957, -30.014668049999948 ], [ -56.38005238999996, -30.014703919999956 ], [ -56.380280169999956, -30.014739449999947 ], [ -56.380508309999961, -30.014775699999952 ], [ -56.380737059999959, -30.014812389999957 ], [ -56.380965399999958, -30.014850129999964 ], [ -56.381193459999956, -30.014886389999955 ], [ -56.381421619999962, -30.014921329999947 ], [ -56.381649199999956, -30.014957979999949 ], [ -56.381876619999957, -30.014994729999955 ], [ -56.382103839999957, -30.015031229999952 ], [ -56.382331349999959, -30.015067449999961 ], [ -56.382558869999961, -30.015103299999954 ], [ -56.38278676999996, -30.015138419999957 ], [ -56.383014349999961, -30.015174519999956 ], [ -56.38324182999996, -30.01521149999996 ], [ -56.383469259999956, -30.01524765999995 ], [ -56.383696469999961, -30.015283459999949 ], [ -56.383922929999962, -30.015319259999949 ], [ -56.384148819999957, -30.01535481999997 ], [ -56.384374559999962, -30.015390439999958 ], [ -56.384600099999957, -30.015425959999948 ], [ -56.384825319999962, -30.015461409999943 ], [ -56.385050149999962, -30.015496929999959 ], [ -56.385275329999956, -30.015531959999951 ], [ -56.385501419999962, -30.015565679999948 ], [ -56.385727579999958, -30.015599769999952 ], [ -56.385951609999957, -30.015637539999958 ], [ -56.38617346999996, -30.015677619999948 ], [ -56.386393879999957, -30.015715969999949 ], [ -56.386613739999959, -30.01575173999996 ], [ -56.386831059999956, -30.015785169999958 ], [ -56.38704553999996, -30.015818679999963 ], [ -56.387257369999958, -30.015851329999951 ], [ -56.387466589999967, -30.015883539999958 ], [ -56.387672929999965, -30.01591593999995 ], [ -56.387877029999956, -30.015948089999952 ], [ -56.388083549999962, -30.015981009999958 ], [ -56.388289859999958, -30.016015629999949 ], [ -56.388494239999957, -30.016049679999956 ], [ -56.388696539999962, -30.01608184999996 ], [ -56.388896849999959, -30.016113849999957 ], [ -56.389095109999957, -30.016146379999956 ], [ -56.389291539999959, -30.01617893999995 ], [ -56.389485769999958, -30.016210259999948 ], [ -56.38967695999996, -30.016241439999952 ], [ -56.389865439999959, -30.016271439999954 ], [ -56.390050359999961, -30.016301369999951 ], [ -56.390231709999959, -30.01633 ], [ -56.390408129999962, -30.01635785999995 ], [ -56.390579939999959, -30.01638477999996 ], [ -56.390746919999962, -30.016411879999964 ], [ -56.390911709999969, -30.016438459999957 ], [ -56.391074919999959, -30.016465019999952 ], [ -56.391231069999961, -30.016490129999941 ], [ -56.391380249999962, -30.016513229999955 ], [ -56.391522039999955, -30.016535689999955 ], [ -56.391656639999958, -30.016557259999953 ], [ -56.39178427999996, -30.016577959999953 ], [ -56.391905849999958, -30.016597099999956 ], [ -56.392020189999961, -30.01661440999996 ], [ -56.39212725999996, -30.016630629999955 ], [ -56.392227689999956, -30.016646339999959 ], [ -56.392321879999962, -30.016661459999952 ], [ -56.39241546999996, -30.016676789999952 ], [ -56.392506139999959, -30.016691389999949 ], [ -56.392587789999958, -30.016704689999955 ], [ -56.392660649999961, -30.016716449999965 ], [ -56.392726429999961, -30.016726969999951 ], [ -56.392791679999959, -30.016737239999962 ], [ -56.392857249999956, -30.016747699999957 ], [ -56.392923239999959, -30.016758419999956 ], [ -56.392989669999963, -30.016768759999945 ], [ -56.393056759999958, -30.016779359999958 ], [ -56.393124709999967, -30.016789939999949 ], [ -56.393193479999958, -30.016800719999953 ], [ -56.393262959999959, -30.016811789999952 ], [ -56.393334039999957, -30.016823109999951 ], [ -56.39340664999996, -30.016834739999954 ], [ -56.393480759999967, -30.016846749999957 ], [ -56.393557009999959, -30.01685868999995 ], [ -56.39363473999996, -30.016870349999948 ], [ -56.393713129999959, -30.016881269999956 ], [ -56.393791299999961, -30.01689230999996 ], [ -56.393869359999968, -30.016904889999953 ], [ -56.393947139999959, -30.016917139999951 ], [ -56.394023079999961, -30.016929839999964 ], [ -56.394097599999967, -30.016941979999956 ], [ -56.39417059999996, -30.016954 ], [ -56.394242019999957, -30.016965919999958 ], [ -56.394312919999962, -30.016977179999952 ], [ -56.394383739999959, -30.016988369999947 ], [ -56.394454909999958, -30.016999879999965 ], [ -56.394526499999962, -30.017011089999954 ], [ -56.394595699999968, -30.01702206999996 ], [ -56.394662659999959, -30.017032449999949 ], [ -56.394726659999961, -30.017042859999957 ], [ -56.394789659999958, -30.017053199999957 ], [ -56.39485150999996, -30.017063539999967 ], [ -56.394912479999959, -30.017074529999967 ], [ -56.394968429999956, -30.017086909999957 ], [ -56.395017199999963, -30.017100409999948 ], [ -56.395060589999957, -30.017111829999951 ], [ -56.39510192999996, -30.017122089999955 ], [ -56.395133239999957, -30.017128989999954 ], [ -56.395154469999966, -30.017133329999954 ], [ -56.395168689999956, -30.017136119999957 ], [ -56.395174639999958, -30.017137029999958 ], [ -56.39518058999996, -30.017137939999952 ], [ -56.39519355999996, -30.01714044999995 ], [ -56.395207279999958, -30.017143079999943 ], [ -56.395220399999957, -30.017145139999958 ], [ -56.395233609999956, -30.017147629999965 ], [ -56.395243589999957, -30.01714967999996 ], [ -56.395246759999957, -30.017150179999948 ], [ -56.395249929999956, -30.017150669999957 ], [ -56.395258029999958, -30.017152389999953 ], [ -56.395269149999962, -30.017154369999957 ], [ -56.395280579999962, -30.01715637999996 ], [ -56.39528830999997, -30.017158069999955 ], [ -56.39528964999996, -30.017158259999956 ], [ -56.395302049999962, -30.017159439999947 ], [ -56.395323849999961, -30.017162969999951 ], [ -56.395354409999968, -30.017167909999952 ], [ -56.395389469999962, -30.017173269999954 ], [ -56.395422409999959, -30.017179029999959 ], [ -56.395444369999957, -30.017183099999958 ], [ -56.395456609999961, -30.017185629999961 ], [ -56.395458649999959, -30.017185969999954 ], [ -56.395468889999961, -30.01718775999996 ], [ -56.395496859999966, -30.017191799999953 ], [ -56.395546099999969, -30.017194659999952 ], [ -56.395620159999957, -30.017197909999958 ], [ -56.395718909999957, -30.017208259999951 ], [ -56.395842429999959, -30.017225149999955 ], [ -56.395992, -30.017246459999956 ], [ -56.396166229999956, -30.017271449999953 ], [ -56.396368359999961, -30.017301309999947 ], [ -56.396593009999961, -30.01733641999996 ], [ -56.396823839999961, -30.017373089999957 ], [ -56.397055289999962, -30.017410049999956 ], [ -56.397286979999961, -30.017447039999951 ], [ -56.397518509999962, -30.017483359999961 ], [ -56.397750139999957, -30.017519619999945 ], [ -56.397980949999962, -30.01755608999996 ], [ -56.398211569999958, -30.017593249999965 ], [ -56.398441969999958, -30.017630449999952 ], [ -56.398669959999957, -30.017667519999954 ], [ -56.398894919999961, -30.017703639999958 ], [ -56.399117549999957, -30.017739359999954 ], [ -56.399339209999958, -30.01777528999995 ], [ -56.39955984999996, -30.017811749999957 ], [ -56.399780749999962, -30.017846929999948 ], [ -56.400000449999965, -30.017881439999961 ], [ -56.400219779999958, -30.01791615999996 ], [ -56.400438419999958, -30.01795 ], [ -56.400655249999957, -30.017983949999952 ], [ -56.400870619999957, -30.018017629999957 ], [ -56.40108500999996, -30.018051349999947 ], [ -56.401299199999961, -30.018085 ], [ -56.401512539999956, -30.018118809999951 ], [ -56.401726229999959, -30.018152729999954 ], [ -56.401940279999963, -30.018187819999952 ], [ -56.402154909999958, -30.018223599999956 ], [ -56.40237022999996, -30.018259239999956 ], [ -56.402586829999962, -30.018293519999954 ], [ -56.402804019999962, -30.018327549999952 ], [ -56.403020779999963, -30.01836194999996 ], [ -56.403237879999956, -30.018396069999959 ], [ -56.403455199999968, -30.018430509999948 ], [ -56.403673019999957, -30.018465449999947 ], [ -56.403891549999962, -30.018499819999956 ], [ -56.40411033999996, -30.018534079999966 ], [ -56.40432943999997, -30.018568439999953 ], [ -56.404548629999958, -30.018603299999949 ], [ -56.40476883999996, -30.018638419999949 ], [ -56.404990179999956, -30.018673169999957 ], [ -56.405211899999962, -30.018708309999941 ], [ -56.405434439999958, -30.018743869999941 ], [ -56.405658109999962, -30.018779489999954 ], [ -56.405883289999956, -30.018815539999956 ], [ -56.406109959999959, -30.018851969999957 ], [ -56.406338469999959, -30.018888659999956 ], [ -56.40656871999996, -30.018925919999951 ], [ -56.406799479999961, -30.018963699999947 ], [ -56.407031549999957, -30.019000739999949 ], [ -56.407262419999959, -30.019037649999952 ], [ -56.407493409999958, -30.019074219999958 ], [ -56.407722899999968, -30.019111079999949 ], [ -56.407951719999957, -30.019147089999947 ], [ -56.408179089999962, -30.019182379999958 ], [ -56.408405299999956, -30.019216679999953 ], [ -56.408630639999956, -30.019250049999957 ], [ -56.408855479999957, -30.019282819999955 ], [ -56.40907990999996, -30.019313759999967 ], [ -56.409303489999957, -30.019342859999949 ], [ -56.409526099999958, -30.019370759999951 ], [ -56.409747669999959, -30.019397159999965 ], [ -56.409968669999969, -30.019422219999953 ], [ -56.41018916999996, -30.019445679999947 ], [ -56.41040832999996, -30.019467669999951 ], [ -56.410626769999958, -30.019488299999956 ], [ -56.410844699999963, -30.019508139999949 ], [ -56.411062779999959, -30.019526369999948 ], [ -56.411279579999956, -30.019542949999952 ], [ -56.411495769999959, -30.019558229999966 ], [ -56.411711219999958, -30.019571809999963 ], [ -56.411925549999957, -30.019584 ], [ -56.41213907999996, -30.019595119999941 ], [ -56.412353229999958, -30.019604759999954 ], [ -56.412568339999957, -30.019613139999958 ], [ -56.412783819999959, -30.019620559999954 ], [ -56.412999539999959, -30.01962677999995 ], [ -56.413214249999967, -30.01963188999995 ], [ -56.413427639999966, -30.019635819999955 ], [ -56.41363949999996, -30.019637899999953 ], [ -56.413849879999958, -30.019638889999957 ], [ -56.414058449999956, -30.019638469999958 ], [ -56.414264719999956, -30.019635949999966 ], [ -56.414469339999961, -30.019633069999959 ], [ -56.414671719999959, -30.01962844999996 ], [ -56.414871239999961, -30.019623299999942 ], [ -56.41506891999996, -30.019618119999951 ], [ -56.415264259999958, -30.019611869999949 ], [ -56.415457149999959, -30.019604419999943 ], [ -56.41564822999996, -30.019594719999962 ], [ -56.415836659999961, -30.019584749999957 ], [ -56.416023649999957, -30.019574199999948 ], [ -56.416213139999961, -30.019562529999956 ], [ -56.41639981999996, -30.019549819999948 ], [ -56.416582849999962, -30.019535609999959 ], [ -56.416761299999962, -30.019520749999959 ], [ -56.416934809999958, -30.019505709999951 ], [ -56.417104119999962, -30.019490799999954 ], [ -56.417269309999959, -30.019475429999957 ], [ -56.417429369999958, -30.019459779999956 ], [ -56.417585489999958, -30.019444239999949 ], [ -56.417736669999961, -30.019429009999953 ], [ -56.417882829999961, -30.01941353999996 ], [ -56.418029029999957, -30.019397169999952 ], [ -56.418171039999962, -30.019380439999956 ], [ -56.418305209999957, -30.019363799999955 ], [ -56.418431789999957, -30.019347099999962 ], [ -56.418550829999958, -30.019330919999959 ], [ -56.41866197999996, -30.01931633999995 ], [ -56.418765849999957, -30.019303109999957 ], [ -56.418862859999962, -30.019291009999954 ], [ -56.418956469999962, -30.019279589999957 ], [ -56.419043479999957, -30.019272569999959 ], [ -56.419120189999958, -30.019268 ], [ -56.419186799999956, -30.019263499999955 ], [ -56.419244569999961, -30.019257379999956 ], [ -56.41929255999996, -30.019251659999956 ], [ -56.419334509999956, -30.019246319999962 ], [ -56.419362639999967, -30.019243259999957 ], [ -56.419372989999957, -30.019241859999948 ], [ -56.419388189999957, -30.019239479999957 ], [ -56.419415509999958, -30.01923440999995 ], [ -56.419445709999962, -30.019227739999955 ], [ -56.419465809999956, -30.019223869999948 ], [ -56.419477409999956, -30.019221579999954 ], [ -56.419491079999958, -30.019219179999951 ], [ -56.41951446999996, -30.019215459999955 ], [ -56.419539079999957, -30.019212429999953 ], [ -56.419549229999959, -30.019210679999947 ], [ -56.419549499999967, -30.019210619999953 ], [ -56.41955027999996, -30.019210569999956 ], [ -56.419557239999961, -30.019209499999963 ], [ -56.419576449999958, -30.019206889999953 ], [ -56.419612549999961, -30.019200679999951 ], [ -56.419674, -30.019182639999954 ], [ -56.419773419999956, -30.019153969999962 ], [ -56.419919749999956, -30.01912285999996 ], [ -56.420112279999962, -30.019085479999958 ], [ -56.420337439999962, -30.019044 ], [ -56.420568729999957, -30.01900018999995 ], [ -56.420800129999961, -30.018955069999944 ], [ -56.421031449999958, -30.018907799999951 ], [ -56.42126238999996, -30.018859139999957 ], [ -56.421492699999959, -30.018809189999953 ], [ -56.421722279999962, -30.01875787999996 ], [ -56.421951519999958, -30.018704389999957 ], [ -56.422180379999958, -30.018648939999949 ], [ -56.422407959999958, -30.018592579999954 ], [ -56.422633389999959, -30.018534599999949 ], [ -56.422856699999961, -30.018476329999967 ], [ -56.423077949999957, -30.018417189999958 ], [ -56.423297089999956, -30.018357659999957 ], [ -56.423514299999958, -30.01829604999995 ], [ -56.423729799999968, -30.018234309999961 ], [ -56.423943089999959, -30.018171419999952 ], [ -56.424154959999967, -30.018110319999955 ], [ -56.424366479999961, -30.018051839999956 ], [ -56.424574879999959, -30.017991689999949 ], [ -56.424781009999961, -30.017931169999951 ], [ -56.42498529999996, -30.017870719999959 ], [ -56.425187949999959, -30.01781011999995 ], [ -56.42538856999996, -30.017750069999956 ], [ -56.425588219999959, -30.017690569999949 ], [ -56.425787439999958, -30.017631279999961 ], [ -56.425987029999959, -30.017571749999956 ], [ -56.42618721999996, -30.017512659999948 ], [ -56.426387679999969, -30.017453439999954 ], [ -56.426588579999965, -30.017394399999965 ], [ -56.426789839999962, -30.017335629999959 ], [ -56.426992249999962, -30.017276579999955 ], [ -56.427194359999959, -30.017217109999958 ], [ -56.427394399999962, -30.017158339999952 ], [ -56.427590979999962, -30.017100349999964 ], [ -56.42778425999996, -30.017043209999947 ], [ -56.427973499999958, -30.016986899999949 ], [ -56.428160329999962, -30.01693146999996 ], [ -56.42834528999996, -30.016877349999955 ], [ -56.428527619999961, -30.016824009999951 ], [ -56.428707009999961, -30.016771119999952 ], [ -56.42888407999996, -30.016718639999951 ], [ -56.429057399999969, -30.016667239999947 ], [ -56.42923092999996, -30.016616239999955 ], [ -56.42940550999996, -30.016564759999959 ], [ -56.429577169999959, -30.016513619999952 ], [ -56.429744699999958, -30.016463289999955 ], [ -56.42990874999996, -30.016413429999961 ], [ -56.430068969999958, -30.01636527999996 ], [ -56.430225939999957, -30.016318929999944 ], [ -56.430379689999967, -30.016273699999964 ], [ -56.430531109999961, -30.016229559999953 ], [ -56.430681, -30.016185919999963 ], [ -56.430828389999959, -30.016142079999959 ], [ -56.430972359999956, -30.01609919999995 ], [ -56.431111469999969, -30.016058179999948 ], [ -56.431247249999956, -30.016018719999956 ], [ -56.431382959999958, -30.015978659999959 ], [ -56.431513719999963, -30.015941409999943 ], [ -56.431637399999957, -30.015906079999954 ], [ -56.431753, -30.015873759999948 ], [ -56.431859869999961, -30.015843209999954 ], [ -56.431958239999958, -30.015815229999955 ], [ -56.43204852999996, -30.015790099999958 ], [ -56.43213602999996, -30.015766659999954 ], [ -56.432215779999957, -30.015746309999951 ], [ -56.432284079999967, -30.015729479999955 ], [ -56.432341739999963, -30.015715259999951 ], [ -56.432388729999957, -30.015703309999953 ], [ -56.432430549999964, -30.015692559999948 ], [ -56.432459579999957, -30.015685029999961 ], [ -56.432469299999958, -30.015682299999952 ], [ -56.432469619999956, -30.015682249999941 ], [ -56.432472719999957, -30.015681619999949 ], [ -56.43247549999996, -30.015680509999967 ], [ -56.432479189999967, -30.015678139999963 ] ] ] } },
{ "type": "Feature", "properties": { "ds_local_i": "ENTR RS-183 (P/HARMONIA)", "ds_local_f": "ENTR BR-290/377/RS-377 (P/QUARAI)", "ds_legenda": "Pavimentada", "sg_legenda": "PAV", "ds_jurisdi": "Federal", "km_dentro_area_estudo": 24.59, "rodovia": "BR-377", "divergencia_osm": true }, "geometry": { "type": "MultiLineString", "coordinates": [ [ [ -56.188693734602062, -29.999668754688059 ], [ -56.188694749999961, -29.999669449999956 ], [ -56.188720099999962, -29.999687079999951 ], [ -56.188725879999957, -29.999690989999952 ], [ -56.188739359999957, -29.999700129999958 ], [ -56.188758569999962, -29.999713139999947 ], [ -56.188778949999957, -29.999727069999963 ], [ -56.188801979999958, -29.999742869999952 ], [ -56.188828929999957, -29.999761269999958 ], [ -56.188861239999959, -29.999783549999943 ], [ -56.188898589999958, -29.999809669999969 ], [ -56.188939839999961, -29.999838149999945 ], [ -56.188982629999956, -29.999867479999949 ], [ -56.189025989999962, -29.999897059999959 ], [ -56.189068519999957, -29.99992604999996 ], [ -56.189107359999959, -29.99995331999996 ], [ -56.189137219999964, -29.999974439999949 ], [ -56.18915717999996, -29.999988589999944 ], [ -56.189177669999957, -30.000003099999951 ], [ -56.189198639999958, -30.00001793999995 ], [ -56.189211669999956, -30.000027119999952 ], [ -56.189217259999957, -30.000031059999948 ], [ -56.18923670999996, -30.000044239999955 ], [ -56.189259819999961, -30.000060389999952 ], [ -56.189287219999962, -30.000079909999961 ], [ -56.189318669999956, -30.000103019999955 ], [ -56.18935057999996, -30.00012828999995 ], [ -56.18937805999996, -30.000153909999955 ], [ -56.189400289999959, -30.000178509999948 ], [ -56.189420989999959, -30.000200429999957 ], [ -56.189441589999959, -30.000220499999955 ], [ -56.189460129999958, -30.00023554999995 ], [ -56.189509759999957, -30.000270549999961 ], [ -56.189539689999968, -30.000290399999958 ], [ -56.18958029999996, -30.000315189999959 ], [ -56.189629049999958, -30.000344399999964 ], [ -56.189693349999956, -30.000376039999956 ], [ -56.189764769999961, -30.000415329999957 ], [ -56.189842119999959, -30.000466749999948 ], [ -56.189927969999957, -30.000526179999948 ], [ -56.190020979999957, -30.000590339999956 ], [ -56.190121939999962, -30.000660109999952 ], [ -56.190229919999958, -30.000734809999958 ], [ -56.190345469999961, -30.000814149999957 ], [ -56.19046739999996, -30.000898119999956 ], [ -56.190595069999958, -30.000985579999959 ], [ -56.190727269999961, -30.001075519999947 ], [ -56.190862589999966, -30.001166179999952 ], [ -56.190997189999962, -30.001258129999961 ], [ -56.191131099999957, -30.001351779999958 ], [ -56.191264559999958, -30.001445499999949 ], [ -56.191399399999959, -30.001538909999947 ], [ -56.19153423999996, -30.001631639999964 ], [ -56.191669649999959, -30.001724609999957 ], [ -56.19180525999996, -30.001817839999955 ], [ -56.191940929999959, -30.001911269999955 ], [ -56.192076919999963, -30.002004359999951 ], [ -56.192213659999958, -30.002097369999959 ], [ -56.192351139999957, -30.002190929999951 ], [ -56.192487429999957, -30.002286169999952 ], [ -56.192623849999961, -30.002382539999957 ], [ -56.192762369999969, -30.002480439999953 ], [ -56.192904869999957, -30.002580019999961 ], [ -56.193051269999962, -30.002681239999955 ], [ -56.193201659999957, -30.002784729999952 ], [ -56.193355019999956, -30.002889709999952 ], [ -56.193511769999958, -30.002997839999953 ], [ -56.19367203999996, -30.003108419999965 ], [ -56.193835429999957, -30.003221489999955 ], [ -56.194001279999966, -30.003337199999958 ], [ -56.194169359999961, -30.003453669999956 ], [ -56.194339289999959, -30.003571029999961 ], [ -56.194510339999958, -30.003689279999957 ], [ -56.194683389999959, -30.003808919999948 ], [ -56.194857159999962, -30.00392903999996 ], [ -56.195031649999969, -30.004049789999954 ], [ -56.195207389999958, -30.00417091999995 ], [ -56.195384439999962, -30.004292719999953 ], [ -56.195561549999958, -30.004414849999947 ], [ -56.195738809999959, -30.004536759999947 ], [ -56.195915679999956, -30.004658929999952 ], [ -56.196092329999964, -30.004781519999948 ], [ -56.196269989999962, -30.004904859999964 ], [ -56.196448559999958, -30.005029779999951 ], [ -56.196628629999957, -30.005154549999958 ], [ -56.196809599999959, -30.005280329999945 ], [ -56.196991399999959, -30.005405859999961 ], [ -56.197173819999961, -30.005532489999958 ], [ -56.197356579999969, -30.005659479999956 ], [ -56.197540429999968, -30.00578602999996 ], [ -56.197724179999959, -30.005912699999957 ], [ -56.197907579999956, -30.006039949999952 ], [ -56.198091519999956, -30.006167479999949 ], [ -56.198276489999962, -30.006296019999947 ], [ -56.198464, -30.006426049999956 ], [ -56.198652179999961, -30.006556419999953 ], [ -56.198841159999958, -30.006687379999953 ], [ -56.199031199999958, -30.006818729999942 ], [ -56.199222339999956, -30.006950229999948 ], [ -56.199413239999956, -30.007082419999961 ], [ -56.199603949999968, -30.007215149999954 ], [ -56.199794259999962, -30.007347919999948 ], [ -56.199984919999956, -30.007480359999942 ], [ -56.200175929999958, -30.00761253999995 ], [ -56.20036591999996, -30.007746509999954 ], [ -56.200558899999962, -30.007879109999948 ], [ -56.200751129999958, -30.008012299999955 ], [ -56.200943469999956, -30.008144949999949 ], [ -56.201135589999957, -30.008277669999949 ], [ -56.201326759999958, -30.008410639999955 ], [ -56.20151837999996, -30.008543119999956 ], [ -56.201709249999958, -30.008675139999959 ], [ -56.20190017999996, -30.008806859999954 ], [ -56.202091099999961, -30.008937939999957 ], [ -56.20228154999996, -30.009069179999948 ], [ -56.202471829999958, -30.009200199999967 ], [ -56.202663129999962, -30.009329849999954 ], [ -56.202854719999962, -30.009457899999955 ], [ -56.203046449999967, -30.009584239999949 ], [ -56.203238409999962, -30.009708569999948 ], [ -56.203430829999959, -30.009830919999956 ], [ -56.203624529999956, -30.009952209999952 ], [ -56.203819539999962, -30.010072779999959 ], [ -56.204015959999957, -30.010192609999951 ], [ -56.204213659999958, -30.010311169999955 ], [ -56.204412639999958, -30.010428019999956 ], [ -56.204612129999958, -30.010543469999948 ], [ -56.20481180999996, -30.010657739999957 ], [ -56.205011939999956, -30.010771299999949 ], [ -56.205213649999969, -30.010883339999964 ], [ -56.205416759999956, -30.010994199999946 ], [ -56.205621529999966, -30.011103539999951 ], [ -56.205827749999962, -30.011211879999955 ], [ -56.20603528999996, -30.011317749999954 ], [ -56.206243399999956, -30.011421239999954 ], [ -56.206451479999956, -30.011523389999947 ], [ -56.206659959999961, -30.011623369999953 ], [ -56.206868309999962, -30.011722559999949 ], [ -56.207076689999958, -30.011820229999948 ], [ -56.20728564999996, -30.01191634999995 ], [ -56.207494709999956, -30.012011649999959 ], [ -56.207703649999956, -30.012106029999948 ], [ -56.207913439999956, -30.012198619999957 ], [ -56.208124319999961, -30.012288549999948 ], [ -56.208335839999961, -30.012377089999948 ], [ -56.20854759999996, -30.01246413999996 ], [ -56.208759549999961, -30.012549409999956 ], [ -56.208971529999957, -30.012632969999942 ], [ -56.209183089999961, -30.012715239999949 ], [ -56.209394129999964, -30.012795869999959 ], [ -56.209605559999957, -30.012874179999955 ], [ -56.209816829999959, -30.012950539999949 ], [ -56.210028109999961, -30.013025299999949 ], [ -56.210238809999957, -30.01309958999996 ], [ -56.210449129999958, -30.013173009999957 ], [ -56.210659229999962, -30.013244859999951 ], [ -56.210869509999959, -30.013315119999955 ], [ -56.211079869999956, -30.01338320999994 ], [ -56.21128987999996, -30.013448299999954 ], [ -56.211499489999959, -30.013510979999953 ], [ -56.211708049999956, -30.013572269999965 ], [ -56.21191488999996, -30.013632149999967 ], [ -56.212120449999958, -30.013690609999959 ], [ -56.212324419999959, -30.013747779999953 ], [ -56.212527059999957, -30.013803569999954 ], [ -56.21272787999996, -30.013857729999952 ], [ -56.21292727999996, -30.01390983999995 ], [ -56.213124759999964, -30.013960479999955 ], [ -56.213320789999962, -30.01400871999995 ], [ -56.213515309999956, -30.01405453999995 ], [ -56.213708169999961, -30.014099159999951 ], [ -56.21389922999996, -30.014142539999956 ], [ -56.214088679999961, -30.014185219999959 ], [ -56.214280829999957, -30.01422739999996 ], [ -56.214475809999968, -30.014268979999947 ], [ -56.214669759999957, -30.014308939999957 ], [ -56.214863049999956, -30.014347589999957 ], [ -56.215055509999956, -30.014385659999949 ], [ -56.215246519999958, -30.014423189999949 ], [ -56.215435369999959, -30.014459719999955 ], [ -56.215621289999966, -30.014494839999955 ], [ -56.215804079999963, -30.014528709999961 ], [ -56.215983399999956, -30.01456170999996 ], [ -56.216158899999961, -30.014594059999951 ], [ -56.216330349999964, -30.014625239999965 ], [ -56.216497359999956, -30.014655269999967 ], [ -56.21666, -30.014684979999959 ], [ -56.216820819999967, -30.014714919999957 ], [ -56.21698329999996, -30.014745059999949 ], [ -56.217138869999957, -30.014774359999954 ], [ -56.217288039999957, -30.014802439999947 ], [ -56.217430139999962, -30.014829839999958 ], [ -56.217565119999961, -30.014856509999959 ], [ -56.217693229999959, -30.014881799999948 ], [ -56.217814959999956, -30.014905289999952 ], [ -56.217929599999962, -30.014927249999957 ], [ -56.218037529999961, -30.01494759999996 ], [ -56.218141389999957, -30.014967019999958 ], [ -56.218243509999958, -30.01498567999996 ], [ -56.218334849999962, -30.015002909999954 ], [ -56.21841419999997, -30.015017819999947 ], [ -56.218481899999965, -30.015030419999956 ], [ -56.21853928999996, -30.015040799999952 ], [ -56.218586309999957, -30.01504957999996 ], [ -56.218625839999959, -30.015056929999961 ], [ -56.218637049999955, -30.015058989999961 ], [ -56.218663189999958, -30.01506379999995 ], [ -56.218703049999959, -30.015070979999958 ], [ -56.218745199999958, -30.015078799999959 ], [ -56.218789349999959, -30.015087169999958 ], [ -56.218833269999962, -30.015095709999965 ], [ -56.218874929999956, -30.015103619999948 ], [ -56.21891241999996, -30.015110979999957 ], [ -56.218945349999956, -30.015117239999949 ], [ -56.218973669999961, -30.015122499999947 ], [ -56.218986569999956, -30.015124739999948 ], [ -56.218999469999964, -30.015126979999955 ], [ -56.219026319999962, -30.015131739999951 ], [ -56.219056359999968, -30.015137529999951 ], [ -56.219090489999964, -30.01514429999995 ], [ -56.219128089999955, -30.015152569999959 ], [ -56.219165639999964, -30.015162089999954 ], [ -56.219199579999959, -30.015172869999954 ], [ -56.219228809999962, -30.015184579999953 ], [ -56.21925712999996, -30.015195109999947 ], [ -56.219280069999961, -30.01520328999996 ], [ -56.219293769999958, -30.015207129999951 ], [ -56.219303699999969, -30.015208219999959 ], [ -56.219321919999956, -30.015211769999951 ], [ -56.219352579999956, -30.015216789999961 ], [ -56.219389879999966, -30.015222509999955 ], [ -56.219431739999962, -30.015228739999966 ], [ -56.219477809999958, -30.015234819999971 ], [ -56.219527519999964, -30.015239309999952 ], [ -56.219582459999963, -30.01524343999996 ], [ -56.21964374999996, -30.015249919999967 ], [ -56.219713949999957, -30.015258989999957 ], [ -56.219792599999955, -30.015272079999956 ], [ -56.219883399999958, -30.015287699999959 ], [ -56.219984659999959, -30.015305249999958 ], [ -56.220094609999961, -30.015324619999962 ], [ -56.220216779999959, -30.01534622999996 ], [ -56.220350659999959, -30.015370529999956 ], [ -56.220492429999958, -30.015397299999957 ], [ -56.220639789999957, -30.015424919999958 ], [ -56.220791899999959, -30.015453389999948 ], [ -56.220949109999957, -30.015482219999942 ], [ -56.221109179999956, -30.01551141999995 ], [ -56.221271979999969, -30.01554146999996 ], [ -56.221437689999959, -30.015572009999957 ], [ -56.22160618999996, -30.015603679999948 ], [ -56.221777689999961, -30.015635779999965 ], [ -56.221952159999958, -30.01566891999995 ], [ -56.222129909999957, -30.015702179999941 ], [ -56.222311099999956, -30.015735029999966 ], [ -56.222495369999962, -30.015768119999947 ], [ -56.222682909999961, -30.015802309999952 ], [ -56.22287380999996, -30.015837329999957 ], [ -56.223069749999958, -30.015873159999948 ], [ -56.22327097999996, -30.01591 ], [ -56.223477159999966, -30.015947949999948 ], [ -56.223689639999961, -30.015986949999963 ], [ -56.223906829999962, -30.016026689999954 ], [ -56.224127759999966, -30.016067309999947 ], [ -56.224352609999968, -30.016109029999956 ], [ -56.224581529999959, -30.016151629999957 ], [ -56.224814389999956, -30.016194879999951 ], [ -56.225049179999957, -30.016238879999953 ], [ -56.22528511999996, -30.016283479999963 ], [ -56.225522089999956, -30.016328249999955 ], [ -56.225759369999956, -30.016372829999948 ], [ -56.225996309999957, -30.01641608999995 ], [ -56.226232139999958, -30.016459379999965 ], [ -56.22646694999996, -30.016503029999949 ], [ -56.226701149999961, -30.016546059999953 ], [ -56.22693454999996, -30.016588869999957 ], [ -56.227166769999961, -30.016631959999959 ], [ -56.227398069999957, -30.016675099999958 ], [ -56.227628039999956, -30.016718089999962 ], [ -56.227856839999959, -30.016760429999952 ], [ -56.22808347999996, -30.016802629999955 ], [ -56.228308379999959, -30.01684439999995 ], [ -56.228532989999962, -30.016885919999957 ], [ -56.228758129999967, -30.016927589999948 ], [ -56.228983819999961, -30.016969059999951 ], [ -56.229209339999962, -30.017010399999947 ], [ -56.229433339999957, -30.017051449999954 ], [ -56.229656459999958, -30.017092779999956 ], [ -56.229879339999961, -30.017134769999949 ], [ -56.23010122999996, -30.017176289999956 ], [ -56.230321909999958, -30.017217139999953 ], [ -56.23054151999996, -30.017257149999949 ], [ -56.230759939999956, -30.017297089999953 ], [ -56.230978129999961, -30.017337899999951 ], [ -56.231199179999962, -30.017378769999951 ], [ -56.231423029999966, -30.017420379999955 ], [ -56.231649159999961, -30.01746269999996 ], [ -56.231876909999961, -30.017505529999958 ], [ -56.232104589999956, -30.017548509999948 ], [ -56.232331659999957, -30.017592849999954 ], [ -56.232558469999965, -30.017636029999945 ], [ -56.232785089999958, -30.017677479999957 ], [ -56.233011179999956, -30.017718549999948 ], [ -56.233236389999959, -30.017759919999961 ], [ -56.233460829999963, -30.017801249999955 ], [ -56.233683849999956, -30.017843139999954 ], [ -56.233905869999958, -30.017884939999956 ], [ -56.234126969999956, -30.017926549999959 ], [ -56.234347479999961, -30.017967809999952 ], [ -56.234567419999962, -30.018009409999955 ], [ -56.23478697999996, -30.018050699999954 ], [ -56.23500655999996, -30.01809130999996 ], [ -56.235225939999957, -30.018132399999949 ], [ -56.235445689999956, -30.018173289999954 ], [ -56.235666139999957, -30.018214399999962 ], [ -56.235886609999959, -30.018255789999955 ], [ -56.236107139999959, -30.018296769999942 ], [ -56.23632724999996, -30.018338069999967 ], [ -56.236546599999961, -30.01837933999996 ], [ -56.236764899999969, -30.018419759999965 ], [ -56.236981749999956, -30.018458839999955 ], [ -56.237196789999956, -30.018497489999959 ], [ -56.237409589999956, -30.018536289999957 ], [ -56.237620279999959, -30.018575 ], [ -56.237828749999956, -30.018613729999959 ], [ -56.238035039999957, -30.018652019999955 ], [ -56.238241679999959, -30.018690119999945 ], [ -56.238449819999957, -30.018728059999948 ], [ -56.238659319999961, -30.018766319999948 ], [ -56.238870319999961, -30.018805199999957 ], [ -56.239082579999959, -30.018844249999955 ], [ -56.239295639999959, -30.01888377999995 ], [ -56.239509539999958, -30.018923379999951 ], [ -56.239723859999962, -30.018963559999957 ], [ -56.239938869999961, -30.019003409999957 ], [ -56.240154319999959, -30.019043489999955 ], [ -56.240370429999956, -30.019083919999961 ], [ -56.240587369999957, -30.019124389999952 ], [ -56.240805319999957, -30.019164369999956 ], [ -56.241023579999961, -30.019204239999947 ], [ -56.24124160999996, -30.01924436999996 ], [ -56.24145946999996, -30.019284479999964 ], [ -56.241677, -30.019325349999953 ], [ -56.241894589999958, -30.019365919999949 ], [ -56.242112019999958, -30.01940576999996 ], [ -56.242328489999956, -30.019445269999942 ], [ -56.242543679999962, -30.019484559999949 ], [ -56.24275777999997, -30.01952428999995 ], [ -56.242971449999956, -30.019564119999959 ], [ -56.243184949999957, -30.01960431999996 ], [ -56.243398349999957, -30.019644409999948 ], [ -56.24361178999996, -30.01968439999996 ], [ -56.24382484999996, -30.019724109999949 ], [ -56.244037519999956, -30.019763789999949 ], [ -56.244249859999968, -30.019803489999944 ], [ -56.244462459999959, -30.01984309999996 ], [ -56.24467595999996, -30.019882869999954 ], [ -56.244890039999959, -30.019922649999955 ], [ -56.245104909999959, -30.019962759999952 ], [ -56.245320249999956, -30.020003009999954 ], [ -56.245535429999961, -30.020043199999957 ], [ -56.24575010999996, -30.020083369999956 ], [ -56.245963869999962, -30.020123469999948 ], [ -56.246176719999958, -30.020163209999957 ], [ -56.246388309999965, -30.020202329999954 ], [ -56.24659898999996, -30.020241 ], [ -56.246808219999956, -30.020279519999953 ], [ -56.24701471999996, -30.020317709999958 ], [ -56.247217769999956, -30.020355799999951 ], [ -56.247417339999956, -30.02039300999995 ], [ -56.24761309999996, -30.020429509999946 ], [ -56.247805129999961, -30.02046500999996 ], [ -56.24799310999996, -30.020499859999948 ], [ -56.248176639999961, -30.020534539999957 ], [ -56.248356009999966, -30.02056806999996 ], [ -56.248531, -30.020600559999952 ], [ -56.248701429999961, -30.020632499999952 ], [ -56.248867289999957, -30.020663169999953 ], [ -56.249027789999957, -30.020692819999951 ], [ -56.249183159999959, -30.020721889999944 ], [ -56.249333279999959, -30.020749719999948 ], [ -56.249478369999963, -30.020776389999956 ], [ -56.24961830999996, -30.020802259999957 ], [ -56.24975270999996, -30.020827579999956 ], [ -56.249881809999962, -30.020852239999957 ], [ -56.250005719999962, -30.020875949999944 ], [ -56.25012429999996, -30.020898549999949 ], [ -56.250237419999962, -30.020920089999954 ], [ -56.250345049999957, -30.020940299999967 ], [ -56.25044718999996, -30.020959549999947 ], [ -56.250544689999963, -30.020977709999954 ], [ -56.250639489999962, -30.020995359999954 ], [ -56.250734549999962, -30.021013049999954 ], [ -56.250829889999956, -30.021030569999951 ], [ -56.250925529999961, -30.021048039999947 ], [ -56.251022069999962, -30.021065529999959 ], [ -56.251121279999957, -30.021083759999957 ], [ -56.251223199999956, -30.021102669999951 ], [ -56.251327709999963, -30.021122039999952 ], [ -56.251435229999956, -30.021142239999957 ], [ -56.251545109999959, -30.021162889999953 ], [ -56.251654149999958, -30.021183099999959 ], [ -56.251762329999956, -30.021202889999959 ], [ -56.251872869999957, -30.021223409999951 ], [ -56.251986369999969, -30.021244139999954 ], [ -56.252102949999959, -30.021265239999948 ], [ -56.252224519999956, -30.021286709999952 ], [ -56.252352969999961, -30.021309609999957 ], [ -56.252488369999959, -30.021333839999954 ], [ -56.252630239999959, -30.021359549999964 ], [ -56.252776879999956, -30.021386399999955 ], [ -56.252928629999957, -30.021414699999955 ], [ -56.25308667999996, -30.021444559999946 ], [ -56.253251499999962, -30.02147572999997 ], [ -56.253423429999962, -30.02150780999996 ], [ -56.253602269999959, -30.021541639999963 ], [ -56.253787759999959, -30.02157677999995 ], [ -56.253978889999956, -30.021612519999948 ], [ -56.254176509999958, -30.021648559999957 ], [ -56.25437928999996, -30.021685129999948 ], [ -56.254586389999957, -30.02172257999996 ], [ -56.254796379999959, -30.02176106999995 ], [ -56.255007029999959, -30.021799899999948 ], [ -56.255218069999962, -30.021838959999954 ], [ -56.255429019999958, -30.021878209999944 ], [ -56.255639739999957, -30.021917449999957 ], [ -56.255849949999956, -30.021956439999954 ], [ -56.256059989999962, -30.021995359999959 ], [ -56.256270069999957, -30.022034049999952 ], [ -56.256480059999959, -30.022072519999956 ], [ -56.256690179999957, -30.022110679999951 ], [ -56.256900299999963, -30.022148569999949 ], [ -56.25711049999996, -30.022187619999958 ], [ -56.257321009999956, -30.022227179999955 ], [ -56.257532759999961, -30.02226712999996 ], [ -56.257745699999958, -30.022307039999955 ], [ -56.257959649999961, -30.022347089999961 ], [ -56.25817449999996, -30.02238749999994 ], [ -56.258389649999963, -30.022427989999951 ], [ -56.258603939999958, -30.022468119999964 ], [ -56.258817399999963, -30.02250762999995 ], [ -56.259030449999962, -30.022547179999961 ], [ -56.259243839999961, -30.02258688999996 ], [ -56.259457539999957, -30.022626469999953 ], [ -56.259670659999962, -30.022666079999954 ], [ -56.259883079999959, -30.022705609999949 ], [ -56.260095649999961, -30.022745969999953 ], [ -56.260309189999965, -30.022785739999954 ], [ -56.26052441999996, -30.022824909999954 ], [ -56.26073927999996, -30.022865129999953 ], [ -56.260954129999959, -30.022905649999963 ], [ -56.261168709999957, -30.022945969999949 ], [ -56.261382989999959, -30.02298544999995 ], [ -56.261597109999961, -30.02302554999995 ], [ -56.261811259999959, -30.023064779999956 ], [ -56.262025369999961, -30.02310424999995 ], [ -56.262239589999957, -30.02314371999995 ], [ -56.26245353999996, -30.023183109999955 ], [ -56.262667479999969, -30.023222289999957 ], [ -56.262881389999961, -30.02326183999995 ], [ -56.26309563999996, -30.023302209999944 ], [ -56.263312589999956, -30.023343189999959 ], [ -56.263532589999961, -30.023384539999949 ], [ -56.263754679999963, -30.02342624999995 ], [ -56.263978059999957, -30.023467919999955 ], [ -56.264201519999958, -30.023510149999961 ], [ -56.264424619999957, -30.023552439999968 ], [ -56.264647199999963, -30.023594589999952 ], [ -56.264869479999959, -30.023635779999953 ], [ -56.26509121999996, -30.023676179999963 ], [ -56.265312239999957, -30.023715909999961 ], [ -56.265532949999958, -30.023755659999964 ], [ -56.265752869999957, -30.023796169999962 ], [ -56.265971789999959, -30.023836849999956 ], [ -56.266189949999969, -30.023877099999961 ], [ -56.266406829999958, -30.023917349999948 ], [ -56.26662385999996, -30.023957099999954 ], [ -56.26684, -30.023995499999955 ], [ -56.267055549999959, -30.024031609999952 ], [ -56.26727101999996, -30.024065229999948 ], [ -56.267486449999957, -30.024097019999964 ], [ -56.267702069999956, -30.024126779999957 ], [ -56.267918089999959, -30.024154449999944 ], [ -56.268133959999957, -30.024180159999958 ], [ -56.268348139999958, -30.024204299999948 ], [ -56.268560589999957, -30.024226719999959 ], [ -56.268771659999956, -30.024246189999953 ], [ -56.26898123999996, -30.024263819999963 ], [ -56.269187959999961, -30.024278669999948 ], [ -56.269391929999969, -30.024290069999957 ], [ -56.269593729999961, -30.024300139999959 ], [ -56.269794019999956, -30.024309229999954 ], [ -56.269992829999957, -30.024316809999942 ], [ -56.270189939999959, -30.024323009999961 ], [ -56.270385469999958, -30.024327989999957 ], [ -56.27057887999996, -30.024330789999954 ], [ -56.270769889999968, -30.024331429999961 ], [ -56.270957309999957, -30.024330929999952 ], [ -56.27114136999996, -30.024329029999954 ], [ -56.271323249999959, -30.024325869999956 ], [ -56.271503349999961, -30.02432076999996 ], [ -56.271681459999961, -30.024315039999959 ], [ -56.271857289999964, -30.024308989999948 ], [ -56.27203035999996, -30.024302069999955 ], [ -56.272199679999964, -30.02429384999995 ], [ -56.272365339999958, -30.024284489999953 ], [ -56.272527049999958, -30.024274219999953 ], [ -56.272684489999961, -30.024262939999957 ], [ -56.272837719999956, -30.024250899999956 ], [ -56.272986809999956, -30.02423797999996 ], [ -56.273131619999958, -30.024224689999951 ], [ -56.273272329999962, -30.02421041999995 ], [ -56.273408969999956, -30.024195979999959 ], [ -56.273541079999958, -30.024181799999955 ], [ -56.273669389999959, -30.02416717999996 ], [ -56.273793359999956, -30.024152669999964 ], [ -56.273913429999958, -30.024138479999952 ], [ -56.274029979999959, -30.024124069999957 ], [ -56.274132149999957, -30.024111149999946 ], [ -56.274143499999958, -30.024109709999951 ], [ -56.274255749999959, -30.024094289999955 ], [ -56.274371589999959, -30.024076979999951 ], [ -56.274494129999958, -30.024057399999961 ], [ -56.274624699999961, -30.024036209999952 ], [ -56.27476156999996, -30.024013579999959 ], [ -56.274901649999961, -30.023989309999955 ], [ -56.275042419999956, -30.023962859999944 ], [ -56.275183409999961, -30.023935559999952 ], [ -56.275325389999956, -30.023907839999961 ], [ -56.275468059999959, -30.02387969999997 ], [ -56.275611629999965, -30.023851169999951 ], [ -56.275756309999956, -30.023821649999952 ], [ -56.275902289999962, -30.023790889999951 ], [ -56.276049139999962, -30.023758959999963 ], [ -56.276196879999958, -30.023725709999958 ], [ -56.276344139999956, -30.023690879999961 ], [ -56.27649085999996, -30.02365497999995 ], [ -56.27663744999996, -30.023617779999952 ], [ -56.276783659999957, -30.023579989999959 ], [ -56.276929869999961, -30.023540779999955 ], [ -56.277076009999959, -30.023500839999954 ], [ -56.277222339999959, -30.023460049999954 ], [ -56.277369, -30.023418299999957 ], [ -56.277517359999962, -30.02337630999995 ], [ -56.277669049999957, -30.023333599999951 ], [ -56.277824409999958, -30.023289559999949 ], [ -56.277980099999958, -30.023244209999952 ], [ -56.278134819999956, -30.023199129999945 ], [ -56.278288559999957, -30.023153939999951 ], [ -56.278441249999958, -30.02310845999995 ], [ -56.278593259999958, -30.023062609999961 ], [ -56.278745569999955, -30.023017079999956 ], [ -56.278898429999956, -30.022971519999949 ], [ -56.279050979999958, -30.022926339999948 ], [ -56.279202519999956, -30.022881649999956 ], [ -56.279352879999962, -30.022836329999954 ], [ -56.279502169999958, -30.022791519999949 ], [ -56.279650779999962, -30.02274687999995 ], [ -56.279800709999961, -30.022701539999947 ], [ -56.279950799999959, -30.02265863999995 ], [ -56.280102159999956, -30.022615499999958 ], [ -56.28025515999996, -30.022571929999948 ], [ -56.28041024999996, -30.022527429999958 ], [ -56.280567649999959, -30.022481929999955 ], [ -56.280727079999956, -30.022435489999957 ], [ -56.280886439999961, -30.022388949999954 ], [ -56.281045809999959, -30.022341809999944 ], [ -56.281206719999957, -30.022294679999941 ], [ -56.281370559999957, -30.022246569999954 ], [ -56.281537179999965, -30.022197579999961 ], [ -56.281707009999963, -30.022147159999953 ], [ -56.281879219999958, -30.022096119999958 ], [ -56.282053369999957, -30.022044479999941 ], [ -56.282228139999958, -30.021993449999961 ], [ -56.282403799999969, -30.021942549999952 ], [ -56.282581239999956, -30.021891079999943 ], [ -56.282760529999962, -30.021839409999959 ], [ -56.282942099999957, -30.021786229999964 ], [ -56.28312582999996, -30.021733049999952 ], [ -56.283311509999962, -30.021678869999949 ], [ -56.283497879999956, -30.021624499999952 ], [ -56.283684939999958, -30.021570449999956 ], [ -56.28387414999996, -30.021514699999962 ], [ -56.284065349999956, -30.021458699999965 ], [ -56.28425904999996, -30.021401609999959 ], [ -56.284455439999959, -30.021343789999957 ], [ -56.284653839999962, -30.021285549999959 ], [ -56.284853579999961, -30.021226709999965 ], [ -56.285054979999956, -30.021167809999952 ], [ -56.285259809999957, -30.021107769999965 ], [ -56.285468379999962, -30.021046169999959 ], [ -56.285679859999959, -30.020984819999953 ], [ -56.285893879999961, -30.02092337999996 ], [ -56.286108749999961, -30.020862269999952 ], [ -56.286325179999956, -30.020799769999954 ], [ -56.286543029999962, -30.020736339999967 ], [ -56.286761729999959, -30.020672439999952 ], [ -56.286980399999962, -30.020608349999957 ], [ -56.28719849999996, -30.020545029999948 ], [ -56.287415869999961, -30.02048159999995 ], [ -56.287631989999959, -30.020419919999949 ], [ -56.287847149999962, -30.020357779999951 ], [ -56.288061809999959, -30.020294819999968 ], [ -56.288275249999955, -30.020232939999957 ], [ -56.288487109999956, -30.020170989999954 ], [ -56.288696889999962, -30.020109819999949 ], [ -56.288904669999958, -30.020048309999957 ], [ -56.289110929999964, -30.019987109999949 ], [ -56.289315059999957, -30.019927399999961 ], [ -56.289517579999959, -30.019868109999958 ], [ -56.289718009999959, -30.019809089999949 ], [ -56.289916699999957, -30.019749879999949 ], [ -56.290113899999959, -30.019691229999964 ], [ -56.290311319999958, -30.019632889999951 ], [ -56.29051168999996, -30.019574059999961 ], [ -56.290715619999958, -30.019514719999957 ], [ -56.29092432999996, -30.019453289999944 ], [ -56.291139599999958, -30.019391129999963 ], [ -56.291362069999956, -30.019327029999967 ], [ -56.291588459999957, -30.01926158999995 ], [ -56.291815609999958, -30.019196049999959 ], [ -56.292042139999957, -30.019130059999952 ], [ -56.292267219999957, -30.019063929999959 ], [ -56.292490349999966, -30.018997879999954 ], [ -56.292711609999962, -30.01893272999996 ], [ -56.292931299999957, -30.018869469999956 ], [ -56.293149339999957, -30.018806459999954 ], [ -56.293366189999965, -30.018743529999949 ], [ -56.293583009999956, -30.01868038999995 ], [ -56.293799779999965, -30.018617019999958 ], [ -56.294015719999962, -30.01855357999996 ], [ -56.294230529999957, -30.01849166999996 ], [ -56.294444079999963, -30.018429769999955 ], [ -56.294656879999962, -30.018367599999959 ], [ -56.29486990999996, -30.018304699999948 ], [ -56.295084029999956, -30.018240379999959 ], [ -56.29530005999996, -30.018175419999963 ], [ -56.295516679999956, -30.018111049999963 ], [ -56.295733499999962, -30.018046819999952 ], [ -56.295950689999962, -30.017982859999957 ], [ -56.296168899999962, -30.017919239999955 ], [ -56.29638931999996, -30.017855019999953 ], [ -56.296610899999962, -30.017790209999962 ], [ -56.296833869999958, -30.01772535999995 ], [ -56.297057249999959, -30.017660069999948 ], [ -56.297280499999957, -30.017594989999957 ], [ -56.297502919999957, -30.017529579999955 ], [ -56.297724869999961, -30.017464619999952 ], [ -56.297946789999962, -30.017399429999948 ], [ -56.298168639999957, -30.017334809999941 ], [ -56.298390029999958, -30.017270009999947 ], [ -56.29861049999996, -30.017206219999952 ], [ -56.298830269999961, -30.017142509999957 ], [ -56.299049569999958, -30.017078589999944 ], [ -56.299267639999968, -30.017015179999955 ], [ -56.299485399999959, -30.016951779999957 ], [ -56.299702719999956, -30.016888229999953 ], [ -56.299920009999958, -30.016824959999958 ], [ -56.300137189999958, -30.016761279999955 ], [ -56.300354279999958, -30.016697139999966 ], [ -56.300571249999969, -30.016632879999953 ], [ -56.300787959999958, -30.016569189999956 ], [ -56.30100472999996, -30.016506189999955 ], [ -56.301222209999956, -30.016443599999953 ], [ -56.301440869999958, -30.016380499999954 ], [ -56.301660279999965, -30.016316679999953 ], [ -56.301879879999966, -30.016252099999953 ], [ -56.302099359999957, -30.016187749999961 ], [ -56.302319549999957, -30.016123009999955 ], [ -56.302540299999961, -30.01605857999996 ], [ -56.302761469999957, -30.015993589999951 ], [ -56.302982709999959, -30.015928269999961 ], [ -56.303203829999958, -30.015863649999961 ], [ -56.303425099999956, -30.015799739999945 ], [ -56.303646419999957, -30.015736049999955 ], [ -56.303867399999959, -30.015671309999952 ], [ -56.304088049999962, -30.015606409999954 ], [ -56.30430915999996, -30.015542009999958 ], [ -56.304531049999959, -30.015476979999953 ], [ -56.304752739999962, -30.015412659999953 ], [ -56.304974239999957, -30.015348389999964 ], [ -56.305194569999962, -30.015284269999952 ], [ -56.30541403999996, -30.01522037999996 ], [ -56.305632569999958, -30.015157129999956 ], [ -56.305849969999962, -30.015094609999956 ], [ -56.306066549999962, -30.01503217999996 ], [ -56.306281669999962, -30.014969109999956 ], [ -56.30649624999996, -30.014906059999962 ], [ -56.306710699999961, -30.014842729999959 ], [ -56.306924489999957, -30.014780659999953 ], [ -56.30713717999997, -30.01471886999996 ], [ -56.307347879999959, -30.014657199999967 ], [ -56.30755665999996, -30.014595789999948 ], [ -56.307763759999958, -30.014534969999954 ], [ -56.307969299999961, -30.014475969999957 ], [ -56.308173519999961, -30.014417839999957 ], [ -56.308376219999957, -30.014359299999963 ], [ -56.308577709999959, -30.014299859999955 ], [ -56.308778909999958, -30.014240399999952 ], [ -56.308982559999961, -30.014180239999959 ], [ -56.309189409999959, -30.014119719999947 ], [ -56.30939946999996, -30.014058349999953 ], [ -56.309612219999956, -30.013997019999959 ], [ -56.309826489999956, -30.013934049999953 ], [ -56.310042309999957, -30.013870659999949 ], [ -56.31025985999996, -30.013806599999956 ], [ -56.310479229999956, -30.013742339999951 ], [ -56.310699779999958, -30.013677349999949 ], [ -56.310921049999962, -30.013611949999955 ], [ -56.311143929999957, -30.013546369999961 ], [ -56.311368159999958, -30.013480369999954 ], [ -56.31159351999996, -30.01341423999996 ], [ -56.311819839999956, -30.013347639999953 ], [ -56.312046189999961, -30.013282149999963 ], [ -56.312272949999958, -30.013216559999947 ], [ -56.312500329999956, -30.013150419999967 ], [ -56.312728469999961, -30.013083599999948 ], [ -56.312957129999958, -30.013017139999945 ], [ -56.313185529999956, -30.012950819999954 ], [ -56.313413619999956, -30.012884439999958 ], [ -56.313643059999961, -30.012817649999956 ], [ -56.313871909999961, -30.012750429999954 ], [ -56.314099689999964, -30.012683329999955 ], [ -56.314326609999959, -30.012616889999958 ], [ -56.314553029999956, -30.012550909999959 ], [ -56.314778919999959, -30.012485319999954 ], [ -56.315005429999957, -30.012419329999954 ], [ -56.315232649999956, -30.01235250999995 ], [ -56.315461009999957, -30.012284889999957 ], [ -56.315689859999956, -30.012217199999949 ], [ -56.315918379999957, -30.012149399999956 ], [ -56.316147119999961, -30.012082639999964 ], [ -56.316376039999959, -30.012016659999947 ], [ -56.31660507999996, -30.011951549999964 ], [ -56.31683359999996, -30.011886209999957 ], [ -56.317061289999963, -30.011819709999955 ], [ -56.317287879999959, -30.011752829999956 ], [ -56.317513949999956, -30.011686459999957 ], [ -56.31773933999996, -30.01161993999996 ], [ -56.317964059999959, -30.01155385999995 ], [ -56.318187909999956, -30.011488359999959 ], [ -56.318411219999959, -30.01142276999995 ], [ -56.318634189999962, -30.011356969999952 ], [ -56.318857629999961, -30.01129115999996 ], [ -56.319081689999962, -30.011226829999959 ], [ -56.319306109999957, -30.011163139999947 ], [ -56.319530189999959, -30.01109868999994 ], [ -56.319752859999959, -30.011033729999948 ], [ -56.31997383999996, -30.010968829999957 ], [ -56.32019307999996, -30.01090386999995 ], [ -56.320410389999957, -30.010839499999957 ], [ -56.320626259999962, -30.010775869999961 ], [ -56.320840249999961, -30.010712519999952 ], [ -56.321052889999962, -30.010649769999961 ], [ -56.32126455999996, -30.01058762999995 ], [ -56.321477169999959, -30.01052647999996 ], [ -56.32169144999996, -30.010465089999951 ], [ -56.321908829999956, -30.010402559999953 ], [ -56.322128169999957, -30.010339009999953 ], [ -56.322349129999957, -30.010273829999957 ], [ -56.322571399999966, -30.01020744999996 ], [ -56.322794739999956, -30.010141499999964 ], [ -56.32301848999996, -30.010075729999965 ], [ -56.323242379999961, -30.010010119999954 ], [ -56.323466449999962, -30.009943819999947 ], [ -56.323691109999956, -30.009877619999951 ], [ -56.323915609999965, -30.009811789999951 ], [ -56.324139529999961, -30.009746819999958 ], [ -56.324362129999962, -30.00968252999996 ], [ -56.324583129999958, -30.009617499999955 ], [ -56.324803709999962, -30.00955250999996 ], [ -56.325024369999959, -30.009487919999955 ], [ -56.325245009999961, -30.009423699999971 ], [ -56.325466419999962, -30.00936010999996 ], [ -56.325688559999961, -30.009297069999949 ], [ -56.32591113999996, -30.009234749999948 ], [ -56.32613450999996, -30.009174049999949 ], [ -56.326358669999962, -30.009115419999951 ], [ -56.326584509999961, -30.009058749999973 ], [ -56.326811819999961, -30.009002979999966 ], [ -56.327039779999957, -30.008947329999959 ], [ -56.32726832999996, -30.008892789999969 ], [ -56.327498119999959, -30.00884024999996 ], [ -56.327729269999956, -30.008789089999958 ], [ -56.327962239999962, -30.008740079999953 ], [ -56.328197179999968, -30.00869344999996 ], [ -56.328433569999959, -30.008647689999954 ], [ -56.328672049999959, -30.008602599999953 ], [ -56.328912149999958, -30.00855862999996 ], [ -56.329153379999958, -30.008516389999947 ], [ -56.329394769999958, -30.008475749999949 ], [ -56.329636029999968, -30.008436719999953 ], [ -56.329876709999958, -30.008399509999954 ], [ -56.330116849999968, -30.008364439999948 ], [ -56.330356489999957, -30.008330959999959 ], [ -56.330597189999956, -30.008298849999953 ], [ -56.330839209999958, -30.008267639999961 ], [ -56.331081339999962, -30.008237849999954 ], [ -56.33132348999996, -30.008210419999955 ], [ -56.331565729999966, -30.008184729999947 ], [ -56.331808839999958, -30.00816080999995 ], [ -56.332052629999957, -30.008138729999956 ], [ -56.332295899999963, -30.008118189999948 ], [ -56.33253786999996, -30.008099419999954 ], [ -56.33277874999996, -30.008082449999961 ], [ -56.333018409999958, -30.008066659999944 ], [ -56.333257109999956, -30.008052529999951 ], [ -56.333495349999957, -30.00804053999995 ], [ -56.33373256999996, -30.008030899999962 ], [ -56.333968419999962, -30.008022689999951 ], [ -56.334203169999959, -30.008016869999953 ], [ -56.334437979999961, -30.008011849999953 ], [ -56.334672309999959, -30.008008319999952 ], [ -56.334906699999962, -30.008006559999959 ], [ -56.335141449999959, -30.008006329999954 ], [ -56.335376459999956, -30.008006219999949 ], [ -56.335611809999968, -30.008007239999948 ], [ -56.33584821999996, -30.008010059999965 ], [ -56.336086019999961, -30.008014949999954 ], [ -56.336324939999962, -30.008021359999958 ], [ -56.336566069999961, -30.008029089999948 ], [ -56.336808739999967, -30.008038489999961 ], [ -56.337052339999957, -30.008049299999968 ], [ -56.337296559999956, -30.008062239999955 ], [ -56.337540889999957, -30.008077709999949 ], [ -56.337784709999958, -30.00809575999995 ], [ -56.338028109999961, -30.008115469999954 ], [ -56.338273069999957, -30.008137799999968 ], [ -56.33851948999996, -30.008162109999954 ], [ -56.338767109999957, -30.008187159999952 ], [ -56.339014779999957, -30.008213139999949 ], [ -56.339262539999957, -30.008239849999963 ], [ -56.339509439999958, -30.008267809999953 ], [ -56.339754719999959, -30.008298109999952 ], [ -56.33999887999996, -30.008330809999954 ], [ -56.34024215999996, -30.008365039999948 ], [ -56.34048484999996, -30.008400539999954 ], [ -56.340726639999957, -30.008436489999951 ], [ -56.340967059999961, -30.008473939999948 ], [ -56.341206369999959, -30.008512279999959 ], [ -56.341445079999957, -30.008550649999957 ], [ -56.341683489999959, -30.008588859999957 ], [ -56.341921719999959, -30.008626639999957 ], [ -56.342160489999962, -30.008664629999952 ], [ -56.342399579999956, -30.00870305999997 ], [ -56.342638159999957, -30.008741259999965 ], [ -56.342876299999958, -30.008779989999962 ], [ -56.34311531999996, -30.008818849999948 ], [ -56.343355, -30.008858149999952 ], [ -56.343594839999959, -30.008897689999952 ], [ -56.343835029999958, -30.008937259999957 ], [ -56.344076489999956, -30.008976499999953 ], [ -56.344318519999959, -30.00901513999996 ], [ -56.344560739999956, -30.009052779999951 ], [ -56.34480458999996, -30.00909101999995 ], [ -56.345050379999968, -30.009129819999949 ], [ -56.345297459999962, -30.009168749999947 ], [ -56.345546479999967, -30.009208439999959 ], [ -56.345796499999956, -30.009248139999958 ], [ -56.34604747999996, -30.009287969999953 ], [ -56.346299859999959, -30.009328319999952 ], [ -56.346553619999959, -30.009368159999966 ], [ -56.346809419999957, -30.009408799999949 ], [ -56.347066129999959, -30.009449059999955 ], [ -56.347323619999962, -30.009489229999961 ], [ -56.347581059999968, -30.009529839999953 ], [ -56.347838189999962, -30.009570779999951 ], [ -56.348094729999957, -30.009611359999955 ], [ -56.348350899999957, -30.009650409999949 ], [ -56.34860640999996, -30.009688789999952 ], [ -56.348860739999957, -30.009731929999965 ], [ -56.349113959999961, -30.009776369999951 ], [ -56.349366879999963, -30.009818369999941 ], [ -56.349619209999958, -30.00985861999996 ], [ -56.349870849999959, -30.009898159999953 ], [ -56.350121129999962, -30.009937289999964 ], [ -56.35037108999996, -30.009977289999956 ], [ -56.350620569999961, -30.010016839999953 ], [ -56.350869579999959, -30.010056339999949 ], [ -56.35111811999996, -30.010096 ], [ -56.351366489999961, -30.010135459999955 ], [ -56.351616129999961, -30.010175099999955 ], [ -56.35186609999996, -30.010215069999944 ], [ -56.352115989999966, -30.010254499999952 ], [ -56.352365869999957, -30.010295079999949 ], [ -56.352615299999968, -30.010336029999955 ], [ -56.352865119999962, -30.010376059999956 ], [ -56.353115049999957, -30.010415979999948 ], [ -56.353364979999959, -30.010456449999953 ], [ -56.35361556999996, -30.010496239999956 ], [ -56.353866319999959, -30.010534969999952 ], [ -56.354116759999961, -30.010573909999948 ], [ -56.354366609999957, -30.01061329999996 ], [ -56.354616429999957, -30.010652369999956 ], [ -56.354865509999961, -30.01069256999995 ], [ -56.355114669999956, -30.010732619999956 ], [ -56.355363529999956, -30.010772439999954 ], [ -56.35561201999996, -30.010812379999955 ], [ -56.355860309999962, -30.01085189999996 ], [ -56.356107719999962, -30.01089132999995 ], [ -56.356353959999964, -30.010931009999947 ], [ -56.356599799999962, -30.010970609999941 ], [ -56.356844739999957, -30.011009679999955 ], [ -56.357089959999968, -30.011048489999958 ], [ -56.357334739999956, -30.011087489999966 ], [ -56.357579299999962, -30.01112678999996 ], [ -56.357824269999959, -30.011165509999952 ], [ -56.358068689999968, -30.011203879999954 ], [ -56.358312119999958, -30.011242639999963 ], [ -56.35855611999996, -30.011281609999948 ], [ -56.358799979999958, -30.011320309999963 ], [ -56.359043759999963, -30.011359699999954 ], [ -56.359286799999957, -30.011398729999961 ], [ -56.359529959999961, -30.011437169999947 ], [ -56.359773359999956, -30.011475079999947 ], [ -56.360016739999956, -30.011513659999949 ], [ -56.360260379999964, -30.011552829999957 ], [ -56.360503849999958, -30.011592939999961 ], [ -56.360747369999956, -30.011633119999953 ], [ -56.360991259999956, -30.011671919999952 ], [ -56.361234329999959, -30.011709969999963 ], [ -56.361476889999956, -30.011748269999959 ], [ -56.361718659999958, -30.011786269999952 ], [ -56.361960529999962, -30.011824349999955 ], [ -56.362202749999959, -30.011862329999957 ], [ -56.362445809999961, -30.01190031999996 ], [ -56.362689549999956, -30.011938249999957 ], [ -56.362933679999962, -30.011976779999948 ], [ -56.363178159999961, -30.01201591999995 ], [ -56.363422699999958, -30.012055969999949 ], [ -56.363666619999961, -30.012094889999954 ], [ -56.363910709999956, -30.012133619999961 ], [ -56.364154079999956, -30.012172599999953 ], [ -56.364396929999963, -30.012211779999955 ], [ -56.364639659999959, -30.012251039999963 ], [ -56.364881819999958, -30.012289569999954 ], [ -56.36512400999996, -30.012327899999956 ], [ -56.365366469999962, -30.012366339999954 ], [ -56.36560895999996, -30.012404749999959 ], [ -56.365851699999958, -30.012444059999954 ], [ -56.366095349999959, -30.012483289999949 ], [ -56.366339149999959, -30.01252304999996 ], [ -56.36658312999996, -30.01256263999996 ], [ -56.366827549999961, -30.012602039999951 ], [ -56.367071899999956, -30.012641199999951 ], [ -56.367316819999957, -30.012679829999961 ], [ -56.36756194999996, -30.012718459999949 ], [ -56.367807049999961, -30.012757419999957 ], [ -56.368052199999958, -30.012796479999967 ], [ -56.368296839999957, -30.012835569999957 ], [ -56.368540979999956, -30.012874549999957 ], [ -56.368785449999962, -30.012913329999961 ], [ -56.36903051999996, -30.012951579999953 ], [ -56.369276099999958, -30.012990249999962 ], [ -56.369521779999957, -30.013028899999952 ], [ -56.369767689999968, -30.013067759999966 ], [ -56.370012799999962, -30.013107469999948 ], [ -56.370256689999962, -30.013146479999957 ], [ -56.370499419999959, -30.013185179999951 ], [ -56.370741649999957, -30.013223339999954 ], [ -56.370983849999959, -30.013261889999956 ], [ -56.37122576999996, -30.013299889999942 ], [ -56.371467969999962, -30.013337979999957 ], [ -56.37170993999996, -30.01337597999996 ], [ -56.371951019999962, -30.013413449999952 ], [ -56.372191389999962, -30.013450149999958 ], [ -56.372430729999962, -30.013487749999964 ], [ -56.372669669999965, -30.013525469999951 ], [ -56.372908549999956, -30.013563849999958 ], [ -56.37314733999996, -30.013602499999962 ], [ -56.373386039999957, -30.013641009999947 ], [ -56.37362471999996, -30.013678339999952 ], [ -56.373862979999963, -30.013715839999954 ], [ -56.37410110999997, -30.013754009999957 ], [ -56.374339279999958, -30.013792039999963 ], [ -56.374576459999957, -30.013830409999954 ], [ -56.374812829999961, -30.013868209999963 ], [ -56.37504837999996, -30.013905569999952 ], [ -56.375282669999962, -30.013943029999968 ], [ -56.375515569999962, -30.013980129999965 ], [ -56.37574680999996, -30.014017239999951 ], [ -56.375976709999961, -30.014053979999957 ], [ -56.376206219999958, -30.014090369999948 ], [ -56.376435829999956, -30.014126809999954 ], [ -56.37666576999996, -30.014164309999941 ], [ -56.376896749999958, -30.014201139999958 ], [ -56.377127569999956, -30.014237969999957 ], [ -56.377357429999961, -30.014274609999944 ], [ -56.377585879999963, -30.01431197999996 ], [ -56.377812789999957, -30.014348559999952 ], [ -56.378038469999957, -30.01438390999995 ], [ -56.378262589999956, -30.01441846999996 ], [ -56.378485249999962, -30.014452169999952 ], [ -56.378706809999962, -30.014485279999956 ], [ -56.378928139999957, -30.014518889999959 ], [ -56.379150619999962, -30.014554479999958 ], [ -56.379374539999958, -30.014591539999952 ], [ -56.379599429999956, -30.014630359999952 ], [ -56.379825469999957, -30.014668049999948 ], [ -56.38005238999996, -30.014703919999956 ], [ -56.380280169999956, -30.014739449999947 ], [ -56.380508309999961, -30.014775699999952 ], [ -56.380737059999959, -30.014812389999957 ], [ -56.380965399999958, -30.014850129999964 ], [ -56.381193459999956, -30.014886389999955 ], [ -56.381421619999962, -30.014921329999947 ], [ -56.381649199999956, -30.014957979999949 ], [ -56.381876619999957, -30.014994729999955 ], [ -56.382103839999957, -30.015031229999952 ], [ -56.382331349999959, -30.015067449999961 ], [ -56.382558869999961, -30.015103299999954 ], [ -56.38278676999996, -30.015138419999957 ], [ -56.383014349999961, -30.015174519999956 ], [ -56.38324182999996, -30.01521149999996 ], [ -56.383469259999956, -30.01524765999995 ], [ -56.383696469999961, -30.015283459999949 ], [ -56.383922929999962, -30.015319259999949 ], [ -56.384148819999957, -30.01535481999997 ], [ -56.384374559999962, -30.015390439999958 ], [ -56.384600099999957, -30.015425959999948 ], [ -56.384825319999962, -30.015461409999943 ], [ -56.385050149999962, -30.015496929999959 ], [ -56.385275329999956, -30.015531959999951 ], [ -56.385501419999962, -30.015565679999948 ], [ -56.385727579999958, -30.015599769999952 ], [ -56.385951609999957, -30.015637539999958 ], [ -56.38617346999996, -30.015677619999948 ], [ -56.386393879999957, -30.015715969999949 ], [ -56.386613739999959, -30.01575173999996 ], [ -56.386831059999956, -30.015785169999958 ], [ -56.38704553999996, -30.015818679999963 ], [ -56.387257369999958, -30.015851329999951 ], [ -56.387466589999967, -30.015883539999958 ], [ -56.387672929999965, -30.01591593999995 ], [ -56.387877029999956, -30.015948089999952 ], [ -56.388083549999962, -30.015981009999958 ], [ -56.388289859999958, -30.016015629999949 ], [ -56.388494239999957, -30.016049679999956 ], [ -56.388696539999962, -30.01608184999996 ], [ -56.388896849999959, -30.016113849999957 ], [ -56.389095109999957, -30.016146379999956 ], [ -56.389291539999959, -30.01617893999995 ], [ -56.389485769999958, -30.016210259999948 ], [ -56.38967695999996, -30.016241439999952 ], [ -56.389865439999959, -30.016271439999954 ], [ -56.390050359999961, -30.016301369999951 ], [ -56.390231709999959, -30.01633 ], [ -56.390408129999962, -30.01635785999995 ], [ -56.390579939999959, -30.01638477999996 ], [ -56.390746919999962, -30.016411879999964 ], [ -56.390911709999969, -30.016438459999957 ], [ -56.391074919999959, -30.016465019999952 ], [ -56.391231069999961, -30.016490129999941 ], [ -56.391380249999962, -30.016513229999955 ], [ -56.391522039999955, -30.016535689999955 ], [ -56.391656639999958, -30.016557259999953 ], [ -56.39178427999996, -30.016577959999953 ], [ -56.391905849999958, -30.016597099999956 ], [ -56.392020189999961, -30.01661440999996 ], [ -56.39212725999996, -30.016630629999955 ], [ -56.392227689999956, -30.016646339999959 ], [ -56.392321879999962, -30.016661459999952 ], [ -56.39241546999996, -30.016676789999952 ], [ -56.392506139999959, -30.016691389999949 ], [ -56.392587789999958, -30.016704689999955 ], [ -56.392660649999961, -30.016716449999965 ], [ -56.392726429999961, -30.016726969999951 ], [ -56.392791679999959, -30.016737239999962 ], [ -56.392857249999956, -30.016747699999957 ], [ -56.392923239999959, -30.016758419999956 ], [ -56.392989669999963, -30.016768759999945 ], [ -56.393056759999958, -30.016779359999958 ], [ -56.393124709999967, -30.016789939999949 ], [ -56.393193479999958, -30.016800719999953 ], [ -56.393262959999959, -30.016811789999952 ], [ -56.393334039999957, -30.016823109999951 ], [ -56.39340664999996, -30.016834739999954 ], [ -56.393480759999967, -30.016846749999957 ], [ -56.393557009999959, -30.01685868999995 ], [ -56.39363473999996, -30.016870349999948 ], [ -56.393713129999959, -30.016881269999956 ], [ -56.393791299999961, -30.01689230999996 ], [ -56.393869359999968, -30.016904889999953 ], [ -56.393947139999959, -30.016917139999951 ], [ -56.394023079999961, -30.016929839999964 ], [ -56.394097599999967, -30.016941979999956 ], [ -56.39417059999996, -30.016954 ], [ -56.394242019999957, -30.016965919999958 ], [ -56.394312919999962, -30.016977179999952 ], [ -56.394383739999959, -30.016988369999947 ], [ -56.394454909999958, -30.016999879999965 ], [ -56.394526499999962, -30.017011089999954 ], [ -56.394595699999968, -30.01702206999996 ], [ -56.394662659999959, -30.017032449999949 ], [ -56.394726659999961, -30.017042859999957 ], [ -56.394789659999958, -30.017053199999957 ], [ -56.39485150999996, -30.017063539999967 ], [ -56.394912479999959, -30.017074529999967 ], [ -56.394968429999956, -30.017086909999957 ], [ -56.395017199999963, -30.017100409999948 ], [ -56.395060589999957, -30.017111829999951 ], [ -56.39510192999996, -30.017122089999955 ], [ -56.395133239999957, -30.017128989999954 ], [ -56.395154469999966, -30.017133329999954 ], [ -56.395168689999956, -30.017136119999957 ], [ -56.395174639999958, -30.017137029999958 ], [ -56.39518058999996, -30.017137939999952 ], [ -56.39519355999996, -30.01714044999995 ], [ -56.395207279999958, -30.017143079999943 ], [ -56.395220399999957, -30.017145139999958 ], [ -56.395233609999956, -30.017147629999965 ], [ -56.395243589999957, -30.01714967999996 ], [ -56.395246759999957, -30.017150179999948 ], [ -56.395249929999956, -30.017150669999957 ], [ -56.395258029999958, -30.017152389999953 ], [ -56.395269149999962, -30.017154369999957 ], [ -56.395280579999962, -30.01715637999996 ], [ -56.39528830999997, -30.017158069999955 ], [ -56.39528964999996, -30.017158259999956 ], [ -56.395302049999962, -30.017159439999947 ], [ -56.395323849999961, -30.017162969999951 ], [ -56.395354409999968, -30.017167909999952 ], [ -56.395389469999962, -30.017173269999954 ], [ -56.395422409999959, -30.017179029999959 ], [ -56.395444369999957, -30.017183099999958 ], [ -56.395456609999961, -30.017185629999961 ], [ -56.395458649999959, -30.017185969999954 ], [ -56.395468889999961, -30.01718775999996 ], [ -56.395496859999966, -30.017191799999953 ], [ -56.395546099999969, -30.017194659999952 ], [ -56.395620159999957, -30.017197909999958 ], [ -56.395718909999957, -30.017208259999951 ], [ -56.395842429999959, -30.017225149999955 ], [ -56.395992, -30.017246459999956 ], [ -56.396166229999956, -30.017271449999953 ], [ -56.396368359999961, -30.017301309999947 ], [ -56.396593009999961, -30.01733641999996 ], [ -56.396823839999961, -30.017373089999957 ], [ -56.397055289999962, -30.017410049999956 ], [ -56.397286979999961, -30.017447039999951 ], [ -56.397518509999962, -30.017483359999961 ], [ -56.397750139999957, -30.017519619999945 ], [ -56.397980949999962, -30.01755608999996 ], [ -56.398211569999958, -30.017593249999965 ], [ -56.398441969999958, -30.017630449999952 ], [ -56.398669959999957, -30.017667519999954 ], [ -56.398894919999961, -30.017703639999958 ], [ -56.399117549999957, -30.017739359999954 ], [ -56.399339209999958, -30.01777528999995 ], [ -56.39955984999996, -30.017811749999957 ], [ -56.399780749999962, -30.017846929999948 ], [ -56.400000449999965, -30.017881439999961 ], [ -56.400219779999958, -30.01791615999996 ], [ -56.400438419999958, -30.01795 ], [ -56.400655249999957, -30.017983949999952 ], [ -56.400870619999957, -30.018017629999957 ], [ -56.40108500999996, -30.018051349999947 ], [ -56.401299199999961, -30.018085 ], [ -56.401512539999956, -30.018118809999951 ], [ -56.401726229999959, -30.018152729999954 ], [ -56.401940279999963, -30.018187819999952 ], [ -56.402154909999958, -30.018223599999956 ], [ -56.40237022999996, -30.018259239999956 ], [ -56.402586829999962, -30.018293519999954 ], [ -56.402804019999962, -30.018327549999952 ], [ -56.403020779999963, -30.01836194999996 ], [ -56.403237879999956, -30.018396069999959 ], [ -56.403455199999968, -30.018430509999948 ], [ -56.403673019999957, -30.018465449999947 ], [ -56.403891549999962, -30.018499819999956 ], [ -56.40411033999996, -30.018534079999966 ], [ -56.40432943999997, -30.018568439999953 ], [ -56.404548629999958, -30.018603299999949 ], [ -56.40476883999996, -30.018638419999949 ], [ -56.404990179999956, -30.018673169999957 ], [ -56.405211899999962, -30.018708309999941 ], [ -56.405434439999958, -30.018743869999941 ], [ -56.405658109999962, -30.018779489999954 ], [ -56.405883289999956, -30.018815539999956 ], [ -56.406109959999959, -30.018851969999957 ], [ -56.406338469999959, -30.018888659999956 ], [ -56.40656871999996, -30.018925919999951 ], [ -56.406799479999961, -30.018963699999947 ], [ -56.407031549999957, -30.019000739999949 ], [ -56.407262419999959, -30.019037649999952 ], [ -56.407493409999958, -30.019074219999958 ], [ -56.407722899999968, -30.019111079999949 ], [ -56.407951719999957, -30.019147089999947 ], [ -56.408179089999962, -30.019182379999958 ], [ -56.408405299999956, -30.019216679999953 ], [ -56.408630639999956, -30.019250049999957 ], [ -56.408855479999957, -30.019282819999955 ], [ -56.40907990999996, -30.019313759999967 ], [ -56.409303489999957, -30.019342859999949 ], [ -56.409526099999958, -30.019370759999951 ], [ -56.409747669999959, -30.019397159999965 ], [ -56.409968669999969, -30.019422219999953 ], [ -56.41018916999996, -30.019445679999947 ], [ -56.41040832999996, -30.019467669999951 ], [ -56.410626769999958, -30.019488299999956 ], [ -56.410844699999963, -30.019508139999949 ], [ -56.411062779999959, -30.019526369999948 ], [ -56.411279579999956, -30.019542949999952 ], [ -56.411495769999959, -30.019558229999966 ], [ -56.411711219999958, -30.019571809999963 ], [ -56.411925549999957, -30.019584 ], [ -56.41213907999996, -30.019595119999941 ], [ -56.412353229999958, -30.019604759999954 ], [ -56.412568339999957, -30.019613139999958 ], [ -56.412783819999959, -30.019620559999954 ], [ -56.412999539999959, -30.01962677999995 ], [ -56.413214249999967, -30.01963188999995 ], [ -56.413427639999966, -30.019635819999955 ], [ -56.41363949999996, -30.019637899999953 ], [ -56.413849879999958, -30.019638889999957 ], [ -56.414058449999956, -30.019638469999958 ], [ -56.414264719999956, -30.019635949999966 ], [ -56.414469339999961, -30.019633069999959 ], [ -56.414671719999959, -30.01962844999996 ], [ -56.414871239999961, -30.019623299999942 ], [ -56.41506891999996, -30.019618119999951 ], [ -56.415264259999958, -30.019611869999949 ], [ -56.415457149999959, -30.019604419999943 ], [ -56.41564822999996, -30.019594719999962 ], [ -56.415836659999961, -30.019584749999957 ], [ -56.416023649999957, -30.019574199999948 ], [ -56.416213139999961, -30.019562529999956 ], [ -56.41639981999996, -30.019549819999948 ], [ -56.416582849999962, -30.019535609999959 ], [ -56.416761299999962, -30.019520749999959 ], [ -56.416934809999958, -30.019505709999951 ], [ -56.417104119999962, -30.019490799999954 ], [ -56.417269309999959, -30.019475429999957 ], [ -56.417429369999958, -30.019459779999956 ], [ -56.417585489999958, -30.019444239999949 ], [ -56.417736669999961, -30.019429009999953 ], [ -56.417882829999961, -30.01941353999996 ], [ -56.418029029999957, -30.019397169999952 ], [ -56.418171039999962, -30.019380439999956 ], [ -56.418305209999957, -30.019363799999955 ], [ -56.418431789999957, -30.019347099999962 ], [ -56.418550829999958, -30.019330919999959 ], [ -56.41866197999996, -30.01931633999995 ], [ -56.418765849999957, -30.019303109999957 ], [ -56.418862859999962, -30.019291009999954 ], [ -56.418956469999962, -30.019279589999957 ], [ -56.419043479999957, -30.019272569999959 ], [ -56.419120189999958, -30.019268 ], [ -56.419186799999956, -30.019263499999955 ], [ -56.419244569999961, -30.019257379999956 ], [ -56.41929255999996, -30.019251659999956 ], [ -56.419334509999956, -30.019246319999962 ], [ -56.419362639999967, -30.019243259999957 ], [ -56.419372989999957, -30.019241859999948 ], [ -56.419388189999957, -30.019239479999957 ], [ -56.419415509999958, -30.01923440999995 ], [ -56.419445709999962, -30.019227739999955 ], [ -56.419465809999956, -30.019223869999948 ], [ -56.419477409999956, -30.019221579999954 ], [ -56.419491079999958, -30.019219179999951 ], [ -56.41951446999996, -30.019215459999955 ], [ -56.419539079999957, -30.019212429999953 ], [ -56.419549229999959, -30.019210679999947 ], [ -56.419549499999967, -30.019210619999953 ], [ -56.41955027999996, -30.019210569999956 ], [ -56.419557239999961, -30.019209499999963 ], [ -56.419576449999958, -30.019206889999953 ], [ -56.419612549999961, -30.019200679999951 ], [ -56.419674, -30.019182639999954 ], [ -56.419773419999956, -30.019153969999962 ], [ -56.419919749999956, -30.01912285999996 ], [ -56.420112279999962, -30.019085479999958 ], [ -56.420337439999962, -30.019044 ], [ -56.420568729999957, -30.01900018999995 ], [ -56.420800129999961, -30.018955069999944 ], [ -56.421031449999958, -30.018907799999951 ], [ -56.42126238999996, -30.018859139999957 ], [ -56.421492699999959, -30.018809189999953 ], [ -56.421722279999962, -30.01875787999996 ], [ -56.421951519999958, -30.018704389999957 ], [ -56.422180379999958, -30.018648939999949 ], [ -56.422407959999958, -30.018592579999954 ], [ -56.422633389999959, -30.018534599999949 ], [ -56.422856699999961, -30.018476329999967 ], [ -56.423077949999957, -30.018417189999958 ], [ -56.423297089999956, -30.018357659999957 ], [ -56.423514299999958, -30.01829604999995 ], [ -56.423729799999968, -30.018234309999961 ], [ -56.423943089999959, -30.018171419999952 ], [ -56.424154959999967, -30.018110319999955 ], [ -56.424366479999961, -30.018051839999956 ], [ -56.424574879999959, -30.017991689999949 ], [ -56.424781009999961, -30.017931169999951 ], [ -56.42498529999996, -30.017870719999959 ], [ -56.425187949999959, -30.01781011999995 ], [ -56.42538856999996, -30.017750069999956 ], [ -56.425588219999959, -30.017690569999949 ], [ -56.425787439999958, -30.017631279999961 ], [ -56.425987029999959, -30.017571749999956 ], [ -56.42618721999996, -30.017512659999948 ], [ -56.426387679999969, -30.017453439999954 ], [ -56.426588579999965, -30.017394399999965 ], [ -56.426789839999962, -30.017335629999959 ], [ -56.426992249999962, -30.017276579999955 ], [ -56.427194359999959, -30.017217109999958 ], [ -56.427394399999962, -30.017158339999952 ], [ -56.427590979999962, -30.017100349999964 ], [ -56.42778425999996, -30.017043209999947 ], [ -56.427973499999958, -30.016986899999949 ], [ -56.428160329999962, -30.01693146999996 ], [ -56.42834528999996, -30.016877349999955 ], [ -56.428527619999961, -30.016824009999951 ], [ -56.428707009999961, -30.016771119999952 ], [ -56.42888407999996, -30.016718639999951 ], [ -56.429057399999969, -30.016667239999947 ], [ -56.42923092999996, -30.016616239999955 ], [ -56.42940550999996, -30.016564759999959 ], [ -56.429577169999959, -30.016513619999952 ], [ -56.429744699999958, -30.016463289999955 ], [ -56.42990874999996, -30.016413429999961 ], [ -56.430068969999958, -30.01636527999996 ], [ -56.430225939999957, -30.016318929999944 ], [ -56.430379689999967, -30.016273699999964 ], [ -56.430531109999961, -30.016229559999953 ], [ -56.430681, -30.016185919999963 ], [ -56.430828389999959, -30.016142079999959 ], [ -56.430972359999956, -30.01609919999995 ], [ -56.431111469999969, -30.016058179999948 ], [ -56.431247249999956, -30.016018719999956 ], [ -56.431382959999958, -30.015978659999959 ], [ -56.431513719999963, -30.015941409999943 ], [ -56.431637399999957, -30.015906079999954 ], [ -56.431753, -30.015873759999948 ], [ -56.431859869999961, -30.015843209999954 ], [ -56.431958239999958, -30.015815229999955 ], [ -56.43204852999996, -30.015790099999958 ], [ -56.43213602999996, -30.015766659999954 ], [ -56.432215779999957, -30.015746309999951 ], [ -56.432284079999967, -30.015729479999955 ], [ -56.432341739999963, -30.015715259999951 ], [ -56.432388729999957, -30.015703309999953 ], [ -56.432430549999964, -30.015692559999948 ], [ -56.432459579999957, -30.015685029999961 ], [ -56.432469299999958, -30.015682299999952 ], [ -56.432469619999956, -30.015682249999941 ], [ -56.432472719999957, -30.015681619999949 ], [ -56.43247549999996, -30.015680509999967 ], [ -56.432479189999967, -30.015678139999963 ] ] ] } },
{ "type": "Feature", "properties": { "ds_local_i": "ACESSO SUL URUGUAIANA", "ds_local_f": "FRONT BRASIL/URUGUAI", "ds_legenda": "Pavimentada", "sg_legenda": "PAV", "ds_jurisdi": "Federal", "km_dentro_area_estudo": 29.38, "rodovia": "BR-472", "divergencia_osm": false }, "geometry": { "type": "MultiLineString", "coordinates": [ [ [ -57.089915969999957, -29.788128599999954 ], [ -57.089977799999957, -29.788133599999949 ], [ -57.090035639999961, -29.788149119999957 ], [ -57.090089319999962, -29.788177079999954 ], [ -57.090103879999958, -29.788188829999957 ], [ -57.090137859999956, -29.788216259999956 ], [ -57.09017577999996, -29.788268729999956 ], [ -57.090199989999959, -29.78833077999996 ], [ -57.090213849999962, -29.788400079999946 ], [ -57.090222399999959, -29.788474039999954 ], [ -57.090227619999958, -29.788554139999949 ], [ -57.090229569999963, -29.78863985999995 ], [ -57.090230469999959, -29.788732559999961 ], [ -57.090231059999958, -29.788832149999951 ], [ -57.090231989999964, -29.788938659999964 ], [ -57.090233029999958, -29.789051949999948 ], [ -57.090233679999962, -29.789172319999953 ], [ -57.090233119999958, -29.789299379999949 ], [ -57.090229789999967, -29.78943385999996 ], [ -57.09024206999996, -29.790267939999957 ], [ -57.09026439999996, -29.790383799999955 ], [ -57.09027229999996, -29.790530639999947 ], [ -57.090286029999959, -29.790671119999953 ], [ -57.090305549999968, -29.790811459999947 ], [ -57.090329599999961, -29.790947949999957 ], [ -57.090357249999961, -29.791081829999953 ], [ -57.090385599999962, -29.791217709999955 ], [ -57.090415079999957, -29.791354159999955 ], [ -57.090444809999958, -29.791492189999964 ], [ -57.090475909999959, -29.791627799999958 ], [ -57.090505449999959, -29.791765869999946 ], [ -57.090536039999961, -29.791902329999957 ], [ -57.090566929999959, -29.792039539999955 ], [ -57.090598319999962, -29.792177579999947 ], [ -57.090629879999959, -29.792316079999967 ], [ -57.090661849999961, -29.792455139999948 ], [ -57.090694049999961, -29.792595129999956 ], [ -57.090725669999962, -29.792735419999953 ], [ -57.090756759999962, -29.792875799999962 ], [ -57.090788139999958, -29.793016249999951 ], [ -57.090819859999961, -29.793157889999947 ], [ -57.090852969999958, -29.793300049999949 ], [ -57.090886879999957, -29.793443719999949 ], [ -57.090920489999959, -29.793590409999954 ], [ -57.090954289999956, -29.79373934999996 ], [ -57.090988009999961, -29.793889839999963 ], [ -57.091022399999957, -29.794042909999959 ], [ -57.091057269999958, -29.794197599999958 ], [ -57.091091779999957, -29.79435366999996 ], [ -57.091127009999958, -29.79450828999996 ], [ -57.09116275999996, -29.794664229999952 ], [ -57.09119881999996, -29.794820529999946 ], [ -57.091235449999957, -29.794976919999957 ], [ -57.091271319999962, -29.795129889999945 ], [ -57.091305779999956, -29.795280739999956 ], [ -57.091339169999962, -29.795429339999956 ], [ -57.091372, -29.795575639999953 ], [ -57.091404739999959, -29.795719219999949 ], [ -57.091436679999958, -29.795860059999949 ], [ -57.091468269999957, -29.795998229999949 ], [ -57.091498969999961, -29.796134829999964 ], [ -57.09152969999996, -29.796268119999947 ], [ -57.091560519999959, -29.796399159999954 ], [ -57.09159109999996, -29.796527779999948 ], [ -57.091621139999958, -29.796654699999952 ], [ -57.091650519999959, -29.796779309999948 ], [ -57.091678849999958, -29.796901679999941 ], [ -57.091706219999956, -29.797022039999955 ], [ -57.091732839999956, -29.797140229999961 ], [ -57.091757839999964, -29.797254989999956 ], [ -57.091782389999956, -29.797364329999954 ], [ -57.091806559999959, -29.797465919999958 ], [ -57.091828409999962, -29.797556779999958 ], [ -57.091848379999959, -29.797637039999966 ], [ -57.091868729999959, -29.797703659999961 ], [ -57.09188866999996, -29.797759089999964 ], [ -57.091907099999958, -29.797806849999954 ], [ -57.09192051999996, -29.797848579999947 ], [ -57.09192876999996, -29.797884729999957 ], [ -57.091935929999956, -29.797915499999963 ], [ -57.091942149999959, -29.797939969999948 ], [ -57.091946399999962, -29.797955379999941 ], [ -57.091947049999959, -29.797957969999953 ], [ -57.091948849999959, -29.797969469999963 ], [ -57.091946539999959, -29.797986869999949 ], [ -57.091941839999961, -29.798011279999955 ], [ -57.091939459999956, -29.798036519999958 ], [ -57.09194070999996, -29.798063209999949 ], [ -57.091945609999961, -29.798089309999963 ], [ -57.091951279999961, -29.798112429999957 ], [ -57.091955779999957, -29.798131779999956 ], [ -57.091956289999956, -29.798133929999967 ], [ -57.091961559999959, -29.798156619999961 ], [ -57.091967919999959, -29.798183759999947 ], [ -57.091975509999962, -29.79821508999996 ], [ -57.091983879999965, -29.798252199999943 ], [ -57.09199317999996, -29.79829452999995 ], [ -57.092003199999958, -29.798340859999957 ], [ -57.092013049999956, -29.798385569999951 ], [ -57.092021539999962, -29.798425039999959 ], [ -57.092029599999961, -29.798461009999958 ], [ -57.092033579999956, -29.79847854999996 ], [ -57.09203756999996, -29.798496089999944 ], [ -57.09204632999996, -29.79853583999995 ], [ -57.09205563999997, -29.798581669999955 ], [ -57.09206874999996, -29.798635009999959 ], [ -57.092083369999969, -29.798696169999953 ], [ -57.092099289999958, -29.798766389999955 ], [ -57.092117409999958, -29.798846299999958 ], [ -57.092137849999958, -29.798935879999956 ], [ -57.092160059999962, -29.799034069999959 ], [ -57.09218210999996, -29.799133359999953 ], [ -57.09220545999996, -29.799238089999953 ], [ -57.092231, -29.799349229999955 ], [ -57.092258519999959, -29.799467529999955 ], [ -57.092287169999956, -29.799592109999953 ], [ -57.092317059999957, -29.799722789999954 ], [ -57.092347649999958, -29.799859519999945 ], [ -57.09237935999996, -29.799998399999957 ], [ -57.092411639999959, -29.800140439999954 ], [ -57.092444559999961, -29.800288039999963 ], [ -57.092478369999967, -29.800440099999953 ], [ -57.092513, -29.800597279999952 ], [ -57.092549409999961, -29.800758849999955 ], [ -57.092585909999961, -29.800924209999959 ], [ -57.092623119999956, -29.801092319999952 ], [ -57.092660369999962, -29.801261599999957 ], [ -57.092698319999961, -29.801431539999957 ], [ -57.092737579999969, -29.801602799999948 ], [ -57.092778, -29.801776139999948 ], [ -57.092817719999957, -29.801950469999952 ], [ -57.092857679999959, -29.802126279999953 ], [ -57.092897959999959, -29.802302529999952 ], [ -57.09293815999996, -29.802478899999947 ], [ -57.092977739999959, -29.802655489999957 ], [ -57.09301862999996, -29.802832839999947 ], [ -57.093059149999959, -29.803011679999948 ], [ -57.093100569999962, -29.803191499999944 ], [ -57.093142679999957, -29.80337272999996 ], [ -57.093183729999957, -29.803555659999958 ], [ -57.09322412999996, -29.803739699999959 ], [ -57.093264779999956, -29.803924909999953 ], [ -57.09330493999996, -29.804109059999949 ], [ -57.093344579999957, -29.804290679999951 ], [ -57.093385969999957, -29.804472379999954 ], [ -57.093427199999958, -29.804655469999961 ], [ -57.093468879999961, -29.804839089999955 ], [ -57.093511859999957, -29.805023749999958 ], [ -57.093555839999958, -29.805209209999962 ], [ -57.093601069999956, -29.805396099999957 ], [ -57.093644769999969, -29.805583889999948 ], [ -57.093685909999962, -29.805772839999957 ], [ -57.093727589999958, -29.805962709999957 ], [ -57.093770119999959, -29.806151959999955 ], [ -57.09381529999996, -29.806341099999962 ], [ -57.09386475999996, -29.806530419999948 ], [ -57.093919489999962, -29.806718949999958 ], [ -57.093979209999958, -29.806905269999945 ], [ -57.094044139999959, -29.807088239999953 ], [ -57.094114219999959, -29.80727158999996 ], [ -57.094186939999958, -29.807455879999956 ], [ -57.094261149999959, -29.807641149999949 ], [ -57.094336149999968, -29.807827549999949 ], [ -57.094410439999962, -29.808015139999942 ], [ -57.094484739999956, -29.808202549999951 ], [ -57.094560419999958, -29.808390269999951 ], [ -57.094635779999962, -29.808577959999955 ], [ -57.094710709999958, -29.808765809999944 ], [ -57.094785989999956, -29.808953089999957 ], [ -57.09486075999996, -29.809141619999956 ], [ -57.094936, -29.809330829999947 ], [ -57.09501214999996, -29.809520959999958 ], [ -57.095088809999964, -29.809712099999956 ], [ -57.095166259999957, -29.809903749999961 ], [ -57.095243, -29.810094709999948 ], [ -57.095319279999963, -29.810285659999959 ], [ -57.095396759999957, -29.810478189999955 ], [ -57.095474299999957, -29.810672409999956 ], [ -57.095553379999956, -29.810868539999948 ], [ -57.095633229999962, -29.811065059999947 ], [ -57.09571315999996, -29.811261859999952 ], [ -57.09579319999996, -29.811460309999955 ], [ -57.095873779999962, -29.811659329999955 ], [ -57.095952779999962, -29.81185754999996 ], [ -57.09603081999996, -29.812054969999959 ], [ -57.096107919999966, -29.812251449999955 ], [ -57.096182809999959, -29.812445729999958 ], [ -57.096259149999959, -29.812637289999966 ], [ -57.096335859999961, -29.812823099999957 ], [ -57.09640849999996, -29.81300368999996 ], [ -57.09647968999996, -29.813180089999953 ], [ -57.096547959999967, -29.813357869999955 ], [ -57.096618319999962, -29.813534969999949 ], [ -57.09668913999996, -29.813709759999952 ], [ -57.096757379999957, -29.813879619999955 ], [ -57.096821339999963, -29.814043249999962 ], [ -57.096880589999962, -29.814200719999949 ], [ -57.096937199999957, -29.814352489999948 ], [ -57.096996269999956, -29.81450026999995 ], [ -57.097057439999958, -29.814646209999953 ], [ -57.097118569999957, -29.814791119999967 ], [ -57.097177409999958, -29.814935129999956 ], [ -57.097235309999959, -29.815077669999944 ], [ -57.097292719999956, -29.815217739999952 ], [ -57.09735219999996, -29.815356079999951 ], [ -57.097410629999956, -29.815494579999957 ], [ -57.09746717999996, -29.815632599999944 ], [ -57.09752274999996, -29.815769279999945 ], [ -57.097577079999958, -29.815903979999955 ], [ -57.097632539999957, -29.816037179999949 ], [ -57.097684979999961, -29.816169819999953 ], [ -57.097736389999959, -29.816300719999944 ], [ -57.097789119999959, -29.816428729999952 ], [ -57.097840689999963, -29.81655630999995 ], [ -57.097893589999956, -29.816682309999955 ], [ -57.097947189999957, -29.81680602999996 ], [ -57.098000089999957, -29.816929129999952 ], [ -57.09805019999996, -29.817052319999963 ], [ -57.09809948999996, -29.817176489999955 ], [ -57.09814800999996, -29.817302529999971 ], [ -57.098194659999962, -29.817431379999956 ], [ -57.098238919999957, -29.817561509999955 ], [ -57.098286749999957, -29.817690519999957 ], [ -57.098339979999956, -29.817818829999968 ], [ -57.098395689999968, -29.817946459999959 ], [ -57.098449619999961, -29.818072479999962 ], [ -57.098500049999956, -29.818195729999953 ], [ -57.098546239999962, -29.818318979999958 ], [ -57.09859742999997, -29.81844030999995 ], [ -57.098649319999957, -29.818561989999957 ], [ -57.098700479999962, -29.818683839999952 ], [ -57.098750909999957, -29.818806489999965 ], [ -57.098802029999959, -29.818932349999951 ], [ -57.098853799999965, -29.81906217999995 ], [ -57.098905429999959, -29.819194269999944 ], [ -57.09895713999996, -29.819326219999962 ], [ -57.099009369999962, -29.819457099999951 ], [ -57.099062709999956, -29.819585749999955 ], [ -57.099114239999956, -29.819708959999954 ], [ -57.099162309999961, -29.819824909999955 ], [ -57.09920814999996, -29.819935939999947 ], [ -57.09925254999996, -29.820041819999958 ], [ -57.09929427999996, -29.820142489999956 ], [ -57.09933464999996, -29.820239349999955 ], [ -57.099372719999963, -29.820330219999956 ], [ -57.099408169999968, -29.820414599999953 ], [ -57.099440899999962, -29.820492779999949 ], [ -57.099469659999968, -29.820559929999959 ], [ -57.099494299999961, -29.820611659999958 ], [ -57.099518819999957, -29.820657799999942 ], [ -57.099542739999961, -29.82070029999996 ], [ -57.099562539999958, -29.820738039999956 ], [ -57.099576699999957, -29.82076922999995 ], [ -57.099586789999968, -29.82079343999996 ], [ -57.099592159999958, -29.820805949999954 ], [ -57.099593759999962, -29.820807809999959 ], [ -57.099595249999958, -29.820812649999947 ], [ -57.099599289999958, -29.820829879999952 ], [ -57.099601589999956, -29.820853919999955 ], [ -57.099603849999959, -29.82088025999996 ], [ -57.099608319999959, -29.82090739999995 ], [ -57.099615789999959, -29.820933099999948 ], [ -57.099625629999956, -29.820959839999951 ], [ -57.099635359999958, -29.820983599999959 ], [ -57.09963975999996, -29.820994529999957 ], [ -57.099644159999961, -29.821005459999942 ], [ -57.099653719999957, -29.821028989999942 ], [ -57.099664969999957, -29.821056519999953 ], [ -57.099673779999961, -29.821078719999953 ], [ -57.099677559999961, -29.821088239999959 ], [ -57.099690719999963, -29.821123839999959 ], [ -57.099705909999962, -29.82116575999995 ], [ -57.099724759999958, -29.821214249999951 ], [ -57.099746189999962, -29.821269499999957 ], [ -57.099772239999965, -29.821330549999956 ], [ -57.099801849999956, -29.821398929999955 ], [ -57.099833689999961, -29.821474629999951 ], [ -57.099866579999961, -29.821556739999956 ], [ -57.09990151999996, -29.821643509999962 ], [ -57.09993792999996, -29.821735519999958 ], [ -57.099973099999957, -29.821828089999951 ], [ -57.100010359999956, -29.821924 ], [ -57.10004998999996, -29.822024709999951 ], [ -57.10009266999996, -29.822129129999954 ], [ -57.100137489999959, -29.822237469999948 ], [ -57.100182119999957, -29.822349239999959 ], [ -57.100228399999956, -29.822467249999956 ], [ -57.100277639999959, -29.822591679999952 ], [ -57.100329969999962, -29.822721509999958 ], [ -57.100384949999956, -29.82285635999996 ], [ -57.100440879999958, -29.822996049999951 ], [ -57.100498159999958, -29.823138569999958 ], [ -57.100555229999962, -29.82328105999995 ], [ -57.100611949999958, -29.823422569999956 ], [ -57.100669399999958, -29.823565969999951 ], [ -57.100727339999956, -29.823709379999958 ], [ -57.10078620999996, -29.823853529999951 ], [ -57.100845489999962, -29.823998439999947 ], [ -57.100904659999962, -29.824144429999951 ], [ -57.100962789999961, -29.824291239999948 ], [ -57.101021069999959, -29.824438859999951 ], [ -57.101080269999962, -29.824586309999951 ], [ -57.10113933999996, -29.824735439999955 ], [ -57.101198939999961, -29.824885379999944 ], [ -57.101259779999957, -29.825036 ], [ -57.101321, -29.82518793999995 ], [ -57.10138235999996, -29.825340669999949 ], [ -57.101444609999959, -29.825492179999944 ], [ -57.10150361999996, -29.825636439999954 ], [ -57.101557919999962, -29.825771639999957 ], [ -57.101609769999961, -29.825898989999949 ], [ -57.101658649999962, -29.826020409999952 ], [ -57.101705039999956, -29.826134779999943 ], [ -57.101748249999957, -29.826240929999951 ], [ -57.101788119999959, -29.826336139999956 ], [ -57.10182341999996, -29.826419209999941 ], [ -57.101854569999958, -29.826493019999955 ], [ -57.101882739999958, -29.82655947999995 ], [ -57.101908829999957, -29.826621549999956 ], [ -57.101934529999959, -29.826682199999944 ], [ -57.101960679999962, -29.826743 ], [ -57.101987379999962, -29.82680489999996 ], [ -57.102014519999962, -29.826867569999951 ], [ -57.102042229999959, -29.826930959999956 ], [ -57.10207057999996, -29.826995319999956 ], [ -57.102100169999957, -29.827063229999954 ], [ -57.102130829999957, -29.827136159999949 ], [ -57.10216374999996, -29.827212659999951 ], [ -57.102198739999956, -29.827294109999958 ], [ -57.102237129999956, -29.827377679999952 ], [ -57.102276979999957, -29.827465069999949 ], [ -57.102318, -29.827555549999961 ], [ -57.102358559999956, -29.827646289999944 ], [ -57.102399949999956, -29.827738 ], [ -57.102442439999962, -29.827831619999959 ], [ -57.102485449999961, -29.827925879999963 ], [ -57.102527809999962, -29.828020399999957 ], [ -57.102569929999959, -29.828112879999953 ], [ -57.102611929999959, -29.828203 ], [ -57.10265349999996, -29.82829282999996 ], [ -57.102696249999958, -29.828381689999947 ], [ -57.102739059999962, -29.828471459999953 ], [ -57.102780729999964, -29.828559389999949 ], [ -57.102821259999956, -29.828644879999956 ], [ -57.102859659999957, -29.82872719999995 ], [ -57.102897379999959, -29.828807989999945 ], [ -57.102934679999962, -29.828891599999963 ], [ -57.102973039999959, -29.828975499999945 ], [ -57.103011959999961, -29.829059539999953 ], [ -57.103051169999965, -29.82914373999995 ], [ -57.10309034999996, -29.829228829999956 ], [ -57.103129839999959, -29.829315729999959 ], [ -57.103170379999959, -29.829403419999956 ], [ -57.103211369999961, -29.829491719999954 ], [ -57.103252529999956, -29.829580199999953 ], [ -57.103290579999957, -29.829669059999954 ], [ -57.103326309999957, -29.829757839999949 ], [ -57.103363919999957, -29.829844209999955 ], [ -57.103404889999958, -29.829927819999959 ], [ -57.103446239999961, -29.830007109999958 ], [ -57.103486389999965, -29.830084369999952 ], [ -57.103524349999958, -29.830163279999965 ], [ -57.103561799999959, -29.830244479999948 ], [ -57.103599369999962, -29.830323869999951 ], [ -57.10363569999997, -29.830403129999947 ], [ -57.103672629999956, -29.830484519999949 ], [ -57.103710509999956, -29.830568139999954 ], [ -57.103750169999962, -29.830653509999955 ], [ -57.103790829999959, -29.830741019999959 ], [ -57.103831769999964, -29.830830519999953 ], [ -57.103874129999959, -29.83092030999995 ], [ -57.103916329999961, -29.831012059999964 ], [ -57.103959629999956, -29.831104749999955 ], [ -57.104003529999957, -29.831198639999954 ], [ -57.104047849999958, -29.831291419999967 ], [ -57.104089959999961, -29.831384749999962 ], [ -57.104131399999957, -29.83147917999996 ], [ -57.10417788999996, -29.831572319999953 ], [ -57.104225159999956, -29.831666169999949 ], [ -57.104273219999968, -29.831760799999952 ], [ -57.104320059999957, -29.831856129999956 ], [ -57.10436569999996, -29.831951319999959 ], [ -57.104410029999961, -29.832047109999952 ], [ -57.10445251999996, -29.832143549999945 ], [ -57.104494719999963, -29.83223943999996 ], [ -57.104538079999962, -29.832335639999958 ], [ -57.104582309999962, -29.832431289999956 ], [ -57.104626849999967, -29.832527489999951 ], [ -57.10467184999996, -29.832623939999959 ], [ -57.104714929999957, -29.832720579999954 ], [ -57.10475634999996, -29.832817399999968 ], [ -57.104798299999956, -29.832913869999953 ], [ -57.104842809999958, -29.833012659999966 ], [ -57.10489074999996, -29.833115749999955 ], [ -57.10494038999996, -29.833223809999957 ], [ -57.104992009999961, -29.833336819999953 ], [ -57.105046579999964, -29.83345407999996 ], [ -57.105103939999957, -29.833576879999949 ], [ -57.105165049999961, -29.833704119999961 ], [ -57.105228739999959, -29.833838149999959 ], [ -57.105294459999961, -29.83397788999995 ], [ -57.105361639999963, -29.834121189999955 ], [ -57.10542841999996, -29.834264939999965 ], [ -57.105497259999964, -29.83441173999995 ], [ -57.10556813999996, -29.83456286999996 ], [ -57.105640849999958, -29.834716469999957 ], [ -57.105713659999964, -29.83487420999996 ], [ -57.105787589999956, -29.835034249999953 ], [ -57.105862409999958, -29.835197099999952 ], [ -57.105937379999958, -29.835362369999959 ], [ -57.106012989999961, -29.835527589999952 ], [ -57.106089269999956, -29.835693899999949 ], [ -57.106167219999961, -29.83586007999995 ], [ -57.10624509999996, -29.836025299999953 ], [ -57.106322749999961, -29.836191099999951 ], [ -57.106399889999956, -29.836356399999961 ], [ -57.106476389999962, -29.836521299999955 ], [ -57.106552589999957, -29.836685029999948 ], [ -57.106627989999957, -29.836848329999953 ], [ -57.106703629999963, -29.837010609999954 ], [ -57.106779489999958, -29.837171349999959 ], [ -57.106853799999961, -29.837330629999954 ], [ -57.10692643999996, -29.837486389999956 ], [ -57.106997089999957, -29.837638049999953 ], [ -57.107066429999961, -29.837784869999957 ], [ -57.107133669999961, -29.837928119999958 ], [ -57.107198039999957, -29.838065129999954 ], [ -57.107259099999958, -29.838195 ], [ -57.107316769999962, -29.83831548999995 ], [ -57.107369719999966, -29.838424969999949 ], [ -57.107415479999958, -29.838520899999963 ], [ -57.107454449999956, -29.838602489999957 ], [ -57.107488569999958, -29.838667209999951 ], [ -57.107519669999959, -29.838717919999951 ], [ -57.107547989999958, -29.838761459999947 ], [ -57.107570819999957, -29.838801609999951 ], [ -57.107587419999959, -29.83883533999996 ], [ -57.107600769999962, -29.838864359999956 ], [ -57.107612569999958, -29.83888944999995 ], [ -57.107622119999959, -29.838909609999956 ], [ -57.107629149999958, -29.838924479999953 ], [ -57.107630089999958, -29.83892933999995 ], [ -57.107632799999962, -29.838935709999955 ], [ -57.107635769999959, -29.838949329999963 ], [ -57.107638319999957, -29.838964859999951 ], [ -57.107639549999959, -29.838981789999956 ], [ -57.107642409999961, -29.839002119999961 ], [ -57.107647799999967, -29.839026689999958 ], [ -57.107654909999958, -29.839048619999961 ], [ -57.107662549999958, -29.83906689999996 ], [ -57.107669409999957, -29.839081929999953 ], [ -57.107674739999958, -29.839094039999953 ], [ -57.107675329999964, -29.83909537999995 ], [ -57.10768069999996, -29.83910718999995 ], [ -57.10768867999996, -29.839122159999956 ], [ -57.107698359999958, -29.839144329999961 ], [ -57.107710689999962, -29.839169689999956 ], [ -57.107723399999962, -29.839195869999951 ], [ -57.107734769999958, -29.839220749999953 ], [ -57.107745719999961, -29.839243959999955 ], [ -57.107754399999962, -29.839263239999955 ], [ -57.10776124999996, -29.83927773999995 ], [ -57.107761879999956, -29.839279039999948 ], [ -57.107767539999962, -29.839290709999954 ], [ -57.107773929999958, -29.839303519999948 ], [ -57.10778305999996, -29.839323319999952 ], [ -57.107797689999963, -29.839353459999952 ], [ -57.10781809999996, -29.839395 ], [ -57.107839729999959, -29.839440739999951 ], [ -57.107864519999957, -29.839493249999965 ], [ -57.10789194999996, -29.839553279999951 ], [ -57.107923489999969, -29.839620969999956 ], [ -57.107959389999962, -29.83969762999995 ], [ -57.107999589999956, -29.839783119999964 ], [ -57.108040679999959, -29.839871519999953 ], [ -57.10808207999996, -29.83996401999995 ], [ -57.108125429999959, -29.840061549999952 ], [ -57.10817087999996, -29.840164879999961 ], [ -57.108216179999957, -29.840274579999949 ], [ -57.108262169999961, -29.840391049999962 ], [ -57.108307649999965, -29.84051236999996 ], [ -57.10835292999996, -29.840636729999954 ], [ -57.108396359999958, -29.840763629999948 ], [ -57.10843545999996, -29.840892359999952 ], [ -57.10847203999996, -29.841021969999943 ], [ -57.10850621999996, -29.841152329999961 ], [ -57.108539569999962, -29.841283209999951 ], [ -57.108570739999962, -29.841415039999944 ], [ -57.108600589999959, -29.841547449999958 ], [ -57.108628569999958, -29.841680089999954 ], [ -57.108654549999962, -29.841813099999953 ], [ -57.108677059999962, -29.841945719999956 ], [ -57.108697279999959, -29.842077129999957 ], [ -57.108714729999967, -29.842207529999953 ], [ -57.108731, -29.842336569999954 ], [ -57.108744409999957, -29.842464699999944 ], [ -57.108756569999962, -29.84259344999996 ], [ -57.108769709999962, -29.842722679999959 ], [ -57.108782809999958, -29.842852989999958 ], [ -57.10879716999996, -29.84298273999995 ], [ -57.108808779999961, -29.843113519999953 ], [ -57.108820919999957, -29.843243479999948 ], [ -57.108833, -29.843372519999953 ], [ -57.10884508999996, -29.843500759999959 ], [ -57.108857649999962, -29.843628609999953 ], [ -57.10887058999996, -29.843756659999954 ], [ -57.108882729999962, -29.84388491999994 ], [ -57.108895, -29.844014 ], [ -57.108907339999959, -29.84414288999994 ], [ -57.10892065999996, -29.844271659999951 ], [ -57.108934719999958, -29.844400389999947 ], [ -57.108944579999964, -29.844530889999966 ], [ -57.108958069999957, -29.844660979999951 ], [ -57.108969919999957, -29.844791089999948 ], [ -57.108981339999957, -29.844919719999961 ], [ -57.108992949999958, -29.845045959999961 ], [ -57.109003859999966, -29.845171419999957 ], [ -57.109014859999959, -29.845296889999961 ], [ -57.10902619999996, -29.845422619999947 ], [ -57.109037579999956, -29.845548919999956 ], [ -57.109049519999957, -29.845675309999947 ], [ -57.109061339999968, -29.8458 ], [ -57.109074259999957, -29.845921949999973 ], [ -57.109085849999957, -29.846042569999959 ], [ -57.109099139999962, -29.846161119999948 ], [ -57.109111159999969, -29.846278239999954 ], [ -57.109123059999959, -29.846393569999957 ], [ -57.109133519999958, -29.846507969999955 ], [ -57.109143069999959, -29.846621499999948 ], [ -57.109153919999962, -29.846735679999956 ], [ -57.109165269999956, -29.846853419999956 ], [ -57.109177259999967, -29.846974709999948 ], [ -57.109189379999961, -29.847099809999957 ], [ -57.109200819999963, -29.847228019999957 ], [ -57.109211909999956, -29.847358909999954 ], [ -57.109223919999963, -29.847492099999947 ], [ -57.109236409999959, -29.847627709999955 ], [ -57.109249519999956, -29.847766469999964 ], [ -57.109262089999959, -29.847907109999948 ], [ -57.109275059999959, -29.848049509999953 ], [ -57.109288979999967, -29.848196399999953 ], [ -57.10930331999996, -29.848347399999962 ], [ -57.10931774999996, -29.848503039999951 ], [ -57.109331069999961, -29.848661599999954 ], [ -57.10934454999996, -29.848818329999968 ], [ -57.109357199999963, -29.848977689999948 ], [ -57.10937076999997, -29.849139899999948 ], [ -57.109385619999962, -29.849305389999959 ], [ -57.109402709999969, -29.849473439999954 ], [ -57.109421609999956, -29.849643789999963 ], [ -57.10944063999996, -29.84981693999995 ], [ -57.109458739999958, -29.849991699999958 ], [ -57.109475179999961, -29.850167519999953 ], [ -57.109491189999957, -29.85034459999995 ], [ -57.10950847999996, -29.850522009999953 ], [ -57.109525639999958, -29.850699799999955 ], [ -57.109543889999962, -29.850877279999956 ], [ -57.109561339999956, -29.851054629999954 ], [ -57.109576769999961, -29.85123229999995 ], [ -57.109589509999957, -29.851409449999945 ], [ -57.109598469999959, -29.851586519999948 ], [ -57.109606269999958, -29.851763639999952 ], [ -57.109610359999962, -29.851940659999951 ], [ -57.109611869999966, -29.852118119999954 ], [ -57.109610909999958, -29.852296219999957 ], [ -57.109609109999958, -29.852474179999962 ], [ -57.109604459999957, -29.852651699999953 ], [ -57.10959675999996, -29.85282907999995 ], [ -57.109586579999956, -29.853006859999947 ], [ -57.109573729999958, -29.853184979999952 ], [ -57.10955965999996, -29.853364 ], [ -57.109544929999956, -29.853544409999955 ], [ -57.109528949999962, -29.853726759999947 ], [ -57.109512509999959, -29.853909799999958 ], [ -57.109496769999957, -29.854091859999958 ], [ -57.109481879999969, -29.854273269999954 ], [ -57.109466799999964, -29.854454629999964 ], [ -57.109451709999959, -29.854638389999966 ], [ -57.10943642999996, -29.854825249999951 ], [ -57.109420209999961, -29.855014759999953 ], [ -57.10940405999996, -29.855207389999958 ], [ -57.109388529999961, -29.855402089999959 ], [ -57.10937279999996, -29.855599339999948 ], [ -57.109356089999956, -29.855797669999951 ], [ -57.109339869999957, -29.855996929999954 ], [ -57.109323809999957, -29.856197109999954 ], [ -57.109308319999961, -29.856398179999964 ], [ -57.109292489999959, -29.856599929999952 ], [ -57.109274889999959, -29.85680226999996 ], [ -57.109253629999969, -29.857003749999954 ], [ -57.109234249999957, -29.857203219999956 ], [ -57.109219659999965, -29.857397109999948 ], [ -57.109208939999959, -29.857575349999959 ], [ -57.109197039999962, -29.857737879999949 ], [ -57.109182969999956, -29.857894909999956 ], [ -57.109166389999956, -29.858049129999952 ], [ -57.10914625999996, -29.858202079999948 ], [ -57.109131459999958, -29.858357159999965 ], [ -57.10912246999996, -29.858514339999957 ], [ -57.109110149999964, -29.85867410999996 ], [ -57.109097009999957, -29.858836089999961 ], [ -57.109083659999961, -29.859000719999944 ], [ -57.109070989999957, -29.859167739999965 ], [ -57.109058209999958, -29.859336879999962 ], [ -57.109044349999962, -29.859507699999952 ], [ -57.109029539999959, -29.85967954999996 ], [ -57.109013849999961, -29.859852609999958 ], [ -57.108998029999967, -29.860026309999952 ], [ -57.108981789999959, -29.860200409999955 ], [ -57.108964499999956, -29.860376249999955 ], [ -57.108948179999956, -29.860552379999945 ], [ -57.108934299999959, -29.860728709999957 ], [ -57.108923329999961, -29.860904619999957 ], [ -57.108915739999958, -29.861080689999948 ], [ -57.108910279999961, -29.861256679999954 ], [ -57.108908279999959, -29.861432319999953 ], [ -57.108908779999958, -29.861607769999967 ], [ -57.108912989999958, -29.861783079999952 ], [ -57.10892039999996, -29.861958329999947 ], [ -57.108929969999956, -29.862133489999948 ], [ -57.108940629999957, -29.86230843999995 ], [ -57.108954759999961, -29.86248305999996 ], [ -57.108972, -29.862657359999965 ], [ -57.108992909999962, -29.862831449999952 ], [ -57.10901718999996, -29.863004909999958 ], [ -57.109044169999962, -29.863178199999954 ], [ -57.109074399999969, -29.863350909999951 ], [ -57.109111609999957, -29.863520889999954 ], [ -57.109149589999959, -29.863692719999953 ], [ -57.10919065999996, -29.863861949999968 ], [ -57.109234549999961, -29.86403029999995 ], [ -57.109279489999956, -29.86419703999994 ], [ -57.10932702999996, -29.864362129999957 ], [ -57.109377849999959, -29.864526289999958 ], [ -57.109430629999963, -29.864688339999947 ], [ -57.109484079999966, -29.86484934999995 ], [ -57.109538179999959, -29.865009949999958 ], [ -57.109591379999969, -29.865169679999951 ], [ -57.109643869999957, -29.865329009999964 ], [ -57.109695499999958, -29.865488099999951 ], [ -57.109746739999956, -29.865647249999956 ], [ -57.109799439999961, -29.865805669999951 ], [ -57.10985189999996, -29.865965049999954 ], [ -57.109904859999958, -29.866125259999947 ], [ -57.109958769999956, -29.866286389999953 ], [ -57.110013379999963, -29.866447869999963 ], [ -57.110067739999963, -29.866610309999956 ], [ -57.110122, -29.866774509999949 ], [ -57.110176969999962, -29.866939299999949 ], [ -57.11023181999996, -29.867105579999954 ], [ -57.110284559999961, -29.867272399999948 ], [ -57.110336829999959, -29.867438799999952 ], [ -57.110390729999956, -29.867603949999967 ], [ -57.110446709999962, -29.867768469999959 ], [ -57.110502639999957, -29.867933139999952 ], [ -57.110558309999959, -29.868097849999952 ], [ -57.110613089999966, -29.86826360999995 ], [ -57.110668639999957, -29.868429929999955 ], [ -57.110724249999961, -29.868595959999954 ], [ -57.110780109999958, -29.868761479999954 ], [ -57.110834969999956, -29.868926859999959 ], [ -57.110889429999958, -29.869091729999962 ], [ -57.11094372999996, -29.869255899999953 ], [ -57.110997549999958, -29.869419369999957 ], [ -57.111051089999961, -29.869581949999951 ], [ -57.111105239999958, -29.869743739999951 ], [ -57.111158189999962, -29.869904579999954 ], [ -57.111211269999956, -29.87006528999995 ], [ -57.111265349999961, -29.870226259999953 ], [ -57.111319929999958, -29.870387469999951 ], [ -57.111373779999958, -29.870548439999954 ], [ -57.11142746999996, -29.870709169999952 ], [ -57.111479739999957, -29.870869729999949 ], [ -57.11153155999996, -29.871029939999957 ], [ -57.111583239999959, -29.871189569999959 ], [ -57.111634939999959, -29.871348859999944 ], [ -57.111687489999959, -29.871508709999954 ], [ -57.111739879999959, -29.871669599999951 ], [ -57.111792539999968, -29.871830669999948 ], [ -57.111845989999956, -29.871992899999963 ], [ -57.111899209999962, -29.87215554999997 ], [ -57.111953709999959, -29.872318569999958 ], [ -57.112007, -29.872482839999961 ], [ -57.112060449999959, -29.872646879999959 ], [ -57.112114599999963, -29.872810909999952 ], [ -57.11216935999996, -29.872974649999964 ], [ -57.112223879999959, -29.873138809999947 ], [ -57.112278769999961, -29.873303529999955 ], [ -57.112333539999959, -29.87346895999994 ], [ -57.112387779999956, -29.873634659999954 ], [ -57.112442379999962, -29.87379952999995 ], [ -57.112497299999958, -29.873963289999963 ], [ -57.112552149999956, -29.874125709999955 ], [ -57.112605699999968, -29.874286939999955 ], [ -57.112658439999962, -29.87444708999994 ], [ -57.11271062999996, -29.874606099999948 ], [ -57.112761489999961, -29.874760289999944 ], [ -57.112809119999959, -29.874902979999963 ], [ -57.11285387999996, -29.875035739999948 ], [ -57.112896249999956, -29.875159219999958 ], [ -57.112937479999957, -29.875278689999949 ], [ -57.11297633999996, -29.875393379999959 ], [ -57.113012429999962, -29.875501659999962 ], [ -57.113045949999957, -29.875602939999954 ], [ -57.113075509999959, -29.87569241999995 ], [ -57.113102269999956, -29.87577054999996 ], [ -57.113125899999957, -29.875835809999945 ], [ -57.113147799999957, -29.87589121999995 ], [ -57.113168209999962, -29.875934639999954 ], [ -57.113186509999956, -29.875968739999955 ], [ -57.113202429999959, -29.875998209999945 ], [ -57.11321540999996, -29.876024129999948 ], [ -57.113224269999961, -29.876045589999958 ], [ -57.113230629999961, -29.876062989999951 ], [ -57.113234379999959, -29.876074229999951 ], [ -57.113235359999962, -29.876077679999952 ], [ -57.113235819999957, -29.876080959999964 ], [ -57.113237509999962, -29.876089909999955 ], [ -57.11323842999996, -29.876104539999957 ], [ -57.113236289999961, -29.876121749999957 ], [ -57.113234829999961, -29.876144909999962 ], [ -57.113235979999963, -29.876167239999951 ], [ -57.113238779999961, -29.876191199999951 ], [ -57.113244129999956, -29.876215369999944 ], [ -57.113250839999957, -29.876238009999952 ], [ -57.113257309999959, -29.876257139999947 ], [ -57.113262889999959, -29.876274939999959 ], [ -57.113267559999969, -29.87628919999996 ], [ -57.113271669999961, -29.876299269999961 ], [ -57.113272, -29.876300209999958 ], [ -57.11327492999996, -29.876308609999949 ], [ -57.113281239999957, -29.876325899999951 ], [ -57.113291429999961, -29.87635705999995 ], [ -57.113306039999962, -29.87640158999994 ], [ -57.113321499999962, -29.876449119999958 ], [ -57.113337819999963, -29.876500279999956 ], [ -57.113353039999957, -29.876549119999961 ], [ -57.113367639999957, -29.876592409999958 ], [ -57.113380499999963, -29.876631469999953 ], [ -57.113392009999956, -29.876665069999941 ], [ -57.113400149999961, -29.876689989999957 ], [ -57.113404279999962, -29.876702069999961 ], [ -57.113406039999958, -29.876707239999948 ], [ -57.113411429999957, -29.876721669999952 ], [ -57.113418269999961, -29.876742089999958 ], [ -57.113429199999956, -29.876775049999956 ], [ -57.113445169999956, -29.876822939999954 ], [ -57.113462129999959, -29.876874699999952 ], [ -57.113482019999957, -29.87693658999995 ], [ -57.113505359999962, -29.877007399999957 ], [ -57.113532099999958, -29.877087969999952 ], [ -57.113562859999959, -29.877176079999948 ], [ -57.113595519999961, -29.877272639999962 ], [ -57.113627829999956, -29.87737020999996 ], [ -57.113659029999958, -29.877470569999954 ], [ -57.113692319999956, -29.877574199999952 ], [ -57.113727619999956, -29.877681299999946 ], [ -57.113764239999966, -29.877791679999962 ], [ -57.113802049999961, -29.877904899999955 ], [ -57.113840659999958, -29.878020759999949 ], [ -57.113880069999958, -29.878139389999944 ], [ -57.113920749999963, -29.878260499999961 ], [ -57.113961579999959, -29.878383789999955 ], [ -57.114002709999959, -29.878507489999954 ], [ -57.114042279999957, -29.878632899999957 ], [ -57.114081569999961, -29.878756979999949 ], [ -57.114121029999957, -29.878882 ], [ -57.114159509999958, -29.879006249999943 ], [ -57.114200629999957, -29.879129439999961 ], [ -57.114242129999958, -29.879250219999957 ], [ -57.114282579999959, -29.879371659999954 ], [ -57.114322839999957, -29.879491299999959 ], [ -57.114363759999961, -29.87961132999996 ], [ -57.114404319999956, -29.879729689999955 ], [ -57.114444849999963, -29.879848779999957 ], [ -57.114486379999967, -29.879968 ], [ -57.114528079999957, -29.880089049999956 ], [ -57.114567609999959, -29.880208269999954 ], [ -57.114605739999959, -29.880326949999965 ], [ -57.11464190999996, -29.880445919999961 ], [ -57.114675949999956, -29.88056055999995 ], [ -57.114707399999958, -29.880669269999963 ], [ -57.114741969999962, -29.880771549999949 ], [ -57.114776769999956, -29.880874419999955 ], [ -57.114812299999961, -29.880973849999961 ], [ -57.114846629999967, -29.88106967999996 ], [ -57.11487960999996, -29.881163339999951 ], [ -57.114910829999957, -29.881252199999953 ], [ -57.114939679999956, -29.881335549999953 ], [ -57.114965749999961, -29.881414429999953 ], [ -57.11499, -29.881488799999957 ], [ -57.115014169999959, -29.881556039999953 ], [ -57.115036479999958, -29.88162018999995 ], [ -57.115059359999961, -29.881678299999948 ], [ -57.115083799999958, -29.881731089999956 ], [ -57.115109319999959, -29.881780519999943 ], [ -57.115130259999958, -29.881826619999963 ], [ -57.115144049999962, -29.881870569999954 ], [ -57.11515672999996, -29.881906819999944 ], [ -57.11516583999996, -29.881944039999947 ], [ -57.115176719999958, -29.881977169999953 ], [ -57.115190219999967, -29.882004729999959 ], [ -57.115196859999969, -29.882030169999965 ], [ -57.115205869999961, -29.882049339999963 ], [ -57.11520576999996, -29.882049879999951 ], [ -57.115207809999958, -29.882054839999967 ], [ -57.115211489999957, -29.882074369999955 ], [ -57.115213759999961, -29.882102889999956 ], [ -57.115216679999961, -29.882133599999946 ], [ -57.115222299999957, -29.882161679999957 ], [ -57.115228059999957, -29.882191699999957 ], [ -57.115234569999956, -29.882221379999947 ], [ -57.115241469999958, -29.882249379999951 ], [ -57.115247609999962, -29.882270279999958 ], [ -57.115252699999964, -29.882286879999953 ], [ -57.115253269999961, -29.882288719999956 ], [ -57.11525874999996, -29.882304529999949 ], [ -57.115266119999959, -29.882326329999948 ], [ -57.115276339999959, -29.882359169999948 ], [ -57.115287899999956, -29.882396989999954 ], [ -57.115298159999959, -29.882429409999947 ], [ -57.115306119999957, -29.88245297999995 ], [ -57.115311809999959, -29.882470279999961 ], [ -57.115314289999958, -29.882478949999967 ], [ -57.115316759999956, -29.882487609999949 ], [ -57.115325359999957, -29.88251205999995 ], [ -57.115338369999961, -29.882549069999953 ], [ -57.115353199999959, -29.882593399999958 ], [ -57.115369629999961, -29.882641609999958 ], [ -57.11538679999996, -29.882697719999957 ], [ -57.11540817999996, -29.88275013999996 ], [ -57.115427629999957, -29.882806169999956 ], [ -57.115447479999958, -29.882858329999948 ], [ -57.115467, -29.88291038999995 ], [ -57.115485329999956, -29.882955279999962 ], [ -57.115501309999956, -29.882994679999957 ], [ -57.115515879999961, -29.883027909999953 ], [ -57.11552659999996, -29.883055229999954 ], [ -57.115534789999963, -29.88307840999995 ], [ -57.115541669999956, -29.883099019999953 ], [ -57.115550079999963, -29.88311219999996 ], [ -57.11555544999996, -29.883124029999951 ], [ -57.115560759999958, -29.883132839999952 ], [ -57.115568389999957, -29.883147759999961 ], [ -57.115572699999959, -29.883160449999959 ], [ -57.115575279999959, -29.883170609999951 ], [ -57.115575219999961, -29.88317183999995 ], [ -57.115575759999956, -29.883181289999953 ], [ -57.115574839999958, -29.883196109999957 ], [ -57.115574119999962, -29.883211889999966 ], [ -57.11557365999996, -29.883231329999955 ], [ -57.115576039999958, -29.883257939999961 ], [ -57.115582699999962, -29.883282339999948 ], [ -57.115587839999961, -29.883304059999958 ], [ -57.115592889999967, -29.883321629999948 ], [ -57.115598179999957, -29.883334929999961 ], [ -57.115601769999962, -29.883346249999953 ], [ -57.11560542999996, -29.883356949999953 ], [ -57.115610489999959, -29.883371919999966 ], [ -57.11561685999996, -29.883389329999961 ], [ -57.115622909999956, -29.883406859999951 ], [ -57.115628459999961, -29.883424219999949 ], [ -57.115635769999962, -29.883445289999955 ], [ -57.115643619999958, -29.883472139999952 ], [ -57.115652529999956, -29.88350103999996 ], [ -57.115660789999964, -29.883530049999948 ], [ -57.115669269999962, -29.88355768999995 ], [ -57.115677199999958, -29.883586059999953 ], [ -57.115686749999959, -29.883614059999957 ], [ -57.115695789999961, -29.88364350999996 ], [ -57.115705509999962, -29.883672269999948 ], [ -57.11570641999996, -29.883674949999957 ], [ -57.11571457999996, -29.883699049999962 ], [ -57.115723069999966, -29.883723469999968 ], [ -57.115731899999957, -29.883748389999948 ], [ -57.115740679999959, -29.883773059999957 ], [ -57.115748009999969, -29.883795199999955 ], [ -57.115754779999961, -29.883815799999951 ], [ -57.115761149999962, -29.883834599999954 ], [ -57.115767919999961, -29.883851489999941 ], [ -57.11577297999996, -29.883866479999948 ], [ -57.115773509999961, -29.883868009999958 ], [ -57.115778259999956, -29.883881769999956 ], [ -57.115785829999957, -29.883902619999965 ], [ -57.115796229999958, -29.883934159999967 ], [ -57.11580973999996, -29.883974479999964 ], [ -57.115822779999959, -29.884017409999959 ], [ -57.115837779999957, -29.884065539999952 ], [ -57.115854849999963, -29.884118419999957 ], [ -57.115876309999962, -29.884176269999962 ], [ -57.115898839999957, -29.884238469999953 ], [ -57.115920929999959, -29.884303049999957 ], [ -57.115942169999961, -29.884369709999952 ], [ -57.115964079999962, -29.884435679999942 ], [ -57.115984729999958, -29.884497269999958 ], [ -57.116005049999956, -29.884555679999959 ], [ -57.11602579999996, -29.884618269999955 ], [ -57.116049339999961, -29.884685739999952 ], [ -57.116084179999959, -29.884751299999955 ], [ -57.116177379999968, -29.885007759999947 ], [ -57.116215279999956, -29.885098659999958 ], [ -57.116258029999962, -29.885194299999952 ], [ -57.116304939999957, -29.885293559999958 ], [ -57.11635504999996, -29.885397239999953 ], [ -57.116409129999958, -29.885503119999957 ], [ -57.116466849999959, -29.885610739999951 ], [ -57.116529609999965, -29.885718659999949 ], [ -57.116595979999957, -29.885826449999961 ], [ -57.116665339999962, -29.885932919999959 ], [ -57.116738119999958, -29.88603967999995 ], [ -57.116814589999962, -29.886146589999949 ], [ -57.116895519999957, -29.886254029999961 ], [ -57.116981809999956, -29.886360709999956 ], [ -57.11707236999996, -29.886468069999953 ], [ -57.117165759999956, -29.886572529999953 ], [ -57.117263129999962, -29.886674589999949 ], [ -57.117363709999957, -29.886773169999948 ], [ -57.117468639999956, -29.886869949999952 ], [ -57.11757774999996, -29.886965889999956 ], [ -57.117687729999957, -29.887058129999957 ], [ -57.117801499999956, -29.887146479999952 ], [ -57.117917969999958, -29.887235069999956 ], [ -57.118038029999958, -29.887322609999952 ], [ -57.118160439999961, -29.887410699999965 ], [ -57.118285299999961, -29.88749858999995 ], [ -57.11841126999996, -29.887585 ], [ -57.118537609999962, -29.887669749999958 ], [ -57.118662939999957, -29.887757179999952 ], [ -57.118788899999956, -29.88784384999995 ], [ -57.118916069999962, -29.887930499999964 ], [ -57.119044709999962, -29.888018029999952 ], [ -57.119174489999956, -29.888106079999954 ], [ -57.119305969999957, -29.888194639999956 ], [ -57.119438799999962, -29.888285969999956 ], [ -57.119570729999957, -29.888375179999947 ], [ -57.119704699999957, -29.888467749999958 ], [ -57.119840529999962, -29.888560869999942 ], [ -57.119978789999962, -29.888654319999972 ], [ -57.12011994999996, -29.888748719999953 ], [ -57.12026300999996, -29.88884482999995 ], [ -57.120408379999958, -29.888942399999955 ], [ -57.120555319999958, -29.889041799999962 ], [ -57.120705219999962, -29.889142879999948 ], [ -57.120855349999957, -29.889246949999947 ], [ -57.121005909999958, -29.88935131999996 ], [ -57.121157209999957, -29.889456429999967 ], [ -57.121310629999961, -29.889561799999949 ], [ -57.121464929999959, -29.889666629999954 ], [ -57.121620529999959, -29.889773729999956 ], [ -57.121776199999957, -29.88988431999995 ], [ -57.121932859999959, -29.889999439999951 ], [ -57.122091479999966, -29.890117959999959 ], [ -57.122255279999962, -29.890236209999962 ], [ -57.122423449999957, -29.890354279999951 ], [ -57.122597499999962, -29.890471249999955 ], [ -57.12277385999996, -29.890586789999951 ], [ -57.12294998999996, -29.890699199999954 ], [ -57.12312723999996, -29.890814059999965 ], [ -57.123306189999958, -29.890931159999951 ], [ -57.123486449999959, -29.891049599999949 ], [ -57.123666399999962, -29.891171299999947 ], [ -57.123847259999962, -29.891294819999967 ], [ -57.124028839999959, -29.891420079999961 ], [ -57.124211709999962, -29.891545479999948 ], [ -57.124397399999957, -29.891668659999951 ], [ -57.124582269999962, -29.891793449999948 ], [ -57.124767319999961, -29.891919089999956 ], [ -57.12495271999996, -29.892045219999954 ], [ -57.125137139999964, -29.892172759999966 ], [ -57.125323499999958, -29.892299299999955 ], [ -57.125508769999961, -29.892425489999951 ], [ -57.125692299999962, -29.892552239999954 ], [ -57.125875379999961, -29.892677379999949 ], [ -57.126058819999962, -29.892801899999949 ], [ -57.126242619999957, -29.892924469999951 ], [ -57.126424339999957, -29.893047249999949 ], [ -57.126603519999968, -29.893172069999959 ], [ -57.126780969999956, -29.893294559999941 ], [ -57.126956909999961, -29.89341497999995 ], [ -57.12713156999996, -29.893534229999958 ], [ -57.127304449999961, -29.89365302999995 ], [ -57.127477749999969, -29.893772089999956 ], [ -57.127650739999964, -29.893889459999954 ], [ -57.127823449999958, -29.894007229999943 ], [ -57.127995279999958, -29.894127129999955 ], [ -57.128167989999959, -29.894245739999967 ], [ -57.128341129999967, -29.894364769999957 ], [ -57.128514219999957, -29.894484529999954 ], [ -57.128685739999959, -29.894604989999955 ], [ -57.12885655999996, -29.894722719999947 ], [ -57.129027469999961, -29.894839949999959 ], [ -57.129198049999957, -29.894955329999949 ], [ -57.129367339999959, -29.895070349999955 ], [ -57.12953575999996, -29.895186219999957 ], [ -57.129705729999962, -29.895301299999954 ], [ -57.12987332999996, -29.895417559999956 ], [ -57.130042109999962, -29.89553255999996 ], [ -57.130211219999957, -29.89564848999996 ], [ -57.130382279999957, -29.895762709999957 ], [ -57.130549919999964, -29.895881089999953 ], [ -57.13071852999996, -29.895996819999958 ], [ -57.130885709999959, -29.896109309999964 ], [ -57.131051959999958, -29.896221379999954 ], [ -57.131214179999965, -29.896333979999952 ], [ -57.131375669999962, -29.896444769999956 ], [ -57.131535359999958, -29.896553 ], [ -57.131692209999969, -29.896660439999948 ], [ -57.131846409999959, -29.89676714999996 ], [ -57.132000629999958, -29.896872249999959 ], [ -57.132155299999958, -29.896976039999959 ], [ -57.132308689999959, -29.897080789999954 ], [ -57.132461109999959, -29.897188459999956 ], [ -57.132613179999957, -29.897292659999945 ], [ -57.132763629999957, -29.89739486999995 ], [ -57.132912239999968, -29.897497239999961 ], [ -57.13306062999996, -29.897597989999959 ], [ -57.133208559999957, -29.897698509999945 ], [ -57.133356769999956, -29.897799049999957 ], [ -57.133503599999962, -29.897900279999948 ], [ -57.133651909999962, -29.897999979999948 ], [ -57.133799039999957, -29.898101099999955 ], [ -57.133946319999957, -29.898203429999942 ], [ -57.134093659999962, -29.898305659999956 ], [ -57.134242919999956, -29.898406539999961 ], [ -57.134391469999969, -29.89851030999996 ], [ -57.13454112999996, -29.898613499999961 ], [ -57.134692399999956, -29.898716819999951 ], [ -57.134844769999958, -29.89882058999995 ], [ -57.134998059999965, -29.898926619999958 ], [ -57.135153399999957, -29.89903058999996 ], [ -57.135309609999958, -29.899136239999958 ], [ -57.135467359999957, -29.899241799999963 ], [ -57.135623279999962, -29.899348559999964 ], [ -57.135777789999956, -29.899455249999964 ], [ -57.135932429999961, -29.899560399999949 ], [ -57.136086929999962, -29.899665339999949 ], [ -57.136240189999967, -29.899769569999957 ], [ -57.136394029999963, -29.899874239999949 ], [ -57.136547649999962, -29.899978429999951 ], [ -57.136701329999966, -29.900084139999951 ], [ -57.136855379999957, -29.90019064999996 ], [ -57.137010649999958, -29.900296069999946 ], [ -57.137166319999956, -29.90040126999995 ], [ -57.137322169999962, -29.900505259999949 ], [ -57.137477529999963, -29.900610669999967 ], [ -57.137632469999957, -29.900715729999956 ], [ -57.137787199999956, -29.900821559999958 ], [ -57.137940319999956, -29.900926089999949 ], [ -57.13809271999996, -29.901030839999947 ], [ -57.138244409999956, -29.901135119999957 ], [ -57.138393789999959, -29.901238669999959 ], [ -57.138541629999956, -29.90134259999996 ], [ -57.138689569999961, -29.901445749999951 ], [ -57.138841749999962, -29.901549809999956 ], [ -57.138989849999959, -29.901653609999958 ], [ -57.139139179999965, -29.901756829999954 ], [ -57.139288249999964, -29.901860369999955 ], [ -57.139438079999962, -29.90196227999996 ], [ -57.139587489999961, -29.90206308999996 ], [ -57.139735399999957, -29.90216400999995 ], [ -57.139884219999956, -29.902264689999946 ], [ -57.14003333999996, -29.902365029999949 ], [ -57.14017889999996, -29.902465709999952 ], [ -57.14032677999996, -29.902565469999953 ], [ -57.140471199999958, -29.902664349999952 ], [ -57.14061102999996, -29.902763919999959 ], [ -57.140751519999959, -29.902862209999956 ], [ -57.14089089999996, -29.902958649999956 ], [ -57.141028879999958, -29.903053459999963 ], [ -57.141163149999961, -29.903147259999955 ], [ -57.141296179999962, -29.90323827999995 ], [ -57.141423759999959, -29.903325979999952 ], [ -57.141546339999962, -29.903408599999956 ], [ -57.141665089999961, -29.903486399999949 ], [ -57.141777389999959, -29.903562369999953 ], [ -57.14188732999996, -29.90363853999996 ], [ -57.141996, -29.903712939999952 ], [ -57.142105679999958, -29.903787569999949 ], [ -57.142217649999957, -29.903864099999957 ], [ -57.142329599999961, -29.903941329999956 ], [ -57.142443989999961, -29.904016539999947 ], [ -57.142555209999962, -29.904092499999951 ], [ -57.142667479999957, -29.904167909999956 ], [ -57.142777249999959, -29.904243319999971 ], [ -57.142884979999963, -29.90431804999994 ], [ -57.142991909999957, -29.904390579999955 ], [ -57.143095319999958, -29.90445900999995 ], [ -57.143193449999956, -29.904527819999949 ], [ -57.143289539999969, -29.904594519999961 ], [ -57.143382759999966, -29.904659859999956 ], [ -57.14347113999996, -29.904721879999954 ], [ -57.143551189999961, -29.904777819999961 ], [ -57.143625919999963, -29.904830179999955 ], [ -57.143693889999959, -29.904879139999949 ], [ -57.143757299999969, -29.90492328999996 ], [ -57.143818789999969, -29.904962639999955 ], [ -57.143869749999958, -29.905000419999954 ], [ -57.143920779999959, -29.905030739999958 ], [ -57.14397514999996, -29.905065989999944 ], [ -57.144032649999957, -29.905103929999949 ], [ -57.144094, -29.905147029999959 ], [ -57.144158789999956, -29.90519203999996 ], [ -57.144230389999962, -29.905239879999954 ], [ -57.14430688999996, -29.905293489999959 ], [ -57.144389829999959, -29.905350629999951 ], [ -57.144470979999966, -29.905414749999959 ], [ -57.144570539999961, -29.905479919999959 ], [ -57.144676029999957, -29.905549759999957 ], [ -57.144783689999961, -29.905625139999952 ], [ -57.144897649999962, -29.905706369999958 ], [ -57.145016929999962, -29.905792839999947 ], [ -57.145138639999956, -29.905884769999968 ], [ -57.145264029999957, -29.905976269999961 ], [ -57.145398479999969, -29.906064009999955 ], [ -57.145533649999962, -29.906150129999947 ], [ -57.145669969999958, -29.906237739999955 ], [ -57.145808759999966, -29.906327379999954 ], [ -57.145949019999968, -29.906417919999967 ], [ -57.146088419999963, -29.90651207999996 ], [ -57.146226759999962, -29.906607269999963 ], [ -57.146364799999958, -29.906704389999952 ], [ -57.146504769999964, -29.906802069999955 ], [ -57.146646849999968, -29.90689942999995 ], [ -57.146790369999962, -29.906997519999951 ], [ -57.146933289999957, -29.907096169999949 ], [ -57.147077299999957, -29.907196199999955 ], [ -57.147221589999958, -29.907295159999947 ], [ -57.147362119999961, -29.907389399999957 ], [ -57.147497889999961, -29.907478629999957 ], [ -57.14762307999996, -29.907565409999961 ], [ -57.14774398999996, -29.90764968999996 ], [ -57.14786335999996, -29.907728 ], [ -57.147980639999957, -29.907801019999955 ], [ -57.148094439999959, -29.907875859999962 ], [ -57.148204899999961, -29.907951309999962 ], [ -57.148315619999963, -29.908026069999952 ], [ -57.148425129999957, -29.908100279999957 ], [ -57.148535479999957, -29.908173219999952 ], [ -57.148643649999961, -29.908247 ], [ -57.14875123999996, -29.908320089999968 ], [ -57.148857429999964, -29.908396819999957 ], [ -57.148965659999959, -29.90847421999996 ], [ -57.149080009999956, -29.908551649999961 ], [ -57.149197839999957, -29.908630039999952 ], [ -57.149319969999965, -29.908710909999954 ], [ -57.14944348999996, -29.908797509999957 ], [ -57.149569749999962, -29.908888239999964 ], [ -57.149699519999963, -29.908982749999957 ], [ -57.149834029999958, -29.909076709999962 ], [ -57.149970139999958, -29.909168899999958 ], [ -57.150106089999959, -29.909262759999951 ], [ -57.150238199999961, -29.909354569999959 ], [ -57.150368609999965, -29.90944573999996 ], [ -57.150495969999959, -29.909536449999951 ], [ -57.150620119999957, -29.909631099999949 ], [ -57.150739719999962, -29.909727 ], [ -57.150855409999956, -29.909825249999955 ], [ -57.150967199999961, -29.909923209999956 ], [ -57.151076529999962, -29.910021449999963 ], [ -57.151182849999962, -29.910118979999957 ], [ -57.151289189999957, -29.910213189999951 ], [ -57.151393019999958, -29.910309179999953 ], [ -57.151495209999965, -29.910407739999954 ], [ -57.151597309999957, -29.910512299999962 ], [ -57.151699519999958, -29.910621389999957 ], [ -57.151801669999962, -29.910734989999963 ], [ -57.151902169999957, -29.910851339999962 ], [ -57.152001939999963, -29.910970229999958 ], [ -57.15209954999996, -29.911090519999952 ], [ -57.15219812999996, -29.91120813999996 ], [ -57.152292659999958, -29.91132135999996 ], [ -57.152383469999961, -29.911432629999958 ], [ -57.152474369999958, -29.911545619999949 ], [ -57.152566149999963, -29.911661479999957 ], [ -57.152658989999964, -29.91177955999996 ], [ -57.152755309999961, -29.911897839999952 ], [ -57.152854529999956, -29.912017169999963 ], [ -57.152955189999957, -29.912138249999952 ], [ -57.153055929999958, -29.912262 ], [ -57.153157209999961, -29.912386069999954 ], [ -57.153258899999962, -29.912509689999958 ], [ -57.153360619999965, -29.91263273999995 ], [ -57.153462029999957, -29.912755889999961 ], [ -57.153564, -29.912877 ], [ -57.153662599999961, -29.912995249999959 ], [ -57.153756, -29.913110869999958 ], [ -57.15384429999996, -29.913223939999966 ], [ -57.153932109999957, -29.913333 ], [ -57.154022169999962, -29.913439359999956 ], [ -57.15411093999996, -29.913547169999951 ], [ -57.154199189999957, -29.913656989999954 ], [ -57.154288739999956, -29.913768569999949 ], [ -57.154380029999956, -29.913879639999958 ], [ -57.154471459999961, -29.913993989999948 ], [ -57.154564, -29.914108849999963 ], [ -57.154657689999958, -29.914223899999957 ], [ -57.154753229999962, -29.914340039999956 ], [ -57.154849969999958, -29.914457519999953 ], [ -57.154942949999956, -29.914578119999955 ], [ -57.155034759999957, -29.914700699999948 ], [ -57.155130499999956, -29.914822349999952 ], [ -57.155229199999958, -29.914943229999949 ], [ -57.155328879999956, -29.915066199999956 ], [ -57.155430919999958, -29.915189139999956 ], [ -57.155533169999956, -29.915312499999953 ], [ -57.155637039999959, -29.915435909999957 ], [ -57.155738219999968, -29.91556059999996 ], [ -57.155834489999961, -29.915688329999945 ], [ -57.155936849999961, -29.915813339999957 ], [ -57.156043309999959, -29.915939109999954 ], [ -57.15614886999996, -29.916066029999961 ], [ -57.15625449999996, -29.916193029999953 ], [ -57.156360629999959, -29.916321629999949 ], [ -57.156467059999962, -29.91645022999996 ], [ -57.156573749999957, -29.916579109999955 ], [ -57.156680649999956, -29.916709879999953 ], [ -57.156787969999961, -29.916840629999953 ], [ -57.156896349999968, -29.916972949999941 ], [ -57.15700453999996, -29.917107799999965 ], [ -57.157111359999959, -29.917244129999951 ], [ -57.157220189999961, -29.917380389999945 ], [ -57.157330209999962, -29.917518539999961 ], [ -57.157441509999963, -29.917657589999948 ], [ -57.15755405999996, -29.917797779999955 ], [ -57.157670029999956, -29.917938199999963 ], [ -57.157788489999959, -29.918080059999948 ], [ -57.157909319999959, -29.918225439999951 ], [ -57.158031589999965, -29.918372859999959 ], [ -57.158153559999967, -29.918521779999956 ], [ -57.158276409999957, -29.91867369999995 ], [ -57.158398209999959, -29.918824439999959 ], [ -57.158520669999959, -29.918975439999958 ], [ -57.158645, -29.919128599999958 ], [ -57.158772109999958, -29.919284469999951 ], [ -57.158900589999959, -29.91944310999995 ], [ -57.159026909999959, -29.919600249999956 ], [ -57.159148849999958, -29.919752089999953 ], [ -57.159268419999961, -29.919900159999948 ], [ -57.159387549999963, -29.92004836999995 ], [ -57.15950773999996, -29.920197119999948 ], [ -57.159629839999958, -29.920346889999951 ], [ -57.159752689999962, -29.920496769999957 ], [ -57.159874909999957, -29.920649009999956 ], [ -57.159996519999957, -29.920802939999952 ], [ -57.160120929999962, -29.920956039999957 ], [ -57.160246419999964, -29.92110785999995 ], [ -57.16037242999996, -29.921258469999952 ], [ -57.160496859999959, -29.921410219999959 ], [ -57.160621289999959, -29.921562229999957 ], [ -57.160746409999959, -29.921715079999949 ], [ -57.160870669999959, -29.921868369999952 ], [ -57.160994869999968, -29.922020819999961 ], [ -57.161118059999957, -29.922173369999964 ], [ -57.161242039999962, -29.92232489999995 ], [ -57.16136696999996, -29.922476809999949 ], [ -57.161492499999959, -29.922629709999953 ], [ -57.16162141999996, -29.922782819999952 ], [ -57.161748579999959, -29.922939139999965 ], [ -57.161875569999957, -29.923096509999951 ], [ -57.162003609999957, -29.923255589999954 ], [ -57.162132909999961, -29.923414 ], [ -57.162263829999958, -29.923572659999948 ], [ -57.162395119999964, -29.923731929999949 ], [ -57.162526729999961, -29.92389169999996 ], [ -57.162659019999957, -29.924050939999951 ], [ -57.162790849999958, -29.924209009999949 ], [ -57.162922399999957, -29.924366009999964 ], [ -57.163053989999959, -29.924526459999953 ], [ -57.163183009999962, -29.924681519999954 ], [ -57.163309929999961, -29.924835249999955 ], [ -57.163435669999956, -29.924992559999954 ], [ -57.163555129999956, -29.925152649999958 ], [ -57.163677399999962, -29.925309189999965 ], [ -57.163801919999962, -29.925465489999954 ], [ -57.163925099999958, -29.925621279999948 ], [ -57.164047559999965, -29.92577659999996 ], [ -57.16416729999996, -29.925932039999957 ], [ -57.164291259999956, -29.926081049999951 ], [ -57.164412719999959, -29.926229849999952 ], [ -57.164527, -29.926377519999956 ], [ -57.16463411999996, -29.926525119999951 ], [ -57.164747779999963, -29.926668329999949 ], [ -57.164863659999959, -29.926809129999956 ], [ -57.164978699999956, -29.926950169999959 ], [ -57.165095319999956, -29.927089249999948 ], [ -57.165214919999961, -29.92722636999995 ], [ -57.165339159999959, -29.92736097999996 ], [ -57.16546041999996, -29.927497369999955 ], [ -57.165577799999959, -29.927637879999956 ], [ -57.165692779999958, -29.927779949999952 ], [ -57.165808179999956, -29.927922829999954 ], [ -57.165922199999962, -29.928067409999954 ], [ -57.166037399999958, -29.92821161999996 ], [ -57.166154489999968, -29.928354329999959 ], [ -57.166270449999956, -29.928498839999953 ], [ -57.166386969999969, -29.928641879999958 ], [ -57.166505239999957, -29.928787329999949 ], [ -57.166623049999963, -29.928932309999954 ], [ -57.166740819999958, -29.929077799999956 ], [ -57.166858629999957, -29.929221799999951 ], [ -57.166974899999957, -29.92936459999995 ], [ -57.167089639999958, -29.929506159999949 ], [ -57.16720253999997, -29.929646729999959 ], [ -57.167316459999967, -29.929783949999962 ], [ -57.167427169999968, -29.929920499999948 ], [ -57.167535889999961, -29.930055909999961 ], [ -57.167643579999968, -29.930189889999948 ], [ -57.167749089999958, -29.93032276999995 ], [ -57.16785370999996, -29.930454309999952 ], [ -57.167959279999963, -29.930583329999958 ], [ -57.168064329999957, -29.930711189999951 ], [ -57.168167819999958, -29.930838129999952 ], [ -57.168270229999962, -29.930964179999958 ], [ -57.168371959999959, -29.931088509999949 ], [ -57.168472189999967, -29.931211919999956 ], [ -57.168571339999957, -29.931334409999952 ], [ -57.168669419999958, -29.931456239999953 ], [ -57.168769559999966, -29.931575729999953 ], [ -57.168869209999961, -29.931694469999961 ], [ -57.16896914999996, -29.931811569999951 ], [ -57.169068869999961, -29.931926989999955 ], [ -57.169167239999958, -29.932042449999944 ], [ -57.169265139999958, -29.932156409999958 ], [ -57.169362169999957, -29.93227111999996 ], [ -57.169455399999961, -29.932387169999956 ], [ -57.169547759999958, -29.932505119999945 ], [ -57.16963984999996, -29.932623929999952 ], [ -57.169734639999959, -29.932744269999947 ], [ -57.169830709999957, -29.932866259999962 ], [ -57.169927939999958, -29.93298887999995 ], [ -57.170027209999958, -29.933110889999963 ], [ -57.170129439999968, -29.933230779999956 ], [ -57.170231809999962, -29.933351509999948 ], [ -57.170334129999958, -29.933473969999955 ], [ -57.170437969999959, -29.933600769999948 ], [ -57.17054291999996, -29.933730319999956 ], [ -57.170651959999958, -29.933862809999965 ], [ -57.17076413999996, -29.933997389999952 ], [ -57.170877459999957, -29.934134269999952 ], [ -57.170992899999959, -29.934275049999957 ], [ -57.171110929999962, -29.934418719999957 ], [ -57.17123001999996, -29.934566399999962 ], [ -57.171352319999961, -29.934716549999955 ], [ -57.171478089999958, -29.934868839999957 ], [ -57.171605869999958, -29.935024119999955 ], [ -57.171732879999958, -29.935179739999956 ], [ -57.171859719999958, -29.935336329999952 ], [ -57.171987019999968, -29.935492719999949 ], [ -57.172116809999963, -29.935648369999956 ], [ -57.172249519999959, -29.935801079999951 ], [ -57.172379689999957, -29.935954719999952 ], [ -57.172504299999957, -29.936109839999954 ], [ -57.172626969999968, -29.936267179999962 ], [ -57.17275396999996, -29.936423339999958 ], [ -57.172883509999956, -29.936580769999956 ], [ -57.173012429999957, -29.936740789999956 ], [ -57.173142379999959, -29.936902569999948 ], [ -57.173272849999961, -29.937064149999948 ], [ -57.173403859999958, -29.93722720999995 ], [ -57.173535899999962, -29.937390429999951 ], [ -57.173668329999963, -29.937554289999952 ], [ -57.173800909999962, -29.937718159999957 ], [ -57.173934309999957, -29.937881949999962 ], [ -57.174066879999963, -29.938044969999957 ], [ -57.174199439999967, -29.93820859999995 ], [ -57.174331699999961, -29.938368789999956 ], [ -57.174461909999962, -29.938527779999951 ], [ -57.17459000999996, -29.938686069999953 ], [ -57.174717669999957, -29.93884408999995 ], [ -57.174844789999959, -29.939001249999951 ], [ -57.174972199999957, -29.939156459999964 ], [ -57.175097559999962, -29.939310899999963 ], [ -57.175221849999957, -29.939461939999948 ], [ -57.17534442999996, -29.939611749999948 ], [ -57.175466039999961, -29.939760049999947 ], [ -57.175585959999957, -29.93990693999995 ], [ -57.175704859999961, -29.940052389999956 ], [ -57.175822389999958, -29.940195129999967 ], [ -57.175933419999964, -29.940329119999941 ], [ -57.176039109999962, -29.940455649999961 ], [ -57.176142409999969, -29.940580969999949 ], [ -57.176241199999957, -29.940700719999956 ], [ -57.176334679999961, -29.940814019999959 ], [ -57.176423429999957, -29.940919249999947 ], [ -57.176505579999962, -29.941019869999945 ], [ -57.176582699999962, -29.94111506999996 ], [ -57.176653719999962, -29.941204239999948 ], [ -57.176723249999959, -29.941287359999958 ], [ -57.176786689999958, -29.941363909999961 ], [ -57.176841809999964, -29.941431109999954 ], [ -57.176890209999961, -29.941483769999948 ], [ -57.17693098999996, -29.941521809999955 ], [ -57.176963389999969, -29.941550749999962 ], [ -57.176989339999956, -29.941575129999951 ], [ -57.177009329999962, -29.94159718999995 ], [ -57.177025329999957, -29.941614819999955 ], [ -57.17703919999996, -29.941631459999954 ], [ -57.177050889999961, -29.941645979999954 ], [ -57.17705954999996, -29.941660749999954 ], [ -57.177064079999958, -29.941669329999957 ], [ -57.177069219999957, -29.941683559999955 ], [ -57.177074949999962, -29.941701509999962 ], [ -57.177083939999967, -29.941724439999955 ], [ -57.177098549999961, -29.941749629999954 ], [ -57.177114879999962, -29.94177344999996 ], [ -57.177132259999958, -29.941795659999954 ], [ -57.177147039999966, -29.941815219999956 ], [ -57.177160489999963, -29.941831309999952 ], [ -57.177167619999956, -29.941840799999959 ], [ -57.17717066999996, -29.941844869999962 ], [ -57.177182619999961, -29.94185906999995 ], [ -57.177196789999961, -29.941876479999959 ], [ -57.177213589999958, -29.941897329999954 ], [ -57.17723292999996, -29.941920489999948 ], [ -57.177251669999961, -29.941943939999948 ], [ -57.177269399999965, -29.941965349999951 ], [ -57.177282449999964, -29.941983189999949 ], [ -57.177286759999959, -29.941988189999957 ], [ -57.17729682999996, -29.941999869999957 ], [ -57.177312319999956, -29.942020289999952 ], [ -57.177331129999956, -29.942043669999965 ], [ -57.177353179999962, -29.942072919999951 ], [ -57.177379519999967, -29.94210681999995 ], [ -57.177412569999959, -29.942148109999952 ], [ -57.177452369999962, -29.942196399999968 ], [ -57.177498179999958, -29.942252969999956 ], [ -57.177549669999962, -29.942315039999944 ], [ -57.177601239999959, -29.942378629999947 ], [ -57.177656089999957, -29.942446799999956 ], [ -57.177714629999961, -29.942518719999953 ], [ -57.17777781999996, -29.942595499999953 ], [ -57.177844239999963, -29.942675129999955 ], [ -57.177911859999959, -29.942756769999956 ], [ -57.177980499999961, -29.942841389999948 ], [ -57.17805003999996, -29.942928979999945 ], [ -57.17812166999996, -29.943017869999963 ], [ -57.178192539999962, -29.943105749999948 ], [ -57.178266209999968, -29.943195479999964 ], [ -57.178343129999959, -29.943288539999944 ], [ -57.178422949999963, -29.943385159999956 ], [ -57.178505989999962, -29.943485009999961 ], [ -57.178590899999968, -29.943588319999961 ], [ -57.178678409999961, -29.943692369999965 ], [ -57.178765789999957, -29.943798989999951 ], [ -57.17885289999996, -29.943909029999954 ], [ -57.178937699999963, -29.944019649999955 ], [ -57.179020569999956, -29.944131329999951 ], [ -57.17910228999996, -29.944245499999951 ], [ -57.179183159999958, -29.944360929999956 ], [ -57.179262909999956, -29.944478569999955 ], [ -57.179341629999961, -29.944597759999958 ], [ -57.17941933999996, -29.944720859999947 ], [ -57.179497629999958, -29.944844939999953 ], [ -57.17957880999996, -29.944970889999951 ], [ -57.179661809999956, -29.945099819999957 ], [ -57.179745459999957, -29.945232529999949 ], [ -57.179829169999962, -29.945368079999952 ], [ -57.179916789999957, -29.94550731999994 ], [ -57.180006159999962, -29.945651159999951 ], [ -57.180098689999959, -29.945798129999957 ], [ -57.180191719999961, -29.94594770999996 ], [ -57.180283059999958, -29.946095919999962 ], [ -57.18037530999996, -29.946244609999948 ], [ -57.180470009999958, -29.946394809999955 ], [ -57.180564369999956, -29.946547109999955 ], [ -57.180659489999961, -29.946700749999952 ], [ -57.180754249999957, -29.946854719999948 ], [ -57.180850309999961, -29.947007789999947 ], [ -57.18094569999996, -29.947158879999957 ], [ -57.181039619999957, -29.947309829999963 ], [ -57.181134709999959, -29.947460899999964 ], [ -57.18122989999997, -29.947612189999955 ], [ -57.181326759999962, -29.947765529999941 ], [ -57.18142428999996, -29.947921309999955 ], [ -57.181522369999961, -29.948078979999952 ], [ -57.181621729999961, -29.948238239999949 ], [ -57.181722039999961, -29.948398589999965 ], [ -57.18182309999996, -29.94856057999996 ], [ -57.181924559999956, -29.948724849999955 ], [ -57.182026589999957, -29.948889469999951 ], [ -57.182129199999956, -29.949054469999954 ], [ -57.18223323999996, -29.949220039999961 ], [ -57.182336079999956, -29.949386039999961 ], [ -57.182440009999958, -29.94955189999996 ], [ -57.182545149999967, -29.949716069999948 ], [ -57.182648909999962, -29.94987986999995 ], [ -57.182751569999958, -29.950043939999951 ], [ -57.182855359999962, -29.950208309999955 ], [ -57.182959549999957, -29.950372089999956 ], [ -57.18306229999996, -29.950536079999953 ], [ -57.183163439999959, -29.950700039999955 ], [ -57.183264849999958, -29.950863419999951 ], [ -57.183365209999963, -29.951025519999948 ], [ -57.183466159999959, -29.951185929999955 ], [ -57.183565379999962, -29.951344639999963 ], [ -57.183662389999959, -29.951499119999948 ], [ -57.183756919999958, -29.951650249999947 ], [ -57.183849629999962, -29.951797669999959 ], [ -57.183939479999957, -29.951941589999947 ], [ -57.184027589999964, -29.952081329999949 ], [ -57.184112539999958, -29.952218379999952 ], [ -57.184194639999959, -29.952350409999941 ], [ -57.184274049999956, -29.952476659999963 ], [ -57.184349769999962, -29.952594569999963 ], [ -57.184421409999963, -29.952707569999959 ], [ -57.184490039999957, -29.952816149999954 ], [ -57.184555549999956, -29.952918309999951 ], [ -57.184616619999957, -29.953015089999941 ], [ -57.184673389999958, -29.953106939999952 ], [ -57.18472665999996, -29.953193769999945 ], [ -57.184776989999961, -29.953273939999949 ], [ -57.184824599999956, -29.953348899999956 ], [ -57.184867669999967, -29.953420219999941 ], [ -57.184909019999957, -29.953485479999951 ], [ -57.184947369999961, -29.953549379999952 ], [ -57.184981309999962, -29.953604779999957 ], [ -57.185011989999957, -29.953651069999953 ], [ -57.185038849999962, -29.953686879999957 ], [ -57.185064309999959, -29.953711869999957 ], [ -57.185088019999959, -29.953736089999953 ], [ -57.185107779999967, -29.953760529999951 ], [ -57.185122849999964, -29.953783669999968 ], [ -57.185135749999958, -29.953803179999948 ], [ -57.185144629999961, -29.953819499999959 ], [ -57.185151329999961, -29.953828989999941 ], [ -57.185158579999957, -29.953848109999953 ], [ -57.18515895999996, -29.953848949999955 ], [ -57.185161989999962, -29.953858509999961 ], [ -57.185168729999958, -29.953875369999956 ], [ -57.185174439999962, -29.953894159999958 ], [ -57.185180479999957, -29.953914299999948 ], [ -57.185187259999957, -29.953932549999958 ], [ -57.185196699999956, -29.953952449999949 ], [ -57.185209269999959, -29.953973439999956 ], [ -57.185220849999958, -29.953993299999951 ], [ -57.185231199999961, -29.954011029999968 ], [ -57.18524028999996, -29.954026729999953 ], [ -57.185249659999961, -29.954041309999951 ], [ -57.185258209999958, -29.954054749999951 ], [ -57.185264169999961, -29.954064199999952 ], [ -57.185266729999967, -29.954068239999955 ], [ -57.185275289999957, -29.954080129999959 ], [ -57.18528622999996, -29.954098469999963 ], [ -57.185301159999959, -29.954120829999955 ], [ -57.185315, -29.954142579999953 ], [ -57.18532649999996, -29.954160809999951 ], [ -57.185335309999957, -29.954175229999951 ], [ -57.185340789999962, -29.954183979999957 ], [ -57.185343139999958, -29.954187729999969 ], [ -57.18535071999996, -29.954199469999949 ], [ -57.185360529999961, -29.954214609999955 ], [ -57.185376459999958, -29.954238609999951 ], [ -57.185399749999959, -29.954276469999954 ], [ -57.185425309999957, -29.954318949999941 ], [ -57.185455599999969, -29.95436782999996 ], [ -57.185490519999959, -29.954424149999959 ], [ -57.185530689999958, -29.954487219999962 ], [ -57.18557605999996, -29.954559599999953 ], [ -57.185626189999958, -29.954639129999954 ], [ -57.185681979999956, -29.954725849999971 ], [ -57.185739889999965, -29.954818859999957 ], [ -57.185796689999961, -29.954910709999954 ], [ -57.185856459999961, -29.955006479999955 ], [ -57.185917569999958, -29.955106539999949 ], [ -57.18598208999996, -29.955210699999952 ], [ -57.186049589999961, -29.955317579999953 ], [ -57.186117559999957, -29.955427159999957 ], [ -57.186187199999956, -29.955536669999944 ], [ -57.18625679999996, -29.95564794999995 ], [ -57.186326399999963, -29.955760219999963 ], [ -57.186396, -29.955873879999963 ], [ -57.186468019999957, -29.955989859999956 ], [ -57.186542609999968, -29.956109139999953 ], [ -57.186619059999963, -29.956232479999947 ], [ -57.186695239999956, -29.956355 ], [ -57.186774519999958, -29.956481319999956 ], [ -57.186857209999957, -29.95661232999996 ], [ -57.186940959999959, -29.956747879999952 ], [ -57.187027149999956, -29.956888689999957 ], [ -57.187116869999969, -29.957034009999948 ], [ -57.18721096999996, -29.957183919999952 ], [ -57.18730731999996, -29.957339 ], [ -57.187406469999956, -29.95749836999995 ], [ -57.187508329999957, -29.957660339999951 ], [ -57.187610839999962, -29.957825719999956 ], [ -57.187714309999961, -29.957991399999941 ], [ -57.187817709999969, -29.958159769999959 ], [ -57.18792330999996, -29.958327839999949 ], [ -57.188029939999957, -29.958495929999955 ], [ -57.188135919999958, -29.958665909999958 ], [ -57.188242309999957, -29.958836499999954 ], [ -57.188348609999956, -29.959006979999959 ], [ -57.188453479999957, -29.959177289999957 ], [ -57.188558439999959, -29.95934684999996 ], [ -57.188663359999957, -29.959514289999955 ], [ -57.188768739999958, -29.959681749999952 ], [ -57.188874339999963, -29.959846099999943 ], [ -57.18897975999996, -29.960009959999955 ], [ -57.189083009999962, -29.96017378999996 ], [ -57.189185799999962, -29.960337169999963 ], [ -57.189288079999962, -29.960500169999953 ], [ -57.189389839999961, -29.960662579999951 ], [ -57.18949132999996, -29.960823839999964 ], [ -57.189590579999958, -29.96098433999995 ], [ -57.189686619999961, -29.961144279999953 ], [ -57.189781649999958, -29.961303069999957 ], [ -57.189877799999962, -29.961459919999957 ], [ -57.189973829999957, -29.961615659999953 ], [ -57.190071919999959, -29.961769399999959 ], [ -57.19016814999997, -29.96192369999995 ], [ -57.190262919999959, -29.962077819999955 ], [ -57.190358399999958, -29.962229809999954 ], [ -57.190452719999961, -29.96238047999995 ], [ -57.190547119999962, -29.962529899999961 ], [ -57.190641109999959, -29.962677279999941 ], [ -57.190734329999962, -29.962823729999954 ], [ -57.190827429999956, -29.962969149999957 ], [ -57.190919159999957, -29.963113719999967 ], [ -57.191009829999963, -29.963257119999945 ], [ -57.19109952999996, -29.963399119999959 ], [ -57.191188299999958, -29.963540719999958 ], [ -57.191276329999958, -29.963682719999948 ], [ -57.191365669999968, -29.963825399999958 ], [ -57.191456359999961, -29.963970899999968 ], [ -57.191549169999959, -29.964118159999945 ], [ -57.191641489999959, -29.964268519999955 ], [ -57.191735379999969, -29.964420719999957 ], [ -57.191830219999964, -29.964574319999947 ], [ -57.191926909999957, -29.964726729999967 ], [ -57.192022809999962, -29.964879369999956 ], [ -57.192119729999959, -29.965031419999956 ], [ -57.192216829999957, -29.965183319999948 ], [ -57.192312179999959, -29.965335959999958 ], [ -57.19240845999996, -29.965489439999949 ], [ -57.192505949999969, -29.965644639999955 ], [ -57.192603869999957, -29.965799869999962 ], [ -57.192700679999959, -29.965956599999956 ], [ -57.19279678999996, -29.966112909999957 ], [ -57.192893459999958, -29.966268719999949 ], [ -57.192991309999961, -29.966423899999963 ], [ -57.193088749999959, -29.96657994999995 ], [ -57.193185249999956, -29.966737059999954 ], [ -57.193282459999956, -29.966893269999957 ], [ -57.193378799999962, -29.967049469999953 ], [ -57.193475369999959, -29.967205289999953 ], [ -57.193572289999956, -29.967360939999953 ], [ -57.193669819999961, -29.967516619999962 ], [ -57.19376769999996, -29.96767301999995 ], [ -57.193867349999962, -29.967830859999946 ], [ -57.193969199999962, -29.967989219999961 ], [ -57.19407024999996, -29.968149649999958 ], [ -57.194169639999956, -29.968308839999956 ], [ -57.19426853999996, -29.968468269999949 ], [ -57.194368969999957, -29.968629099999951 ], [ -57.194470879999962, -29.968792429999958 ], [ -57.194575299999968, -29.968957549999949 ], [ -57.194681029999963, -29.969126279999951 ], [ -57.194788, -29.969298069999954 ], [ -57.19489800999996, -29.969471979999959 ], [ -57.195008859999959, -29.96964860999995 ], [ -57.19512145999996, -29.969827689999956 ], [ -57.195235389999958, -29.970009389999948 ], [ -57.195350509999962, -29.970193469999952 ], [ -57.195467679999958, -29.970379629999943 ], [ -57.195586769999956, -29.970567539999958 ], [ -57.195705859999961, -29.970758009999965 ], [ -57.195826119999957, -29.970950929999947 ], [ -57.195945569999957, -29.971146909999945 ], [ -57.196068039999957, -29.971344049999956 ], [ -57.196192279999963, -29.971542789999948 ], [ -57.196318439999956, -29.971742549999956 ], [ -57.19644480999996, -29.971943439999954 ], [ -57.196573809999961, -29.972144019999963 ], [ -57.196702679999959, -29.972345559999962 ], [ -57.196830639999959, -29.97254785999996 ], [ -57.196958189999961, -29.97275054999994 ], [ -57.19708552999996, -29.972953629999949 ], [ -57.19721348999996, -29.973157409999963 ], [ -57.197340219999958, -29.973361519999962 ], [ -57.19746759999996, -29.973565129999955 ], [ -57.197593789999956, -29.97376889999995 ], [ -57.197720009999969, -29.973971139999954 ], [ -57.197845049999962, -29.974172909999965 ], [ -57.197968559999957, -29.974374359999953 ], [ -57.198092209999956, -29.97457488999995 ], [ -57.198216419999959, -29.974774339999957 ], [ -57.198341789999958, -29.974972599999951 ], [ -57.198468, -29.975170029999948 ], [ -57.198592899999959, -29.975367109999961 ], [ -57.198716549999958, -29.97556456999995 ], [ -57.19883928999996, -29.97576173999995 ], [ -57.198962019999961, -29.975958629999955 ], [ -57.19908583999996, -29.976154779999952 ], [ -57.199209399999958, -29.976350739999951 ], [ -57.199333089999961, -29.976546239999955 ], [ -57.199456879999957, -29.976742509999951 ], [ -57.199580109999957, -29.976939879999961 ], [ -57.199703739999961, -29.977136669999947 ], [ -57.199827349999957, -29.977333519999949 ], [ -57.199949979999957, -29.977529879999953 ], [ -57.200071569999956, -29.977725859999961 ], [ -57.200194019999962, -29.977922749999951 ], [ -57.200316859999958, -29.978119259999954 ], [ -57.200441109999957, -29.978316379999953 ], [ -57.200566159999958, -29.978514409999949 ], [ -57.200691089999957, -29.978712559999959 ], [ -57.20081495999996, -29.978912339999951 ], [ -57.200938729999962, -29.97911090999996 ], [ -57.201061069999959, -29.979309819999962 ], [ -57.201183319999956, -29.97950830999995 ], [ -57.201304099999959, -29.979704009999949 ], [ -57.201423469999959, -29.979895079999949 ], [ -57.201541119999959, -29.98008320999995 ], [ -57.201658459999962, -29.980268409999962 ], [ -57.201775679999962, -29.980454519999942 ], [ -57.201893299999959, -29.98064178999995 ], [ -57.202012349999961, -29.980830049999952 ], [ -57.202130809999957, -29.981019729999964 ], [ -57.202249839999958, -29.981211079999955 ], [ -57.20236948999996, -29.981404329999954 ], [ -57.202489269999958, -29.981599509999956 ], [ -57.202611499999961, -29.981795319999961 ], [ -57.20273472999996, -29.981991659999959 ], [ -57.202857519999966, -29.982188609999948 ], [ -57.202980819999958, -29.982385379999954 ], [ -57.20310390999996, -29.982581909999958 ], [ -57.203226689999958, -29.982777679999959 ], [ -57.203349659999958, -29.982972789999952 ], [ -57.203471099999959, -29.983168469999949 ], [ -57.203590579999961, -29.983363649999955 ], [ -57.203711089999956, -29.983557689999952 ], [ -57.203833149999959, -29.983751389999949 ], [ -57.203954819999957, -29.983945449999954 ], [ -57.20407687999996, -29.984140099999941 ], [ -57.204198979999958, -29.98433620999996 ], [ -57.204320689999967, -29.984533159999955 ], [ -57.204442949999958, -29.984729429999952 ], [ -57.204565649999957, -29.984925279999953 ], [ -57.204689019999961, -29.985121219999964 ], [ -57.204811669999962, -29.985317309999949 ], [ -57.204935029999959, -29.985513089999944 ], [ -57.205059349999956, -29.985708579999951 ], [ -57.205184929999959, -29.985902679999953 ], [ -57.205313719999957, -29.986095599999963 ], [ -57.205445369999957, -29.986286929999967 ], [ -57.205579429999958, -29.986477959999956 ], [ -57.205715869999956, -29.986668059999964 ], [ -57.205854539999962, -29.986856209999949 ], [ -57.205994799999964, -29.987042439999957 ], [ -57.206137179999956, -29.987225889999952 ], [ -57.206280789999958, -29.987406919999952 ], [ -57.206425699999961, -29.987588239999958 ], [ -57.206570629999959, -29.987769749999959 ], [ -57.206715229999958, -29.987952429999943 ], [ -57.20685978999996, -29.988135749999955 ], [ -57.207005899999956, -29.988320799999961 ], [ -57.207152819999962, -29.988506929999964 ], [ -57.207300289999957, -29.988694199999962 ], [ -57.207447719999969, -29.988881329999952 ], [ -57.207596249999959, -29.989068759999956 ], [ -57.207744259999956, -29.989256649999955 ], [ -57.207892149999964, -29.989444339999952 ], [ -57.208039869999958, -29.98963155999996 ], [ -57.208188089999958, -29.989818509999964 ], [ -57.208337319999956, -29.990004759999962 ], [ -57.208486579999956, -29.990191709999959 ], [ -57.208635179999959, -29.990379329999961 ], [ -57.208782919999962, -29.990566789999953 ], [ -57.208931849999956, -29.990754909999964 ], [ -57.209081929999961, -29.990943139999949 ], [ -57.209231439999961, -29.991132519999962 ], [ -57.209379889999958, -29.991322299999958 ], [ -57.209528499999962, -29.991511059999961 ], [ -57.209676139999956, -29.991698759999949 ], [ -57.209825279999961, -29.991883889999951 ], [ -57.209975359999959, -29.992068119999963 ], [ -57.210122839999961, -29.992253259999952 ], [ -57.210269429999961, -29.992439089999952 ], [ -57.210416039999956, -29.992625479999951 ], [ -57.210562729999957, -29.992812269999948 ], [ -57.210710579999969, -29.992999379999958 ], [ -57.210859659999961, -29.993186329999958 ], [ -57.211006639999958, -29.993373809999955 ], [ -57.211153929999959, -29.993559689999959 ], [ -57.211301169999956, -29.993744799999945 ], [ -57.211447839999963, -29.993929479999942 ], [ -57.21159447999996, -29.994113759999955 ], [ -57.211739739999956, -29.994297989999957 ], [ -57.211884669999961, -29.994481869999952 ], [ -57.212030229999961, -29.994664179999962 ], [ -57.212174679999961, -29.994846889999948 ], [ -57.212318879999962, -29.995028129999959 ], [ -57.212462509999959, -29.99520973999995 ], [ -57.212606339999958, -29.995391219999952 ], [ -57.21275028999996, -29.995572199999952 ], [ -57.212894599999956, -29.995753089999958 ], [ -57.213038459999957, -29.995933159999957 ], [ -57.213180919999957, -29.996112659999962 ], [ -57.213323409999958, -29.996291979999953 ], [ -57.213465759999956, -29.996472549999961 ], [ -57.21360836999996, -29.996653449999961 ], [ -57.213751579999958, -29.996834179999954 ], [ -57.213895289999968, -29.997016349999967 ], [ -57.214038539999969, -29.997198559999962 ], [ -57.214183019999957, -29.997380759999952 ], [ -57.214327029999957, -29.997563679999956 ], [ -57.214472249999957, -29.997746219999964 ], [ -57.214617459999957, -29.997929169999956 ], [ -57.214763939999962, -29.998113479999954 ], [ -57.214911509999958, -29.998299019999948 ], [ -57.215059649999965, -29.998485589999948 ], [ -57.215207499999963, -29.998673209999957 ], [ -57.215355829999957, -29.998861409999954 ], [ -57.215504039999956, -29.999050499999957 ], [ -57.215653929999959, -29.999238859999956 ], [ -57.215804549999959, -29.99942668999995 ], [ -57.215953909999961, -29.999614439999949 ], [ -57.216102599999957, -29.999801739999963 ], [ -57.216248769999957, -29.999992559999956 ], [ -57.216399459999963, -30.000179719999949 ], [ -57.216550579999961, -30.000366749999952 ], [ -57.216700839999959, -30.000555829999957 ], [ -57.216852469999957, -30.000743049999958 ], [ -57.217003919999961, -30.000930559999961 ], [ -57.217153879999962, -30.001118229999957 ], [ -57.21730121999996, -30.001306349999957 ], [ -57.217448469999965, -30.001494399999956 ], [ -57.217596679999957, -30.001680519999951 ], [ -57.217745679999958, -30.001866779999958 ], [ -57.217894309999956, -30.002053169999954 ], [ -57.218040789999961, -30.002240539999956 ], [ -57.218186559999957, -30.002427869999952 ], [ -57.218333569999956, -30.002613769999961 ], [ -57.218479239999965, -30.002799229999951 ], [ -57.218624329999962, -30.002984739999953 ], [ -57.218770479999961, -30.003168299999956 ], [ -57.218917759999961, -30.003353599999954 ], [ -57.219067049999957, -30.003539 ], [ -57.219217649999969, -30.003724 ], [ -57.219365949999961, -30.003913079999958 ], [ -57.219513649999961, -30.004102169999964 ], [ -57.219661849999959, -30.004291009999957 ], [ -57.219812069999961, -30.004480179999952 ], [ -57.219961849999962, -30.004669129999957 ], [ -57.220111629999963, -30.004858659999964 ], [ -57.220261049999962, -30.005047239999953 ], [ -57.22041009999996, -30.005236749999955 ], [ -57.220559429999959, -30.005425059999954 ], [ -57.220709339999956, -30.005613509999957 ], [ -57.220860329999958, -30.005803949999947 ], [ -57.221011569999959, -30.00599505999995 ], [ -57.221164909999956, -30.006187829999952 ], [ -57.221318529999962, -30.006382519999949 ], [ -57.221472449999965, -30.006578749999957 ], [ -57.221627809999958, -30.006774209999968 ], [ -57.221782279999964, -30.006968929999957 ], [ -57.22193580999997, -30.007163159999948 ], [ -57.222088569999961, -30.007355609999948 ], [ -57.222239509999959, -30.00754644999996 ], [ -57.222389389999961, -30.007736099999956 ], [ -57.222538319999963, -30.007923819999949 ], [ -57.222686289999956, -30.008109569999959 ], [ -57.222833029999961, -30.008293559999942 ], [ -57.222979649999957, -30.008478269999948 ], [ -57.223126329999957, -30.008662469999948 ], [ -57.223272499999958, -30.00884588999995 ], [ -57.223417199999957, -30.009028739999952 ], [ -57.22356132999996, -30.00920978999995 ], [ -57.223704179999956, -30.00939123999995 ], [ -57.223847199999959, -30.009572319999961 ], [ -57.223988469999966, -30.009753 ], [ -57.224127899999964, -30.009933579999952 ], [ -57.224266409999956, -30.010111479999953 ], [ -57.224405159999961, -30.01028692999996 ], [ -57.224544059999957, -30.01046077999996 ], [ -57.224682249999958, -30.010634339999946 ], [ -57.22482113999996, -30.010806639999956 ], [ -57.224955669999957, -30.010974729999955 ], [ -57.22508605999996, -30.011138699999957 ], [ -57.225214729999962, -30.011299449999953 ], [ -57.225341669999956, -30.011457749999948 ], [ -57.22546657999996, -30.01161409999996 ], [ -57.225589029999959, -30.011768359999959 ], [ -57.225709839999958, -30.011920169999954 ], [ -57.225828559999961, -30.012071079999949 ], [ -57.225944719999958, -30.012220189999958 ], [ -57.226058879999961, -30.012364719999947 ], [ -57.226168829999956, -30.012502469999948 ], [ -57.226272539999961, -30.012633259999944 ], [ -57.226372949999956, -30.012759749999947 ], [ -57.22647115999996, -30.012882619999957 ], [ -57.226567829999958, -30.013003159999954 ], [ -57.226664579999962, -30.01312518999995 ], [ -57.226764629999963, -30.013251929999953 ], [ -57.226859289999958, -30.01338572999996 ], [ -57.226953419999958, -30.013524809999964 ], [ -57.22705330999996, -30.013664429999949 ], [ -57.227163249999961, -30.013803199999948 ], [ -57.227278149999961, -30.013944739999964 ], [ -57.227399589999962, -30.014085239999961 ], [ -57.227525199999967, -30.014227579999954 ], [ -57.227556577642595, -30.014264270921956 ] ], [ [ -57.230460592402892, -30.017900761746702 ], [ -57.230565689999956, -30.018034209999954 ], [ -57.230695419999961, -30.018200449999949 ], [ -57.230825179999961, -30.018366489999941 ], [ -57.23095629999996, -30.018531079999953 ], [ -57.23108700999996, -30.018694679999957 ], [ -57.231179840784122, -30.018809676729177 ] ] ] } },
{ "type": "Feature", "properties": { "ds_local_i": "ENTR BR-290/377/RS-377 (P/QUARAI)", "ds_local_f": "ENTR BR-290/293", "ds_legenda": "Pavimentada", "sg_legenda": "PAV", "ds_jurisdi": "Federal", "km_dentro_area_estudo": 47.25, "rodovia": "BR-290", "divergencia_osm": false }, "geometry": { "type": "MultiLineString", "coordinates": [ [ [ -56.432479189999967, -30.015678139999963 ], [ -56.432492569999958, -30.015674039999961 ], [ -56.432510599999958, -30.015668599999955 ], [ -56.432537389999958, -30.015660059999952 ], [ -56.43257425999996, -30.01564791999995 ], [ -56.432624099999956, -30.015630129999955 ], [ -56.432683699999956, -30.015607419999949 ], [ -56.432758199999959, -30.015581859999948 ], [ -56.432849339999962, -30.015553229999956 ], [ -56.432950189999957, -30.015522739999945 ], [ -56.43306229999996, -30.015489119999952 ], [ -56.433186359999958, -30.015452599999954 ], [ -56.433314269999961, -30.015414979999957 ], [ -56.433447089999959, -30.015375839999948 ], [ -56.43358475999996, -30.015334639999953 ], [ -56.433727179999956, -30.015291469999951 ], [ -56.433873229999968, -30.015246969999957 ], [ -56.434022419999962, -30.015201799999961 ], [ -56.43417438999996, -30.015156439999949 ], [ -56.434326529999957, -30.015111429999948 ], [ -56.43447950999996, -30.01506593999996 ], [ -56.434631749999959, -30.015020669999949 ], [ -56.434784789999959, -30.01497495999995 ], [ -56.434937129999966, -30.014929609999964 ], [ -56.43508974999996, -30.014883579999957 ], [ -56.435244009999963, -30.014836919999947 ], [ -56.435399449999963, -30.014789929999949 ], [ -56.435556389999967, -30.014743 ], [ -56.435714339999961, -30.014695509999964 ], [ -56.435873509999958, -30.014647569999951 ], [ -56.436034019999958, -30.014599139999959 ], [ -56.436196019999961, -30.014550689999957 ], [ -56.436359789999962, -30.014502769999954 ], [ -56.43652472999996, -30.014455119999955 ], [ -56.436690199999958, -30.014407229999954 ], [ -56.436856519999957, -30.014358319999968 ], [ -56.437023809999957, -30.014308589999956 ], [ -56.437193869999959, -30.01425792999995 ], [ -56.437367719999962, -30.014206219999952 ], [ -56.437544609999961, -30.014153209999957 ], [ -56.437723259999956, -30.01409986999996 ], [ -56.437904049999958, -30.014046399999955 ], [ -56.43808733999996, -30.013992829999953 ], [ -56.438272989999959, -30.013938109999952 ], [ -56.43846123999996, -30.013882209999956 ], [ -56.438652379999958, -30.013825249999957 ], [ -56.438845119999961, -30.013767729999952 ], [ -56.439040099999957, -30.01370950999997 ], [ -56.439238289999956, -30.013650709999958 ], [ -56.439442229999962, -30.013590779999962 ], [ -56.439651939999962, -30.013528989999948 ], [ -56.439865969999957, -30.013465759999956 ], [ -56.440080799999961, -30.013402129999953 ], [ -56.440296269999969, -30.013338169999944 ], [ -56.440512169999963, -30.013274189999954 ], [ -56.440728389999961, -30.013209969999952 ], [ -56.440945779999957, -30.013145859999941 ], [ -56.441165199999958, -30.013081849999953 ], [ -56.441385689999962, -30.013017179999949 ], [ -56.441606759999956, -30.012952109999958 ], [ -56.441828049999963, -30.012887349999954 ], [ -56.442049279999956, -30.012822869999955 ], [ -56.442270459999961, -30.012757369999957 ], [ -56.442490149999962, -30.012690819999964 ], [ -56.442709139999963, -30.012624739999954 ], [ -56.442927119999958, -30.012558919999954 ], [ -56.443145369999961, -30.012493949999961 ], [ -56.44336451999996, -30.012429329999954 ], [ -56.44358478999996, -30.012363859999954 ], [ -56.443805599999962, -30.01229832999995 ], [ -56.444025879999963, -30.01223314999995 ], [ -56.444245989999956, -30.012168209999952 ], [ -56.444466099999957, -30.012103669999963 ], [ -56.444686379999958, -30.012038749999949 ], [ -56.444905369999958, -30.011974749999951 ], [ -56.445122329999961, -30.011910369999949 ], [ -56.445338609999958, -30.011846469999959 ], [ -56.445554239999957, -30.011782969999956 ], [ -56.44576938999996, -30.011719339999953 ], [ -56.445983949999956, -30.011655619999967 ], [ -56.446197069999961, -30.011591879999951 ], [ -56.446409609999961, -30.011529239999955 ], [ -56.44662102999996, -30.011466809999952 ], [ -56.446831639999964, -30.011404449999954 ], [ -56.447043269999959, -30.011341809999951 ], [ -56.447255539999958, -30.01127897999995 ], [ -56.447468079999958, -30.011215899999954 ], [ -56.447680669999961, -30.011152669999941 ], [ -56.447893259999958, -30.011090129999957 ], [ -56.448105419999962, -30.01102761999995 ], [ -56.448316619999957, -30.010965379999949 ], [ -56.448526489999956, -30.010903 ], [ -56.448735019999965, -30.010840959999953 ], [ -56.448943019999959, -30.010778739999957 ], [ -56.449152039999959, -30.010716069999962 ], [ -56.449361689999961, -30.010652839999949 ], [ -56.449571619999958, -30.010589739999954 ], [ -56.449781539999961, -30.010527069999956 ], [ -56.449992579999957, -30.010464499999959 ], [ -56.450204529999958, -30.010401939999959 ], [ -56.450417379999962, -30.010339109999958 ], [ -56.450631259999959, -30.010275579999956 ], [ -56.450846459999958, -30.01021191999995 ], [ -56.451062359999966, -30.010147569999951 ], [ -56.451279379999967, -30.010083369999958 ], [ -56.451497519999961, -30.010018989999949 ], [ -56.451716609999956, -30.009953919999948 ], [ -56.451937689999959, -30.009889409999964 ], [ -56.45215934999996, -30.009823769999958 ], [ -56.452381279999962, -30.009758189999957 ], [ -56.452601709999961, -30.009692319999953 ], [ -56.452820919999958, -30.009627079999948 ], [ -56.453039219999958, -30.009562569999961 ], [ -56.453256659999958, -30.009498809999954 ], [ -56.453473199999962, -30.009435229999944 ], [ -56.453607149999961, -30.009396129999963 ], [ -56.453689199999957, -30.009372179999957 ], [ -56.45390461999996, -30.009308729999951 ], [ -56.454119189999957, -30.009244729999953 ], [ -56.454333269999964, -30.009180749999956 ], [ -56.454546449999967, -30.009117439999955 ], [ -56.454758719999958, -30.009054629999955 ], [ -56.454970289999956, -30.008991819999956 ], [ -56.45518330999996, -30.008928409999942 ], [ -56.455399689999958, -30.008864449999948 ], [ -56.455618409999957, -30.00879886999995 ], [ -56.455839699999956, -30.008733 ], [ -56.456063179999958, -30.008667099999965 ], [ -56.45628776999996, -30.008601199999951 ], [ -56.456513589999958, -30.008535109999947 ], [ -56.456740859999961, -30.008468379999961 ], [ -56.456969239999964, -30.008401329999948 ], [ -56.457198109999958, -30.008333509999947 ], [ -56.457427289999956, -30.008265339999948 ], [ -56.457656639999961, -30.008197759999952 ], [ -56.45788565999996, -30.008130339999955 ], [ -56.458114259999959, -30.008062859999956 ], [ -56.45834295999996, -30.007995629999961 ], [ -56.458572309999958, -30.007928739999947 ], [ -56.458801919999956, -30.007860709999957 ], [ -56.459031799999956, -30.007792169999963 ], [ -56.459261679999962, -30.007723649999956 ], [ -56.459491559999961, -30.007655269999965 ], [ -56.459721649999956, -30.00758693999996 ], [ -56.459951959999962, -30.007518719999954 ], [ -56.460181829999961, -30.007450119999952 ], [ -56.460410799999956, -30.007381869999957 ], [ -56.460639189999966, -30.007314479999948 ], [ -56.460867519999958, -30.007247799999952 ], [ -56.461101189999958, -30.007180219999956 ], [ -56.46133607999996, -30.007111629999958 ], [ -56.461571619999958, -30.007042549999948 ], [ -56.461807419999957, -30.006972969999957 ], [ -56.462044019999958, -30.006903039999955 ], [ -56.462281529999956, -30.006832869999968 ], [ -56.462519839999956, -30.006762859999949 ], [ -56.462757239999959, -30.006691059999948 ], [ -56.462994589999958, -30.006619079999957 ], [ -56.463231249999957, -30.006548 ], [ -56.463466189999956, -30.006476849999956 ], [ -56.463699429999956, -30.006406649999953 ], [ -56.463930649999959, -30.006337519999956 ], [ -56.46415977999996, -30.006269749999955 ], [ -56.464388269999958, -30.006202439999957 ], [ -56.464616439999958, -30.006135389999958 ], [ -56.464843599999959, -30.006068559999953 ], [ -56.465069529999958, -30.006001909999949 ], [ -56.465294869999965, -30.005936299999963 ], [ -56.46551919999996, -30.005871359999954 ], [ -56.465741819999963, -30.005806469999957 ], [ -56.465961929999956, -30.005741399999948 ], [ -56.466180549999962, -30.005677769999956 ], [ -56.466398269999956, -30.005615499999951 ], [ -56.466615819999959, -30.005554019999952 ], [ -56.466833579999957, -30.005493459999961 ], [ -56.467051989999966, -30.00543475999995 ], [ -56.467270879999958, -30.00537720999996 ], [ -56.467490189999964, -30.005320539999946 ], [ -56.467709719999959, -30.005264569999955 ], [ -56.467929509999962, -30.005209499999953 ], [ -56.46814983999996, -30.00515530999995 ], [ -56.468370639999961, -30.005101439999947 ], [ -56.468591979999957, -30.005047819999952 ], [ -56.468814289999962, -30.004995419999958 ], [ -56.469038129999959, -30.004943979999958 ], [ -56.469262039999961, -30.004893599999964 ], [ -56.469486469999957, -30.004844399999964 ], [ -56.469710049999968, -30.004795819999948 ], [ -56.469932619999959, -30.004748569999951 ], [ -56.470155939999962, -30.004702519999956 ], [ -56.470379729999962, -30.004656659999952 ], [ -56.470603959999963, -30.004611219999951 ], [ -56.47082934999996, -30.00456633999995 ], [ -56.471053629999957, -30.004522179999952 ], [ -56.471276349999961, -30.004479279999959 ], [ -56.471496469999956, -30.004438299999958 ], [ -56.471714019999958, -30.004398899999959 ], [ -56.47192916999996, -30.004360469999959 ], [ -56.472143149999958, -30.004322589999948 ], [ -56.472356539999957, -30.004284679999955 ], [ -56.472570299999958, -30.004247319999948 ], [ -56.472783479999961, -30.004212209999956 ], [ -56.472996819999963, -30.004178539999948 ], [ -56.47321009999996, -30.004146099999947 ], [ -56.47342444999996, -30.004114779999949 ], [ -56.473639389999967, -30.004084009999957 ], [ -56.473854749999958, -30.004053359999954 ], [ -56.47407117999996, -30.004022889999952 ], [ -56.474288949999959, -30.003992579999949 ], [ -56.474508799999967, -30.003961979999943 ], [ -56.474729549999957, -30.003932199999955 ], [ -56.474951159999961, -30.003903389999955 ], [ -56.475174849999959, -30.003875829999938 ], [ -56.475402, -30.003849569999964 ], [ -56.475631509999957, -30.003824089999949 ], [ -56.475864, -30.003799039999947 ], [ -56.476098949999965, -30.003775109999957 ], [ -56.476334909999956, -30.003752319999958 ], [ -56.476572419999961, -30.00373011999995 ], [ -56.476811899999959, -30.003707709999954 ], [ -56.477052399999963, -30.003686259999956 ], [ -56.477293219999957, -30.00366544999995 ], [ -56.477533399999956, -30.003644269999949 ], [ -56.477772879999968, -30.003622359999955 ], [ -56.47801246999996, -30.003600749999947 ], [ -56.478251579999956, -30.003579859999952 ], [ -56.478490529999959, -30.003559159999952 ], [ -56.478729049999956, -30.00353791999996 ], [ -56.478967309999959, -30.003516439999959 ], [ -56.479205509999957, -30.003494879999948 ], [ -56.479443769999961, -30.003473299999953 ], [ -56.479682559999958, -30.003452109999955 ], [ -56.479921349999962, -30.003430929999951 ], [ -56.480159869999959, -30.003409769999951 ], [ -56.480398229999956, -30.003389279999954 ], [ -56.480635959999958, -30.003369059999947 ], [ -56.480874319999963, -30.003348809999963 ], [ -56.481112409999959, -30.003328449999955 ], [ -56.481350829999961, -30.003307269999954 ], [ -56.481589829999962, -30.003285969999961 ], [ -56.481829049999959, -30.003264069999954 ], [ -56.482068319999961, -30.003242749999956 ], [ -56.482307539999958, -30.003221299999947 ], [ -56.482546539999959, -30.003199739999957 ], [ -56.482785169999957, -30.00317839999996 ], [ -56.483023589999959, -30.003157399999953 ], [ -56.483263019999967, -30.003136909999963 ], [ -56.483502449999961, -30.003116259999949 ], [ -56.483741399999957, -30.003095369999954 ], [ -56.48397991999996, -30.003074079999955 ], [ -56.484218179999957, -30.003052839999953 ], [ -56.484456059999957, -30.003031469999954 ], [ -56.484693189999959, -30.003009859999953 ], [ -56.48492995999996, -30.002989179999954 ], [ -56.485166129999961, -30.002968769999956 ], [ -56.485401349999961, -30.002948169999943 ], [ -56.485636029999959, -30.002927519999954 ], [ -56.485870119999959, -30.00290745999995 ], [ -56.486102399999957, -30.002887259999959 ], [ -56.486332599999969, -30.002866829999942 ], [ -56.486560979999958, -30.002847109999955 ], [ -56.486787179999958, -30.002828139999949 ], [ -56.487010869999956, -30.00281 ], [ -56.487232209999959, -30.00279096999995 ], [ -56.487451579999956, -30.00277077999996 ], [ -56.487668279999959, -30.002750019999958 ], [ -56.487882789999958, -30.002729849999962 ], [ -56.48809638999996, -30.002710099999955 ], [ -56.488313519999963, -30.002690249999947 ], [ -56.48853255999996, -30.002670639999963 ], [ -56.488749629999958, -30.002651779999951 ], [ -56.488964299999957, -30.00263333999996 ], [ -56.489176679999957, -30.002614539999954 ], [ -56.489387139999963, -30.002596049999951 ], [ -56.489596099999957, -30.002577849999948 ], [ -56.489803139999957, -30.002559519999963 ], [ -56.49000712999996, -30.002540839999959 ], [ -56.490207669999961, -30.002522649999964 ], [ -56.49040413999996, -30.002504769999955 ], [ -56.490595969999958, -30.002487379999955 ], [ -56.49078241999996, -30.002470429999949 ], [ -56.490963729999962, -30.002454669999949 ], [ -56.491139609999962, -30.002439779999953 ], [ -56.491310099999957, -30.002425159999948 ], [ -56.491475199999961, -30.002411259999967 ], [ -56.491635119999962, -30.002398339999949 ], [ -56.491795519999961, -30.002385269999952 ], [ -56.491950109999962, -30.002372039999962 ], [ -56.492096319999959, -30.002358669999953 ], [ -56.492234259999961, -30.002346179999947 ], [ -56.492363599999962, -30.002334709999957 ], [ -56.492484569999959, -30.002324169999948 ], [ -56.492596789999958, -30.00231469999996 ], [ -56.492700309999961, -30.002306539999957 ], [ -56.492795669999957, -30.002298799999952 ], [ -56.49288295999996, -30.002291569999951 ], [ -56.49296273999996, -30.002284419999945 ], [ -56.493035679999956, -30.002277909999943 ], [ -56.493108739999961, -30.002271209999954 ], [ -56.493183119999962, -30.00226408999994 ], [ -56.493259049999956, -30.002256749999958 ], [ -56.493339789999958, -30.002249089999957 ], [ -56.493427139999966, -30.002240899999951 ], [ -56.493521, -30.002232199999959 ], [ -56.493621429999962, -30.002223239999953 ], [ -56.49373097999996, -30.002213659999956 ], [ -56.493849859999962, -30.002203359999957 ], [ -56.493975479999968, -30.002192179999955 ], [ -56.494109889999962, -30.00218038999995 ], [ -56.494249959999962, -30.002167769999957 ], [ -56.49439643999996, -30.002154219999955 ], [ -56.494556839999959, -30.002139219999968 ], [ -56.494738429999956, -30.002122389999961 ], [ -56.494944029999957, -30.002104409999959 ], [ -56.495165579999956, -30.002085249999954 ], [ -56.495390339999958, -30.002065659999957 ], [ -56.495613919999961, -30.002044479999949 ], [ -56.495836169999961, -30.002023189999949 ], [ -56.49605702999996, -30.002002029999961 ], [ -56.496276659999957, -30.001981599999962 ], [ -56.496495229999958, -30.00196208999996 ], [ -56.496712619999961, -30.001942989999957 ], [ -56.496930549999959, -30.001924549999952 ], [ -56.497148309999965, -30.001905259999955 ], [ -56.497366079999956, -30.001886269999947 ], [ -56.497583789999958, -30.001867639999947 ], [ -56.497800539999957, -30.001848779999957 ], [ -56.498016119999967, -30.001830159999955 ], [ -56.498231059999959, -30.001811429999954 ], [ -56.49844609999996, -30.001792239999954 ], [ -56.498661359999957, -30.001772229999947 ], [ -56.49887719999996, -30.00175221999995 ], [ -56.499094329999956, -30.001731569999961 ], [ -56.499313049999962, -30.001711109999956 ], [ -56.499533489999962, -30.001691339999951 ], [ -56.499754779999961, -30.00167263999996 ], [ -56.499975579999969, -30.00165478999995 ], [ -56.500195379999965, -30.001636539999957 ], [ -56.500414099999958, -30.00161716999996 ], [ -56.500632559999957, -30.00159736999996 ], [ -56.500851129999958, -30.001577599999948 ], [ -56.501071029999956, -30.00155790999996 ], [ -56.501292419999956, -30.00153781999996 ], [ -56.501514619999959, -30.001517729999968 ], [ -56.501738619999962, -30.001498069999951 ], [ -56.501964179999959, -30.001477979999951 ], [ -56.502191869999962, -30.001458019999959 ], [ -56.502420629999961, -30.001438329999967 ], [ -56.502650239999959, -30.001418339999947 ], [ -56.502881299999956, -30.001397319999956 ], [ -56.50311260999996, -30.001376349999955 ], [ -56.503342919999966, -30.001355669999949 ], [ -56.503573809999956, -30.001335559999948 ], [ -56.50380528999996, -30.001315119999962 ], [ -56.504038579999957, -30.001294629999951 ], [ -56.504272679999957, -30.001274829999957 ], [ -56.504505709999961, -30.001255059999952 ], [ -56.504737349999964, -30.00123480999995 ], [ -56.504967169999958, -30.001214689999955 ], [ -56.505195179999959, -30.001194439999949 ], [ -56.505420629999961, -30.001174589999952 ], [ -56.505643569999961, -30.001154929999959 ], [ -56.505863469999959, -30.00113480999995 ], [ -56.506081129999956, -30.001115119999948 ], [ -56.506297829999959, -30.001095189999951 ], [ -56.506513939999962, -30.00107605999996 ], [ -56.506729519999958, -30.001056849999955 ], [ -56.506944349999969, -30.001038069999957 ], [ -56.507160139999968, -30.001019149999948 ], [ -56.507377269999957, -30.001000419999951 ], [ -56.507596309999961, -30.000981479999957 ], [ -56.507816959999964, -30.000962589999947 ], [ -56.508039529999962, -30.000942929999947 ], [ -56.508263, -30.000922699999958 ], [ -56.508487439999961, -30.000902639999953 ], [ -56.508713209999961, -30.000881879999962 ], [ -56.508940149999965, -30.000861149999963 ], [ -56.509168909999957, -30.000840659999941 ], [ -56.509397669999956, -30.000820359999953 ], [ -56.50962588999996, -30.00079898999995 ], [ -56.509853259999957, -30.000775989999948 ], [ -56.510078609999965, -30.000750429999954 ], [ -56.510301809999959, -30.000721689999949 ], [ -56.510522619999961, -30.000690099999957 ], [ -56.510741029999956, -30.000656699999954 ], [ -56.51095713999996, -30.00062203999995 ], [ -56.511171009999956, -30.000586689999956 ], [ -56.511382909999959, -30.000550029999957 ], [ -56.511592769999957, -30.000511899999964 ], [ -56.511801099999957, -30.000471879999949 ], [ -56.512010109999963, -30.000428899999953 ], [ -56.512220939999956, -30.000384079999961 ], [ -56.512434489999968, -30.000336749999956 ], [ -56.512650069999964, -30.000286589999945 ], [ -56.512865479999967, -30.000234509999952 ], [ -56.513080419999959, -30.00018084999996 ], [ -56.513294449999961, -30.000124979999949 ], [ -56.513507739999959, -30.000066259999954 ], [ -56.513720859999957, -30.000006549999952 ], [ -56.513933659999957, -29.999944279999958 ], [ -56.514146619999956, -29.999879739999955 ], [ -56.514360119999957, -29.99981191999996 ], [ -56.514574529999962, -29.999740789999951 ], [ -56.51479031999996, -29.999666459999954 ], [ -56.515007649999959, -29.999589959999948 ], [ -56.515227069999959, -29.999511339999952 ], [ -56.515446179999962, -29.999430679999961 ], [ -56.515663829999959, -29.999348529999956 ], [ -56.515877489999959, -29.999263419999952 ], [ -56.516087839999962, -29.999175849999954 ], [ -56.516295889999959, -29.999088369999956 ], [ -56.516501069999968, -29.999000189999958 ], [ -56.516703299999961, -29.998909979999954 ], [ -56.516903569999961, -29.998817799999948 ], [ -56.517104039999964, -29.998723119999955 ], [ -56.517305159999964, -29.998625789999956 ], [ -56.517506969999957, -29.99852596999995 ], [ -56.51770941999996, -29.998423709999958 ], [ -56.517912619999962, -29.998319009999953 ], [ -56.518116079999956, -29.998211699999946 ], [ -56.518319339999962, -29.998101189999957 ], [ -56.518522529999956, -29.997988039999953 ], [ -56.518725089999961, -29.997871639999953 ], [ -56.518926689999958, -29.997752029999962 ], [ -56.519127109999957, -29.99762998999995 ], [ -56.519326309999968, -29.997506749999953 ], [ -56.519523689999957, -29.99738119999996 ], [ -56.519719309999964, -29.997254279999957 ], [ -56.519913549999956, -29.997125299999954 ], [ -56.520105639999962, -29.996993479999947 ], [ -56.520295819999959, -29.996859699999948 ], [ -56.520484349999961, -29.996725599999948 ], [ -56.520672869999956, -29.996592279999941 ], [ -56.520861179999962, -29.996458529999941 ], [ -56.521048959999959, -29.996323339999961 ], [ -56.521237, -29.996188419999964 ], [ -56.52142493999996, -29.99605303999995 ], [ -56.521613839999958, -29.995917959999947 ], [ -56.52180278999996, -29.995782429999956 ], [ -56.521991099999958, -29.995646969999957 ], [ -56.522177749999962, -29.99551158999995 ], [ -56.522363659999961, -29.995376989999947 ], [ -56.522548979999968, -29.995243799999955 ], [ -56.522734149999962, -29.995111649999959 ], [ -56.522919309999956, -29.994979609999959 ], [ -56.523103829999961, -29.99484707999995 ], [ -56.523287549999957, -29.994714549999955 ], [ -56.523470689999961, -29.994582379999958 ], [ -56.523654249999957, -29.99445058999996 ], [ -56.523837699999959, -29.994318379999957 ], [ -56.524021209999958, -29.994186349999953 ], [ -56.524204979999958, -29.994054769999945 ], [ -56.524388759999958, -29.993923349999964 ], [ -56.524572, -29.99379175999994 ], [ -56.524754759999965, -29.993660529999953 ], [ -56.52493709999996, -29.993529439999953 ], [ -56.525118579999962, -29.993398389999957 ], [ -56.525299309999959, -29.993268189999963 ], [ -56.525479559999958, -29.993139019999951 ], [ -56.525660189999961, -29.993009729999951 ], [ -56.525840919999958, -29.992880309999961 ], [ -56.526022139999959, -29.992751089999956 ], [ -56.526203559999956, -29.992621559999943 ], [ -56.526383759999959, -29.992491539999957 ], [ -56.526562949999956, -29.992362059999955 ], [ -56.526741119999961, -29.992233149999951 ], [ -56.52691971999996, -29.992106089999957 ], [ -56.527098209999956, -29.991979769999954 ], [ -56.527275899999957, -29.991853169999956 ], [ -56.527452469999957, -29.991726279999952 ], [ -56.527627919999958, -29.99159992999995 ], [ -56.527802569999956, -29.991474359999948 ], [ -56.527976319999958, -29.991349289999949 ], [ -56.52814989999996, -29.99122512999995 ], [ -56.528322629999963, -29.991100519999957 ], [ -56.528498289999959, -29.990974159999954 ], [ -56.528675129999961, -29.990847069999965 ], [ -56.528853039999959, -29.990718989999952 ], [ -56.529032059999956, -29.990590119999951 ], [ -56.529212369999961, -29.990460519999957 ], [ -56.529393529999957, -29.990329989999953 ], [ -56.529575919999957, -29.990198379999956 ], [ -56.529759529999957, -29.990065779999956 ], [ -56.52994505999996, -29.989932979999953 ], [ -56.530130599999957, -29.989799389999952 ], [ -56.530316399999961, -29.989665549999952 ], [ -56.530501729999962, -29.989531249999953 ], [ -56.530687419999957, -29.989396489999944 ], [ -56.530874399999959, -29.98926185999996 ], [ -56.531062709999958, -29.989127859999957 ], [ -56.531251289999958, -29.988993909999955 ], [ -56.531439599999956, -29.988859449999957 ], [ -56.531627849999957, -29.98872418999996 ], [ -56.531816589999956, -29.988588789999962 ], [ -56.532006229999965, -29.988452629999962 ], [ -56.532197049999958, -29.988314889999952 ], [ -56.532389099999961, -29.988176889999949 ], [ -56.532581409999956, -29.988038829999955 ], [ -56.532773459999959, -29.987901159999961 ], [ -56.532964969999959, -29.98776357999996 ], [ -56.533155789999959, -29.987626059999943 ], [ -56.533345909999959, -29.987488759999962 ], [ -56.533535399999963, -29.987352409999939 ], [ -56.53372429999996, -29.987216709999956 ], [ -56.533912769999958, -29.987081759999956 ], [ -56.534100329999958, -29.986946879999955 ], [ -56.534286979999969, -29.986812139999959 ], [ -56.534472889999961, -29.986677529999941 ], [ -56.534659179999956, -29.986543849999954 ], [ -56.534845779999962, -29.98640994999996 ], [ -56.535032649999962, -29.986275599999946 ], [ -56.535219469999966, -29.986141809999957 ], [ -56.535405589999961, -29.986007899999954 ], [ -56.535591019999956, -29.985874079999963 ], [ -56.535776069999962, -29.985740579999966 ], [ -56.535960539999962, -29.985607259999963 ], [ -56.536145759999968, -29.985473969999955 ], [ -56.536331879999956, -29.98534031999996 ], [ -56.536518799999961, -29.985206399999953 ], [ -56.536706369999962, -29.985072029999948 ], [ -56.536894779999962, -29.984937339999956 ], [ -56.537084749999956, -29.984802709999958 ], [ -56.537275409999957, -29.984667169999952 ], [ -56.537466649999956, -29.98453085999995 ], [ -56.537658539999967, -29.984393649999959 ], [ -56.537851219999965, -29.984255799999943 ], [ -56.538043589999958, -29.984117979999958 ], [ -56.538235419999957, -29.983981229999952 ], [ -56.538426079999958, -29.983844909999952 ], [ -56.538614869999961, -29.983709629999961 ], [ -56.538801949999957, -29.983576049999957 ], [ -56.538987009999957, -29.983444169999952 ], [ -56.539169559999962, -29.983313509999959 ], [ -56.539349219999956, -29.983183629999953 ], [ -56.539526379999963, -29.983054949999943 ], [ -56.539701779999959, -29.982928889999961 ], [ -56.539875839999958, -29.982804559999948 ], [ -56.540048839999962, -29.982682089999958 ], [ -56.54021953999996, -29.982560029999959 ], [ -56.540388, -29.982439119999949 ], [ -56.540553789999962, -29.982319789999952 ], [ -56.540717389999962, -29.982202149999956 ], [ -56.540878969999959, -29.982086029999962 ], [ -56.541039479999959, -29.981971179999956 ], [ -56.541201639999962, -29.981854 ], [ -56.54136417999996, -29.981736579999961 ], [ -56.541523459999958, -29.98162119999996 ], [ -56.541679859999959, -29.981507639999958 ], [ -56.541834819999956, -29.981396459999957 ], [ -56.54198849999996, -29.981285529999951 ], [ -56.54214127999996, -29.98117532999996 ], [ -56.542292499999959, -29.981065649999952 ], [ -56.542441379999957, -29.980958409999957 ], [ -56.542587, -29.980853589999949 ], [ -56.542729369999961, -29.980752009999964 ], [ -56.542867199999961, -29.980653049999951 ], [ -56.543000969999959, -29.980557479999955 ], [ -56.543131489999958, -29.980464819999955 ], [ -56.543262119999959, -29.980371559999949 ], [ -56.543386719999958, -29.980281259999948 ], [ -56.543504859999956, -29.980195889999955 ], [ -56.543616439999958, -29.980115609999952 ], [ -56.543721449999957, -29.980040319999951 ], [ -56.543820009999962, -29.979970069999951 ], [ -56.543912, -29.979904729999951 ], [ -56.543997219999959, -29.979844289999953 ], [ -56.544076889999957, -29.97978834999995 ], [ -56.544154369999958, -29.979733949999961 ], [ -56.544223579999958, -29.979686119999961 ], [ -56.544284989999959, -29.979646359999961 ], [ -56.54433979999996, -29.97961474999995 ], [ -56.544387229999963, -29.979588659999955 ], [ -56.544426929999958, -29.979566299999956 ], [ -56.544463219999962, -29.979544809999954 ], [ -56.544489149999961, -29.979528299999959 ], [ -56.544505859999958, -29.979517359999953 ], [ -56.544515829999959, -29.979510969999957 ], [ -56.544518959999962, -29.979508789999958 ], [ -56.544519299999962, -29.979508549999956 ], [ -56.544522719999961, -29.979506179999948 ], [ -56.544525809999961, -29.979504019999968 ], [ -56.544529279999956, -29.979501509999963 ], [ -56.544533179999959, -29.979498799999948 ], [ -56.544538189999962, -29.979495239999949 ], [ -56.544541129999956, -29.979493099999956 ], [ -56.544541309999957, -29.979492959999956 ], [ -56.544542939999957, -29.979491699999961 ], [ -56.544546299999958, -29.979489269999942 ], [ -56.54455104999996, -29.979485629999957 ], [ -56.544559109999959, -29.979479829999953 ], [ -56.544571649999966, -29.979471149999959 ], [ -56.544588299999958, -29.979460129999957 ], [ -56.544605849999961, -29.979449399999954 ], [ -56.544619029999957, -29.979442059999961 ], [ -56.544621569999961, -29.979440729999954 ], [ -56.544633439999956, -29.97943290999995 ], [ -56.544649449999959, -29.979420229999949 ], [ -56.544666789999958, -29.979396839999946 ], [ -56.544694219999968, -29.979360849999949 ], [ -56.544749659999965, -29.979310459999958 ], [ -56.54484036999996, -29.97924015999995 ], [ -56.544961769999958, -29.97914685999995 ], [ -56.545117, -29.979032669999956 ], [ -56.545288179999957, -29.978909519999959 ], [ -56.545460159999969, -29.97878745999996 ], [ -56.545632679999962, -29.978665919999958 ], [ -56.545804389999958, -29.978543249999959 ], [ -56.545975949999956, -29.978420359999948 ], [ -56.546147019999957, -29.978296819999951 ], [ -56.546317989999956, -29.978173139999953 ], [ -56.546489009999959, -29.978049089999953 ], [ -56.546660729999957, -29.977925579999948 ], [ -56.546832389999956, -29.977801789999951 ], [ -56.547004689999959, -29.977678089999955 ], [ -56.547177419999962, -29.977553889999953 ], [ -56.547350739999956, -29.977429129999948 ], [ -56.547525599999958, -29.977303599999956 ], [ -56.547702859999958, -29.977177069999957 ], [ -56.547882319999964, -29.977047979999959 ], [ -56.548063049999961, -29.976917579999956 ], [ -56.548244959999963, -29.976786359999956 ], [ -56.54842792999996, -29.97665428999996 ], [ -56.548611809999962, -29.97652260999995 ], [ -56.548795319999961, -29.976391369999948 ], [ -56.548977169999965, -29.976260969999956 ], [ -56.54915864999996, -29.976132 ], [ -56.549337409999957, -29.976002599999948 ], [ -56.549514199999962, -29.975873839999959 ], [ -56.549689489999956, -29.975745949999954 ], [ -56.549863449999961, -29.975619199999947 ], [ -56.550036489999961, -29.97549372999995 ], [ -56.550209279999969, -29.975369909999959 ], [ -56.550382109999958, -29.975246579999951 ], [ -56.550556599999958, -29.975122159999952 ], [ -56.550733389999962, -29.974996579999956 ], [ -56.55091155999996, -29.974870559999953 ], [ -56.551090799999962, -29.974743319999952 ], [ -56.551271259999957, -29.97461597999996 ], [ -56.55145257999996, -29.97448905999995 ], [ -56.551634439999965, -29.974363259999951 ], [ -56.551817089999965, -29.974239059999949 ], [ -56.552000329999963, -29.974116749999961 ], [ -56.552183149999962, -29.973995219999953 ], [ -56.552365639999969, -29.973874779999957 ], [ -56.552547819999958, -29.973755319999956 ], [ -56.55272886999996, -29.973636629999959 ], [ -56.552908959999961, -29.973518639999959 ], [ -56.553088249999959, -29.97340194999996 ], [ -56.553267169999963, -29.973287339999949 ], [ -56.55344550999996, -29.973174389999965 ], [ -56.553624259999957, -29.973064319999953 ], [ -56.553802809999958, -29.972956129999954 ], [ -56.553980869999961, -29.972849379999957 ], [ -56.554158029999961, -29.972744259999956 ], [ -56.554333959999958, -29.97263923999995 ], [ -56.554509089999961, -29.972535579999956 ], [ -56.554683209999958, -29.972431529999955 ], [ -56.55485636999996, -29.972327969999959 ], [ -56.55502957999996, -29.972224509999961 ], [ -56.555215639999957, -29.972116229999948 ], [ -56.555413509999958, -29.972003929999957 ], [ -56.555613019999967, -29.971891409999955 ], [ -56.555813229999956, -29.971779949999966 ], [ -56.556014669999968, -29.971669339999949 ], [ -56.556215629999961, -29.971558589999951 ], [ -56.556417229999958, -29.971449689999957 ], [ -56.556618769999957, -29.971342249999957 ], [ -56.556821169999957, -29.971236819999955 ], [ -56.557023399999956, -29.971131849999956 ], [ -56.557225369999962, -29.971026749999957 ], [ -56.557427769999961, -29.970920549999956 ], [ -56.557630699999962, -29.970815019999954 ], [ -56.557836359999961, -29.97070998999995 ], [ -56.55804408999996, -29.970607159999954 ], [ -56.558254009999956, -29.97050452999995 ], [ -56.558464149999956, -29.970403399999956 ], [ -56.558673689999956, -29.970302599999954 ], [ -56.558882279999956, -29.970201549999942 ], [ -56.559090709999957, -29.970101509999949 ], [ -56.559298549999959, -29.970002779999952 ], [ -56.559505429999959, -29.969905649999955 ], [ -56.559711139999969, -29.96981043999995 ], [ -56.559917109999958, -29.969717529999947 ], [ -56.560123029999964, -29.969626959999946 ], [ -56.560327509999958, -29.969537889999948 ], [ -56.560530649999961, -29.969450039999955 ], [ -56.560732299999962, -29.969363399999967 ], [ -56.560933899999959, -29.969277099999964 ], [ -56.561135499999963, -29.969190139999949 ], [ -56.561337839999965, -29.969103279999949 ], [ -56.561541089999956, -29.969016629999967 ], [ -56.561744399999959, -29.968929269999947 ], [ -56.561947059999966, -29.968841639999958 ], [ -56.562148869999959, -29.968754729999947 ], [ -56.562350099999961, -29.968667529999944 ], [ -56.562551429999964, -29.968581139999959 ], [ -56.562752969999963, -29.968494109999948 ], [ -56.562954889999958, -29.96840806999996 ], [ -56.563156109999959, -29.968322059999949 ], [ -56.563357179999969, -29.968236589999965 ], [ -56.563557709999962, -29.968150909999956 ], [ -56.563757059999958, -29.968065099999947 ], [ -56.56395459999996, -29.967979909999954 ], [ -56.564150119999958, -29.967894619999949 ], [ -56.564343929999957, -29.967810139999962 ], [ -56.564537139999956, -29.96772719999996 ], [ -56.564728819999956, -29.967645379999951 ], [ -56.56491941999996, -29.96756391999995 ], [ -56.56511349999996, -29.967482199999957 ], [ -56.565305379999963, -29.967394249999955 ], [ -56.565497429999965, -29.967311039999949 ], [ -56.565704469999957, -29.967245249999952 ], [ -56.565878849999962, -29.96715530999996 ], [ -56.566055469999959, -29.967071349999951 ], [ -56.566235359999958, -29.966994619999955 ], [ -56.566411659999964, -29.966918769999957 ], [ -56.56658438999996, -29.966843939999965 ], [ -56.566753329999962, -29.966770859999951 ], [ -56.566918639999962, -29.966699629999951 ], [ -56.567080269999956, -29.966629599999958 ], [ -56.567237899999959, -29.966561469999956 ], [ -56.567391469999961, -29.966494509999961 ], [ -56.567541469999966, -29.966429949999963 ], [ -56.567692209999962, -29.966365669999959 ], [ -56.567841249999965, -29.966302139999954 ], [ -56.567984039999956, -29.966240869999965 ], [ -56.568120489999956, -29.966182169999957 ], [ -56.568250849999956, -29.966126619999958 ], [ -56.568374859999956, -29.966073609999949 ], [ -56.568492139999961, -29.966023399999948 ], [ -56.568604419999957, -29.965975469999954 ], [ -56.568715189999956, -29.965927909999952 ], [ -56.568816469999959, -29.965884699999958 ], [ -56.568907239999959, -29.965846129999957 ], [ -56.568987279999959, -29.965812059999955 ], [ -56.569056539999956, -29.965782129999958 ], [ -56.569116569999956, -29.965756099999957 ], [ -56.569167269999959, -29.965734409999961 ], [ -56.569210009999956, -29.965716429999951 ], [ -56.569245069999958, -29.965701649999939 ], [ -56.56927419999996, -29.965689229999963 ], [ -56.569286819999959, -29.965683769999963 ], [ -56.569299439999959, -29.965678309999959 ], [ -56.569325479999961, -29.965667289999956 ], [ -56.569353339999957, -29.965655459999955 ], [ -56.569381079999957, -29.96564354999996 ], [ -56.569406059999956, -29.965632559999957 ], [ -56.569427449999957, -29.965623189999953 ], [ -56.569443689999957, -29.965615809999953 ], [ -56.569445489999957, -29.965614989999949 ], [ -56.569465339999958, -29.965606099999963 ], [ -56.56948854999996, -29.965595899999947 ], [ -56.56951645999996, -29.965583889999952 ], [ -56.569547039999961, -29.965570869999947 ], [ -56.569578519999958, -29.965558039999959 ], [ -56.569612349999957, -29.965547849999957 ], [ -56.569643779999964, -29.965541469999948 ], [ -56.569667579999958, -29.965539049999947 ], [ -56.569685399999962, -29.965536249999957 ], [ -56.569699699999958, -29.965532049999958 ], [ -56.569714859999962, -29.96552340999996 ], [ -56.569734279999956, -29.965507529999954 ], [ -56.569760639999956, -29.965488309999959 ], [ -56.569792709999959, -29.965469639999956 ], [ -56.569828139999956, -29.965452929999966 ], [ -56.56986639999996, -29.96543834999995 ], [ -56.569907599999965, -29.96542537999996 ], [ -56.569946599999959, -29.965417179999957 ], [ -56.569977339999959, -29.965412069999957 ], [ -56.569997129999962, -29.965406559999952 ], [ -56.570003909999961, -29.965403849999948 ], [ -56.570005509999959, -29.965402899999962 ], [ -56.570010209999957, -29.965400619999947 ], [ -56.57001874999996, -29.965396969999958 ], [ -56.570033529999961, -29.965390499999941 ], [ -56.570051829999962, -29.96538290999996 ], [ -56.570066339999968, -29.96537776999995 ], [ -56.570071089999956, -29.965376089999971 ], [ -56.570099369999959, -29.965365509999963 ], [ -56.570121519999958, -29.965355009999961 ], [ -56.570147399999961, -29.965343609999952 ], [ -56.570175309999961, -29.965332349999951 ], [ -56.57020406999996, -29.965322219999948 ], [ -56.570228989999961, -29.96531283999995 ], [ -56.570244939999959, -29.96530528999995 ], [ -56.57027396999996, -29.965292169999959 ], [ -56.57031372999996, -29.965272249999963 ], [ -56.570361159999962, -29.965246179999941 ], [ -56.570414419999956, -29.965215579999956 ], [ -56.57047449999996, -29.96518448999996 ], [ -56.570543819999962, -29.965151599999949 ], [ -56.570622309999969, -29.965115959999952 ], [ -56.570709819999962, -29.965077379999958 ], [ -56.570805499999956, -29.965035259999951 ], [ -56.570908379999956, -29.964990049999955 ], [ -56.57101722999996, -29.964943169999959 ], [ -56.571128759999958, -29.964894449999953 ], [ -56.571242149999961, -29.964845019999949 ], [ -56.571356449999961, -29.964794979999958 ], [ -56.571471499999959, -29.964745089999962 ], [ -56.571586539999963, -29.964695849999966 ], [ -56.571698969999957, -29.964647269999954 ], [ -56.57180659999996, -29.964600449999949 ], [ -56.57190750999996, -29.964556249999962 ], [ -56.572001419999957, -29.964515849999952 ], [ -56.572088609999959, -29.964478919999955 ], [ -56.572174199999957, -29.964442769999948 ], [ -56.572251839999957, -29.964409809999964 ], [ -56.572318539999969, -29.96438137999996 ], [ -56.572374889999956, -29.964356859999956 ], [ -56.572421689999956, -29.964336869999947 ], [ -56.572463529999958, -29.964319369999959 ], [ -56.572489619999956, -29.964308029999959 ], [ -56.572506159999961, -29.964300839999961 ], [ -56.572507809999969, -29.964300149999957 ], [ -56.572522649999961, -29.964293919999953 ], [ -56.57254238999996, -29.964285539999953 ], [ -56.572560799999962, -29.964278119999957 ], [ -56.572573879999958, -29.96427215999995 ], [ -56.572575219999962, -29.964271559999958 ], [ -56.572587319999961, -29.96426617999996 ], [ -56.572603869999959, -29.964258819999966 ], [ -56.572624359999956, -29.964250029999953 ], [ -56.572649329999962, -29.964244529999956 ], [ -56.572677499999962, -29.964243749999948 ], [ -56.572701569999957, -29.964243769999964 ], [ -56.572718649999956, -29.964241689999948 ], [ -56.572734389999958, -29.964232589999952 ], [ -56.57275519999996, -29.964223839999956 ], [ -56.572787269999957, -29.964208729999942 ], [ -56.572829849999962, -29.964187329999948 ], [ -56.57287936999996, -29.96415815999995 ], [ -56.572938869999959, -29.964123459999954 ], [ -56.573008499999958, -29.964087259999953 ], [ -56.573090039999961, -29.964050889999957 ], [ -56.57318, -29.964010869999964 ], [ -56.573277069999961, -29.96396737999995 ], [ -56.573382719999962, -29.96392117999995 ], [ -56.57349733999996, -29.963871949999948 ], [ -56.573610789999961, -29.963822809999957 ], [ -56.57371931999996, -29.963775019999947 ], [ -56.573822309999962, -29.963730879999957 ], [ -56.573917929999958, -29.963689429999949 ], [ -56.574006029999957, -29.963650489999949 ], [ -56.574090709999965, -29.963613599999949 ], [ -56.574169629999957, -29.963579879999944 ], [ -56.574237349999962, -29.96355035999996 ], [ -56.574295029999959, -29.96352571999995 ], [ -56.574342629999961, -29.963505739999963 ], [ -56.574385319999962, -29.963487779999951 ], [ -56.574416209999967, -29.963475309999943 ], [ -56.574432539999961, -29.96346843999995 ], [ -56.574437979999956, -29.963466019999949 ], [ -56.57444342999996, -29.96346359999994 ], [ -56.574456449999957, -29.963458029999956 ], [ -56.574472779999958, -29.96345113999995 ], [ -56.574489099999958, -29.963444329999952 ], [ -56.574501699999956, -29.963438819999947 ], [ -56.574503089999958, -29.96343812999995 ], [ -56.574515629999958, -29.963431869999958 ], [ -56.574535, -29.963424659999951 ], [ -56.574559059999963, -29.963420549999949 ], [ -56.574585739999961, -29.963419509999955 ], [ -56.574607989999961, -29.963417309999958 ], [ -56.574623629999962, -29.963413949999957 ], [ -56.574626239999958, -29.963413099999951 ], [ -56.574632169999958, -29.963410609999961 ], [ -56.574643689999959, -29.963405769999952 ], [ -56.574664979999959, -29.963394909999955 ], [ -56.574695179999956, -29.96337688999995 ], [ -56.574738089999961, -29.963348739999958 ], [ -56.574809589999958, -29.963310059999959 ], [ -56.574921699999962, -29.963257039999956 ], [ -56.575071909999956, -29.963187529999949 ], [ -56.575260009999958, -29.96310431999996 ], [ -56.575481829999958, -29.963009059999958 ], [ -56.575711499999962, -29.962909879999955 ], [ -56.575941529999959, -29.962810209999951 ], [ -56.576171839999958, -29.962710379999955 ], [ -56.576402569999964, -29.962610769999944 ], [ -56.576633089999959, -29.962510709999954 ], [ -56.576863719999956, -29.962411229999958 ], [ -56.577094399999957, -29.962312079999958 ], [ -56.577325819999956, -29.962212629999947 ], [ -56.577558259999961, -29.962112989999969 ], [ -56.577791549999958, -29.962013099999954 ], [ -56.578025379999957, -29.961912809999948 ], [ -56.578259739999957, -29.961812169999956 ], [ -56.578494639999967, -29.961711349999959 ], [ -56.578729209999956, -29.961609469999949 ], [ -56.57896249999996, -29.961507599999955 ], [ -56.579194409999957, -29.961406179999955 ], [ -56.579425939999965, -29.96130606999996 ], [ -56.579656679999957, -29.961206569999963 ], [ -56.57988462999996, -29.961105669999942 ], [ -56.580117549999969, -29.961009519999948 ], [ -56.580347909999958, -29.960910869999957 ], [ -56.580578699999961, -29.960811789999958 ], [ -56.580809959999961, -29.96071283999996 ], [ -56.581040429999959, -29.960613819999953 ], [ -56.58126955999996, -29.960513619999951 ], [ -56.581498639999957, -29.960414019999948 ], [ -56.581727499999957, -29.960314509999954 ], [ -56.581957489999958, -29.960215459999944 ], [ -56.582188279999961, -29.960116 ], [ -56.582419809999962, -29.960016099999947 ], [ -56.582651929999962, -29.959917169999958 ], [ -56.582884739999962, -29.959817959999956 ], [ -56.583118189999965, -29.959717739999952 ], [ -56.583352129999959, -29.959616609999959 ], [ -56.583586279999956, -29.959515449999969 ], [ -56.58382084999996, -29.959414069999948 ], [ -56.584055419999956, -29.959312339999961 ], [ -56.584290749999958, -29.959210669999955 ], [ -56.584526599999961, -29.959109509999941 ], [ -56.584762989999959, -29.959007909999954 ], [ -56.585000179999959, -29.958906209999952 ], [ -56.585237629999959, -29.958803939999953 ], [ -56.585475039999956, -29.958701899999951 ], [ -56.585712119999961, -29.958599689999954 ], [ -56.585948929999958, -29.95849709999996 ], [ -56.586186339999962, -29.95839417999996 ], [ -56.586425019999957, -29.958291249999949 ], [ -56.586664879999958, -29.958188279999959 ], [ -56.586906119999959, -29.958085239999953 ], [ -56.587149179999962, -29.957982879999957 ], [ -56.587393199999958, -29.957880209999949 ], [ -56.587637329999957, -29.957776129999949 ], [ -56.587881399999958, -29.957670779999958 ], [ -56.588125259999956, -29.957565459999955 ], [ -56.588368739999957, -29.95745996999996 ], [ -56.588611749999956, -29.957354689999953 ], [ -56.588854969999957, -29.957250389999956 ], [ -56.589099249999961, -29.95714605999995 ], [ -56.589344549999957, -29.95703982999995 ], [ -56.589588839999962, -29.956933279999959 ], [ -56.589832969999961, -29.956827789999956 ], [ -56.590077249999958, -29.956723669999946 ], [ -56.590321479999957, -29.956619599999957 ], [ -56.590563949999961, -29.956515009999961 ], [ -56.590805569999958, -29.956410069999947 ], [ -56.591047139999958, -29.956305139999959 ], [ -56.591288859999956, -29.956200489999958 ], [ -56.591531009999962, -29.956095769999958 ], [ -56.591773269999962, -29.955991619999956 ], [ -56.592015369999956, -29.955888449999957 ], [ -56.59225724999996, -29.955784569999949 ], [ -56.592498869999957, -29.955680769999951 ], [ -56.592740169999956, -29.955576919999952 ], [ -56.592980779999962, -29.955472239999953 ], [ -56.593221489999962, -29.955367749999947 ], [ -56.593461719999958, -29.955263419999959 ], [ -56.593701519999961, -29.955159059999961 ], [ -56.593941219999962, -29.955055259999959 ], [ -56.594180489999957, -29.954951389999962 ], [ -56.594419859999959, -29.954847179999955 ], [ -56.594659769999957, -29.954743909999952 ], [ -56.594900269999961, -29.95464130999995 ], [ -56.595141189999957, -29.954538449999966 ], [ -56.59538227999996, -29.954434789999951 ], [ -56.595623519999968, -29.954331289999942 ], [ -56.595865029999963, -29.954228939999954 ], [ -56.596105799999961, -29.954125139999967 ], [ -56.596346349999962, -29.954022359999957 ], [ -56.596586529999961, -29.95391921999996 ], [ -56.596827559999959, -29.953816779999951 ], [ -56.597066349999956, -29.953712739999961 ], [ -56.597305399999961, -29.95360924999996 ], [ -56.597544669999962, -29.953505719999953 ], [ -56.597784049999959, -29.953402139999948 ], [ -56.598024339999959, -29.953299029999965 ], [ -56.598264619999959, -29.953195679999947 ], [ -56.59850447999996, -29.953090899999946 ], [ -56.598744489999959, -29.952986409999948 ], [ -56.598984939999958, -29.95288316999995 ], [ -56.599224849999956, -29.952781139999956 ], [ -56.599464379999958, -29.952678319999961 ], [ -56.599703869999956, -29.952575119999949 ], [ -56.599943829999958, -29.952471829999954 ], [ -56.600184699999957, -29.952367939999949 ], [ -56.600426589999962, -29.952263529999954 ], [ -56.600669009999969, -29.952159329999954 ], [ -56.600911959999962, -29.952055349999952 ], [ -56.601154319999956, -29.951950699999948 ], [ -56.601396049999956, -29.95184590999995 ], [ -56.601636549999959, -29.951741649999963 ], [ -56.60187666999996, -29.951637379999955 ], [ -56.60211582999996, -29.951532909999948 ], [ -56.602354779999963, -29.951428109999966 ], [ -56.602594689999961, -29.951323669999955 ], [ -56.602834979999962, -29.951218839999957 ], [ -56.603074619999958, -29.951113449999959 ], [ -56.603313139999962, -29.951007589999953 ], [ -56.603550009999957, -29.950901809999952 ], [ -56.603783949999958, -29.950795049999957 ], [ -56.60401600999996, -29.950688739999951 ], [ -56.604246209999957, -29.950582139999952 ], [ -56.604474699999962, -29.950474979999957 ], [ -56.60470190999996, -29.950366389999957 ], [ -56.60492847999997, -29.95025740999996 ], [ -56.605154149999962, -29.950148419999962 ], [ -56.605378049999956, -29.950039509999954 ], [ -56.605600879999962, -29.949930159999958 ], [ -56.605821579999962, -29.949820559999953 ], [ -56.606040579999956, -29.949709719999955 ], [ -56.606258609999962, -29.949597389999955 ], [ -56.606475839999959, -29.949484 ], [ -56.606692969999962, -29.94936996999995 ], [ -56.606909289999962, -29.949254669999952 ], [ -56.607125239999959, -29.94913813999996 ], [ -56.607341189999957, -29.949020469999947 ], [ -56.607558209999965, -29.948901149999951 ], [ -56.607775919999959, -29.948780259999964 ], [ -56.607992569999958, -29.948659079999956 ], [ -56.60820856999996, -29.948536689999951 ], [ -56.608425699999962, -29.948413419999952 ], [ -56.608642129999957, -29.948288889999954 ], [ -56.608857119999961, -29.94816310999995 ], [ -56.609069819999959, -29.948036159999955 ], [ -56.609280429999956, -29.947908469999945 ], [ -56.609489449999963, -29.947778919999951 ], [ -56.609699689999964, -29.947647569999948 ], [ -56.609912549999962, -29.947515019999955 ], [ -56.610128129999957, -29.947380839999958 ], [ -56.610344929999961, -29.947244329999958 ], [ -56.61056175999996, -29.947105809999957 ], [ -56.610777259999963, -29.946965259999949 ], [ -56.610992619999962, -29.946824629999959 ], [ -56.611208419999961, -29.946684859999969 ], [ -56.611422499999961, -29.946543189999957 ], [ -56.611634339999959, -29.946399659999933 ], [ -56.611844479999959, -29.946255339999954 ], [ -56.612053219999957, -29.946110569999945 ], [ -56.61226055999996, -29.945965149999964 ], [ -56.612467139999957, -29.945819759999956 ], [ -56.612673119999961, -29.945672969999951 ], [ -56.61287860999996, -29.94552507999995 ], [ -56.613084079999958, -29.945375919999957 ], [ -56.613288609999962, -29.945224749999948 ], [ -56.613492499999957, -29.945071619999954 ], [ -56.61369588999996, -29.944916869999957 ], [ -56.613899429999961, -29.944760309999943 ], [ -56.614103669999956, -29.944602709999945 ], [ -56.614309609999957, -29.94444372999995 ], [ -56.61451806999996, -29.944283679999955 ], [ -56.614728339999957, -29.944121849999963 ], [ -56.61493937999996, -29.943960059999959 ], [ -56.615149749999958, -29.943798819999948 ], [ -56.615359119999958, -29.943637709999955 ], [ -56.615567679999963, -29.943476579999952 ], [ -56.615775519999957, -29.943315539999961 ], [ -56.615983009999958, -29.943154829999951 ], [ -56.616190099999962, -29.942994759999955 ], [ -56.616396209999962, -29.942835159999948 ], [ -56.616602209999961, -29.942676259999949 ], [ -56.616808979999959, -29.942517369999955 ], [ -56.617016579999962, -29.942358469999952 ], [ -56.617222929999961, -29.942199989999967 ], [ -56.617428769999961, -29.942042319999949 ], [ -56.617633619999957, -29.941884919999953 ], [ -56.617837219999956, -29.941727609999955 ], [ -56.618040149999956, -29.941571369999963 ], [ -56.618242119999962, -29.941416249999953 ], [ -56.618443719999959, -29.941261389999951 ], [ -56.618645639999961, -29.941106089999952 ], [ -56.618846379999958, -29.940950569999952 ], [ -56.619046349999962, -29.940796039999949 ], [ -56.619245889999959, -29.940642909999958 ], [ -56.619444049999956, -29.940490299999947 ], [ -56.619641319999957, -29.94033819999996 ], [ -56.619838919999957, -29.94018714999995 ], [ -56.620036509999956, -29.940036929999962 ], [ -56.620233229999961, -29.939886799999954 ], [ -56.620428339999961, -29.93973692999996 ], [ -56.620621959999959, -29.939587319999948 ], [ -56.620814039999956, -29.93943830999995 ], [ -56.621005809999957, -29.939291 ], [ -56.621195829999962, -29.939144 ], [ -56.621385639999964, -29.938997769999965 ], [ -56.621575249999957, -29.93885112999995 ], [ -56.621765589999967, -29.938704349999952 ], [ -56.62195648999996, -29.938556289999951 ], [ -56.622148539999962, -29.938408329999952 ], [ -56.622341089999956, -29.938260639999957 ], [ -56.622534199999961, -29.938112579999952 ], [ -56.622726749999956, -29.937963619999952 ], [ -56.622918719999966, -29.937815009999955 ], [ -56.623110609999969, -29.937667109999953 ], [ -56.623302199999962, -29.937519519999949 ], [ -56.623493439999962, -29.93737285999995 ], [ -56.623684159999961, -29.937227399999951 ], [ -56.62387358999996, -29.937082059999959 ], [ -56.624063229999962, -29.936937579999956 ], [ -56.62425084999996, -29.936791139999947 ], [ -56.624437129999968, -29.936644769999948 ], [ -56.624624719999957, -29.936500189999947 ], [ -56.624816069999966, -29.936358279999954 ], [ -56.625010729999957, -29.936217489999954 ], [ -56.62519015999996, -29.936061249999948 ], [ -56.62538252999996, -29.935915159999947 ], [ -56.62557616999996, -29.935768729999968 ], [ -56.625770479999964, -29.935620689999961 ], [ -56.625964719999956, -29.935471089999965 ], [ -56.626160209999959, -29.935321479999953 ], [ -56.626355369999963, -29.935170129999957 ], [ -56.626551659999961, -29.935018609999954 ], [ -56.62674863999996, -29.934866299999957 ], [ -56.626947439999959, -29.934713849999945 ], [ -56.627147249999958, -29.934560729999955 ], [ -56.627347909999962, -29.934407019999949 ], [ -56.627547989999961, -29.934251789999941 ], [ -56.627747849999956, -29.934095759999952 ], [ -56.627947849999956, -29.933940739999954 ], [ -56.628147279999958, -29.933786229999953 ], [ -56.628347729999959, -29.93363230999995 ], [ -56.628549599999957, -29.933477509999957 ], [ -56.628752849999962, -29.933321719999959 ], [ -56.62895582999996, -29.933165799999955 ], [ -56.62915798999996, -29.933010359999958 ], [ -56.629360229999961, -29.932856069999968 ], [ -56.629561399999957, -29.932702609999957 ], [ -56.629761769999959, -29.932549879999957 ], [ -56.629960509999961, -29.932397089999952 ], [ -56.630156269999958, -29.932244069999957 ], [ -56.630350259999958, -29.932092459999957 ], [ -56.630543479999957, -29.931943209999954 ], [ -56.630735579999957, -29.931796239999947 ], [ -56.630925539999957, -29.931650869999952 ], [ -56.631113079999956, -29.931507009999951 ], [ -56.63129810999996, -29.931365039999957 ], [ -56.631480099999962, -29.931224559999947 ], [ -56.631659279999958, -29.931086419999957 ], [ -56.63183534999996, -29.930950299999953 ], [ -56.632009359999962, -29.930816669999952 ], [ -56.632180799999958, -29.93068472999996 ], [ -56.632350709999962, -29.930555169999955 ], [ -56.632516839999958, -29.930426639999961 ], [ -56.632680979999961, -29.930300329999952 ], [ -56.632841679999956, -29.930175719999962 ], [ -56.63300007999996, -29.930053459999961 ], [ -56.633155809999963, -29.929933199999947 ], [ -56.633309199999957, -29.92981467999995 ], [ -56.633461619999956, -29.929695639999963 ], [ -56.633615969999958, -29.92957790999996 ], [ -56.633769139999956, -29.929460619999954 ], [ -56.633921199999961, -29.929344269999948 ], [ -56.634075969999962, -29.929225489999954 ], [ -56.634225859999958, -29.929094339999953 ], [ -56.63440226999996, -29.928977479999947 ], [ -56.634566619999958, -29.928842349999957 ], [ -56.634741489999961, -29.928707779999954 ], [ -56.634922799999956, -29.928570109999949 ], [ -56.635108529999961, -29.928427909999968 ], [ -56.635296119999957, -29.928283519999955 ], [ -56.635483569999963, -29.928139859999948 ], [ -56.635670099999956, -29.927996479999958 ], [ -56.635854, -29.927853549999949 ], [ -56.63603580999996, -29.927712479999958 ], [ -56.636216219999959, -29.927574159999956 ], [ -56.636394229999958, -29.927437579999953 ], [ -56.636570269999957, -29.927301959999941 ], [ -56.636745049999959, -29.927167399999963 ], [ -56.636919679999956, -29.927032619999949 ], [ -56.637095339999959, -29.926897089999954 ], [ -56.637272149999959, -29.926760629999947 ], [ -56.637449409999967, -29.926623369999959 ], [ -56.637627749999957, -29.926486109999956 ], [ -56.63780631999996, -29.926348399999956 ], [ -56.637985159999957, -29.926211159999948 ], [ -56.638164289999963, -29.92607458999996 ], [ -56.63834304999996, -29.92593714999995 ], [ -56.638521889999957, -29.925799429999955 ], [ -56.638700539999959, -29.925661269999953 ], [ -56.638879059999958, -29.925523259999959 ], [ -56.639057949999959, -29.925386109999955 ], [ -56.639237159999958, -29.925249039999954 ], [ -56.639416029999957, -29.925111349999952 ], [ -56.639595, -29.924973749999957 ], [ -56.639773919999961, -29.924835859999963 ], [ -56.639953749999961, -29.924698229999951 ], [ -56.64013476999996, -29.924560669999956 ], [ -56.640317239999966, -29.924422339999968 ], [ -56.640501679999964, -29.924283919999962 ], [ -56.640687649999961, -29.924145549999949 ], [ -56.64087475999996, -29.924008419999954 ], [ -56.641063199999962, -29.92387310999996 ], [ -56.641253239999962, -29.923739439999956 ], [ -56.641444759999956, -29.923607419999957 ], [ -56.641637489999958, -29.923476599999944 ], [ -56.641831569999958, -29.92334741999996 ], [ -56.642026919999964, -29.92322 ], [ -56.64222309999996, -29.923094279999958 ], [ -56.64241949999996, -29.92296982999996 ], [ -56.642615949999957, -29.92284676999995 ], [ -56.642812929999963, -29.922725589999949 ], [ -56.643010339999961, -29.922606179999946 ], [ -56.643208519999959, -29.922489079999956 ], [ -56.64340733999996, -29.922374099999953 ], [ -56.64360733999996, -29.922261329999952 ], [ -56.643807919999958, -29.922149609999959 ], [ -56.644007939999959, -29.922038649999948 ], [ -56.644207539999961, -29.921928599999955 ], [ -56.644406629999956, -29.921820049999958 ], [ -56.64460555999996, -29.921713319999945 ], [ -56.644804359999966, -29.921608339999953 ], [ -56.645003629999962, -29.92150559999995 ], [ -56.64520386999996, -29.921405629999949 ], [ -56.64540377999996, -29.921306859999959 ], [ -56.645603829999963, -29.92120946999994 ], [ -56.645804469999959, -29.921113769999945 ], [ -56.646005669999958, -29.921019449999957 ], [ -56.646207209999957, -29.920926369999965 ], [ -56.646409179999957, -29.92083455999995 ], [ -56.646611449999959, -29.92074396999995 ], [ -56.646813599999959, -29.920654689999964 ], [ -56.647016859999958, -29.920567449999965 ], [ -56.647221759999958, -29.920481679999959 ], [ -56.647428769999962, -29.920396829999952 ], [ -56.647638029999968, -29.920314089999955 ], [ -56.647848989999957, -29.920232649999953 ], [ -56.648062569999958, -29.920151409999963 ], [ -56.648278039999958, -29.920070269999957 ], [ -56.64849566999996, -29.919988869999951 ], [ -56.648715009999968, -29.919907129999949 ], [ -56.648936329999962, -29.919825089999957 ], [ -56.649158649999961, -29.919742459999949 ], [ -56.649381009999956, -29.919659699999951 ], [ -56.649603179999957, -29.919577439999948 ], [ -56.649824699999961, -29.919496459999948 ], [ -56.650044839999957, -29.919415519999959 ], [ -56.650263679999959, -29.91933408999995 ], [ -56.650482139999959, -29.919253209999948 ], [ -56.650701879999957, -29.919172389999957 ], [ -56.65092278999996, -29.919091619999961 ], [ -56.651143759999961, -29.919010149999959 ], [ -56.651366139999958, -29.918928309999952 ], [ -56.651590039999959, -29.918846729999952 ], [ -56.651812929999956, -29.918764099999962 ], [ -56.652034859999958, -29.918680739999957 ], [ -56.65225627999996, -29.918598229999954 ], [ -56.65247748999996, -29.918516669999949 ], [ -56.652697729999957, -29.918435679999956 ], [ -56.652917929999958, -29.918356119999952 ], [ -56.653137399999963, -29.918276519999953 ], [ -56.653354759999957, -29.918196219999952 ], [ -56.653570499999958, -29.918116259999952 ], [ -56.653784399999964, -29.918036659999952 ], [ -56.653996719999959, -29.917957829999953 ], [ -56.654207599999957, -29.91787930999995 ], [ -56.65441674999996, -29.917801469999951 ], [ -56.654624409999961, -29.917724359999948 ], [ -56.654831209999962, -29.91764808999995 ], [ -56.655039289999962, -29.917570919999957 ], [ -56.655249069999961, -29.917493659999948 ], [ -56.655459129999961, -29.917417079999957 ], [ -56.655669049999958, -29.917340839999955 ], [ -56.655878729999962, -29.917264679999942 ], [ -56.656088199999957, -29.91718811999996 ], [ -56.656297459999962, -29.917111639999959 ], [ -56.656506339999957, -29.917035189999954 ], [ -56.656714919999963, -29.916958429999948 ], [ -56.656923959999958, -29.916881389999961 ], [ -56.657132739999959, -29.916803529999957 ], [ -56.657342019999966, -29.916725609999954 ], [ -56.657551889999958, -29.916647669999957 ], [ -56.65776247999996, -29.916569709999958 ], [ -56.657973549999966, -29.916491479999952 ], [ -56.658185199999956, -29.916412549999958 ], [ -56.658397709999967, -29.916333819999952 ], [ -56.658609499999962, -29.916255299999964 ], [ -56.658821659999965, -29.916177339999955 ], [ -56.65903336999996, -29.916099369999948 ], [ -56.659244949999959, -29.916021979999957 ], [ -56.659455859999959, -29.915944449999948 ], [ -56.659665969999956, -29.915867479999953 ], [ -56.659875649999961, -29.915790539999957 ], [ -56.66008431999996, -29.915713919999948 ], [ -56.66029135999996, -29.915637749999949 ], [ -56.660496549999962, -29.915562169999951 ], [ -56.660699969999961, -29.915487869999954 ], [ -56.660900949999956, -29.915413639999947 ], [ -56.661099829999962, -29.915339669999959 ], [ -56.661296619999959, -29.91526676999996 ], [ -56.661491039999959, -29.915194619999959 ], [ -56.661683459999963, -29.915123869999945 ], [ -56.661873739999962, -29.915053739999955 ], [ -56.662062189999958, -29.914985079999944 ], [ -56.662248519999956, -29.914917049999961 ], [ -56.662432219999957, -29.914849429999947 ], [ -56.662613699999959, -29.914781969999964 ], [ -56.662794249999962, -29.914714879999952 ], [ -56.662977939999962, -29.914646349999956 ], [ -56.663159769999957, -29.914577669999961 ], [ -56.663338389999957, -29.91451045999996 ], [ -56.663514939999956, -29.914446119999955 ], [ -56.66368947999996, -29.914383259999958 ], [ -56.663861759999961, -29.91432115999995 ], [ -56.664031549999962, -29.914259519999959 ], [ -56.664198919999961, -29.914197719999951 ], [ -56.664365109999956, -29.914137169999961 ], [ -56.664528469999958, -29.914077069999948 ], [ -56.66468865999996, -29.914018079999959 ], [ -56.664844369999962, -29.913960789999962 ], [ -56.664995269999956, -29.913905059999955 ], [ -56.665141059999961, -29.913850609999962 ], [ -56.665285929999961, -29.913796289999954 ], [ -56.665427439999959, -29.913743619999959 ], [ -56.665561349999962, -29.913694529999951 ], [ -56.66568687999996, -29.913648329999948 ], [ -56.665804389999963, -29.913604869999951 ], [ -56.665913959999962, -29.913565 ], [ -56.666020899999957, -29.913527219999953 ], [ -56.666121989999958, -29.91349090999995 ], [ -56.666211579999967, -29.913458679999945 ], [ -56.666289329999962, -29.913430499999944 ], [ -56.666355759999959, -29.913406779999953 ], [ -56.666411709999956, -29.913386499999959 ], [ -56.666457519999966, -29.91336954999996 ], [ -56.666491809999961, -29.913356689999961 ], [ -56.666495619999957, -29.913355259999957 ], [ -56.666532549999957, -29.913341549999959 ], [ -56.666573949999957, -29.913326699999953 ], [ -56.666618829999962, -29.913310969999955 ], [ -56.666664619999956, -29.913294389999951 ], [ -56.666709219999959, -29.913277519999962 ], [ -56.66674942999996, -29.913260969999961 ], [ -56.666784539999959, -29.913247699999953 ], [ -56.666814799999962, -29.913236639999948 ], [ -56.666833459999957, -29.913229849999954 ], [ -56.666841449999957, -29.913226939999959 ], [ -56.666869599999963, -29.913216549999941 ], [ -56.666902549999961, -29.913204969999946 ], [ -56.666938679999959, -29.913194339999947 ], [ -56.666974369999956, -29.913186689999957 ], [ -56.667006659999956, -29.913180899999958 ], [ -56.66703925999996, -29.91317504999996 ], [ -56.667066579999961, -29.913170069999957 ], [ -56.667085849999957, -29.913165839999955 ], [ -56.667116, -29.913154839999955 ], [ -56.667138139999956, -29.913146389999959 ], [ -56.667168079999961, -29.91313459999996 ], [ -56.667206949999958, -29.913119129999952 ], [ -56.667255529999956, -29.913100489999952 ], [ -56.667317429999962, -29.913076799999953 ], [ -56.66738997999996, -29.913049449999949 ], [ -56.667470679999958, -29.913018769999951 ], [ -56.667555099999959, -29.912984659999957 ], [ -56.667640719999959, -29.912945119999957 ], [ -56.667736049999959, -29.912904749999964 ], [ -56.667838179999961, -29.912863059999957 ], [ -56.66794687999996, -29.912820629999956 ], [ -56.668061259999959, -29.912776799999957 ], [ -56.668181049999959, -29.912731819999955 ], [ -56.668308479999958, -29.912684719999962 ], [ -56.668447379999961, -29.912633259999954 ], [ -56.668595909999958, -29.912577979999952 ], [ -56.66875016999996, -29.912520629999957 ], [ -56.668909189999958, -29.91246151999994 ], [ -56.669072579999963, -29.912400339999941 ], [ -56.669240849999959, -29.912338019999964 ], [ -56.66941424999996, -29.912274559999958 ], [ -56.66959003999996, -29.912209949999959 ], [ -56.669768, -29.912145159999966 ], [ -56.669947129999962, -29.912078459999954 ], [ -56.670128029999958, -29.912010729999949 ], [ -56.67031113999996, -29.911942049999947 ], [ -56.67049680999996, -29.911873419999953 ], [ -56.670684709999961, -29.911803969999958 ], [ -56.670875159999959, -29.911733519999952 ], [ -56.67106813999996, -29.911661839999944 ], [ -56.671262369999958, -29.911589779999957 ], [ -56.671456019999958, -29.911517629999956 ], [ -56.671648759999961, -29.911445049999951 ], [ -56.671840799999956, -29.911374489999961 ], [ -56.672031569999959, -29.911304509999947 ], [ -56.672220919999965, -29.911235249999965 ], [ -56.672408539999957, -29.911166359999946 ], [ -56.672594129999958, -29.911097939999962 ], [ -56.672778729999962, -29.911029269999961 ], [ -56.672962179999956, -29.910960799999952 ], [ -56.673144939999958, -29.910893989999948 ], [ -56.673326609999961, -29.910827089999948 ], [ -56.673506359999962, -29.910761079999954 ], [ -56.673683729999958, -29.910695919999959 ], [ -56.673857869999964, -29.910632789999951 ], [ -56.67402768999996, -29.910570969999949 ], [ -56.67419291999996, -29.910510809999955 ], [ -56.67435332999996, -29.910451759999948 ], [ -56.674508609999961, -29.91039454999996 ], [ -56.674661219999962, -29.910338479999961 ], [ -56.674812759999959, -29.910282759999951 ], [ -56.674956309999956, -29.910230339999956 ], [ -56.675091739999957, -29.910180499999967 ], [ -56.675218729999962, -29.910133089999952 ], [ -56.675337859999956, -29.910089269999951 ], [ -56.675449869999959, -29.910048639999957 ], [ -56.675559869999958, -29.91000874999996 ], [ -56.675659759999959, -29.909971929999948 ], [ -56.675747909999956, -29.909939249999955 ], [ -56.675824349999964, -29.909910899999957 ], [ -56.675889799999958, -29.90988693999995 ], [ -56.67594435999996, -29.909867279999958 ], [ -56.675989559999962, -29.90985074999994 ], [ -56.676001529999958, -29.909846269999964 ], [ -56.67602946999996, -29.909835819999948 ], [ -56.676070529999961, -29.909820569999951 ], [ -56.676112819999958, -29.909804939999958 ], [ -56.676153799999959, -29.90978984999996 ], [ -56.676190059999961, -29.909776939999944 ], [ -56.676221379999966, -29.909765639999957 ], [ -56.676230299999958, -29.909762319999967 ], [ -56.67625110999996, -29.909754589999952 ], [ -56.676284139999957, -29.90974386999995 ], [ -56.676319429999964, -29.909735189999957 ], [ -56.676351979999964, -29.909728359999953 ], [ -56.676383279999961, -29.909722599999949 ], [ -56.676412229999961, -29.909717519999958 ], [ -56.676441309999959, -29.909711779999949 ], [ -56.676461859999961, -29.909707349999952 ], [ -56.676469859999962, -29.90970521999995 ], [ -56.67651320999996, -29.909689059999952 ], [ -56.676542029999958, -29.909675429999965 ], [ -56.676578799999959, -29.909660939999949 ], [ -56.676622679999959, -29.909643849999952 ], [ -56.676672869999969, -29.909624719999947 ], [ -56.676733329999962, -29.909602619999959 ], [ -56.676800349999958, -29.909577729999949 ], [ -56.676870679999958, -29.909549629999955 ], [ -56.676944929999969, -29.90951925999995 ], [ -56.677020089999957, -29.909484539999948 ], [ -56.677103839999958, -29.909446339999953 ], [ -56.677198819999958, -29.909406279999956 ], [ -56.677308369999956, -29.909364099999955 ], [ -56.677430669999957, -29.909317629999951 ], [ -56.677566259999956, -29.909265929999961 ], [ -56.677711379999963, -29.909210589999958 ], [ -56.677865589999961, -29.909151839999968 ], [ -56.678027409999956, -29.909090249999956 ], [ -56.678197229999959, -29.909026639999947 ], [ -56.678375239999959, -29.908960119999957 ], [ -56.678560779999962, -29.908891479999951 ], [ -56.67875396999996, -29.908820619999958 ], [ -56.678951719999958, -29.908748789999951 ], [ -56.67915062999996, -29.908676419999953 ], [ -56.679350359999958, -29.908603 ], [ -56.67955149999996, -29.908529949999949 ], [ -56.679753389999959, -29.908456049999959 ], [ -56.679955869999958, -29.908381319999958 ], [ -56.680158509999956, -29.908306829999958 ], [ -56.680361389999959, -29.908232459999958 ], [ -56.680565249999958, -29.908157619999958 ], [ -56.680769839999961, -29.908081679999956 ], [ -56.680975059999959, -29.908005139999947 ], [ -56.681181199999962, -29.907928289999965 ], [ -56.681388289999958, -29.907851899999955 ], [ -56.681595489999957, -29.907774679999964 ], [ -56.681803649999956, -29.907698279999952 ], [ -56.68201185999996, -29.907622369999967 ], [ -56.682217859999966, -29.907547169999948 ], [ -56.682420819999969, -29.90747188999995 ], [ -56.682622819999956, -29.907396429999956 ], [ -56.682824789999962, -29.907322029999953 ], [ -56.683027609999968, -29.907247539999965 ], [ -56.683232389999958, -29.907172539999952 ], [ -56.683438789999961, -29.907097229999955 ], [ -56.683646409999959, -29.90702097999996 ], [ -56.683856039999959, -29.906944089999964 ], [ -56.684068229999959, -29.906866699999956 ], [ -56.684281539999958, -29.906788689999953 ], [ -56.684494159999964, -29.90670870999995 ], [ -56.684706529999957, -29.906628309999959 ], [ -56.684919579999956, -29.906548079999951 ], [ -56.685132969999962, -29.906467979999949 ], [ -56.685347159999957, -29.906388519999954 ], [ -56.685562889999957, -29.906308719999959 ], [ -56.685780049999956, -29.90622851999996 ], [ -56.685999119999956, -29.906148319999964 ], [ -56.68622029999996, -29.906067019999956 ], [ -56.686442839999962, -29.905985419999961 ], [ -56.68666556999996, -29.905902779999955 ], [ -56.686888009999961, -29.905820509999948 ], [ -56.687109079999956, -29.905738509999949 ], [ -56.687329539999958, -29.905657329999947 ], [ -56.687548529999958, -29.90557625999995 ], [ -56.687766429999961, -29.905495669999958 ], [ -56.687983399999958, -29.90541554999994 ], [ -56.68820017999996, -29.905335849999954 ], [ -56.688415459999959, -29.905256709999946 ], [ -56.688630819999958, -29.905177859999956 ], [ -56.688850639999956, -29.905096939999954 ], [ -56.689077479999959, -29.905013799999956 ], [ -56.689313279999958, -29.904926609999954 ], [ -56.689551619999961, -29.904838899999955 ], [ -56.689789979999958, -29.904751179999955 ], [ -56.690027839999956, -29.904663269999947 ], [ -56.690265609999962, -29.904575849999947 ], [ -56.690503789999958, -29.90448746999996 ], [ -56.690741809999963, -29.904399149999964 ], [ -56.690979899999959, -29.904310859999956 ], [ -56.691216479999959, -29.904222599999954 ], [ -56.691452389999959, -29.904135209999957 ], [ -56.691687809999962, -29.90404828999996 ], [ -56.691923239999959, -29.903961399999964 ], [ -56.692159709999956, -29.903874209999955 ], [ -56.692397539999959, -29.903785989999946 ], [ -56.692635849999959, -29.903697879999946 ], [ -56.692875329999957, -29.903610119999961 ], [ -56.693116179999969, -29.903522989999956 ], [ -56.693357369999958, -29.903436039999956 ], [ -56.693597459999957, -29.903347769999954 ], [ -56.693836089999962, -29.903258249999947 ], [ -56.694072459999958, -29.903169679999941 ], [ -56.694306949999962, -29.903082539999957 ], [ -56.694538879999961, -29.902996559999952 ], [ -56.694768119999956, -29.902911569999954 ], [ -56.694994689999959, -29.902827459999948 ], [ -56.695220839999962, -29.902744659999957 ], [ -56.695447059999957, -29.90266200999995 ], [ -56.695673019999958, -29.902578609999949 ], [ -56.695899719999957, -29.90249454999995 ], [ -56.696126849999956, -29.902411029999961 ], [ -56.696353579999958, -29.90232819999996 ], [ -56.696579269999958, -29.90224524999995 ], [ -56.696803949999961, -29.902161699999958 ], [ -56.697026829999956, -29.902077819999956 ], [ -56.69724912999996, -29.901995499999941 ], [ -56.697469919999961, -29.901914279999957 ], [ -56.697689659999959, -29.901832809999949 ], [ -56.697908599999963, -29.901751649999955 ], [ -56.698126389999956, -29.901670359999954 ], [ -56.698344549999959, -29.901589529999956 ], [ -56.698562719999956, -29.901509169999951 ], [ -56.69878080999996, -29.901429 ], [ -56.698999179999959, -29.901348839999958 ], [ -56.699217719999957, -29.901267989999948 ], [ -56.699437779999961, -29.901186369999948 ], [ -56.699659529999963, -29.901105329999954 ], [ -56.699881959999956, -29.901024919999966 ], [ -56.700105059999956, -29.900943389999945 ], [ -56.700328189999958, -29.900861009999954 ], [ -56.700551589999961, -29.900777819999945 ], [ -56.700775269999959, -29.900694599999955 ], [ -56.700998779999956, -29.900611529999956 ], [ -56.701223239999962, -29.900529029999941 ], [ -56.701447539999961, -29.900445959999949 ], [ -56.701672139999957, -29.900363069999958 ], [ -56.701897209999956, -29.900279509999947 ], [ -56.702121889999958, -29.900195609999948 ], [ -56.702347389999964, -29.900111919999954 ], [ -56.702572309999958, -29.900028349999953 ], [ -56.70279663999996, -29.899945399999957 ], [ -56.703020459999962, -29.89986320999995 ], [ -56.703242309999965, -29.899780829999955 ], [ -56.703463749999969, -29.89969926999995 ], [ -56.703684449999962, -29.899618379999957 ], [ -56.703904459999961, -29.899538199999952 ], [ -56.704123449999962, -29.899457919999957 ], [ -56.704341189999965, -29.899378829999961 ], [ -56.704557679999958, -29.89930016999995 ], [ -56.704771979999961, -29.89922188999995 ], [ -56.704984959999962, -29.899145109999957 ], [ -56.70519610999996, -29.899069989999958 ], [ -56.705405319999969, -29.898996549999961 ], [ -56.70561509999996, -29.898924029999957 ], [ -56.705825899999958, -29.898851699999955 ], [ -56.706038069999956, -29.898779679999954 ], [ -56.706251479999956, -29.898708229999958 ], [ -56.706465969999961, -29.898637149999956 ], [ -56.706680879999958, -29.89856724999995 ], [ -56.706896589999964, -29.898497989999953 ], [ -56.707112699999961, -29.898429759999953 ], [ -56.707328949999962, -29.898362759999955 ], [ -56.707546049999962, -29.898296249999948 ], [ -56.707764049999959, -29.898229889999953 ], [ -56.70798221999997, -29.898164289999951 ], [ -56.708200299999959, -29.898099049999953 ], [ -56.708418359999961, -29.898033769999959 ], [ -56.708637329999959, -29.897968469999959 ], [ -56.708856509999961, -29.897903279999962 ], [ -56.709075709999958, -29.897837979999952 ], [ -56.709295289999957, -29.897771989999946 ], [ -56.709514689999956, -29.897705599999956 ], [ -56.709734049999959, -29.897638929999967 ], [ -56.709953449999958, -29.897573349999956 ], [ -56.710173189999956, -29.897508049999953 ], [ -56.710392449999958, -29.897443299999956 ], [ -56.710611249999957, -29.897378929999956 ], [ -56.710830859999959, -29.897313939999961 ], [ -56.711051639999958, -29.897248549999951 ], [ -56.711274019999962, -29.897182869999952 ], [ -56.711496539999956, -29.897116049999955 ], [ -56.711719369999962, -29.897049329999955 ], [ -56.71194193999996, -29.896982019999957 ], [ -56.712164399999956, -29.896915179999951 ], [ -56.712386919999958, -29.896849079999956 ], [ -56.712609479999962, -29.896782369999951 ], [ -56.712833119999956, -29.896715199999942 ], [ -56.713058679999961, -29.89664730999996 ], [ -56.713286529999962, -29.896578889999951 ], [ -56.713516109999958, -29.896510489999958 ], [ -56.71374774999996, -29.896442649999955 ], [ -56.713981339999961, -29.896373639999954 ], [ -56.714215189999969, -29.896304069999953 ], [ -56.714448989999958, -29.896234199999949 ], [ -56.714682449999962, -29.896163639999951 ], [ -56.714914669999956, -29.896093269999952 ], [ -56.715145089999957, -29.896023349999947 ], [ -56.715373759999956, -29.895954069999949 ], [ -56.71560086999996, -29.895885459999953 ], [ -56.715825699999961, -29.89581795999996 ], [ -56.716048269999959, -29.895752289999955 ], [ -56.716268839999962, -29.895687669999955 ], [ -56.716487139999963, -29.895623529999956 ], [ -56.716704209999961, -29.89555887999995 ], [ -56.716920429999959, -29.895494599999953 ], [ -56.717135549999959, -29.895429959999952 ], [ -56.717350669999959, -29.89536531999995 ], [ -56.717565689999958, -29.89530065999995 ], [ -56.717782339999957, -29.895236009999973 ], [ -56.717999939999956, -29.895171669999957 ], [ -56.718216849999969, -29.895107529999947 ], [ -56.718431289999963, -29.895043839999957 ], [ -56.718643689999958, -29.89498024999995 ], [ -56.718854299999961, -29.894916729999952 ], [ -56.719063, -29.894853149999946 ], [ -56.719270599999959, -29.894789619999955 ], [ -56.719476859999965, -29.894727569999947 ], [ -56.71968229999996, -29.894666089999948 ], [ -56.719888219999959, -29.894604109999957 ], [ -56.720095899999961, -29.894541869999955 ], [ -56.720305879999962, -29.894479669999956 ], [ -56.720517269999966, -29.894417159999954 ], [ -56.720729699999957, -29.894353739999953 ], [ -56.720942129999962, -29.894289679999957 ], [ -56.721154719999959, -29.89422551999996 ], [ -56.72136770999996, -29.894161339999961 ], [ -56.72158119999996, -29.89409713999996 ], [ -56.721795659999962, -29.894033469999965 ], [ -56.722009689999958, -29.893969319999957 ], [ -56.722224119999957, -29.89390541999995 ], [ -56.722438179999962, -29.893841979999952 ], [ -56.722651679999956, -29.893779189999968 ], [ -56.722865519999957, -29.893717509999949 ], [ -56.723078559999962, -29.893654289999954 ], [ -56.72329029999996, -29.893587409999949 ], [ -56.72350275999996, -29.893521789999951 ], [ -56.72371581999996, -29.893458129999956 ], [ -56.72392870999996, -29.893394989999955 ], [ -56.72414073999996, -29.893332339999947 ], [ -56.724351699999957, -29.893269259999961 ], [ -56.724561169999959, -29.893205859999952 ], [ -56.724769589999958, -29.893143319999954 ], [ -56.724976099999957, -29.893081059999968 ], [ -56.725180389999963, -29.893019879999962 ], [ -56.725382549999956, -29.892959939999947 ], [ -56.725582069999959, -29.892900309999945 ], [ -56.72577925999996, -29.892841009999955 ], [ -56.725973899999957, -29.892782119999957 ], [ -56.726167599999961, -29.892724089999959 ], [ -56.726364579999959, -29.89266471999996 ], [ -56.726561, -29.892606049999952 ], [ -56.726755309999959, -29.892548119999947 ], [ -56.72694922999996, -29.892490089999956 ], [ -56.727144049999964, -29.892431419999955 ], [ -56.727340439999956, -29.892372669999958 ], [ -56.727537979999958, -29.892312759999953 ], [ -56.727735439999961, -29.89225281999995 ], [ -56.727931809999959, -29.89219321999996 ], [ -56.72812590999996, -29.892134199999951 ], [ -56.728318409999957, -29.892076109999955 ], [ -56.728509469999956, -29.892018649999947 ], [ -56.728699619999958, -29.891961749999957 ], [ -56.728887579999956, -29.891905479999949 ], [ -56.72907346999996, -29.891850199999954 ], [ -56.729257139999959, -29.891795929999954 ], [ -56.729439599999957, -29.891745139999948 ], [ -56.729619219999961, -29.891695259999945 ], [ -56.729792799999956, -29.891639849999947 ], [ -56.729962349999958, -29.891586569999955 ], [ -56.73012870999996, -29.891536879999958 ], [ -56.730291189999967, -29.89148839999995 ], [ -56.730449829999962, -29.891440889999959 ], [ -56.730605569999959, -29.891394 ], [ -56.730757829999959, -29.891348649999959 ], [ -56.730910469999962, -29.891303209999958 ], [ -56.731061909999958, -29.891257829999947 ], [ -56.731208889999962, -29.891213899999947 ], [ -56.731349839999957, -29.891171699999958 ], [ -56.73148305999996, -29.891131239999961 ], [ -56.731608129999962, -29.89109305999995 ], [ -56.731725099999956, -29.891057629999949 ], [ -56.731834309999968, -29.891025019999951 ], [ -56.731936219999959, -29.890995239999949 ], [ -56.732036169999958, -29.890965769999966 ], [ -56.732124589999962, -29.890939889999956 ], [ -56.732201029999956, -29.890917299999952 ], [ -56.732266129999957, -29.89089755999996 ], [ -56.732319489999959, -29.890880979999949 ], [ -56.732363219999961, -29.89086707999995 ], [ -56.732399499999957, -29.890855819999949 ], [ -56.732415189999962, -29.890850859999965 ], [ -56.73243087999996, -29.890845889999959 ], [ -56.73246422999997, -29.890835339999946 ], [ -56.732501239999962, -29.890824099999953 ], [ -56.732540989999968, -29.890812049999951 ], [ -56.732582579999956, -29.890799619999953 ], [ -56.732626259999961, -29.89078669999995 ], [ -56.732668549999964, -29.890774309999955 ], [ -56.732707369999957, -29.890763319999959 ], [ -56.732741229999959, -29.890753189999948 ], [ -56.73275660999996, -29.890748699999957 ], [ -56.732771989999961, -29.890744209999948 ], [ -56.732806109999956, -29.89073388999995 ], [ -56.732846639999956, -29.890722349999958 ], [ -56.732891379999963, -29.89070957999995 ], [ -56.732938449999956, -29.890696099999957 ], [ -56.73298254999996, -29.89068527999995 ], [ -56.733022119999958, -29.890677819999958 ], [ -56.733055439999958, -29.890673819999954 ], [ -56.73308619999996, -29.890671119999954 ], [ -56.73311728999996, -29.89066831999995 ], [ -56.733142289999961, -29.890666649999964 ], [ -56.733159039999968, -29.890664319999949 ], [ -56.733164139999957, -29.890660649999948 ], [ -56.733174039999959, -29.890657759999961 ], [ -56.733194709999957, -29.89065126999996 ], [ -56.733224329999963, -29.890640389999962 ], [ -56.733262859999961, -29.890626549999944 ], [ -56.733309839999961, -29.890609989999955 ], [ -56.733367199999968, -29.890591729999958 ], [ -56.733431129999957, -29.890569979999949 ], [ -56.733501989999958, -29.890545869999961 ], [ -56.733581689999959, -29.890516629999954 ], [ -56.733674529999959, -29.890484469999958 ], [ -56.733778799999961, -29.890448679999967 ], [ -56.733893469999956, -29.89041179999996 ], [ -56.734019, -29.890372889999959 ], [ -56.734155399999956, -29.890330869999957 ], [ -56.73429954999996, -29.890286959999958 ], [ -56.734450959999961, -29.890241009999954 ], [ -56.734611659999956, -29.890193099999951 ], [ -56.734780299999962, -29.890144139999958 ], [ -56.734950789999957, -29.890089259999957 ], [ -56.735128799999956, -29.89003528999995 ], [ -56.735312519999958, -29.889979729999954 ], [ -56.735501719999959, -29.88992265999995 ], [ -56.735695839999956, -29.889863679999948 ], [ -56.735895599999957, -29.88980332999996 ], [ -56.736101389999959, -29.889741139999948 ], [ -56.736312879999957, -29.889678129999961 ], [ -56.736530139999957, -29.889614 ], [ -56.736748949999956, -29.889547609999958 ], [ -56.736970229999969, -29.889481239999963 ], [ -56.737194159999959, -29.889413819999945 ], [ -56.73741864999996, -29.889346289999967 ], [ -56.737644019999962, -29.889277799999952 ], [ -56.737870429999958, -29.889209799999957 ], [ -56.73809750999996, -29.889141799999955 ], [ -56.738324239999962, -29.889073809999957 ], [ -56.738548509999966, -29.889006249999955 ], [ -56.738770199999962, -29.888939109999956 ], [ -56.73898935999997, -29.888873739999958 ], [ -56.739204509999958, -29.888809379999959 ], [ -56.73941509999996, -29.888747089999956 ], [ -56.739621919999962, -29.888685609999953 ], [ -56.73982524999996, -29.888625829999949 ], [ -56.740027859999962, -29.888566439999952 ], [ -56.740231219999956, -29.888506289999956 ], [ -56.740432339999963, -29.888446149999957 ], [ -56.740631139999969, -29.888386729999954 ], [ -56.74082707999996, -29.888327869999959 ], [ -56.74102149999996, -29.888269179999948 ], [ -56.741213919999957, -29.888211209999945 ], [ -56.741404279999962, -29.888153529999947 ], [ -56.741593019999961, -29.888095369999952 ], [ -56.741779889999961, -29.88803745999995 ], [ -56.741965879999967, -29.887980639999949 ], [ -56.742151409999956, -29.887925009999943 ], [ -56.74233729999996, -29.887869679999959 ], [ -56.742524779999961, -29.887814599999949 ], [ -56.742713459999962, -29.887758909999956 ], [ -56.742902839999957, -29.887701579999963 ], [ -56.743094079999963, -29.887644069999951 ], [ -56.743286609999956, -29.887586209999952 ], [ -56.743479299999962, -29.887527969999947 ], [ -56.74367232999996, -29.887469879999951 ], [ -56.743864109999961, -29.887412639999948 ], [ -56.744053329999957, -29.887355399999951 ], [ -56.744243769999962, -29.88729839999996 ], [ -56.74443722999996, -29.88724116999996 ], [ -56.744628099999957, -29.887185229999961 ], [ -56.744815669999959, -29.887129549999951 ], [ -56.744999469999961, -29.887075129999953 ], [ -56.74517928999996, -29.887021039999947 ], [ -56.745355519999961, -29.886968239999963 ], [ -56.745528409999956, -29.886917209999961 ], [ -56.745697669999956, -29.886867079999952 ], [ -56.745863969999959, -29.886817379999957 ], [ -56.746028269999961, -29.886767819999967 ], [ -56.746189389999969, -29.886718789999954 ], [ -56.746348299999958, -29.886671059999951 ], [ -56.746506139999958, -29.886623939999957 ], [ -56.746662649999962, -29.886577779999957 ], [ -56.746817229999962, -29.886530869999959 ], [ -56.746968719999963, -29.886485399999952 ], [ -56.747117489999958, -29.886441809999955 ], [ -56.747267009999959, -29.886397369999951 ], [ -56.747413619999961, -29.88635346999996 ], [ -56.74755264999996, -29.886311029999955 ], [ -56.74768420999996, -29.88627102999995 ], [ -56.747808409999962, -29.886234459999951 ], [ -56.747924179999963, -29.886200659999961 ], [ -56.748032309999957, -29.886169119999952 ], [ -56.748131699999959, -29.886139409999959 ], [ -56.748228439999956, -29.886110839999947 ], [ -56.748322649999956, -29.88608200999996 ], [ -56.748404929999957, -29.886056739999947 ], [ -56.748475949999957, -29.886035489999959 ], [ -56.748534889999959, -29.886017839999955 ], [ -56.748584939999958, -29.886003219999942 ], [ -56.74862471999996, -29.885991389999951 ], [ -56.748655289999959, -29.885982109999951 ], [ -56.748658689999957, -29.885981079999947 ], [ -56.74869264999996, -29.885971289999958 ], [ -56.748727069999958, -29.885960519999955 ], [ -56.748763619999956, -29.885949599999954 ], [ -56.748801159999957, -29.885938699999947 ], [ -56.748840539999961, -29.88592740999994 ], [ -56.748880109999959, -29.88591549999995 ], [ -56.748918659999958, -29.885904729999954 ], [ -56.748953189999959, -29.885894629999957 ], [ -56.748983659999958, -29.885885449999964 ], [ -56.748992939999958, -29.885882599999956 ], [ -56.749014609999961, -29.885875929999944 ], [ -56.74904722999996, -29.885866569999941 ], [ -56.749081649999958, -29.885855759999949 ], [ -56.749118609999961, -29.885844899999956 ], [ -56.749157609999962, -29.885834349999957 ], [ -56.74919373999996, -29.88582653999995 ], [ -56.749226739999962, -29.885822 ], [ -56.749257639999961, -29.885819529999967 ], [ -56.749287919999958, -29.885817829999965 ], [ -56.749318499999958, -29.885813899999963 ], [ -56.749337119999957, -29.885811399999959 ], [ -56.749370579999962, -29.88580179999995 ], [ -56.749404059999961, -29.885791459999957 ], [ -56.749448459999961, -29.88577736999996 ], [ -56.749502319999962, -29.885757299999952 ], [ -56.749564249999956, -29.88572966999995 ], [ -56.749637249999957, -29.885697009999951 ], [ -56.749730629999959, -29.885664259999949 ], [ -56.749839669999957, -29.885630519999957 ], [ -56.749959599999968, -29.88559436999995 ], [ -56.750092489999957, -29.885554299999956 ], [ -56.750235479999958, -29.88551102999995 ], [ -56.75038706999996, -29.885464619999951 ], [ -56.750546349999958, -29.88541548999995 ], [ -56.750712869999965, -29.885365559999954 ], [ -56.750885569999959, -29.885314719999947 ], [ -56.751062329999961, -29.885261589999953 ], [ -56.751241909999969, -29.885207269999963 ], [ -56.751423929999959, -29.885152 ], [ -56.751609009999967, -29.885095569999958 ], [ -56.751797349999961, -29.885038349999963 ], [ -56.751991129999958, -29.884979719999947 ], [ -56.75219, -29.884923319999949 ], [ -56.752390239999961, -29.884862689999959 ], [ -56.752591759999959, -29.884802819999951 ], [ -56.752794849999958, -29.884742279999955 ], [ -56.752999669999959, -29.884681089999944 ], [ -56.753206229999961, -29.884619349999955 ], [ -56.753414069999963, -29.884556729999954 ], [ -56.753622579999956, -29.884493319999947 ], [ -56.753831619999957, -29.884429179999955 ], [ -56.754040819999965, -29.88436517999995 ], [ -56.754250689999957, -29.884302009999963 ], [ -56.754460769999966, -29.884239029999957 ], [ -56.754670799999957, -29.884175839999955 ], [ -56.754881499999961, -29.884112789999953 ], [ -56.755092109999957, -29.88404966999996 ], [ -56.755303, -29.883986039999957 ], [ -56.755514859999963, -29.883923599999946 ], [ -56.755726649999957, -29.883860209999948 ], [ -56.755938919999956, -29.883796459999957 ], [ -56.756151649999957, -29.883732969999947 ], [ -56.756365039999956, -29.883668909999955 ], [ -56.756578609999956, -29.883605359999954 ], [ -56.756792299999958, -29.88354209999995 ], [ -56.757005849999956, -29.883477929999952 ], [ -56.757219689999964, -29.883413579999957 ], [ -56.757434149999959, -29.883349269999954 ], [ -56.757649429999958, -29.88328472999995 ], [ -56.757863679999957, -29.883220969999954 ], [ -56.75807556999996, -29.883158969999961 ], [ -56.758287839999966, -29.883095819999962 ], [ -56.758507449999968, -29.883029229999952 ], [ -56.758743489999958, -29.882958489999961 ], [ -56.758985589999959, -29.882885349999949 ], [ -56.759229179999956, -29.882812139999949 ], [ -56.759474689999962, -29.882738069999956 ], [ -56.759720819999956, -29.882664009999957 ], [ -56.759967609999961, -29.88258994999995 ], [ -56.760215579999958, -29.882515079999951 ], [ -56.760464379999959, -29.882439969999954 ], [ -56.760713619999962, -29.88236524999995 ], [ -56.760963029999957, -29.882291109999954 ], [ -56.76121262999996, -29.882216539999956 ], [ -56.761463339999956, -29.882141179999959 ], [ -56.761713449999966, -29.882066429999956 ], [ -56.761962719999957, -29.881991669999959 ], [ -56.762210639999957, -29.88191693999995 ], [ -56.762457269999963, -29.881842399999957 ], [ -56.762703849999959, -29.881768639999951 ], [ -56.762950509999961, -29.88169532999995 ], [ -56.763197709999957, -29.881621419999963 ], [ -56.763445969999957, -29.881546989999958 ], [ -56.763695779999964, -29.881472079999948 ], [ -56.76394752999996, -29.881396119999959 ], [ -56.764201739999969, -29.88131931999995 ], [ -56.764457179999958, -29.881242529999952 ], [ -56.764713259999958, -29.881164949999956 ], [ -56.764970029999958, -29.881087419999947 ], [ -56.76522664999996, -29.881009649999942 ], [ -56.765482959999957, -29.880932439999953 ], [ -56.765738189999958, -29.880855959999952 ], [ -56.765991869999958, -29.880779729999958 ], [ -56.766245809999958, -29.880703739999944 ], [ -56.76650156999996, -29.880627549999961 ], [ -56.76675793999997, -29.880551599999951 ], [ -56.767014689999961, -29.88047514999996 ], [ -56.76727161999996, -29.880398009999944 ], [ -56.767528289999966, -29.88032065999996 ], [ -56.767784869999964, -29.880243949999954 ], [ -56.768040419999956, -29.880166799999952 ], [ -56.768295219999963, -29.880090319999955 ], [ -56.768549589999964, -29.880015439999958 ], [ -56.768804039999957, -29.879942729999954 ], [ -56.769059099999957, -29.879872769999963 ], [ -56.76931469999996, -29.879805389999948 ], [ -56.769570589999958, -29.87973898999995 ], [ -56.769826859999959, -29.879673329999957 ], [ -56.770083759999956, -29.87960883999995 ], [ -56.770341419999959, -29.879546429999948 ], [ -56.77060069999996, -29.879487169999955 ], [ -56.770861069999967, -29.879429989999959 ], [ -56.771121499999957, -29.87937503999995 ], [ -56.771381369999958, -29.879321889999954 ], [ -56.771641229999958, -29.879271009999954 ], [ -56.771900939999959, -29.879221859999955 ], [ -56.77216037999996, -29.879174849999952 ], [ -56.77241955999996, -29.87913 ], [ -56.772679049999958, -29.879088589999952 ], [ -56.772940009999957, -29.879048789999956 ], [ -56.773201019999959, -29.879009919999945 ], [ -56.773462889999969, -29.878971859999954 ], [ -56.773726149999959, -29.878934509999954 ], [ -56.773991059999958, -29.878898819999954 ], [ -56.774257619999958, -29.878866799999962 ], [ -56.774525419999961, -29.878836869999954 ], [ -56.774792809999958, -29.878807279999954 ], [ -56.775059499999962, -29.87877798999995 ], [ -56.775323879999966, -29.878749269999954 ], [ -56.775586549999957, -29.87872143999995 ], [ -56.775847619999958, -29.878694839999955 ], [ -56.776107699999969, -29.878668539999946 ], [ -56.776366369999963, -29.878641569999953 ], [ -56.776623639999961, -29.878613939999969 ], [ -56.776878839999959, -29.878585799999954 ], [ -56.77713243999996, -29.87855787999996 ], [ -56.777383579999963, -29.878530129999955 ], [ -56.777631869999958, -29.878502669999968 ], [ -56.777878209999962, -29.878476509999963 ], [ -56.77812361999996, -29.878450909999959 ], [ -56.778368119999961, -29.878425329999953 ], [ -56.778611199999958, -29.878400049999964 ], [ -56.778853669999961, -29.878376039999949 ], [ -56.779095079999962, -29.878351509999952 ], [ -56.779334689999956, -29.878325759999957 ], [ -56.779572629999961, -29.878300279999959 ], [ -56.779808539999962, -29.878274889999954 ], [ -56.780042579999957, -29.878249179999951 ], [ -56.780274779999957, -29.878223639999948 ], [ -56.78050548999996, -29.878198959999967 ], [ -56.780733099999956, -29.878174179999956 ], [ -56.780957639999961, -29.878150319999957 ], [ -56.781178979999957, -29.878126709999968 ], [ -56.781397069999962, -29.878104969999956 ], [ -56.781611069999961, -29.878080859999955 ], [ -56.781822189999957, -29.878058749999944 ], [ -56.782029439999967, -29.878036349999949 ], [ -56.78223279999996, -29.878014089999947 ], [ -56.782432429999957, -29.87799243999995 ], [ -56.782628659999958, -29.877972089999954 ], [ -56.782822969999962, -29.877951819999961 ], [ -56.783019019999962, -29.877931009999941 ], [ -56.783210479999966, -29.877910789999948 ], [ -56.783395779999957, -29.877891379999944 ], [ -56.783574749999964, -29.877872319999966 ], [ -56.78374739999996, -29.877854419999956 ], [ -56.783913719999966, -29.87783733999995 ], [ -56.784073219999961, -29.877820669999956 ], [ -56.78422580999996, -29.877804429999955 ], [ -56.784371479999962, -29.877788609999957 ], [ -56.784510479999966, -29.877773309999952 ], [ -56.784642099999957, -29.877758759999953 ], [ -56.784766799999957, -29.877745619999953 ], [ -56.784884839999961, -29.877733759999952 ], [ -56.784996359999958, -29.877722699999957 ], [ -56.785101139999959, -29.877712359999954 ], [ -56.785199399999961, -29.877702719999952 ], [ -56.785290649999958, -29.877693419999961 ], [ -56.78537663999996, -29.877684189999957 ], [ -56.785462659999958, -29.877674949999953 ], [ -56.785551849999962, -29.877665509999954 ], [ -56.785644159999961, -29.877656019999957 ], [ -56.78573954999996, -29.877645909999956 ], [ -56.785838319999961, -29.877635259999963 ], [ -56.785941119999961, -29.877623769999943 ], [ -56.786049469999959, -29.877611309999949 ], [ -56.786163419999959, -29.877598209999952 ], [ -56.786282359999959, -29.877585309999947 ], [ -56.786408849999965, -29.877571979999949 ], [ -56.786543109999961, -29.877557889999956 ], [ -56.786685229999961, -29.877542429999949 ], [ -56.786833229999957, -29.87752603999996 ], [ -56.78698767999996, -29.877508869999957 ], [ -56.787150889999957, -29.877490529999953 ], [ -56.787326259999958, -29.877470799999958 ], [ -56.787513529999963, -29.877450139999951 ], [ -56.787710429999962, -29.877429329999956 ], [ -56.787915389999959, -29.877408189999954 ], [ -56.788130939999959, -29.877385939999954 ], [ -56.788356279999959, -29.877362029999947 ], [ -56.788588399999959, -29.877337479999959 ], [ -56.788821079999963, -29.877312479999954 ], [ -56.789053629999962, -29.87728759999996 ], [ -56.789285879999959, -29.877263099999958 ], [ -56.789517709999956, -29.87723869999996 ], [ -56.789749269999966, -29.877214019999958 ], [ -56.789980369999959, -29.877189559999948 ], [ -56.790211509999956, -29.87716497999995 ], [ -56.790442339999956, -29.877140059999956 ], [ -56.790673609999956, -29.877115989999961 ], [ -56.790906079999957, -29.877091429999954 ], [ -56.791139639999962, -29.877066649999954 ], [ -56.791374899999958, -29.877041209999948 ], [ -56.791610519999956, -29.87701532999996 ], [ -56.791846369999959, -29.876989319999964 ], [ -56.792082599999958, -29.876963769999946 ], [ -56.792319789999958, -29.87693834999995 ], [ -56.792558479999961, -29.876912869999948 ], [ -56.792797339999964, -29.876886579999955 ], [ -56.793035089999961, -29.87686084999995 ], [ -56.793270679999956, -29.876835879999962 ], [ -56.793504589999962, -29.876811249999967 ], [ -56.793736979999956, -29.876787319999949 ], [ -56.793968429999957, -29.87676297999996 ], [ -56.794199289999959, -29.876738389999954 ], [ -56.794430159999962, -29.876713759999959 ], [ -56.794662489999958, -29.876689069999955 ], [ -56.794897489999961, -29.876664249999958 ], [ -56.795133909999961, -29.876638679999949 ], [ -56.795371549999956, -29.87661278999995 ], [ -56.79561, -29.876586569999951 ], [ -56.795849449999956, -29.876561019999947 ], [ -56.796089469999956, -29.876536729999959 ], [ -56.796329139999962, -29.876511179999955 ], [ -56.796567399999958, -29.876484609999952 ], [ -56.79680452999996, -29.876459329999957 ], [ -56.797040069999959, -29.876434089999954 ], [ -56.797273919999959, -29.876407869999948 ], [ -56.797507159999959, -29.87638155999996 ], [ -56.797741149999965, -29.876355789999955 ], [ -56.797975509999958, -29.876330229999958 ], [ -56.798209099999958, -29.876304899999958 ], [ -56.798443509999956, -29.87627950999995 ], [ -56.798679339999957, -29.876255359999963 ], [ -56.79891913999996, -29.876231229999956 ], [ -56.799161799999958, -29.876205869999957 ], [ -56.799409049999959, -29.876179829999959 ], [ -56.799658459999961, -29.876152759999957 ], [ -56.799907789999956, -29.876125299999963 ], [ -56.800157889999959, -29.876097949999959 ], [ -56.800408629999957, -29.876071209999964 ], [ -56.800659189999962, -29.876045289999958 ], [ -56.800910299999956, -29.876019729999964 ], [ -56.801161099999959, -29.875993679999944 ], [ -56.801411279999961, -29.875966739999953 ], [ -56.801661299999957, -29.875939289999952 ], [ -56.801911399999959, -29.87591186999996 ], [ -56.802161719999958, -29.875884499999959 ], [ -56.802412489999959, -29.875857919999955 ], [ -56.802663419999959, -29.875832119999949 ], [ -56.802913199999956, -29.875806279999953 ], [ -56.803162819999962, -29.875779219999952 ], [ -56.803412499999958, -29.875752199999948 ], [ -56.803662359999961, -29.875724849999955 ], [ -56.803912009999962, -29.875697889999966 ], [ -56.80416205999996, -29.87567157999996 ], [ -56.804412109999959, -29.87564491999996 ], [ -56.804661809999956, -29.875618609999943 ], [ -56.804911249999961, -29.875592189999949 ], [ -56.80516019999996, -29.875566029999963 ], [ -56.805409049999959, -29.875540509999954 ], [ -56.805657899999964, -29.875514209999949 ], [ -56.805906269999959, -29.875487339999957 ], [ -56.806154529999958, -29.87545993999996 ], [ -56.806402519999956, -29.875433049999955 ], [ -56.806650839999961, -29.875406079999951 ], [ -56.806898959999963, -29.875379229999957 ], [ -56.807146479999957, -29.875352809999949 ], [ -56.80739348999996, -29.875326639999951 ], [ -56.807640439999957, -29.875301369999956 ], [ -56.807886699999962, -29.875275469999945 ], [ -56.808133329999961, -29.87524863999996 ], [ -56.80838028999996, -29.875221009999958 ], [ -56.808628039999959, -29.875193799999963 ], [ -56.808876299999959, -29.875166549999957 ], [ -56.809125049999956, -29.875139769999951 ], [ -56.809373889999961, -29.875113149999954 ], [ -56.809622499999961, -29.875085769999952 ], [ -56.809871749999964, -29.875059389999951 ], [ -56.810120009999956, -29.875032849999954 ], [ -56.810367949999957, -29.875007399999948 ], [ -56.810614769999958, -29.874981609999956 ], [ -56.810860769999962, -29.874954399999961 ], [ -56.81110737999996, -29.87492771999996 ], [ -56.811353019999956, -29.87490041999996 ], [ -56.81159807999996, -29.874873349999959 ], [ -56.811843189999962, -29.874847049999964 ], [ -56.812088009999961, -29.874820419999956 ], [ -56.812332699999956, -29.874794169999948 ], [ -56.812578079999959, -29.874768169999964 ], [ -56.81282420999996, -29.874742119999951 ], [ -56.81307024999996, -29.874715719999958 ], [ -56.813317629999958, -29.874689769999957 ], [ -56.813565229999959, -29.874663989999942 ], [ -56.813812659999961, -29.874637269999955 ], [ -56.81406065999996, -29.874611229999953 ], [ -56.814309109999961, -29.874585969999956 ], [ -56.81455693999996, -29.874559259999948 ], [ -56.814805489999962, -29.874533109999952 ], [ -56.815053539999958, -29.874506789999948 ], [ -56.815300439999959, -29.874480569999957 ], [ -56.815546009999956, -29.874454529999959 ], [ -56.815790219999961, -29.874428299999945 ], [ -56.81603348999996, -29.874402429999957 ], [ -56.816275319999967, -29.874376549999951 ], [ -56.816516399999962, -29.874350189999948 ], [ -56.816755829999956, -29.874324049999952 ], [ -56.816995239999962, -29.874298579999955 ], [ -56.81723420999996, -29.874273189999961 ], [ -56.81747251999996, -29.87424840999995 ], [ -56.81770936999996, -29.874223089999958 ], [ -56.817945249999958, -29.87419747999996 ], [ -56.818180699999957, -29.874171409999956 ], [ -56.818416369999959, -29.874146449999966 ], [ -56.818652149999956, -29.874120809999944 ], [ -56.818888159999958, -29.874095379999961 ], [ -56.819124339999959, -29.87407008999995 ], [ -56.819360559999964, -29.874044959999953 ], [ -56.819596659999966, -29.874019509999957 ], [ -56.819831849999957, -29.873993679999955 ], [ -56.82006623999996, -29.873967679999957 ], [ -56.820298649999962, -29.873941939999956 ], [ -56.820528949999961, -29.873917149999951 ], [ -56.82075770999996, -29.873892899999955 ], [ -56.820985859999965, -29.873868859999952 ], [ -56.821211919999968, -29.873844539999951 ], [ -56.82143784999996, -29.873820219999949 ], [ -56.82166249999996, -29.873795779999959 ], [ -56.821886509999956, -29.873771559999955 ], [ -56.822110839999958, -29.873747509999966 ], [ -56.822335889999962, -29.873723009999956 ], [ -56.822562669999961, -29.873698679999954 ], [ -56.822789799999967, -29.873674579999957 ], [ -56.823018209999958, -29.873650939999951 ], [ -56.823247639999963, -29.87362734999995 ], [ -56.823477829999959, -29.873602439999949 ], [ -56.82370936999996, -29.873576729999954 ], [ -56.823940049999962, -29.873550699999956 ], [ -56.824170219999957, -29.87352536999995 ], [ -56.82440006999996, -29.873501009999963 ], [ -56.82462978999996, -29.873477339999948 ], [ -56.824858489999961, -29.873453269999949 ], [ -56.825087169999961, -29.873429799999965 ], [ -56.825315499999959, -29.873405599999959 ], [ -56.82554310999997, -29.87338177999996 ], [ -56.82577013999996, -29.873357499999962 ], [ -56.825996629999956, -29.873333869999957 ], [ -56.826222819999963, -29.873309719999952 ], [ -56.826447229999957, -29.873285519999946 ], [ -56.826670089999958, -29.873261519999947 ], [ -56.826891299999957, -29.873237059999955 ], [ -56.827110589999961, -29.873212229999957 ], [ -56.827327849999961, -29.873187889999954 ], [ -56.82754347999996, -29.873164289999966 ], [ -56.827758009999961, -29.873141899999951 ], [ -56.827972149999958, -29.873119389999964 ], [ -56.828186419999959, -29.873096849999964 ], [ -56.828401149999962, -29.873074669999948 ], [ -56.828615899999967, -29.873052139999956 ], [ -56.828829929999962, -29.873029989999957 ], [ -56.82904312999996, -29.873008209999956 ], [ -56.829255749999959, -29.872986329999954 ], [ -56.82947190999996, -29.872963599999945 ], [ -56.829694959999962, -29.87293943999995 ], [ -56.82992937999996, -29.872913469999951 ], [ -56.830184629999962, -29.872886299999955 ], [ -56.830445589999961, -29.872858499999968 ], [ -56.830705139999957, -29.872830709999949 ], [ -56.830962489999962, -29.872802679999953 ], [ -56.831217749999958, -29.872775889999954 ], [ -56.831471609999959, -29.872749149999962 ], [ -56.831723339999961, -29.872721059999957 ], [ -56.831973069999961, -29.872694199999948 ], [ -56.832223809999959, -29.872668649999955 ], [ -56.832473989999961, -29.872642049999957 ], [ -56.832723349999959, -29.872616139999959 ], [ -56.832972299999959, -29.872589169999955 ], [ -56.833221289999962, -29.87256265999995 ], [ -56.833470429999956, -29.872535529999951 ], [ -56.833719679999959, -29.87250752999995 ], [ -56.833968869999957, -29.872479629999944 ], [ -56.83421880999996, -29.872452529999954 ], [ -56.83446964999996, -29.872424859999942 ], [ -56.834722819999961, -29.872397499999963 ], [ -56.83497820999996, -29.872370169999961 ], [ -56.835234759999956, -29.872343429999951 ], [ -56.835492499999958, -29.872315559999958 ], [ -56.83575057999996, -29.872287899999954 ], [ -56.836007839999958, -29.872260729999947 ], [ -56.836264319999962, -29.872233039999941 ], [ -56.836520759999956, -29.872205229999956 ], [ -56.836776929999957, -29.872178109999957 ], [ -56.837032609999959, -29.872152189999955 ], [ -56.837288209999961, -29.87212434999995 ], [ -56.837543769999961, -29.87209513999996 ], [ -56.837798769999957, -29.872064709999961 ], [ -56.838053039999963, -29.872034819999953 ], [ -56.838307779999958, -29.872006 ], [ -56.838563249999957, -29.871978539999958 ], [ -56.838821549999956, -29.871952539999956 ], [ -56.839081269999959, -29.871925879999957 ], [ -56.839342619999968, -29.871899269999961 ], [ -56.839605889999959, -29.871873349999955 ], [ -56.839869939999957, -29.871846139999953 ], [ -56.840134199999959, -29.871817569999948 ], [ -56.840398599999958, -29.871789609999954 ], [ -56.840662579999957, -29.871760589999955 ], [ -56.840926989999957, -29.871731609999948 ], [ -56.841191679999959, -29.871702929999959 ], [ -56.84145739999996, -29.871674569999943 ], [ -56.84172317999996, -29.871646089999953 ], [ -56.841989549999958, -29.871618949999963 ], [ -56.84225638999996, -29.87159143999995 ], [ -56.842522499999959, -29.871563529999957 ], [ -56.842787339999958, -29.871534049999951 ], [ -56.843051179999961, -29.871504789999953 ], [ -56.843313959999961, -29.87147654999994 ], [ -56.843575279999961, -29.871449079999955 ], [ -56.843835109999958, -29.871422279999944 ], [ -56.84409336999996, -29.871395749999959 ], [ -56.844349719999961, -29.871369639999951 ], [ -56.844605119999969, -29.871342709999944 ], [ -56.844858709999961, -29.871315869999961 ], [ -56.84511090999996, -29.871287189999951 ], [ -56.845361969999956, -29.871259309999971 ], [ -56.845612039999956, -29.871231299999948 ], [ -56.845861859999957, -29.871204319999954 ], [ -56.846111989999962, -29.87117644999995 ], [ -56.846362819999968, -29.87115006999996 ], [ -56.84661502999996, -29.871122899999957 ], [ -56.846867949999968, -29.87109566999996 ], [ -56.847120229999959, -29.871069139999953 ], [ -56.847372679999964, -29.871042669999955 ], [ -56.847625449999967, -29.871014759999948 ], [ -56.847878589999958, -29.870986759999958 ], [ -56.848133989999965, -29.870960819999958 ], [ -56.848389719999957, -29.870933689999958 ], [ -56.848644729999961, -29.87090640999995 ], [ -56.848899289999956, -29.870878309999959 ], [ -56.849152259999961, -29.870850869999952 ], [ -56.849405259999962, -29.870823899999952 ], [ -56.849656759999959, -29.870796489999954 ], [ -56.849906569999966, -29.870769589999952 ], [ -56.850156969999958, -29.870742979999964 ], [ -56.850406819999961, -29.870717149999955 ], [ -56.850656039999969, -29.870689949999957 ], [ -56.850904249999957, -29.870664869999963 ], [ -56.851152959999958, -29.870637969999954 ], [ -56.851400079999969, -29.870610859999953 ], [ -56.851647749999962, -29.870584069999957 ], [ -56.851893799999957, -29.870557009999956 ], [ -56.852138679999968, -29.870531399999955 ], [ -56.852382489999961, -29.870506619999947 ], [ -56.852625329999967, -29.870480949999955 ], [ -56.852867369999956, -29.870456059999952 ], [ -56.853107609999959, -29.870430679999959 ], [ -56.853348189999956, -29.870404669999949 ], [ -56.853587979999958, -29.870378849999955 ], [ -56.853827139999957, -29.870353019999961 ], [ -56.854066059999958, -29.870327349999961 ], [ -56.854304929999962, -29.870301759999961 ], [ -56.854542569999964, -29.870276769999951 ], [ -56.854780679999969, -29.870251139999958 ], [ -56.855019209999959, -29.87022445999995 ], [ -56.855256439999962, -29.870198599999949 ], [ -56.85549419999996, -29.870171539999955 ], [ -56.855731689999956, -29.870145889999968 ], [ -56.855969029999962, -29.87012049999996 ], [ -56.856205129999957, -29.870094449999954 ], [ -56.856442939999965, -29.870068569999955 ], [ -56.856679899999961, -29.870043629999955 ], [ -56.856916129999966, -29.870018539999958 ], [ -56.857152279999958, -29.869992429999957 ], [ -56.857387779999961, -29.869966439999956 ], [ -56.85762401999996, -29.869940499999956 ], [ -56.857859419999961, -29.869915669999951 ], [ -56.858096789999969, -29.86989077999996 ], [ -56.858333819999956, -29.869865879999967 ], [ -56.858571869999956, -29.869841529999949 ], [ -56.85881021999996, -29.869816789999948 ], [ -56.859049149999962, -29.869791369999955 ], [ -56.859288079999963, -29.869765929999957 ], [ -56.859525989999966, -29.869739779999954 ], [ -56.85976292999996, -29.869714319999954 ], [ -56.859998979999958, -29.869689 ], [ -56.860232959999962, -29.869663789999947 ], [ -56.860464149999956, -29.869639299999964 ], [ -56.860694499999958, -29.869614879999954 ], [ -56.860923089999957, -29.869589 ], [ -56.861150159999958, -29.869565049999959 ], [ -56.861376349999958, -29.86954007999995 ], [ -56.861601349999958, -29.869515969999952 ], [ -56.861826899999961, -29.86949143999994 ], [ -56.862052849999969, -29.869468069999957 ], [ -56.862280609999956, -29.869443989999962 ], [ -56.862510059999956, -29.869418419999949 ], [ -56.86274103999996, -29.869393239999955 ], [ -56.862973189999963, -29.869368239999957 ], [ -56.863206749999961, -29.869343979999961 ], [ -56.86344074999996, -29.869318479999954 ], [ -56.863675609999959, -29.869292619999964 ], [ -56.863911649999956, -29.869266369999956 ], [ -56.864149079999962, -29.869240679999947 ], [ -56.864387309999962, -29.869214619999958 ], [ -56.864627399999961, -29.869189619999958 ], [ -56.864869329999962, -29.869165279999951 ], [ -56.865111849999963, -29.86914066999995 ], [ -56.865356349999956, -29.869115249999954 ], [ -56.865602649999957, -29.869089729999953 ], [ -56.865847579999958, -29.869063919999949 ], [ -56.866091699999956, -29.86903739999995 ], [ -56.866334789999961, -29.869010199999956 ], [ -56.86657737999996, -29.868983659999955 ], [ -56.86681851999996, -29.868956219999951 ], [ -56.867060659999957, -29.868928559999947 ], [ -56.867302399999957, -29.868899159999955 ], [ -56.867544289999962, -29.868869169999961 ], [ -56.867784739999962, -29.868837669999952 ], [ -56.868023569999956, -29.86880308999995 ], [ -56.868260689999964, -29.868767949999956 ], [ -56.868497329999961, -29.868731519999947 ], [ -56.868734439999962, -29.868692969999955 ], [ -56.868973119999957, -29.868651579999948 ], [ -56.869209809999958, -29.868607619999953 ], [ -56.869446969999963, -29.868563699999957 ], [ -56.86968403999996, -29.868517649999955 ], [ -56.869920769999965, -29.868468129999954 ], [ -56.870157019999958, -29.868419449999948 ], [ -56.870393, -29.868369149999946 ], [ -56.870629209999962, -29.868317539999961 ], [ -56.870860379999961, -29.868263149999954 ], [ -56.871096459999961, -29.868206879999963 ], [ -56.871332459999962, -29.86814878999995 ], [ -56.87156893999996, -29.868089909999956 ], [ -56.871806309999961, -29.868031549999955 ], [ -56.872043279999957, -29.867973059999954 ], [ -56.872280109999956, -29.867913629999951 ], [ -56.872515709999959, -29.867854119999961 ], [ -56.872751899999962, -29.867794479999947 ], [ -56.872987389999956, -29.867736129999962 ], [ -56.873222529999957, -29.867677989999958 ], [ -56.873457809999962, -29.867619109999961 ], [ -56.873692899999959, -29.867560859999948 ], [ -56.873927399999957, -29.86750166999996 ], [ -56.874160229999958, -29.867442819999958 ], [ -56.874391449999962, -29.867384459999951 ], [ -56.874621539999957, -29.867326859999949 ], [ -56.874849849999961, -29.867269709999945 ], [ -56.875076659999962, -29.867213249999967 ], [ -56.87530171999996, -29.86715716999996 ], [ -56.875524929999962, -29.867101039999952 ], [ -56.875746079999956, -29.867045199999954 ], [ -56.875965169999958, -29.866990399999953 ], [ -56.876181759999959, -29.866935919999957 ], [ -56.876395829999957, -29.866882659999941 ], [ -56.876607399999962, -29.866829749999951 ], [ -56.876816009999956, -29.866777589999959 ], [ -56.877021829999961, -29.866725799999951 ], [ -56.877224949999956, -29.866675439999952 ], [ -56.877424239999961, -29.866625529999947 ], [ -56.877620489999956, -29.866576919999954 ], [ -56.87781427999996, -29.866528789999954 ], [ -56.878009489999961, -29.866479889999955 ], [ -56.878202229999957, -29.866432099999948 ], [ -56.878390499999959, -29.866384619999966 ], [ -56.87857505999996, -29.866338759999945 ], [ -56.878754379999961, -29.866294259999947 ], [ -56.878928669999958, -29.866251159999958 ], [ -56.879097, -29.866209799999954 ], [ -56.879258589999957, -29.866170169999958 ], [ -56.87941340999997, -29.866131849999956 ], [ -56.87956245999996, -29.866094919999952 ], [ -56.879709779999956, -29.866058639999956 ], [ -56.87984876999996, -29.866024889999963 ], [ -56.879979079999956, -29.865993109999955 ], [ -56.880100259999956, -29.865962299999961 ], [ -56.880214149999958, -29.865933059999954 ], [ -56.880225199999963, -29.865930189999951 ] ] ] } },
{ "type": "Feature", "properties": { "ds_local_i": "ENTR BR-290/293", "ds_local_f": "ACESSO PORTO SECO DE URUGUAIANA", "ds_legenda": "Pavimentada", "sg_legenda": "PAV", "ds_jurisdi": "Federal", "km_dentro_area_estudo": 19.96, "rodovia": "BR-290", "divergencia_osm": false }, "geometry": { "type": "MultiLineString", "coordinates": [ [ [ -56.880225199999963, -29.865930189999951 ], [ -56.880324639999962, -29.865904379999957 ], [ -56.880436879999962, -29.865875109999958 ], [ -56.88055363999996, -29.865845429999958 ], [ -56.880673169999959, -29.865815059999953 ], [ -56.880793569999966, -29.865784799999947 ], [ -56.880915759999958, -29.865755009999951 ], [ -56.881038289999964, -29.865724439999958 ], [ -56.881161699999957, -29.865693829999959 ], [ -56.881285409999961, -29.865663169999948 ], [ -56.88140802999996, -29.865632349999959 ], [ -56.881529169999958, -29.865601839999954 ], [ -56.881649739999958, -29.865571779999947 ], [ -56.881770389999957, -29.865541679999964 ], [ -56.881890849999962, -29.865511809999955 ], [ -56.882011209999959, -29.86548206999996 ], [ -56.882131559999962, -29.86545166999996 ], [ -56.882251489999966, -29.865421179999952 ], [ -56.882371449999965, -29.865390749999953 ], [ -56.88249134999996, -29.865361219999954 ], [ -56.882611009999962, -29.865332289999955 ], [ -56.882731179999958, -29.865303679999958 ], [ -56.882850429999962, -29.865273919999954 ], [ -56.882969619999969, -29.865244179999952 ], [ -56.883088459999961, -29.865213109999949 ], [ -56.883207169999956, -29.865182239999957 ], [ -56.883325149999962, -29.865152199999955 ], [ -56.88344139999996, -29.865122949999947 ], [ -56.883555819999962, -29.865094609999964 ], [ -56.883666249999962, -29.865066469999949 ], [ -56.883770579999961, -29.865038869999957 ], [ -56.883867949999967, -29.865014549999955 ], [ -56.883956459999958, -29.864992289999954 ], [ -56.88404149999996, -29.864971899999954 ], [ -56.884118309999963, -29.864955069999958 ], [ -56.88418336999996, -29.864939849999949 ], [ -56.884237859999963, -29.864926569999952 ], [ -56.88427997999996, -29.864915509999953 ], [ -56.884320449999969, -29.864906559999962 ], [ -56.884360939999958, -29.864901689999943 ], [ -56.884391779999966, -29.864899909999963 ], [ -56.884414739999961, -29.864896849999958 ], [ -56.884426279999957, -29.864894939999967 ], [ -56.884446129999958, -29.864888879999956 ], [ -56.884471519999963, -29.864880449999955 ], [ -56.884502209999958, -29.864869229999965 ], [ -56.88454997999996, -29.86485170999995 ], [ -56.884627129999956, -29.864826609999955 ], [ -56.884738349999957, -29.864797209999956 ], [ -56.88487484999996, -29.864763559999954 ], [ -56.885025949999957, -29.864725069999963 ], [ -56.885186789999956, -29.864684909999955 ], [ -56.885348649999962, -29.86464384999995 ], [ -56.885511439999959, -29.864602409999947 ], [ -56.885675619999958, -29.864560849999958 ], [ -56.885839879999956, -29.864519519999952 ], [ -56.886006279999961, -29.864478469999959 ], [ -56.886172369999962, -29.864437369999955 ], [ -56.886339709999959, -29.864396409999966 ], [ -56.88650709999996, -29.864354889999944 ], [ -56.88667644999996, -29.864313419999956 ], [ -56.886847959999962, -29.864271139999957 ], [ -56.887019309999957, -29.864228749999967 ], [ -56.887190959999963, -29.864185839999958 ], [ -56.887363289999968, -29.864142849999961 ], [ -56.887535899999968, -29.864099769999967 ], [ -56.887708289999956, -29.864056179999956 ], [ -56.887882249999961, -29.86401260999995 ], [ -56.888058349999959, -29.863967899999949 ], [ -56.888237699999962, -29.863922639999959 ], [ -56.888420569999965, -29.863877449999951 ], [ -56.888606619999962, -29.863831569999949 ], [ -56.888795479999956, -29.863784929999952 ], [ -56.888986229999958, -29.863737049999948 ], [ -56.889179, -29.863689009999955 ], [ -56.889372969999968, -29.863641119999965 ], [ -56.88956771999996, -29.863592609999948 ], [ -56.889762699999956, -29.863542889999952 ], [ -56.88995819999996, -29.863493169999948 ], [ -56.890152769999965, -29.863444129999948 ], [ -56.890348469999964, -29.863395469999951 ], [ -56.890544979999966, -29.863347099999949 ], [ -56.89074276999996, -29.863298 ], [ -56.89094202999997, -29.86324808999996 ], [ -56.891142659999957, -29.863196889999951 ], [ -56.891346059999961, -29.863144689999952 ], [ -56.891550729999956, -29.863092989999959 ], [ -56.891756669999957, -29.863041299999956 ], [ -56.891963229999959, -29.862988329999947 ], [ -56.892170819999961, -29.862934839999955 ], [ -56.892378739999963, -29.862880939999954 ], [ -56.892586659999957, -29.86282664999996 ], [ -56.892794879999961, -29.862771649999956 ], [ -56.893002579999958, -29.862715029999961 ], [ -56.893210279999963, -29.862656529999953 ], [ -56.893418279999956, -29.86259761999996 ], [ -56.893626079999962, -29.862537729999957 ], [ -56.893833369999967, -29.862476869999945 ], [ -56.894040249999961, -29.862415399999961 ], [ -56.894246459999962, -29.862353939999956 ], [ -56.89445227999996, -29.862292089999951 ], [ -56.894656879999957, -29.862229469999956 ], [ -56.894860689999959, -29.862165799999957 ], [ -56.895063179999958, -29.862101279999958 ], [ -56.895265029999962, -29.862036309999954 ], [ -56.895466119999959, -29.861971009999952 ], [ -56.895665969999961, -29.861905829999955 ], [ -56.895864789999962, -29.86184010999996 ], [ -56.89606202999996, -29.861773839999955 ], [ -56.896257059999961, -29.861706819999949 ], [ -56.896450039999969, -29.861640279999964 ], [ -56.896640929999968, -29.861574499999961 ], [ -56.896829609999962, -29.861508869999948 ], [ -56.897015799999956, -29.861442619999949 ], [ -56.89720004999996, -29.861375609999953 ], [ -56.897383239999961, -29.861308349999963 ], [ -56.897565909999962, -29.861239869999959 ], [ -56.897749689999962, -29.861170559999952 ], [ -56.897934089999964, -29.861100109999967 ], [ -56.898119209999962, -29.861029059999961 ], [ -56.898305189999959, -29.860958089999954 ], [ -56.898491509999957, -29.860885979999953 ], [ -56.898677509999963, -29.860812589999945 ], [ -56.898863209999959, -29.860739009999961 ], [ -56.899048179999959, -29.860665519999948 ], [ -56.899232449999957, -29.860591739999947 ], [ -56.899416969999962, -29.860516359999952 ], [ -56.899601189999956, -29.860440259999955 ], [ -56.899784809999957, -29.860363529999951 ], [ -56.899967739999958, -29.860286789999961 ], [ -56.90014946999996, -29.860208859999958 ], [ -56.900330989999958, -29.860131169999949 ], [ -56.900512269999957, -29.860054129999941 ], [ -56.900692259999957, -29.859976579999955 ], [ -56.900870269999956, -29.859897749999952 ], [ -56.901047119999959, -29.859818669999949 ], [ -56.901223019999961, -29.85973909999996 ], [ -56.901398339999957, -29.85965901999996 ], [ -56.901573429999956, -29.859578499999948 ], [ -56.901748599999962, -29.859497309999959 ], [ -56.901923, -29.859414669999961 ], [ -56.902096779999958, -29.859331589999954 ], [ -56.90227043999996, -29.859247959999955 ], [ -56.902443249999962, -29.859162559999959 ], [ -56.902616309999956, -29.859076589999958 ], [ -56.902791259999958, -29.858991389999957 ], [ -56.90296741999996, -29.858906039999958 ], [ -56.903144109999957, -29.858819499999957 ], [ -56.903321329999962, -29.858732099999951 ], [ -56.903498459999959, -29.858644519999959 ], [ -56.903675649999961, -29.858557529999949 ], [ -56.903852659999956, -29.858470829999955 ], [ -56.90403030999996, -29.858384119999954 ], [ -56.904207949999957, -29.858296429999957 ], [ -56.904385809999958, -29.85820698999995 ], [ -56.904563689999968, -29.858116769999949 ], [ -56.904742539999958, -29.85802797999996 ], [ -56.904922359999958, -29.857939339999945 ], [ -56.905104229999957, -29.857850539999948 ], [ -56.905288449999958, -29.857759219999949 ], [ -56.905474839999961, -29.857667299999953 ], [ -56.905662059999962, -29.857574039999946 ], [ -56.905849539999956, -29.857480609999961 ], [ -56.906038369999962, -29.857387639999963 ], [ -56.906228019999958, -29.857294949999954 ], [ -56.90641757999996, -29.857201489999944 ], [ -56.906606989999958, -29.857107269999958 ], [ -56.906795629999962, -29.857013529999957 ], [ -56.906984369999961, -29.856919869999953 ], [ -56.907172639999956, -29.856826139999956 ], [ -56.907360419999961, -29.856733409999951 ], [ -56.907547439999959, -29.856640089999956 ], [ -56.907732869999961, -29.856546639999955 ], [ -56.90791791999996, -29.85645339999996 ], [ -56.908103689999962, -29.856363839999965 ], [ -56.908287969999961, -29.856274369999955 ], [ -56.908471579999961, -29.856185219999951 ], [ -56.908656659999956, -29.856094119999955 ], [ -56.908844019999961, -29.856002259999958 ], [ -56.909030129999969, -29.855911299999956 ], [ -56.909211939999963, -29.855820719999954 ], [ -56.909390509999959, -29.855731959999957 ], [ -56.909564429999961, -29.855645169999949 ], [ -56.909734229999962, -29.855561179999949 ], [ -56.90989873999996, -29.855478629999954 ], [ -56.910057939999959, -29.85539848999996 ], [ -56.910212329999958, -29.855320909999957 ], [ -56.910361759999958, -29.855246009999949 ], [ -56.910506449999957, -29.855175019999951 ], [ -56.910645939999959, -29.855106529999947 ], [ -56.910782309999959, -29.855040709999948 ], [ -56.910926089999961, -29.85496627999996 ], [ -56.911100929999961, -29.854877379999955 ], [ -56.911305019999958, -29.854775659999955 ], [ -56.911524399999962, -29.854667109999948 ], [ -56.911744489999961, -29.854558119999957 ], [ -56.911965379999963, -29.854449109999951 ], [ -56.912186209999959, -29.854339619999951 ], [ -56.912406819999958, -29.854229899999968 ], [ -56.912627419999957, -29.854120349999956 ], [ -56.912847819999961, -29.854011089999954 ], [ -56.913067719999958, -29.853902319999953 ], [ -56.91328757999996, -29.853793959999955 ], [ -56.913507039999956, -29.853686149999955 ], [ -56.913725839999962, -29.85357822999995 ], [ -56.913943609999968, -29.853469739999955 ], [ -56.914161309999962, -29.853362109999967 ], [ -56.914378869999958, -29.853254109999959 ], [ -56.914595769999956, -29.853145939999958 ], [ -56.914813499999958, -29.853037529999952 ], [ -56.915031769999956, -29.852928639999949 ], [ -56.91525130999996, -29.852819389999954 ], [ -56.915471049999965, -29.852710129999956 ], [ -56.915691259999967, -29.852600569999968 ], [ -56.915911519999959, -29.852491349999958 ], [ -56.916132389999959, -29.852381899999955 ], [ -56.916352879999963, -29.852272269999961 ], [ -56.916574149999967, -29.852162029999963 ], [ -56.916795069999957, -29.852052049999958 ], [ -56.917016709999956, -29.851942179999956 ], [ -56.917239299999956, -29.851831849999957 ], [ -56.917462439999966, -29.85172100999997 ], [ -56.917686169999961, -29.851609749999955 ], [ -56.917910859999957, -29.851498269999961 ], [ -56.918135309999961, -29.851386249999955 ], [ -56.918360099999958, -29.851274729999957 ], [ -56.918584779999961, -29.851163789999955 ], [ -56.918809319999959, -29.851053359999948 ], [ -56.919033439999957, -29.85094207999995 ], [ -56.919257039999962, -29.850831579999944 ], [ -56.919480519999958, -29.850721229999962 ], [ -56.919703579999961, -29.850611149999963 ], [ -56.91992572999996, -29.850500579999945 ], [ -56.920146699999961, -29.850390329999943 ], [ -56.920366799999961, -29.850280639999948 ], [ -56.920586899999961, -29.850172119999957 ], [ -56.920806959999958, -29.850062859999955 ], [ -56.921026699999956, -29.849954199999949 ], [ -56.921245909999968, -29.849845149999958 ], [ -56.921464229999962, -29.849736529999955 ], [ -56.921681889999959, -29.849628789999954 ], [ -56.921900059999956, -29.849522249999943 ], [ -56.922118029999957, -29.849415 ], [ -56.92233497999996, -29.849307559999954 ], [ -56.922551159999962, -29.849200779999954 ], [ -56.922766399999958, -29.849093409999949 ], [ -56.92298145999996, -29.848985929999948 ], [ -56.923195779999958, -29.848878579999958 ], [ -56.923409669999963, -29.84877207999995 ], [ -56.923623139999961, -29.848666709999961 ], [ -56.923836759999958, -29.848561949999958 ], [ -56.924049, -29.848457249999964 ], [ -56.924259739999961, -29.848356269999961 ], [ -56.924471229999959, -29.848246829999947 ], [ -56.924682079999961, -29.848138889999952 ], [ -56.924890899999959, -29.848034809999952 ], [ -56.925099029999956, -29.847931889999948 ], [ -56.925305739999956, -29.847830029999955 ], [ -56.925512669999961, -29.847726629999951 ], [ -56.925718839999959, -29.847623619999954 ], [ -56.92592391999996, -29.847521579999949 ], [ -56.926127889999961, -29.847420769999964 ], [ -56.926330669999956, -29.847320109999956 ], [ -56.926532399999957, -29.847220769999954 ], [ -56.926733349999957, -29.847121139999956 ], [ -56.926933039999959, -29.847021679999955 ], [ -56.927132469999961, -29.846922949999954 ], [ -56.927330809999958, -29.846825239999951 ], [ -56.927528549999963, -29.84672885999996 ], [ -56.927725249999959, -29.84663478999995 ], [ -56.927920129999968, -29.846541489999957 ], [ -56.928113579999959, -29.846449779999954 ], [ -56.928306099999965, -29.846358939999963 ], [ -56.928497219999961, -29.846269419999949 ], [ -56.928687919999959, -29.846181539999943 ], [ -56.928877969999959, -29.846095329999951 ], [ -56.929066879999958, -29.846010279999952 ], [ -56.929254389999961, -29.84592606999994 ], [ -56.929440509999957, -29.845843939999956 ], [ -56.929624469999958, -29.845763599999959 ], [ -56.929807659999959, -29.845684309999964 ], [ -56.929993269999962, -29.845604129999955 ], [ -56.930177049999962, -29.845525719999952 ], [ -56.930357969999967, -29.845449649999956 ], [ -56.930535139999961, -29.845374509999957 ], [ -56.930711989999963, -29.845301099999947 ], [ -56.930887959999957, -29.845228899999956 ], [ -56.931062529999956, -29.845158469999944 ], [ -56.931235219999969, -29.845089699999971 ], [ -56.931406039999956, -29.845022949999947 ], [ -56.931575439999961, -29.84495818999995 ], [ -56.931743869999956, -29.844894139999951 ], [ -56.931910369999962, -29.844830709999957 ], [ -56.932076, -29.844768159999948 ], [ -56.932240569999962, -29.844706299999952 ], [ -56.932402889999956, -29.844645009999955 ], [ -56.932562079999961, -29.844584899999951 ], [ -56.932717689999961, -29.844526389999956 ], [ -56.932870579999957, -29.844469309999951 ], [ -56.933023159999962, -29.84441471999995 ], [ -56.933177939999958, -29.844359689999958 ], [ -56.933330749999961, -29.844303589999953 ], [ -56.933483909999957, -29.844249039999948 ], [ -56.933637069999961, -29.844197349999948 ], [ -56.933789779999962, -29.844144699999955 ], [ -56.93394406999996, -29.844090819999948 ], [ -56.934100609999959, -29.844037309999955 ], [ -56.934258169999964, -29.84398305999995 ], [ -56.934416889999959, -29.843927 ], [ -56.934576039999968, -29.843869589999944 ], [ -56.934736249999958, -29.843813149999967 ], [ -56.934896519999967, -29.84375681999996 ], [ -56.935053439999962, -29.843703209999958 ], [ -56.935206309999963, -29.843651789999942 ], [ -56.935354919999959, -29.843601579999952 ], [ -56.935499059999962, -29.843550819999948 ], [ -56.935639919999957, -29.843502159999961 ], [ -56.935777179999967, -29.843454109999957 ], [ -56.935908419999961, -29.843408219999951 ], [ -56.936034589999956, -29.843364569999959 ], [ -56.93615383999996, -29.843324169999946 ], [ -56.936266909999958, -29.843285119999955 ], [ -56.936374039999961, -29.843248779999957 ], [ -56.936480229999965, -29.843211799999953 ], [ -56.936580969999959, -29.843176059999966 ], [ -56.936671519999969, -29.843143839999954 ], [ -56.936752849999962, -29.84311545999995 ], [ -56.936824169999959, -29.843090819999947 ], [ -56.936885889999964, -29.843070209999961 ], [ -56.936938239999961, -29.843052559999954 ], [ -56.936982149999956, -29.843037619999951 ], [ -56.937023769999961, -29.843023659999957 ], [ -56.937057729999957, -29.843012859999948 ], [ -56.937079859999962, -29.843005789999943 ], [ -56.937088049999957, -29.843003129999957 ], [ -56.937096229999959, -29.843000479999954 ], [ -56.937114239999957, -29.842994729999958 ], [ -56.937132419999962, -29.842988629999947 ], [ -56.937148759999957, -29.842982549999956 ], [ -56.937158709999956, -29.842978919999965 ], [ -56.93716296999996, -29.842977369999961 ], [ -56.937177449999965, -29.842971359999954 ], [ -56.937194779999956, -29.842967069999961 ], [ -56.937215549999962, -29.842963699999959 ], [ -56.937238239999957, -29.842961049999953 ], [ -56.937262919999959, -29.842959179999951 ], [ -56.937282529999962, -29.84295713999996 ], [ -56.937298589999962, -29.84295490999996 ], [ -56.937306389999961, -29.842952739999944 ], [ -56.937308259999966, -29.842951929999963 ], [ -56.937315769999962, -29.842949609999959 ], [ -56.93733883999996, -29.842941009999947 ], [ -56.937372239999959, -29.84292347999995 ], [ -56.93741501999996, -29.842897049999955 ], [ -56.937475069999962, -29.842868919999962 ], [ -56.937543249999962, -29.842842899999948 ], [ -56.937612389999956, -29.842818059999953 ], [ -56.937674579999957, -29.84279650999996 ], [ -56.93772596999996, -29.842778869999972 ], [ -56.937767799999961, -29.842765119999957 ], [ -56.937792409999957, -29.842757109999948 ], [ -56.937802949999956, -29.842753679999948 ], [ -56.937837599999959, -29.842741909999955 ], [ -56.937873099999962, -29.842729719999959 ], [ -56.937907549999956, -29.842717749999952 ], [ -56.937937859999963, -29.842706509999967 ], [ -56.93795202999997, -29.842701489999971 ], [ -56.937966199999963, -29.842696479999955 ], [ -56.937996639999966, -29.84268597999996 ], [ -56.938030509999962, -29.842674519999949 ], [ -56.93806990999996, -29.842660799999955 ], [ -56.93811138999996, -29.842646169999959 ], [ -56.938154, -29.842634179999958 ], [ -56.938195339999965, -29.842625739999949 ], [ -56.938231619999961, -29.84261890999996 ], [ -56.938263269999958, -29.842612729999949 ], [ -56.938294139999961, -29.842605909999961 ], [ -56.938317089999963, -29.842600839999964 ], [ -56.938330749999956, -29.842596919999956 ], [ -56.938335369999962, -29.842595329999959 ], [ -56.938337429999962, -29.842595159999956 ], [ -56.93834813999996, -29.842592339999957 ], [ -56.93836797999996, -29.84258525999995 ], [ -56.938400729999962, -29.84257194999995 ], [ -56.938444179999962, -29.842551729999954 ], [ -56.938500679999962, -29.84252363999995 ], [ -56.93857133999996, -29.842491939999949 ], [ -56.938659939999958, -29.842456529999961 ], [ -56.938767489999961, -29.84241783999996 ], [ -56.938887739999963, -29.842374889999952 ], [ -56.939016629999962, -29.842329469999946 ], [ -56.939151439999961, -29.842281989999957 ], [ -56.939293499999962, -29.842232079999956 ], [ -56.939444759999958, -29.842179449999968 ], [ -56.939606109999957, -29.842123119999954 ], [ -56.939778609999962, -29.842062849999955 ], [ -56.939961459999957, -29.841998599999958 ], [ -56.94015325999996, -29.841931429999967 ], [ -56.94035146999996, -29.841861919999957 ], [ -56.940554069999962, -29.841791109999956 ], [ -56.94076151999996, -29.841718459999953 ], [ -56.940973799999959, -29.841643779999959 ], [ -56.941191739999958, -29.841567039999962 ], [ -56.941416299999958, -29.841487979999968 ], [ -56.941646399999961, -29.841407389999951 ], [ -56.941879739999962, -29.841325569999952 ], [ -56.942115829999963, -29.841244269999947 ], [ -56.942353849999961, -29.841162019999956 ], [ -56.942593649999964, -29.841077839999954 ], [ -56.942835399999957, -29.840992869999951 ], [ -56.943078, -29.840908349999964 ], [ -56.94332114999996, -29.840822889999949 ], [ -56.943565029999959, -29.840737759999953 ], [ -56.943809949999959, -29.84065325999995 ], [ -56.944055179999957, -29.840568439999952 ], [ -56.944301479999957, -29.840484 ], [ -56.944547949999958, -29.840398879999956 ], [ -56.944793789999963, -29.840313719999941 ], [ -56.945038779999962, -29.840228779999954 ], [ -56.945283479999958, -29.840143039999948 ], [ -56.945528059999958, -29.840057419999955 ], [ -56.945772379999958, -29.839971539999951 ], [ -56.946016339999957, -29.839887009999948 ], [ -56.946260289999962, -29.839800449999959 ], [ -56.946503499999963, -29.839714239999953 ], [ -56.946746889999957, -29.839627479999958 ], [ -56.94699072999996, -29.839542409999957 ], [ -56.947234219999956, -29.839458099999955 ], [ -56.947477479999961, -29.839374519999954 ], [ -56.947721499999957, -29.83929044999995 ], [ -56.947966499999957, -29.839205269999951 ], [ -56.948211139999962, -29.839121 ], [ -56.948455369999962, -29.839036229999955 ], [ -56.948699259999962, -29.838950939999958 ], [ -56.948942989999956, -29.838865479999946 ], [ -56.949186799999957, -29.838779849999952 ], [ -56.949430909999961, -29.838696099999957 ], [ -56.949675099999958, -29.838611359999948 ], [ -56.949919039999962, -29.838527099999958 ], [ -56.950163289999956, -29.838442139999948 ], [ -56.950407489999961, -29.83835713999995 ], [ -56.950651179999959, -29.838272499999952 ], [ -56.950894069999961, -29.83818693999995 ], [ -56.951136579999961, -29.83810224999996 ], [ -56.95137984999996, -29.838017619999949 ], [ -56.951624589999959, -29.837933409999952 ], [ -56.951870799999959, -29.837847969999956 ], [ -56.952117669999957, -29.837761819999951 ], [ -56.952364349999961, -29.83767536999995 ], [ -56.952612229999957, -29.837588769999961 ], [ -56.952860329999957, -29.837503459999947 ], [ -56.953107749999958, -29.837416219999948 ], [ -56.95335474999996, -29.837328819999954 ], [ -56.953601009999957, -29.837242239999949 ], [ -56.953847619999969, -29.837156939999943 ], [ -56.954093399999962, -29.837072779999943 ], [ -56.954338599999957, -29.83698625999995 ], [ -56.954584199999964, -29.836899679999949 ], [ -56.954829339999968, -29.836813769999956 ], [ -56.955073849999962, -29.836728729999948 ], [ -56.955317889999961, -29.83664476999995 ], [ -56.955561689999961, -29.836561239999966 ], [ -56.955804049999969, -29.836477209999948 ], [ -56.956047069999961, -29.836393059999963 ], [ -56.956289059999961, -29.836309069999956 ], [ -56.956530429999958, -29.836225219999957 ], [ -56.956770839999962, -29.836141779999966 ], [ -56.95700895999996, -29.836058089999952 ], [ -56.957244319999958, -29.835975789999953 ], [ -56.957477159999968, -29.83589566999996 ], [ -56.95770746999996, -29.835816669999961 ], [ -56.957935079999956, -29.835735809999953 ], [ -56.958159209999963, -29.835658689999953 ], [ -56.958381839999959, -29.835580399999959 ], [ -56.958603179999962, -29.835503269999951 ], [ -56.958824519999958, -29.835425929999953 ], [ -56.959046259999958, -29.835348359999951 ], [ -56.959266799999959, -29.83527139999995 ], [ -56.959485719999961, -29.835193089999962 ], [ -56.959703459999957, -29.835116219999957 ], [ -56.959920359999963, -29.835040209999971 ], [ -56.960136469999959, -29.834964049999954 ], [ -56.960353679999962, -29.834888109999959 ], [ -56.96057160999996, -29.834813439999962 ], [ -56.960791239999956, -29.834738 ], [ -56.961013349999959, -29.834661099999963 ], [ -56.961237789999956, -29.834584109999959 ], [ -56.961463079999959, -29.834507279999951 ], [ -56.961689589999963, -29.83442851999995 ], [ -56.961915279999957, -29.834349319999955 ], [ -56.962142389999961, -29.834270799999953 ], [ -56.962369039999956, -29.834192259999945 ], [ -56.96259442999996, -29.834113249999948 ], [ -56.962818779999957, -29.834034239999955 ], [ -56.963042779999959, -29.833955209999957 ], [ -56.96326700999996, -29.833876099999959 ], [ -56.963491939999969, -29.833798089999959 ], [ -56.963718859999958, -29.833719929999951 ], [ -56.96394731999996, -29.833640969999955 ], [ -56.96417901999996, -29.833559629999961 ], [ -56.964411159999962, -29.833479 ], [ -56.964642759999961, -29.833397289999954 ], [ -56.96487555999996, -29.833315119999948 ], [ -56.965109159999962, -29.833232859999953 ], [ -56.965344599999959, -29.83315002999996 ], [ -56.965581529999959, -29.833067969999956 ], [ -56.965817239999957, -29.832985789999949 ], [ -56.966051859999958, -29.832904609999964 ], [ -56.966285289999959, -29.832824559999956 ], [ -56.966516519999956, -29.832745229999944 ], [ -56.966746129999962, -29.832665859999963 ], [ -56.966972449999957, -29.832586709999941 ], [ -56.967197789999958, -29.832508449999953 ], [ -56.96742032999996, -29.832431389999961 ], [ -56.967640839999959, -29.83235490999996 ], [ -56.96785880999996, -29.832278399999961 ], [ -56.968074369999961, -29.832202839999955 ], [ -56.968286599999956, -29.832128549999958 ], [ -56.968495309999959, -29.832055279999953 ], [ -56.96870047999996, -29.831983689999952 ], [ -56.968902929999956, -29.831913529999952 ], [ -56.969102629999966, -29.831843849999963 ], [ -56.969299019999958, -29.831774769999953 ], [ -56.969493139999962, -29.831706269999952 ], [ -56.969685089999956, -29.831638919999953 ], [ -56.969874159999961, -29.831573339999952 ], [ -56.970060699999962, -29.83150919999996 ], [ -56.970244319999956, -29.831445409999951 ], [ -56.97042530999996, -29.831382719999958 ], [ -56.97060349999996, -29.831320189999957 ], [ -56.970778829999958, -29.831259139999958 ], [ -56.970956199999968, -29.831195459999961 ], [ -56.971135969999956, -29.83113224999995 ], [ -56.971313429999967, -29.831070099999948 ], [ -56.971490359999962, -29.831008489999942 ], [ -56.971667339999961, -29.830947069999958 ], [ -56.971843259999957, -29.830886679999956 ], [ -56.972016789999962, -29.830825149999953 ], [ -56.972188919999958, -29.830763469999951 ], [ -56.972359719999957, -29.830702609999953 ], [ -56.972527459999959, -29.830641219999944 ], [ -56.972695279999961, -29.830579859999958 ], [ -56.972862149999962, -29.83051797999995 ], [ -56.97302803999996, -29.83045531999996 ], [ -56.973192289999957, -29.830393639999951 ], [ -56.973353, -29.830331639999955 ], [ -56.973510079999961, -29.830270969999958 ], [ -56.973663249999959, -29.830211799999955 ], [ -56.973811699999956, -29.830152169999952 ], [ -56.973961879999962, -29.830091779999968 ], [ -56.974107749999959, -29.83003247999995 ], [ -56.974248569999965, -29.829974969999952 ], [ -56.974384359999959, -29.829918989999967 ], [ -56.974514869999958, -29.82986552999995 ], [ -56.97463941999996, -29.829814239999955 ], [ -56.974757379999957, -29.829764879999949 ], [ -56.974869259999956, -29.829718019999952 ], [ -56.974975009999959, -29.829673229999955 ], [ -56.975079489999956, -29.829627609999967 ], [ -56.975177599999959, -29.829585229999942 ], [ -56.975265589999957, -29.829546609999952 ], [ -56.975343579999958, -29.829511849999957 ], [ -56.975411679999958, -29.829481649999952 ], [ -56.975470159999958, -29.829455599999953 ], [ -56.975519829999961, -29.829433219999959 ], [ -56.975566459999961, -29.829411439999951 ], [ -56.97560079999996, -29.829394829999959 ], [ -56.975622409999957, -29.829384879999957 ], [ -56.975632539999957, -29.829380139999962 ], [ -56.975636889999961, -29.829378109999951 ], [ -56.975652039999957, -29.829371299999963 ], [ -56.975667739999956, -29.829363979999954 ], [ -56.975680809999957, -29.829357409999957 ], [ -56.975682259999957, -29.829356679999957 ], [ -56.97569878999996, -29.829349539999946 ], [ -56.975717389999957, -29.829343099999946 ], [ -56.975739329999961, -29.829338149999952 ], [ -56.975761639999959, -29.829335959999955 ], [ -56.97578397999996, -29.829336469999959 ], [ -56.975802329999958, -29.829334539999959 ], [ -56.975812559999959, -29.829332329999961 ], [ -56.975815309999959, -29.829330989999949 ], [ -56.975821139999958, -29.829326769999952 ], [ -56.975838689999961, -29.829319029999951 ], [ -56.975873579999956, -29.829300689999961 ], [ -56.975926889999961, -29.82926885999996 ], [ -56.97599832999996, -29.829225839999953 ], [ -56.976091569999959, -29.829177619999957 ], [ -56.976204789999962, -29.829123049999957 ], [ -56.976334129999962, -29.829060799999958 ], [ -56.976475909999962, -29.828992409999952 ], [ -56.976629499999959, -29.828918009999956 ], [ -56.976794279999957, -29.828837909999958 ], [ -56.976967919999957, -29.828752439999956 ], [ -56.977148559999961, -29.828662339999962 ], [ -56.977334079999956, -29.828568829999949 ], [ -56.977522979999961, -29.828473489999951 ], [ -56.977713779999966, -29.828375559999944 ], [ -56.977905879999959, -29.828274819999951 ], [ -56.978099439999959, -29.828172239999954 ], [ -56.97829421999996, -29.82806769999997 ], [ -56.978490899999962, -29.827961559999949 ], [ -56.978689239999959, -29.827853149999964 ], [ -56.978888979999958, -29.827742919999956 ], [ -56.97908934999996, -29.827630959999958 ], [ -56.979290429999956, -29.827517539999949 ], [ -56.979490679999962, -29.827402649999957 ], [ -56.979688629999956, -29.827286929999961 ], [ -56.979884599999963, -29.827170589999948 ], [ -56.980078159999962, -29.827053249999953 ], [ -56.98026971999996, -29.826936609999962 ], [ -56.980457839999964, -29.826820229999964 ], [ -56.980642819999957, -29.826704759999945 ], [ -56.980825329999959, -29.826590669999959 ], [ -56.981005869999962, -29.826476 ], [ -56.981184269999957, -29.826361289999952 ], [ -56.981361779999958, -29.826246349999948 ], [ -56.981538509999957, -29.826130119999942 ], [ -56.981715219999963, -29.826012839999951 ], [ -56.981892329999958, -29.825893739999955 ], [ -56.982069709999962, -29.825773439999963 ], [ -56.982248769999956, -29.825652389999949 ], [ -56.982428639999959, -29.825530689999944 ], [ -56.982607949999959, -29.825408369999948 ], [ -56.982786889999957, -29.825286179999956 ], [ -56.982965309999962, -29.825164899999958 ], [ -56.983143369999958, -29.825044509999955 ], [ -56.983321059999966, -29.824924149999948 ], [ -56.983498539999957, -29.824804589999957 ], [ -56.983675, -29.824684949999952 ], [ -56.983851229999956, -29.824565859999957 ], [ -56.984027189999956, -29.82444575999995 ], [ -56.984202869999962, -29.824326009999957 ], [ -56.984378529999958, -29.82420654999996 ], [ -56.984554619999962, -29.824087699999957 ], [ -56.98473081999996, -29.823968809999958 ], [ -56.984907349999958, -29.823849229999954 ], [ -56.985083449999962, -29.823729219999954 ], [ -56.98525851999996, -29.823609389999952 ], [ -56.985431749999961, -29.823491119999947 ], [ -56.985603709999957, -29.823374169999958 ], [ -56.985773619999961, -29.823258509999942 ], [ -56.985941229999959, -29.823144959999947 ], [ -56.986106529999965, -29.823032989999959 ], [ -56.986269499999956, -29.822922729999956 ], [ -56.986429429999959, -29.822813959999955 ], [ -56.986586669999959, -29.822706979999953 ], [ -56.986741559999956, -29.822601809999952 ], [ -56.986893639999963, -29.822498209999953 ], [ -56.987043579999963, -29.822396269999956 ], [ -56.987190369999958, -29.822294949999943 ], [ -56.987335029999961, -29.822194789999951 ], [ -56.987477599999956, -29.82209595999996 ], [ -56.987620959999958, -29.821998189999967 ], [ -56.98776661999996, -29.821898919999953 ], [ -56.987910789999958, -29.821800509999953 ], [ -56.988052139999958, -29.821704669999953 ], [ -56.98819050999996, -29.821610419999942 ], [ -56.98832618999996, -29.821518319999949 ], [ -56.98845869999996, -29.821427179999958 ], [ -56.988589129999959, -29.821338459999961 ], [ -56.988717219999963, -29.821250959999951 ], [ -56.988842749999961, -29.821166649999956 ], [ -56.988965009999959, -29.821084659999958 ], [ -56.989082909999958, -29.82100507999996 ], [ -56.989196569999962, -29.82092548999994 ], [ -56.989306409999962, -29.820851769999958 ], [ -56.989411989999965, -29.820781449999952 ], [ -56.98951514999996, -29.820712829999955 ], [ -56.98961879999996, -29.820659739999943 ], [ -56.98970862999996, -29.820582189999964 ], [ -56.989802119999958, -29.820516479999956 ], [ -56.989895409999967, -29.820453969999956 ], [ -56.989982989999959, -29.820393719999949 ], [ -56.990065009999959, -29.820341119999952 ], [ -56.990141119999961, -29.820294239999949 ], [ -56.990210939999962, -29.820246179999959 ], [ -56.990276599999959, -29.82020716999995 ], [ -56.990341759999957, -29.82016813999995 ], [ -56.990402489999958, -29.820126189999954 ], [ -56.990455549999957, -29.820095929999955 ], [ -56.990500389999958, -29.820069909999958 ], [ -56.990537269999962, -29.820046639999941 ], [ -56.990570459999958, -29.820028299999947 ], [ -56.990594439999967, -29.820008449999943 ], [ -56.990606449999959, -29.82000088999995 ], [ -56.99060757999996, -29.82000045999995 ], [ -56.990611679999958, -29.819998129999952 ], [ -56.990620729999961, -29.819992339999949 ], [ -56.990632589999962, -29.819983319999949 ], [ -56.990648309999969, -29.819973679999944 ], [ -56.990670229999957, -29.819958939999957 ], [ -56.990696259999957, -29.819939929999954 ], [ -56.990728889999957, -29.819915819999949 ], [ -56.990768469999956, -29.81988212999995 ], [ -56.99081677999996, -29.819839239999951 ], [ -56.990882619999958, -29.819788819999957 ], [ -56.990966359999966, -29.819729839999955 ], [ -56.991064919999957, -29.819662609999959 ], [ -56.991169299999967, -29.819589359999956 ], [ -56.991278199999968, -29.819513819999958 ], [ -56.991390579999958, -29.819435259999967 ], [ -56.991506939999958, -29.819354369999949 ], [ -56.99162795999996, -29.819271619999952 ], [ -56.99175316999996, -29.819186529999964 ], [ -56.991882609999962, -29.819098919999949 ], [ -56.992015289999962, -29.819008929999956 ], [ -56.992151, -29.818917989999953 ], [ -56.992288559999956, -29.818825099999948 ], [ -56.992428729999958, -29.818730509999959 ], [ -56.992571599999962, -29.818634579999962 ], [ -56.992717479999961, -29.818536559999949 ], [ -56.992867569999959, -29.818435949999966 ], [ -56.993021449999965, -29.818331559999951 ], [ -56.993178989999969, -29.818223379999964 ], [ -56.99334187999996, -29.818112189999944 ], [ -56.993507039999962, -29.817995799999952 ], [ -56.99367318999996, -29.817882879999953 ], [ -56.993839979999962, -29.817770619999951 ], [ -56.994007029999956, -29.817656099999954 ], [ -56.994176349999961, -29.81754018999996 ], [ -56.994347689999962, -29.817423889999958 ], [ -56.99452052999996, -29.817306459999951 ], [ -56.99469442999996, -29.817189009999957 ], [ -56.994868899999958, -29.817069499999942 ], [ -56.995044059999962, -29.816946719999962 ], [ -56.99522024999996, -29.816828159999964 ], [ -56.99539955999996, -29.816707119999958 ], [ -56.995581749999957, -29.816585619999941 ], [ -56.99576598999996, -29.81646116999995 ], [ -56.995952249999959, -29.816335169999956 ], [ -56.996140189999956, -29.816207959999961 ], [ -56.996327599999958, -29.816080399999951 ], [ -56.996514739999959, -29.815952659999958 ], [ -56.996701949999959, -29.815824649999954 ], [ -56.996889269999961, -29.815696149999958 ], [ -56.997078579999965, -29.81556714999995 ], [ -56.997270569999962, -29.815436609999953 ], [ -56.997464699999959, -29.815303289999967 ], [ -56.99766076999996, -29.815166639999944 ], [ -56.99785810999996, -29.815027099999948 ], [ -56.998055829999956, -29.814885079999957 ], [ -56.998253919999961, -29.814740599999954 ], [ -56.998450389999959, -29.81459390999996 ], [ -56.998643349999959, -29.814447289999954 ], [ -56.998832859999965, -29.814300899999949 ], [ -56.99901811999996, -29.814154719999951 ], [ -56.999200319999957, -29.814008619999957 ], [ -56.999380829999957, -29.813861709999951 ], [ -56.999560639999956, -29.813713159999971 ], [ -56.999739979999958, -29.813564299999953 ], [ -56.999918459999961, -29.813414139999949 ], [ -57.000095849999958, -29.813262439999964 ], [ -57.000271869999956, -29.813109059999956 ], [ -57.000446139999958, -29.812954349999952 ], [ -57.000619079999957, -29.812798739999955 ], [ -57.000790389999956, -29.812642189999956 ], [ -57.000959909999956, -29.812484039999951 ], [ -57.001128399999956, -29.81232488999995 ], [ -57.001296749999959, -29.81216455999996 ], [ -57.001464319999961, -29.812003649999951 ], [ -57.001628339999961, -29.811838799999958 ], [ -57.00179105999996, -29.811672439999956 ], [ -57.001951599999963, -29.811504959999965 ], [ -57.002111159999956, -29.811337569999964 ], [ -57.00226922999996, -29.81116967999996 ], [ -57.002425729999956, -29.811000889999956 ], [ -57.002579439999963, -29.810832729999948 ], [ -57.002730019999959, -29.81066434999995 ], [ -57.002837249999956, -29.810464519999954 ], [ -57.003001869999956, -29.810311859999956 ], [ -57.00316550999996, -29.81016403999995 ], [ -57.003311889999956, -29.810001109999956 ], [ -57.003448879999958, -29.809834159999948 ], [ -57.003582769999959, -29.809666199999956 ], [ -57.003716479999959, -29.809499889999955 ], [ -57.003848459999958, -29.809333079999952 ], [ -57.003978859999961, -29.809166189999956 ], [ -57.004108079999959, -29.808998679999949 ], [ -57.004234989999958, -29.808829649999957 ], [ -57.00436073999996, -29.80865960999995 ], [ -57.004485189999961, -29.808488049999958 ], [ -57.00460754999996, -29.808315459999953 ], [ -57.004728079999964, -29.808142129999954 ], [ -57.004848959999961, -29.807969689999965 ], [ -57.00496744999996, -29.807797109999957 ], [ -57.005083789999958, -29.807625349999956 ], [ -57.005197579999958, -29.807453119999952 ], [ -57.00531, -29.807280339999952 ], [ -57.005419569999958, -29.807106589999957 ], [ -57.005527859999958, -29.806933039999954 ], [ -57.005634909999962, -29.806759429999964 ], [ -57.005739809999959, -29.80658561999995 ], [ -57.005842579999957, -29.806411719999954 ], [ -57.005943619999961, -29.806237639999956 ], [ -57.006043449999957, -29.806064029999959 ], [ -57.006142709999956, -29.805891299999953 ], [ -57.006240889999958, -29.805718959999954 ], [ -57.006337619999961, -29.805547329999957 ], [ -57.006434319999961, -29.805376589999955 ], [ -57.00653031999996, -29.805206809999962 ], [ -57.006624489999957, -29.805036849999954 ], [ -57.006718469999967, -29.804867539999961 ], [ -57.006813069999957, -29.804697429999951 ], [ -57.006907389999959, -29.804525729999966 ], [ -57.007003259999962, -29.804360239999959 ], [ -57.007098349999957, -29.804190309999946 ], [ -57.007194349999956, -29.804022579999963 ], [ -57.007290349999963, -29.803853749999949 ], [ -57.007386799999956, -29.803684659999952 ], [ -57.007482779999961, -29.803516049999949 ], [ -57.007578409999958, -29.80334760999995 ], [ -57.007673089999969, -29.803179379999957 ], [ -57.007766169999961, -29.80300843999996 ], [ -57.007859369999956, -29.802842319999954 ], [ -57.007951489999961, -29.802677189999947 ], [ -57.008043479999962, -29.802513139999956 ], [ -57.008136009999966, -29.80234838999996 ], [ -57.008235799999959, -29.802208959999948 ], [ -57.008321049999957, -29.802017389999961 ], [ -57.008412829999962, -29.801859039999961 ], [ -57.00850231999997, -29.801700869999959 ], [ -57.008589919999956, -29.801547649999943 ], [ -57.008675309999965, -29.801400309999963 ], [ -57.008757309999957, -29.801255729999948 ], [ -57.008836019999961, -29.801116409999956 ], [ -57.008912219999957, -29.800982659999956 ], [ -57.008986399999962, -29.80085157999995 ], [ -57.009058729999957, -29.800722189999959 ], [ -57.009126829999957, -29.800599249999948 ], [ -57.009191329999958, -29.800483009999947 ], [ -57.009253919999956, -29.800374899999955 ], [ -57.009313679999956, -29.800274319999957 ], [ -57.009366099999966, -29.800179719999953 ], [ -57.009416429999959, -29.800092499999955 ], [ -57.009464419999958, -29.800010539999942 ], [ -57.009517889999962, -29.79994234999997 ], [ -57.00956800999996, -29.799876649999959 ], [ -57.009616339999958, -29.799817279999946 ], [ -57.009659599999956, -29.799757219999957 ], [ -57.009706059999964, -29.799701639999959 ], [ -57.009749159999956, -29.799652539999951 ], [ -57.00978561999996, -29.799612129999964 ], [ -57.009816229999956, -29.799573239999958 ], [ -57.009843619999963, -29.799545089999953 ], [ -57.009866409999965, -29.79951666999996 ], [ -57.009887689999964, -29.799495019999949 ], [ -57.009899249999961, -29.799478409999956 ], [ -57.009902299999958, -29.799475639999947 ], [ -57.00990369999996, -29.799475049999963 ], [ -57.009908349999961, -29.799464079999954 ], [ -57.009920349999959, -29.799443699999955 ], [ -57.009931829999957, -29.799414349999957 ], [ -57.00993624999996, -29.799377809999953 ], [ -57.009943109999959, -29.799337379999947 ], [ -57.009949499999962, -29.799294329999956 ], [ -57.00996956999996, -29.799248719999955 ], [ -57.009991379999967, -29.799203879999947 ], [ -57.010016919999956, -29.799158459999948 ], [ -57.010043669999959, -29.799111479999951 ], [ -57.010072729999962, -29.799063319999959 ], [ -57.010103299999962, -29.799011509999964 ], [ -57.010131249999958, -29.798956159999964 ], [ -57.010157759999956, -29.798899229999943 ], [ -57.01018597999996, -29.79884013999996 ], [ -57.010220709999956, -29.798773859999958 ], [ -57.010245609999956, -29.798702009999957 ], [ -57.010268769999961, -29.798629909999953 ], [ -57.010304359999957, -29.798551849999956 ], [ -57.010339579999965, -29.798470769999962 ], [ -57.010381059999958, -29.798385969999963 ], [ -57.010427619999959, -29.798297329999951 ], [ -57.010479189999963, -29.798202419999949 ], [ -57.010536019999961, -29.798100409999957 ], [ -57.01059749999996, -29.797991079999949 ], [ -57.010662469999964, -29.797875909999949 ], [ -57.010729259999962, -29.797756329999952 ], [ -57.010797649999958, -29.797634439999957 ], [ -57.010867619999964, -29.797510419999956 ], [ -57.010938589999959, -29.797384169999958 ], [ -57.011010239999962, -29.797255489999959 ], [ -57.011083349999957, -29.797125009999952 ], [ -57.011157369999964, -29.796992599999953 ], [ -57.011233249999961, -29.796857769999953 ], [ -57.011311119999959, -29.796720309999955 ], [ -57.011390469999959, -29.79658034999996 ], [ -57.011472119999958, -29.796437759999957 ], [ -57.011554309999958, -29.796292579999957 ], [ -57.011638509999962, -29.796144059999961 ], [ -57.011725889999958, -29.79598986999995 ], [ -57.011815899999959, -29.795832179999941 ], [ -57.01190804999996, -29.795671209999956 ], [ -57.012003279999966, -29.795506839999948 ], [ -57.012102919999961, -29.79533939999995 ], [ -57.012206499999962, -29.795169019999957 ], [ -57.012313839999962, -29.794996889999954 ], [ -57.012423349999956, -29.794824619999957 ], [ -57.012534219999957, -29.794651719999955 ], [ -57.012646609999962, -29.794479019999958 ], [ -57.012761009999956, -29.794307789999955 ], [ -57.012877429999961, -29.79413820999995 ], [ -57.012995489999959, -29.793969989999951 ], [ -57.013114729999963, -29.79380259999996 ], [ -57.013235219999956, -29.793636149999958 ], [ -57.013355949999962, -29.793469919999964 ], [ -57.013477189999961, -29.793303799999958 ], [ -57.013599139999961, -29.793137789999967 ], [ -57.013723619999965, -29.792972329999944 ], [ -57.013849869999959, -29.792807649999958 ], [ -57.013977419999961, -29.792643929999954 ], [ -57.014105989999969, -29.792481019999951 ], [ -57.014235619999958, -29.792318879999957 ], [ -57.014366099999961, -29.792157799999959 ], [ -57.014497, -29.791998509999956 ], [ -57.014628729999956, -29.791841609999949 ], [ -57.014762, -29.791686859999949 ], [ -57.01489619999996, -29.791533789999946 ], [ -57.015030659999958, -29.791382019999954 ], [ -57.015165369999956, -29.791231329999952 ], [ -57.015300729999957, -29.791082069999959 ], [ -57.015438329999967, -29.790934629999953 ], [ -57.015576359999962, -29.790787839999968 ], [ -57.015714699999961, -29.790641669999964 ], [ -57.015853699999958, -29.790496929999957 ], [ -57.015993469999962, -29.790353699999947 ], [ -57.016134119999961, -29.790211519999954 ], [ -57.016275359999959, -29.79007012999995 ], [ -57.01641783999996, -29.789930409999954 ], [ -57.016561379999956, -29.789792069999947 ], [ -57.016705979999962, -29.789655659999951 ], [ -57.016851309999957, -29.789520739999954 ], [ -57.01699707999996, -29.789386669999956 ], [ -57.017142439999958, -29.789253019999947 ], [ -57.01728715999996, -29.789120599999947 ], [ -57.017431129999956, -29.788989179999959 ], [ -57.017574429999961, -29.788858919999956 ], [ -57.017716149999956, -29.788729939999964 ], [ -57.017856079999959, -29.788602659999952 ], [ -57.01799323999996, -29.788476939999956 ], [ -57.018126809999956, -29.788353329999953 ], [ -57.018256779999959, -29.788233079999948 ], [ -57.01838422999996, -29.788116759999959 ], [ -57.018508419999961, -29.788004229999956 ], [ -57.018629099999956, -29.787895049999957 ], [ -57.018745229999958, -29.787789119999953 ], [ -57.018857359999956, -29.787686789999952 ], [ -57.018965819999956, -29.787588989999954 ], [ -57.019071249999961, -29.787495249999953 ], [ -57.019174869999958, -29.787401049999957 ], [ -57.019277379999956, -29.787307959999954 ], [ -57.019376209999962, -29.787218439999961 ], [ -57.019470989999959, -29.787130569999956 ], [ -57.019562569999962, -29.787047299999962 ], [ -57.019649919999956, -29.786966639999953 ], [ -57.019733379999963, -29.786891169999951 ], [ -57.019812799999961, -29.786820419999955 ], [ -57.019888509999959, -29.78675345999995 ], [ -57.019965169999956, -29.786686359999962 ], [ -57.020037339999959, -29.786622919999957 ], [ -57.020103179999957, -29.786563859999951 ], [ -57.020165259999956, -29.786513449999948 ], [ -57.020220909999956, -29.786469339999954 ], [ -57.020268969999961, -29.786430199999963 ], [ -57.020309099999956, -29.786394979999958 ], [ -57.020344109999961, -29.78636388999994 ], [ -57.02037604999996, -29.786333029999941 ], [ -57.020410159999962, -29.786301829999957 ], [ -57.020445149999958, -29.786267869999953 ], [ -57.020484899999957, -29.786232639999955 ], [ -57.020528929999962, -29.78619250999995 ], [ -57.020578609999959, -29.786148159999957 ], [ -57.020630869999962, -29.786099869999951 ], [ -57.020686589999961, -29.786050399999954 ], [ -57.020745239999968, -29.78599820999996 ], [ -57.020805039999956, -29.785942229999961 ], [ -57.020866039999959, -29.785881929999956 ], [ -57.020936369999959, -29.785811379999949 ], [ -57.021017839999956, -29.785730199999954 ], [ -57.021111799999957, -29.785640319999949 ], [ -57.021216749999958, -29.785539229999952 ], [ -57.021329899999962, -29.785429429999947 ], [ -57.021449339999961, -29.785316519999949 ], [ -57.021572349999957, -29.785203479999954 ], [ -57.021700029999963, -29.78508547999996 ], [ -57.021830209999962, -29.784976929999949 ], [ -57.021958609999963, -29.784862949999962 ], [ -57.022084429999957, -29.784749899999955 ], [ -57.022210329999957, -29.784638169999948 ], [ -57.022338759999961, -29.784526389999961 ], [ -57.02245931999996, -29.784404089999953 ], [ -57.022585339999956, -29.784292289999954 ], [ -57.022709409999962, -29.784179669999954 ], [ -57.022830199999959, -29.784060739999955 ], [ -57.022957249999969, -29.783949609999947 ], [ -57.02308208999996, -29.783831299999949 ], [ -57.023208989999965, -29.783714239999959 ], [ -57.023340869999956, -29.783595289999951 ], [ -57.023470229999958, -29.783472839999956 ], [ -57.023608129999957, -29.783355789999963 ], [ -57.02374152999996, -29.783234819999947 ], [ -57.02387575999996, -29.783111939999952 ], [ -57.024010739999959, -29.782988389999961 ], [ -57.024146719999962, -29.78286364999995 ], [ -57.024283719999957, -29.782734609999952 ], [ -57.024421939999961, -29.782608299999954 ], [ -57.024560489999956, -29.782486079999959 ], [ -57.02469604999996, -29.78236067999995 ], [ -57.024830119999962, -29.782237939999948 ], [ -57.024963049999961, -29.782114869999951 ], [ -57.025096449999957, -29.78199338999995 ], [ -57.025231009999956, -29.78187280999995 ], [ -57.025365349999966, -29.781751359999951 ], [ -57.02550139999996, -29.781630119999956 ], [ -57.025639, -29.781508019999951 ], [ -57.025778879999969, -29.781385309999962 ], [ -57.025920019999958, -29.781261239999953 ], [ -57.026062299999957, -29.781136799999949 ], [ -57.02620737999996, -29.78101417999995 ], [ -57.026355209999956, -29.780893029999959 ], [ -57.026504949999961, -29.780772609999946 ], [ -57.026657139999962, -29.780652579999952 ], [ -57.026811789999961, -29.780532939999958 ], [ -57.026968489999959, -29.780413919999948 ], [ -57.027127579999956, -29.780295879999954 ], [ -57.027287749999957, -29.780178719999959 ], [ -57.027449099999956, -29.78006305999995 ], [ -57.027612609999956, -29.779949049999942 ], [ -57.027778369999957, -29.77983693999996 ], [ -57.027946249999957, -29.779726379999961 ], [ -57.028115619999959, -29.779616899999951 ], [ -57.028285729999958, -29.779508279999959 ], [ -57.028456799999958, -29.779401049999951 ], [ -57.028628829999967, -29.779295349999959 ], [ -57.028802099999957, -29.77919183999995 ], [ -57.028975979999956, -29.779089719999966 ], [ -57.029150749999957, -29.778989559999953 ], [ -57.029325589999956, -29.778891369999958 ], [ -57.02950029999996, -29.778795679999956 ], [ -57.029674459999967, -29.778702109999955 ], [ -57.029847509999961, -29.778610419999961 ], [ -57.030018839999968, -29.778520379999957 ], [ -57.03018988999996, -29.778432399999954 ], [ -57.03036215999996, -29.778345929999951 ], [ -57.030535759999957, -29.778262009999953 ], [ -57.030710669999962, -29.778180899999953 ], [ -57.030886279999962, -29.77810151999995 ], [ -57.031062159999962, -29.778023469999955 ], [ -57.031238939999959, -29.777946459999953 ], [ -57.031417469999958, -29.777870669999956 ], [ -57.031597799999957, -29.777796119999962 ], [ -57.031779979999968, -29.777722379999958 ], [ -57.031964079999959, -29.77764932999996 ], [ -57.032149769999961, -29.777577529999959 ], [ -57.032337419999962, -29.777507229999962 ], [ -57.03252683999996, -29.777438499999953 ], [ -57.032717899999966, -29.777370839999961 ], [ -57.032910559999962, -29.777304249999943 ], [ -57.03310495999996, -29.77723910999995 ], [ -57.033300419999961, -29.777174849999959 ], [ -57.033497269999962, -29.777112379999956 ], [ -57.033695109999961, -29.777051489999948 ], [ -57.033894, -29.776992219999954 ], [ -57.034094, -29.776935209999955 ], [ -57.03429450999996, -29.776880719999951 ], [ -57.03449494999996, -29.776827439999948 ], [ -57.034695359999958, -29.776775809999965 ], [ -57.034895749999961, -29.776725919999958 ], [ -57.035095709999958, -29.776677129999957 ], [ -57.03529471999996, -29.776629359999951 ], [ -57.035491929999957, -29.776581829999959 ], [ -57.035687039999956, -29.776535459999959 ], [ -57.03587995999996, -29.776489779999959 ], [ -57.036070899999956, -29.776444699999956 ], [ -57.036259889999961, -29.776400059999943 ], [ -57.036447569999957, -29.776356109999966 ], [ -57.036634499999963, -29.77631205999996 ], [ -57.036821279999963, -29.776267729999947 ], [ -57.037009129999959, -29.776223709999954 ], [ -57.037199659999956, -29.776178319999971 ], [ -57.037394279999965, -29.776131629999959 ], [ -57.037588159999956, -29.776085169999948 ], [ -57.037780209999958, -29.776038709999948 ], [ -57.037970709999961, -29.775992089999956 ], [ -57.03816074999996, -29.775945899999964 ], [ -57.038350609999959, -29.775900619999945 ], [ -57.038540179999956, -29.775855269999962 ], [ -57.038730159999957, -29.775810419999964 ], [ -57.038920209999958, -29.775765779999958 ], [ -57.039109549999957, -29.775721189999963 ], [ -57.03929800999996, -29.775676759999953 ], [ -57.039485179999957, -29.775632 ], [ -57.039671319999961, -29.775587429999948 ], [ -57.039856229999963, -29.775542989999952 ], [ -57.040040299999966, -29.775498799999955 ], [ -57.040225839999962, -29.775454069999956 ], [ -57.040414849999969, -29.775408289999959 ], [ -57.040603449999956, -29.775361889999949 ], [ -57.040792489999959, -29.775317079999962 ], [ -57.040983219999958, -29.775273029999955 ], [ -57.041175319999958, -29.775228149999958 ], [ -57.041368189999957, -29.77518246999994 ], [ -57.04156178999996, -29.775135919999951 ], [ -57.041755119999962, -29.775090049999953 ], [ -57.041947959999959, -29.775043899999957 ], [ -57.042140469999957, -29.774997559999957 ], [ -57.042331859999962, -29.77495100999996 ], [ -57.042521949999966, -29.774904429999957 ], [ -57.042710599999957, -29.774859019999948 ], [ -57.042898569999956, -29.77481571999996 ], [ -57.043086899999956, -29.774772799999958 ], [ -57.043275909999956, -29.774729149999949 ], [ -57.043465099999963, -29.774685229999953 ], [ -57.043654119999957, -29.774640509999951 ], [ -57.043842979999958, -29.77459573999996 ], [ -57.044031729999965, -29.774550909999963 ], [ -57.044220219999957, -29.774505979999951 ], [ -57.044408759999961, -29.77446096999995 ], [ -57.044597609999961, -29.774415849999958 ], [ -57.044786039999963, -29.774370419999958 ], [ -57.044972899999962, -29.774326079999952 ], [ -57.045157319999966, -29.774281989999952 ], [ -57.045339349999963, -29.774238749999952 ], [ -57.045517819999958, -29.774195919999954 ], [ -57.045692189999961, -29.77415373999996 ], [ -57.045862399999962, -29.774112799999955 ], [ -57.046029159999968, -29.774073089999955 ], [ -57.046193129999956, -29.774033829999954 ], [ -57.046355149999961, -29.773994989999956 ], [ -57.046515849999956, -29.773956439999957 ], [ -57.046674819999957, -29.773918259999974 ], [ -57.046831859999969, -29.773880689999949 ], [ -57.046986539999956, -29.773843629999956 ], [ -57.047139849999958, -29.773806839999967 ], [ -57.047291639999962, -29.773770559999953 ], [ -57.047441489999962, -29.773734469999948 ], [ -57.047588759999968, -29.773699559999958 ], [ -57.047732719999956, -29.773666059999961 ], [ -57.04787316999996, -29.773633049999955 ], [ -57.048009789999959, -29.773600479999953 ], [ -57.048142729999959, -29.773568789999949 ], [ -57.04827395999996, -29.77353765999996 ], [ -57.048404379999958, -29.773506179999956 ], [ -57.048534649999958, -29.773475519999952 ], [ -57.048665079999957, -29.773445069999951 ], [ -57.048796039999957, -29.773414449999947 ], [ -57.048928329999967, -29.773383199999955 ], [ -57.049062099999958, -29.773351229999953 ], [ -57.04919711999996, -29.773318819999961 ], [ -57.049331839999958, -29.773286359999965 ], [ -57.049466809999963, -29.773254029999954 ], [ -57.049602279999959, -29.773221789999958 ], [ -57.049738379999958, -29.77318884999994 ], [ -57.049874979999956, -29.773156139999962 ] ] ] } },
{ "type": "Feature", "properties": { "ds_local_i": "ENTR BR-290/293", "ds_local_f": "ACESSO PORTO SECO DE URUGUAIANA", "ds_legenda": "Pavimentada", "sg_legenda": "PAV", "ds_jurisdi": "Federal", "km_dentro_area_estudo": 19.96, "rodovia": "BR-293", "divergencia_osm": false }, "geometry": { "type": "MultiLineString", "coordinates": [ [ [ -56.880225199999963, -29.865930189999951 ], [ -56.880324639999962, -29.865904379999957 ], [ -56.880436879999962, -29.865875109999958 ], [ -56.88055363999996, -29.865845429999958 ], [ -56.880673169999959, -29.865815059999953 ], [ -56.880793569999966, -29.865784799999947 ], [ -56.880915759999958, -29.865755009999951 ], [ -56.881038289999964, -29.865724439999958 ], [ -56.881161699999957, -29.865693829999959 ], [ -56.881285409999961, -29.865663169999948 ], [ -56.88140802999996, -29.865632349999959 ], [ -56.881529169999958, -29.865601839999954 ], [ -56.881649739999958, -29.865571779999947 ], [ -56.881770389999957, -29.865541679999964 ], [ -56.881890849999962, -29.865511809999955 ], [ -56.882011209999959, -29.86548206999996 ], [ -56.882131559999962, -29.86545166999996 ], [ -56.882251489999966, -29.865421179999952 ], [ -56.882371449999965, -29.865390749999953 ], [ -56.88249134999996, -29.865361219999954 ], [ -56.882611009999962, -29.865332289999955 ], [ -56.882731179999958, -29.865303679999958 ], [ -56.882850429999962, -29.865273919999954 ], [ -56.882969619999969, -29.865244179999952 ], [ -56.883088459999961, -29.865213109999949 ], [ -56.883207169999956, -29.865182239999957 ], [ -56.883325149999962, -29.865152199999955 ], [ -56.88344139999996, -29.865122949999947 ], [ -56.883555819999962, -29.865094609999964 ], [ -56.883666249999962, -29.865066469999949 ], [ -56.883770579999961, -29.865038869999957 ], [ -56.883867949999967, -29.865014549999955 ], [ -56.883956459999958, -29.864992289999954 ], [ -56.88404149999996, -29.864971899999954 ], [ -56.884118309999963, -29.864955069999958 ], [ -56.88418336999996, -29.864939849999949 ], [ -56.884237859999963, -29.864926569999952 ], [ -56.88427997999996, -29.864915509999953 ], [ -56.884320449999969, -29.864906559999962 ], [ -56.884360939999958, -29.864901689999943 ], [ -56.884391779999966, -29.864899909999963 ], [ -56.884414739999961, -29.864896849999958 ], [ -56.884426279999957, -29.864894939999967 ], [ -56.884446129999958, -29.864888879999956 ], [ -56.884471519999963, -29.864880449999955 ], [ -56.884502209999958, -29.864869229999965 ], [ -56.88454997999996, -29.86485170999995 ], [ -56.884627129999956, -29.864826609999955 ], [ -56.884738349999957, -29.864797209999956 ], [ -56.88487484999996, -29.864763559999954 ], [ -56.885025949999957, -29.864725069999963 ], [ -56.885186789999956, -29.864684909999955 ], [ -56.885348649999962, -29.86464384999995 ], [ -56.885511439999959, -29.864602409999947 ], [ -56.885675619999958, -29.864560849999958 ], [ -56.885839879999956, -29.864519519999952 ], [ -56.886006279999961, -29.864478469999959 ], [ -56.886172369999962, -29.864437369999955 ], [ -56.886339709999959, -29.864396409999966 ], [ -56.88650709999996, -29.864354889999944 ], [ -56.88667644999996, -29.864313419999956 ], [ -56.886847959999962, -29.864271139999957 ], [ -56.887019309999957, -29.864228749999967 ], [ -56.887190959999963, -29.864185839999958 ], [ -56.887363289999968, -29.864142849999961 ], [ -56.887535899999968, -29.864099769999967 ], [ -56.887708289999956, -29.864056179999956 ], [ -56.887882249999961, -29.86401260999995 ], [ -56.888058349999959, -29.863967899999949 ], [ -56.888237699999962, -29.863922639999959 ], [ -56.888420569999965, -29.863877449999951 ], [ -56.888606619999962, -29.863831569999949 ], [ -56.888795479999956, -29.863784929999952 ], [ -56.888986229999958, -29.863737049999948 ], [ -56.889179, -29.863689009999955 ], [ -56.889372969999968, -29.863641119999965 ], [ -56.88956771999996, -29.863592609999948 ], [ -56.889762699999956, -29.863542889999952 ], [ -56.88995819999996, -29.863493169999948 ], [ -56.890152769999965, -29.863444129999948 ], [ -56.890348469999964, -29.863395469999951 ], [ -56.890544979999966, -29.863347099999949 ], [ -56.89074276999996, -29.863298 ], [ -56.89094202999997, -29.86324808999996 ], [ -56.891142659999957, -29.863196889999951 ], [ -56.891346059999961, -29.863144689999952 ], [ -56.891550729999956, -29.863092989999959 ], [ -56.891756669999957, -29.863041299999956 ], [ -56.891963229999959, -29.862988329999947 ], [ -56.892170819999961, -29.862934839999955 ], [ -56.892378739999963, -29.862880939999954 ], [ -56.892586659999957, -29.86282664999996 ], [ -56.892794879999961, -29.862771649999956 ], [ -56.893002579999958, -29.862715029999961 ], [ -56.893210279999963, -29.862656529999953 ], [ -56.893418279999956, -29.86259761999996 ], [ -56.893626079999962, -29.862537729999957 ], [ -56.893833369999967, -29.862476869999945 ], [ -56.894040249999961, -29.862415399999961 ], [ -56.894246459999962, -29.862353939999956 ], [ -56.89445227999996, -29.862292089999951 ], [ -56.894656879999957, -29.862229469999956 ], [ -56.894860689999959, -29.862165799999957 ], [ -56.895063179999958, -29.862101279999958 ], [ -56.895265029999962, -29.862036309999954 ], [ -56.895466119999959, -29.861971009999952 ], [ -56.895665969999961, -29.861905829999955 ], [ -56.895864789999962, -29.86184010999996 ], [ -56.89606202999996, -29.861773839999955 ], [ -56.896257059999961, -29.861706819999949 ], [ -56.896450039999969, -29.861640279999964 ], [ -56.896640929999968, -29.861574499999961 ], [ -56.896829609999962, -29.861508869999948 ], [ -56.897015799999956, -29.861442619999949 ], [ -56.89720004999996, -29.861375609999953 ], [ -56.897383239999961, -29.861308349999963 ], [ -56.897565909999962, -29.861239869999959 ], [ -56.897749689999962, -29.861170559999952 ], [ -56.897934089999964, -29.861100109999967 ], [ -56.898119209999962, -29.861029059999961 ], [ -56.898305189999959, -29.860958089999954 ], [ -56.898491509999957, -29.860885979999953 ], [ -56.898677509999963, -29.860812589999945 ], [ -56.898863209999959, -29.860739009999961 ], [ -56.899048179999959, -29.860665519999948 ], [ -56.899232449999957, -29.860591739999947 ], [ -56.899416969999962, -29.860516359999952 ], [ -56.899601189999956, -29.860440259999955 ], [ -56.899784809999957, -29.860363529999951 ], [ -56.899967739999958, -29.860286789999961 ], [ -56.90014946999996, -29.860208859999958 ], [ -56.900330989999958, -29.860131169999949 ], [ -56.900512269999957, -29.860054129999941 ], [ -56.900692259999957, -29.859976579999955 ], [ -56.900870269999956, -29.859897749999952 ], [ -56.901047119999959, -29.859818669999949 ], [ -56.901223019999961, -29.85973909999996 ], [ -56.901398339999957, -29.85965901999996 ], [ -56.901573429999956, -29.859578499999948 ], [ -56.901748599999962, -29.859497309999959 ], [ -56.901923, -29.859414669999961 ], [ -56.902096779999958, -29.859331589999954 ], [ -56.90227043999996, -29.859247959999955 ], [ -56.902443249999962, -29.859162559999959 ], [ -56.902616309999956, -29.859076589999958 ], [ -56.902791259999958, -29.858991389999957 ], [ -56.90296741999996, -29.858906039999958 ], [ -56.903144109999957, -29.858819499999957 ], [ -56.903321329999962, -29.858732099999951 ], [ -56.903498459999959, -29.858644519999959 ], [ -56.903675649999961, -29.858557529999949 ], [ -56.903852659999956, -29.858470829999955 ], [ -56.90403030999996, -29.858384119999954 ], [ -56.904207949999957, -29.858296429999957 ], [ -56.904385809999958, -29.85820698999995 ], [ -56.904563689999968, -29.858116769999949 ], [ -56.904742539999958, -29.85802797999996 ], [ -56.904922359999958, -29.857939339999945 ], [ -56.905104229999957, -29.857850539999948 ], [ -56.905288449999958, -29.857759219999949 ], [ -56.905474839999961, -29.857667299999953 ], [ -56.905662059999962, -29.857574039999946 ], [ -56.905849539999956, -29.857480609999961 ], [ -56.906038369999962, -29.857387639999963 ], [ -56.906228019999958, -29.857294949999954 ], [ -56.90641757999996, -29.857201489999944 ], [ -56.906606989999958, -29.857107269999958 ], [ -56.906795629999962, -29.857013529999957 ], [ -56.906984369999961, -29.856919869999953 ], [ -56.907172639999956, -29.856826139999956 ], [ -56.907360419999961, -29.856733409999951 ], [ -56.907547439999959, -29.856640089999956 ], [ -56.907732869999961, -29.856546639999955 ], [ -56.90791791999996, -29.85645339999996 ], [ -56.908103689999962, -29.856363839999965 ], [ -56.908287969999961, -29.856274369999955 ], [ -56.908471579999961, -29.856185219999951 ], [ -56.908656659999956, -29.856094119999955 ], [ -56.908844019999961, -29.856002259999958 ], [ -56.909030129999969, -29.855911299999956 ], [ -56.909211939999963, -29.855820719999954 ], [ -56.909390509999959, -29.855731959999957 ], [ -56.909564429999961, -29.855645169999949 ], [ -56.909734229999962, -29.855561179999949 ], [ -56.90989873999996, -29.855478629999954 ], [ -56.910057939999959, -29.85539848999996 ], [ -56.910212329999958, -29.855320909999957 ], [ -56.910361759999958, -29.855246009999949 ], [ -56.910506449999957, -29.855175019999951 ], [ -56.910645939999959, -29.855106529999947 ], [ -56.910782309999959, -29.855040709999948 ], [ -56.910926089999961, -29.85496627999996 ], [ -56.911100929999961, -29.854877379999955 ], [ -56.911305019999958, -29.854775659999955 ], [ -56.911524399999962, -29.854667109999948 ], [ -56.911744489999961, -29.854558119999957 ], [ -56.911965379999963, -29.854449109999951 ], [ -56.912186209999959, -29.854339619999951 ], [ -56.912406819999958, -29.854229899999968 ], [ -56.912627419999957, -29.854120349999956 ], [ -56.912847819999961, -29.854011089999954 ], [ -56.913067719999958, -29.853902319999953 ], [ -56.91328757999996, -29.853793959999955 ], [ -56.913507039999956, -29.853686149999955 ], [ -56.913725839999962, -29.85357822999995 ], [ -56.913943609999968, -29.853469739999955 ], [ -56.914161309999962, -29.853362109999967 ], [ -56.914378869999958, -29.853254109999959 ], [ -56.914595769999956, -29.853145939999958 ], [ -56.914813499999958, -29.853037529999952 ], [ -56.915031769999956, -29.852928639999949 ], [ -56.91525130999996, -29.852819389999954 ], [ -56.915471049999965, -29.852710129999956 ], [ -56.915691259999967, -29.852600569999968 ], [ -56.915911519999959, -29.852491349999958 ], [ -56.916132389999959, -29.852381899999955 ], [ -56.916352879999963, -29.852272269999961 ], [ -56.916574149999967, -29.852162029999963 ], [ -56.916795069999957, -29.852052049999958 ], [ -56.917016709999956, -29.851942179999956 ], [ -56.917239299999956, -29.851831849999957 ], [ -56.917462439999966, -29.85172100999997 ], [ -56.917686169999961, -29.851609749999955 ], [ -56.917910859999957, -29.851498269999961 ], [ -56.918135309999961, -29.851386249999955 ], [ -56.918360099999958, -29.851274729999957 ], [ -56.918584779999961, -29.851163789999955 ], [ -56.918809319999959, -29.851053359999948 ], [ -56.919033439999957, -29.85094207999995 ], [ -56.919257039999962, -29.850831579999944 ], [ -56.919480519999958, -29.850721229999962 ], [ -56.919703579999961, -29.850611149999963 ], [ -56.91992572999996, -29.850500579999945 ], [ -56.920146699999961, -29.850390329999943 ], [ -56.920366799999961, -29.850280639999948 ], [ -56.920586899999961, -29.850172119999957 ], [ -56.920806959999958, -29.850062859999955 ], [ -56.921026699999956, -29.849954199999949 ], [ -56.921245909999968, -29.849845149999958 ], [ -56.921464229999962, -29.849736529999955 ], [ -56.921681889999959, -29.849628789999954 ], [ -56.921900059999956, -29.849522249999943 ], [ -56.922118029999957, -29.849415 ], [ -56.92233497999996, -29.849307559999954 ], [ -56.922551159999962, -29.849200779999954 ], [ -56.922766399999958, -29.849093409999949 ], [ -56.92298145999996, -29.848985929999948 ], [ -56.923195779999958, -29.848878579999958 ], [ -56.923409669999963, -29.84877207999995 ], [ -56.923623139999961, -29.848666709999961 ], [ -56.923836759999958, -29.848561949999958 ], [ -56.924049, -29.848457249999964 ], [ -56.924259739999961, -29.848356269999961 ], [ -56.924471229999959, -29.848246829999947 ], [ -56.924682079999961, -29.848138889999952 ], [ -56.924890899999959, -29.848034809999952 ], [ -56.925099029999956, -29.847931889999948 ], [ -56.925305739999956, -29.847830029999955 ], [ -56.925512669999961, -29.847726629999951 ], [ -56.925718839999959, -29.847623619999954 ], [ -56.92592391999996, -29.847521579999949 ], [ -56.926127889999961, -29.847420769999964 ], [ -56.926330669999956, -29.847320109999956 ], [ -56.926532399999957, -29.847220769999954 ], [ -56.926733349999957, -29.847121139999956 ], [ -56.926933039999959, -29.847021679999955 ], [ -56.927132469999961, -29.846922949999954 ], [ -56.927330809999958, -29.846825239999951 ], [ -56.927528549999963, -29.84672885999996 ], [ -56.927725249999959, -29.84663478999995 ], [ -56.927920129999968, -29.846541489999957 ], [ -56.928113579999959, -29.846449779999954 ], [ -56.928306099999965, -29.846358939999963 ], [ -56.928497219999961, -29.846269419999949 ], [ -56.928687919999959, -29.846181539999943 ], [ -56.928877969999959, -29.846095329999951 ], [ -56.929066879999958, -29.846010279999952 ], [ -56.929254389999961, -29.84592606999994 ], [ -56.929440509999957, -29.845843939999956 ], [ -56.929624469999958, -29.845763599999959 ], [ -56.929807659999959, -29.845684309999964 ], [ -56.929993269999962, -29.845604129999955 ], [ -56.930177049999962, -29.845525719999952 ], [ -56.930357969999967, -29.845449649999956 ], [ -56.930535139999961, -29.845374509999957 ], [ -56.930711989999963, -29.845301099999947 ], [ -56.930887959999957, -29.845228899999956 ], [ -56.931062529999956, -29.845158469999944 ], [ -56.931235219999969, -29.845089699999971 ], [ -56.931406039999956, -29.845022949999947 ], [ -56.931575439999961, -29.84495818999995 ], [ -56.931743869999956, -29.844894139999951 ], [ -56.931910369999962, -29.844830709999957 ], [ -56.932076, -29.844768159999948 ], [ -56.932240569999962, -29.844706299999952 ], [ -56.932402889999956, -29.844645009999955 ], [ -56.932562079999961, -29.844584899999951 ], [ -56.932717689999961, -29.844526389999956 ], [ -56.932870579999957, -29.844469309999951 ], [ -56.933023159999962, -29.84441471999995 ], [ -56.933177939999958, -29.844359689999958 ], [ -56.933330749999961, -29.844303589999953 ], [ -56.933483909999957, -29.844249039999948 ], [ -56.933637069999961, -29.844197349999948 ], [ -56.933789779999962, -29.844144699999955 ], [ -56.93394406999996, -29.844090819999948 ], [ -56.934100609999959, -29.844037309999955 ], [ -56.934258169999964, -29.84398305999995 ], [ -56.934416889999959, -29.843927 ], [ -56.934576039999968, -29.843869589999944 ], [ -56.934736249999958, -29.843813149999967 ], [ -56.934896519999967, -29.84375681999996 ], [ -56.935053439999962, -29.843703209999958 ], [ -56.935206309999963, -29.843651789999942 ], [ -56.935354919999959, -29.843601579999952 ], [ -56.935499059999962, -29.843550819999948 ], [ -56.935639919999957, -29.843502159999961 ], [ -56.935777179999967, -29.843454109999957 ], [ -56.935908419999961, -29.843408219999951 ], [ -56.936034589999956, -29.843364569999959 ], [ -56.93615383999996, -29.843324169999946 ], [ -56.936266909999958, -29.843285119999955 ], [ -56.936374039999961, -29.843248779999957 ], [ -56.936480229999965, -29.843211799999953 ], [ -56.936580969999959, -29.843176059999966 ], [ -56.936671519999969, -29.843143839999954 ], [ -56.936752849999962, -29.84311545999995 ], [ -56.936824169999959, -29.843090819999947 ], [ -56.936885889999964, -29.843070209999961 ], [ -56.936938239999961, -29.843052559999954 ], [ -56.936982149999956, -29.843037619999951 ], [ -56.937023769999961, -29.843023659999957 ], [ -56.937057729999957, -29.843012859999948 ], [ -56.937079859999962, -29.843005789999943 ], [ -56.937088049999957, -29.843003129999957 ], [ -56.937096229999959, -29.843000479999954 ], [ -56.937114239999957, -29.842994729999958 ], [ -56.937132419999962, -29.842988629999947 ], [ -56.937148759999957, -29.842982549999956 ], [ -56.937158709999956, -29.842978919999965 ], [ -56.93716296999996, -29.842977369999961 ], [ -56.937177449999965, -29.842971359999954 ], [ -56.937194779999956, -29.842967069999961 ], [ -56.937215549999962, -29.842963699999959 ], [ -56.937238239999957, -29.842961049999953 ], [ -56.937262919999959, -29.842959179999951 ], [ -56.937282529999962, -29.84295713999996 ], [ -56.937298589999962, -29.84295490999996 ], [ -56.937306389999961, -29.842952739999944 ], [ -56.937308259999966, -29.842951929999963 ], [ -56.937315769999962, -29.842949609999959 ], [ -56.93733883999996, -29.842941009999947 ], [ -56.937372239999959, -29.84292347999995 ], [ -56.93741501999996, -29.842897049999955 ], [ -56.937475069999962, -29.842868919999962 ], [ -56.937543249999962, -29.842842899999948 ], [ -56.937612389999956, -29.842818059999953 ], [ -56.937674579999957, -29.84279650999996 ], [ -56.93772596999996, -29.842778869999972 ], [ -56.937767799999961, -29.842765119999957 ], [ -56.937792409999957, -29.842757109999948 ], [ -56.937802949999956, -29.842753679999948 ], [ -56.937837599999959, -29.842741909999955 ], [ -56.937873099999962, -29.842729719999959 ], [ -56.937907549999956, -29.842717749999952 ], [ -56.937937859999963, -29.842706509999967 ], [ -56.93795202999997, -29.842701489999971 ], [ -56.937966199999963, -29.842696479999955 ], [ -56.937996639999966, -29.84268597999996 ], [ -56.938030509999962, -29.842674519999949 ], [ -56.93806990999996, -29.842660799999955 ], [ -56.93811138999996, -29.842646169999959 ], [ -56.938154, -29.842634179999958 ], [ -56.938195339999965, -29.842625739999949 ], [ -56.938231619999961, -29.84261890999996 ], [ -56.938263269999958, -29.842612729999949 ], [ -56.938294139999961, -29.842605909999961 ], [ -56.938317089999963, -29.842600839999964 ], [ -56.938330749999956, -29.842596919999956 ], [ -56.938335369999962, -29.842595329999959 ], [ -56.938337429999962, -29.842595159999956 ], [ -56.93834813999996, -29.842592339999957 ], [ -56.93836797999996, -29.84258525999995 ], [ -56.938400729999962, -29.84257194999995 ], [ -56.938444179999962, -29.842551729999954 ], [ -56.938500679999962, -29.84252363999995 ], [ -56.93857133999996, -29.842491939999949 ], [ -56.938659939999958, -29.842456529999961 ], [ -56.938767489999961, -29.84241783999996 ], [ -56.938887739999963, -29.842374889999952 ], [ -56.939016629999962, -29.842329469999946 ], [ -56.939151439999961, -29.842281989999957 ], [ -56.939293499999962, -29.842232079999956 ], [ -56.939444759999958, -29.842179449999968 ], [ -56.939606109999957, -29.842123119999954 ], [ -56.939778609999962, -29.842062849999955 ], [ -56.939961459999957, -29.841998599999958 ], [ -56.94015325999996, -29.841931429999967 ], [ -56.94035146999996, -29.841861919999957 ], [ -56.940554069999962, -29.841791109999956 ], [ -56.94076151999996, -29.841718459999953 ], [ -56.940973799999959, -29.841643779999959 ], [ -56.941191739999958, -29.841567039999962 ], [ -56.941416299999958, -29.841487979999968 ], [ -56.941646399999961, -29.841407389999951 ], [ -56.941879739999962, -29.841325569999952 ], [ -56.942115829999963, -29.841244269999947 ], [ -56.942353849999961, -29.841162019999956 ], [ -56.942593649999964, -29.841077839999954 ], [ -56.942835399999957, -29.840992869999951 ], [ -56.943078, -29.840908349999964 ], [ -56.94332114999996, -29.840822889999949 ], [ -56.943565029999959, -29.840737759999953 ], [ -56.943809949999959, -29.84065325999995 ], [ -56.944055179999957, -29.840568439999952 ], [ -56.944301479999957, -29.840484 ], [ -56.944547949999958, -29.840398879999956 ], [ -56.944793789999963, -29.840313719999941 ], [ -56.945038779999962, -29.840228779999954 ], [ -56.945283479999958, -29.840143039999948 ], [ -56.945528059999958, -29.840057419999955 ], [ -56.945772379999958, -29.839971539999951 ], [ -56.946016339999957, -29.839887009999948 ], [ -56.946260289999962, -29.839800449999959 ], [ -56.946503499999963, -29.839714239999953 ], [ -56.946746889999957, -29.839627479999958 ], [ -56.94699072999996, -29.839542409999957 ], [ -56.947234219999956, -29.839458099999955 ], [ -56.947477479999961, -29.839374519999954 ], [ -56.947721499999957, -29.83929044999995 ], [ -56.947966499999957, -29.839205269999951 ], [ -56.948211139999962, -29.839121 ], [ -56.948455369999962, -29.839036229999955 ], [ -56.948699259999962, -29.838950939999958 ], [ -56.948942989999956, -29.838865479999946 ], [ -56.949186799999957, -29.838779849999952 ], [ -56.949430909999961, -29.838696099999957 ], [ -56.949675099999958, -29.838611359999948 ], [ -56.949919039999962, -29.838527099999958 ], [ -56.950163289999956, -29.838442139999948 ], [ -56.950407489999961, -29.83835713999995 ], [ -56.950651179999959, -29.838272499999952 ], [ -56.950894069999961, -29.83818693999995 ], [ -56.951136579999961, -29.83810224999996 ], [ -56.95137984999996, -29.838017619999949 ], [ -56.951624589999959, -29.837933409999952 ], [ -56.951870799999959, -29.837847969999956 ], [ -56.952117669999957, -29.837761819999951 ], [ -56.952364349999961, -29.83767536999995 ], [ -56.952612229999957, -29.837588769999961 ], [ -56.952860329999957, -29.837503459999947 ], [ -56.953107749999958, -29.837416219999948 ], [ -56.95335474999996, -29.837328819999954 ], [ -56.953601009999957, -29.837242239999949 ], [ -56.953847619999969, -29.837156939999943 ], [ -56.954093399999962, -29.837072779999943 ], [ -56.954338599999957, -29.83698625999995 ], [ -56.954584199999964, -29.836899679999949 ], [ -56.954829339999968, -29.836813769999956 ], [ -56.955073849999962, -29.836728729999948 ], [ -56.955317889999961, -29.83664476999995 ], [ -56.955561689999961, -29.836561239999966 ], [ -56.955804049999969, -29.836477209999948 ], [ -56.956047069999961, -29.836393059999963 ], [ -56.956289059999961, -29.836309069999956 ], [ -56.956530429999958, -29.836225219999957 ], [ -56.956770839999962, -29.836141779999966 ], [ -56.95700895999996, -29.836058089999952 ], [ -56.957244319999958, -29.835975789999953 ], [ -56.957477159999968, -29.83589566999996 ], [ -56.95770746999996, -29.835816669999961 ], [ -56.957935079999956, -29.835735809999953 ], [ -56.958159209999963, -29.835658689999953 ], [ -56.958381839999959, -29.835580399999959 ], [ -56.958603179999962, -29.835503269999951 ], [ -56.958824519999958, -29.835425929999953 ], [ -56.959046259999958, -29.835348359999951 ], [ -56.959266799999959, -29.83527139999995 ], [ -56.959485719999961, -29.835193089999962 ], [ -56.959703459999957, -29.835116219999957 ], [ -56.959920359999963, -29.835040209999971 ], [ -56.960136469999959, -29.834964049999954 ], [ -56.960353679999962, -29.834888109999959 ], [ -56.96057160999996, -29.834813439999962 ], [ -56.960791239999956, -29.834738 ], [ -56.961013349999959, -29.834661099999963 ], [ -56.961237789999956, -29.834584109999959 ], [ -56.961463079999959, -29.834507279999951 ], [ -56.961689589999963, -29.83442851999995 ], [ -56.961915279999957, -29.834349319999955 ], [ -56.962142389999961, -29.834270799999953 ], [ -56.962369039999956, -29.834192259999945 ], [ -56.96259442999996, -29.834113249999948 ], [ -56.962818779999957, -29.834034239999955 ], [ -56.963042779999959, -29.833955209999957 ], [ -56.96326700999996, -29.833876099999959 ], [ -56.963491939999969, -29.833798089999959 ], [ -56.963718859999958, -29.833719929999951 ], [ -56.96394731999996, -29.833640969999955 ], [ -56.96417901999996, -29.833559629999961 ], [ -56.964411159999962, -29.833479 ], [ -56.964642759999961, -29.833397289999954 ], [ -56.96487555999996, -29.833315119999948 ], [ -56.965109159999962, -29.833232859999953 ], [ -56.965344599999959, -29.83315002999996 ], [ -56.965581529999959, -29.833067969999956 ], [ -56.965817239999957, -29.832985789999949 ], [ -56.966051859999958, -29.832904609999964 ], [ -56.966285289999959, -29.832824559999956 ], [ -56.966516519999956, -29.832745229999944 ], [ -56.966746129999962, -29.832665859999963 ], [ -56.966972449999957, -29.832586709999941 ], [ -56.967197789999958, -29.832508449999953 ], [ -56.96742032999996, -29.832431389999961 ], [ -56.967640839999959, -29.83235490999996 ], [ -56.96785880999996, -29.832278399999961 ], [ -56.968074369999961, -29.832202839999955 ], [ -56.968286599999956, -29.832128549999958 ], [ -56.968495309999959, -29.832055279999953 ], [ -56.96870047999996, -29.831983689999952 ], [ -56.968902929999956, -29.831913529999952 ], [ -56.969102629999966, -29.831843849999963 ], [ -56.969299019999958, -29.831774769999953 ], [ -56.969493139999962, -29.831706269999952 ], [ -56.969685089999956, -29.831638919999953 ], [ -56.969874159999961, -29.831573339999952 ], [ -56.970060699999962, -29.83150919999996 ], [ -56.970244319999956, -29.831445409999951 ], [ -56.97042530999996, -29.831382719999958 ], [ -56.97060349999996, -29.831320189999957 ], [ -56.970778829999958, -29.831259139999958 ], [ -56.970956199999968, -29.831195459999961 ], [ -56.971135969999956, -29.83113224999995 ], [ -56.971313429999967, -29.831070099999948 ], [ -56.971490359999962, -29.831008489999942 ], [ -56.971667339999961, -29.830947069999958 ], [ -56.971843259999957, -29.830886679999956 ], [ -56.972016789999962, -29.830825149999953 ], [ -56.972188919999958, -29.830763469999951 ], [ -56.972359719999957, -29.830702609999953 ], [ -56.972527459999959, -29.830641219999944 ], [ -56.972695279999961, -29.830579859999958 ], [ -56.972862149999962, -29.83051797999995 ], [ -56.97302803999996, -29.83045531999996 ], [ -56.973192289999957, -29.830393639999951 ], [ -56.973353, -29.830331639999955 ], [ -56.973510079999961, -29.830270969999958 ], [ -56.973663249999959, -29.830211799999955 ], [ -56.973811699999956, -29.830152169999952 ], [ -56.973961879999962, -29.830091779999968 ], [ -56.974107749999959, -29.83003247999995 ], [ -56.974248569999965, -29.829974969999952 ], [ -56.974384359999959, -29.829918989999967 ], [ -56.974514869999958, -29.82986552999995 ], [ -56.97463941999996, -29.829814239999955 ], [ -56.974757379999957, -29.829764879999949 ], [ -56.974869259999956, -29.829718019999952 ], [ -56.974975009999959, -29.829673229999955 ], [ -56.975079489999956, -29.829627609999967 ], [ -56.975177599999959, -29.829585229999942 ], [ -56.975265589999957, -29.829546609999952 ], [ -56.975343579999958, -29.829511849999957 ], [ -56.975411679999958, -29.829481649999952 ], [ -56.975470159999958, -29.829455599999953 ], [ -56.975519829999961, -29.829433219999959 ], [ -56.975566459999961, -29.829411439999951 ], [ -56.97560079999996, -29.829394829999959 ], [ -56.975622409999957, -29.829384879999957 ], [ -56.975632539999957, -29.829380139999962 ], [ -56.975636889999961, -29.829378109999951 ], [ -56.975652039999957, -29.829371299999963 ], [ -56.975667739999956, -29.829363979999954 ], [ -56.975680809999957, -29.829357409999957 ], [ -56.975682259999957, -29.829356679999957 ], [ -56.97569878999996, -29.829349539999946 ], [ -56.975717389999957, -29.829343099999946 ], [ -56.975739329999961, -29.829338149999952 ], [ -56.975761639999959, -29.829335959999955 ], [ -56.97578397999996, -29.829336469999959 ], [ -56.975802329999958, -29.829334539999959 ], [ -56.975812559999959, -29.829332329999961 ], [ -56.975815309999959, -29.829330989999949 ], [ -56.975821139999958, -29.829326769999952 ], [ -56.975838689999961, -29.829319029999951 ], [ -56.975873579999956, -29.829300689999961 ], [ -56.975926889999961, -29.82926885999996 ], [ -56.97599832999996, -29.829225839999953 ], [ -56.976091569999959, -29.829177619999957 ], [ -56.976204789999962, -29.829123049999957 ], [ -56.976334129999962, -29.829060799999958 ], [ -56.976475909999962, -29.828992409999952 ], [ -56.976629499999959, -29.828918009999956 ], [ -56.976794279999957, -29.828837909999958 ], [ -56.976967919999957, -29.828752439999956 ], [ -56.977148559999961, -29.828662339999962 ], [ -56.977334079999956, -29.828568829999949 ], [ -56.977522979999961, -29.828473489999951 ], [ -56.977713779999966, -29.828375559999944 ], [ -56.977905879999959, -29.828274819999951 ], [ -56.978099439999959, -29.828172239999954 ], [ -56.97829421999996, -29.82806769999997 ], [ -56.978490899999962, -29.827961559999949 ], [ -56.978689239999959, -29.827853149999964 ], [ -56.978888979999958, -29.827742919999956 ], [ -56.97908934999996, -29.827630959999958 ], [ -56.979290429999956, -29.827517539999949 ], [ -56.979490679999962, -29.827402649999957 ], [ -56.979688629999956, -29.827286929999961 ], [ -56.979884599999963, -29.827170589999948 ], [ -56.980078159999962, -29.827053249999953 ], [ -56.98026971999996, -29.826936609999962 ], [ -56.980457839999964, -29.826820229999964 ], [ -56.980642819999957, -29.826704759999945 ], [ -56.980825329999959, -29.826590669999959 ], [ -56.981005869999962, -29.826476 ], [ -56.981184269999957, -29.826361289999952 ], [ -56.981361779999958, -29.826246349999948 ], [ -56.981538509999957, -29.826130119999942 ], [ -56.981715219999963, -29.826012839999951 ], [ -56.981892329999958, -29.825893739999955 ], [ -56.982069709999962, -29.825773439999963 ], [ -56.982248769999956, -29.825652389999949 ], [ -56.982428639999959, -29.825530689999944 ], [ -56.982607949999959, -29.825408369999948 ], [ -56.982786889999957, -29.825286179999956 ], [ -56.982965309999962, -29.825164899999958 ], [ -56.983143369999958, -29.825044509999955 ], [ -56.983321059999966, -29.824924149999948 ], [ -56.983498539999957, -29.824804589999957 ], [ -56.983675, -29.824684949999952 ], [ -56.983851229999956, -29.824565859999957 ], [ -56.984027189999956, -29.82444575999995 ], [ -56.984202869999962, -29.824326009999957 ], [ -56.984378529999958, -29.82420654999996 ], [ -56.984554619999962, -29.824087699999957 ], [ -56.98473081999996, -29.823968809999958 ], [ -56.984907349999958, -29.823849229999954 ], [ -56.985083449999962, -29.823729219999954 ], [ -56.98525851999996, -29.823609389999952 ], [ -56.985431749999961, -29.823491119999947 ], [ -56.985603709999957, -29.823374169999958 ], [ -56.985773619999961, -29.823258509999942 ], [ -56.985941229999959, -29.823144959999947 ], [ -56.986106529999965, -29.823032989999959 ], [ -56.986269499999956, -29.822922729999956 ], [ -56.986429429999959, -29.822813959999955 ], [ -56.986586669999959, -29.822706979999953 ], [ -56.986741559999956, -29.822601809999952 ], [ -56.986893639999963, -29.822498209999953 ], [ -56.987043579999963, -29.822396269999956 ], [ -56.987190369999958, -29.822294949999943 ], [ -56.987335029999961, -29.822194789999951 ], [ -56.987477599999956, -29.82209595999996 ], [ -56.987620959999958, -29.821998189999967 ], [ -56.98776661999996, -29.821898919999953 ], [ -56.987910789999958, -29.821800509999953 ], [ -56.988052139999958, -29.821704669999953 ], [ -56.98819050999996, -29.821610419999942 ], [ -56.98832618999996, -29.821518319999949 ], [ -56.98845869999996, -29.821427179999958 ], [ -56.988589129999959, -29.821338459999961 ], [ -56.988717219999963, -29.821250959999951 ], [ -56.988842749999961, -29.821166649999956 ], [ -56.988965009999959, -29.821084659999958 ], [ -56.989082909999958, -29.82100507999996 ], [ -56.989196569999962, -29.82092548999994 ], [ -56.989306409999962, -29.820851769999958 ], [ -56.989411989999965, -29.820781449999952 ], [ -56.98951514999996, -29.820712829999955 ], [ -56.98961879999996, -29.820659739999943 ], [ -56.98970862999996, -29.820582189999964 ], [ -56.989802119999958, -29.820516479999956 ], [ -56.989895409999967, -29.820453969999956 ], [ -56.989982989999959, -29.820393719999949 ], [ -56.990065009999959, -29.820341119999952 ], [ -56.990141119999961, -29.820294239999949 ], [ -56.990210939999962, -29.820246179999959 ], [ -56.990276599999959, -29.82020716999995 ], [ -56.990341759999957, -29.82016813999995 ], [ -56.990402489999958, -29.820126189999954 ], [ -56.990455549999957, -29.820095929999955 ], [ -56.990500389999958, -29.820069909999958 ], [ -56.990537269999962, -29.820046639999941 ], [ -56.990570459999958, -29.820028299999947 ], [ -56.990594439999967, -29.820008449999943 ], [ -56.990606449999959, -29.82000088999995 ], [ -56.99060757999996, -29.82000045999995 ], [ -56.990611679999958, -29.819998129999952 ], [ -56.990620729999961, -29.819992339999949 ], [ -56.990632589999962, -29.819983319999949 ], [ -56.990648309999969, -29.819973679999944 ], [ -56.990670229999957, -29.819958939999957 ], [ -56.990696259999957, -29.819939929999954 ], [ -56.990728889999957, -29.819915819999949 ], [ -56.990768469999956, -29.81988212999995 ], [ -56.99081677999996, -29.819839239999951 ], [ -56.990882619999958, -29.819788819999957 ], [ -56.990966359999966, -29.819729839999955 ], [ -56.991064919999957, -29.819662609999959 ], [ -56.991169299999967, -29.819589359999956 ], [ -56.991278199999968, -29.819513819999958 ], [ -56.991390579999958, -29.819435259999967 ], [ -56.991506939999958, -29.819354369999949 ], [ -56.99162795999996, -29.819271619999952 ], [ -56.99175316999996, -29.819186529999964 ], [ -56.991882609999962, -29.819098919999949 ], [ -56.992015289999962, -29.819008929999956 ], [ -56.992151, -29.818917989999953 ], [ -56.992288559999956, -29.818825099999948 ], [ -56.992428729999958, -29.818730509999959 ], [ -56.992571599999962, -29.818634579999962 ], [ -56.992717479999961, -29.818536559999949 ], [ -56.992867569999959, -29.818435949999966 ], [ -56.993021449999965, -29.818331559999951 ], [ -56.993178989999969, -29.818223379999964 ], [ -56.99334187999996, -29.818112189999944 ], [ -56.993507039999962, -29.817995799999952 ], [ -56.99367318999996, -29.817882879999953 ], [ -56.993839979999962, -29.817770619999951 ], [ -56.994007029999956, -29.817656099999954 ], [ -56.994176349999961, -29.81754018999996 ], [ -56.994347689999962, -29.817423889999958 ], [ -56.99452052999996, -29.817306459999951 ], [ -56.99469442999996, -29.817189009999957 ], [ -56.994868899999958, -29.817069499999942 ], [ -56.995044059999962, -29.816946719999962 ], [ -56.99522024999996, -29.816828159999964 ], [ -56.99539955999996, -29.816707119999958 ], [ -56.995581749999957, -29.816585619999941 ], [ -56.99576598999996, -29.81646116999995 ], [ -56.995952249999959, -29.816335169999956 ], [ -56.996140189999956, -29.816207959999961 ], [ -56.996327599999958, -29.816080399999951 ], [ -56.996514739999959, -29.815952659999958 ], [ -56.996701949999959, -29.815824649999954 ], [ -56.996889269999961, -29.815696149999958 ], [ -56.997078579999965, -29.81556714999995 ], [ -56.997270569999962, -29.815436609999953 ], [ -56.997464699999959, -29.815303289999967 ], [ -56.99766076999996, -29.815166639999944 ], [ -56.99785810999996, -29.815027099999948 ], [ -56.998055829999956, -29.814885079999957 ], [ -56.998253919999961, -29.814740599999954 ], [ -56.998450389999959, -29.81459390999996 ], [ -56.998643349999959, -29.814447289999954 ], [ -56.998832859999965, -29.814300899999949 ], [ -56.99901811999996, -29.814154719999951 ], [ -56.999200319999957, -29.814008619999957 ], [ -56.999380829999957, -29.813861709999951 ], [ -56.999560639999956, -29.813713159999971 ], [ -56.999739979999958, -29.813564299999953 ], [ -56.999918459999961, -29.813414139999949 ], [ -57.000095849999958, -29.813262439999964 ], [ -57.000271869999956, -29.813109059999956 ], [ -57.000446139999958, -29.812954349999952 ], [ -57.000619079999957, -29.812798739999955 ], [ -57.000790389999956, -29.812642189999956 ], [ -57.000959909999956, -29.812484039999951 ], [ -57.001128399999956, -29.81232488999995 ], [ -57.001296749999959, -29.81216455999996 ], [ -57.001464319999961, -29.812003649999951 ], [ -57.001628339999961, -29.811838799999958 ], [ -57.00179105999996, -29.811672439999956 ], [ -57.001951599999963, -29.811504959999965 ], [ -57.002111159999956, -29.811337569999964 ], [ -57.00226922999996, -29.81116967999996 ], [ -57.002425729999956, -29.811000889999956 ], [ -57.002579439999963, -29.810832729999948 ], [ -57.002730019999959, -29.81066434999995 ], [ -57.002837249999956, -29.810464519999954 ], [ -57.003001869999956, -29.810311859999956 ], [ -57.00316550999996, -29.81016403999995 ], [ -57.003311889999956, -29.810001109999956 ], [ -57.003448879999958, -29.809834159999948 ], [ -57.003582769999959, -29.809666199999956 ], [ -57.003716479999959, -29.809499889999955 ], [ -57.003848459999958, -29.809333079999952 ], [ -57.003978859999961, -29.809166189999956 ], [ -57.004108079999959, -29.808998679999949 ], [ -57.004234989999958, -29.808829649999957 ], [ -57.00436073999996, -29.80865960999995 ], [ -57.004485189999961, -29.808488049999958 ], [ -57.00460754999996, -29.808315459999953 ], [ -57.004728079999964, -29.808142129999954 ], [ -57.004848959999961, -29.807969689999965 ], [ -57.00496744999996, -29.807797109999957 ], [ -57.005083789999958, -29.807625349999956 ], [ -57.005197579999958, -29.807453119999952 ], [ -57.00531, -29.807280339999952 ], [ -57.005419569999958, -29.807106589999957 ], [ -57.005527859999958, -29.806933039999954 ], [ -57.005634909999962, -29.806759429999964 ], [ -57.005739809999959, -29.80658561999995 ], [ -57.005842579999957, -29.806411719999954 ], [ -57.005943619999961, -29.806237639999956 ], [ -57.006043449999957, -29.806064029999959 ], [ -57.006142709999956, -29.805891299999953 ], [ -57.006240889999958, -29.805718959999954 ], [ -57.006337619999961, -29.805547329999957 ], [ -57.006434319999961, -29.805376589999955 ], [ -57.00653031999996, -29.805206809999962 ], [ -57.006624489999957, -29.805036849999954 ], [ -57.006718469999967, -29.804867539999961 ], [ -57.006813069999957, -29.804697429999951 ], [ -57.006907389999959, -29.804525729999966 ], [ -57.007003259999962, -29.804360239999959 ], [ -57.007098349999957, -29.804190309999946 ], [ -57.007194349999956, -29.804022579999963 ], [ -57.007290349999963, -29.803853749999949 ], [ -57.007386799999956, -29.803684659999952 ], [ -57.007482779999961, -29.803516049999949 ], [ -57.007578409999958, -29.80334760999995 ], [ -57.007673089999969, -29.803179379999957 ], [ -57.007766169999961, -29.80300843999996 ], [ -57.007859369999956, -29.802842319999954 ], [ -57.007951489999961, -29.802677189999947 ], [ -57.008043479999962, -29.802513139999956 ], [ -57.008136009999966, -29.80234838999996 ], [ -57.008235799999959, -29.802208959999948 ], [ -57.008321049999957, -29.802017389999961 ], [ -57.008412829999962, -29.801859039999961 ], [ -57.00850231999997, -29.801700869999959 ], [ -57.008589919999956, -29.801547649999943 ], [ -57.008675309999965, -29.801400309999963 ], [ -57.008757309999957, -29.801255729999948 ], [ -57.008836019999961, -29.801116409999956 ], [ -57.008912219999957, -29.800982659999956 ], [ -57.008986399999962, -29.80085157999995 ], [ -57.009058729999957, -29.800722189999959 ], [ -57.009126829999957, -29.800599249999948 ], [ -57.009191329999958, -29.800483009999947 ], [ -57.009253919999956, -29.800374899999955 ], [ -57.009313679999956, -29.800274319999957 ], [ -57.009366099999966, -29.800179719999953 ], [ -57.009416429999959, -29.800092499999955 ], [ -57.009464419999958, -29.800010539999942 ], [ -57.009517889999962, -29.79994234999997 ], [ -57.00956800999996, -29.799876649999959 ], [ -57.009616339999958, -29.799817279999946 ], [ -57.009659599999956, -29.799757219999957 ], [ -57.009706059999964, -29.799701639999959 ], [ -57.009749159999956, -29.799652539999951 ], [ -57.00978561999996, -29.799612129999964 ], [ -57.009816229999956, -29.799573239999958 ], [ -57.009843619999963, -29.799545089999953 ], [ -57.009866409999965, -29.79951666999996 ], [ -57.009887689999964, -29.799495019999949 ], [ -57.009899249999961, -29.799478409999956 ], [ -57.009902299999958, -29.799475639999947 ], [ -57.00990369999996, -29.799475049999963 ], [ -57.009908349999961, -29.799464079999954 ], [ -57.009920349999959, -29.799443699999955 ], [ -57.009931829999957, -29.799414349999957 ], [ -57.00993624999996, -29.799377809999953 ], [ -57.009943109999959, -29.799337379999947 ], [ -57.009949499999962, -29.799294329999956 ], [ -57.00996956999996, -29.799248719999955 ], [ -57.009991379999967, -29.799203879999947 ], [ -57.010016919999956, -29.799158459999948 ], [ -57.010043669999959, -29.799111479999951 ], [ -57.010072729999962, -29.799063319999959 ], [ -57.010103299999962, -29.799011509999964 ], [ -57.010131249999958, -29.798956159999964 ], [ -57.010157759999956, -29.798899229999943 ], [ -57.01018597999996, -29.79884013999996 ], [ -57.010220709999956, -29.798773859999958 ], [ -57.010245609999956, -29.798702009999957 ], [ -57.010268769999961, -29.798629909999953 ], [ -57.010304359999957, -29.798551849999956 ], [ -57.010339579999965, -29.798470769999962 ], [ -57.010381059999958, -29.798385969999963 ], [ -57.010427619999959, -29.798297329999951 ], [ -57.010479189999963, -29.798202419999949 ], [ -57.010536019999961, -29.798100409999957 ], [ -57.01059749999996, -29.797991079999949 ], [ -57.010662469999964, -29.797875909999949 ], [ -57.010729259999962, -29.797756329999952 ], [ -57.010797649999958, -29.797634439999957 ], [ -57.010867619999964, -29.797510419999956 ], [ -57.010938589999959, -29.797384169999958 ], [ -57.011010239999962, -29.797255489999959 ], [ -57.011083349999957, -29.797125009999952 ], [ -57.011157369999964, -29.796992599999953 ], [ -57.011233249999961, -29.796857769999953 ], [ -57.011311119999959, -29.796720309999955 ], [ -57.011390469999959, -29.79658034999996 ], [ -57.011472119999958, -29.796437759999957 ], [ -57.011554309999958, -29.796292579999957 ], [ -57.011638509999962, -29.796144059999961 ], [ -57.011725889999958, -29.79598986999995 ], [ -57.011815899999959, -29.795832179999941 ], [ -57.01190804999996, -29.795671209999956 ], [ -57.012003279999966, -29.795506839999948 ], [ -57.012102919999961, -29.79533939999995 ], [ -57.012206499999962, -29.795169019999957 ], [ -57.012313839999962, -29.794996889999954 ], [ -57.012423349999956, -29.794824619999957 ], [ -57.012534219999957, -29.794651719999955 ], [ -57.012646609999962, -29.794479019999958 ], [ -57.012761009999956, -29.794307789999955 ], [ -57.012877429999961, -29.79413820999995 ], [ -57.012995489999959, -29.793969989999951 ], [ -57.013114729999963, -29.79380259999996 ], [ -57.013235219999956, -29.793636149999958 ], [ -57.013355949999962, -29.793469919999964 ], [ -57.013477189999961, -29.793303799999958 ], [ -57.013599139999961, -29.793137789999967 ], [ -57.013723619999965, -29.792972329999944 ], [ -57.013849869999959, -29.792807649999958 ], [ -57.013977419999961, -29.792643929999954 ], [ -57.014105989999969, -29.792481019999951 ], [ -57.014235619999958, -29.792318879999957 ], [ -57.014366099999961, -29.792157799999959 ], [ -57.014497, -29.791998509999956 ], [ -57.014628729999956, -29.791841609999949 ], [ -57.014762, -29.791686859999949 ], [ -57.01489619999996, -29.791533789999946 ], [ -57.015030659999958, -29.791382019999954 ], [ -57.015165369999956, -29.791231329999952 ], [ -57.015300729999957, -29.791082069999959 ], [ -57.015438329999967, -29.790934629999953 ], [ -57.015576359999962, -29.790787839999968 ], [ -57.015714699999961, -29.790641669999964 ], [ -57.015853699999958, -29.790496929999957 ], [ -57.015993469999962, -29.790353699999947 ], [ -57.016134119999961, -29.790211519999954 ], [ -57.016275359999959, -29.79007012999995 ], [ -57.01641783999996, -29.789930409999954 ], [ -57.016561379999956, -29.789792069999947 ], [ -57.016705979999962, -29.789655659999951 ], [ -57.016851309999957, -29.789520739999954 ], [ -57.01699707999996, -29.789386669999956 ], [ -57.017142439999958, -29.789253019999947 ], [ -57.01728715999996, -29.789120599999947 ], [ -57.017431129999956, -29.788989179999959 ], [ -57.017574429999961, -29.788858919999956 ], [ -57.017716149999956, -29.788729939999964 ], [ -57.017856079999959, -29.788602659999952 ], [ -57.01799323999996, -29.788476939999956 ], [ -57.018126809999956, -29.788353329999953 ], [ -57.018256779999959, -29.788233079999948 ], [ -57.01838422999996, -29.788116759999959 ], [ -57.018508419999961, -29.788004229999956 ], [ -57.018629099999956, -29.787895049999957 ], [ -57.018745229999958, -29.787789119999953 ], [ -57.018857359999956, -29.787686789999952 ], [ -57.018965819999956, -29.787588989999954 ], [ -57.019071249999961, -29.787495249999953 ], [ -57.019174869999958, -29.787401049999957 ], [ -57.019277379999956, -29.787307959999954 ], [ -57.019376209999962, -29.787218439999961 ], [ -57.019470989999959, -29.787130569999956 ], [ -57.019562569999962, -29.787047299999962 ], [ -57.019649919999956, -29.786966639999953 ], [ -57.019733379999963, -29.786891169999951 ], [ -57.019812799999961, -29.786820419999955 ], [ -57.019888509999959, -29.78675345999995 ], [ -57.019965169999956, -29.786686359999962 ], [ -57.020037339999959, -29.786622919999957 ], [ -57.020103179999957, -29.786563859999951 ], [ -57.020165259999956, -29.786513449999948 ], [ -57.020220909999956, -29.786469339999954 ], [ -57.020268969999961, -29.786430199999963 ], [ -57.020309099999956, -29.786394979999958 ], [ -57.020344109999961, -29.78636388999994 ], [ -57.02037604999996, -29.786333029999941 ], [ -57.020410159999962, -29.786301829999957 ], [ -57.020445149999958, -29.786267869999953 ], [ -57.020484899999957, -29.786232639999955 ], [ -57.020528929999962, -29.78619250999995 ], [ -57.020578609999959, -29.786148159999957 ], [ -57.020630869999962, -29.786099869999951 ], [ -57.020686589999961, -29.786050399999954 ], [ -57.020745239999968, -29.78599820999996 ], [ -57.020805039999956, -29.785942229999961 ], [ -57.020866039999959, -29.785881929999956 ], [ -57.020936369999959, -29.785811379999949 ], [ -57.021017839999956, -29.785730199999954 ], [ -57.021111799999957, -29.785640319999949 ], [ -57.021216749999958, -29.785539229999952 ], [ -57.021329899999962, -29.785429429999947 ], [ -57.021449339999961, -29.785316519999949 ], [ -57.021572349999957, -29.785203479999954 ], [ -57.021700029999963, -29.78508547999996 ], [ -57.021830209999962, -29.784976929999949 ], [ -57.021958609999963, -29.784862949999962 ], [ -57.022084429999957, -29.784749899999955 ], [ -57.022210329999957, -29.784638169999948 ], [ -57.022338759999961, -29.784526389999961 ], [ -57.02245931999996, -29.784404089999953 ], [ -57.022585339999956, -29.784292289999954 ], [ -57.022709409999962, -29.784179669999954 ], [ -57.022830199999959, -29.784060739999955 ], [ -57.022957249999969, -29.783949609999947 ], [ -57.02308208999996, -29.783831299999949 ], [ -57.023208989999965, -29.783714239999959 ], [ -57.023340869999956, -29.783595289999951 ], [ -57.023470229999958, -29.783472839999956 ], [ -57.023608129999957, -29.783355789999963 ], [ -57.02374152999996, -29.783234819999947 ], [ -57.02387575999996, -29.783111939999952 ], [ -57.024010739999959, -29.782988389999961 ], [ -57.024146719999962, -29.78286364999995 ], [ -57.024283719999957, -29.782734609999952 ], [ -57.024421939999961, -29.782608299999954 ], [ -57.024560489999956, -29.782486079999959 ], [ -57.02469604999996, -29.78236067999995 ], [ -57.024830119999962, -29.782237939999948 ], [ -57.024963049999961, -29.782114869999951 ], [ -57.025096449999957, -29.78199338999995 ], [ -57.025231009999956, -29.78187280999995 ], [ -57.025365349999966, -29.781751359999951 ], [ -57.02550139999996, -29.781630119999956 ], [ -57.025639, -29.781508019999951 ], [ -57.025778879999969, -29.781385309999962 ], [ -57.025920019999958, -29.781261239999953 ], [ -57.026062299999957, -29.781136799999949 ], [ -57.02620737999996, -29.78101417999995 ], [ -57.026355209999956, -29.780893029999959 ], [ -57.026504949999961, -29.780772609999946 ], [ -57.026657139999962, -29.780652579999952 ], [ -57.026811789999961, -29.780532939999958 ], [ -57.026968489999959, -29.780413919999948 ], [ -57.027127579999956, -29.780295879999954 ], [ -57.027287749999957, -29.780178719999959 ], [ -57.027449099999956, -29.78006305999995 ], [ -57.027612609999956, -29.779949049999942 ], [ -57.027778369999957, -29.77983693999996 ], [ -57.027946249999957, -29.779726379999961 ], [ -57.028115619999959, -29.779616899999951 ], [ -57.028285729999958, -29.779508279999959 ], [ -57.028456799999958, -29.779401049999951 ], [ -57.028628829999967, -29.779295349999959 ], [ -57.028802099999957, -29.77919183999995 ], [ -57.028975979999956, -29.779089719999966 ], [ -57.029150749999957, -29.778989559999953 ], [ -57.029325589999956, -29.778891369999958 ], [ -57.02950029999996, -29.778795679999956 ], [ -57.029674459999967, -29.778702109999955 ], [ -57.029847509999961, -29.778610419999961 ], [ -57.030018839999968, -29.778520379999957 ], [ -57.03018988999996, -29.778432399999954 ], [ -57.03036215999996, -29.778345929999951 ], [ -57.030535759999957, -29.778262009999953 ], [ -57.030710669999962, -29.778180899999953 ], [ -57.030886279999962, -29.77810151999995 ], [ -57.031062159999962, -29.778023469999955 ], [ -57.031238939999959, -29.777946459999953 ], [ -57.031417469999958, -29.777870669999956 ], [ -57.031597799999957, -29.777796119999962 ], [ -57.031779979999968, -29.777722379999958 ], [ -57.031964079999959, -29.77764932999996 ], [ -57.032149769999961, -29.777577529999959 ], [ -57.032337419999962, -29.777507229999962 ], [ -57.03252683999996, -29.777438499999953 ], [ -57.032717899999966, -29.777370839999961 ], [ -57.032910559999962, -29.777304249999943 ], [ -57.03310495999996, -29.77723910999995 ], [ -57.033300419999961, -29.777174849999959 ], [ -57.033497269999962, -29.777112379999956 ], [ -57.033695109999961, -29.777051489999948 ], [ -57.033894, -29.776992219999954 ], [ -57.034094, -29.776935209999955 ], [ -57.03429450999996, -29.776880719999951 ], [ -57.03449494999996, -29.776827439999948 ], [ -57.034695359999958, -29.776775809999965 ], [ -57.034895749999961, -29.776725919999958 ], [ -57.035095709999958, -29.776677129999957 ], [ -57.03529471999996, -29.776629359999951 ], [ -57.035491929999957, -29.776581829999959 ], [ -57.035687039999956, -29.776535459999959 ], [ -57.03587995999996, -29.776489779999959 ], [ -57.036070899999956, -29.776444699999956 ], [ -57.036259889999961, -29.776400059999943 ], [ -57.036447569999957, -29.776356109999966 ], [ -57.036634499999963, -29.77631205999996 ], [ -57.036821279999963, -29.776267729999947 ], [ -57.037009129999959, -29.776223709999954 ], [ -57.037199659999956, -29.776178319999971 ], [ -57.037394279999965, -29.776131629999959 ], [ -57.037588159999956, -29.776085169999948 ], [ -57.037780209999958, -29.776038709999948 ], [ -57.037970709999961, -29.775992089999956 ], [ -57.03816074999996, -29.775945899999964 ], [ -57.038350609999959, -29.775900619999945 ], [ -57.038540179999956, -29.775855269999962 ], [ -57.038730159999957, -29.775810419999964 ], [ -57.038920209999958, -29.775765779999958 ], [ -57.039109549999957, -29.775721189999963 ], [ -57.03929800999996, -29.775676759999953 ], [ -57.039485179999957, -29.775632 ], [ -57.039671319999961, -29.775587429999948 ], [ -57.039856229999963, -29.775542989999952 ], [ -57.040040299999966, -29.775498799999955 ], [ -57.040225839999962, -29.775454069999956 ], [ -57.040414849999969, -29.775408289999959 ], [ -57.040603449999956, -29.775361889999949 ], [ -57.040792489999959, -29.775317079999962 ], [ -57.040983219999958, -29.775273029999955 ], [ -57.041175319999958, -29.775228149999958 ], [ -57.041368189999957, -29.77518246999994 ], [ -57.04156178999996, -29.775135919999951 ], [ -57.041755119999962, -29.775090049999953 ], [ -57.041947959999959, -29.775043899999957 ], [ -57.042140469999957, -29.774997559999957 ], [ -57.042331859999962, -29.77495100999996 ], [ -57.042521949999966, -29.774904429999957 ], [ -57.042710599999957, -29.774859019999948 ], [ -57.042898569999956, -29.77481571999996 ], [ -57.043086899999956, -29.774772799999958 ], [ -57.043275909999956, -29.774729149999949 ], [ -57.043465099999963, -29.774685229999953 ], [ -57.043654119999957, -29.774640509999951 ], [ -57.043842979999958, -29.77459573999996 ], [ -57.044031729999965, -29.774550909999963 ], [ -57.044220219999957, -29.774505979999951 ], [ -57.044408759999961, -29.77446096999995 ], [ -57.044597609999961, -29.774415849999958 ], [ -57.044786039999963, -29.774370419999958 ], [ -57.044972899999962, -29.774326079999952 ], [ -57.045157319999966, -29.774281989999952 ], [ -57.045339349999963, -29.774238749999952 ], [ -57.045517819999958, -29.774195919999954 ], [ -57.045692189999961, -29.77415373999996 ], [ -57.045862399999962, -29.774112799999955 ], [ -57.046029159999968, -29.774073089999955 ], [ -57.046193129999956, -29.774033829999954 ], [ -57.046355149999961, -29.773994989999956 ], [ -57.046515849999956, -29.773956439999957 ], [ -57.046674819999957, -29.773918259999974 ], [ -57.046831859999969, -29.773880689999949 ], [ -57.046986539999956, -29.773843629999956 ], [ -57.047139849999958, -29.773806839999967 ], [ -57.047291639999962, -29.773770559999953 ], [ -57.047441489999962, -29.773734469999948 ], [ -57.047588759999968, -29.773699559999958 ], [ -57.047732719999956, -29.773666059999961 ], [ -57.04787316999996, -29.773633049999955 ], [ -57.048009789999959, -29.773600479999953 ], [ -57.048142729999959, -29.773568789999949 ], [ -57.04827395999996, -29.77353765999996 ], [ -57.048404379999958, -29.773506179999956 ], [ -57.048534649999958, -29.773475519999952 ], [ -57.048665079999957, -29.773445069999951 ], [ -57.048796039999957, -29.773414449999947 ], [ -57.048928329999967, -29.773383199999955 ], [ -57.049062099999958, -29.773351229999953 ], [ -57.04919711999996, -29.773318819999961 ], [ -57.049331839999958, -29.773286359999965 ], [ -57.049466809999963, -29.773254029999954 ], [ -57.049602279999959, -29.773221789999958 ], [ -57.049738379999958, -29.77318884999994 ], [ -57.049874979999956, -29.773156139999962 ] ] ] } },
{ "type": "Feature", "properties": { "ds_local_i": "ENTR BR-290/293/472", "ds_local_f": "ACESSO SUL URUGUAIANA", "ds_legenda": "Pavimentada", "sg_legenda": "PAV", "ds_jurisdi": "Federal", "km_dentro_area_estudo": 3.9, "rodovia": "BR-472", "divergencia_osm": false }, "geometry": { "type": "MultiLineString", "coordinates": [ [ [ -57.058147439999956, -29.771146239999958 ], [ -57.058148069999959, -29.771364039999959 ], [ -57.05814816999996, -29.771422729999948 ], [ -57.05814988999996, -29.771484529999956 ], [ -57.058153009999963, -29.771547629999954 ], [ -57.058156639999957, -29.771611959999959 ], [ -57.058160529999959, -29.771678779999956 ], [ -57.058166319999962, -29.771748789999954 ], [ -57.058172619999958, -29.771820859999959 ], [ -57.05817959999996, -29.771897259999953 ], [ -57.058188329999957, -29.771977299999953 ], [ -57.058197869999958, -29.772061279999953 ], [ -57.058207579999959, -29.772149669999955 ], [ -57.058218649999958, -29.77224470999996 ], [ -57.058228179999958, -29.772340819999961 ], [ -57.05823893999996, -29.772436369999959 ], [ -57.058251179999957, -29.772535789999946 ], [ -57.058264839999957, -29.772638209999958 ], [ -57.058280889999963, -29.772743309999957 ], [ -57.058299979999958, -29.77284919999995 ], [ -57.058320299999956, -29.772954729999949 ], [ -57.058341679999963, -29.773059689999954 ], [ -57.058363059999962, -29.773163479999955 ], [ -57.058385509999958, -29.773265769999956 ], [ -57.058409289999965, -29.773366629999948 ], [ -57.058434899999959, -29.773467069999956 ], [ -57.058460959999962, -29.773567239999956 ], [ -57.058487739999961, -29.773667069999959 ], [ -57.058516129999958, -29.773766459999951 ], [ -57.058525109999962, -29.773796909999952 ], [ -57.058546069999956, -29.773867959999947 ], [ -57.058578389999958, -29.773972429999951 ], [ -57.058612829999966, -29.774078549999956 ], [ -57.058648339999962, -29.774184399999957 ], [ -57.058684479999961, -29.774289579999952 ], [ -57.058722739999965, -29.774394369999957 ], [ -57.058761819999958, -29.774498399999953 ], [ -57.058801579999958, -29.77460193999995 ], [ -57.058842189999957, -29.774706359999961 ], [ -57.058882859999962, -29.774812559999965 ], [ -57.058926959999958, -29.774919179999959 ], [ -57.058975129999958, -29.77502757999995 ], [ -57.059027599999958, -29.775137309999955 ], [ -57.059080929999958, -29.775248829999949 ], [ -57.059133809999956, -29.775361079999964 ], [ -57.05918700999996, -29.775472889999957 ], [ -57.059241729999961, -29.775582069999952 ], [ -57.059297939999958, -29.775690699999952 ], [ -57.059355609999962, -29.775796779999958 ], [ -57.059414249999961, -29.775903259999957 ], [ -57.059475459999959, -29.776007219999958 ], [ -57.059537659999961, -29.776108829999952 ], [ -57.059599379999959, -29.776214139999961 ], [ -57.059662739999958, -29.776318569999948 ], [ -57.05972760999996, -29.776423399999956 ], [ -57.059794489999966, -29.776527179999956 ], [ -57.059862059999958, -29.776628559999956 ], [ -57.059928229999962, -29.776727929999968 ], [ -57.059993439999957, -29.776821939999959 ], [ -57.060057049999962, -29.776910989999951 ], [ -57.060119619999959, -29.776995279999952 ], [ -57.060178329999957, -29.777079289999953 ], [ -57.060248409999957, -29.777162099999963 ], [ -57.06031396999996, -29.77724460999994 ], [ -57.060378239999956, -29.777324459999964 ], [ -57.060442309999956, -29.777403159999949 ], [ -57.060504739999956, -29.777480859999955 ], [ -57.060564749999962, -29.777556099999952 ], [ -57.060624919999967, -29.777628119999957 ], [ -57.060685199999966, -29.777699059999954 ], [ -57.060745889999957, -29.777767849999961 ], [ -57.06080861999996, -29.777835679999956 ], [ -57.060872989999957, -29.777903319999961 ], [ -57.060938429999958, -29.777970959999948 ], [ -57.06100277999996, -29.77803942999995 ], [ -57.06106738999997, -29.778107279999961 ], [ -57.061131609999961, -29.778174039999953 ], [ -57.061196269999961, -29.778239649999957 ], [ -57.061261309999956, -29.778303969999957 ], [ -57.061327009999957, -29.778368599999958 ], [ -57.061393659999958, -29.778433729999954 ], [ -57.061461399999956, -29.778499039999957 ], [ -57.061532109999966, -29.778563089999963 ], [ -57.061605309999962, -29.778628039999941 ], [ -57.061680749999958, -29.778694459999947 ], [ -57.061757009999958, -29.778764039999949 ], [ -57.061836319999969, -29.778834759999945 ], [ -57.061919359999962, -29.778906339999953 ], [ -57.062005329999963, -29.778979669999952 ], [ -57.062094359999961, -29.779054289999948 ], [ -57.06218786999996, -29.779128739999955 ], [ -57.062284159999962, -29.779202059999967 ], [ -57.062381649999956, -29.779272369999966 ], [ -57.06248147999996, -29.779337239999947 ], [ -57.062582759999962, -29.779398439999948 ], [ -57.062685789999961, -29.779454229999956 ], [ -57.062789619999961, -29.779506809999951 ], [ -57.062893459999962, -29.779555369999958 ], [ -57.062997529999961, -29.779600929999948 ], [ -57.063100569999968, -29.779645209999941 ], [ -57.063201589999956, -29.779690039999949 ], [ -57.063301579999958, -29.77973290999995 ], [ -57.063399599999961, -29.779776669999954 ], [ -57.063494869999957, -29.779822869999954 ], [ -57.063585609999969, -29.77987413999994 ], [ -57.063671149999962, -29.779929039999956 ], [ -57.063750779999957, -29.779986039999955 ], [ -57.063825259999959, -29.780043819999957 ], [ -57.063897739999959, -29.780101989999949 ], [ -57.063973659999959, -29.780159989999955 ], [ -57.064051619999958, -29.780218909999945 ], [ -57.06413278999996, -29.780278439999961 ], [ -57.064215179999962, -29.780340539999951 ], [ -57.064301319999956, -29.780401609999963 ], [ -57.064389829999961, -29.78046413999996 ], [ -57.064481759999957, -29.78052498999995 ], [ -57.064578629999957, -29.780585299999959 ], [ -57.064679549999958, -29.780644129999956 ], [ -57.064785149999956, -29.780701699999952 ], [ -57.064895139999962, -29.780757039999948 ], [ -57.065012109999962, -29.78081008999996 ], [ -57.065133029999956, -29.780863769999957 ], [ -57.065258679999957, -29.78091824999996 ], [ -57.065388329999969, -29.780974249999957 ], [ -57.065521679999961, -29.781030899999962 ], [ -57.065658409999962, -29.781090209999956 ], [ -57.065798939999958, -29.781150199999949 ], [ -57.06594297999996, -29.781212 ], [ -57.066090099999961, -29.781275039999947 ], [ -57.066240219999962, -29.781339059999958 ], [ -57.066392679999957, -29.781403769999955 ], [ -57.066546919999958, -29.781469269999953 ], [ -57.066701279999961, -29.781535579999947 ], [ -57.066854479999961, -29.781601599999956 ], [ -57.067006829999961, -29.781667209999952 ], [ -57.067158879999965, -29.781731899999947 ], [ -57.067312829999956, -29.781797419999961 ], [ -57.06746736999996, -29.781863899999955 ], [ -57.067620899999959, -29.781930409999962 ], [ -57.06777686999996, -29.781997069999957 ], [ -57.067934989999962, -29.782064929999958 ], [ -57.068094659999957, -29.78213309999995 ], [ -57.068256, -29.782202129999948 ], [ -57.06841818999996, -29.782272019999951 ], [ -57.068582459999966, -29.782341379999956 ], [ -57.068747079999959, -29.782410889999948 ], [ -57.068911639999961, -29.782480659999958 ], [ -57.069076109999962, -29.782550439999955 ], [ -57.069240389999962, -29.782620549999958 ], [ -57.069403549999961, -29.782691009999958 ], [ -57.06956394999996, -29.782760809999949 ], [ -57.069722149999961, -29.782829329999949 ], [ -57.069878209999956, -29.782896989999958 ], [ -57.070034299999961, -29.782963669999955 ], [ -57.07018946999996, -29.783029549999952 ], [ -57.070343299999962, -29.783095199999948 ], [ -57.070497439999961, -29.783161179999958 ], [ -57.07065082999997, -29.783226739999957 ], [ -57.070802829999963, -29.783291919999954 ], [ -57.070953899999957, -29.783355249999957 ], [ -57.071103929999957, -29.783417889999953 ], [ -57.071252499999957, -29.783480059999949 ], [ -57.071399409999962, -29.783541739999958 ], [ -57.071544919999958, -29.783603309999958 ], [ -57.071691609999966, -29.78366503999996 ], [ -57.071839099999956, -29.783728709999956 ], [ -57.071987379999968, -29.783791449999953 ], [ -57.072134669999969, -29.783856 ], [ -57.072280919999962, -29.783919499999957 ], [ -57.072425319999958, -29.783981969999953 ], [ -57.072567489999962, -29.784043349999955 ], [ -57.072707609999959, -29.784103379999959 ], [ -57.072845639999962, -29.784161679999954 ], [ -57.07298121999996, -29.78421915999996 ], [ -57.073114589999967, -29.784275739999952 ], [ -57.073245919999962, -29.784331299999955 ], [ -57.073375289999959, -29.784385789999959 ], [ -57.073503179999967, -29.784439049999953 ], [ -57.073629059999959, -29.784491149999962 ], [ -57.073752349999957, -29.784543179999954 ], [ -57.073873169999956, -29.784595 ], [ -57.073991789999958, -29.784646459999951 ], [ -57.07410842999996, -29.784696989999958 ], [ -57.074223919999959, -29.784746529999953 ], [ -57.074339559999956, -29.784795469999949 ], [ -57.074456189999957, -29.784844239999948 ], [ -57.074574549999959, -29.784892559999953 ], [ -57.07469401999996, -29.784940759999948 ], [ -57.074812219999963, -29.784987889999957 ], [ -57.074931799999959, -29.785034979999956 ], [ -57.075053809999957, -29.78508281999995 ], [ -57.075178819999962, -29.785130489999954 ], [ -57.075306759999961, -29.785177919999949 ], [ -57.075436839999959, -29.785225949999958 ], [ -57.075569349999959, -29.785274109999953 ], [ -57.075703989999958, -29.785322879999953 ], [ -57.075839789999961, -29.78537127999995 ], [ -57.075975159999956, -29.785419439999959 ], [ -57.076109799999962, -29.785466989999954 ], [ -57.076243619999964, -29.78551390999996 ], [ -57.07637693999996, -29.785560029999964 ], [ -57.076510719999959, -29.785605549999961 ], [ -57.076645159999956, -29.785650859999954 ], [ -57.076780749999962, -29.785696549999951 ], [ -57.076915669999956, -29.785741219999949 ], [ -57.077051959999963, -29.785787769999949 ], [ -57.07719327999996, -29.785830219999959 ], [ -57.077321269999956, -29.785876129999959 ], [ -57.077456979999958, -29.78591748999996 ], [ -57.077591619999957, -29.785958149999967 ], [ -57.077727119999956, -29.785998049999954 ], [ -57.077865019999962, -29.78603686999995 ], [ -57.078004079999957, -29.786074219999957 ], [ -57.078144019999961, -29.786111769999948 ], [ -57.078285389999962, -29.786150259999943 ], [ -57.078428639999956, -29.786189439999951 ], [ -57.078573539999958, -29.786228619999957 ], [ -57.078719319999962, -29.78626709999995 ], [ -57.078866219999959, -29.786305919999958 ], [ -57.079016049999957, -29.786345389999951 ], [ -57.079169249999957, -29.786385059999958 ], [ -57.079326069999958, -29.78642458999996 ], [ -57.079486059999958, -29.786463909999956 ], [ -57.07964950999996, -29.786503 ], [ -57.07981661999996, -29.786541229999951 ], [ -57.079987, -29.786578599999967 ], [ -57.080159479999956, -29.786615959999946 ], [ -57.080332799999958, -29.78665327999995 ], [ -57.080507099999963, -29.786689749999951 ], [ -57.080682619999962, -29.786725269999966 ], [ -57.080859479999958, -29.786759669999945 ], [ -57.081037529999961, -29.786793149999948 ], [ -57.08121605999996, -29.786826939999958 ], [ -57.081394629999956, -29.786860879999953 ], [ -57.081573549999959, -29.786895 ], [ -57.08175277999996, -29.786929599999954 ], [ -57.081932659999957, -29.786963949999954 ], [ -57.082113159999956, -29.786997679999956 ], [ -57.082293939999957, -29.787031689999953 ], [ -57.082475249999959, -29.787065809999948 ], [ -57.082656689999958, -29.787100439999957 ], [ -57.082837669999968, -29.787134909999956 ], [ -57.08301807999996, -29.787169209999952 ], [ -57.083198029999956, -29.787202879999956 ], [ -57.083377369999958, -29.787236809999957 ], [ -57.083555889999957, -29.787270629999956 ], [ -57.08373463999996, -29.787301369999955 ], [ -57.08391265999996, -29.787334199999954 ], [ -57.084090299999957, -29.787368119999961 ], [ -57.084268479999956, -29.787401539999951 ], [ -57.084447099999956, -29.78743539999995 ], [ -57.084626509999957, -29.787468799999949 ], [ -57.084806769999958, -29.78750212999995 ], [ -57.08498756999996, -29.78753587999995 ], [ -57.08516841999996, -29.787569779999952 ], [ -57.085348789999962, -29.787603329999957 ], [ -57.085527759999962, -29.787636869999954 ], [ -57.085704859999957, -29.787670039999949 ], [ -57.085879549999959, -29.787702529999962 ], [ -57.086051709999957, -29.787734839999942 ], [ -57.086222229999962, -29.787767339999959 ], [ -57.086392489999959, -29.787799449999955 ], [ -57.086562149999956, -29.787831579999949 ], [ -57.08673042999996, -29.787863299999952 ], [ -57.086896889999956, -29.787894609999949 ], [ -57.087062019999962, -29.787924689999947 ], [ -57.087226549999961, -29.787953239999965 ], [ -57.087389909999956, -29.787983709999953 ], [ -57.087550929999956, -29.788015579999957 ], [ -57.087709679999961, -29.78804589999995 ], [ -57.087865479999962, -29.788074469999959 ], [ -57.088017869999959, -29.788102249999948 ], [ -57.088166119999961, -29.788129679999955 ], [ -57.088310489999962, -29.788157239999958 ], [ -57.088451349999957, -29.78818336999996 ], [ -57.088588649999956, -29.788209119999959 ], [ -57.088722569999959, -29.78823309999995 ], [ -57.08885181999996, -29.788255619999951 ], [ -57.088974489999956, -29.788274959999953 ], [ -57.089089319999964, -29.78829235999995 ], [ -57.089197279999958, -29.788302789999957 ], [ -57.089298829999962, -29.788302499999947 ], [ -57.089393459999961, -29.788291719999972 ], [ -57.089480309999956, -29.788270809999961 ], [ -57.08956012999996, -29.78824064999996 ], [ -57.089635659999956, -29.788207199999952 ], [ -57.08970903999996, -29.788175659999951 ], [ -57.089780959999956, -29.788151189999958 ], [ -57.089850199999958, -29.788134539999948 ], [ -57.089915969999957, -29.788128599999954 ] ] ] } },
{ "type": "Feature", "properties": { "ds_local_i": "ACESSO PORTO SECO DE URUGUAIANA", "ds_local_f": "PORTO SECO DE URUGUAIANA", "ds_legenda": "Pavimentada", "sg_legenda": "PAV", "ds_jurisdi": "Federal", "km_dentro_area_estudo": 1.35, "rodovia": "BR-290", "divergencia_osm": false }, "geometry": { "type": "MultiLineString", "coordinates": [ [ [ -57.049874979999956, -29.773156139999962 ], [ -57.050332169999962, -29.77317745999995 ], [ -57.050636849999961, -29.773260099999955 ], [ -57.051398549999959, -29.773590679999966 ], [ -57.051655619999956, -29.773673319999958 ], [ -57.051846039999958, -29.773764229999951 ], [ -57.051950779999956, -29.773813809999965 ], [ -57.052179289999962, -29.773822079999949 ], [ -57.052331629999962, -29.773764229999959 ], [ -57.052464919999956, -29.773681579999952 ], [ -57.052741039999958, -29.773450179999944 ], [ -57.052817209999958, -29.773309689999952 ], [ -57.05287433999996, -29.773144399999946 ], [ -57.05287433999996, -29.77307001999996 ], [ -57.052836249999956, -29.772805559999959 ], [ -57.052550609999962, -29.772045229999954 ], [ -57.052445879999958, -29.771789029999951 ], [ -57.052360189999959, -29.771706379999948 ], [ -57.052264979999961, -29.771665059999954 ], [ -57.052141199999959, -29.771665059999954 ], [ -57.052036469999962, -29.771706379999952 ], [ -57.051893649999961, -29.77178076999995 ], [ -57.051179559999959, -29.772375809999946 ], [ -57.05101769999996, -29.772450189999955 ], [ -57.050874879999959, -29.772474979999956 ], [ -57.047818569999961, -29.773210519999953 ], [ -57.046695069999956, -29.773466709999955 ], [ -57.046533209999957, -29.773466709999951 ], [ -57.046438, -29.773408859999954 ], [ -57.04635229999996, -29.773293159999959 ], [ -57.046295179999966, -29.773144399999946 ], [ -57.045933369999958, -29.771524559999957 ] ] ] } },
{ "type": "Feature", "properties": { "ds_local_i": "ACESSO PORTO SECO DE URUGUAIANA", "ds_local_f": "ENTR BR-290/293/472", "ds_legenda": "Pavimentada", "sg_legenda": "PAV", "ds_jurisdi": "Federal", "km_dentro_area_estudo": 0.83, "rodovia": "BR-290", "divergencia_osm": false }, "geometry": { "type": "MultiLineString", "coordinates": [ [ [ -57.049874979999956, -29.773156139999962 ], [ -57.050012469999956, -29.773123299999948 ], [ -57.050151379999967, -29.773090689999957 ], [ -57.050292259999956, -29.773057249999951 ], [ -57.050435229999962, -29.773022669999957 ], [ -57.050576369999959, -29.772988949999956 ], [ -57.050714109999959, -29.772956739999952 ], [ -57.050850879999956, -29.772924469999957 ], [ -57.050989249999965, -29.772891469999948 ], [ -57.051127549999961, -29.772858459999949 ], [ -57.051263019999958, -29.772826389999949 ], [ -57.05139408999996, -29.772795729999959 ], [ -57.051520809999957, -29.77276622999997 ], [ -57.051643719999959, -29.772737449999948 ], [ -57.051762129999958, -29.772709419999956 ], [ -57.051875229999958, -29.772682839999955 ], [ -57.051982309999957, -29.772658049999947 ], [ -57.052083309999958, -29.77263436999997 ], [ -57.052177699999959, -29.772612199999962 ], [ -57.052270169999957, -29.772591679999948 ], [ -57.052361579999967, -29.772571649999961 ], [ -57.052421239999958, -29.772559569999956 ], [ -57.052446809999957, -29.772554389999954 ], [ -57.052524319999961, -29.772542119999947 ], [ -57.052593229999957, -29.77253257999995 ], [ -57.052653349999957, -29.772524189999956 ], [ -57.052704679999962, -29.772517309999948 ], [ -57.052749509999963, -29.772510669999949 ], [ -57.052786339999962, -29.772504719999958 ], [ -57.052822029999959, -29.772500539999953 ], [ -57.052823049999958, -29.772500359999942 ], [ -57.05283406999996, -29.772497609999949 ], [ -57.052848429999969, -29.77249413999996 ], [ -57.052854579999959, -29.772492649999961 ], [ -57.05288292999996, -29.77248674999996 ], [ -57.052917389999962, -29.772479439999948 ], [ -57.052956209999962, -29.772471369999955 ], [ -57.052996309999962, -29.772463709999954 ], [ -57.05303715999996, -29.772455689999958 ], [ -57.053077059999957, -29.77244755999995 ], [ -57.053113599999961, -29.77244 ], [ -57.05314501999996, -29.772433159999949 ], [ -57.053193559999961, -29.772422269999947 ], [ -57.053198579999957, -29.772421079999955 ], [ -57.053208699999956, -29.772418719999955 ], [ -57.053228759999961, -29.77241388999996 ], [ -57.053260989999956, -29.772406049999951 ], [ -57.053298599999962, -29.772396819999948 ], [ -57.053346599999962, -29.772384719999948 ], [ -57.053405249999962, -29.772368439999951 ], [ -57.053477239999957, -29.772347779999947 ], [ -57.053560199999957, -29.772322899999956 ], [ -57.053654909999956, -29.772294319999951 ], [ -57.053757639999958, -29.77226343999995 ], [ -57.053866129999967, -29.77223084999995 ], [ -57.05397775999996, -29.772198629999945 ], [ -57.054091709999959, -29.772167009999951 ], [ -57.05420705999996, -29.772136699999951 ], [ -57.054324829999963, -29.772105579999955 ], [ -57.054440939999957, -29.772076139999967 ], [ -57.054556379999958, -29.772047309999959 ], [ -57.054672489999959, -29.772019639999957 ], [ -57.054788459999962, -29.771992839999957 ], [ -57.054904959999959, -29.77196540999995 ], [ -57.05501677999996, -29.771936129999958 ], [ -57.055135109999959, -29.771910709999961 ], [ -57.055369429999956, -29.771856549999967 ], [ -57.055490379999959, -29.771831309999957 ], [ -57.055717969999961, -29.771784569999959 ], [ -57.055833879999959, -29.771768289999947 ], [ -57.056147649999964, -29.771644559999949 ], [ -57.056562319999962, -29.771559079999957 ], [ -57.057153219999961, -29.771427939999953 ], [ -57.058147439999956, -29.771146239999958 ] ] ] } },
{ "type": "Feature", "properties": { "ds_local_i": "ACESSO PORTO SECO DE URUGUAIANA", "ds_local_f": "ENTR BR-290/293/472", "ds_legenda": "Pavimentada", "sg_legenda": "PAV", "ds_jurisdi": "Federal", "km_dentro_area_estudo": 0.83, "rodovia": "BR-293", "divergencia_osm": false }, "geometry": { "type": "MultiLineString", "coordinates": [ [ [ -57.049874979999956, -29.773156139999962 ], [ -57.050012469999956, -29.773123299999948 ], [ -57.050151379999967, -29.773090689999957 ], [ -57.050292259999956, -29.773057249999951 ], [ -57.050435229999962, -29.773022669999957 ], [ -57.050576369999959, -29.772988949999956 ], [ -57.050714109999959, -29.772956739999952 ], [ -57.050850879999956, -29.772924469999957 ], [ -57.050989249999965, -29.772891469999948 ], [ -57.051127549999961, -29.772858459999949 ], [ -57.051263019999958, -29.772826389999949 ], [ -57.05139408999996, -29.772795729999959 ], [ -57.051520809999957, -29.77276622999997 ], [ -57.051643719999959, -29.772737449999948 ], [ -57.051762129999958, -29.772709419999956 ], [ -57.051875229999958, -29.772682839999955 ], [ -57.051982309999957, -29.772658049999947 ], [ -57.052083309999958, -29.77263436999997 ], [ -57.052177699999959, -29.772612199999962 ], [ -57.052270169999957, -29.772591679999948 ], [ -57.052361579999967, -29.772571649999961 ], [ -57.052421239999958, -29.772559569999956 ], [ -57.052446809999957, -29.772554389999954 ], [ -57.052524319999961, -29.772542119999947 ], [ -57.052593229999957, -29.77253257999995 ], [ -57.052653349999957, -29.772524189999956 ], [ -57.052704679999962, -29.772517309999948 ], [ -57.052749509999963, -29.772510669999949 ], [ -57.052786339999962, -29.772504719999958 ], [ -57.052822029999959, -29.772500539999953 ], [ -57.052823049999958, -29.772500359999942 ], [ -57.05283406999996, -29.772497609999949 ], [ -57.052848429999969, -29.77249413999996 ], [ -57.052854579999959, -29.772492649999961 ], [ -57.05288292999996, -29.77248674999996 ], [ -57.052917389999962, -29.772479439999948 ], [ -57.052956209999962, -29.772471369999955 ], [ -57.052996309999962, -29.772463709999954 ], [ -57.05303715999996, -29.772455689999958 ], [ -57.053077059999957, -29.77244755999995 ], [ -57.053113599999961, -29.77244 ], [ -57.05314501999996, -29.772433159999949 ], [ -57.053193559999961, -29.772422269999947 ], [ -57.053198579999957, -29.772421079999955 ], [ -57.053208699999956, -29.772418719999955 ], [ -57.053228759999961, -29.77241388999996 ], [ -57.053260989999956, -29.772406049999951 ], [ -57.053298599999962, -29.772396819999948 ], [ -57.053346599999962, -29.772384719999948 ], [ -57.053405249999962, -29.772368439999951 ], [ -57.053477239999957, -29.772347779999947 ], [ -57.053560199999957, -29.772322899999956 ], [ -57.053654909999956, -29.772294319999951 ], [ -57.053757639999958, -29.77226343999995 ], [ -57.053866129999967, -29.77223084999995 ], [ -57.05397775999996, -29.772198629999945 ], [ -57.054091709999959, -29.772167009999951 ], [ -57.05420705999996, -29.772136699999951 ], [ -57.054324829999963, -29.772105579999955 ], [ -57.054440939999957, -29.772076139999967 ], [ -57.054556379999958, -29.772047309999959 ], [ -57.054672489999959, -29.772019639999957 ], [ -57.054788459999962, -29.771992839999957 ], [ -57.054904959999959, -29.77196540999995 ], [ -57.05501677999996, -29.771936129999958 ], [ -57.055135109999959, -29.771910709999961 ], [ -57.055369429999956, -29.771856549999967 ], [ -57.055490379999959, -29.771831309999957 ], [ -57.055717969999961, -29.771784569999959 ], [ -57.055833879999959, -29.771768289999947 ], [ -57.056147649999964, -29.771644559999949 ], [ -57.056562319999962, -29.771559079999957 ], [ -57.057153219999961, -29.771427939999953 ], [ -57.058147439999956, -29.771146239999958 ] ] ] } },
{ "type": "Feature", "properties": { "ds_local_i": "ENTR BR-290/293/472 (URUGUAIANA)", "ds_local_f": "ENTR BR-290/293/472", "ds_legenda": "Pavimentada", "sg_legenda": "PAV", "ds_jurisdi": "Federal", "km_dentro_area_estudo": 1.33, "rodovia": "BR-472", "divergencia_osm": false }, "geometry": { "type": "MultiLineString", "coordinates": [ [ [ -57.059302809999963, -29.759801729999953 ], [ -57.059646049999962, -29.760188649999961 ], [ -57.059711769999957, -29.760238829999949 ], [ -57.059762619999958, -29.760298869999954 ], [ -57.059797539999963, -29.760365969999956 ], [ -57.059815549999961, -29.760439549999955 ], [ -57.059815759999957, -29.760516 ], [ -57.05979710999997, -29.760590899999954 ], [ -57.059760369999957, -29.760662579999956 ], [ -57.059708549999961, -29.760729249999951 ], [ -57.059641549999959, -29.760789829999958 ], [ -57.059562359999958, -29.760844009999968 ], [ -57.059475449999958, -29.760896059999954 ], [ -57.059383519999962, -29.760948929999948 ], [ -57.05928954999996, -29.761005679999951 ], [ -57.059194749999961, -29.761066749999944 ], [ -57.059100809999961, -29.761131459999941 ], [ -57.05900915999996, -29.76119880999995 ], [ -57.058921249999962, -29.761269569999957 ], [ -57.058838799999961, -29.761344 ], [ -57.058762519999959, -29.761422329999959 ], [ -57.05869107999996, -29.76150521999995 ], [ -57.058625259999957, -29.761592219999958 ], [ -57.058565369999961, -29.761682549999954 ], [ -57.058511419999959, -29.761774449999958 ], [ -57.058462339999963, -29.761867679999948 ], [ -57.058418409999959, -29.761964459999952 ], [ -57.058381649999959, -29.76206525999995 ], [ -57.058353199999956, -29.76216723999995 ], [ -57.058329759999957, -29.762271289999951 ], [ -57.05831012999996, -29.762377179999959 ], [ -57.058293659999961, -29.762483589999956 ], [ -57.05827955999996, -29.762590569999951 ], [ -57.058268319999961, -29.762697269999954 ], [ -57.058259579999962, -29.762804579999951 ], [ -57.058253149999956, -29.762913 ], [ -57.058250429999958, -29.763022429999971 ], [ -57.058251879999958, -29.763121559999956 ], [ -57.058252049999957, -29.76313257999994 ], [ -57.058254509999962, -29.763244099999948 ], [ -57.058256429999958, -29.763357 ], [ -57.058257619999956, -29.763472819999954 ], [ -57.058257269999956, -29.763592319999955 ], [ -57.058255549999956, -29.763714889999946 ], [ -57.058253789999966, -29.763835099999952 ], [ -57.05825241999996, -29.763957179999959 ], [ -57.058251499999962, -29.764082929999955 ], [ -57.058251269999957, -29.764209579999957 ], [ -57.058251039999959, -29.764337959999953 ], [ -57.058249939999961, -29.76446781999995 ], [ -57.058249159999967, -29.764598439999943 ], [ -57.05824700999996, -29.764730199999953 ], [ -57.058245689999957, -29.764863199999954 ], [ -57.058243899999958, -29.764996339999957 ], [ -57.058241729999956, -29.765130919999951 ], [ -57.058240719999965, -29.765265629999956 ], [ -57.058239109999967, -29.765401139999952 ], [ -57.058236659999956, -29.765536039999954 ], [ -57.058234419999962, -29.765669139999957 ], [ -57.05823275999996, -29.765798669999949 ], [ -57.058231589999956, -29.765924849999958 ], [ -57.058230859999959, -29.766047189999949 ], [ -57.058230329999958, -29.766167159999956 ], [ -57.058230339999959, -29.766285399999951 ], [ -57.058230209999962, -29.766400659999945 ], [ -57.058229159999961, -29.76651266999994 ], [ -57.058227979999963, -29.766620829999962 ], [ -57.058227069999958, -29.766726739999942 ], [ -57.058226089999962, -29.76683064999995 ], [ -57.058224729999957, -29.766931169999957 ], [ -57.058223889999958, -29.767028169999964 ], [ -57.058223969999958, -29.767123159999944 ], [ -57.058224139999957, -29.767215909999955 ], [ -57.058224859999967, -29.767303819999949 ], [ -57.058225949999958, -29.767386779999963 ], [ -57.05822880999996, -29.767465269999953 ], [ -57.058232119999957, -29.767538759999958 ], [ -57.05823635999996, -29.767605969999952 ], [ -57.05824013999996, -29.76766427999997 ], [ -57.058241309999964, -29.767714199999965 ], [ -57.05824263999996, -29.767756449999954 ], [ -57.058242509999957, -29.767792629999949 ], [ -57.058241709999962, -29.767819949999943 ], [ -57.058241659999958, -29.767835379999958 ], [ -57.058240289999958, -29.767853039999949 ], [ -57.058240069999961, -29.767853399999954 ], [ -57.058240009999956, -29.767860549999948 ], [ -57.058239159999957, -29.767874149999955 ], [ -57.058237429999956, -29.767892899999964 ], [ -57.058234459999959, -29.767916159999956 ], [ -57.058229639999958, -29.767943719999952 ], [ -57.058224199999962, -29.767969739999955 ], [ -57.058219489999956, -29.76799843999996 ], [ -57.058216769999959, -29.768028159999961 ], [ -57.058215689999962, -29.76805692999995 ], [ -57.058215029999957, -29.76808228999996 ], [ -57.058214069999956, -29.768103179999947 ], [ -57.058213629999962, -29.768117739999962 ], [ -57.058213579999958, -29.768119359999965 ], [ -57.058213239999958, -29.768135979999954 ], [ -57.058212649999959, -29.768155059999955 ], [ -57.058212239999961, -29.768173179999952 ], [ -57.058211789999966, -29.768193479999947 ], [ -57.05821188999996, -29.768224469999954 ], [ -57.058212119999958, -29.768264339999959 ], [ -57.058212299999958, -29.768307469999957 ], [ -57.05821291999996, -29.768349819999958 ], [ -57.058213, -29.76839062999996 ], [ -57.058213039999956, -29.768425789999963 ], [ -57.05821282999996, -29.768454189999961 ], [ -57.058213029999962, -29.768475439999964 ], [ -57.058212539999957, -29.768493149999955 ], [ -57.058212599999969, -29.76849462999995 ], [ -57.058213159999958, -29.768507869999951 ], [ -57.058212869999956, -29.768527599999956 ], [ -57.058213249999959, -29.768556209999961 ], [ -57.058211819999961, -29.768597739999954 ], [ -57.058210459999962, -29.76865383999996 ], [ -57.058208529999959, -29.768713329999951 ], [ -57.058206149999961, -29.768780159999949 ], [ -57.058203099999957, -29.768852259999953 ], [ -57.058200109999959, -29.768928279999958 ], [ -57.058196379999956, -29.769005539999952 ], [ -57.058192859999956, -29.769081649999951 ], [ -57.058187909999958, -29.769156109999955 ], [ -57.058183019999959, -29.769229949999957 ], [ -57.05817667999996, -29.769303869999948 ], [ -57.058170419999961, -29.769375429999947 ], [ -57.058164759999961, -29.769443989999942 ], [ -57.058161759999969, -29.769507639999954 ], [ -57.058160419999957, -29.769568 ], [ -57.058159889999956, -29.769625379999951 ], [ -57.058159459999956, -29.769681689999956 ], [ -57.058159039999957, -29.76973601999995 ], [ -57.058158499999962, -29.769789659999955 ], [ -57.058157839999957, -29.769841909999965 ], [ -57.058157539999968, -29.769893519999961 ], [ -57.058156829999959, -29.769944979999963 ], [ -57.058156019999956, -29.769997139999951 ], [ -57.058155259999957, -29.770050499999957 ], [ -57.058154589999958, -29.770105049999948 ], [ -57.058153959999956, -29.770160779999962 ], [ -57.058153049999959, -29.770216579999968 ], [ -57.058152589999956, -29.770271879999957 ], [ -57.058152529999958, -29.77032816999996 ], [ -57.058152079999957, -29.770384949999944 ], [ -57.058151969999962, -29.770442939999963 ], [ -57.058151379999956, -29.770501219999954 ], [ -57.058150859999962, -29.770560019999952 ], [ -57.058150019999957, -29.77061808999996 ], [ -57.058149109999967, -29.770675229999952 ], [ -57.058148899999956, -29.770731129999959 ], [ -57.058148209999956, -29.770786279999964 ], [ -57.058148179999961, -29.770841209999961 ], [ -57.05814773999996, -29.770894929999951 ], [ -57.058147439999956, -29.771146239999958 ] ] ] } },
{ "type": "Feature", "properties": { "ds_local_i": "ENTR BR-290/293/472", "ds_local_f": "ENTR BR-290/293/472 (URUGUAIANA)", "ds_legenda": "Pavimentada", "sg_legenda": "PAV", "ds_jurisdi": "Federal", "km_dentro_area_estudo": 1.33, "rodovia": "BR-293", "divergencia_osm": false }, "geometry": { "type": "MultiLineString", "coordinates": [ [ [ -57.058147439999956, -29.771146239999958 ], [ -57.05814773999996, -29.770894929999951 ], [ -57.058148179999961, -29.770841209999961 ], [ -57.058148209999956, -29.770786279999964 ], [ -57.058148899999956, -29.770731129999959 ], [ -57.058149109999967, -29.770675229999952 ], [ -57.058150019999957, -29.77061808999996 ], [ -57.058150859999962, -29.770560019999952 ], [ -57.058151379999956, -29.770501219999954 ], [ -57.058151969999962, -29.770442939999963 ], [ -57.058152079999957, -29.770384949999944 ], [ -57.058152529999958, -29.77032816999996 ], [ -57.058152589999956, -29.770271879999957 ], [ -57.058153049999959, -29.770216579999968 ], [ -57.058153959999956, -29.770160779999962 ], [ -57.058154589999958, -29.770105049999948 ], [ -57.058155259999957, -29.770050499999957 ], [ -57.058156019999956, -29.769997139999951 ], [ -57.058156829999959, -29.769944979999963 ], [ -57.058157539999968, -29.769893519999961 ], [ -57.058157839999957, -29.769841909999965 ], [ -57.058158499999962, -29.769789659999955 ], [ -57.058159039999957, -29.76973601999995 ], [ -57.058159459999956, -29.769681689999956 ], [ -57.058159889999956, -29.769625379999951 ], [ -57.058160419999957, -29.769568 ], [ -57.058161759999969, -29.769507639999954 ], [ -57.058164759999961, -29.769443989999942 ], [ -57.058170419999961, -29.769375429999947 ], [ -57.05817667999996, -29.769303869999948 ], [ -57.058183019999959, -29.769229949999957 ], [ -57.058187909999958, -29.769156109999955 ], [ -57.058192859999956, -29.769081649999951 ], [ -57.058196379999956, -29.769005539999952 ], [ -57.058200109999959, -29.768928279999958 ], [ -57.058203099999957, -29.768852259999953 ], [ -57.058206149999961, -29.768780159999949 ], [ -57.058208529999959, -29.768713329999951 ], [ -57.058210459999962, -29.76865383999996 ], [ -57.058211819999961, -29.768597739999954 ], [ -57.058213249999959, -29.768556209999961 ], [ -57.058212869999956, -29.768527599999956 ], [ -57.058213159999958, -29.768507869999951 ], [ -57.058212599999969, -29.76849462999995 ], [ -57.058212539999957, -29.768493149999955 ], [ -57.058213029999962, -29.768475439999964 ], [ -57.05821282999996, -29.768454189999961 ], [ -57.058213039999956, -29.768425789999963 ], [ -57.058213, -29.76839062999996 ], [ -57.05821291999996, -29.768349819999958 ], [ -57.058212299999958, -29.768307469999957 ], [ -57.058212119999958, -29.768264339999959 ], [ -57.05821188999996, -29.768224469999954 ], [ -57.058211789999966, -29.768193479999947 ], [ -57.058212239999961, -29.768173179999952 ], [ -57.058212649999959, -29.768155059999955 ], [ -57.058213239999958, -29.768135979999954 ], [ -57.058213579999958, -29.768119359999965 ], [ -57.058213629999962, -29.768117739999962 ], [ -57.058214069999956, -29.768103179999947 ], [ -57.058215029999957, -29.76808228999996 ], [ -57.058215689999962, -29.76805692999995 ], [ -57.058216769999959, -29.768028159999961 ], [ -57.058219489999956, -29.76799843999996 ], [ -57.058224199999962, -29.767969739999955 ], [ -57.058229639999958, -29.767943719999952 ], [ -57.058234459999959, -29.767916159999956 ], [ -57.058237429999956, -29.767892899999964 ], [ -57.058239159999957, -29.767874149999955 ], [ -57.058240009999956, -29.767860549999948 ], [ -57.058240069999961, -29.767853399999954 ], [ -57.058240289999958, -29.767853039999949 ], [ -57.058241659999958, -29.767835379999958 ], [ -57.058241709999962, -29.767819949999943 ], [ -57.058242509999957, -29.767792629999949 ], [ -57.05824263999996, -29.767756449999954 ], [ -57.058241309999964, -29.767714199999965 ], [ -57.05824013999996, -29.76766427999997 ], [ -57.05823635999996, -29.767605969999952 ], [ -57.058232119999957, -29.767538759999958 ], [ -57.05822880999996, -29.767465269999953 ], [ -57.058225949999958, -29.767386779999963 ], [ -57.058224859999967, -29.767303819999949 ], [ -57.058224139999957, -29.767215909999955 ], [ -57.058223969999958, -29.767123159999944 ], [ -57.058223889999958, -29.767028169999964 ], [ -57.058224729999957, -29.766931169999957 ], [ -57.058226089999962, -29.76683064999995 ], [ -57.058227069999958, -29.766726739999942 ], [ -57.058227979999963, -29.766620829999962 ], [ -57.058229159999961, -29.76651266999994 ], [ -57.058230209999962, -29.766400659999945 ], [ -57.058230339999959, -29.766285399999951 ], [ -57.058230329999958, -29.766167159999956 ], [ -57.058230859999959, -29.766047189999949 ], [ -57.058231589999956, -29.765924849999958 ], [ -57.05823275999996, -29.765798669999949 ], [ -57.058234419999962, -29.765669139999957 ], [ -57.058236659999956, -29.765536039999954 ], [ -57.058239109999967, -29.765401139999952 ], [ -57.058240719999965, -29.765265629999956 ], [ -57.058241729999956, -29.765130919999951 ], [ -57.058243899999958, -29.764996339999957 ], [ -57.058245689999957, -29.764863199999954 ], [ -57.05824700999996, -29.764730199999953 ], [ -57.058249159999967, -29.764598439999943 ], [ -57.058249939999961, -29.76446781999995 ], [ -57.058251039999959, -29.764337959999953 ], [ -57.058251269999957, -29.764209579999957 ], [ -57.058251499999962, -29.764082929999955 ], [ -57.05825241999996, -29.763957179999959 ], [ -57.058253789999966, -29.763835099999952 ], [ -57.058255549999956, -29.763714889999946 ], [ -57.058257269999956, -29.763592319999955 ], [ -57.058257619999956, -29.763472819999954 ], [ -57.058256429999958, -29.763357 ], [ -57.058254509999962, -29.763244099999948 ], [ -57.058252049999957, -29.76313257999994 ], [ -57.058251879999958, -29.763121559999956 ], [ -57.058250429999958, -29.763022429999971 ], [ -57.058253149999956, -29.762913 ], [ -57.058259579999962, -29.762804579999951 ], [ -57.058268319999961, -29.762697269999954 ], [ -57.05827955999996, -29.762590569999951 ], [ -57.058293659999961, -29.762483589999956 ], [ -57.05831012999996, -29.762377179999959 ], [ -57.058329759999957, -29.762271289999951 ], [ -57.058353199999956, -29.76216723999995 ], [ -57.058381649999959, -29.76206525999995 ], [ -57.058418409999959, -29.761964459999952 ], [ -57.058462339999963, -29.761867679999948 ], [ -57.058511419999959, -29.761774449999958 ], [ -57.058565369999961, -29.761682549999954 ], [ -57.058625259999957, -29.761592219999958 ], [ -57.05869107999996, -29.76150521999995 ], [ -57.058762519999959, -29.761422329999959 ], [ -57.058838799999961, -29.761344 ], [ -57.058921249999962, -29.761269569999957 ], [ -57.05900915999996, -29.76119880999995 ], [ -57.059100809999961, -29.761131459999941 ], [ -57.059194749999961, -29.761066749999944 ], [ -57.05928954999996, -29.761005679999951 ], [ -57.059383519999962, -29.760948929999948 ], [ -57.059475449999958, -29.760896059999954 ], [ -57.059562359999958, -29.760844009999968 ], [ -57.059641549999959, -29.760789829999958 ], [ -57.059708549999961, -29.760729249999951 ], [ -57.059760369999957, -29.760662579999956 ], [ -57.05979710999997, -29.760590899999954 ], [ -57.059815759999957, -29.760516 ], [ -57.059815549999961, -29.760439549999955 ], [ -57.059797539999963, -29.760365969999956 ], [ -57.059762619999958, -29.760298869999954 ], [ -57.059711769999957, -29.760238829999949 ], [ -57.059646049999962, -29.760188649999961 ], [ -57.059302809999963, -29.759801729999953 ] ] ] } },
{ "type": "Feature", "properties": { "ds_local_i": "ENTR BR-290/293/472", "ds_local_f": "ENTR BR-290/293/472 (URUGUAIANA)", "ds_legenda": "Pavimentada", "sg_legenda": "PAV", "ds_jurisdi": "Federal", "km_dentro_area_estudo": 1.33, "rodovia": "BR-290", "divergencia_osm": false }, "geometry": { "type": "MultiLineString", "coordinates": [ [ [ -57.058147439999956, -29.771146239999958 ], [ -57.05814773999996, -29.770894929999951 ], [ -57.058148179999961, -29.770841209999961 ], [ -57.058148209999956, -29.770786279999964 ], [ -57.058148899999956, -29.770731129999959 ], [ -57.058149109999967, -29.770675229999952 ], [ -57.058150019999957, -29.77061808999996 ], [ -57.058150859999962, -29.770560019999952 ], [ -57.058151379999956, -29.770501219999954 ], [ -57.058151969999962, -29.770442939999963 ], [ -57.058152079999957, -29.770384949999944 ], [ -57.058152529999958, -29.77032816999996 ], [ -57.058152589999956, -29.770271879999957 ], [ -57.058153049999959, -29.770216579999968 ], [ -57.058153959999956, -29.770160779999962 ], [ -57.058154589999958, -29.770105049999948 ], [ -57.058155259999957, -29.770050499999957 ], [ -57.058156019999956, -29.769997139999951 ], [ -57.058156829999959, -29.769944979999963 ], [ -57.058157539999968, -29.769893519999961 ], [ -57.058157839999957, -29.769841909999965 ], [ -57.058158499999962, -29.769789659999955 ], [ -57.058159039999957, -29.76973601999995 ], [ -57.058159459999956, -29.769681689999956 ], [ -57.058159889999956, -29.769625379999951 ], [ -57.058160419999957, -29.769568 ], [ -57.058161759999969, -29.769507639999954 ], [ -57.058164759999961, -29.769443989999942 ], [ -57.058170419999961, -29.769375429999947 ], [ -57.05817667999996, -29.769303869999948 ], [ -57.058183019999959, -29.769229949999957 ], [ -57.058187909999958, -29.769156109999955 ], [ -57.058192859999956, -29.769081649999951 ], [ -57.058196379999956, -29.769005539999952 ], [ -57.058200109999959, -29.768928279999958 ], [ -57.058203099999957, -29.768852259999953 ], [ -57.058206149999961, -29.768780159999949 ], [ -57.058208529999959, -29.768713329999951 ], [ -57.058210459999962, -29.76865383999996 ], [ -57.058211819999961, -29.768597739999954 ], [ -57.058213249999959, -29.768556209999961 ], [ -57.058212869999956, -29.768527599999956 ], [ -57.058213159999958, -29.768507869999951 ], [ -57.058212599999969, -29.76849462999995 ], [ -57.058212539999957, -29.768493149999955 ], [ -57.058213029999962, -29.768475439999964 ], [ -57.05821282999996, -29.768454189999961 ], [ -57.058213039999956, -29.768425789999963 ], [ -57.058213, -29.76839062999996 ], [ -57.05821291999996, -29.768349819999958 ], [ -57.058212299999958, -29.768307469999957 ], [ -57.058212119999958, -29.768264339999959 ], [ -57.05821188999996, -29.768224469999954 ], [ -57.058211789999966, -29.768193479999947 ], [ -57.058212239999961, -29.768173179999952 ], [ -57.058212649999959, -29.768155059999955 ], [ -57.058213239999958, -29.768135979999954 ], [ -57.058213579999958, -29.768119359999965 ], [ -57.058213629999962, -29.768117739999962 ], [ -57.058214069999956, -29.768103179999947 ], [ -57.058215029999957, -29.76808228999996 ], [ -57.058215689999962, -29.76805692999995 ], [ -57.058216769999959, -29.768028159999961 ], [ -57.058219489999956, -29.76799843999996 ], [ -57.058224199999962, -29.767969739999955 ], [ -57.058229639999958, -29.767943719999952 ], [ -57.058234459999959, -29.767916159999956 ], [ -57.058237429999956, -29.767892899999964 ], [ -57.058239159999957, -29.767874149999955 ], [ -57.058240009999956, -29.767860549999948 ], [ -57.058240069999961, -29.767853399999954 ], [ -57.058240289999958, -29.767853039999949 ], [ -57.058241659999958, -29.767835379999958 ], [ -57.058241709999962, -29.767819949999943 ], [ -57.058242509999957, -29.767792629999949 ], [ -57.05824263999996, -29.767756449999954 ], [ -57.058241309999964, -29.767714199999965 ], [ -57.05824013999996, -29.76766427999997 ], [ -57.05823635999996, -29.767605969999952 ], [ -57.058232119999957, -29.767538759999958 ], [ -57.05822880999996, -29.767465269999953 ], [ -57.058225949999958, -29.767386779999963 ], [ -57.058224859999967, -29.767303819999949 ], [ -57.058224139999957, -29.767215909999955 ], [ -57.058223969999958, -29.767123159999944 ], [ -57.058223889999958, -29.767028169999964 ], [ -57.058224729999957, -29.766931169999957 ], [ -57.058226089999962, -29.76683064999995 ], [ -57.058227069999958, -29.766726739999942 ], [ -57.058227979999963, -29.766620829999962 ], [ -57.058229159999961, -29.76651266999994 ], [ -57.058230209999962, -29.766400659999945 ], [ -57.058230339999959, -29.766285399999951 ], [ -57.058230329999958, -29.766167159999956 ], [ -57.058230859999959, -29.766047189999949 ], [ -57.058231589999956, -29.765924849999958 ], [ -57.05823275999996, -29.765798669999949 ], [ -57.058234419999962, -29.765669139999957 ], [ -57.058236659999956, -29.765536039999954 ], [ -57.058239109999967, -29.765401139999952 ], [ -57.058240719999965, -29.765265629999956 ], [ -57.058241729999956, -29.765130919999951 ], [ -57.058243899999958, -29.764996339999957 ], [ -57.058245689999957, -29.764863199999954 ], [ -57.05824700999996, -29.764730199999953 ], [ -57.058249159999967, -29.764598439999943 ], [ -57.058249939999961, -29.76446781999995 ], [ -57.058251039999959, -29.764337959999953 ], [ -57.058251269999957, -29.764209579999957 ], [ -57.058251499999962, -29.764082929999955 ], [ -57.05825241999996, -29.763957179999959 ], [ -57.058253789999966, -29.763835099999952 ], [ -57.058255549999956, -29.763714889999946 ], [ -57.058257269999956, -29.763592319999955 ], [ -57.058257619999956, -29.763472819999954 ], [ -57.058256429999958, -29.763357 ], [ -57.058254509999962, -29.763244099999948 ], [ -57.058252049999957, -29.76313257999994 ], [ -57.058251879999958, -29.763121559999956 ], [ -57.058250429999958, -29.763022429999971 ], [ -57.058253149999956, -29.762913 ], [ -57.058259579999962, -29.762804579999951 ], [ -57.058268319999961, -29.762697269999954 ], [ -57.05827955999996, -29.762590569999951 ], [ -57.058293659999961, -29.762483589999956 ], [ -57.05831012999996, -29.762377179999959 ], [ -57.058329759999957, -29.762271289999951 ], [ -57.058353199999956, -29.76216723999995 ], [ -57.058381649999959, -29.76206525999995 ], [ -57.058418409999959, -29.761964459999952 ], [ -57.058462339999963, -29.761867679999948 ], [ -57.058511419999959, -29.761774449999958 ], [ -57.058565369999961, -29.761682549999954 ], [ -57.058625259999957, -29.761592219999958 ], [ -57.05869107999996, -29.76150521999995 ], [ -57.058762519999959, -29.761422329999959 ], [ -57.058838799999961, -29.761344 ], [ -57.058921249999962, -29.761269569999957 ], [ -57.05900915999996, -29.76119880999995 ], [ -57.059100809999961, -29.761131459999941 ], [ -57.059194749999961, -29.761066749999944 ], [ -57.05928954999996, -29.761005679999951 ], [ -57.059383519999962, -29.760948929999948 ], [ -57.059475449999958, -29.760896059999954 ], [ -57.059562359999958, -29.760844009999968 ], [ -57.059641549999959, -29.760789829999958 ], [ -57.059708549999961, -29.760729249999951 ], [ -57.059760369999957, -29.760662579999956 ], [ -57.05979710999997, -29.760590899999954 ], [ -57.059815759999957, -29.760516 ], [ -57.059815549999961, -29.760439549999955 ], [ -57.059797539999963, -29.760365969999956 ], [ -57.059762619999958, -29.760298869999954 ], [ -57.059711769999957, -29.760238829999949 ], [ -57.059646049999962, -29.760188649999961 ], [ -57.059302809999963, -29.759801729999953 ] ] ] } },
{ "type": "Feature", "properties": { "ds_local_i": "ENTR BR-290/293/472 (URUGUAIANA)", "ds_local_f": "ENTR BR-290/293 (FRONT BRASIL/ARGENTINA) (PONTE INTERNACIONAL)", "ds_legenda": "Pavimentada", "sg_legenda": "PAV", "ds_jurisdi": "Federal", "km_dentro_area_estudo": 4.15, "rodovia": "BR-293", "divergencia_osm": false }, "geometry": { "type": "MultiLineString", "coordinates": [ [ [ -57.059302809999963, -29.759801729999953 ], [ -57.059645429999961, -29.759300189999955 ], [ -57.059725369999967, -29.759200139999951 ], [ -57.059808169999968, -29.75910041999996 ], [ -57.059894529999958, -29.759001789999957 ], [ -57.059983959999961, -29.758904569999949 ], [ -57.060075739999959, -29.758808169999956 ], [ -57.060169559999956, -29.758711989999956 ], [ -57.060265499999957, -29.758616409999959 ], [ -57.060363959999961, -29.758521679999955 ], [ -57.060464199999956, -29.758427739999959 ], [ -57.06056463999996, -29.758333169999961 ], [ -57.060668199999959, -29.758240599999962 ], [ -57.060776099999956, -29.758150649999955 ], [ -57.060885549999959, -29.758062679999949 ], [ -57.060996719999956, -29.75797703999995 ], [ -57.061111059999959, -29.757893729999964 ], [ -57.061226939999962, -29.757812189999967 ], [ -57.061344179999956, -29.757731709999959 ], [ -57.061462749999961, -29.757653179999956 ], [ -57.061583269999957, -29.757576199999953 ], [ -57.061705269999962, -29.75750165999996 ], [ -57.061828259999956, -29.757428859999951 ], [ -57.061951729999961, -29.757357099999954 ], [ -57.062076689999962, -29.757286659999956 ], [ -57.062203869999962, -29.757217159999954 ], [ -57.06233471999996, -29.757148079999947 ], [ -57.062469169999957, -29.757079309999945 ], [ -57.062606139999957, -29.757011799999965 ], [ -57.062745329999956, -29.756944549999954 ], [ -57.062884309999959, -29.756878689999954 ], [ -57.063022619999963, -29.75681379999995 ], [ -57.06316281999996, -29.756747319999956 ], [ -57.06330554999996, -29.756679489999961 ], [ -57.063450569999965, -29.756610249999948 ], [ -57.063598329999962, -29.756539589999953 ], [ -57.063748829999959, -29.756467109999946 ], [ -57.063902079999956, -29.756393059999962 ], [ -57.064058239999959, -29.756318399999955 ], [ -57.064216159999958, -29.756243479999952 ], [ -57.064374919999956, -29.756168799999951 ], [ -57.064533969999964, -29.756093899999964 ], [ -57.064693239999961, -29.75601900999996 ], [ -57.064852389999956, -29.755943589999955 ], [ -57.065011609999956, -29.755867989999963 ], [ -57.065170639999963, -29.755792409999955 ], [ -57.065329249999969, -29.755716769999953 ], [ -57.065487909999959, -29.755641719999954 ], [ -57.065646249999958, -29.755566599999948 ], [ -57.065803789999961, -29.755490429999956 ], [ -57.065960759999967, -29.755412629999952 ], [ -57.066117529999957, -29.755333529999962 ], [ -57.066274169999957, -29.755253149999948 ], [ -57.06643006999996, -29.755170619999955 ], [ -57.066584919999961, -29.755085509999944 ], [ -57.066739849999962, -29.754998539999953 ], [ -57.066895, -29.754909749999957 ], [ -57.06704880999996, -29.754819439999949 ], [ -57.067202219999956, -29.754727699999961 ], [ -57.067354059999957, -29.754634669999952 ], [ -57.067504159999956, -29.754539299999959 ], [ -57.067652169999967, -29.754441659999948 ], [ -57.067798719999956, -29.754342659999956 ], [ -57.067943589999956, -29.75424218999995 ], [ -57.068086969999968, -29.754140589999956 ], [ -57.068229149999958, -29.754038039999955 ], [ -57.068370159999958, -29.753934839999953 ], [ -57.06850887999996, -29.753830589999946 ], [ -57.06864549999996, -29.75372418999995 ], [ -57.068780489999959, -29.753616509999958 ], [ -57.06891368999996, -29.753507349999953 ], [ -57.069045669999959, -29.753397019999955 ], [ -57.069176239999962, -29.753285269999964 ], [ -57.069305709999959, -29.753172479999947 ], [ -57.069433879999956, -29.753058729999964 ], [ -57.069560959999961, -29.752943979999959 ], [ -57.069686609999962, -29.752828189999956 ], [ -57.069810929999967, -29.752711669999965 ], [ -57.06993493999996, -29.752594849999952 ], [ -57.070058979999956, -29.752478529999955 ], [ -57.070183169999957, -29.752362009999953 ], [ -57.070306799999962, -29.752245569999957 ], [ -57.070430129999956, -29.752128869999964 ], [ -57.070553509999961, -29.752012369999953 ], [ -57.070676799999958, -29.751896449999951 ], [ -57.070799399999956, -29.751780929999956 ], [ -57.070921069999969, -29.751666059999948 ], [ -57.071043879999962, -29.751550059999953 ], [ -57.07116914999996, -29.751431209999957 ], [ -57.071297089999959, -29.75130973999995 ], [ -57.07142831999996, -29.751186229999949 ], [ -57.071562639999961, -29.751060829999961 ], [ -57.07169976999996, -29.750933379999946 ], [ -57.071839459999957, -29.75080380999994 ], [ -57.071981089999959, -29.750672249999948 ], [ -57.072123479999959, -29.750538519999957 ], [ -57.072266949999957, -29.750404 ], [ -57.072411209999956, -29.750268729999949 ], [ -57.072556199999966, -29.750132669999946 ], [ -57.072701029999962, -29.749995359999954 ], [ -57.072846609999957, -29.749857269999961 ], [ -57.072992619999965, -29.749719799999948 ], [ -57.073137229999958, -29.74958422999995 ], [ -57.073280379999957, -29.749451619999949 ], [ -57.073422729999962, -29.749322909999947 ], [ -57.073565149999958, -29.749198499999949 ], [ -57.073710749999968, -29.749080809999967 ], [ -57.073861289999961, -29.748970869999958 ], [ -57.074017269999956, -29.748869229999961 ], [ -57.074176989999962, -29.748772979999949 ], [ -57.074342199999961, -29.748681599999944 ], [ -57.074512719999959, -29.748596829999958 ], [ -57.074685329999959, -29.748519829999957 ], [ -57.074856729999958, -29.748451589999956 ], [ -57.07502532999996, -29.748391179999956 ], [ -57.075192379999969, -29.74833717999995 ], [ -57.075357359999963, -29.748290579999953 ], [ -57.075519179999958, -29.748249809999944 ], [ -57.075676579999957, -29.748214029999954 ], [ -57.075828969999961, -29.748183719999965 ], [ -57.075977409999958, -29.748158709999942 ], [ -57.076123179999961, -29.748138049999952 ], [ -57.076266629999957, -29.748121639999955 ], [ -57.076408149999956, -29.748110119999943 ], [ -57.076548529999961, -29.748103429999961 ], [ -57.076686739999957, -29.748101409999951 ], [ -57.076823889999957, -29.748100659999956 ], [ -57.076959649999957, -29.748100169999955 ], [ -57.077093559999966, -29.748099429999954 ], [ -57.077225919999961, -29.748098289999952 ], [ -57.077357349999957, -29.748096779999951 ], [ -57.077488169999967, -29.748095299999957 ], [ -57.077617349999962, -29.748094209999948 ], [ -57.07774450999996, -29.748093599999955 ], [ -57.077868709999962, -29.748093679999954 ], [ -57.077989579999958, -29.748093539999953 ], [ -57.078105599999958, -29.748091889999959 ], [ -57.078212509999965, -29.748092329999945 ], [ -57.078311219999961, -29.748090309999956 ], [ -57.078405029999956, -29.748088379999956 ], [ -57.078496559999962, -29.748091049999957 ], [ -57.078588969999956, -29.748092639999953 ], [ -57.078682759999957, -29.748092829999948 ], [ -57.078778369999959, -29.748091779999953 ], [ -57.078874969999966, -29.748090869999952 ], [ -57.078969889999961, -29.74809 ], [ -57.079059119999961, -29.74808949999996 ], [ -57.079141, -29.748088419999959 ], [ -57.079218169999969, -29.748085139999951 ], [ -57.079294629999957, -29.748078529999951 ], [ -57.079370849999961, -29.748065219999948 ], [ -57.07944614999996, -29.748043399999951 ], [ -57.079518569999962, -29.748013319999956 ], [ -57.079588629999961, -29.747979789999949 ], [ -57.079657799999957, -29.747949409999954 ], [ -57.079728749999958, -29.747925609999957 ], [ -57.079802519999959, -29.747908219999946 ], [ -57.079878639999961, -29.747896439999959 ], [ -57.079957779999965, -29.747888419999956 ], [ -57.080039489999962, -29.747883509999948 ], [ -57.080123829999962, -29.747880639999948 ], [ -57.080210909999963, -29.74787922999996 ], [ -57.080301089999956, -29.747878639999954 ], [ -57.080394469999959, -29.747878079999957 ], [ -57.080490419999961, -29.747877379999952 ], [ -57.080588789999958, -29.74787648999995 ], [ -57.080689329999956, -29.747875929999953 ], [ -57.080791729999959, -29.747875739999952 ], [ -57.080894899999969, -29.747875859999947 ], [ -57.080997979999957, -29.747875339999961 ], [ -57.08110141999996, -29.74787459999996 ], [ -57.081204949999957, -29.747873459999941 ], [ -57.081307389999964, -29.74787248999996 ], [ -57.081408829999958, -29.747871699999958 ], [ -57.081509049999958, -29.747871149999945 ], [ -57.081608059999958, -29.747870619999951 ], [ -57.081704709999961, -29.747870069999969 ], [ -57.0818, -29.747869229999957 ], [ -57.081894729999959, -29.747867859999946 ], [ -57.08198868999996, -29.747866069999954 ], [ -57.082081829999957, -29.747863449999951 ], [ -57.082174049999956, -29.747861389999962 ], [ -57.082264929999958, -29.747859539999951 ], [ -57.082354069999958, -29.747857099999955 ], [ -57.082441449999969, -29.747854129999951 ], [ -57.082526919999957, -29.747850429999961 ], [ -57.082610639999956, -29.747847319999963 ], [ -57.082693339999956, -29.747846609999964 ], [ -57.082775189999957, -29.747848039999951 ], [ -57.082855359999968, -29.747851069999953 ], [ -57.082932149999962, -29.747854369999956 ], [ -57.083002009999959, -29.747856619999947 ], [ -57.083059629999958, -29.747859139999971 ], [ -57.083109959999959, -29.747860669999955 ], [ -57.08315032999996, -29.747863069999955 ], [ -57.083203949999962, -29.747867939999949 ], [ -57.083227779999959, -29.747868839999949 ], [ -57.083254729999958, -29.747870449999954 ], [ -57.083406689999961, -29.747868319999956 ], [ -57.083414049999959, -29.747865949999955 ], [ -57.083418399999957, -29.747862759999954 ], [ -57.083430449999959, -29.747847839999952 ], [ -57.083435319999957, -29.74784531999995 ], [ -57.083451169999961, -29.747852239999961 ], [ -57.083466599999959, -29.747854 ], [ -57.083492169999957, -29.747844789999956 ], [ -57.083916849999966, -29.747874949999957 ], [ -57.083935399999959, -29.747889159999961 ], [ -57.083975019999961, -29.747881139999965 ], [ -57.083985179999956, -29.747880679999948 ], [ -57.084005189999957, -29.747880359999957 ], [ -57.084037249999959, -29.747879789999949 ], [ -57.084078019999957, -29.747879449999957 ], [ -57.084119989999969, -29.747879579999957 ], [ -57.084168329999962, -29.747879479999948 ], [ -57.084223119999962, -29.747878939999953 ], [ -57.084278869999956, -29.747879139999949 ], [ -57.084337949999956, -29.747879859999955 ], [ -57.084401859999957, -29.747879959999967 ], [ -57.084468389999962, -29.74788055999996 ], [ -57.084537359999956, -29.747881809999956 ], [ -57.08460661999996, -29.747882989999955 ], [ -57.084677019999958, -29.747883959999964 ], [ -57.084750079999964, -29.74788352999996 ], [ -57.084824769999962, -29.74788323999995 ], [ -57.085430039999956, -29.74796218999996 ], [ -57.085990129999956, -29.74813905999995 ], [ -57.086373339999959, -29.748345409999949 ], [ -57.086923609999957, -29.748915319999949 ], [ -57.08734254999996, -29.749297389999953 ], [ -57.087542649999961, -29.74915114999996 ], [ -57.087709689999961, -29.748954629999957 ], [ -57.087837429999958, -29.748807239999952 ], [ -57.088014299999962, -29.748512449999954 ], [ -57.088114589999961, -29.748360169999959 ], [ -57.088353359999957, -29.748090079999962 ], [ -57.088405299999962, -29.748035669999961 ], [ -57.088458469999956, -29.747979529999959 ], [ -57.088515929999957, -29.747918219999967 ], [ -57.08857770999996, -29.747852369999951 ], [ -57.088644879999968, -29.747781409999952 ], [ -57.088715269999959, -29.747706389999955 ], [ -57.088790299999957, -29.747626839999953 ], [ -57.088869159999959, -29.747543579999952 ], [ -57.08895031999996, -29.747459309999961 ], [ -57.08903147999996, -29.747374579999963 ], [ -57.089113549999958, -29.747286579999948 ], [ -57.089198449999969, -29.747196029999952 ], [ -57.08928489999996, -29.747105159999951 ], [ -57.089372499999961, -29.747011969999964 ], [ -57.089461649999969, -29.746917879999959 ], [ -57.089552349999963, -29.746822709999957 ], [ -57.089644129999961, -29.746726969999955 ], [ -57.08973668999996, -29.746630119999956 ], [ -57.089828869999963, -29.74653205999995 ], [ -57.089921529999963, -29.746433019999955 ], [ -57.09001492999996, -29.74633367999996 ], [ -57.090109279999957, -29.74623431999996 ], [ -57.090204849999957, -29.746134969999957 ], [ -57.090300759999963, -29.74603452999996 ], [ -57.090396859999956, -29.745933939999954 ], [ -57.090492029999957, -29.745832909999958 ], [ -57.090587599999957, -29.745731379999949 ], [ -57.090683659999961, -29.745629789999963 ], [ -57.090780369999962, -29.745527539999955 ], [ -57.090877279999958, -29.745425189999963 ], [ -57.090974829999965, -29.745322129999959 ], [ -57.091072489999966, -29.745219519999949 ], [ -57.091170339999969, -29.745116109999948 ], [ -57.091267919999957, -29.745012899999953 ], [ -57.09136550999996, -29.744911029999958 ], [ -57.091462339999957, -29.744809259999954 ], [ -57.091558409999962, -29.744708019999948 ], [ -57.091653909999962, -29.744607389999956 ], [ -57.091749129999961, -29.744507749999944 ], [ -57.091843279999956, -29.744408459999967 ], [ -57.091937509999958, -29.744310639999963 ], [ -57.092029359999962, -29.744213709999947 ], [ -57.092120519999966, -29.744117199999948 ], [ -57.09221103999996, -29.744020589999948 ], [ -57.092300969999968, -29.743923799999948 ], [ -57.092391849999956, -29.74382725999995 ], [ -57.092483539999961, -29.743730589999959 ], [ -57.092575829999966, -29.743633679999952 ], [ -57.09266893999996, -29.743535299999952 ], [ -57.092762549999961, -29.743436379999952 ], [ -57.092855859999958, -29.743337719999957 ], [ -57.092948749999969, -29.743239589999959 ], [ -57.093040719999962, -29.743142069999958 ], [ -57.09313188999996, -29.743046449999955 ] ] ] } },
{ "type": "Feature", "properties": { "ds_local_i": "ENTR BR-290/293/472 (URUGUAIANA)", "ds_local_f": "ENTR BR-290/293 (FRONT BRASIL/ARGENTINA) (PONTE INTERNACIONAL)", "ds_legenda": "Pavimentada", "sg_legenda": "PAV", "ds_jurisdi": "Federal", "km_dentro_area_estudo": 4.15, "rodovia": "BR-290", "divergencia_osm": false }, "geometry": { "type": "MultiLineString", "coordinates": [ [ [ -57.059302809999963, -29.759801729999953 ], [ -57.059645429999961, -29.759300189999955 ], [ -57.059725369999967, -29.759200139999951 ], [ -57.059808169999968, -29.75910041999996 ], [ -57.059894529999958, -29.759001789999957 ], [ -57.059983959999961, -29.758904569999949 ], [ -57.060075739999959, -29.758808169999956 ], [ -57.060169559999956, -29.758711989999956 ], [ -57.060265499999957, -29.758616409999959 ], [ -57.060363959999961, -29.758521679999955 ], [ -57.060464199999956, -29.758427739999959 ], [ -57.06056463999996, -29.758333169999961 ], [ -57.060668199999959, -29.758240599999962 ], [ -57.060776099999956, -29.758150649999955 ], [ -57.060885549999959, -29.758062679999949 ], [ -57.060996719999956, -29.75797703999995 ], [ -57.061111059999959, -29.757893729999964 ], [ -57.061226939999962, -29.757812189999967 ], [ -57.061344179999956, -29.757731709999959 ], [ -57.061462749999961, -29.757653179999956 ], [ -57.061583269999957, -29.757576199999953 ], [ -57.061705269999962, -29.75750165999996 ], [ -57.061828259999956, -29.757428859999951 ], [ -57.061951729999961, -29.757357099999954 ], [ -57.062076689999962, -29.757286659999956 ], [ -57.062203869999962, -29.757217159999954 ], [ -57.06233471999996, -29.757148079999947 ], [ -57.062469169999957, -29.757079309999945 ], [ -57.062606139999957, -29.757011799999965 ], [ -57.062745329999956, -29.756944549999954 ], [ -57.062884309999959, -29.756878689999954 ], [ -57.063022619999963, -29.75681379999995 ], [ -57.06316281999996, -29.756747319999956 ], [ -57.06330554999996, -29.756679489999961 ], [ -57.063450569999965, -29.756610249999948 ], [ -57.063598329999962, -29.756539589999953 ], [ -57.063748829999959, -29.756467109999946 ], [ -57.063902079999956, -29.756393059999962 ], [ -57.064058239999959, -29.756318399999955 ], [ -57.064216159999958, -29.756243479999952 ], [ -57.064374919999956, -29.756168799999951 ], [ -57.064533969999964, -29.756093899999964 ], [ -57.064693239999961, -29.75601900999996 ], [ -57.064852389999956, -29.755943589999955 ], [ -57.065011609999956, -29.755867989999963 ], [ -57.065170639999963, -29.755792409999955 ], [ -57.065329249999969, -29.755716769999953 ], [ -57.065487909999959, -29.755641719999954 ], [ -57.065646249999958, -29.755566599999948 ], [ -57.065803789999961, -29.755490429999956 ], [ -57.065960759999967, -29.755412629999952 ], [ -57.066117529999957, -29.755333529999962 ], [ -57.066274169999957, -29.755253149999948 ], [ -57.06643006999996, -29.755170619999955 ], [ -57.066584919999961, -29.755085509999944 ], [ -57.066739849999962, -29.754998539999953 ], [ -57.066895, -29.754909749999957 ], [ -57.06704880999996, -29.754819439999949 ], [ -57.067202219999956, -29.754727699999961 ], [ -57.067354059999957, -29.754634669999952 ], [ -57.067504159999956, -29.754539299999959 ], [ -57.067652169999967, -29.754441659999948 ], [ -57.067798719999956, -29.754342659999956 ], [ -57.067943589999956, -29.75424218999995 ], [ -57.068086969999968, -29.754140589999956 ], [ -57.068229149999958, -29.754038039999955 ], [ -57.068370159999958, -29.753934839999953 ], [ -57.06850887999996, -29.753830589999946 ], [ -57.06864549999996, -29.75372418999995 ], [ -57.068780489999959, -29.753616509999958 ], [ -57.06891368999996, -29.753507349999953 ], [ -57.069045669999959, -29.753397019999955 ], [ -57.069176239999962, -29.753285269999964 ], [ -57.069305709999959, -29.753172479999947 ], [ -57.069433879999956, -29.753058729999964 ], [ -57.069560959999961, -29.752943979999959 ], [ -57.069686609999962, -29.752828189999956 ], [ -57.069810929999967, -29.752711669999965 ], [ -57.06993493999996, -29.752594849999952 ], [ -57.070058979999956, -29.752478529999955 ], [ -57.070183169999957, -29.752362009999953 ], [ -57.070306799999962, -29.752245569999957 ], [ -57.070430129999956, -29.752128869999964 ], [ -57.070553509999961, -29.752012369999953 ], [ -57.070676799999958, -29.751896449999951 ], [ -57.070799399999956, -29.751780929999956 ], [ -57.070921069999969, -29.751666059999948 ], [ -57.071043879999962, -29.751550059999953 ], [ -57.07116914999996, -29.751431209999957 ], [ -57.071297089999959, -29.75130973999995 ], [ -57.07142831999996, -29.751186229999949 ], [ -57.071562639999961, -29.751060829999961 ], [ -57.07169976999996, -29.750933379999946 ], [ -57.071839459999957, -29.75080380999994 ], [ -57.071981089999959, -29.750672249999948 ], [ -57.072123479999959, -29.750538519999957 ], [ -57.072266949999957, -29.750404 ], [ -57.072411209999956, -29.750268729999949 ], [ -57.072556199999966, -29.750132669999946 ], [ -57.072701029999962, -29.749995359999954 ], [ -57.072846609999957, -29.749857269999961 ], [ -57.072992619999965, -29.749719799999948 ], [ -57.073137229999958, -29.74958422999995 ], [ -57.073280379999957, -29.749451619999949 ], [ -57.073422729999962, -29.749322909999947 ], [ -57.073565149999958, -29.749198499999949 ], [ -57.073710749999968, -29.749080809999967 ], [ -57.073861289999961, -29.748970869999958 ], [ -57.074017269999956, -29.748869229999961 ], [ -57.074176989999962, -29.748772979999949 ], [ -57.074342199999961, -29.748681599999944 ], [ -57.074512719999959, -29.748596829999958 ], [ -57.074685329999959, -29.748519829999957 ], [ -57.074856729999958, -29.748451589999956 ], [ -57.07502532999996, -29.748391179999956 ], [ -57.075192379999969, -29.74833717999995 ], [ -57.075357359999963, -29.748290579999953 ], [ -57.075519179999958, -29.748249809999944 ], [ -57.075676579999957, -29.748214029999954 ], [ -57.075828969999961, -29.748183719999965 ], [ -57.075977409999958, -29.748158709999942 ], [ -57.076123179999961, -29.748138049999952 ], [ -57.076266629999957, -29.748121639999955 ], [ -57.076408149999956, -29.748110119999943 ], [ -57.076548529999961, -29.748103429999961 ], [ -57.076686739999957, -29.748101409999951 ], [ -57.076823889999957, -29.748100659999956 ], [ -57.076959649999957, -29.748100169999955 ], [ -57.077093559999966, -29.748099429999954 ], [ -57.077225919999961, -29.748098289999952 ], [ -57.077357349999957, -29.748096779999951 ], [ -57.077488169999967, -29.748095299999957 ], [ -57.077617349999962, -29.748094209999948 ], [ -57.07774450999996, -29.748093599999955 ], [ -57.077868709999962, -29.748093679999954 ], [ -57.077989579999958, -29.748093539999953 ], [ -57.078105599999958, -29.748091889999959 ], [ -57.078212509999965, -29.748092329999945 ], [ -57.078311219999961, -29.748090309999956 ], [ -57.078405029999956, -29.748088379999956 ], [ -57.078496559999962, -29.748091049999957 ], [ -57.078588969999956, -29.748092639999953 ], [ -57.078682759999957, -29.748092829999948 ], [ -57.078778369999959, -29.748091779999953 ], [ -57.078874969999966, -29.748090869999952 ], [ -57.078969889999961, -29.74809 ], [ -57.079059119999961, -29.74808949999996 ], [ -57.079141, -29.748088419999959 ], [ -57.079218169999969, -29.748085139999951 ], [ -57.079294629999957, -29.748078529999951 ], [ -57.079370849999961, -29.748065219999948 ], [ -57.07944614999996, -29.748043399999951 ], [ -57.079518569999962, -29.748013319999956 ], [ -57.079588629999961, -29.747979789999949 ], [ -57.079657799999957, -29.747949409999954 ], [ -57.079728749999958, -29.747925609999957 ], [ -57.079802519999959, -29.747908219999946 ], [ -57.079878639999961, -29.747896439999959 ], [ -57.079957779999965, -29.747888419999956 ], [ -57.080039489999962, -29.747883509999948 ], [ -57.080123829999962, -29.747880639999948 ], [ -57.080210909999963, -29.74787922999996 ], [ -57.080301089999956, -29.747878639999954 ], [ -57.080394469999959, -29.747878079999957 ], [ -57.080490419999961, -29.747877379999952 ], [ -57.080588789999958, -29.74787648999995 ], [ -57.080689329999956, -29.747875929999953 ], [ -57.080791729999959, -29.747875739999952 ], [ -57.080894899999969, -29.747875859999947 ], [ -57.080997979999957, -29.747875339999961 ], [ -57.08110141999996, -29.74787459999996 ], [ -57.081204949999957, -29.747873459999941 ], [ -57.081307389999964, -29.74787248999996 ], [ -57.081408829999958, -29.747871699999958 ], [ -57.081509049999958, -29.747871149999945 ], [ -57.081608059999958, -29.747870619999951 ], [ -57.081704709999961, -29.747870069999969 ], [ -57.0818, -29.747869229999957 ], [ -57.081894729999959, -29.747867859999946 ], [ -57.08198868999996, -29.747866069999954 ], [ -57.082081829999957, -29.747863449999951 ], [ -57.082174049999956, -29.747861389999962 ], [ -57.082264929999958, -29.747859539999951 ], [ -57.082354069999958, -29.747857099999955 ], [ -57.082441449999969, -29.747854129999951 ], [ -57.082526919999957, -29.747850429999961 ], [ -57.082610639999956, -29.747847319999963 ], [ -57.082693339999956, -29.747846609999964 ], [ -57.082775189999957, -29.747848039999951 ], [ -57.082855359999968, -29.747851069999953 ], [ -57.082932149999962, -29.747854369999956 ], [ -57.083002009999959, -29.747856619999947 ], [ -57.083059629999958, -29.747859139999971 ], [ -57.083109959999959, -29.747860669999955 ], [ -57.08315032999996, -29.747863069999955 ], [ -57.083203949999962, -29.747867939999949 ], [ -57.083227779999959, -29.747868839999949 ], [ -57.083254729999958, -29.747870449999954 ], [ -57.083406689999961, -29.747868319999956 ], [ -57.083414049999959, -29.747865949999955 ], [ -57.083418399999957, -29.747862759999954 ], [ -57.083430449999959, -29.747847839999952 ], [ -57.083435319999957, -29.74784531999995 ], [ -57.083451169999961, -29.747852239999961 ], [ -57.083466599999959, -29.747854 ], [ -57.083492169999957, -29.747844789999956 ], [ -57.083916849999966, -29.747874949999957 ], [ -57.083935399999959, -29.747889159999961 ], [ -57.083975019999961, -29.747881139999965 ], [ -57.083985179999956, -29.747880679999948 ], [ -57.084005189999957, -29.747880359999957 ], [ -57.084037249999959, -29.747879789999949 ], [ -57.084078019999957, -29.747879449999957 ], [ -57.084119989999969, -29.747879579999957 ], [ -57.084168329999962, -29.747879479999948 ], [ -57.084223119999962, -29.747878939999953 ], [ -57.084278869999956, -29.747879139999949 ], [ -57.084337949999956, -29.747879859999955 ], [ -57.084401859999957, -29.747879959999967 ], [ -57.084468389999962, -29.74788055999996 ], [ -57.084537359999956, -29.747881809999956 ], [ -57.08460661999996, -29.747882989999955 ], [ -57.084677019999958, -29.747883959999964 ], [ -57.084750079999964, -29.74788352999996 ], [ -57.084824769999962, -29.74788323999995 ], [ -57.085430039999956, -29.74796218999996 ], [ -57.085990129999956, -29.74813905999995 ], [ -57.086373339999959, -29.748345409999949 ], [ -57.086923609999957, -29.748915319999949 ], [ -57.08734254999996, -29.749297389999953 ], [ -57.087542649999961, -29.74915114999996 ], [ -57.087709689999961, -29.748954629999957 ], [ -57.087837429999958, -29.748807239999952 ], [ -57.088014299999962, -29.748512449999954 ], [ -57.088114589999961, -29.748360169999959 ], [ -57.088353359999957, -29.748090079999962 ], [ -57.088405299999962, -29.748035669999961 ], [ -57.088458469999956, -29.747979529999959 ], [ -57.088515929999957, -29.747918219999967 ], [ -57.08857770999996, -29.747852369999951 ], [ -57.088644879999968, -29.747781409999952 ], [ -57.088715269999959, -29.747706389999955 ], [ -57.088790299999957, -29.747626839999953 ], [ -57.088869159999959, -29.747543579999952 ], [ -57.08895031999996, -29.747459309999961 ], [ -57.08903147999996, -29.747374579999963 ], [ -57.089113549999958, -29.747286579999948 ], [ -57.089198449999969, -29.747196029999952 ], [ -57.08928489999996, -29.747105159999951 ], [ -57.089372499999961, -29.747011969999964 ], [ -57.089461649999969, -29.746917879999959 ], [ -57.089552349999963, -29.746822709999957 ], [ -57.089644129999961, -29.746726969999955 ], [ -57.08973668999996, -29.746630119999956 ], [ -57.089828869999963, -29.74653205999995 ], [ -57.089921529999963, -29.746433019999955 ], [ -57.09001492999996, -29.74633367999996 ], [ -57.090109279999957, -29.74623431999996 ], [ -57.090204849999957, -29.746134969999957 ], [ -57.090300759999963, -29.74603452999996 ], [ -57.090396859999956, -29.745933939999954 ], [ -57.090492029999957, -29.745832909999958 ], [ -57.090587599999957, -29.745731379999949 ], [ -57.090683659999961, -29.745629789999963 ], [ -57.090780369999962, -29.745527539999955 ], [ -57.090877279999958, -29.745425189999963 ], [ -57.090974829999965, -29.745322129999959 ], [ -57.091072489999966, -29.745219519999949 ], [ -57.091170339999969, -29.745116109999948 ], [ -57.091267919999957, -29.745012899999953 ], [ -57.09136550999996, -29.744911029999958 ], [ -57.091462339999957, -29.744809259999954 ], [ -57.091558409999962, -29.744708019999948 ], [ -57.091653909999962, -29.744607389999956 ], [ -57.091749129999961, -29.744507749999944 ], [ -57.091843279999956, -29.744408459999967 ], [ -57.091937509999958, -29.744310639999963 ], [ -57.092029359999962, -29.744213709999947 ], [ -57.092120519999966, -29.744117199999948 ], [ -57.09221103999996, -29.744020589999948 ], [ -57.092300969999968, -29.743923799999948 ], [ -57.092391849999956, -29.74382725999995 ], [ -57.092483539999961, -29.743730589999959 ], [ -57.092575829999966, -29.743633679999952 ], [ -57.09266893999996, -29.743535299999952 ], [ -57.092762549999961, -29.743436379999952 ], [ -57.092855859999958, -29.743337719999957 ], [ -57.092948749999969, -29.743239589999959 ], [ -57.093040719999962, -29.743142069999958 ], [ -57.09313188999996, -29.743046449999955 ] ] ] } },
{ "type": "Feature", "properties": { "ds_local_i": "INÍCIO PONTE S/RIO IBICUÍ", "ds_local_f": "ENTR BR-290/293/472 (URUGUAIANA)", "ds_legenda": "Pavimentada", "sg_legenda": "PAV", "ds_jurisdi": "Federal", "km_dentro_area_estudo": 61.58, "rodovia": "BR-472", "divergencia_osm": false }, "geometry": { "type": "MultiLineString", "coordinates": [ [ [ -56.682914726968193, -29.405910019435932 ], [ -56.68294592999996, -29.40594203999996 ], [ -56.683010269999961, -29.406008339999961 ], [ -56.683075449999961, -29.406074659999948 ], [ -56.683140709999961, -29.406141389999956 ], [ -56.683206189999957, -29.406209049999955 ], [ -56.683273109999959, -29.406277349999961 ], [ -56.683339769999961, -29.406346829999947 ], [ -56.683406549999965, -29.406416949999951 ], [ -56.683474649999958, -29.406487169999952 ], [ -56.683542609999961, -29.406557209999949 ], [ -56.683610129999963, -29.406627 ], [ -56.683678779999958, -29.406697089999959 ], [ -56.683745789999961, -29.406765979999953 ], [ -56.683811839999969, -29.406834439999955 ], [ -56.68387777999996, -29.406903039999943 ], [ -56.68394312999996, -29.406971549999955 ], [ -56.684009819999957, -29.407040279999958 ], [ -56.684077019999961, -29.40710943999996 ], [ -56.684143839999962, -29.407178779999956 ], [ -56.684210299999961, -29.407247589999955 ], [ -56.684276969999964, -29.407316319999946 ], [ -56.684343109999958, -29.407385049999949 ], [ -56.684409509999959, -29.407453959999952 ], [ -56.684475939999956, -29.407523089999962 ], [ -56.684542859999958, -29.407592729999955 ], [ -56.68461012999996, -29.407662819999949 ], [ -56.684679419999959, -29.407734429999945 ], [ -56.684748979999959, -29.407806699999952 ], [ -56.684819259999962, -29.407879349999948 ], [ -56.684890059999958, -29.407952669999958 ], [ -56.684961829999956, -29.40802654999996 ], [ -56.685033109999956, -29.408100539999957 ], [ -56.685104479999957, -29.40817451999995 ], [ -56.685174109999963, -29.408247889999959 ], [ -56.685243859999957, -29.408320539999956 ], [ -56.685312649999958, -29.408392499999955 ], [ -56.685380159999958, -29.408463979999958 ], [ -56.685448459999961, -29.408535159999957 ], [ -56.685519009999958, -29.40860569999996 ], [ -56.685588559999957, -29.408676539999963 ], [ -56.685659079999958, -29.40874795999996 ], [ -56.685728289999957, -29.408820109999947 ], [ -56.685797339999958, -29.408892139999956 ], [ -56.685866689999962, -29.408964769999958 ], [ -56.685936119999958, -29.409037209999958 ], [ -56.686005739999963, -29.409109939999951 ], [ -56.686076699999958, -29.40918300999996 ], [ -56.686146159999957, -29.409256089999964 ], [ -56.686216159999958, -29.409328639999959 ], [ -56.686285849999969, -29.409400219999956 ], [ -56.686356049999958, -29.409473189999954 ], [ -56.686426949999962, -29.409546639999942 ], [ -56.686498279999959, -29.409619959999951 ], [ -56.686570059999958, -29.40969383999996 ], [ -56.686641839999957, -29.409767769999952 ], [ -56.68671463999997, -29.409843059999954 ], [ -56.686787209999956, -29.40991845999995 ], [ -56.686860399999958, -29.409993699999941 ], [ -56.686933459999956, -29.410069919999948 ], [ -56.687007469999962, -29.410146199999957 ], [ -56.68708138999996, -29.410222799999961 ], [ -56.687156149999957, -29.410300439999958 ], [ -56.687230179999958, -29.410377819999951 ], [ -56.687305119999962, -29.410455 ], [ -56.687377409999961, -29.41053 ], [ -56.68744815999996, -29.410603959999957 ], [ -56.687516759999959, -29.410675439999952 ], [ -56.687583369999956, -29.41074453999995 ], [ -56.68764807999996, -29.410811049999957 ], [ -56.687710529999961, -29.410875809999954 ], [ -56.687771769999962, -29.410939089999953 ], [ -56.687831829999958, -29.411000959999956 ], [ -56.687890559999957, -29.411061019999956 ], [ -56.687948269999957, -29.411120329999957 ], [ -56.688004489999962, -29.411177509999952 ], [ -56.688058099999957, -29.411232899999963 ], [ -56.688108359999958, -29.411284819999956 ], [ -56.688153419999956, -29.41133193999995 ], [ -56.688194469999956, -29.411373739999956 ], [ -56.688232569999961, -29.411412349999956 ], [ -56.688236469999957, -29.411416229999951 ], [ -56.688271529999959, -29.411451169999964 ], [ -56.688317839999968, -29.41149105999995 ], [ -56.688371139999958, -29.411533849999959 ], [ -56.68842817999996, -29.411580919999956 ], [ -56.688487849999959, -29.411635559999951 ], [ -56.688548789999956, -29.411696549999949 ], [ -56.688614379999962, -29.411763219999962 ], [ -56.688681629999962, -29.411830729999956 ], [ -56.688751389999958, -29.411899239999947 ], [ -56.68882397999996, -29.411971039999958 ], [ -56.688898729999956, -29.412046569999941 ], [ -56.688973509999961, -29.412123489999949 ], [ -56.689048729999961, -29.412200519999967 ], [ -56.689123199999962, -29.412276639999956 ], [ -56.689196839999958, -29.41235189999994 ], [ -56.689270699999959, -29.412425269999957 ], [ -56.689342619999962, -29.412497709999958 ], [ -56.689412729999958, -29.412568009999955 ], [ -56.689481079999958, -29.412636499999955 ], [ -56.68954800999996, -29.412702219999961 ], [ -56.689613109999961, -29.412765129999951 ], [ -56.689674479999965, -29.412825259999948 ], [ -56.689733369999956, -29.412883449999949 ], [ -56.689787789999961, -29.412940149999951 ], [ -56.689840859999968, -29.412995299999949 ], [ -56.689890869999964, -29.413048309999962 ], [ -56.689937439999959, -29.413103039999953 ], [ -56.689979509999958, -29.413154929999969 ], [ -56.690020049999958, -29.413201699999959 ], [ -56.690060569999957, -29.413240679999955 ], [ -56.690096129999958, -29.413269919999948 ], [ -56.690122239999958, -29.413292199999947 ], [ -56.69014363999996, -29.413312049999949 ], [ -56.690158029999957, -29.413326079999951 ], [ -56.690164819999957, -29.413333339999948 ], [ -56.690165739999962, -29.413334729999956 ], [ -56.690171519999957, -29.41334688999995 ], [ -56.690179019999967, -29.41335774999996 ], [ -56.690186259999969, -29.413373919999952 ], [ -56.69019035999996, -29.413388409999943 ], [ -56.690196259999958, -29.413404309999947 ], [ -56.690202359999958, -29.413421229999955 ], [ -56.690209589999959, -29.413440379999955 ], [ -56.690222439999957, -29.413465569999953 ], [ -56.690240539999962, -29.413492809999966 ], [ -56.690258539999959, -29.413516389999952 ], [ -56.69027760999996, -29.413538869999961 ], [ -56.69028207999996, -29.41354413999996 ], [ -56.690307759999961, -29.413569349999953 ], [ -56.690334819999961, -29.413596409999947 ], [ -56.690363029999958, -29.41362521999995 ], [ -56.690393219999969, -29.413656469999953 ], [ -56.690424769999957, -29.413689309999953 ], [ -56.690456669999961, -29.413722099999958 ], [ -56.690485869999961, -29.413752649999953 ], [ -56.690513799999962, -29.413782399999949 ], [ -56.690541179999961, -29.41381139999995 ], [ -56.690568509999956, -29.413840879999956 ], [ -56.690597509999961, -29.41387153999996 ], [ -56.690628339999961, -29.413903819999955 ], [ -56.690659729999958, -29.413936909999961 ], [ -56.690690869999962, -29.413969829999964 ], [ -56.69072218999996, -29.414002189999955 ], [ -56.690753379999961, -29.414034289999968 ], [ -56.690784239999957, -29.414065959999963 ], [ -56.690815139999962, -29.414097679999959 ], [ -56.690846239999956, -29.414130119999946 ], [ -56.690878699999956, -29.414162919999953 ], [ -56.690911099999958, -29.414196209999961 ], [ -56.690943649999959, -29.414228869999949 ], [ -56.690975709999968, -29.414261209999953 ], [ -56.690989199999962, -29.414274489999958 ], [ -56.691008619999963, -29.414293599999954 ], [ -56.691043099999959, -29.414327129999965 ], [ -56.69108535999996, -29.414364299999963 ], [ -56.691135269999961, -29.414405789999961 ], [ -56.691192029999961, -29.41445335999995 ], [ -56.691251539999961, -29.414504079999944 ], [ -56.691310509999958, -29.414555599999968 ], [ -56.691368509999968, -29.414609169999956 ], [ -56.691570069999962, -29.414818639999961 ], [ -56.691615809999959, -29.414861169999956 ], [ -56.691661059999966, -29.414904659999955 ], [ -56.691709389999957, -29.414951509999959 ], [ -56.691761939999957, -29.415002439999949 ], [ -56.691818099999956, -29.415057669999943 ], [ -56.691877799999958, -29.415117409999969 ], [ -56.691941769999957, -29.415181249999943 ], [ -56.692010359999962, -29.415249719999956 ], [ -56.692084319999957, -29.415322949999958 ], [ -56.692163289999961, -29.41540168999995 ], [ -56.692247069999958, -29.415486129999952 ], [ -56.692334669999958, -29.415576819999949 ], [ -56.69242743999996, -29.415672599999944 ], [ -56.692524359999958, -29.415771739999954 ], [ -56.69262022999996, -29.41587069999995 ], [ -56.692718059999962, -29.415972539999967 ], [ -56.692819199999967, -29.416077289999954 ], [ -56.692923169999958, -29.41618427999995 ], [ -56.693028609999956, -29.41629179999995 ], [ -56.69313444999996, -29.416399669999961 ], [ -56.693239519999956, -29.416508389999951 ], [ -56.69334192999996, -29.416619279999956 ], [ -56.693440309999957, -29.416732879999948 ], [ -56.69353454999996, -29.416850909999958 ], [ -56.693625429999962, -29.416972579999968 ], [ -56.69371342999996, -29.417097579999965 ], [ -56.693798699999959, -29.417225689999949 ], [ -56.693880389999961, -29.417357439999961 ], [ -56.693957589999961, -29.417492769999956 ], [ -56.694030949999956, -29.417630489999965 ], [ -56.694101, -29.417769789999948 ], [ -56.69416668999996, -29.417910689999953 ], [ -56.694228409999958, -29.418052249999946 ], [ -56.694285159999964, -29.418194569999958 ], [ -56.694336849999956, -29.418336609999951 ], [ -56.694381779999958, -29.418478529999962 ], [ -56.694424499999961, -29.41861886999996 ], [ -56.694463319999961, -29.418759519999959 ], [ -56.694497719999958, -29.418902589999952 ], [ -56.694529109999969, -29.419047569999965 ], [ -56.694556779999957, -29.419195699999953 ], [ -56.694579249999961, -29.41934670999996 ], [ -56.694598359999958, -29.419500809999956 ], [ -56.69461169999996, -29.419658149999957 ], [ -56.694617949999959, -29.419817159999958 ], [ -56.69461804999996, -29.419976549999951 ], [ -56.694612919999962, -29.42013569999996 ], [ -56.694602539999956, -29.420295539999948 ], [ -56.694587009999957, -29.420456479999949 ], [ -56.694566509999959, -29.420617389999951 ], [ -56.69454144999996, -29.420775229999954 ], [ -56.694512729999957, -29.420933369999958 ], [ -56.694479219999963, -29.421092299999955 ], [ -56.694439669999959, -29.421251689999952 ], [ -56.69439279999996, -29.421411 ], [ -56.694338579999958, -29.421569429999959 ], [ -56.694277879999959, -29.421724949999955 ], [ -56.69421313999996, -29.421877669999951 ], [ -56.694145489999961, -29.422028759999954 ], [ -56.694073559999957, -29.422179799999956 ], [ -56.693997409999959, -29.422330589999959 ], [ -56.693917529999958, -29.422481179999952 ], [ -56.693828609999962, -29.422629359999952 ], [ -56.693731929999956, -29.422774899999954 ], [ -56.693629779999959, -29.422918629999945 ], [ -56.693521549999957, -29.423061399999952 ], [ -56.693413769999957, -29.423206539999956 ], [ -56.693306069999956, -29.423354639999953 ], [ -56.693198409999958, -29.423504689999955 ], [ -56.693089919999956, -29.423656639999948 ], [ -56.692980059999961, -29.423809679999952 ], [ -56.692869199999961, -29.423963919999956 ], [ -56.692756809999956, -29.424118579999952 ], [ -56.692642229999962, -29.424273649999943 ], [ -56.692526509999958, -29.424429329999953 ], [ -56.692412169999962, -29.424587009999946 ], [ -56.692297459999956, -29.424745889999947 ], [ -56.692181219999959, -29.424905199999952 ], [ -56.69206494999996, -29.425065979999957 ], [ -56.691947869999957, -29.425227469999964 ], [ -56.691831059999956, -29.425389799999959 ], [ -56.691713609999958, -29.425552199999952 ], [ -56.691595569999969, -29.425714579999948 ], [ -56.691477709999958, -29.425875169999955 ], [ -56.691361909999962, -29.426034209999951 ], [ -56.691253039999957, -29.426194609999961 ], [ -56.691140569999959, -29.426350879999955 ], [ -56.691024719999966, -29.42650407999994 ], [ -56.690909289999958, -29.426657009999953 ], [ -56.69079535999996, -29.426809039999959 ], [ -56.690683, -29.426959829999955 ], [ -56.69057198999996, -29.427110149999951 ], [ -56.690462029999956, -29.427260739999952 ], [ -56.690352439999963, -29.42741152999994 ], [ -56.690244419999956, -29.42756294999996 ], [ -56.690136889999962, -29.427714619999954 ], [ -56.690030449999959, -29.42786544999996 ], [ -56.68992473999996, -29.428014299999955 ], [ -56.689820169999969, -29.428161279999955 ], [ -56.689715269999965, -29.428305489999953 ], [ -56.689610389999963, -29.42845001999995 ], [ -56.689504029999959, -29.428595159999954 ], [ -56.689395849999961, -29.428741549999959 ], [ -56.689288289999958, -29.428890619999951 ], [ -56.689181159999961, -29.42904028999995 ], [ -56.689075829999958, -29.429190099999957 ], [ -56.688972579999962, -29.429339729999953 ], [ -56.688873039999962, -29.429490179999956 ], [ -56.688779449999956, -29.429641509999961 ], [ -56.688685229999962, -29.429791159999969 ], [ -56.688591319999958, -29.42993880999995 ], [ -56.688497859999956, -29.430086059999947 ], [ -56.688406529999959, -29.430235389999968 ], [ -56.68831834999996, -29.430388059999959 ], [ -56.68823163999997, -29.430542859999953 ], [ -56.688145019999965, -29.430699549999954 ], [ -56.688059579999958, -29.430859049999949 ], [ -56.68797371999996, -29.431020839999956 ], [ -56.687887699999962, -29.431184839999961 ], [ -56.687802559999959, -29.431351489999962 ], [ -56.687719029999961, -29.431520399999961 ], [ -56.687637829999957, -29.431691799999946 ], [ -56.687557259999956, -29.431865029999955 ], [ -56.687476569999959, -29.432039569999958 ], [ -56.687395109999962, -29.432215419999956 ], [ -56.687313729999957, -29.432393219999945 ], [ -56.68723286999996, -29.432572969999956 ], [ -56.687151639999968, -29.432754239999955 ], [ -56.687069329999957, -29.432936569999946 ], [ -56.68698640999996, -29.43311919999995 ], [ -56.686903779999959, -29.433302279999957 ], [ -56.686820269999956, -29.433484929999953 ], [ -56.686737629999961, -29.433666279999947 ], [ -56.686655959999968, -29.433846 ], [ -56.686575119999958, -29.434024489999953 ], [ -56.686493699999957, -29.434202849999956 ], [ -56.686411659999962, -29.434381259999949 ], [ -56.686329599999958, -29.434559969999956 ], [ -56.686248379999959, -29.434739579999952 ], [ -56.686167079999962, -29.434918609999958 ], [ -56.686085759999962, -29.435096639999959 ], [ -56.686002879999961, -29.435273129999963 ], [ -56.685920329999959, -29.43544689999997 ], [ -56.685841659999959, -29.43562053999996 ], [ -56.685765029999963, -29.43579281999995 ], [ -56.68568898999996, -29.435964479999953 ], [ -56.685612189999958, -29.436135449999963 ], [ -56.685534849999961, -29.436305859999948 ], [ -56.685458059999959, -29.436476129999942 ], [ -56.685380489999957, -29.436646139999954 ], [ -56.685302989999961, -29.436815959999951 ], [ -56.685226169999957, -29.436984979999952 ], [ -56.685150929999956, -29.437153199999955 ], [ -56.685079309999956, -29.437319899999959 ], [ -56.685011789999962, -29.43748443999996 ], [ -56.684950279999967, -29.437649959999948 ], [ -56.684893819999964, -29.437816449999957 ], [ -56.684841359999957, -29.437983969999959 ], [ -56.684792069999958, -29.438151769999958 ], [ -56.684746169999961, -29.438320089999952 ], [ -56.684704489999959, -29.438488449999955 ], [ -56.684666129999961, -29.438657789999958 ], [ -56.684633039999959, -29.43882845999995 ], [ -56.684604149999956, -29.438999589999959 ], [ -56.684582379999966, -29.439171869999964 ], [ -56.684565799999959, -29.43934637999995 ], [ -56.684554319999961, -29.439523009999949 ], [ -56.684546479999959, -29.439702329999953 ], [ -56.684542299999961, -29.439883859999952 ], [ -56.684541559999957, -29.44006746999996 ], [ -56.68454305999996, -29.440253199999955 ], [ -56.684544539999962, -29.440440809999949 ], [ -56.684545109999959, -29.44062957999996 ], [ -56.684544149999958, -29.440819039999955 ], [ -56.684543539999957, -29.441009639999947 ], [ -56.684545189999959, -29.44120189999996 ], [ -56.684545679999957, -29.441395759999949 ], [ -56.684546589999961, -29.441590819999963 ], [ -56.684547939999959, -29.441786599999951 ], [ -56.68454906999996, -29.441982859999953 ], [ -56.684549829999966, -29.442179979999949 ], [ -56.68454657999996, -29.442377889999964 ], [ -56.68454270999996, -29.442576499999952 ], [ -56.684545179999958, -29.442775479999948 ], [ -56.684550259999959, -29.442974789999962 ], [ -56.684552189999962, -29.443173639999962 ], [ -56.684553729999962, -29.44337194999995 ], [ -56.68455515999996, -29.443570989999948 ], [ -56.684556569999963, -29.443770989999962 ], [ -56.684557119999958, -29.443972099999961 ], [ -56.684556289999961, -29.444174099999952 ], [ -56.684556729999962, -29.444376869999953 ], [ -56.684558079999967, -29.444580549999955 ], [ -56.68455713999996, -29.444784549999962 ], [ -56.684558059999965, -29.444989269999954 ], [ -56.684559329999956, -29.445194519999951 ], [ -56.684561449999961, -29.445400229999958 ], [ -56.684563479999959, -29.445607 ], [ -56.684564969999961, -29.445814119999955 ], [ -56.684565609999957, -29.446020729999951 ], [ -56.684566109999956, -29.446225959999953 ], [ -56.684566609999962, -29.446426569999954 ], [ -56.684567639999962, -29.446627179999965 ], [ -56.684569119999964, -29.446830109999951 ], [ -56.684570899999962, -29.447035729999957 ], [ -56.684572779999961, -29.447243629999949 ], [ -56.684573979999961, -29.447453499999948 ], [ -56.684573749999956, -29.447665689999951 ], [ -56.68457242999996, -29.447880219999956 ], [ -56.684572139999958, -29.448097619999945 ], [ -56.68457285999996, -29.448317729999957 ], [ -56.684574509999962, -29.448540639999951 ], [ -56.684576509999957, -29.448766199999962 ], [ -56.684578629999962, -29.448992479999944 ], [ -56.68457912999996, -29.449218539999954 ], [ -56.684580259999962, -29.44944433999995 ], [ -56.684580699999962, -29.44966967999996 ], [ -56.684581479999956, -29.449895529999953 ], [ -56.684583139999958, -29.450121969999959 ], [ -56.684583379999964, -29.450348799999947 ], [ -56.684584909999963, -29.450575209999947 ], [ -56.684585789999964, -29.450801459999951 ], [ -56.68458521999996, -29.451027019999948 ], [ -56.684585349999956, -29.451249779999959 ], [ -56.684587079999957, -29.451469569999954 ], [ -56.684588949999956, -29.451688129999951 ], [ -56.684589879999962, -29.451906009999956 ], [ -56.684591039999958, -29.452122779999957 ], [ -56.684592839999958, -29.452334119999961 ], [ -56.684595579999957, -29.452536809999955 ], [ -56.684597709999956, -29.452733789999954 ], [ -56.684599539999958, -29.452927279999969 ], [ -56.684601459999961, -29.453118019999959 ], [ -56.684602929999961, -29.453307609999968 ], [ -56.684603179999961, -29.45349820999995 ], [ -56.684604089999958, -29.453690289999958 ], [ -56.684604919999956, -29.453883929999957 ], [ -56.684604399999962, -29.454079629999949 ], [ -56.684604529999959, -29.454277629999957 ], [ -56.684604289999967, -29.454477889999968 ], [ -56.684604069999963, -29.454680559999957 ], [ -56.684603689999967, -29.454885519999955 ], [ -56.684603579999958, -29.455092639999961 ], [ -56.684603749999958, -29.455300099999963 ], [ -56.684604529999959, -29.455506049999958 ], [ -56.684606319999958, -29.455710529999955 ], [ -56.684606, -29.455913269999954 ], [ -56.684604229999962, -29.456113029999965 ], [ -56.684604429999958, -29.456309579999957 ], [ -56.684605969999957, -29.456503819999956 ], [ -56.68460711999996, -29.45669884999996 ], [ -56.684608779999962, -29.456895029999952 ], [ -56.684610409999962, -29.457091669999954 ], [ -56.684611149999959, -29.457288779999949 ], [ -56.684609729999956, -29.457485869999942 ], [ -56.684608209999958, -29.457681779999952 ], [ -56.68460600999996, -29.457880179999957 ], [ -56.68460917999996, -29.458077109999966 ], [ -56.684614189999962, -29.458275349999951 ], [ -56.684618489999956, -29.458474909999957 ], [ -56.684625789999956, -29.458674939999959 ], [ -56.684624819999961, -29.458875919999954 ], [ -56.684619149999968, -29.459077649999955 ], [ -56.684617889999956, -29.459279299999949 ], [ -56.684619359999957, -29.459479379999951 ], [ -56.684621299999961, -29.459677589999941 ], [ -56.68462, -29.459874219999957 ], [ -56.684622019999956, -29.460070699999957 ], [ -56.684624799999959, -29.460268159999949 ], [ -56.684624179999958, -29.460466799999956 ], [ -56.684624329999956, -29.460666919999952 ], [ -56.68462600999996, -29.460868329999951 ], [ -56.684628889999956, -29.461070839999955 ], [ -56.684632289999961, -29.461273659999957 ], [ -56.684636289999958, -29.461477079999959 ], [ -56.684638399999962, -29.461681469999959 ], [ -56.684637639999956, -29.461886029999953 ], [ -56.684635839999956, -29.462091179999948 ], [ -56.684635179999958, -29.462297549999956 ], [ -56.684635049999962, -29.462505229999955 ], [ -56.684635249999957, -29.462714429999956 ], [ -56.684636439999956, -29.462924679999965 ], [ -56.684637729999956, -29.463135269999949 ], [ -56.684638909999961, -29.463345879999952 ], [ -56.684642829999959, -29.463554199999958 ], [ -56.68465082999996, -29.463760329999946 ], [ -56.684650939999962, -29.46396630999995 ], [ -56.684650159999961, -29.464172389999941 ], [ -56.684650699999956, -29.464378759999949 ], [ -56.684650209999958, -29.464585669999956 ], [ -56.684649689999965, -29.464792119999959 ], [ -56.684651939999959, -29.464996969999959 ], [ -56.684653249999961, -29.465201659999948 ], [ -56.684652169999957, -29.465406219999956 ], [ -56.684648879999962, -29.465608619999962 ], [ -56.684645619999962, -29.465804669999947 ], [ -56.684646859999958, -29.465991319999958 ], [ -56.684650549999958, -29.466170319999957 ], [ -56.684652529999958, -29.466347109999948 ], [ -56.684656819999958, -29.466522689999959 ], [ -56.684659799999956, -29.466698249999947 ], [ -56.684661249999962, -29.466873649999954 ], [ -56.684661119999959, -29.467049739999961 ], [ -56.684659359999962, -29.467227059999964 ], [ -56.684659009999962, -29.46740388999995 ], [ -56.684660459999961, -29.467579289999961 ], [ -56.68466482999996, -29.467752449999956 ], [ -56.68466843999996, -29.46792450999995 ], [ -56.684673799999963, -29.468096169999949 ], [ -56.684674949999959, -29.468267489999953 ], [ -56.684674539999961, -29.468437489999953 ], [ -56.684673819999958, -29.468606059999953 ], [ -56.684672139999961, -29.468772569999949 ], [ -56.684669649999961, -29.468936659999958 ], [ -56.684670189999956, -29.469098849999956 ], [ -56.684672669999962, -29.469259219999962 ], [ -56.684676, -29.46941433999995 ], [ -56.684678109999957, -29.469564389999945 ], [ -56.684680309999962, -29.469708089999955 ], [ -56.684681299999959, -29.469844859999956 ], [ -56.684681419999961, -29.469973489999951 ], [ -56.684681459999958, -29.470094719999949 ], [ -56.684681779999956, -29.470210939999948 ], [ -56.684683099999958, -29.470323079999961 ], [ -56.684684639999965, -29.470432199999955 ], [ -56.684686359999958, -29.470536629999959 ], [ -56.684688199999961, -29.470637399999966 ], [ -56.684688949999959, -29.470734699999955 ], [ -56.684689419999962, -29.470822859999949 ], [ -56.684690199999956, -29.470900339999954 ], [ -56.684690119999956, -29.470971409999951 ], [ -56.684691029999961, -29.471101849999958 ], [ -56.684690649999958, -29.471167569999952 ], [ -56.684690829999958, -29.471232529999959 ], [ -56.684691609999959, -29.471291819999962 ], [ -56.684692509999969, -29.471340479999952 ], [ -56.68469342999996, -29.471385489999953 ], [ -56.68469084999996, -29.471432639999954 ], [ -56.68469419999996, -29.471593249999955 ], [ -56.684693369999962, -29.471648349999956 ], [ -56.684694079999957, -29.471703679999955 ], [ -56.68469462999996, -29.47175938999996 ], [ -56.684695449999957, -29.471817979999951 ], [ -56.684696209999956, -29.471879769999951 ], [ -56.684695909999967, -29.47194302999997 ], [ -56.684697829999962, -29.472054929999949 ], [ -56.684694729999961, -29.472105489999944 ], [ -56.684695549999958, -29.472148129999944 ], [ -56.684694309999969, -29.472190439999952 ], [ -56.684693469999957, -29.472233739999957 ], [ -56.68469324999996, -29.47227576999996 ], [ -56.684692989999959, -29.47231647999995 ], [ -56.684693189999962, -29.472355649999948 ], [ -56.684694039999961, -29.47239456999996 ], [ -56.684695549999958, -29.472435289999957 ], [ -56.684695309999967, -29.472523599999949 ], [ -56.684694329999957, -29.472568339999953 ], [ -56.684694589999957, -29.472610549999956 ], [ -56.684694559999961, -29.472653239999953 ], [ -56.684694509999957, -29.472697719999957 ], [ -56.684694039999961, -29.47274306999995 ], [ -56.684693359999962, -29.472788539999961 ], [ -56.684691869999959, -29.472834589999955 ], [ -56.684690409999959, -29.472882159999955 ], [ -56.684689409999962, -29.472932259999954 ], [ -56.684688729999962, -29.472985199999961 ], [ -56.684688079999958, -29.473040509999962 ], [ -56.684687039999957, -29.473097949999961 ], [ -56.684685929999958, -29.473157289999957 ], [ -56.684684619999956, -29.473218629999952 ], [ -56.68468345999996, -29.473281989999961 ], [ -56.684683049999968, -29.473347599999965 ], [ -56.684682569999957, -29.473415499999955 ], [ -56.68468156999996, -29.473485909999958 ], [ -56.684678589999962, -29.473768479999954 ], [ -56.684678369999958, -29.473836009999957 ], [ -56.684677929999957, -29.473901479999945 ], [ -56.68467796999996, -29.473964 ], [ -56.684681899999958, -29.47402279999995 ], [ -56.684690489999959, -29.47407380999995 ], [ -56.684700229999962, -29.474113409999958 ], [ -56.684707539999962, -29.474144059999961 ], [ -56.684706089999956, -29.474202059999961 ], [ -56.684701369999956, -29.474215889999961 ], [ -56.684689469999967, -29.474240349999949 ], [ -56.684677769999958, -29.474265399999965 ], [ -56.684669319999962, -29.474294649999948 ], [ -56.684666589999956, -29.474330769999948 ], [ -56.684665, -29.474374069999953 ], [ -56.684664959999964, -29.47442228999995 ], [ -56.684665629999962, -29.474471989999952 ], [ -56.684666449999959, -29.474521269999954 ], [ -56.684667049999959, -29.474571029999964 ], [ -56.68466723999996, -29.474620039999959 ], [ -56.684667119999958, -29.47466565999996 ], [ -56.684666569999969, -29.474705129999954 ], [ -56.684665989999957, -29.474739439999954 ], [ -56.684665529999961, -29.474774149999959 ], [ -56.684664879999957, -29.474814649999949 ], [ -56.684664079999962, -29.474861689999948 ], [ -56.684663149999963, -29.474912859999957 ], [ -56.684662749999966, -29.474967529999944 ], [ -56.684662689999961, -29.475024889999951 ], [ -56.684659879999963, -29.475398119999955 ], [ -56.684660689999959, -29.475428859999951 ], [ -56.684658929999962, -29.47546375999995 ], [ -56.684656249999961, -29.475503189999952 ], [ -56.684652499999963, -29.47554923999995 ], [ -56.68465056999996, -29.475599189999951 ], [ -56.684648539999962, -29.475655 ], [ -56.684648139999958, -29.475714629999956 ], [ -56.684648079999967, -29.475779519999961 ], [ -56.684652249999957, -29.475846699999952 ], [ -56.684654019999961, -29.475926069999954 ], [ -56.684654859999959, -29.476007929999952 ], [ -56.684655189999958, -29.47609348999995 ], [ -56.684655059999962, -29.476184529999948 ], [ -56.684654469999963, -29.476278179999955 ], [ -56.684653269999956, -29.476373099999943 ], [ -56.684651909999957, -29.476471 ], [ -56.684651499999966, -29.476573739999949 ], [ -56.684649919999956, -29.476680379999951 ], [ -56.684647559999959, -29.476789049999947 ], [ -56.684645139999958, -29.476897829999952 ], [ -56.684641679999956, -29.477006039999953 ], [ -56.68463820999996, -29.477116769999956 ], [ -56.684637379999963, -29.477228689999958 ], [ -56.684635279999959, -29.477344109999958 ], [ -56.68463365999996, -29.477459079999953 ], [ -56.684632419999957, -29.47757217999996 ], [ -56.684632609999966, -29.477687089999957 ], [ -56.684634559999957, -29.477807839999954 ], [ -56.684639519999962, -29.477932309999957 ], [ -56.68464387999996, -29.478063899999945 ], [ -56.684650949999956, -29.478200309999956 ], [ -56.684662489999958, -29.478340039999967 ], [ -56.684678989999959, -29.478476139999948 ], [ -56.68469574999996, -29.478618739999956 ], [ -56.684716039999962, -29.478765349999954 ], [ -56.684740879999957, -29.47891459999996 ], [ -56.684772749999958, -29.479064729999948 ], [ -56.684801639999961, -29.479224469999956 ], [ -56.684841199999958, -29.479384149999952 ], [ -56.684887129999957, -29.479547379999946 ], [ -56.684936659999956, -29.479714349999941 ], [ -56.684991349999962, -29.479880909999952 ], [ -56.685052229999961, -29.480051079999949 ], [ -56.685120739999959, -29.480221679999957 ], [ -56.685191629999956, -29.48038882999996 ], [ -56.685267339999967, -29.480555789999954 ], [ -56.685347859999958, -29.480722119999953 ], [ -56.685432169999956, -29.480884759999949 ], [ -56.685519089999964, -29.481043429999943 ], [ -56.68560920999996, -29.481200209999955 ], [ -56.68570538999996, -29.481357299999956 ], [ -56.68580628999996, -29.481516 ], [ -56.68591019999996, -29.481677409999961 ], [ -56.686015939999962, -29.481841929999966 ], [ -56.686124219999961, -29.482009399999956 ], [ -56.686232849999961, -29.482179729999963 ], [ -56.686341739999961, -29.48235226999995 ], [ -56.686454, -29.482525339999956 ], [ -56.686565029999961, -29.482699619999952 ], [ -56.686676299999959, -29.482874489999951 ], [ -56.686786669999961, -29.483046439999953 ], [ -56.686888689999961, -29.483207749999941 ], [ -56.686981109999962, -29.483355879999941 ], [ -56.687070769999956, -29.483494699999955 ], [ -56.687159409999957, -29.48363073999996 ], [ -56.687248129999958, -29.483769399999957 ], [ -56.687338179999962, -29.483912029999949 ], [ -56.687432109999961, -29.484057359999959 ], [ -56.687527009999961, -29.484207069999961 ], [ -56.687622539999957, -29.484360479999953 ], [ -56.687722099999959, -29.48451698999995 ], [ -56.68782395999996, -29.48467615999995 ], [ -56.68792820999996, -29.484838589999949 ], [ -56.688034229999957, -29.485004279999956 ], [ -56.688141029999962, -29.485172819999956 ], [ -56.688250039999957, -29.485343809999957 ], [ -56.688359489999961, -29.485517579999954 ], [ -56.688471179999958, -29.485692899999954 ], [ -56.688584329999962, -29.485869899999948 ], [ -56.688698629999962, -29.486047799999948 ], [ -56.688812899999959, -29.486226689999956 ], [ -56.688927, -29.48640582999996 ], [ -56.689039649999962, -29.486585309999949 ], [ -56.689151749999958, -29.486760299999954 ], [ -56.689260079999961, -29.486928789999951 ], [ -56.689365049999964, -29.487091349999957 ], [ -56.689466879999962, -29.487250389999961 ], [ -56.689567829999959, -29.487409969999963 ], [ -56.689670069999956, -29.487570769999955 ], [ -56.689773849999959, -29.487732299999955 ], [ -56.689874269999962, -29.48789165999996 ], [ -56.689970229999957, -29.488043439999945 ], [ -56.690062449999957, -29.488188079999954 ], [ -56.690153299999956, -29.488328549999959 ], [ -56.69024686999996, -29.488468729999951 ], [ -56.69034081999996, -29.488611579999962 ], [ -56.690434839999959, -29.488757649999961 ], [ -56.690529499999961, -29.488906659999952 ], [ -56.690625269999963, -29.489058469999954 ], [ -56.690721389999958, -29.489212289999955 ], [ -56.690819, -29.489366869999955 ], [ -56.690918289999956, -29.489521969999956 ], [ -56.691019249999961, -29.48967862999995 ], [ -56.691121459999962, -29.489837649999956 ], [ -56.691224609999956, -29.489998799999952 ], [ -56.691329009999961, -29.490161919999956 ], [ -56.691434819999969, -29.490326329999949 ], [ -56.691543, -29.490490949999955 ], [ -56.691650279999962, -29.490656179999963 ], [ -56.691755419999957, -29.490821679999957 ], [ -56.691859559999962, -29.490988319999957 ], [ -56.691964749999961, -29.49115568999995 ], [ -56.692070919999956, -29.491323429999955 ], [ -56.692176709999956, -29.491490979999945 ], [ -56.692282059999961, -29.491657519999951 ], [ -56.692386969999959, -29.491823019999956 ], [ -56.692490529999958, -29.49198717999996 ], [ -56.692594099999958, -29.492149829999956 ], [ -56.692696949999956, -29.49231161999996 ], [ -56.692799669999957, -29.492472579999948 ], [ -56.692903299999962, -29.492634259999956 ], [ -56.693009279999963, -29.492798059999956 ], [ -56.693117049999962, -29.492964839999956 ], [ -56.693226269999961, -29.493135239999951 ], [ -56.693337359999958, -29.493308989999949 ], [ -56.693449939999958, -29.493485899999961 ], [ -56.693563439999963, -29.493665169999961 ], [ -56.693678499999962, -29.493845959999948 ], [ -56.69379492999996, -29.494027809999949 ], [ -56.693912179999963, -29.494211319999959 ], [ -56.694028579999966, -29.494395309999952 ], [ -56.694143909999966, -29.494576949999953 ], [ -56.694260399999962, -29.49475738999995 ], [ -56.694376179999963, -29.49493776999995 ], [ -56.694491869999958, -29.495117949999955 ], [ -56.694607389999959, -29.495297829999956 ], [ -56.694722639999959, -29.495477649999948 ], [ -56.694837769999957, -29.495657289999954 ], [ -56.694952439999959, -29.495836559999951 ], [ -56.695066219999958, -29.496016349999948 ], [ -56.695181759999961, -29.496195779999958 ], [ -56.695297239999967, -29.496375769999958 ], [ -56.69541291999996, -29.496556629999958 ], [ -56.695529299999961, -29.496737739999947 ], [ -56.695645329999962, -29.496918019999956 ], [ -56.69576071999996, -29.497097769999961 ], [ -56.69587553999996, -29.497276469999964 ], [ -56.695989909999959, -29.49745349999996 ], [ -56.696103329999957, -29.497628309999957 ], [ -56.696216399999962, -29.497800639999948 ], [ -56.696326029999959, -29.497972139999952 ], [ -56.696433809999959, -29.498143029999955 ], [ -56.696541109999956, -29.49831358999996 ], [ -56.696650729999959, -29.49848255999995 ], [ -56.696761129999956, -29.49865074999995 ], [ -56.696870989999958, -29.498818389999958 ], [ -56.69697938999996, -29.498985889999958 ], [ -56.697086059999961, -29.499153519999961 ], [ -56.697191989999965, -29.499321499999954 ], [ -56.69729849999996, -29.499491079999959 ], [ -56.69740679999996, -29.499662529999956 ], [ -56.697517629999957, -29.499836009999953 ], [ -56.697629759999963, -29.500011699999956 ], [ -56.697743179999961, -29.500188369999954 ], [ -56.697856709999961, -29.50036560999996 ], [ -56.697971109999962, -29.500542499999955 ], [ -56.698085709999965, -29.500719689999961 ], [ -56.698200609999958, -29.50089726999996 ], [ -56.69831544999996, -29.50107490999995 ], [ -56.698429719999957, -29.501253139999953 ], [ -56.698543059999956, -29.501430909999957 ], [ -56.698655209999956, -29.501607909999954 ], [ -56.698767129999958, -29.501785139999956 ], [ -56.698878689999958, -29.501962919999965 ], [ -56.698989969999957, -29.502141269999942 ], [ -56.69910147999996, -29.502319929999953 ], [ -56.69921388999996, -29.502498839999959 ], [ -56.699328029999961, -29.502676939999947 ], [ -56.699441699999959, -29.502853639999948 ], [ -56.69955567999996, -29.503027299999957 ], [ -56.699668539999962, -29.503193919999951 ], [ -56.699780139999966, -29.503352569999954 ], [ -56.699891469999969, -29.50350434999995 ], [ -56.700002419999961, -29.503652509999949 ], [ -56.700115029999957, -29.503797379999948 ], [ -56.700229689999958, -29.503938569999953 ], [ -56.700346629999956, -29.504077019999958 ], [ -56.700465469999962, -29.504212419999952 ], [ -56.700588269999969, -29.504344859999957 ], [ -56.700714529999956, -29.504474719999944 ], [ -56.700842819999956, -29.504603 ], [ -56.700971059999958, -29.504727139999961 ], [ -56.701102379999959, -29.504847069999954 ], [ -56.701236319999957, -29.504964889999954 ], [ -56.701371689999966, -29.505081319999956 ], [ -56.701508699999962, -29.505196159999954 ], [ -56.701648269999957, -29.505308939999967 ], [ -56.701790179999961, -29.505419659999955 ], [ -56.701933599999961, -29.505529209999953 ], [ -56.702078309999962, -29.505637659999952 ], [ -56.702225519999956, -29.505744199999956 ], [ -56.702375839999959, -29.505848469999957 ], [ -56.702527829999966, -29.505949209999947 ], [ -56.702840639999962, -29.506137169999949 ], [ -56.702999159999962, -29.506227329999948 ], [ -56.703160979999957, -29.506314409999955 ], [ -56.703324899999963, -29.506399869999953 ], [ -56.703490719999962, -29.506483809999953 ], [ -56.70365943999996, -29.506564379999944 ], [ -56.703829519999957, -29.50664212999995 ], [ -56.704000519999958, -29.506716829999949 ], [ -56.70417202999996, -29.506788149999959 ], [ -56.704343169999959, -29.506856929999952 ], [ -56.704513859999956, -29.506923229999959 ], [ -56.704685479999959, -29.506987269999961 ], [ -56.704862099999957, -29.507051269999948 ], [ -56.705044179999959, -29.507114399999942 ], [ -56.705231939999962, -29.507176299999948 ], [ -56.705425959999957, -29.507237559999957 ], [ -56.705620499999966, -29.507304789999946 ], [ -56.705821059999963, -29.507371359999951 ], [ -56.706020009999961, -29.50744819999996 ], [ -56.706233419999961, -29.507508759999943 ], [ -56.70644457999996, -29.507580669999957 ], [ -56.706659029999962, -29.507652569999959 ], [ -56.706876569999956, -29.507725409999964 ], [ -56.707096869999958, -29.507800139999958 ], [ -56.70732085999996, -29.507875139999953 ], [ -56.707546569999963, -29.507951259999956 ], [ -56.70777445999996, -29.508026019999946 ], [ -56.708002209999961, -29.508100769999963 ], [ -56.708229129999964, -29.508175509999951 ], [ -56.70845707999996, -29.508251009999952 ], [ -56.708687299999958, -29.508327479999952 ], [ -56.708920189999958, -29.508405599999957 ], [ -56.709155549999956, -29.508484949999943 ], [ -56.709396339999969, -29.508559919999943 ], [ -56.709635759999962, -29.508637909999969 ], [ -56.709873799999961, -29.508717729999951 ], [ -56.710111479999959, -29.508797449999957 ], [ -56.710349989999962, -29.508876559999955 ], [ -56.710588659999956, -29.508956469999958 ], [ -56.710827639999962, -29.509037099999947 ], [ -56.711067109999959, -29.509118129999951 ], [ -56.71130756999996, -29.509198909999949 ], [ -56.711549049999959, -29.509278849999948 ], [ -56.711791279999957, -29.509358699999957 ], [ -56.712033779999956, -29.509438879999948 ], [ -56.712517059999961, -29.50959730999995 ], [ -56.712755929999958, -29.509678069999957 ], [ -56.712995759999956, -29.509757439999948 ], [ -56.713236289999962, -29.509836629999956 ], [ -56.713477419999961, -29.509916459999953 ], [ -56.713718959999959, -29.509996679999951 ], [ -56.713961339999962, -29.51007712999996 ], [ -56.714204669999958, -29.510157189999958 ], [ -56.714448309999959, -29.51023723999996 ], [ -56.714692419999956, -29.510316739999951 ], [ -56.714935449999956, -29.510398009999957 ], [ -56.715177419999968, -29.510479949999954 ], [ -56.715418619999959, -29.510561859999971 ], [ -56.715659139999957, -29.510643289999948 ], [ -56.71589902999996, -29.51072364999996 ], [ -56.716138909999962, -29.510802169999948 ], [ -56.716378179999957, -29.510880319999959 ], [ -56.716617179999957, -29.510959179999954 ], [ -56.716856599999957, -29.511038659999954 ], [ -56.717096339999962, -29.511118859999961 ], [ -56.717336719999956, -29.511199599999948 ], [ -56.717577719999959, -29.511280009999965 ], [ -56.717819029999959, -29.51136015999996 ], [ -56.718060809999962, -29.511440439999962 ], [ -56.718302929999957, -29.511521259999963 ], [ -56.718545689999956, -29.511601489999961 ], [ -56.718788989999958, -29.511681929999956 ], [ -56.719032239999962, -29.511763089999949 ], [ -56.719272929999967, -29.511843959999954 ], [ -56.719509279999961, -29.511923759999963 ], [ -56.719741899999967, -29.512001799999954 ], [ -56.719971029999961, -29.512077089999956 ], [ -56.72019609999996, -29.512150969999954 ], [ -56.720417119999958, -29.512223219999953 ], [ -56.720634119999957, -29.512294429999947 ], [ -56.72084660999996, -29.51236512999996 ], [ -56.721054699999961, -29.512434369999948 ], [ -56.721258489999968, -29.512501899999954 ], [ -56.721457919999956, -29.512567289999954 ], [ -56.721652439999957, -29.512631589999941 ], [ -56.721842559999956, -29.512694 ], [ -56.722026589999956, -29.512754209999954 ], [ -56.722204729999959, -29.512812319999952 ], [ -56.722377659999964, -29.512868699999956 ], [ -56.722545779999962, -29.512924009999956 ], [ -56.722709339999959, -29.51297832999996 ], [ -56.722869239999959, -29.513031529999957 ], [ -56.723024129999956, -29.513082729999951 ], [ -56.723173889999956, -29.513132059999958 ], [ -56.723318629999959, -29.513179339999951 ], [ -56.723458269999959, -29.51322535999995 ], [ -56.723593209999962, -29.513269679999947 ], [ -56.723723059999962, -29.513312419999949 ], [ -56.723847619999958, -29.513353749999958 ], [ -56.723967109999961, -29.51339392999996 ], [ -56.72408165999996, -29.513432749999957 ], [ -56.72419388999996, -29.513470419999965 ], [ -56.724298789999956, -29.513505159999955 ], [ -56.724395639999962, -29.513536619999954 ], [ -56.724484509999961, -29.513565459999956 ], [ -56.724567579999956, -29.513592829999954 ], [ -56.724643379999961, -29.513617779999947 ], [ -56.724708019999966, -29.513636859999956 ], [ -56.724761699999959, -29.513649209999951 ], [ -56.724812009999958, -29.513660199999961 ], [ -56.724857529999959, -29.513670339999965 ], [ -56.724896589999958, -29.51368 ], [ -56.725102529999958, -29.513767029999947 ], [ -56.725104549999962, -29.513767589999954 ], [ -56.725111239999961, -29.513769799999952 ], [ -56.725125809999959, -29.513774689999956 ], [ -56.725130309999962, -29.513776039999957 ], [ -56.72514720999996, -29.513781119999955 ], [ -56.725179639999958, -29.513789599999946 ], [ -56.725216169999968, -29.51380128999995 ], [ -56.72525463999996, -29.513814789999962 ], [ -56.725297419999961, -29.513830799999951 ], [ -56.725345929999961, -29.513848189999944 ], [ -56.725399829999958, -29.513867349999956 ], [ -56.72545652999996, -29.513887039999958 ], [ -56.725513709999959, -29.513906409999944 ], [ -56.725569599999957, -29.513925139999959 ], [ -56.725624359999962, -29.513943309999959 ], [ -56.725679009999958, -29.513961499999954 ], [ -56.725734489999958, -29.513980099999955 ], [ -56.725790859999961, -29.513998909999952 ], [ -56.725848549999959, -29.514017669999959 ], [ -56.725906429999959, -29.514034769999952 ], [ -56.725962279999962, -29.514051519999949 ], [ -56.725967769999961, -29.514052949999954 ], [ -56.726017109999958, -29.514065769999956 ], [ -56.726072899999963, -29.514077779999955 ], [ -56.726128369999962, -29.51408895999996 ], [ -56.726183159999962, -29.514100589999956 ], [ -56.726233649999962, -29.514113979999951 ], [ -56.726281249999957, -29.514128469999957 ], [ -56.726324939999962, -29.514141039999956 ], [ -56.726363399999961, -29.514152859999946 ], [ -56.726395229999959, -29.514162969999958 ], [ -56.726417769999962, -29.514170279999956 ], [ -56.726432489999958, -29.514179859999956 ], [ -56.726436989999961, -29.514181479999959 ], [ -56.726455139999956, -29.514187859999957 ], [ -56.726482609999969, -29.514199229999956 ], [ -56.726522189999969, -29.514216649999948 ], [ -56.726566379999959, -29.514236469999958 ], [ -56.726614949999956, -29.514258879999954 ], [ -56.726670849999962, -29.514284899999957 ], [ -56.72673410999996, -29.514313229999949 ], [ -56.726807839999957, -29.514340979999957 ], [ -56.726892229999962, -29.514369849999959 ], [ -56.726987309999956, -29.514401459999949 ], [ -56.727093349999961, -29.514436649999954 ], [ -56.727202229999961, -29.514472889999951 ], [ -56.727314949999958, -29.514510269999956 ], [ -56.727434389999964, -29.514550229999958 ], [ -56.727560719999957, -29.514592549999961 ], [ -56.727694159999956, -29.514638249999951 ], [ -56.72783503999996, -29.514687099999957 ], [ -56.727984049999961, -29.514736939999949 ], [ -56.728140789999962, -29.514788199999956 ], [ -56.728304759999958, -29.514841819999951 ], [ -56.728470459999961, -29.514896759999957 ], [ -56.728638769999968, -29.514952569999956 ], [ -56.728811849999957, -29.515010709999963 ], [ -56.728995339999962, -29.515065429999954 ], [ -56.729178559999959, -29.515127459999956 ], [ -56.72936664999996, -29.515190959999959 ], [ -56.729559809999962, -29.515255289999953 ], [ -56.729757309999961, -29.515320339999942 ], [ -56.729958439999962, -29.515385919999961 ], [ -56.730162769999957, -29.515452329999949 ], [ -56.730368169999956, -29.51552030999996 ], [ -56.730574599999962, -29.515588879999946 ], [ -56.730781679999957, -29.515658539999951 ], [ -56.730989979999961, -29.515728359999944 ], [ -56.731201519999956, -29.515798319999952 ], [ -56.731417059999956, -29.515870329999967 ], [ -56.731636489999957, -29.515943249999967 ], [ -56.731854, -29.51601554999996 ], [ -56.73207053999996, -29.516087369999962 ], [ -56.732289549999962, -29.516158099999956 ], [ -56.732510259999962, -29.516229069999959 ], [ -56.732732069999969, -29.516302359999948 ], [ -56.732955089999969, -29.516377179999957 ], [ -56.733179949999958, -29.516452629999964 ], [ -56.733406339999959, -29.516528029999954 ], [ -56.733634169999959, -29.516603559999957 ], [ -56.733862909999957, -29.516680529999945 ], [ -56.734092039999958, -29.516757829999957 ], [ -56.73432135999996, -29.516833969999954 ], [ -56.734551469999957, -29.516909529999946 ], [ -56.734782049999957, -29.516984959999952 ], [ -56.735013199999969, -29.517060779999955 ], [ -56.73524435999996, -29.517138609999957 ], [ -56.735475839999957, -29.517215659999952 ], [ -56.735708309999957, -29.517292689999945 ], [ -56.735941389999958, -29.517368379999954 ], [ -56.736174679999962, -29.517444689999948 ], [ -56.736407469999961, -29.517522219999961 ], [ -56.736640309999956, -29.517599009999955 ], [ -56.736873609999961, -29.51767514999996 ], [ -56.737106789999956, -29.517752279999961 ], [ -56.737340009999961, -29.51782973999995 ], [ -56.737572789999959, -29.517908659999961 ], [ -56.737805019999961, -29.517987739999963 ], [ -56.738037799999958, -29.518066529999956 ], [ -56.738271709999957, -29.518143549999962 ], [ -56.738506389999962, -29.518220259999957 ], [ -56.738740829999962, -29.518298109999957 ], [ -56.738974499999962, -29.51837598999996 ], [ -56.739208249999962, -29.518454219999956 ], [ -56.739442129999958, -29.518531749999948 ], [ -56.739676359999962, -29.518608969999949 ], [ -56.739910639999962, -29.518686149999954 ], [ -56.740145029999958, -29.518763689999943 ], [ -56.740380189999961, -29.518841109999947 ], [ -56.740615719999958, -29.518918699999951 ], [ -56.740850509999959, -29.518996149999968 ], [ -56.741084519999959, -29.519073899999956 ], [ -56.74131837999996, -29.519151779999948 ], [ -56.741552899999959, -29.519230189999956 ], [ -56.741788589999956, -29.519309249999949 ], [ -56.742025619999957, -29.51938872999995 ], [ -56.742264439999957, -29.519467939999959 ], [ -56.74250586999996, -29.519548009999951 ], [ -56.742749829999958, -29.51962866999995 ], [ -56.742996249999969, -29.519709449999947 ], [ -56.743243559999961, -29.519791229999957 ], [ -56.743491499999962, -29.519874739999956 ], [ -56.74374034999996, -29.519958539999958 ], [ -56.743990609999962, -29.520041969999955 ], [ -56.744241079999959, -29.520125639999968 ], [ -56.744491749999966, -29.52020840999996 ], [ -56.744742459999962, -29.520291409999956 ], [ -56.744992989999957, -29.520374599999961 ], [ -56.745243069999958, -29.520457729999954 ], [ -56.74549273999996, -29.520540599999961 ], [ -56.745741589999959, -29.520623259999955 ], [ -56.74598995999996, -29.52070529999996 ], [ -56.74623762999996, -29.520787209999941 ], [ -56.746484749999965, -29.520869009999959 ], [ -56.746731109999956, -29.520951699999952 ], [ -56.746977479999956, -29.521033759999955 ], [ -56.747222409999956, -29.521115779999956 ], [ -56.747465089999956, -29.521196649999947 ], [ -56.74770515999996, -29.521276499999949 ], [ -56.74794320999996, -29.521354489999961 ], [ -56.748178629999956, -29.521432529999956 ], [ -56.748411849999968, -29.52151013999995 ], [ -56.748642709999956, -29.521586659999958 ], [ -56.748871289999961, -29.521662219999957 ], [ -56.74909763999996, -29.521737619999946 ], [ -56.749320239999967, -29.521812059999959 ], [ -56.749534689999962, -29.521884739999955 ], [ -56.749737839999959, -29.521953889999963 ], [ -56.749921049999962, -29.522016749999956 ], [ -56.75008753999996, -29.522077319999955 ], [ -56.750233589999958, -29.522130679999961 ], [ -56.750358749999961, -29.52217528999995 ], [ -56.750479709999958, -29.522218749999947 ], [ -56.750603429999956, -29.522262079999948 ], [ -56.750729099999958, -29.522304549999951 ], [ -56.750855079999958, -29.522345189999964 ], [ -56.750985389999961, -29.522387639999959 ], [ -56.751119939999967, -29.522433469999953 ], [ -56.751259419999961, -29.522481629999955 ], [ -56.751403199999956, -29.52253269999996 ], [ -56.751551629999959, -29.522584799999954 ], [ -56.751705519999959, -29.52263784999996 ], [ -56.751863519999958, -29.52269285999995 ], [ -56.752025199999956, -29.522752089999958 ], [ -56.752197529999968, -29.522796489999958 ], [ -56.752373809999959, -29.522844319999944 ], [ -56.752553909999961, -29.522894989999955 ], [ -56.752738349999959, -29.522948859999957 ], [ -56.752926869999961, -29.523005899999951 ], [ -56.75311621999996, -29.523068039999949 ], [ -56.753303759999959, -29.52312713999995 ], [ -56.753491609999962, -29.523190609999951 ], [ -56.753681579999956, -29.523255789999954 ], [ -56.753874, -29.523321079999949 ], [ -56.754068099999962, -29.523389009999956 ], [ -56.754265319999959, -29.523455759999958 ], [ -56.754464839999962, -29.523521929999959 ], [ -56.754666729999968, -29.523586119999958 ], [ -56.754870109999956, -29.523648499999958 ], [ -56.755071679999958, -29.523712319999955 ], [ -56.75527394999996, -29.52377653999995 ], [ -56.755474879999959, -29.523844389999958 ], [ -56.755677539999958, -29.52391260999995 ], [ -56.755879749999956, -29.523983819999941 ], [ -56.756082519999957, -29.524054919999951 ], [ -56.756286279999962, -29.524124129999954 ], [ -56.756491939999968, -29.524190079999951 ], [ -56.756696199999958, -29.524258709999955 ], [ -56.75689880999996, -29.524327219999954 ], [ -56.757100889999961, -29.524392879999954 ], [ -56.757302029999956, -29.524458009999965 ], [ -56.757500829999962, -29.524523829999954 ], [ -56.757695839999961, -29.524590259999954 ], [ -56.757887639999957, -29.524656539999963 ], [ -56.758076409999958, -29.524720519999956 ], [ -56.758264049999958, -29.524780949999951 ], [ -56.758448809999962, -29.524839619999959 ], [ -56.758627599999969, -29.524896159999951 ], [ -56.758801419999969, -29.524952529999958 ], [ -56.758973529999956, -29.525008319999952 ], [ -56.759142979999964, -29.525065469999959 ], [ -56.759310319999962, -29.52512122999995 ], [ -56.759479099999957, -29.525175179999948 ], [ -56.759647429999958, -29.525231929999951 ], [ -56.759815009999961, -29.525288309999947 ], [ -56.759984799999962, -29.525342149999958 ], [ -56.760156279999961, -29.525398309999961 ], [ -56.760329519999956, -29.525454679999942 ], [ -56.76050448999996, -29.525511169999955 ], [ -56.760680819999962, -29.52556983999996 ], [ -56.760859259999961, -29.525630109999941 ], [ -56.761039749999959, -29.525692089999961 ], [ -56.761223039999962, -29.52575403999996 ], [ -56.761408519999961, -29.525817189999959 ], [ -56.761597129999956, -29.525879809999964 ], [ -56.761788269999961, -29.525942829999952 ], [ -56.76198190999996, -29.526006489999954 ], [ -56.762177989999962, -29.526071459999958 ], [ -56.76237632999996, -29.526137199999965 ], [ -56.762577229999962, -29.526202539999957 ], [ -56.762778699999956, -29.526269019999951 ], [ -56.76297866999996, -29.526336129999969 ], [ -56.763177599999963, -29.526403119999951 ], [ -56.763376179999959, -29.52646912999996 ], [ -56.763574969999958, -29.526535829999965 ], [ -56.763775529999961, -29.526602609999959 ], [ -56.763978489999964, -29.526669579999957 ], [ -56.764183979999956, -29.526736379999953 ], [ -56.764391499999959, -29.52680404999996 ], [ -56.764600599999959, -29.526873199999955 ], [ -56.764811909999956, -29.526943019999958 ], [ -56.765025219999956, -29.527014049999956 ], [ -56.765239409999957, -29.527084809999955 ], [ -56.765452239999959, -29.527155269999959 ], [ -56.765663039999957, -29.527225139999953 ], [ -56.765872399999957, -29.52729440999995 ], [ -56.766081709999959, -29.527362649999965 ], [ -56.766291759999959, -29.527429969999957 ], [ -56.766501979999958, -29.527498109999954 ], [ -56.766712059999961, -29.527567159999947 ], [ -56.766921389999958, -29.527637459999948 ], [ -56.767129719999957, -29.527707529999955 ], [ -56.767337899999958, -29.527778469999955 ], [ -56.767546759999959, -29.527848989999956 ], [ -56.76775587999996, -29.527920299999952 ], [ -56.76796635999996, -29.527990929999959 ], [ -56.768178659999961, -29.528060079999953 ], [ -56.76839118999996, -29.52812963999995 ], [ -56.768602419999958, -29.528199459999957 ], [ -56.768812049999958, -29.528268189999956 ], [ -56.769021329999958, -29.528337719999957 ], [ -56.769233729999961, -29.52840745999994 ], [ -56.769449119999962, -29.528478349999951 ], [ -56.769666059999956, -29.52855000999995 ], [ -56.769883589999957, -29.528622749999961 ], [ -56.770101909999958, -29.528695499999959 ], [ -56.770320589999969, -29.528768369999952 ], [ -56.770531419999962, -29.528838909999951 ], [ -56.770732159999959, -29.528905579999957 ], [ -56.770928929999961, -29.528969799999967 ], [ -56.771122709999958, -29.529033219999949 ], [ -56.771312219999956, -29.529094239999967 ], [ -56.771498239999957, -29.529154829999957 ], [ -56.771682459999965, -29.529215079999954 ], [ -56.771865919999968, -29.529274789999956 ], [ -56.772050329999956, -29.529334869999968 ], [ -56.772237629999964, -29.529395459999961 ], [ -56.772426709999969, -29.529458699999957 ], [ -56.772618309999956, -29.529523239999953 ], [ -56.772811929999961, -29.529588899999951 ], [ -56.77300754999996, -29.529655119999962 ], [ -56.773204419999956, -29.529727069999954 ], [ -56.773407889999959, -29.529788729999961 ], [ -56.77361262999996, -29.52985510999995 ], [ -56.773819699999962, -29.529924079999958 ], [ -56.774029589999962, -29.52999382999996 ], [ -56.774241779999961, -29.530064849999956 ], [ -56.774456049999962, -29.530137229999951 ], [ -56.774673069999963, -29.53020907999996 ], [ -56.77489072999996, -29.530281309999943 ], [ -56.77510859999996, -29.530353929999951 ], [ -56.775328019999961, -29.530427919999948 ], [ -56.775549919999968, -29.530500009999958 ], [ -56.775771529999965, -29.530573429999958 ], [ -56.775991799999957, -29.530646079999951 ], [ -56.776209569999956, -29.530717829999961 ], [ -56.776425039999957, -29.530788979999951 ], [ -56.776638669999961, -29.530860159999946 ], [ -56.776852759999962, -29.530930839999964 ], [ -56.777068709999959, -29.531001409999963 ], [ -56.777286709999956, -29.53107197999995 ], [ -56.777506829999957, -29.531144179999963 ], [ -56.777728859999961, -29.531217519999959 ], [ -56.777952279999958, -29.531292809999961 ], [ -56.778177199999959, -29.53136879999996 ], [ -56.778402779999958, -29.531444069999949 ], [ -56.778629459999962, -29.531519619999955 ], [ -56.778857309999957, -29.53159435999995 ], [ -56.779085129999956, -29.531670339999948 ], [ -56.779313039999963, -29.531746459999951 ], [ -56.779543179999962, -29.531822369999947 ], [ -56.779775779999959, -29.531899579999958 ], [ -56.780010089999962, -29.531977139999952 ], [ -56.780245649999962, -29.532054729999963 ], [ -56.780482359999958, -29.532132769999958 ], [ -56.780719279999957, -29.532211159999946 ], [ -56.780955939999956, -29.532288689999955 ], [ -56.781191129999961, -29.532367099999956 ], [ -56.781424949999959, -29.532445459999959 ], [ -56.781658219999962, -29.532523499999961 ], [ -56.781889219999961, -29.532600879999951 ], [ -56.782116219999963, -29.532680329999952 ], [ -56.782345619999958, -29.532751509999954 ], [ -56.782574719999957, -29.532824459999958 ], [ -56.782804229999961, -29.53289902999996 ], [ -56.783033889999956, -29.532975099999955 ], [ -56.783264779999961, -29.533050709999948 ], [ -56.783495199999969, -29.533127789999956 ], [ -56.78372549999996, -29.533204569999963 ], [ -56.783957139999956, -29.533281679999956 ], [ -56.784191149999963, -29.53335846999995 ], [ -56.78442761999996, -29.533435759999943 ], [ -56.784665369999956, -29.533515029999961 ], [ -56.784906349999957, -29.53359461999996 ], [ -56.785148499999956, -29.533676259999954 ], [ -56.785389639999956, -29.533765 ], [ -56.785636729999958, -29.533840849999951 ], [ -56.785884429999967, -29.533922009999959 ], [ -56.786134899999958, -29.534003229999957 ], [ -56.786386929999964, -29.534087219999957 ], [ -56.786640149999961, -29.534171019999949 ], [ -56.786893109999959, -29.53425564999996 ], [ -56.787146229999962, -29.534341669999947 ], [ -56.787400439999956, -29.534428589999951 ], [ -56.787656759999962, -29.53451409999996 ], [ -56.787914509999958, -29.53459872999996 ], [ -56.788171979999966, -29.53468333999994 ], [ -56.78842901999996, -29.534768499999956 ], [ -56.788685769999958, -29.534853509999959 ], [ -56.78894221999996, -29.534937949999954 ], [ -56.789198619999958, -29.535021619999959 ], [ -56.789453789999961, -29.535105819999949 ], [ -56.789707409999956, -29.535190529999952 ], [ -56.789960739999962, -29.535274519999952 ], [ -56.790213909999956, -29.535357259999952 ], [ -56.790466739999957, -29.53544001999995 ], [ -56.790718949999956, -29.535522649999951 ], [ -56.790969899999965, -29.535606669999943 ], [ -56.791221179999958, -29.535689379999948 ], [ -56.791472059999961, -29.535772669999957 ], [ -56.791723469999958, -29.535856289999955 ], [ -56.791975779999959, -29.535941159999968 ], [ -56.792230209999957, -29.53602471999994 ], [ -56.792485779999957, -29.536109349999951 ], [ -56.792741959999958, -29.536194119999958 ], [ -56.792998759999961, -29.536279199999953 ], [ -56.793256949999957, -29.536365059999948 ], [ -56.793515219999961, -29.536452089999962 ], [ -56.793774419999956, -29.536539249999954 ], [ -56.79403390999996, -29.536627089999957 ], [ -56.794293139999958, -29.536715099999967 ], [ -56.794552899999957, -29.536801739999955 ], [ -56.794813379999958, -29.536887109999963 ], [ -56.79507420999996, -29.536972679999952 ], [ -56.795335199999961, -29.537059039999953 ], [ -56.795596979999956, -29.537144979999958 ], [ -56.795859009999958, -29.537231369999954 ], [ -56.79612060999996, -29.537317839999957 ], [ -56.796381309999958, -29.537403989999945 ], [ -56.796638719999962, -29.537489529999949 ], [ -56.79688988999996, -29.537573489999954 ], [ -56.797135939999961, -29.537655699999956 ], [ -56.797379099999958, -29.537736619999958 ], [ -56.797621519999957, -29.53781689999996 ], [ -56.79786457999996, -29.537896809999953 ], [ -56.798108169999956, -29.537978479999957 ], [ -56.798353519999957, -29.538059879999963 ], [ -56.798600399999962, -29.538142189999959 ], [ -56.798848789999958, -29.538224309999958 ], [ -56.799098069999957, -29.538306079999959 ], [ -56.799347499999961, -29.538387969999945 ], [ -56.799596459999961, -29.538469399999958 ], [ -56.79984359999996, -29.538549939999953 ], [ -56.800087299999959, -29.538630309999952 ], [ -56.80032819999996, -29.538709149999956 ], [ -56.800566909999958, -29.53878760999995 ], [ -56.800802169999962, -29.538866129999953 ], [ -56.801034349999959, -29.538943669999956 ], [ -56.801264039999957, -29.539018989999946 ], [ -56.801491169999956, -29.539092439999955 ], [ -56.801715629999961, -29.539165409999949 ], [ -56.801938469999961, -29.539237529999955 ], [ -56.802160129999962, -29.539309479999954 ], [ -56.802380239999962, -29.539382449999952 ], [ -56.80259893999996, -29.53945563999995 ], [ -56.802814649999959, -29.539533839999955 ], [ -56.803031139999959, -29.539604599999947 ], [ -56.803246469999962, -29.539674339999955 ], [ -56.803459279999956, -29.539742319999956 ], [ -56.803665409999958, -29.539811319999949 ], [ -56.803865509999959, -29.539878119999958 ], [ -56.804060599999957, -29.539943519999966 ], [ -56.804252189999957, -29.540007149999955 ], [ -56.804439939999959, -29.540069 ], [ -56.804620539999959, -29.540128249999956 ], [ -56.804792019999958, -29.540184789999959 ], [ -56.804952639999961, -29.540238019999947 ], [ -56.80510059999996, -29.540287509999956 ], [ -56.805235289999956, -29.540331979999952 ], [ -56.805353079999961, -29.540371869999955 ], [ -56.805460469999957, -29.54040873999995 ], [ -56.805559749999958, -29.540445479999946 ], [ -56.805655559999963, -29.540480969999955 ], [ -56.805753069999959, -29.540516079999943 ], [ -56.80585338999996, -29.540549219999949 ], [ -56.805958109999956, -29.540575709999963 ], [ -56.806063979999962, -29.540604659999961 ], [ -56.806170759999958, -29.54063882999996 ], [ -56.806280389999969, -29.54067511999996 ], [ -56.80639337999996, -29.540712309999961 ], [ -56.806510159999959, -29.540750169999949 ], [ -56.806626969999961, -29.540787179999956 ], [ -56.806741129999956, -29.540823889999952 ], [ -56.806850809999965, -29.540860979999948 ], [ -56.806956229999962, -29.540899479999954 ], [ -56.807061, -29.540936239999954 ], [ -56.807166229999957, -29.540974079999948 ], [ -56.807274449999959, -29.541012889999948 ], [ -56.807389389999962, -29.541048939999957 ], [ -56.80750469999996, -29.541088689999956 ], [ -56.807623799999959, -29.541117319999959 ], [ -56.807738179999959, -29.541155959999962 ], [ -56.807851169999957, -29.541192849999952 ], [ -56.807961889999959, -29.541230469999952 ], [ -56.808072859999967, -29.541271079999959 ], [ -56.808188009999959, -29.541303869999972 ], [ -56.808300629999962, -29.541342719999957 ], [ -56.808411459999959, -29.541383379999964 ], [ -56.808521569999961, -29.541422729999958 ], [ -56.808631549999959, -29.541458239999958 ], [ -56.808739629999963, -29.541494339999954 ], [ -56.808845899999959, -29.54153289999995 ], [ -56.808952959999957, -29.54156725999994 ], [ -56.809061609999965, -29.541601489999945 ], [ -56.809168619999959, -29.541637639999951 ], [ -56.809275099999958, -29.541669579999951 ], [ -56.809379289999967, -29.541703139999949 ], [ -56.809481579999961, -29.541736499999946 ], [ -56.809581849999958, -29.541769549999948 ], [ -56.809676779999961, -29.541800769999956 ], [ -56.809765919999961, -29.541830089999952 ], [ -56.80985177999996, -29.541858019999964 ], [ -56.809934669999961, -29.541884439999954 ], [ -56.810012099999959, -29.541909619999949 ], [ -56.81007385999996, -29.541927289999947 ], [ -56.810118359999962, -29.541940149999959 ], [ -56.810158809999962, -29.541952419999959 ], [ -56.810198589999956, -29.541964209999957 ], [ -56.810238239999961, -29.541976489999954 ], [ -56.810276979999962, -29.54198528999996 ], [ -56.810313959999959, -29.541987 ], [ -56.810374629999956, -29.541990759999955 ], [ -56.810392879999959, -29.541995029999942 ], [ -56.810401519999957, -29.54199889999995 ], [ -56.810403819999969, -29.541998959999955 ], [ -56.810405809999963, -29.541999479999955 ], [ -56.81040670999996, -29.541999819999958 ], [ -56.810418439999957, -29.542005489999951 ], [ -56.810442749999957, -29.542015409999966 ], [ -56.81048022999996, -29.542028749999957 ], [ -56.810522119999959, -29.542042729999952 ], [ -56.810567579999969, -29.54205758999996 ], [ -56.810617849999957, -29.542074109999952 ], [ -56.810667719999962, -29.542089049999959 ], [ -56.81071546999997, -29.542103859999948 ], [ -56.810760559999956, -29.542117729999951 ], [ -56.810801809999958, -29.542130539999956 ], [ -56.810841699999962, -29.542142919999961 ], [ -56.810877099999956, -29.54215326999995 ], [ -56.810905089999956, -29.542161189999959 ], [ -56.81092840999996, -29.542168959999955 ], [ -56.810944739999961, -29.542174159999956 ], [ -56.810956209999958, -29.542177439999961 ], [ -56.810963869999959, -29.542180699999953 ], [ -56.810994949999966, -29.542187289999951 ], [ -56.811009249999962, -29.542192539999952 ], [ -56.811033719999962, -29.542201609999953 ], [ -56.811070349999959, -29.542216339999957 ], [ -56.81111175999996, -29.54223346999995 ], [ -56.811158659999961, -29.542253909999953 ], [ -56.811213619999961, -29.542277039999963 ], [ -56.811273409999956, -29.542302069999955 ], [ -56.81133666999996, -29.542327199999949 ], [ -56.811402729999962, -29.542352789999956 ], [ -56.811471859999962, -29.542379839999949 ], [ -56.811545899999956, -29.542407719999957 ], [ -56.811622259999957, -29.542435279999957 ], [ -56.811699259999962, -29.542461589999952 ], [ -56.811778549999964, -29.542487519999959 ], [ -56.81186016999996, -29.542513189999966 ], [ -56.811943009999958, -29.542541579999956 ], [ -56.81202787999996, -29.542570389999963 ], [ -56.812114749999957, -29.542600249999957 ], [ -56.812204, -29.542631089999961 ], [ -56.812294899999962, -29.542662389999958 ], [ -56.812388979999966, -29.542692479999953 ], [ -56.812484759999961, -29.542722979999958 ], [ -56.81258074999996, -29.542755659999948 ], [ -56.812675339999956, -29.542787519999951 ], [ -56.812768209999959, -29.542819429999952 ], [ -56.812859329999959, -29.542848639999963 ], [ -56.812946539999963, -29.54287822999995 ], [ -56.813027039999959, -29.542905549999961 ], [ -56.813098699999962, -29.542928949999951 ], [ -56.813159159999962, -29.542948239999941 ], [ -56.813217539999961, -29.542967019999953 ], [ -56.813279759999958, -29.542987669999956 ], [ -56.81334994999996, -29.54301 ], [ -56.813428259999959, -29.543035669999956 ], [ -56.813514459999958, -29.543063709999956 ], [ -56.813606429999957, -29.543095329999957 ], [ -56.813703009999962, -29.543126759999947 ], [ -56.813802909999964, -29.543160109999949 ], [ -56.813906129999957, -29.543195059999956 ], [ -56.81401119999996, -29.543230919999949 ], [ -56.814117309999958, -29.543266879999955 ], [ -56.814223439999964, -29.543302609999948 ], [ -56.814329759999957, -29.543337639999951 ], [ -56.814436699999959, -29.543371599999947 ], [ -56.814543579999956, -29.543406499999964 ], [ -56.814650359999959, -29.543441909999956 ], [ -56.814758249999961, -29.543478299999951 ], [ -56.814868489999959, -29.543514129999959 ], [ -56.814978229999959, -29.543549509999952 ], [ -56.815080419999958, -29.543582779999952 ], [ -56.815170759999958, -29.543612929999956 ], [ -56.815252559999962, -29.543637659999956 ], [ -56.815331959999966, -29.543664129999961 ], [ -56.815412029999962, -29.543690729999955 ], [ -56.815494179999959, -29.543718339999955 ], [ -56.815577949999962, -29.543745369999957 ], [ -56.815663789999959, -29.543773089999956 ], [ -56.815751859999956, -29.543801509999959 ], [ -56.815841179999957, -29.543828959999953 ], [ -56.815929519999962, -29.543857879999958 ], [ -56.81601545999996, -29.54388637999995 ], [ -56.816098139999959, -29.543913589999956 ], [ -56.816176, -29.543940319999951 ], [ -56.816252409999962, -29.543965239999952 ], [ -56.816326369999956, -29.543990219999962 ], [ -56.816396779999963, -29.544015109999954 ], [ -56.816466279999958, -29.544038799999957 ], [ -56.816536929999963, -29.544064019999947 ], [ -56.81660989999996, -29.544088959999957 ], [ -56.816685059999962, -29.544114359999959 ], [ -56.816761529999958, -29.544138479999958 ], [ -56.816842209999962, -29.544162759999949 ], [ -56.81692952999996, -29.544189009999958 ], [ -56.817023609999957, -29.544218839999949 ], [ -56.817124749999962, -29.54425202999996 ], [ -56.81723523999996, -29.544288159999951 ], [ -56.817355189999958, -29.544327 ], [ -56.817484189999959, -29.544368869999953 ], [ -56.817618149999959, -29.544410619999947 ], [ -56.817755419999962, -29.544453309999955 ], [ -56.817898349999957, -29.544497729999961 ], [ -56.81804444999996, -29.54454070999995 ], [ -56.818192049999958, -29.544585559999952 ], [ -56.818342659999963, -29.544632389999947 ], [ -56.818499699999961, -29.544680519999954 ], [ -56.818659859999961, -29.544729319999941 ], [ -56.818819069999968, -29.544778519999959 ], [ -56.818976799999966, -29.544830279999957 ], [ -56.81913276999996, -29.544884729999943 ], [ -56.819290319999958, -29.544934619999957 ], [ -56.819451289999961, -29.544985769999958 ], [ -56.819616379999957, -29.545040789999955 ], [ -56.819786579999956, -29.545097319999968 ], [ -56.819962299999958, -29.545156069999937 ], [ -56.820142949999962, -29.54521607999996 ], [ -56.82032850999996, -29.545277869999953 ], [ -56.82051905999996, -29.545342909999952 ], [ -56.820713159999961, -29.545406789999941 ], [ -56.820909479999962, -29.545472449999956 ], [ -56.821104109999958, -29.545537039999953 ], [ -56.821296579999959, -29.545600909999958 ], [ -56.821491189999961, -29.545665399999955 ], [ -56.821688599999959, -29.545730739999957 ], [ -56.821888599999959, -29.54579695999994 ], [ -56.822091789999959, -29.545863609999952 ], [ -56.822297629999959, -29.545931109999948 ], [ -56.822505789999958, -29.545999629999947 ], [ -56.822715019999961, -29.546069399999951 ], [ -56.822925079999962, -29.546138819999964 ], [ -56.823134649999957, -29.54620919999995 ], [ -56.823343109999961, -29.546280439999943 ], [ -56.823549369999959, -29.546351029999951 ], [ -56.823753529999962, -29.546420959999953 ], [ -56.823955689999956, -29.54649022999995 ], [ -56.82415557999996, -29.546557969999963 ], [ -56.824353309999957, -29.546624139999956 ], [ -56.82454854999996, -29.546688539999959 ], [ -56.824741559999957, -29.546750869999958 ], [ -56.82493111999996, -29.546812259999953 ], [ -56.825114069999962, -29.54687289999994 ], [ -56.825291419999957, -29.546933229999947 ], [ -56.825463849999956, -29.546990239999957 ], [ -56.825629029999959, -29.547044969999956 ], [ -56.825784869999957, -29.547096569999958 ], [ -56.82593174999996, -29.54714202999995 ], [ -56.826066589999961, -29.547186479999954 ], [ -56.826187429999962, -29.547228339999961 ], [ -56.826299109999958, -29.547265209999953 ], [ -56.826405589999958, -29.547298429999948 ], [ -56.826507159999956, -29.547329589999954 ], [ -56.826601399999966, -29.547360919999964 ], [ -56.826684749999956, -29.547390179999955 ], [ -56.826757769999958, -29.547414439999955 ], [ -56.826825269999958, -29.547439519999955 ], [ -56.826888189999956, -29.547462589999952 ], [ -56.826943309999962, -29.547482199999958 ], [ -56.826989519999962, -29.547498689999959 ], [ -56.827030819999962, -29.547513099999961 ], [ -56.827066629999962, -29.547525319999956 ], [ -56.827093679999969, -29.547532739999962 ], [ -56.82710885999996, -29.547537989999967 ], [ -56.827112089999957, -29.547539489999966 ], [ -56.827114119999962, -29.547539939999954 ], [ -56.827121959999957, -29.547542639999946 ], [ -56.827136799999963, -29.547549649999958 ], [ -56.827155599999962, -29.547559149999955 ], [ -56.827178869999969, -29.54757302999996 ], [ -56.827201499999958, -29.547586659999965 ], [ -56.827225749999961, -29.547600479999943 ], [ -56.827253439999957, -29.54761386999996 ], [ -56.827284369999958, -29.547627159999948 ], [ -56.827316009999961, -29.547639429999954 ], [ -56.82734681999996, -29.547650659999963 ], [ -56.827364739999958, -29.54765624999995 ], [ -56.827376199999961, -29.547659819999964 ], [ -56.827406459999956, -29.547668889999951 ], [ -56.827440629999963, -29.547679849999952 ], [ -56.827479799999956, -29.547692339999948 ], [ -56.82752355999996, -29.547706989999959 ], [ -56.827570249999958, -29.547722839999963 ], [ -56.827618399999956, -29.547739479999947 ], [ -56.82766773999996, -29.547755969999947 ], [ -56.827716879999961, -29.547772909999964 ], [ -56.82776426999996, -29.547789799999954 ], [ -56.827808899999958, -29.547804769999949 ], [ -56.827851779999961, -29.54781872999996 ], [ -56.827892539999965, -29.547831259999956 ], [ -56.827931179999958, -29.547844259999952 ], [ -56.827938829999958, -29.547846749999952 ], [ -56.82796761999996, -29.547856099999954 ], [ -56.828007649999961, -29.547868909999956 ], [ -56.828054329999958, -29.547883609999957 ], [ -56.828109799999957, -29.547901779999965 ], [ -56.828174159999961, -29.547922459999956 ], [ -56.828247449999957, -29.547946099999955 ], [ -56.828331249999962, -29.547974059999948 ], [ -56.82842550999996, -29.548004819999957 ], [ -56.828530579999956, -29.548038679999962 ], [ -56.828635109999958, -29.548075439999959 ], [ -56.828746399999957, -29.548113009999962 ], [ -56.828863499999962, -29.548155909999959 ], [ -56.828988549999956, -29.548197 ], [ -56.82912016999996, -29.548240439999965 ], [ -56.829258179999961, -29.54828434999995 ], [ -56.829399219999956, -29.548332639999956 ], [ -56.82954043999996, -29.548379809999947 ], [ -56.829678349999959, -29.548424769999965 ], [ -56.829812659999959, -29.548468899999946 ], [ -56.829941339999962, -29.548513879999962 ], [ -56.830067829999962, -29.548558409999959 ], [ -56.830195169999961, -29.548607639999961 ], [ -56.830327529999963, -29.548649229999963 ], [ -56.830465199999956, -29.548690989999944 ], [ -56.830608849999962, -29.54872991999995 ], [ -56.830756399999956, -29.548773109999956 ], [ -56.830905509999958, -29.548823539999944 ], [ -56.83105246999996, -29.548877079999958 ], [ -56.831197639999957, -29.548933249999955 ], [ -56.831345789999958, -29.548984579999956 ], [ -56.831498089999961, -29.549030259999959 ], [ -56.831652539999958, -29.549076199999948 ], [ -56.831808539999962, -29.549125289999957 ], [ -56.831966329999958, -29.549178569999953 ], [ -56.832127559999961, -29.549232229999959 ], [ -56.832292279999969, -29.549286919999957 ], [ -56.83246108999996, -29.549342149999951 ], [ -56.832634699999957, -29.549396629999954 ], [ -56.832811619999958, -29.549453459999945 ], [ -56.832992129999958, -29.549512129999961 ], [ -56.833176309999956, -29.549572669999957 ], [ -56.833364299999957, -29.549635419999952 ], [ -56.833556749999957, -29.549699319999956 ], [ -56.83375369999996, -29.549763809999956 ], [ -56.833953909999956, -29.549829739999957 ], [ -56.834153269999959, -29.549895209999956 ], [ -56.834351979999958, -29.549960419999962 ], [ -56.834553849999956, -29.550026259999964 ], [ -56.83475810999996, -29.550093839999953 ], [ -56.834965229999959, -29.550161929999952 ], [ -56.835174729999956, -29.550230689999953 ], [ -56.83538603999996, -29.550300159999956 ], [ -56.835598919999967, -29.550370549999958 ], [ -56.835813479999956, -29.550441219999961 ], [ -56.836029729999957, -29.550512409999943 ], [ -56.836247089999958, -29.550584549999964 ], [ -56.836466299999962, -29.550656909999947 ], [ -56.836687589999961, -29.550729109999949 ], [ -56.836910799999956, -29.550802079999954 ], [ -56.837134399999961, -29.550875629999958 ], [ -56.837357689999962, -29.550950129999947 ], [ -56.837580959999961, -29.551024379999948 ], [ -56.837804379999959, -29.551098549999946 ], [ -56.83802715999996, -29.551172269999956 ], [ -56.83824905999996, -29.551244889999957 ], [ -56.838469359999962, -29.551317299999958 ], [ -56.838688669999961, -29.551389609999951 ], [ -56.838906969999961, -29.551461 ], [ -56.839123829999956, -29.55153132999995 ], [ -56.839339329999959, -29.551601639999962 ], [ -56.839553839999958, -29.551672389999968 ], [ -56.839767819999956, -29.551743469999959 ], [ -56.839981499999958, -29.551814489999948 ], [ -56.840194619999956, -29.551885459999959 ], [ -56.840407029999959, -29.551956239999953 ], [ -56.84062027999996, -29.552027639999945 ], [ -56.840834659999956, -29.552097969999945 ], [ -56.841049619999957, -29.552170519999947 ], [ -56.841265389999961, -29.552243349999948 ], [ -56.841481739999956, -29.552318189999948 ], [ -56.841698459999961, -29.552395299999954 ], [ -56.841914919999958, -29.552475659999953 ], [ -56.842130019999956, -29.552559569999957 ], [ -56.842343839999963, -29.552645029999955 ], [ -56.842557489999962, -29.552733899999961 ], [ -56.84277112999996, -29.552824989999948 ], [ -56.842981069999958, -29.552920179999955 ], [ -56.843186909999957, -29.55301788999995 ], [ -56.843388509999961, -29.553118069999957 ], [ -56.843586189999961, -29.55322030999994 ], [ -56.843781509999957, -29.553323319999954 ], [ -56.843974519999961, -29.553429 ], [ -56.844166139999956, -29.553537059999961 ], [ -56.84435665999996, -29.553646529999956 ], [ -56.844545349999962, -29.553760639999961 ], [ -56.844734699999968, -29.553876169999949 ], [ -56.844924239999962, -29.55399563999995 ], [ -56.845113529999956, -29.554117759999965 ], [ -56.84530069999996, -29.55424376999995 ], [ -56.845486119999961, -29.55437279999995 ], [ -56.845669549999961, -29.554506089999951 ], [ -56.84585236999996, -29.554642239999957 ], [ -56.84603442999996, -29.554780529999956 ], [ -56.846215509999958, -29.554922089999941 ], [ -56.846394169999968, -29.555067289999958 ], [ -56.846570819999961, -29.555216539999957 ], [ -56.846746349999961, -29.555368409999961 ], [ -56.846918409999958, -29.555524 ], [ -56.84708726999996, -29.555681019999959 ], [ -56.84725119999996, -29.555839549999952 ], [ -56.847412239999962, -29.555998619999954 ], [ -56.847568849999959, -29.55615915999995 ], [ -56.847722129999958, -29.556320839999959 ], [ -56.847872129999956, -29.556483109999945 ], [ -56.848018949999961, -29.556645919999941 ], [ -56.848162549999962, -29.556810829999954 ], [ -56.848301979999967, -29.556978379999954 ], [ -56.848437989999965, -29.557147429999947 ], [ -56.848569239999961, -29.557318159999951 ], [ -56.848696949999962, -29.557488669999948 ], [ -56.848824669999956, -29.557658569999955 ], [ -56.848947829999958, -29.557828819999944 ], [ -56.849066079999957, -29.55800037999995 ], [ -56.84917757999996, -29.558173159999942 ], [ -56.849286779999957, -29.558345989999953 ], [ -56.849393529999958, -29.558518399999951 ], [ -56.849496969999961, -29.558691989999954 ], [ -56.849597899999956, -29.55886502999995 ], [ -56.849695549999957, -29.559038989999969 ], [ -56.849789809999962, -29.559214179999959 ], [ -56.84988193999996, -29.559390319999956 ], [ -56.849971189999962, -29.559567879999953 ], [ -56.850056459999962, -29.559748529999943 ], [ -56.850139749999961, -29.559931719999948 ], [ -56.850221019999964, -29.560120379999955 ], [ -56.850300769999961, -29.560312069999949 ], [ -56.850380249999958, -29.560506089999947 ], [ -56.850455649999958, -29.560705099999961 ], [ -56.850529129999956, -29.560907659999952 ], [ -56.850603669999963, -29.561113069999948 ], [ -56.850681119999962, -29.56131936999995 ], [ -56.85075881999996, -29.561528009999954 ], [ -56.850836399999956, -29.56173723999996 ], [ -56.85091398999996, -29.561948379999951 ], [ -56.850990959999962, -29.562160329999948 ], [ -56.851068549999958, -29.56237379999995 ], [ -56.85114679999996, -29.562588129999956 ], [ -56.85122460999996, -29.562803199999959 ], [ -56.851305179999962, -29.563019119999954 ], [ -56.85138545999996, -29.563236649999965 ], [ -56.85146523999996, -29.563454359999948 ], [ -56.851543569999961, -29.563673249999958 ], [ -56.851622059999961, -29.563892349999957 ], [ -56.85170113999996, -29.564111789999959 ], [ -56.851779499999957, -29.564330949999963 ], [ -56.851857889999962, -29.564549569999951 ], [ -56.851937239999963, -29.564766849999952 ], [ -56.852017089999961, -29.564983739999953 ], [ -56.852096199999956, -29.565200809999954 ], [ -56.852174509999962, -29.565417289999957 ], [ -56.852252439999958, -29.565632789999956 ], [ -56.852331069999956, -29.565847279999961 ], [ -56.852409879999961, -29.566060669999956 ], [ -56.852488479999963, -29.566273469999942 ], [ -56.852565189999957, -29.566485389999947 ], [ -56.852641679999962, -29.566696059999956 ], [ -56.852717749999961, -29.566905799999965 ], [ -56.85279493999996, -29.567114409999959 ], [ -56.85287256999996, -29.567322039999947 ], [ -56.852949359999961, -29.56752907999995 ], [ -56.853024069999961, -29.567734889999961 ], [ -56.853098419999959, -29.567938569999953 ], [ -56.853169769999958, -29.56813973999995 ], [ -56.853239139999957, -29.568339869999953 ], [ -56.853307889999968, -29.568537779999964 ], [ -56.853378439999958, -29.568733269999949 ], [ -56.853448679999957, -29.568926839999943 ], [ -56.853519199999958, -29.569118669999956 ], [ -56.853589669999963, -29.569309189999959 ], [ -56.853659409999956, -29.569498889999966 ], [ -56.853729309999956, -29.569687149999961 ], [ -56.85379856999996, -29.569875029999952 ], [ -56.853868639999959, -29.570064219999956 ], [ -56.854341119999958, -29.57136568999994 ], [ -56.854404299999956, -29.571537439999958 ], [ -56.854466599999959, -29.571704639999961 ], [ -56.85452963999996, -29.571873639999954 ], [ -56.854592369999956, -29.572045219999954 ], [ -56.854656209999959, -29.572220459999958 ], [ -56.854720599999965, -29.572400169999959 ], [ -56.854786469999958, -29.572583309999953 ], [ -56.85485484999996, -29.572768549999953 ], [ -56.854923949999957, -29.57295656999996 ], [ -56.854994039999958, -29.573146129999952 ], [ -56.855063889999961, -29.573339699999956 ], [ -56.85513488999996, -29.573533129999955 ], [ -56.855206309999957, -29.573728829999961 ], [ -56.855278079999962, -29.573925649999957 ], [ -56.855349719999957, -29.57412311999996 ], [ -56.855422209999958, -29.574322129999953 ], [ -56.85549522999996, -29.574520249999946 ], [ -56.855568499999961, -29.574720459999952 ], [ -56.855642139999958, -29.574921899999961 ], [ -56.855715959999962, -29.575124459999952 ], [ -56.855789709999961, -29.575328299999953 ], [ -56.855863849999956, -29.575531919999957 ], [ -56.855938079999959, -29.575737599999954 ], [ -56.856013949999962, -29.575940749999948 ], [ -56.856089809999958, -29.576143889999951 ], [ -56.856165549999957, -29.576348979999949 ], [ -56.856239729999956, -29.576555729999953 ], [ -56.856314299999958, -29.576762369999937 ], [ -56.856389449999959, -29.576969459999965 ], [ -56.856465089999958, -29.577177149999951 ], [ -56.856540329999959, -29.577385089999954 ], [ -56.856616589999959, -29.57759252999994 ], [ -56.856690729999961, -29.577798109999954 ], [ -56.856764609999956, -29.578004959999948 ], [ -56.856839499999957, -29.578210449999958 ], [ -56.856914689999961, -29.578416589999954 ], [ -56.856990399999958, -29.578623359999948 ], [ -56.857067139999963, -29.578829539999948 ], [ -56.857143739999962, -29.579036179999964 ], [ -56.85721979999996, -29.579243139999953 ], [ -56.857295229999956, -29.579450159999947 ], [ -56.857370789999962, -29.57965697999995 ], [ -56.857445839999961, -29.579863889999952 ], [ -56.857520489999956, -29.58007060999995 ], [ -56.85759532999996, -29.580278739999954 ], [ -56.857670969999958, -29.580485889999963 ], [ -56.857746639999959, -29.580694749999953 ], [ -56.857822859999956, -29.580902209999948 ], [ -56.857898899999959, -29.581111629999967 ], [ -56.857975389999957, -29.581319739999955 ], [ -56.858051489999959, -29.581528059999954 ], [ -56.85812690999996, -29.581736029999945 ], [ -56.858202469999966, -29.581941979999964 ], [ -56.858277659999956, -29.582146829999953 ], [ -56.85835224999996, -29.582350079999941 ], [ -56.858427519999957, -29.582553119999965 ], [ -56.858501529999963, -29.582756129999957 ], [ -56.858575599999966, -29.582960229999951 ], [ -56.858648589999959, -29.583160439999958 ], [ -56.858721349999961, -29.583364519999947 ], [ -56.858792669999957, -29.583566119999951 ], [ -56.858864519999962, -29.583768249999956 ], [ -56.85893825999996, -29.583969659999955 ], [ -56.859011019999969, -29.584172059999954 ], [ -56.859085329999957, -29.584374799999949 ], [ -56.859158909999962, -29.584576699999953 ], [ -56.859231109999961, -29.584778829999951 ], [ -56.859303949999962, -29.58498049999994 ], [ -56.859376599999962, -29.585183379999961 ], [ -56.859449269999956, -29.585388049999974 ], [ -56.859523629999956, -29.585591459999954 ], [ -56.859600389999962, -29.585796599999959 ], [ -56.859675759999959, -29.58600171999996 ], [ -56.859751319999958, -29.586208709999958 ], [ -56.85982604999996, -29.586414739999949 ], [ -56.859900809999957, -29.58662238999996 ], [ -56.85997513999996, -29.586830759999948 ], [ -56.860050919999956, -29.587039089999948 ], [ -56.860127199999958, -29.587247059999953 ], [ -56.860203079999962, -29.58745470999995 ], [ -56.86027895999996, -29.587663299999949 ], [ -56.860354829999956, -29.587872239999953 ], [ -56.86043044999996, -29.588080689999952 ], [ -56.860505449999962, -29.588290129999955 ], [ -56.860581429999961, -29.588498079999944 ], [ -56.860657229999958, -29.588706079999948 ], [ -56.860732899999959, -29.588913649999956 ], [ -56.860808609999957, -29.589121679999959 ], [ -56.860884569999961, -29.589330129999951 ], [ -56.860961729999957, -29.589538049999963 ], [ -56.86103758999996, -29.589747839999944 ], [ -56.861113649999957, -29.589959019999952 ], [ -56.86118933999996, -29.590167039999955 ], [ -56.861264319999961, -29.590374729999958 ], [ -56.861339769999958, -29.590581099999952 ], [ -56.861414369999956, -29.590786859999959 ], [ -56.86148869999996, -29.590991949999953 ], [ -56.861640829999956, -29.591403309999954 ], [ -56.861716599999959, -29.591610159999949 ], [ -56.861792289999961, -29.59181738999996 ], [ -56.861867799999956, -29.592024539999947 ], [ -56.861943089999961, -29.59223290999995 ], [ -56.862019209999957, -29.592438159999961 ], [ -56.862094719999959, -29.592644139999951 ], [ -56.862169899999962, -29.59284919999995 ], [ -56.862244739999966, -29.593056029999946 ], [ -56.862319709999959, -29.593263839999949 ], [ -56.862392389999961, -29.593465199999947 ], [ -56.862465469999961, -29.593667859999957 ], [ -56.862538809999961, -29.593871119999953 ], [ -56.862610609999962, -29.594076049999956 ], [ -56.862683849999961, -29.594275939999964 ], [ -56.862759089999962, -29.594477849999954 ], [ -56.862833469999956, -29.594680229999959 ], [ -56.862906629999962, -29.594878619999964 ], [ -56.862978639999959, -29.595078159999954 ], [ -56.863049479999958, -29.595274669999956 ], [ -56.863116689999956, -29.595460149999948 ], [ -56.863182319999957, -29.595637729999954 ], [ -56.86324575999997, -29.595806169999964 ], [ -56.863306649999956, -29.595970039999958 ], [ -56.863366599999956, -29.596134019999955 ], [ -56.863427749999957, -29.59630055999995 ], [ -56.863488719999957, -29.596469789999947 ], [ -56.863550159999967, -29.596643319999956 ], [ -56.863611689999956, -29.596819139999948 ], [ -56.863674969999963, -29.596996189999963 ], [ -56.863740689999958, -29.597176629999961 ], [ -56.863806609999962, -29.597360459999951 ], [ -56.863873499999961, -29.59754313999996 ], [ -56.863941059999959, -29.597729819999959 ], [ -56.864010429999958, -29.597913949999956 ], [ -56.864080059999957, -29.598104019999958 ], [ -56.864149989999959, -29.598295449999952 ], [ -56.864252869999959, -29.598523699999962 ], [ -56.864293719999957, -29.598693599999951 ], [ -56.864366319999966, -29.598891299999956 ], [ -56.864513989999956, -29.599295569999949 ], [ -56.864588589999961, -29.599504549999953 ], [ -56.864662019999962, -29.599705189999945 ], [ -56.864734639999959, -29.599906919999952 ], [ -56.864807659999961, -29.600105449999951 ], [ -56.864881059999959, -29.600306249999949 ], [ -56.864955549999962, -29.600509949999967 ], [ -56.865030469999958, -29.600712479999956 ], [ -56.865105549999967, -29.600917389999957 ], [ -56.865179429999962, -29.601123599999948 ], [ -56.865253729999957, -29.601331339999952 ], [ -56.86533054999996, -29.601538539999954 ], [ -56.865407279999957, -29.601746989999953 ], [ -56.865484549999962, -29.601956349999963 ], [ -56.865561169999957, -29.602166009999944 ], [ -56.865637609999958, -29.602377259999951 ], [ -56.865715199999961, -29.602587259999954 ], [ -56.865792839999962, -29.60279747999995 ], [ -56.865870719999961, -29.603007369999961 ], [ -56.865948729999957, -29.603220519999955 ], [ -56.866026959999957, -29.603432899999955 ], [ -56.86610488999996, -29.603645489999952 ], [ -56.866183569999961, -29.60385852999995 ], [ -56.86626272999996, -29.604071949999955 ], [ -56.866341869999957, -29.604285739999959 ], [ -56.86642065999996, -29.604500119999958 ], [ -56.866500219999956, -29.60471512999996 ], [ -56.866579109999961, -29.604930929999959 ], [ -56.866657549999957, -29.605147459999944 ], [ -56.866736149999959, -29.605364669999961 ], [ -56.866815019999962, -29.605582029999955 ], [ -56.866894389999963, -29.605800309999957 ], [ -56.866974669999962, -29.606019349999961 ], [ -56.867054049999957, -29.606238769999962 ], [ -56.86713248999996, -29.606459689999948 ], [ -56.867210959999959, -29.606679879999959 ], [ -56.867289449999959, -29.60689964999996 ], [ -56.867369359999962, -29.607118479999944 ], [ -56.867449349999966, -29.607338169999952 ], [ -56.867530159999959, -29.607557749999952 ], [ -56.867612339999958, -29.607776769999948 ], [ -56.867694059999963, -29.607997549999947 ], [ -56.867776019999958, -29.608218569999963 ], [ -56.867857849999965, -29.608441159999948 ], [ -56.867939329999956, -29.608662739999957 ], [ -56.868021689999956, -29.608886749999954 ], [ -56.868104319999958, -29.609110389999959 ], [ -56.868186709999961, -29.609333859999957 ], [ -56.868268939999965, -29.609558829999948 ], [ -56.868350799999959, -29.609784839999943 ], [ -56.86843376999996, -29.610012079999958 ], [ -56.868516109999959, -29.610238379999952 ], [ -56.86859838999996, -29.61046625999996 ], [ -56.868681499999958, -29.610694059999961 ], [ -56.868763219999963, -29.610920889999957 ], [ -56.868844069999959, -29.611149789999953 ], [ -56.86892463999996, -29.61137053999996 ], [ -56.869005399999956, -29.611594789999952 ], [ -56.869087389999962, -29.611819069999946 ], [ -56.869171029999961, -29.612043289999956 ], [ -56.869255929999959, -29.612268149999949 ], [ -56.869340209999962, -29.61249311999995 ], [ -56.869421989999957, -29.612718939999947 ], [ -56.869504219999961, -29.612945729999957 ], [ -56.869586369999958, -29.613173099999951 ], [ -56.86966797999996, -29.61340168999995 ], [ -56.86974930999996, -29.613630179999948 ], [ -56.869830949999965, -29.613859369999957 ], [ -56.86991418999996, -29.614088929999948 ], [ -56.86999876999996, -29.614319129999952 ], [ -56.870083739999956, -29.614550769999944 ], [ -56.870168479999961, -29.614783579999955 ], [ -56.87025305999996, -29.615016289999957 ], [ -56.870337049999961, -29.615246699999954 ], [ -56.870421219999962, -29.615476739999952 ], [ -56.870505079999958, -29.615707099999952 ], [ -56.870588669999961, -29.615936759999961 ], [ -56.870671779999959, -29.616166109999948 ], [ -56.870755659999958, -29.616396889999947 ], [ -56.870840479999956, -29.616627139999949 ], [ -56.870926899999958, -29.616856649999949 ], [ -56.871015239999956, -29.617085299999953 ], [ -56.87110605999996, -29.617313259999953 ], [ -56.871201199999959, -29.617539349999959 ], [ -56.871300049999959, -29.617762399999968 ], [ -56.87140396999996, -29.617982509999944 ], [ -56.871512829999958, -29.618200379999955 ], [ -56.871624699999963, -29.618417509999944 ], [ -56.871739209999959, -29.61863329999996 ], [ -56.871856439999959, -29.618848179999958 ], [ -56.871976029999956, -29.619061469999959 ], [ -56.872096409999962, -29.619273629999963 ], [ -56.872217079999956, -29.619485679999947 ], [ -56.872338049999961, -29.619697149999951 ], [ -56.872457879999963, -29.619907769999951 ], [ -56.872576679999959, -29.620117419999957 ], [ -56.872693569999967, -29.620324249999943 ], [ -56.872808459999959, -29.620526859999952 ], [ -56.872921389999959, -29.620725789999955 ], [ -56.873034969999956, -29.620922639999943 ], [ -56.873147799999963, -29.621118419999956 ], [ -56.873260499999958, -29.621313829999956 ], [ -56.87337172999996, -29.621509449999948 ], [ -56.873482399999965, -29.621705439999957 ], [ -56.873594539999957, -29.621900959999959 ], [ -56.873708309999962, -29.622095889999958 ], [ -56.873821649999961, -29.622290809999949 ], [ -56.873935459999956, -29.622485259999959 ], [ -56.87404834999996, -29.622679649999952 ], [ -56.874159369999958, -29.62287398999996 ], [ -56.874270059999958, -29.623068069999967 ], [ -56.874380789999961, -29.623261769999957 ], [ -56.874492259999961, -29.623455089999947 ], [ -56.874603919999956, -29.623648039999967 ], [ -56.874715119999969, -29.623841369999955 ], [ -56.87482698999996, -29.624034589999948 ], [ -56.874938619999959, -29.624229789999962 ], [ -56.875049609999962, -29.624424229999956 ], [ -56.875162309999958, -29.624620009999958 ], [ -56.875274899999958, -29.624815899999962 ], [ -56.875387869999962, -29.625012159999958 ], [ -56.875500079999959, -29.625206449999947 ], [ -56.875611549999959, -29.62540089999996 ], [ -56.875721929999962, -29.625595179999952 ], [ -56.875832359999961, -29.625789259999955 ], [ -56.87594286999996, -29.625983439999953 ], [ -56.876052819999956, -29.626177299999949 ], [ -56.876162989999969, -29.626370359999953 ], [ -56.876274059999957, -29.626564059999957 ], [ -56.876385609999964, -29.626757539999971 ], [ -56.876498249999962, -29.626952039999946 ], [ -56.876611, -29.627146759999949 ], [ -56.876723619999957, -29.627342159999955 ], [ -56.876836719999957, -29.627538 ], [ -56.876950249999958, -29.627734739999955 ], [ -56.87706440999996, -29.627932919999957 ], [ -56.877178279999967, -29.628129719999951 ], [ -56.87729137999996, -29.62832725999996 ], [ -56.877404449999958, -29.628524959999968 ], [ -56.877516139999962, -29.628720309999952 ], [ -56.877628109999961, -29.628916409999945 ], [ -56.877738599999958, -29.629110489999956 ], [ -56.877848759999964, -29.629305099999954 ], [ -56.877959509999961, -29.62949873999996 ], [ -56.87807087999996, -29.629692389999953 ], [ -56.878183069999956, -29.629885819999959 ], [ -56.878295469999962, -29.630079579999951 ], [ -56.878407179999961, -29.630274659999952 ], [ -56.878517879999961, -29.630468259999951 ], [ -56.87862889999996, -29.63066205999996 ], [ -56.878736659999966, -29.630853469999952 ], [ -56.878848819999959, -29.631050259999956 ], [ -56.878953869999968, -29.631241459999963 ], [ -56.879062269999956, -29.631433389999952 ], [ -56.879171819999961, -29.631623679999951 ], [ -56.879282139999958, -29.631818869999961 ], [ -56.879392519999961, -29.63200611999995 ], [ -56.879721859999961, -29.632581399999957 ], [ -56.879830559999959, -29.632769759999949 ], [ -56.879938669999959, -29.632961059999953 ], [ -56.880045469999956, -29.633149749999955 ], [ -56.88015234999996, -29.633339069999948 ], [ -56.880259049999957, -29.633533459999949 ], [ -56.880365529999956, -29.633707899999965 ], [ -56.880472249999961, -29.63389375999996 ], [ -56.880577799999962, -29.63407053999995 ], [ -56.880681899999956, -29.634251749999954 ], [ -56.880787959999957, -29.63443675999995 ], [ -56.880895239999958, -29.63462442999996 ], [ -56.881004019999956, -29.634812899999957 ], [ -56.881112049999956, -29.635002269999955 ], [ -56.881220479999961, -29.635191809999952 ], [ -56.881330259999956, -29.635382949999951 ], [ -56.881440769999962, -29.635574249999951 ], [ -56.881552059999962, -29.635769659999951 ], [ -56.881662169999963, -29.635959189999951 ], [ -56.881773239999958, -29.636152469999956 ], [ -56.881883829999957, -29.636346329999959 ], [ -56.881994229999961, -29.636541309999956 ], [ -56.882105039999956, -29.636737359999948 ], [ -56.882217419999961, -29.636934099999955 ], [ -56.882330459999956, -29.637131959999955 ], [ -56.882443129999956, -29.637330089999949 ], [ -56.882556199999961, -29.637528639999964 ], [ -56.882668129999956, -29.637726349999959 ], [ -56.882779459999959, -29.637922609999947 ], [ -56.882891679999958, -29.638118329999948 ], [ -56.88299802999996, -29.638302479999961 ], [ -56.883095259999962, -29.638469979999954 ], [ -56.883182949999956, -29.638620989999968 ], [ -56.883263739999961, -29.638760909999952 ], [ -56.883339619999958, -29.638891589999954 ], [ -56.883409899999961, -29.639011329999949 ], [ -56.883474409999963, -29.639120979999952 ], [ -56.883532309999957, -29.639221459999952 ], [ -56.88358360999996, -29.639308709999941 ], [ -56.88362869999996, -29.639385759999957 ], [ -56.883669179999956, -29.639454919999949 ], [ -56.883706369999956, -29.639518259999949 ], [ -56.883741559999962, -29.639579359999953 ], [ -56.883776539999957, -29.639641359999949 ], [ -56.883811599999959, -29.639704649999956 ], [ -56.88384931999996, -29.639772359999959 ], [ -56.883891369999958, -29.639846269999943 ], [ -56.883937449999962, -29.639926469999942 ], [ -56.883987239999961, -29.640014189999956 ], [ -56.884040439999957, -29.64010890999996 ], [ -56.884096759999956, -29.640210719999953 ], [ -56.884157029999962, -29.640318779999941 ], [ -56.884221539999956, -29.640432589999957 ], [ -56.884290079999957, -29.640553189999942 ], [ -56.88436139999996, -29.64068162999995 ], [ -56.884432609999962, -29.640808259999961 ], [ -56.884504679999964, -29.640938459999955 ], [ -56.884580129999961, -29.641070899999949 ], [ -56.884658509999959, -29.641207659999957 ], [ -56.884740129999962, -29.641348959999956 ], [ -56.88482323999996, -29.641494319999957 ], [ -56.884909919999956, -29.641645429999947 ], [ -56.884998899999957, -29.641801189999953 ], [ -56.885090629999958, -29.641960579999964 ], [ -56.885185109999959, -29.642123709999954 ], [ -56.885278329999956, -29.642285599999958 ], [ -56.885373039999962, -29.642448729999948 ], [ -56.88546764999996, -29.642614469999948 ], [ -56.885564289999962, -29.64278382999996 ], [ -56.885662519999961, -29.642956029999944 ], [ -56.885762629999959, -29.643130149999962 ], [ -56.885863349999958, -29.643306289999956 ], [ -56.885964039999969, -29.643481419999954 ], [ -56.886064789999956, -29.643661089999945 ], [ -56.886167, -29.643840269999959 ], [ -56.88626981999996, -29.644020629999957 ], [ -56.886372229999957, -29.644202429999964 ], [ -56.88647411999996, -29.644385029999953 ], [ -56.886577449999962, -29.64456730999995 ], [ -56.886681479999957, -29.644749699999952 ], [ -56.886786439999959, -29.644931979999953 ], [ -56.886891589999962, -29.645114319999951 ], [ -56.886997049999962, -29.645296329999958 ], [ -56.887102229999961, -29.645478609999952 ], [ -56.887206739999961, -29.645661159999953 ], [ -56.887312039999962, -29.645844559999951 ], [ -56.887418199999956, -29.646028169999955 ], [ -56.887524849999956, -29.646213119999949 ], [ -56.887631379999959, -29.646398819999956 ], [ -56.887737779999959, -29.64658616999996 ], [ -56.887844339999958, -29.646774589999964 ], [ -56.887952319999961, -29.646963699999954 ], [ -56.888060029999956, -29.647153979999953 ], [ -56.888169179999956, -29.647344589999957 ], [ -56.888278009999958, -29.647536629999941 ], [ -56.888387799999961, -29.647729529999957 ], [ -56.888498629999958, -29.647922909999959 ], [ -56.888609939999959, -29.648116979999958 ], [ -56.88872201999996, -29.648311159999956 ], [ -56.888834399999958, -29.64850581999994 ], [ -56.88894674999996, -29.648700859999959 ], [ -56.889058249999962, -29.648896479999948 ], [ -56.889167689999958, -29.649089749999956 ], [ -56.889277239999956, -29.64928045999995 ], [ -56.889385939999961, -29.649471119999959 ], [ -56.889494099999958, -29.649659859999957 ], [ -56.889602019999963, -29.649846939999954 ], [ -56.889709809999957, -29.650033119999954 ], [ -56.889816909999958, -29.650220519999959 ], [ -56.889922589999962, -29.650402379999949 ], [ -56.890027709999956, -29.65058715999994 ], [ -56.890132299999962, -29.650769609999962 ], [ -56.890236379999962, -29.650950499999944 ], [ -56.890339979999958, -29.651130959999957 ], [ -56.89044365999996, -29.651311109999956 ], [ -56.890546159999957, -29.651490719999963 ], [ -56.890647499999957, -29.651668949999955 ], [ -56.890745889999963, -29.651841309999945 ], [ -56.89084031999996, -29.652007789999946 ], [ -56.89093091999996, -29.652165529999952 ], [ -56.891016989999962, -29.652314669999953 ], [ -56.891097729999956, -29.652454419999959 ], [ -56.891172539999957, -29.65258461999996 ], [ -56.891241379999961, -29.652704949999961 ], [ -56.89130465999996, -29.652816529999949 ], [ -56.891364669999959, -29.65291918999996 ], [ -56.891421739999956, -29.653018549999949 ], [ -56.891475359999959, -29.65311246999995 ], [ -56.891526939999956, -29.65320146999996 ], [ -56.891576669999957, -29.653286899999951 ], [ -56.891623249999959, -29.653367529999954 ], [ -56.891666399999956, -29.653442399999964 ], [ -56.891707, -29.653511339999945 ], [ -56.891744519999968, -29.653576069999961 ], [ -56.891779599999957, -29.65364025999995 ], [ -56.891812309999956, -29.653693939999965 ], [ -56.891844139999961, -29.653748 ], [ -56.891877089999959, -29.653794419999965 ], [ -56.891907959999962, -29.653836519999956 ], [ -56.89193506999996, -29.653877129999955 ], [ -56.891978739999956, -29.653940679999952 ], [ -56.891992299999956, -29.653962559999961 ], [ -56.892003419999959, -29.653980809999958 ], [ -56.892013209999959, -29.653995749999961 ], [ -56.892019619999957, -29.654006419999948 ], [ -56.892023589999958, -29.654018209999958 ], [ -56.892023969999961, -29.65401879999996 ], [ -56.892027859999956, -29.654026859999949 ], [ -56.892033939999962, -29.654041689999957 ], [ -56.892040769999959, -29.654062179999947 ], [ -56.892049419999957, -29.654089559999957 ], [ -56.892058839999962, -29.654116719999951 ], [ -56.892069619999965, -29.654144679999956 ], [ -56.892082529999961, -29.654172689999942 ], [ -56.892096459999962, -29.654200229999947 ], [ -56.892111179999958, -29.654229259999951 ], [ -56.892125939999957, -29.65425731999996 ], [ -56.89214031999996, -29.654283419999963 ], [ -56.89214872999996, -29.654297409999948 ], [ -56.892154109999957, -29.654306359999961 ], [ -56.892168279999957, -29.654330479999953 ], [ -56.892183939999967, -29.654357749999953 ], [ -56.892201609999958, -29.654389069999958 ], [ -56.892221769999956, -29.654425359999948 ], [ -56.892246209999961, -29.654468469999955 ], [ -56.892273829999958, -29.654517189999943 ], [ -56.892303149999961, -29.654569 ], [ -56.892333349999959, -29.654621619999954 ], [ -56.892362939999963, -29.654673329999959 ], [ -56.892393299999959, -29.654726689999958 ], [ -56.892423909999962, -29.654781059999955 ], [ -56.892455069999961, -29.654835699999957 ], [ -56.892485719999961, -29.654889009999955 ], [ -56.892516379999961, -29.654942049999953 ], [ -56.892546899999957, -29.654994879999947 ], [ -56.892576759999969, -29.655046639999956 ], [ -56.89260559999996, -29.65509700999996 ], [ -56.89263366999996, -29.655145779999948 ], [ -56.89266063999996, -29.655192739999954 ], [ -56.892687109999962, -29.655238199999957 ], [ -56.892712829999958, -29.655283609999948 ], [ -56.89273766999996, -29.655325979999958 ], [ -56.892747059999962, -29.655341539999949 ], [ -56.892760589999959, -29.655363919999957 ], [ -56.892786729999969, -29.655407409999949 ], [ -56.892816749999959, -29.655459119999957 ], [ -56.892934459999957, -29.655660499999964 ], [ -56.892982219999965, -29.655746729999947 ], [ -56.893030189999962, -29.655832159999953 ], [ -56.89308117999996, -29.655922129999965 ], [ -56.893135289999961, -29.656021329999955 ], [ -56.893193959999962, -29.656126289999953 ], [ -56.89325841999996, -29.656240319999956 ], [ -56.893327309999961, -29.656358299999951 ], [ -56.893399639999956, -29.656483649999952 ], [ -56.893473379999961, -29.656612459999952 ], [ -56.893548649999957, -29.656746979999948 ], [ -56.893627139999957, -29.656884549999958 ], [ -56.89370938999997, -29.657027499999959 ], [ -56.893793229999957, -29.657174029999961 ], [ -56.893877799999956, -29.657324609999961 ], [ -56.893964489999959, -29.657477009999955 ], [ -56.894052589999959, -29.657630369999943 ], [ -56.89414011999996, -29.657782559999951 ], [ -56.894229, -29.657936719999963 ], [ -56.894410579999956, -29.658252719999957 ], [ -56.894501, -29.658413869999951 ], [ -56.894591499999962, -29.65857405999996 ], [ -56.894682459999963, -29.658732909999955 ], [ -56.894773649999962, -29.658893049999961 ], [ -56.894864769999963, -29.659051099999953 ], [ -56.895049979999968, -29.659374519999954 ], [ -56.895142699999958, -29.659532099999961 ], [ -56.895236639999965, -29.659693829999956 ], [ -56.895330949999959, -29.65985940999995 ], [ -56.89542662999996, -29.660025739999949 ], [ -56.895522569999969, -29.660194149999949 ], [ -56.895619259999961, -29.66036393999995 ], [ -56.89571653999996, -29.660534849999955 ], [ -56.895814929999958, -29.660706619999957 ], [ -56.895914959999963, -29.660878869999951 ], [ -56.896015629999965, -29.661053149999947 ], [ -56.896116689999964, -29.661229079999956 ], [ -56.896217619999959, -29.66140500999996 ], [ -56.896318959999959, -29.661581309999949 ], [ -56.896419589999958, -29.661757029999958 ], [ -56.896520579999958, -29.661933819999948 ], [ -56.896620759999962, -29.662109909999963 ], [ -56.896720249999959, -29.662284929999963 ], [ -56.896819669999957, -29.66246080999996 ], [ -56.896920299999962, -29.662634499999953 ], [ -56.897021639999956, -29.662808929999962 ], [ -56.897122059999958, -29.662983589999957 ], [ -56.897221849999958, -29.66315945999995 ], [ -56.897321019999957, -29.66333421999995 ], [ -56.897421259999959, -29.663509879999953 ], [ -56.897521259999962, -29.663687569999958 ], [ -56.897620189999962, -29.663866229999968 ], [ -56.897723629999959, -29.664045839999957 ], [ -56.897826879999961, -29.66422603999996 ], [ -56.897930909999957, -29.664408209999966 ], [ -56.898036269999956, -29.664590709999949 ], [ -56.898141579999958, -29.664773089999958 ], [ -56.898246669999956, -29.664955109999955 ], [ -56.898350989999962, -29.665137119999951 ], [ -56.898455899999966, -29.665319779999951 ], [ -56.898562379999966, -29.66550221999994 ], [ -56.898669019999957, -29.665686689999955 ], [ -56.898774299999957, -29.665871739999961 ], [ -56.89887979999996, -29.666057809999952 ], [ -56.898984859999956, -29.666243129999941 ], [ -56.899090199999961, -29.666428929999956 ], [ -56.899195099999964, -29.666614469999949 ], [ -56.899300569999959, -29.666798779999958 ], [ -56.899406169999956, -29.666983189999947 ], [ -56.899511829999959, -29.667167979999956 ], [ -56.899617619999958, -29.667351649999954 ], [ -56.899723399999957, -29.667533719999945 ], [ -56.899827719999962, -29.667715249999961 ], [ -56.899932949999958, -29.667897849999953 ], [ -56.900038069999958, -29.66808183999996 ], [ -56.900143779999958, -29.668267 ], [ -56.900249839999958, -29.668452589999951 ], [ -56.900356129999956, -29.66863780999995 ], [ -56.900462259999962, -29.668823019999948 ], [ -56.900568669999956, -29.669008349999956 ], [ -56.900674289999962, -29.669193399999955 ], [ -56.900779489999962, -29.669378719999958 ], [ -56.900884479999959, -29.669563719999957 ], [ -56.900990699999959, -29.669749629999952 ], [ -56.901096969999962, -29.669934739999949 ], [ -56.901204219999961, -29.670121559999952 ], [ -56.901310969999962, -29.670306829999941 ], [ -56.901414329999959, -29.670486599999947 ], [ -56.901512379999957, -29.670660609999956 ], [ -56.901609789999959, -29.67082986999996 ], [ -56.901705569999962, -29.670997529999951 ], [ -56.901800979999962, -29.671166689999957 ], [ -56.901898739999957, -29.671336799999953 ], [ -56.901998259999957, -29.671507819999956 ], [ -56.90209705999996, -29.671681239999948 ], [ -56.902196439999962, -29.671855249999957 ], [ -56.902296729999961, -29.67202995999995 ], [ -56.902396379999956, -29.672205569999957 ], [ -56.902497209999957, -29.672380799999967 ], [ -56.902599579999958, -29.672557639999948 ], [ -56.90270162999996, -29.672736989999962 ], [ -56.902805629999961, -29.672917669999951 ], [ -56.902910329999962, -29.673100109999961 ], [ -56.903014029999959, -29.673282919999952 ], [ -56.903118249999956, -29.673465629999956 ], [ -56.903221769999959, -29.673648869999955 ], [ -56.903327289999957, -29.673830939999949 ], [ -56.903433319999962, -29.674014069999949 ], [ -56.903537929999956, -29.674197789999955 ], [ -56.903643049999957, -29.674381839999956 ], [ -56.903749079999962, -29.674565289999951 ], [ -56.903854649999957, -29.674748 ], [ -56.903959479999962, -29.674930489999959 ], [ -56.904063459999961, -29.675113089999954 ], [ -56.904167, -29.675292759999955 ], [ -56.90427040999996, -29.675472749999948 ], [ -56.904373219999968, -29.675652889999956 ], [ -56.904476839999958, -29.675833199999953 ], [ -56.90458110999996, -29.676015639999946 ], [ -56.904685459999968, -29.676199089999955 ], [ -56.904790579999961, -29.676383719999958 ], [ -56.904897269999957, -29.676570429999948 ], [ -56.905005539999969, -29.676759439999952 ], [ -56.905116429999964, -29.676950519999952 ], [ -56.905226399999961, -29.677143789999956 ], [ -56.905336939999962, -29.677337649999945 ], [ -56.905446809999958, -29.677531889999955 ], [ -56.905557159999958, -29.677725799999955 ], [ -56.905668439999957, -29.677919229999961 ], [ -56.905781109999964, -29.67811255999996 ], [ -56.905891949999962, -29.678305989999959 ], [ -56.906002749999956, -29.678498949999948 ], [ -56.906114669999958, -29.678691369999964 ], [ -56.906224969999968, -29.678885119999954 ], [ -56.906332949999957, -29.679077539999948 ], [ -56.906442229999961, -29.679269959999964 ], [ -56.906551589999957, -29.679461839999941 ], [ -56.906661169999964, -29.679653199999951 ], [ -56.906770499999958, -29.679843849999951 ], [ -56.90687932999996, -29.680033019999954 ], [ -56.906988109999958, -29.680221749999948 ], [ -56.907097179999965, -29.680409259999951 ], [ -56.907205849999961, -29.680596459999947 ], [ -56.907312459999957, -29.680781779999958 ], [ -56.907417669999965, -29.68096613999996 ], [ -56.907523129999959, -29.681149809999965 ], [ -56.907628729999956, -29.681333689999953 ], [ -56.907734739999967, -29.681517679999949 ], [ -56.907840149999956, -29.681701449999952 ], [ -56.907945429999963, -29.68188532999995 ], [ -56.908050499999959, -29.682068839999957 ], [ -56.908156849999962, -29.682251709999953 ], [ -56.908262689999958, -29.682434039999944 ], [ -56.908368209999956, -29.682615519999956 ], [ -56.908473409999957, -29.682797639999951 ], [ -56.908575969999958, -29.682975439999957 ], [ -56.908678159999958, -29.683152599999957 ], [ -56.908779779999961, -29.683332689999933 ], [ -56.908878709999961, -29.683504889999952 ], [ -56.908978069999968, -29.68367857999996 ], [ -56.909077719999964, -29.683852529999957 ], [ -56.90917806999996, -29.684027559999969 ], [ -56.909377799999959, -29.684382189999948 ], [ -56.909478109999959, -29.684559409999959 ], [ -56.909670669999969, -29.68489231999996 ], [ -56.90976425999996, -29.685055549999955 ], [ -56.909853299999959, -29.685208699999954 ], [ -56.909941179999961, -29.685362809999958 ], [ -56.910026719999969, -29.685513179999958 ], [ -56.910110969999963, -29.685661359999965 ], [ -56.910195499999958, -29.685809059999947 ], [ -56.910280739999962, -29.685956499999964 ], [ -56.910370329999957, -29.686107669999956 ], [ -56.910454569999956, -29.686257349999956 ], [ -56.91054057999996, -29.686405479999955 ], [ -56.910625189999962, -29.686554619999949 ], [ -56.911151399999959, -29.687475149999955 ], [ -56.911238199999957, -29.68762519999996 ], [ -56.911332079999958, -29.687770549999961 ], [ -56.911407779999962, -29.687914469999953 ], [ -56.911582829999958, -29.688218089999946 ], [ -56.911671379999959, -29.688371819999954 ], [ -56.911759959999962, -29.688529879999955 ], [ -56.911847039999962, -29.688682279999949 ], [ -56.911936339999968, -29.688842409999967 ], [ -56.912025779999958, -29.688999509999956 ], [ -56.912117419999959, -29.689161299999949 ], [ -56.912208669999956, -29.689320949999953 ], [ -56.912301839999962, -29.689484339999954 ], [ -56.912395009999962, -29.689647469999954 ], [ -56.912489429999958, -29.68981122999995 ], [ -56.912584299999956, -29.689977719999959 ], [ -56.912681179999957, -29.690145379999951 ], [ -56.91277970999996, -29.690315439999949 ], [ -56.912878929999962, -29.690487689999955 ], [ -56.912979489999962, -29.690662979999946 ], [ -56.913082159999959, -29.690839709999949 ], [ -56.913185199999958, -29.691018259999947 ], [ -56.913288849999958, -29.691198509999946 ], [ -56.913393199999959, -29.691379399999953 ], [ -56.913496509999959, -29.691561359999955 ], [ -56.913599839999961, -29.691742789999953 ], [ -56.913702909999962, -29.691924859999954 ], [ -56.913806, -29.692106439999957 ], [ -56.913909919999959, -29.692287069999953 ], [ -56.91401426999996, -29.692468439999949 ], [ -56.914118129999956, -29.692650139999955 ], [ -56.914221469999966, -29.692832309999943 ], [ -56.914324349999966, -29.693014909999963 ], [ -56.914427389999958, -29.693196819999947 ], [ -56.91453183999996, -29.693378299999953 ], [ -56.91463540999996, -29.693560739999956 ], [ -56.914740929999958, -29.69374301999996 ], [ -56.914847499999958, -29.693925519999954 ], [ -56.914952559999961, -29.694106619999943 ], [ -56.915057529999963, -29.694288319999959 ], [ -56.915161869999956, -29.694469899999966 ], [ -56.915265819999959, -29.694651329999957 ], [ -56.915364479999958, -29.694826089999957 ], [ -56.915465359999956, -29.695001639999955 ], [ -56.915565249999958, -29.695174849999947 ], [ -56.915665869999962, -29.69534971999996 ], [ -56.91576794999996, -29.695525649999954 ], [ -56.915870339999962, -29.695703769999952 ], [ -56.915973199999961, -29.695881989999954 ], [ -56.916075759999956, -29.696061499999953 ], [ -56.916178499999965, -29.696240789999941 ], [ -56.91628191999996, -29.69642007999996 ], [ -56.916384929999957, -29.69659926999995 ], [ -56.916487279999956, -29.696777599999958 ], [ -56.916589649999956, -29.696955929999959 ], [ -56.91669196999996, -29.697136819999955 ], [ -56.916794309999958, -29.697318409999951 ], [ -56.916897809999959, -29.697500109999957 ], [ -56.917001029999959, -29.697681689999953 ], [ -56.917104739999957, -29.697862589999957 ], [ -56.917207969999957, -29.698043749999961 ], [ -56.917311809999958, -29.69822591999996 ], [ -56.917415459999958, -29.698408469999947 ], [ -56.917520019999962, -29.698592459999954 ], [ -56.91762441999996, -29.698776439999957 ], [ -56.917732589999957, -29.698959629999948 ], [ -56.917840749999961, -29.699144309999948 ], [ -56.917948239999959, -29.699329639999956 ], [ -56.918055359999961, -29.699515489999957 ], [ -56.918162729999956, -29.699701559999955 ], [ -56.918270009999958, -29.699887259999947 ], [ -56.918376279999961, -29.700072739999946 ], [ -56.918481689999957, -29.700256409999966 ], [ -56.918585559999961, -29.70043905999994 ], [ -56.918688359999962, -29.700620439999952 ], [ -56.918790539999961, -29.700800309999956 ], [ -56.918891479999957, -29.700977629999958 ], [ -56.918992619999962, -29.701153779999956 ], [ -56.919093549999957, -29.701328799999956 ], [ -56.919194459999957, -29.701501849999953 ], [ -56.91929453999996, -29.701673829999958 ], [ -56.919392849999959, -29.701844589999947 ], [ -56.919491009999966, -29.702015129999957 ], [ -56.919588739999959, -29.702186679999954 ], [ -56.919687619999962, -29.702358609999965 ], [ -56.919786199999962, -29.702531179999955 ], [ -56.919885219999962, -29.702703319999948 ], [ -56.919984279999966, -29.702876849999953 ], [ -56.920084359999969, -29.703049099999959 ], [ -56.920183339999959, -29.70322129999996 ], [ -56.920282699999959, -29.703393329999955 ], [ -56.920381739999961, -29.703566429999956 ], [ -56.920480509999962, -29.703738839999957 ], [ -56.920579469999957, -29.703911889999944 ], [ -56.920678719999962, -29.704085899999953 ], [ -56.920780289999961, -29.70426134999995 ], [ -56.920882579999962, -29.704439419999961 ], [ -56.920987489999959, -29.704618869999951 ], [ -56.921093279999958, -29.704801199999949 ], [ -56.921199149999957, -29.704985729999965 ], [ -56.921306939999958, -29.705171899999954 ], [ -56.921414189999958, -29.705359729999955 ], [ -56.921521279999958, -29.705548199999953 ], [ -56.921630829999962, -29.705738859999954 ], [ -56.921742489999957, -29.705933679999948 ], [ -56.921856259999956, -29.706130639999952 ], [ -56.921969039999965, -29.70632886999995 ], [ -56.922082269999962, -29.706526889999953 ], [ -56.922195149999958, -29.706724059999956 ], [ -56.922307399999966, -29.706918989999956 ], [ -56.922415669999957, -29.707108799999951 ], [ -56.922520789999965, -29.707295179999957 ], [ -56.922625909999958, -29.707478 ], [ -56.92273078999996, -29.707659639999957 ], [ -56.92283555999996, -29.707841169999952 ], [ -56.922941349999959, -29.708022709999955 ], [ -56.92304654999996, -29.708203549999954 ], [ -56.923152369999961, -29.70838464999995 ], [ -56.923257509999956, -29.708568159999942 ], [ -56.923362739999959, -29.708753589999951 ], [ -56.923466419999961, -29.708941149999955 ], [ -56.923574049999964, -29.709129779999962 ], [ -56.92367919999996, -29.709315959999948 ], [ -56.92378087999996, -29.709490239999958 ], [ -56.92387422999996, -29.709652399999953 ], [ -56.92396259999996, -29.70980500999995 ], [ -56.924046529999956, -29.709949729999956 ], [ -56.924127959999957, -29.710090549999947 ], [ -56.92420562999996, -29.710227199999956 ], [ -56.924280579999959, -29.710357239999951 ], [ -56.92435135999996, -29.71048114999995 ], [ -56.924420349999963, -29.710600089999954 ], [ -56.924488579999959, -29.710715239999956 ], [ -56.924550049999958, -29.710820309999956 ], [ -56.924607279999961, -29.710918809999953 ], [ -56.924660609999961, -29.711011869999957 ], [ -56.924711039999956, -29.71109815999996 ], [ -56.924758079999961, -29.711177829999961 ], [ -56.924802679999956, -29.711249329999951 ], [ -56.924844679999957, -29.711312349999961 ], [ -56.92488352999996, -29.711365759999961 ], [ -56.924910099999963, -29.711403059999952 ], [ -56.924926509999956, -29.711426919999951 ], [ -56.924937389999961, -29.711442339999966 ], [ -56.924944919999959, -29.711454499999959 ], [ -56.924949449999957, -29.711461599999961 ], [ -56.924953059999957, -29.711473499999958 ], [ -56.924958629999963, -29.711491529999957 ], [ -56.924964879999969, -29.711516939999953 ], [ -56.92497386999996, -29.711548739999955 ], [ -56.924987469999962, -29.711581389999953 ], [ -56.925003769999961, -29.711611439999956 ], [ -56.925019489999961, -29.71163853999996 ], [ -56.925031419999961, -29.711660099999943 ], [ -56.925041629999967, -29.711678399999958 ], [ -56.925050439999957, -29.711694039999951 ], [ -56.925059429999962, -29.711709189999954 ], [ -56.925066819999962, -29.711722639999959 ], [ -56.925074049999957, -29.711734429999954 ], [ -56.925078779999957, -29.711742779999952 ], [ -56.925079889999957, -29.711744729999953 ], [ -56.925086399999962, -29.71175609999996 ], [ -56.925096279999956, -29.711772959999948 ], [ -56.92510915999997, -29.71179552999995 ], [ -56.925124739999958, -29.71182359999996 ], [ -56.92514210999996, -29.711855189999955 ], [ -56.925159959999959, -29.711887739999955 ], [ -56.925178799999962, -29.711922259999959 ], [ -56.925200199999956, -29.711958439999961 ], [ -56.925219009999957, -29.711990619999948 ], [ -56.925235569999963, -29.712018419999968 ], [ -56.925248299999957, -29.712040939999955 ], [ -56.925257909999956, -29.712056569999962 ], [ -56.925264439999964, -29.71206878999995 ], [ -56.925265219999957, -29.712070089999955 ], [ -56.92527220999996, -29.712081759999954 ], [ -56.925283949999965, -29.712101399999948 ], [ -56.925302459999962, -29.712133949999963 ], [ -56.925326529999964, -29.712177009999962 ], [ -56.925354199999958, -29.71222396999995 ], [ -56.925385279999958, -29.712278019999946 ], [ -56.92542179999996, -29.712342369999952 ], [ -56.925462439999961, -29.712416439999966 ], [ -56.925509369999958, -29.712500269999943 ], [ -56.925559339999957, -29.712590339999956 ], [ -56.92561149999996, -29.712682599999951 ], [ -56.925666969999959, -29.712781749999948 ], [ -56.925727399999957, -29.712887509999952 ], [ -56.925792159999958, -29.713000259999951 ], [ -56.925857389999962, -29.713114509999947 ], [ -56.92592597999996, -29.713233129999949 ], [ -56.925996579999961, -29.713356229999956 ], [ -56.926068779999959, -29.713481519999956 ], [ -56.926141479999956, -29.713607189999955 ], [ -56.926216079999961, -29.713735679999957 ], [ -56.92629155999996, -29.71386784999995 ], [ -56.926367889999959, -29.714003019999957 ], [ -56.926446969999958, -29.714141119999947 ], [ -56.926528, -29.714282469999947 ], [ -56.926611429999959, -29.714425959999954 ], [ -56.926696059999962, -29.71457258999995 ], [ -56.926782029999956, -29.714722 ], [ -56.92686915999996, -29.714874989999959 ], [ -56.926957289999962, -29.715030639999949 ], [ -56.927046829999959, -29.715189329999959 ], [ -56.927138499999963, -29.715349419999953 ], [ -56.927230499999958, -29.71550949999995 ], [ -56.927324059999961, -29.715671019999956 ], [ -56.927418059999958, -29.715831429999955 ], [ -56.92751314999996, -29.715992309999951 ], [ -56.92761215999996, -29.716152229999956 ], [ -56.927714449999961, -29.716311569999949 ], [ -56.927822189999958, -29.716469139999948 ], [ -56.927933039999957, -29.716624959999955 ], [ -56.928047339999956, -29.716779009999957 ], [ -56.92816614999996, -29.716932049999958 ], [ -56.928289149999962, -29.717083269999961 ], [ -56.928414869999962, -29.717232359999954 ], [ -56.928543279999957, -29.717378679999953 ], [ -56.928674469999962, -29.717522059999961 ], [ -56.928808479999958, -29.717662819999948 ], [ -56.928945829999961, -29.717800659999948 ], [ -56.929086789999957, -29.717936729999952 ], [ -56.929231419999958, -29.718069969999956 ], [ -56.929380249999966, -29.71820011999996 ], [ -56.929532349999967, -29.718327379999955 ], [ -56.929687819999963, -29.71845234999995 ], [ -56.929845579999956, -29.718574549999964 ], [ -56.930004749999959, -29.718695679999957 ], [ -56.930167129999958, -29.718814459999955 ], [ -56.930333539999957, -29.718930309999958 ], [ -56.930505599999961, -29.719043639999956 ], [ -56.930681529999958, -29.719153139999943 ], [ -56.930860629999962, -29.719259489999956 ], [ -56.93104248999996, -29.719362469999947 ], [ -56.931226319999958, -29.719462309999955 ], [ -56.931413269999958, -29.719559539999949 ], [ -56.931598779999959, -29.719652969999963 ], [ -56.931780469999957, -29.719742399999948 ], [ -56.93195431999996, -29.719825329999949 ], [ -56.93211653999996, -29.719901949999958 ], [ -56.93226407999996, -29.719972119999955 ], [ -56.932406389999962, -29.720039679999957 ], [ -56.932544139999962, -29.72010477999995 ], [ -56.932678049999957, -29.720167959999952 ], [ -56.932811689999966, -29.720230869999956 ], [ -56.932944879999958, -29.720293409999943 ], [ -56.933077139999959, -29.720355789999964 ], [ -56.933208539999967, -29.720417039999958 ], [ -56.93333924999996, -29.720477929999959 ], [ -56.933470679999957, -29.720538229999946 ], [ -56.933600129999967, -29.720598579999947 ], [ -56.933728649999956, -29.720653969999965 ], [ -56.933858579999956, -29.720712239999955 ], [ -56.933982989999961, -29.720773809999951 ], [ -56.934104949999956, -29.720829839999947 ], [ -56.934219829999961, -29.720882879999962 ], [ -56.934324979999957, -29.720931339999954 ], [ -56.934426659999957, -29.720977759999951 ], [ -56.934530399999957, -29.72102412999995 ], [ -56.934636, -29.721076959999952 ], [ -56.934744959999961, -29.721129519999948 ], [ -56.934857099999959, -29.721182769999949 ], [ -56.934974439999962, -29.721236449999957 ], [ -56.935094789999958, -29.721292109999965 ], [ -56.935218109999958, -29.721347769999959 ], [ -56.93534462999996, -29.721405549999961 ], [ -56.935464639999957, -29.721464089999955 ], [ -56.935588649999957, -29.721520329999947 ], [ -56.935705269999957, -29.721573319999944 ], [ -56.935824149999959, -29.721628229999958 ], [ -56.935946139999956, -29.721690179999953 ], [ -56.936068149999961, -29.721750529999955 ], [ -56.936191679999958, -29.721803039999955 ], [ -56.936316089999956, -29.721862799999961 ], [ -56.936446799999956, -29.721923959999952 ], [ -56.936581049999958, -29.721986009999963 ], [ -56.93671949999996, -29.722048069999953 ], [ -56.93686316999996, -29.722115789999965 ], [ -56.937010659999963, -29.722183819999955 ], [ -56.937162099999959, -29.722252979999947 ], [ -56.937317619999959, -29.722323629999959 ], [ -56.937484239999961, -29.722399289999959 ], [ -56.937648799999963, -29.72247714999996 ], [ -56.937816969999957, -29.722557349999967 ], [ -56.937989139999956, -29.722638989999961 ], [ -56.938162109999958, -29.722721169999961 ], [ -56.938339829999968, -29.722806009999953 ], [ -56.938518769999959, -29.72289042999995 ], [ -56.938697899999958, -29.722974739999952 ], [ -56.938878159999959, -29.723059099999951 ], [ -56.939058779999961, -29.723144479999959 ], [ -56.939241299999956, -29.723230179999955 ], [ -56.939425239999956, -29.723316139999948 ], [ -56.939611229999961, -29.723403119999961 ], [ -56.939798819999957, -29.723491909999954 ], [ -56.939990169999959, -29.723582089999958 ], [ -56.940185739999968, -29.723673599999966 ], [ -56.940385869999957, -29.723766289999958 ], [ -56.94058916999996, -29.723859349999955 ], [ -56.940795889999961, -29.723954339999953 ], [ -56.941004929999956, -29.724050059999954 ], [ -56.941214939999959, -29.724147079999959 ], [ -56.941425309999957, -29.72424482999995 ], [ -56.941635769999962, -29.724342479999958 ], [ -56.94184664999996, -29.724440289999954 ], [ -56.94205773999996, -29.72453937999995 ], [ -56.942269289999956, -29.724639219999947 ], [ -56.942481769999958, -29.724740019999949 ], [ -56.94269630999996, -29.724841249999947 ], [ -56.942912769999957, -29.724942839999958 ], [ -56.94312946999996, -29.725045079999948 ], [ -56.943348439999959, -29.72514678999995 ], [ -56.943567959999967, -29.725249879999968 ], [ -56.943789139999957, -29.725353399999957 ], [ -56.944011919999959, -29.725457989999956 ], [ -56.944236649999958, -29.725563059999949 ], [ -56.944462689999966, -29.725668769999952 ], [ -56.94469104999996, -29.72577414999995 ], [ -56.944919539999958, -29.725881089999959 ], [ -56.945148619999962, -29.725988719999958 ], [ -56.945377689999958, -29.726096559999956 ], [ -56.945606109999957, -29.726204619999951 ], [ -56.945834519999956, -29.72631245999996 ], [ -56.94606214999996, -29.726419769999964 ], [ -56.94628567999996, -29.726525149999954 ], [ -56.946508759999958, -29.726628729999959 ], [ -56.946733729999956, -29.726733049999957 ], [ -56.94695997999996, -29.726838539999953 ], [ -56.947188229999959, -29.726944249999949 ], [ -56.947417229999957, -29.727049739999956 ], [ -56.94764544999996, -29.727156249999954 ], [ -56.947873219999963, -29.727263129999951 ], [ -56.948099769999956, -29.727369379999956 ], [ -56.948325559999958, -29.727474549999965 ], [ -56.94855066999996, -29.727579889999955 ], [ -56.948774939999957, -29.727684629999956 ], [ -56.948998759999959, -29.72778932999995 ], [ -56.949222579999962, -29.727893429999956 ], [ -56.949446619999961, -29.727997269999953 ], [ -56.949670019999957, -29.728101429999949 ], [ -56.94989273999996, -29.728205489999954 ], [ -56.950114329999963, -29.728310229999948 ], [ -56.950334009999956, -29.728413699999951 ], [ -56.95055166999996, -29.728516209999963 ], [ -56.950767169999963, -29.728617809999957 ], [ -56.950980739999956, -29.728718289999964 ], [ -56.951191229999957, -29.728816099999957 ], [ -56.951398349999963, -29.728912519999952 ], [ -56.951603279999958, -29.729008139999948 ], [ -56.95180751999996, -29.729103229999954 ], [ -56.952011279999958, -29.729198849999968 ], [ -56.952215219999957, -29.729294319999948 ], [ -56.952419509999956, -29.729388179999955 ], [ -56.952621699999959, -29.729481929999963 ], [ -56.95282222999996, -29.72957472999996 ], [ -56.953021339999957, -29.729667199999952 ], [ -56.95322000999996, -29.729759089999956 ], [ -56.953419099999962, -29.72985214999996 ], [ -56.953618929999962, -29.729945959999956 ], [ -56.953820739999962, -29.730040299999956 ], [ -56.95402500999996, -29.730135179999955 ], [ -56.954231349999958, -29.730230589999945 ], [ -56.95443841999996, -29.730327859999949 ], [ -56.954647379999962, -29.730425989999947 ], [ -56.954856739999961, -29.730525509999964 ], [ -56.955066449999961, -29.730626309999959 ], [ -56.955276349999956, -29.730727479999956 ], [ -56.955486939999957, -29.730827049999963 ], [ -56.955697099999959, -29.730924969999972 ], [ -56.955905419999958, -29.731023099999948 ], [ -56.956112459999964, -29.731120969999967 ], [ -56.956318649999957, -29.731216849999946 ], [ -56.956525529999958, -29.731310769999951 ], [ -56.956731919999967, -29.731405329999955 ], [ -56.956938079999958, -29.73150067999995 ], [ -56.957144139999961, -29.731596679999953 ], [ -56.95735021999996, -29.73169368999995 ], [ -56.957556429999961, -29.731791499999961 ], [ -56.957763599999957, -29.731888879999957 ], [ -56.957971659999956, -29.731986099999951 ], [ -56.958180569999961, -29.732083489999951 ], [ -56.958390109999961, -29.732181669999957 ], [ -56.958599069999956, -29.732279639999952 ], [ -56.958806809999956, -29.732376969999958 ], [ -56.95901458999996, -29.732472859999962 ], [ -56.959221529999958, -29.732568489999949 ], [ -56.959427769999969, -29.732664479999961 ], [ -56.959634109999961, -29.732760959999961 ], [ -56.959841419999961, -29.732858289999953 ], [ -56.960049799999958, -29.732956629999951 ], [ -56.960258599999968, -29.733055139999951 ], [ -56.96046787999996, -29.733152839999953 ], [ -56.960677479999958, -29.733250599999959 ], [ -56.960886709999969, -29.733348939999956 ], [ -56.96109571999996, -29.733447449999957 ], [ -56.961303939999958, -29.733544879999954 ], [ -56.961511989999956, -29.73364129999996 ], [ -56.961716629999962, -29.733736549999961 ], [ -56.961917909999961, -29.733830679999958 ], [ -56.962115609999962, -29.733923 ], [ -56.962310159999959, -29.734012379999953 ], [ -56.962501139999965, -29.734100419999947 ], [ -56.962689079999961, -29.734187349999953 ], [ -56.962873599999959, -29.734273789999953 ], [ -56.963055189999956, -29.734360019999954 ], [ -56.963234959999959, -29.734444439999955 ], [ -56.96341264999996, -29.734529019999961 ], [ -56.963588739999956, -29.734612689999953 ], [ -56.963763919999963, -29.734696089999961 ], [ -56.96393915999996, -29.734778529999943 ], [ -56.964115249999956, -29.734860709999943 ], [ -56.96429176999996, -29.734943519999959 ], [ -56.964468879999956, -29.735026289999965 ], [ -56.964646139999957, -29.735109099999953 ], [ -56.964824209999961, -29.735192559999962 ], [ -56.965002859999956, -29.735275909999956 ], [ -56.965182789999957, -29.735359359999951 ], [ -56.965363469999957, -29.735443409999959 ], [ -56.965545429999956, -29.735527719999947 ], [ -56.965728029999958, -29.73561319999996 ], [ -56.965910899999969, -29.735699329999949 ], [ -56.966093069999957, -29.735785929999953 ], [ -56.966274229999961, -29.73587322999996 ], [ -56.96645618999996, -29.735958869999955 ], [ -56.966640609999956, -29.736043719999959 ], [ -56.966827159999958, -29.736129149999954 ], [ -56.967015359999962, -29.736215059999964 ], [ -56.967204469999956, -29.736302299999959 ], [ -56.967395129999964, -29.736390879999963 ], [ -56.967588029999966, -29.736480579999956 ], [ -56.967782959999958, -29.736571189999943 ], [ -56.967979489999962, -29.736662279999944 ], [ -56.968176869999958, -29.736754639999962 ], [ -56.96837509999996, -29.736847169999944 ], [ -56.968573709999959, -29.73694177999996 ], [ -56.968773119999959, -29.737037139999956 ], [ -56.968973919999961, -29.737132219999957 ], [ -56.96917631999996, -29.737226349999954 ], [ -56.969379139999958, -29.737321439999956 ], [ -56.969583349999958, -29.737415779999957 ], [ -56.96978852999996, -29.737510179999951 ], [ -56.96999411999996, -29.737605319999947 ], [ -56.97019806999996, -29.73770200999995 ], [ -56.970401589999959, -29.737796829999944 ], [ -56.970604089999959, -29.737891599999958 ], [ -56.970806809999956, -29.737985089999956 ], [ -56.971008889999958, -29.738078469999952 ], [ -56.971210749999962, -29.738171639999948 ], [ -56.971412349999959, -29.73826624999996 ], [ -56.971612989999961, -29.738360589999953 ], [ -56.971813089999962, -29.738454879999953 ], [ -56.972012499999963, -29.738549009999957 ], [ -56.97221126999996, -29.738642439999957 ], [ -56.972409079999963, -29.73873470999995 ], [ -56.972606349999957, -29.738826589999956 ], [ -56.972803409999962, -29.73891831999995 ], [ -56.973000689999957, -29.73900972999995 ], [ -56.97319721999996, -29.739101129999959 ], [ -56.973392679999961, -29.739192109999955 ], [ -56.97358743999996, -29.739282609999954 ], [ -56.973781199999962, -29.739372689999957 ], [ -56.973974099999964, -29.739463079999968 ], [ -56.974166679999961, -29.739553309999959 ], [ -56.97435903999996, -29.739642749999955 ], [ -56.974551349999956, -29.739731859999956 ], [ -56.974743189999963, -29.739820869999953 ], [ -56.974934799999957, -29.739910079999952 ], [ -56.975126099999962, -29.739999089999955 ], [ -56.975317349999962, -29.740088039999961 ], [ -56.975507899999961, -29.740177419999956 ], [ -56.975697649999958, -29.74026797999996 ], [ -56.975887559999968, -29.740357729999957 ], [ -56.976077639999957, -29.740446149999954 ], [ -56.976267709999966, -29.740534779999962 ], [ -56.976458259999958, -29.740622879999965 ], [ -56.976648759999961, -29.740710659999952 ], [ -56.976838929999964, -29.740799339999953 ], [ -56.977028899999958, -29.740888509999948 ], [ -56.977219129999959, -29.740978259999959 ], [ -56.977409889999961, -29.741068229999954 ], [ -56.977601669999956, -29.741158729999963 ], [ -56.977794309999958, -29.741250029999968 ], [ -56.977986459999961, -29.74134143999995 ], [ -56.978179309999959, -29.741431139999957 ], [ -56.978373429999969, -29.741518749999951 ], [ -56.978567079999962, -29.741606369999953 ], [ -56.978760829999956, -29.741693829999956 ], [ -56.978953889999964, -29.741781879999948 ], [ -56.97914662999996, -29.741871199999959 ], [ -56.979338729999959, -29.741960739999968 ], [ -56.979531259999959, -29.74205038999995 ], [ -56.97972388999996, -29.742140189999951 ], [ -56.979916089999961, -29.742230209999953 ], [ -56.980107819999965, -29.74232097999996 ], [ -56.980299759999959, -29.742410729999957 ], [ -56.980492549999958, -29.74250037999996 ], [ -56.980686519999956, -29.742590449999945 ], [ -56.980880699999958, -29.74268025999995 ], [ -56.981075359999956, -29.742771879999964 ], [ -56.981270129999956, -29.742862809999949 ], [ -56.981465479999962, -29.742953949999954 ], [ -56.981661309999957, -29.743045679999952 ], [ -56.981858269999961, -29.743137459999954 ], [ -56.982055649999957, -29.743229929999949 ], [ -56.982254209999958, -29.743323469999964 ], [ -56.982453139999961, -29.743416589999953 ], [ -56.982651689999962, -29.743509859999961 ], [ -56.982847629999959, -29.743602919999933 ], [ -56.983042029999957, -29.743699029999956 ], [ -56.98323604999996, -29.743797959999956 ], [ -56.983429589999957, -29.74390024999996 ], [ -56.983622859999969, -29.744006599999956 ], [ -56.983814479999957, -29.744116409999965 ], [ -56.984004019999965, -29.744229219999951 ], [ -56.984191369999962, -29.744343619999956 ], [ -56.984376099999956, -29.744460159999964 ], [ -56.984556939999962, -29.74457819999995 ], [ -56.984735269999959, -29.744699109999949 ], [ -56.984911099999962, -29.744824089999952 ], [ -56.985085209999966, -29.744952419999951 ], [ -56.985256929999956, -29.745084699999961 ], [ -56.98542992999996, -29.745217139999951 ], [ -56.985605859999957, -29.745348139999962 ], [ -56.98578039999996, -29.745482349999961 ], [ -56.985949549999958, -29.745620869999957 ], [ -56.986115129999959, -29.745763499999953 ], [ -56.986277509999965, -29.74590837999996 ], [ -56.98643571999996, -29.746051329999954 ], [ -56.986592119999962, -29.746194289999963 ], [ -56.986747509999958, -29.746336549999942 ], [ -56.986901299999957, -29.746477039999959 ], [ -56.987054869999959, -29.746617809999968 ], [ -56.987207689999963, -29.746758259999957 ], [ -56.987360359999961, -29.746897479999951 ], [ -56.987512869999961, -29.74703652999996 ], [ -56.98766520999996, -29.747176179999961 ], [ -56.987817019999966, -29.747316519999952 ], [ -56.987969099999958, -29.747457279999956 ], [ -56.988123849999958, -29.747599759999957 ], [ -56.988276349999957, -29.74773891999995 ], [ -56.988429869999962, -29.747879049999952 ], [ -56.988583549999966, -29.748020349999958 ], [ -56.988737499999957, -29.748162709999953 ], [ -56.988891389999957, -29.748305559999956 ], [ -56.989044859999957, -29.748449209999951 ], [ -56.98919826999996, -29.74859114999996 ], [ -56.989350669999958, -29.748729459999968 ], [ -56.989500879999959, -29.748865479999953 ], [ -56.989648149999958, -29.749000479999957 ], [ -56.989792119999962, -29.749133239999964 ], [ -56.989933789999967, -29.749264829999959 ], [ -56.990073119999963, -29.749393799999957 ], [ -56.990211479999957, -29.74951994999995 ], [ -56.990347819999961, -29.749643209999952 ], [ -56.990481759999959, -29.749764069999941 ], [ -56.990611799999961, -29.749878529999958 ], [ -56.990737359999962, -29.749989789999958 ], [ -56.990856719999961, -29.750097149999942 ], [ -56.990969959999958, -29.750199439999957 ], [ -56.991077159999961, -29.750297629999956 ], [ -56.991176729999964, -29.750392179999949 ], [ -56.991271599999962, -29.750476069999955 ], [ -56.991361409999961, -29.750566939999967 ], [ -56.991447589999957, -29.75064681999995 ], [ -56.991527199999958, -29.750718589999956 ], [ -56.991602019999959, -29.750787749999947 ], [ -56.991669839999958, -29.750848949999956 ], [ -56.991729869999965, -29.750903169999951 ], [ -56.991782529999966, -29.750950229999951 ], [ -56.99183002999996, -29.750991849999952 ], [ -56.991872069999957, -29.751025519999949 ], [ -56.991908729999956, -29.751052359999949 ], [ -56.991939409999958, -29.751071889999967 ], [ -56.991959319999957, -29.751085499999956 ], [ -56.991975169999961, -29.75109766999995 ], [ -56.991989199999956, -29.751110259999958 ], [ -56.992000139999966, -29.751119599999946 ], [ -56.992005689999957, -29.751124399999959 ], [ -56.992007, -29.751125459999955 ], [ -56.99201774999996, -29.751136349999957 ], [ -56.992036, -29.751159989999955 ], [ -56.992054989999957, -29.751186249999954 ], [ -56.992076549999958, -29.751215649999963 ], [ -56.992104299999959, -29.751246809999955 ], [ -56.99213583999996, -29.751276639999954 ], [ -56.992164919999958, -29.751302789999954 ], [ -56.992174899999959, -29.751311689999959 ], [ -56.99218924999996, -29.751324499999964 ], [ -56.992216199999959, -29.751349 ], [ -56.992247309999961, -29.751377489999957 ], [ -56.992284709999957, -29.751410469999957 ], [ -56.99232424999996, -29.751446649999952 ], [ -56.99236202999996, -29.75148127999995 ], [ -56.992396819999961, -29.751512819999945 ], [ -56.99242755999996, -29.751540719999952 ], [ -56.992444969999958, -29.751556969999964 ], [ -56.992456109999956, -29.751567349999956 ], [ -56.992488019999961, -29.75159770999996 ], [ -56.992526969999957, -29.751631329999963 ], [ -56.992572759999959, -29.751667459999943 ], [ -56.992620889999962, -29.751703369999955 ], [ -56.992665709999962, -29.751738849999953 ], [ -56.99270561999996, -29.751772629999955 ], [ -56.992741319999958, -29.75180480999996 ], [ -56.99277397999996, -29.751833189999967 ], [ -56.99280385999996, -29.751860029999953 ], [ -56.992831769999967, -29.75188484999995 ], [ -56.992858179999956, -29.751908269999948 ], [ -56.992881549999957, -29.751929939999961 ], [ -56.992902469999962, -29.751949409999959 ], [ -56.992921839999958, -29.751967129999954 ], [ -56.992943609999962, -29.751986549999955 ], [ -56.992967519999958, -29.752009389999952 ], [ -56.992994839999959, -29.752032869999955 ], [ -56.993025569999958, -29.752063229999958 ], [ -56.993060579999963, -29.752096369999958 ], [ -56.993096859999959, -29.75213019999995 ], [ -56.99313293999996, -29.752163759999952 ], [ -56.993166979999963, -29.752195459999967 ], [ -56.99319974999996, -29.752225239999955 ], [ -56.99323117999996, -29.752252399999964 ], [ -56.993261799999956, -29.752280199999941 ], [ -56.993289819999958, -29.752303729999959 ], [ -56.993315909999957, -29.752326939999953 ], [ -56.993339659999961, -29.752349669999951 ], [ -56.993361959999959, -29.752370109999955 ], [ -56.993383519999966, -29.752390389999956 ], [ -56.993405879999962, -29.75241087999996 ], [ -56.993429459999959, -29.752434139999952 ], [ -56.993453849999966, -29.752455059999956 ], [ -56.993478019999962, -29.752476669999965 ], [ -56.99349920999996, -29.752493959999946 ], [ -56.99351611999996, -29.752507889999958 ], [ -56.993527169999965, -29.752517119999954 ], [ -56.993532499999958, -29.75252239999995 ], [ -56.993534, -29.752522559999957 ], [ -56.99353767999996, -29.752526139999958 ], [ -56.993540879999962, -29.752529869999957 ], [ -56.993547439999958, -29.752539479999957 ], [ -56.99355587999996, -29.752551799999942 ], [ -56.99356472999996, -29.752569469999948 ], [ -56.993578869999958, -29.752593109999967 ], [ -56.993598349999957, -29.75261572999996 ], [ -56.993618409999968, -29.752636169999953 ], [ -56.993639919999957, -29.75265686999996 ], [ -56.993661689999961, -29.75267762999994 ], [ -56.993682229999962, -29.752696789999948 ], [ -56.993699679999956, -29.752712789999951 ], [ -56.99371552999996, -29.752727039999954 ], [ -56.993730419999956, -29.752740589999956 ], [ -56.993733399999961, -29.752743419999948 ], [ -56.993744609999958, -29.75275403999996 ], [ -56.993763129999962, -29.752771059999951 ], [ -56.993789009999958, -29.752795179999957 ], [ -56.993820859999957, -29.752824689999962 ], [ -56.993853419999958, -29.752853989999956 ], [ -56.993884519999959, -29.752882479999951 ], [ -56.993914139999958, -29.752909539999951 ], [ -56.993942419999961, -29.752934719999953 ], [ -56.993968729999956, -29.752960229999953 ], [ -56.993988909999963, -29.752978209999952 ], [ -56.993993649999958, -29.752982429999953 ], [ -56.994018569999959, -29.753004519999955 ], [ -56.994047219999956, -29.753030019999962 ], [ -56.994080679999961, -29.753059749999956 ], [ -56.994119849999962, -29.75309522999996 ], [ -56.994165629999962, -29.75313828999996 ], [ -56.994217549999959, -29.753185519999953 ], [ -56.994277099999962, -29.753240269999953 ], [ -56.994344439999956, -29.753301679999964 ], [ -56.994419519999958, -29.753370729999954 ], [ -56.99450206999996, -29.75344714999995 ], [ -56.994588839999956, -29.753527289999951 ], [ -56.994677149999958, -29.753609099999949 ], [ -56.994770639999956, -29.753695489999949 ], [ -56.99486892999996, -29.753785449999956 ], [ -56.994971009999958, -29.753878349999951 ], [ -56.995073719999965, -29.753972319999953 ], [ -56.995177189999964, -29.754067039999953 ], [ -56.995281939999963, -29.754162929999964 ], [ -56.995387809999961, -29.754260199999951 ], [ -56.995498, -29.754360419999959 ], [ -56.995612829999956, -29.754465379999949 ], [ -56.995731769999956, -29.754574979999948 ], [ -56.995855669999962, -29.754687519999955 ], [ -56.995982029999958, -29.754802079999944 ], [ -56.996112229999959, -29.754919479999959 ], [ -56.996246329999963, -29.755043599999954 ], [ -56.996378449999959, -29.755168939999951 ], [ -56.996515639999956, -29.755295139999955 ], [ -56.996655289999957, -29.755425339999956 ], [ -56.996798079999962, -29.755558639999947 ], [ -56.996944399999961, -29.755693959999959 ], [ -56.99709406999996, -29.755831409999953 ], [ -56.997244599999959, -29.755969939999961 ], [ -56.99739625999996, -29.756109639999956 ], [ -56.997548969999961, -29.756249659999959 ], [ -56.997702809999957, -29.756390799999952 ], [ -56.997857029999956, -29.756532679999953 ], [ -56.998009749999959, -29.756673079999953 ], [ -56.998159689999959, -29.75681164999996 ], [ -56.998309049999968, -29.756948739999956 ], [ -56.99845743999996, -29.757084489999958 ], [ -56.998604609999965, -29.757220079999957 ], [ -56.998751839999962, -29.757354649999961 ], [ -56.998898359999963, -29.757487899999955 ], [ -56.999044679999962, -29.757620979999949 ], [ -56.999190349999957, -29.757755129999961 ], [ -56.999335549999962, -29.757889809999956 ], [ -56.999481919999958, -29.758023639999941 ], [ -56.999627059999959, -29.758157099999956 ], [ -56.99977091999996, -29.758288679999957 ], [ -56.999912909999956, -29.758419259999958 ], [ -57.000053889999961, -29.758547159999953 ], [ -57.000192899999959, -29.758673309999956 ], [ -57.000329929999957, -29.758798229999964 ], [ -57.000465729999959, -29.758923089999957 ], [ -57.000601269999962, -29.759048269999955 ], [ -57.000735849999963, -29.75917345999996 ], [ -57.00086961999996, -29.759297839999949 ], [ -57.001003449999956, -29.759421589999956 ], [ -57.001136799999962, -29.759544369999954 ], [ -57.001270089999956, -29.759668269999963 ], [ -57.001402799999958, -29.75979185999995 ], [ -57.001537, -29.759915119999949 ], [ -57.001673019999956, -29.760039989999953 ], [ -57.001809679999958, -29.760165539999946 ], [ -57.001945639999967, -29.760291419999955 ], [ -57.002080799999959, -29.760415649999949 ], [ -57.002214209999956, -29.760539919999957 ], [ -57.00234547999996, -29.760663399999952 ], [ -57.002475249999961, -29.760785279999954 ], [ -57.002606299999968, -29.760906089999953 ], [ -57.002738689999958, -29.76102635999996 ], [ -57.002870969999961, -29.761147489999956 ], [ -57.003003199999959, -29.761268829999949 ], [ -57.003134899999957, -29.761388519999951 ], [ -57.003265359999958, -29.761508739999961 ], [ -57.003397539999966, -29.761628159999955 ], [ -57.003529019999959, -29.761745879999957 ], [ -57.003658469999962, -29.761861139999951 ], [ -57.003784669999959, -29.761974369999962 ], [ -57.003910439999956, -29.762088399999957 ], [ -57.004036749999962, -29.762203609999965 ], [ -57.00416192999996, -29.762319189999953 ], [ -57.004288079999959, -29.76243614999996 ], [ -57.00441432999996, -29.762553009999955 ], [ -57.004541109999963, -29.762669659999943 ], [ -57.004668009999968, -29.762786469999945 ], [ -57.004794419999961, -29.762902639999954 ], [ -57.004919869999959, -29.763020669999964 ], [ -57.005045849999959, -29.763138919999953 ], [ -57.005175839999957, -29.763260739999968 ], [ -57.00531009999996, -29.763385069999956 ], [ -57.005448409999964, -29.763511909999959 ], [ -57.005589229999956, -29.76364029999996 ], [ -57.005730949999958, -29.763769859999957 ], [ -57.005872729999957, -29.763900859999957 ], [ -57.00601445999996, -29.764032439999959 ], [ -57.006156609999962, -29.764164299999958 ], [ -57.00629801999996, -29.764296799999954 ], [ -57.006439639999961, -29.76442885999996 ], [ -57.006583019999958, -29.764558689999955 ], [ -57.006727839999961, -29.764686119999947 ], [ -57.006874479999958, -29.764809159999956 ], [ -57.007023889999957, -29.764929489999954 ], [ -57.007174949999957, -29.765044489999958 ], [ -57.007327079999961, -29.765156169999948 ], [ -57.007482149999959, -29.76526438999996 ], [ -57.007638339999957, -29.765367959999949 ], [ -57.007796549999959, -29.76546998999995 ], [ -57.007955779999961, -29.765569239999952 ], [ -57.008113939999959, -29.765664909999941 ], [ -57.008271569999962, -29.765756639999953 ], [ -57.008428189999961, -29.765844099999949 ], [ -57.008585279999963, -29.765929259999961 ], [ -57.00874290999996, -29.766012349999947 ], [ -57.008901279999961, -29.766092489999949 ], [ -57.009061689999967, -29.766170769999963 ], [ -57.009224279999962, -29.76624622999995 ], [ -57.009389379999959, -29.76631719999995 ], [ -57.009556289999956, -29.766386459999964 ], [ -57.009726399999963, -29.76645395999995 ], [ -57.009895769999957, -29.766518629999954 ], [ -57.010068279999956, -29.766581329999955 ], [ -57.010243789999961, -29.766642479999941 ], [ -57.010421909999963, -29.766701449999967 ], [ -57.01060178999996, -29.766759079999954 ], [ -57.010782949999957, -29.766812489999957 ], [ -57.010964909999956, -29.766862759999956 ], [ -57.011146489999959, -29.766909499999954 ], [ -57.011325679999956, -29.766952349999951 ], [ -57.011499579999956, -29.766989539999962 ], [ -57.011672849999961, -29.767025559999951 ], [ -57.01184690999996, -29.76705885999996 ], [ -57.012026739999961, -29.767091299999947 ], [ -57.012203839999962, -29.767119529999956 ], [ -57.012373949999962, -29.767142529999958 ], [ -57.012552659999962, -29.767165579999951 ], [ -57.012732219999961, -29.76718643999995 ], [ -57.012913649999959, -29.767204529999955 ], [ -57.013093259999962, -29.767219689999955 ], [ -57.01327510999996, -29.767232229999951 ], [ -57.013459419999961, -29.767241089999953 ], [ -57.01364334999996, -29.767246689999947 ], [ -57.013826649999956, -29.767249939999953 ], [ -57.01400961999996, -29.767251919999957 ], [ -57.014192809999962, -29.767251279999961 ], [ -57.014379089999956, -29.767248929999955 ], [ -57.01456686999996, -29.767246 ], [ -57.014757369999963, -29.767241779999956 ], [ -57.014953519999956, -29.767237189999953 ], [ -57.01515244999996, -29.767231959999954 ], [ -57.015355599999957, -29.767226039999958 ], [ -57.015561199999958, -29.767219309999959 ], [ -57.015768829999956, -29.767213549999955 ], [ -57.015978429999969, -29.767208379999953 ], [ -57.016189309999959, -29.767201759999953 ], [ -57.016402269999958, -29.767194449999945 ], [ -57.016615339999959, -29.767187719999953 ], [ -57.016829739999963, -29.767181749999949 ], [ -57.017044359999957, -29.767175719999948 ], [ -57.017259349999968, -29.767170009999948 ], [ -57.017473969999962, -29.767164139999959 ], [ -57.017687889999962, -29.767158 ], [ -57.017900959999956, -29.767152029999956 ], [ -57.018113609999958, -29.767146639999947 ], [ -57.018324969999959, -29.767140979999951 ], [ -57.018535529999959, -29.767135379999964 ], [ -57.018744439999956, -29.767129619999952 ], [ -57.018952069999962, -29.767123849999948 ], [ -57.019158679999961, -29.767118359999959 ], [ -57.019364389999957, -29.76711296999995 ], [ -57.019569129999958, -29.767107949999946 ], [ -57.019772649999958, -29.767103249999952 ], [ -57.019974779999956, -29.767098829999942 ], [ -57.020174619999956, -29.767093539999962 ], [ -57.020372639999962, -29.767087409999956 ], [ -57.020570869999958, -29.767081159999957 ], [ -57.02076883999996, -29.767075289999948 ], [ -57.020966549999962, -29.767069529999954 ], [ -57.021164139999961, -29.767063179999958 ], [ -57.021359969999956, -29.767055229999961 ], [ -57.021553569999966, -29.767045519999961 ], [ -57.021745559999957, -29.767033569999956 ], [ -57.021936, -29.767018519999954 ], [ -57.022126129999961, -29.767000539999962 ], [ -57.022315509999956, -29.766980049999948 ], [ -57.022504989999959, -29.766959229999959 ], [ -57.02269383999996, -29.766936979999954 ], [ -57.022881189999957, -29.766914629999963 ], [ -57.023067519999962, -29.766893169999953 ], [ -57.023252259999957, -29.766872469999957 ], [ -57.02343538999996, -29.766852249999957 ], [ -57.02361718999996, -29.766832339999958 ], [ -57.023797389999956, -29.766812229999957 ], [ -57.023976739999966, -29.766791679999958 ], [ -57.024156619999957, -29.766770869999952 ], [ -57.024336919999961, -29.766749789999963 ], [ -57.024518559999962, -29.766728659999949 ], [ -57.024702609999956, -29.766707479999948 ], [ -57.02488883999996, -29.766686239999949 ], [ -57.025076289999959, -29.766664579999961 ], [ -57.025264389999961, -29.766642699999956 ], [ -57.025453229999961, -29.766620979999946 ], [ -57.025642769999962, -29.766599099999951 ], [ -57.025833159999962, -29.766577699999953 ], [ -57.026024189999966, -29.766555509999954 ], [ -57.02621596999996, -29.766532609999953 ], [ -57.026407699999957, -29.76650913999995 ], [ -57.026599209999958, -29.766486299999947 ], [ -57.026790129999966, -29.766463559999949 ], [ -57.026980419999965, -29.766441689999962 ], [ -57.02716979999996, -29.766419759999948 ], [ -57.02735820999996, -29.76639787999995 ], [ -57.02754593999996, -29.766376 ], [ -57.027732489999956, -29.766353699999954 ], [ -57.027917599999959, -29.766331389999955 ], [ -57.028102169999961, -29.766309349999965 ], [ -57.02828540999996, -29.766288329999949 ], [ -57.028467429999957, -29.766268099999948 ], [ -57.028648479999958, -29.766248309999948 ], [ -57.028829209999962, -29.766228189999957 ], [ -57.029010319999962, -29.766207809999948 ], [ -57.029191959999956, -29.766187689999956 ], [ -57.029374299999958, -29.766167199999959 ], [ -57.029557479999959, -29.766145479999967 ], [ -57.029741309999956, -29.766123869999959 ], [ -57.029926099999962, -29.766102689999958 ], [ -57.030111419999962, -29.766081179999947 ], [ -57.030293759999957, -29.76605956999996 ], [ -57.030471069999962, -29.766038009999946 ], [ -57.03064374999996, -29.766017089999959 ], [ -57.03081412999996, -29.76599670999995 ], [ -57.030982059999957, -29.765976969999954 ], [ -57.031147799999957, -29.76595796999996 ], [ -57.031311079999959, -29.765939349999947 ], [ -57.031471699999962, -29.76592082999996 ], [ -57.031628899999959, -29.765903119999951 ], [ -57.031780439999956, -29.765884649999951 ], [ -57.031924299999957, -29.765865599999952 ], [ -57.032061439999957, -29.765848 ], [ -57.032192329999958, -29.76582963999995 ], [ -57.032317359999958, -29.765810379999955 ], [ -57.032435449999959, -29.765793669999947 ], [ -57.032545959999958, -29.765776329999948 ], [ -57.032651029999961, -29.765760219999962 ], [ -57.032747929999957, -29.765746499999949 ], [ -57.032838159999962, -29.765739189999959 ], [ -57.032919959999958, -29.765730439999956 ], [ -57.032991679999959, -29.765721369999962 ], [ -57.033051599999958, -29.765713579999954 ], [ -57.033106409999959, -29.76570508999994 ], [ -57.033156879999957, -29.765695859999958 ], [ -57.033201169999963, -29.765686419999959 ], [ -57.033237189999959, -29.765681399999956 ], [ -57.033259869999959, -29.765678309999959 ], [ -57.03327309999996, -29.765680919999948 ], [ -57.033273429999959, -29.765681 ], [ -57.033276569999963, -29.76568064999995 ], [ -57.033294339999962, -29.765679799999958 ], [ -57.033325349999956, -29.765680979999956 ], [ -57.033362109999956, -29.765682259999949 ], [ -57.033398609999956, -29.76568331999994 ], [ -57.033439909999956, -29.765684869999948 ], [ -57.033482229999969, -29.765685459999951 ], [ -57.033522989999959, -29.765684819999954 ], [ -57.033561089999957, -29.765682579999947 ], [ -57.033598709999957, -29.765679369999951 ], [ -57.033619969999961, -29.765676669999962 ], [ -57.033633559999956, -29.765674949999955 ], [ -57.03366941999996, -29.765670939999961 ], [ -57.033705969999957, -29.765665549999966 ], [ -57.033747959999957, -29.765659469999964 ], [ -57.033796679999966, -29.765653069999949 ], [ -57.033847059999957, -29.765646609999941 ], [ -57.033894169999961, -29.765641009999946 ], [ -57.033935099999958, -29.765635989999957 ], [ -57.033969569999961, -29.765631779999964 ], [ -57.03398844999996, -29.765629369999957 ], [ -57.034000519999957, -29.765627829999953 ], [ -57.034033439999959, -29.765623879999961 ], [ -57.034071809999958, -29.76561923999996 ], [ -57.034115829999962, -29.765613689999952 ], [ -57.034168549999961, -29.765607499999959 ], [ -57.034231459999958, -29.765599969999965 ], [ -57.034304889999959, -29.765591379999965 ], [ -57.03438983999996, -29.765581879999967 ], [ -57.034486419999958, -29.765571209999951 ], [ -57.034591169999956, -29.765559529999944 ], [ -57.034698049999967, -29.765547409999954 ], [ -57.034812669999958, -29.765534499999955 ], [ -57.034934759999956, -29.765520629999941 ], [ -57.035063679999958, -29.765505789999956 ], [ -57.035199319999961, -29.765490209999957 ], [ -57.035341159999959, -29.765473769999954 ], [ -57.035488589999957, -29.765456749999949 ], [ -57.035639599999968, -29.765436209999958 ], [ -57.035793179999956, -29.765418869999952 ], [ -57.035945629999958, -29.765401099999959 ], [ -57.036104219999956, -29.765383059999962 ], [ -57.036263339999962, -29.765365499999962 ], [ -57.03641290999996, -29.765348109999948 ], [ -57.036553889999958, -29.765329059999953 ], [ -57.036687179999959, -29.765308779999962 ], [ -57.036810609999961, -29.765290209999954 ], [ -57.03692, -29.765273879999956 ], [ -57.037011989999961, -29.76526091999995 ], [ -57.037092349999959, -29.765249869999952 ], [ -57.03716406999996, -29.765241279999945 ], [ -57.037229219999958, -29.765233919999957 ], [ -57.037288399999966, -29.765226449999954 ], [ -57.037344, -29.765219459999955 ], [ -57.037397679999962, -29.765212569999942 ], [ -57.037451469999958, -29.765204779999955 ], [ -57.037505369999963, -29.76519671999996 ], [ -57.037558089999962, -29.76518924999996 ], [ -57.037608619999958, -29.765181569999957 ], [ -57.037656959999957, -29.765174099999953 ], [ -57.037706109999959, -29.765166149999953 ], [ -57.03775866999996, -29.765157339999956 ], [ -57.037816029999966, -29.765147689999953 ], [ -57.037879269999962, -29.76513690999996 ], [ -57.037949009999956, -29.765124739999951 ], [ -57.038025529999956, -29.765111559999959 ], [ -57.038108339999958, -29.765096939999964 ], [ -57.038197719999957, -29.765081949999956 ], [ -57.038293929999959, -29.765065559999954 ], [ -57.038397879999962, -29.76504720999996 ], [ -57.038508279999959, -29.76502681999996 ], [ -57.038626259999958, -29.765003079999957 ], [ -57.038746009999961, -29.764977839999965 ], [ -57.03886819999996, -29.764950729999956 ], [ -57.038995839999956, -29.764922129999967 ], [ -57.039126199999956, -29.76489074999995 ], [ -57.03926167999996, -29.764858629999956 ], [ -57.039402129999957, -29.764825439999953 ], [ -57.039547489999961, -29.76479267999995 ], [ -57.039691879999964, -29.764756599999956 ], [ -57.039843269999956, -29.76472298999996 ], [ -57.039997369999959, -29.76469486999995 ], [ -57.040153989999958, -29.764668609999948 ], [ -57.040313639999958, -29.764646469999953 ], [ -57.04047227999996, -29.764630089999944 ], [ -57.040631989999959, -29.764618289999952 ], [ -57.040794639999959, -29.764613169999958 ], [ -57.040960209999959, -29.76461135999995 ], [ -57.041123439999957, -29.764609909999955 ], [ -57.041284279999957, -29.76460777999996 ], [ -57.041447609999956, -29.764606929999953 ], [ -57.041608709999956, -29.764604209999963 ], [ -57.041771829999959, -29.764603459999968 ], [ -57.041929889999956, -29.764602179999947 ], [ -57.042082129999969, -29.764598019999969 ], [ -57.042234579999956, -29.764592359999963 ], [ -57.042387719999958, -29.764584359999969 ], [ -57.042542309999959, -29.764572779999956 ], [ -57.042696839999962, -29.764555109999957 ], [ -57.042850199999961, -29.764531689999963 ], [ -57.043002919999957, -29.764503569999945 ], [ -57.043153349999962, -29.764469259999956 ], [ -57.043301529999958, -29.764430519999951 ], [ -57.04344805999996, -29.764388359999959 ], [ -57.043594909999968, -29.764344229999963 ], [ -57.043743409999969, -29.764300419999941 ], [ -57.043894099999967, -29.76425767999995 ], [ -57.044044529999958, -29.764214559999953 ], [ -57.044194469999965, -29.764173959999955 ], [ -57.044344199999962, -29.764137669999965 ], [ -57.044492859999956, -29.764105869999948 ], [ -57.044640729999962, -29.76407822999996 ], [ -57.044787099999958, -29.764054429999948 ], [ -57.04493, -29.764033079999951 ], [ -57.045065159999957, -29.764013709999958 ], [ -57.045193809999958, -29.763998879999942 ], [ -57.045320059999959, -29.763987889999964 ], [ -57.045446049999967, -29.763978119999948 ], [ -57.045571869999961, -29.763968679999948 ], [ -57.045697479999959, -29.763959069999963 ], [ -57.045823359999957, -29.763949249999953 ], [ -57.045949829999962, -29.763939119999957 ], [ -57.046076289999959, -29.763929399999959 ], [ -57.046200409999962, -29.763919429999945 ], [ -57.046321109999958, -29.763910029999948 ], [ -57.046436909999962, -29.763902079999948 ], [ -57.046548539999961, -29.763894079999968 ], [ -57.046657069999959, -29.76388543999995 ], [ -57.046764859999961, -29.763876839999956 ], [ -57.046873819999959, -29.763868089999949 ], [ -57.046983909999959, -29.763859499999963 ], [ -57.047096069999967, -29.763849899999951 ], [ -57.04720977999996, -29.763840879999957 ], [ -57.047325419999957, -29.763831539999956 ], [ -57.047443079999965, -29.763822419999961 ], [ -57.047562609999957, -29.763813559999956 ], [ -57.047684049999958, -29.763804749999956 ], [ -57.047807209999959, -29.763795789999957 ], [ -57.047931599999956, -29.763786129999954 ], [ -57.048056139999957, -29.763775989999957 ], [ -57.048183029999961, -29.763765529999951 ], [ -57.048311689999956, -29.763755389999965 ], [ -57.04844252999996, -29.763744989999953 ], [ -57.048575019999959, -29.763735009999948 ], [ -57.04870873999996, -29.763725239999957 ], [ -57.048843639999959, -29.763715799999957 ], [ -57.048980079999957, -29.763705879999954 ], [ -57.049117969999962, -29.763695419999948 ], [ -57.049256229999962, -29.763685009999968 ], [ -57.049394429999957, -29.763674769999952 ], [ -57.049531569999957, -29.763664629999955 ], [ -57.049665559999958, -29.763654759999955 ], [ -57.049796399999963, -29.763645259999951 ], [ -57.049923019999959, -29.76363548999996 ], [ -57.050043569999957, -29.763626149999951 ], [ -57.050156849999958, -29.763616659999954 ], [ -57.050263629999961, -29.763608119999954 ], [ -57.050366079999961, -29.763603319999948 ], [ -57.050467299999958, -29.763598189999961 ], [ -57.050569809999956, -29.763590459999964 ], [ -57.050674659999956, -29.763582129999953 ], [ -57.05078170999996, -29.763573269999959 ], [ -57.050891469999961, -29.763564949999964 ], [ -57.051003149999957, -29.763555979999968 ], [ -57.05111670999996, -29.763546749999961 ], [ -57.051231489999957, -29.763538 ], [ -57.051347869999958, -29.76352961999995 ], [ -57.05146450999996, -29.763522149999961 ], [ -57.051582969999963, -29.763513779999954 ], [ -57.051701969999961, -29.763505239999947 ], [ -57.051818289999957, -29.763496379999964 ], [ -57.051931529999962, -29.763487679999947 ], [ -57.052043689999962, -29.763479949999944 ], [ -57.052157399999956, -29.763472529999941 ], [ -57.052274959999963, -29.76346451999996 ], [ -57.052397419999956, -29.76345550999995 ], [ -57.052523349999959, -29.76344669999996 ], [ -57.052652649999956, -29.763437419999956 ], [ -57.052783219999959, -29.763427809999968 ], [ -57.05291469999996, -29.763417509999957 ], [ -57.053047939999963, -29.763407429999955 ], [ -57.053181929999958, -29.763396699999952 ], [ -57.05331634999996, -29.763385919999944 ], [ -57.05345065999996, -29.763375729999954 ], [ -57.053585229999968, -29.763364949999946 ], [ -57.053718529999962, -29.76335240999995 ], [ -57.053851719999962, -29.763338909999941 ], [ -57.053984479999968, -29.763324719999957 ], [ -57.054115319999958, -29.763307 ], [ -57.054244399999959, -29.763286829999959 ], [ -57.05437219999996, -29.763265379999961 ], [ -57.05449791999996, -29.763241639999965 ], [ -57.054620859999957, -29.763215119999952 ], [ -57.054741619999959, -29.763187259999956 ], [ -57.05486108999996, -29.763157269999947 ], [ -57.054979279999969, -29.763125359999957 ], [ -57.055095979999962, -29.763090199999954 ], [ -57.055211829999962, -29.763054769999961 ], [ -57.055326769999958, -29.763017889999958 ], [ -57.055438289999962, -29.76297781999995 ], [ -57.055548969999961, -29.762938919999957 ], [ -57.055655579999964, -29.76289713999995 ], [ -57.055761609999962, -29.762854879999971 ], [ -57.05586763999996, -29.762809409999942 ], [ -57.055972919999959, -29.762760109999952 ], [ -57.056079099999963, -29.762708879999956 ], [ -57.056183269999956, -29.762655149999954 ], [ -57.056285079999959, -29.762599649999956 ], [ -57.056382889999959, -29.762544 ], [ -57.056479099999962, -29.76249089999996 ], [ -57.056569919999959, -29.762435409999963 ], [ -57.056662979999956, -29.762387379999961 ], [ -57.056748779999957, -29.76233588999995 ], [ -57.056831389999957, -29.762288399999953 ], [ -57.05691051999996, -29.762244319999962 ], [ -57.056985869999956, -29.762202859999956 ], [ -57.057056779999961, -29.762163909999948 ], [ -57.057124549999962, -29.762126709999958 ], [ -57.057191199999956, -29.762091709999954 ], [ -57.057253789999962, -29.76205579999996 ], [ -57.057311419999962, -29.762023889999956 ], [ -57.057357149999959, -29.76199608999995 ], [ -57.05739812999996, -29.761974319999958 ], [ -57.057428119999962, -29.761953289999948 ], [ -57.057458269999962, -29.761936159999948 ], [ -57.057487509999959, -29.761919619999944 ], [ -57.057520539999956, -29.76190109999995 ], [ -57.057555809999961, -29.761881839999951 ], [ -57.05759108999996, -29.761864929999955 ], [ -57.057619469999956, -29.761847319999951 ], [ -57.057645889999961, -29.761830929999956 ], [ -57.057670429999959, -29.761813699999941 ], [ -57.057694499999961, -29.761797319999957 ], [ -57.057719579999961, -29.761781839999962 ], [ -57.05774961999996, -29.761765669999956 ], [ -57.057785159999959, -29.761748439999955 ], [ -57.057823949999957, -29.761730989999961 ], [ -57.057860979999958, -29.761712149999955 ], [ -57.057899189999958, -29.761691289999963 ], [ -57.057937449999962, -29.761669039999955 ], [ -57.057973949999962, -29.761647959999959 ], [ -57.058007729999957, -29.761629229999951 ], [ -57.058031329999956, -29.761610439999963 ], [ -57.058067899999962, -29.761585559999947 ], [ -57.058103479999964, -29.761557709999945 ], [ -57.058119199999958, -29.76153689999996 ], [ -57.058137199999962, -29.761519219999961 ], [ -57.05815357999996, -29.761501049999953 ], [ -57.058172679999956, -29.761487429999963 ], [ -57.058198109999964, -29.761470309999954 ], [ -57.058226339999962, -29.761452419999944 ], [ -57.058258289999962, -29.761431699999957 ], [ -57.058295119999961, -29.761405689999961 ], [ -57.058336849999961, -29.761372729999962 ], [ -57.058371519999966, -29.761337959999949 ], [ -57.058424359999961, -29.761274699999952 ], [ -57.058470909999961, -29.761226849999957 ], [ -57.058517469999963, -29.76116736999996 ], [ -57.058564019999956, -29.76110787999994 ], [ -57.058627239999957, -29.761017429999963 ], [ -57.058664809999961, -29.760956749999952 ], [ -57.058704779999957, -29.760869799999952 ], [ -57.058746649999961, -29.760777529999942 ], [ -57.058789989999958, -29.760680719999954 ], [ -57.058833969999959, -29.760585069999955 ], [ -57.058880149999958, -29.760490119999957 ], [ -57.058929149999962, -29.760395039999949 ], [ -57.059302809999963, -29.759801729999953 ] ] ] } }
]
}
