{
"type": "FeatureCollection",
"name": "pocos-agua-subterranea",
"crs": { "type": "name", "properties": { "name": "urn:ogc:def:crs:OGC:1.3:CRS84" } },
"features": [
{ "type": "Feature", "properties": { "codigo_poco": 4300000139, "nome_poco": "IR453", "local_poco": "ITAPITOCAI", "codigo_ibge_municipio": 4322400, "municipio": "Uruguaiana", "uf": "RS", "latitude_original": -29.944166, "longitude_original": -57.113888, "profundidade_m": 235.0, "nivel_estatico_m": 18.0, "nivel_dinamico_m": 74.0, "vazao_especifica_m3h_m": 0.75, "aquifero": "Guarani", "natureza_ponto": "Poço tubular", "situacao": "Parado", "uso_agua": "Irrigação", "data_perfuracao": 548208000000.0, "data_cadastro": 843004800000 }, "geometry": { "type": "Point", "coordinates": [ -57.113888, -29.944166 ] } },
{ "type": "Feature", "properties": { "codigo_poco": 4300000140, "nome_poco": "IR513", "local_poco": "AGROPASTORIL ALTALAIA LTDA", "codigo_ibge_municipio": 4322400, "municipio": "Uruguaiana", "uf": "RS", "latitude_original": -29.946944, "longitude_original": -56.623888, "profundidade_m": 374.0, "nivel_estatico_m": 60.0, "nivel_dinamico_m": 88.4, "vazao_especifica_m3h_m": 1.232, "aquifero": "Guarani", "natureza_ponto": "Poço tubular", "situacao": "Parado", "uso_agua": "Irrigação", "data_perfuracao": 534384000000.0, "data_cadastro": 842918400000 }, "geometry": { "type": "Point", "coordinates": [ -56.623888, -29.946944 ] } },
{ "type": "Feature", "properties": { "codigo_poco": 4300000141, "nome_poco": "IR481", "local_poco": "ESTANCIA CONVERSAO DE FREQUENCIA", "codigo_ibge_municipio": 4322400, "municipio": "Uruguaiana", "uf": "RS", "latitude_original": -29.805277, "longitude_original": -57.003888, "profundidade_m": 100.0, "nivel_estatico_m": 19.55, "nivel_dinamico_m": 26.05, "vazao_especifica_m3h_m": 0.277, "aquifero": "Guarani", "natureza_ponto": "Poço tubular", "situacao": "Bombeando", "uso_agua": "Abastecimento industrial", "data_perfuracao": 503366400000.0, "data_cadastro": 843523200000 }, "geometry": { "type": "Point", "coordinates": [ -57.003888, -29.805277 ] } },
{ "type": "Feature", "properties": { "codigo_poco": 4300000142, "nome_poco": "IR482", "local_poco": "ESTACAO CONVENCAO FREQUENCIA", "codigo_ibge_municipio": 4322400, "municipio": "Uruguaiana", "uf": "RS", "latitude_original": -29.805277, "longitude_original": -57.003888, "profundidade_m": 100.0, "nivel_estatico_m": 19.9, "nivel_dinamico_m": 26.8, "vazao_especifica_m3h_m": 0.297, "aquifero": "Guarani", "natureza_ponto": "Poço tubular", "situacao": "Bombeando", "uso_agua": "Abastecimento industrial", "data_perfuracao": 503366400000.0, "data_cadastro": 843523200000 }, "geometry": { "type": "Point", "coordinates": [ -57.003888, -29.805277 ] } },
{ "type": "Feature", "properties": { "codigo_poco": 4300000143, "nome_poco": "IR458", "local_poco": "GUAPITANGUI", "codigo_ibge_municipio": 4322400, "municipio": "Uruguaiana", "uf": "RS", "latitude_original": -29.995, "longitude_original": -57.100833, "profundidade_m": 74.0, "nivel_estatico_m": 4.5, "nivel_dinamico_m": 32.6, "vazao_especifica_m3h_m": 2.918, "aquifero": "Serra geral", "natureza_ponto": "Poço tubular", "situacao": "Abandonado", "uso_agua": "Irrigação", "data_perfuracao": 606009600000.0, "data_cadastro": 842918400000 }, "geometry": { "type": "Point", "coordinates": [ -57.100833, -29.995 ] } },
{ "type": "Feature", "properties": { "codigo_poco": 4300000144, "nome_poco": "IR457", "local_poco": "GUAPITANGUI", "codigo_ibge_municipio": 4322400, "municipio": "Uruguaiana", "uf": "RS", "latitude_original": -29.995, "longitude_original": -57.101388, "profundidade_m": 102.0, "nivel_estatico_m": 5.4, "nivel_dinamico_m": 35.9, "vazao_especifica_m3h_m": 1.934, "aquifero": "Serra geral", "natureza_ponto": "Poço tubular", "situacao": "Abandonado", "uso_agua": "Irrigação", "data_perfuracao": 607305600000.0, "data_cadastro": 824515200000 }, "geometry": { "type": "Point", "coordinates": [ -57.101388, -29.995 ] } },
{ "type": "Feature", "properties": { "codigo_poco": 4300000167, "nome_poco": "IR512", "local_poco": "GRANJA CAPIVARI", "codigo_ibge_municipio": 4322400, "municipio": "Uruguaiana", "uf": "RS", "latitude_original": -29.884722, "longitude_original": -56.870555, "profundidade_m": 200.0, "nivel_estatico_m": 64.7, "nivel_dinamico_m": 87.9, "vazao_especifica_m3h_m": 2.155, "aquifero": "Guarani", "natureza_ponto": "Poço tubular", "situacao": "Parado", "uso_agua": "Irrigação", "data_perfuracao": 535507200000.0, "data_cadastro": 843004800000 }, "geometry": { "type": "Point", "coordinates": [ -56.870555, -29.884722 ] } },
{ "type": "Feature", "properties": { "codigo_poco": 4300000541, "nome_poco": "IR505", "local_poco": "CERRITO", "codigo_ibge_municipio": 4322400, "municipio": "Uruguaiana", "uf": "RS", "latitude_original": -29.784722, "longitude_original": -57.0125, "profundidade_m": 42.0, "nivel_estatico_m": 3.4, "nivel_dinamico_m": 12.6, "vazao_especifica_m3h_m": 7.07, "aquifero": "Serra geral", "natureza_ponto": "Poço tubular", "situacao": "Abandonado", "uso_agua": "Irrigação", "data_perfuracao": 475891200000.0, "data_cadastro": 844819200000 }, "geometry": { "type": "Point", "coordinates": [ -57.0125, -29.784722 ] } },
{ "type": "Feature", "properties": { "codigo_poco": 4300000542, "nome_poco": "IR541", "local_poco": "SAO JOAO, PINDAI", "codigo_ibge_municipio": 4322400, "municipio": "Uruguaiana", "uf": "RS", "latitude_original": -29.723333, "longitude_original": -56.685, "profundidade_m": 58.0, "nivel_estatico_m": 3.8, "nivel_dinamico_m": 34.9, "vazao_especifica_m3h_m": 1.013, "aquifero": "Serra geral", "natureza_ponto": "Poço tubular", "situacao": "Parado", "uso_agua": "Irrigação", "data_perfuracao": 475027200000.0, "data_cadastro": 844819200000 }, "geometry": { "type": "Point", "coordinates": [ -56.685, -29.723333 ] } },
{ "type": "Feature", "properties": { "codigo_poco": 4300000547, "nome_poco": "IR550         ", "local_poco": "ESTANCIA SAO JOSE", "codigo_ibge_municipio": 4322400, "municipio": "Uruguaiana", "uf": "RS", "latitude_original": -30.073888, "longitude_original": -56.491388, "profundidade_m": 160.0, "nivel_estatico_m": 54.0, "nivel_dinamico_m": 110.0, "vazao_especifica_m3h_m": 0.64, "aquifero": "Guarani", "natureza_ponto": "Poço tubular", "situacao": "Bombeando", "uso_agua": "Pecuária", "data_perfuracao": 448588800000.0, "data_cadastro": 845510400000 }, "geometry": { "type": "Point", "coordinates": [ -56.491388, -30.073888 ] } },
{ "type": "Feature", "properties": { "codigo_poco": 4300000548, "nome_poco": "IR551      ", "local_poco": "ESTANCIA SAO JOSE", "codigo_ibge_municipio": 4322400, "municipio": "Uruguaiana", "uf": "RS", "latitude_original": -30.084722, "longitude_original": -56.501111, "profundidade_m": 159.0, "nivel_estatico_m": 46.0, "nivel_dinamico_m": 72.0, "vazao_especifica_m3h_m": 1.08, "aquifero": "Rio do rastro", "natureza_ponto": "Poço tubular", "situacao": "Não instalado", "uso_agua": "Irrigação", "data_perfuracao": 450489600000.0, "data_cadastro": 846547200000 }, "geometry": { "type": "Point", "coordinates": [ -56.501111, -30.084722 ] } },
{ "type": "Feature", "properties": { "codigo_poco": 4300000549, "nome_poco": "6 URU 015-RS RS-06UR-03", "local_poco": "IBIROCAI", "codigo_ibge_municipio": 4322400, "municipio": "Uruguaiana", "uf": "RS", "latitude_original": -29.948611, "longitude_original": -56.292222, "profundidade_m": 63.5, "nivel_estatico_m": null, "nivel_dinamico_m": null, "vazao_especifica_m3h_m": null, "aquifero": "Guarani", "natureza_ponto": "Poço tubular", "situacao": "Abandonado", "uso_agua": null, "data_perfuracao": 442540800000.0, "data_cadastro": 847152000000 }, "geometry": { "type": "Point", "coordinates": [ -56.292222, -29.948611 ] } },
{ "type": "Feature", "properties": { "codigo_poco": 4300000550, "nome_poco": "IR544", "local_poco": "GRANJA SANTA IGNES", "codigo_ibge_municipio": 4322400, "municipio": "Uruguaiana", "uf": "RS", "latitude_original": -29.6825, "longitude_original": -56.666388, "profundidade_m": 161.0, "nivel_estatico_m": 28.0, "nivel_dinamico_m": 38.0, "vazao_especifica_m3h_m": 6.0, "aquifero": "Guarani", "natureza_ponto": "Poço tubular", "situacao": "Parado", "uso_agua": "Irrigação", "data_perfuracao": 440640000000.0, "data_cadastro": 847152000000 }, "geometry": { "type": "Point", "coordinates": [ -56.666388, -29.6825 ] } },
{ "type": "Feature", "properties": { "codigo_poco": 4300000553, "nome_poco": "IR546", "local_poco": "ESTANCIA DO ARVOREDO", "codigo_ibge_municipio": 4322400, "municipio": "Uruguaiana", "uf": "RS", "latitude_original": -29.684166, "longitude_original": -56.64, "profundidade_m": 132.0, "nivel_estatico_m": 40.0, "nivel_dinamico_m": 61.7, "vazao_especifica_m3h_m": 1.659, "aquifero": "Guarani", "natureza_ponto": "Poço tubular", "situacao": "Parado", "uso_agua": "Irrigação", "data_perfuracao": 438307200000.0, "data_cadastro": 848534400000 }, "geometry": { "type": "Point", "coordinates": [ -56.64, -29.684166 ] } },
{ "type": "Feature", "properties": { "codigo_poco": 4300000709, "nome_poco": "IR545", "local_poco": "AGROPECUARIA COMIS", "codigo_ibge_municipio": 4322400, "municipio": "Uruguaiana", "uf": "RS", "latitude_original": -29.69, "longitude_original": -56.645, "profundidade_m": 80.0, "nivel_estatico_m": 38.0, "nivel_dinamico_m": 55.0, "vazao_especifica_m3h_m": 0.32, "aquifero": "Guarani", "natureza_ponto": "Poço tubular", "situacao": "Obstruído", "uso_agua": "Abastecimento doméstico", "data_perfuracao": 478224000000.0, "data_cadastro": 844387200000 }, "geometry": { "type": "Point", "coordinates": [ -56.645, -29.69 ] } },
{ "type": "Feature", "properties": { "codigo_poco": 4300000710, "nome_poco": "IR543", "local_poco": "GRANJA SANTA IGNES", "codigo_ibge_municipio": 4322400, "municipio": "Uruguaiana", "uf": "RS", "latitude_original": -29.694444, "longitude_original": -56.692777, "profundidade_m": 60.0, "nivel_estatico_m": 50.3, "nivel_dinamico_m": 60.0, "vazao_especifica_m3h_m": 0.01, "aquifero": "Serra geral", "natureza_ponto": "Poço tubular", "situacao": "Não instalado", "uso_agua": null, "data_perfuracao": 508550400000.0, "data_cadastro": 844646400000 }, "geometry": { "type": "Point", "coordinates": [ -56.692777, -29.694444 ] } },
{ "type": "Feature", "properties": { "codigo_poco": 4300001000, "nome_poco": "IR542 8URU-0006.RS", "local_poco": "PASSO DO CEMITERIO", "codigo_ibge_municipio": 4322400, "municipio": "Uruguaiana", "uf": "RS", "latitude_original": -29.693888, "longitude_original": -56.688611, "profundidade_m": 265.0, "nivel_estatico_m": 14.0, "nivel_dinamico_m": 27.0, "vazao_especifica_m3h_m": 8.08, "aquifero": "Guarani", "natureza_ponto": "Poço tubular", "situacao": "Bombeando", "uso_agua": "Abastecimento doméstico", "data_perfuracao": 511056000000.0, "data_cadastro": 843523200000 }, "geometry": { "type": "Point", "coordinates": [ -56.688611, -29.693888 ] } },
{ "type": "Feature", "properties": { "codigo_poco": 4300001842, "nome_poco": "URU-11/4", "local_poco": "JOAO ARREGUI", "codigo_ibge_municipio": 4322400, "municipio": "Uruguaiana", "uf": "RS", "latitude_original": -29.472777, "longitude_original": -56.6825, "profundidade_m": null, "nivel_estatico_m": null, "nivel_dinamico_m": null, "vazao_especifica_m3h_m": null, "aquifero": null, "natureza_ponto": "Poço tubular", "situacao": "Obstruído", "uso_agua": null, "data_perfuracao": null, "data_cadastro": 865209600000 }, "geometry": { "type": "Point", "coordinates": [ -56.6825, -29.472777 ] } },
{ "type": "Feature", "properties": { "codigo_poco": 4300001843, "nome_poco": "URU-11/5", "local_poco": "FAZENDA SANTA ROSA", "codigo_ibge_municipio": 4322400, "municipio": "Uruguaiana", "uf": "RS", "latitude_original": -29.463333, "longitude_original": -56.565, "profundidade_m": null, "nivel_estatico_m": 9.9, "nivel_dinamico_m": null, "vazao_especifica_m3h_m": null, "aquifero": "Guarani", "natureza_ponto": "Poço tubular", "situacao": null, "uso_agua": "Abastecimento múltiplo", "data_perfuracao": null, "data_cadastro": 865209600000 }, "geometry": { "type": "Point", "coordinates": [ -56.565, -29.463333 ] } },
{ "type": "Feature", "properties": { "codigo_poco": 4300001844, "nome_poco": "URU-11/6", "local_poco": "AFERIDOR", "codigo_ibge_municipio": 4322400, "municipio": "Uruguaiana", "uf": "RS", "latitude_original": -29.45, "longitude_original": -56.756666, "profundidade_m": null, "nivel_estatico_m": 1.6, "nivel_dinamico_m": null, "vazao_especifica_m3h_m": null, "aquifero": "Guarani", "natureza_ponto": "Poço Escavado (cacimba/Cisterna)", "situacao": null, "uso_agua": "Abastecimento múltiplo", "data_perfuracao": null, "data_cadastro": 865209600000 }, "geometry": { "type": "Point", "coordinates": [ -56.756666, -29.45 ] } },
{ "type": "Feature", "properties": { "codigo_poco": 4300001845, "nome_poco": "URU-21/1", "local_poco": "SAO MARCOS", "codigo_ibge_municipio": 4322400, "municipio": "Uruguaiana", "uf": "RS", "latitude_original": -29.5125, "longitude_original": -56.845833, "profundidade_m": 92.0, "nivel_estatico_m": 18.0, "nivel_dinamico_m": null, "vazao_especifica_m3h_m": null, "aquifero": "Guarani", "natureza_ponto": "Poço tubular", "situacao": null, "uso_agua": "Abastecimento múltiplo", "data_perfuracao": -631152000000.0, "data_cadastro": 865209600000 }, "geometry": { "type": "Point", "coordinates": [ -56.845833, -29.5125 ] } },
{ "type": "Feature", "properties": { "codigo_poco": 4300001846, "nome_poco": "IR584", "local_poco": "COLONIA RIZICOLA", "codigo_ibge_municipio": 4322400, "municipio": "Uruguaiana", "uf": "RS", "latitude_original": -29.524722, "longitude_original": -56.760277, "profundidade_m": 25.0, "nivel_estatico_m": 12.46, "nivel_dinamico_m": null, "vazao_especifica_m3h_m": null, "aquifero": "Guarani", "natureza_ponto": "Poço tubular", "situacao": "Bombeando", "uso_agua": "Abastecimento doméstico", "data_perfuracao": -111974400000.0, "data_cadastro": 865209600000 }, "geometry": { "type": "Point", "coordinates": [ -56.760277, -29.524722 ] } },
{ "type": "Feature", "properties": { "codigo_poco": 4300001847, "nome_poco": "IR586", "local_poco": "GRANJA SANTA AMELIA", "codigo_ibge_municipio": 4322400, "municipio": "Uruguaiana", "uf": "RS", "latitude_original": -29.600555, "longitude_original": -56.864722, "profundidade_m": 28.0, "nivel_estatico_m": null, "nivel_dinamico_m": null, "vazao_especifica_m3h_m": null, "aquifero": "Não definido", "natureza_ponto": "Poço tubular", "situacao": "Bombeando", "uso_agua": "Abastecimento múltiplo", "data_perfuracao": 315532800000.0, "data_cadastro": 865123200000 }, "geometry": { "type": "Point", "coordinates": [ -56.864722, -29.600555 ] } },
{ "type": "Feature", "properties": { "codigo_poco": 4300001848, "nome_poco": "URU-21/4            ", "local_poco": "ARROZEIRA MINUANO             ", "codigo_ibge_municipio": 4322400, "municipio": "Uruguaiana", "uf": "RS", "latitude_original": -29.596944, "longitude_original": -56.918333, "profundidade_m": null, "nivel_estatico_m": 8.7, "nivel_dinamico_m": null, "vazao_especifica_m3h_m": null, "aquifero": "Serra geral", "natureza_ponto": "Poço Escavado (cacimba/Cisterna)", "situacao": null, "uso_agua": "Abastecimento doméstico", "data_perfuracao": null, "data_cadastro": 865209600000 }, "geometry": { "type": "Point", "coordinates": [ -56.918333, -29.596944 ] } },
{ "type": "Feature", "properties": { "codigo_poco": 4300001849, "nome_poco": "IR587", "local_poco": "ESTANCIA DO BUEIRO", "codigo_ibge_municipio": 4322400, "municipio": "Uruguaiana", "uf": "RS", "latitude_original": -29.629444, "longitude_original": -56.765833, "profundidade_m": 20.0, "nivel_estatico_m": 12.0, "nivel_dinamico_m": null, "vazao_especifica_m3h_m": null, "aquifero": "Serra geral", "natureza_ponto": "Poço tubular", "situacao": "Bombeando", "uso_agua": "Abastecimento doméstico", "data_perfuracao": 63072000000.0, "data_cadastro": 865209600000 }, "geometry": { "type": "Point", "coordinates": [ -56.765833, -29.629444 ] } },
{ "type": "Feature", "properties": { "codigo_poco": 4300001850, "nome_poco": "URU-21/6", "local_poco": "ESTANCIA SAMKITA", "codigo_ibge_municipio": 4322400, "municipio": "Uruguaiana", "uf": "RS", "latitude_original": -29.651666, "longitude_original": -56.805277, "profundidade_m": null, "nivel_estatico_m": 21.0, "nivel_dinamico_m": null, "vazao_especifica_m3h_m": null, "aquifero": "Serra geral", "natureza_ponto": "Poço tubular", "situacao": null, "uso_agua": "Abastecimento urbano", "data_perfuracao": null, "data_cadastro": 865209600000 }, "geometry": { "type": "Point", "coordinates": [ -56.805277, -29.651666 ] } },
{ "type": "Feature", "properties": { "codigo_poco": 4300001851, "nome_poco": "IR588", "local_poco": "ESTANCIA UNIAO", "codigo_ibge_municipio": 4322400, "municipio": "Uruguaiana", "uf": "RS", "latitude_original": -29.634166, "longitude_original": -56.876111, "profundidade_m": 36.0, "nivel_estatico_m": null, "nivel_dinamico_m": null, "vazao_especifica_m3h_m": null, "aquifero": null, "natureza_ponto": "Poço tubular", "situacao": "Parado", "uso_agua": "Abastecimento doméstico", "data_perfuracao": 315532800000.0, "data_cadastro": 865209600000 }, "geometry": { "type": "Point", "coordinates": [ -56.876111, -29.634166 ] } },
{ "type": "Feature", "properties": { "codigo_poco": 4300001852, "nome_poco": "IR590", "local_poco": "ESTANCIA IMBAÁ", "codigo_ibge_municipio": 4322400, "municipio": "Uruguaiana", "uf": "RS", "latitude_original": -29.658888, "longitude_original": -56.971111, "profundidade_m": 27.0, "nivel_estatico_m": 10.2, "nivel_dinamico_m": null, "vazao_especifica_m3h_m": null, "aquifero": "Serra geral", "natureza_ponto": "Poço tubular", "situacao": "Bombeando", "uso_agua": "Abastecimento doméstico/animal", "data_perfuracao": -459129600000.0, "data_cadastro": 865296000000 }, "geometry": { "type": "Point", "coordinates": [ -56.971111, -29.658888 ] } },
{ "type": "Feature", "properties": { "codigo_poco": 4300001853, "nome_poco": "URU-21/9            ", "local_poco": "GRNJA NOVA ESPERANCA-PINDAI ", "codigo_ibge_municipio": 4322400, "municipio": "Uruguaiana", "uf": "RS", "latitude_original": -29.712777, "longitude_original": -56.805277, "profundidade_m": null, "nivel_estatico_m": 0.0, "nivel_dinamico_m": null, "vazao_especifica_m3h_m": null, "aquifero": "Serra geral", "natureza_ponto": "Nascente", "situacao": null, "uso_agua": "Abastecimento doméstico", "data_perfuracao": null, "data_cadastro": 865296000000 }, "geometry": { "type": "Point", "coordinates": [ -56.805277, -29.712777 ] } },
{ "type": "Feature", "properties": { "codigo_poco": 4300001854, "nome_poco": "URU-21/10", "local_poco": "ESTANCIA JARA", "codigo_ibge_municipio": 4322400, "municipio": "Uruguaiana", "uf": "RS", "latitude_original": -29.865, "longitude_original": -56.879444, "profundidade_m": 30.0, "nivel_estatico_m": 9.3, "nivel_dinamico_m": null, "vazao_especifica_m3h_m": null, "aquifero": "Serra geral", "natureza_ponto": "Poço tubular", "situacao": null, "uso_agua": null, "data_perfuracao": -126230400000.0, "data_cadastro": 865296000000 }, "geometry": { "type": "Point", "coordinates": [ -56.879444, -29.865 ] } },
{ "type": "Feature", "properties": { "codigo_poco": 4300001855, "nome_poco": "URU-21/11", "local_poco": "CHACARA BAIANA", "codigo_ibge_municipio": 4322400, "municipio": "Uruguaiana", "uf": "RS", "latitude_original": -29.718055, "longitude_original": -56.965555, "profundidade_m": 63.0, "nivel_estatico_m": 18.0, "nivel_dinamico_m": null, "vazao_especifica_m3h_m": null, "aquifero": "Guarani", "natureza_ponto": "Poço tubular", "situacao": null, "uso_agua": null, "data_perfuracao": null, "data_cadastro": 865296000000 }, "geometry": { "type": "Point", "coordinates": [ -56.965555, -29.718055 ] } },
{ "type": "Feature", "properties": { "codigo_poco": 4300001856, "nome_poco": "URU-21/12", "local_poco": "ALTERMANN", "codigo_ibge_municipio": 4322400, "municipio": "Uruguaiana", "uf": "RS", "latitude_original": -29.594444, "longitude_original": -56.828333, "profundidade_m": 80.0, "nivel_estatico_m": 0.5, "nivel_dinamico_m": null, "vazao_especifica_m3h_m": null, "aquifero": "Serra geral", "natureza_ponto": "Poço tubular", "situacao": null, "uso_agua": null, "data_perfuracao": null, "data_cadastro": 865296000000 }, "geometry": { "type": "Point", "coordinates": [ -56.828333, -29.594444 ] } },
{ "type": "Feature", "properties": { "codigo_poco": 4300001857, "nome_poco": "URU-22/1", "local_poco": "PARADA ADOLFO STERN", "codigo_ibge_municipio": 4322400, "municipio": "Uruguaiana", "uf": "RS", "latitude_original": -29.583611, "longitude_original": -56.716666, "profundidade_m": 30.0, "nivel_estatico_m": 11.7, "nivel_dinamico_m": null, "vazao_especifica_m3h_m": null, "aquifero": "Serra geral", "natureza_ponto": "Poço tubular", "situacao": null, "uso_agua": null, "data_perfuracao": null, "data_cadastro": 865296000000 }, "geometry": { "type": "Point", "coordinates": [ -56.716666, -29.583611 ] } },
{ "type": "Feature", "properties": { "codigo_poco": 4300001858, "nome_poco": "IR579", "local_poco": "CABANHA BERENICE", "codigo_ibge_municipio": 4322400, "municipio": "Uruguaiana", "uf": "RS", "latitude_original": -29.613888, "longitude_original": -56.618333, "profundidade_m": 105.0, "nivel_estatico_m": 19.0, "nivel_dinamico_m": null, "vazao_especifica_m3h_m": null, "aquifero": "Serra geral", "natureza_ponto": "Poço tubular", "situacao": "Bombeando", "uso_agua": "Abastecimento doméstico/animal", "data_perfuracao": 63072000000.0, "data_cadastro": 865296000000 }, "geometry": { "type": "Point", "coordinates": [ -56.618333, -29.613888 ] } },
{ "type": "Feature", "properties": { "codigo_poco": 4300001859, "nome_poco": "URU-22/3", "local_poco": "CABANHA BERENICE", "codigo_ibge_municipio": 4322400, "municipio": "Uruguaiana", "uf": "RS", "latitude_original": -29.626388, "longitude_original": -56.621111, "profundidade_m": 44.0, "nivel_estatico_m": 21.0, "nivel_dinamico_m": null, "vazao_especifica_m3h_m": null, "aquifero": "Serra geral", "natureza_ponto": "Poço tubular", "situacao": null, "uso_agua": null, "data_perfuracao": null, "data_cadastro": 865296000000 }, "geometry": { "type": "Point", "coordinates": [ -56.621111, -29.626388 ] } },
{ "type": "Feature", "properties": { "codigo_poco": 4300001860, "nome_poco": "URU-22/4", "local_poco": "CABANHA BERENICE", "codigo_ibge_municipio": 4322400, "municipio": "Uruguaiana", "uf": "RS", "latitude_original": -29.608333, "longitude_original": -56.599166, "profundidade_m": 45.0, "nivel_estatico_m": null, "nivel_dinamico_m": null, "vazao_especifica_m3h_m": null, "aquifero": "Serra geral", "natureza_ponto": "Poço tubular", "situacao": null, "uso_agua": null, "data_perfuracao": null, "data_cadastro": 865296000000 }, "geometry": { "type": "Point", "coordinates": [ -56.599166, -29.608333 ] } },
{ "type": "Feature", "properties": { "codigo_poco": 4300001861, "nome_poco": "URU-22/5", "local_poco": "ESTANCIA DEL MENITO", "codigo_ibge_municipio": 4322400, "municipio": "Uruguaiana", "uf": "RS", "latitude_original": -29.575555, "longitude_original": -56.601666, "profundidade_m": 48.0, "nivel_estatico_m": 4.0, "nivel_dinamico_m": null, "vazao_especifica_m3h_m": null, "aquifero": "Serra geral", "natureza_ponto": "Poço tubular", "situacao": null, "uso_agua": null, "data_perfuracao": null, "data_cadastro": 865468800000 }, "geometry": { "type": "Point", "coordinates": [ -56.601666, -29.575555 ] } },
{ "type": "Feature", "properties": { "codigo_poco": 4300001862, "nome_poco": "URU-22/6", "local_poco": "ESCOLA FRANCISCO M PIQUET", "codigo_ibge_municipio": 4322400, "municipio": "Uruguaiana", "uf": "RS", "latitude_original": -29.511111, "longitude_original": -56.694722, "profundidade_m": 23.0, "nivel_estatico_m": 0.8, "nivel_dinamico_m": null, "vazao_especifica_m3h_m": null, "aquifero": "Guarani", "natureza_ponto": "Poço tubular", "situacao": null, "uso_agua": null, "data_perfuracao": null, "data_cadastro": 865296000000 }, "geometry": { "type": "Point", "coordinates": [ -56.694722, -29.511111 ] } },
{ "type": "Feature", "properties": { "codigo_poco": 4300001863, "nome_poco": "IR571", "local_poco": "ESTANCIA BELA VISTA", "codigo_ibge_municipio": 4322400, "municipio": "Uruguaiana", "uf": "RS", "latitude_original": -29.514166, "longitude_original": -56.620833, "profundidade_m": null, "nivel_estatico_m": null, "nivel_dinamico_m": null, "vazao_especifica_m3h_m": null, "aquifero": "Guarani", "natureza_ponto": "Poço tubular", "situacao": "Bombeando", "uso_agua": "Abastecimento doméstico", "data_perfuracao": null, "data_cadastro": 865296000000 }, "geometry": { "type": "Point", "coordinates": [ -56.620833, -29.514166 ] } },
{ "type": "Feature", "properties": { "codigo_poco": 4300001864, "nome_poco": "IR572", "local_poco": "ESTANCIA PALMEIRA", "codigo_ibge_municipio": 4322400, "municipio": "Uruguaiana", "uf": "RS", "latitude_original": -29.523055, "longitude_original": -56.552777, "profundidade_m": null, "nivel_estatico_m": null, "nivel_dinamico_m": null, "vazao_especifica_m3h_m": null, "aquifero": "Serra geral", "natureza_ponto": "Poço tubular", "situacao": "Bombeando", "uso_agua": "Abastecimento doméstico/animal", "data_perfuracao": null, "data_cadastro": 865382400000 }, "geometry": { "type": "Point", "coordinates": [ -56.552777, -29.523055 ] } },
{ "type": "Feature", "properties": { "codigo_poco": 4300001865, "nome_poco": "IR547", "local_poco": "FAZENDA UNIAO", "codigo_ibge_municipio": 4322400, "municipio": "Uruguaiana", "uf": "RS", "latitude_original": -29.682777, "longitude_original": -56.63, "profundidade_m": null, "nivel_estatico_m": 34.75, "nivel_dinamico_m": null, "vazao_especifica_m3h_m": null, "aquifero": "Serra geral", "natureza_ponto": "Poço tubular", "situacao": "Parado", "uso_agua": "Abastecimento doméstico", "data_perfuracao": null, "data_cadastro": 865382400000 }, "geometry": { "type": "Point", "coordinates": [ -56.63, -29.682777 ] } },
{ "type": "Feature", "properties": { "codigo_poco": 4300001866, "nome_poco": "IR573", "local_poco": "ESTANCIA SANTA CARMEM", "codigo_ibge_municipio": 4322400, "municipio": "Uruguaiana", "uf": "RS", "latitude_original": -29.605555, "longitude_original": -56.521111, "profundidade_m": null, "nivel_estatico_m": null, "nivel_dinamico_m": null, "vazao_especifica_m3h_m": null, "aquifero": "Serra geral", "natureza_ponto": "Poço tubular", "situacao": "Bombeando", "uso_agua": "Abastecimento doméstico/animal", "data_perfuracao": null, "data_cadastro": 865382400000 }, "geometry": { "type": "Point", "coordinates": [ -56.521111, -29.605555 ] } },
{ "type": "Feature", "properties": { "codigo_poco": 4300001867, "nome_poco": "URU-22/11", "local_poco": "ESTANCIA SAO NICOLAU", "codigo_ibge_municipio": 4322400, "municipio": "Uruguaiana", "uf": "RS", "latitude_original": -29.665833, "longitude_original": -56.560277, "profundidade_m": 36.0, "nivel_estatico_m": 11.05, "nivel_dinamico_m": null, "vazao_especifica_m3h_m": null, "aquifero": "Serra geral", "natureza_ponto": "Poço tubular", "situacao": null, "uso_agua": null, "data_perfuracao": null, "data_cadastro": 865382400000 }, "geometry": { "type": "Point", "coordinates": [ -56.560277, -29.665833 ] } },
{ "type": "Feature", "properties": { "codigo_poco": 4300001868, "nome_poco": "URU-22/12", "local_poco": "ESTANCIA SAO NICOLAU", "codigo_ibge_municipio": 4322400, "municipio": "Uruguaiana", "uf": "RS", "latitude_original": -29.651944, "longitude_original": -56.534722, "profundidade_m": 40.0, "nivel_estatico_m": null, "nivel_dinamico_m": null, "vazao_especifica_m3h_m": null, "aquifero": "Serra geral", "natureza_ponto": "Poço tubular", "situacao": null, "uso_agua": null, "data_perfuracao": null, "data_cadastro": 865382400000 }, "geometry": { "type": "Point", "coordinates": [ -56.534722, -29.651944 ] } },
{ "type": "Feature", "properties": { "codigo_poco": 4300001869, "nome_poco": "URU-22/13", "local_poco": "ESTANCIA SAO NICOLAU", "codigo_ibge_municipio": 4322400, "municipio": "Uruguaiana", "uf": "RS", "latitude_original": -29.651666, "longitude_original": -56.533333, "profundidade_m": null, "nivel_estatico_m": null, "nivel_dinamico_m": null, "vazao_especifica_m3h_m": null, "aquifero": "Serra geral", "natureza_ponto": "Poço tubular", "situacao": null, "uso_agua": null, "data_perfuracao": null, "data_cadastro": 865382400000 }, "geometry": { "type": "Point", "coordinates": [ -56.533333, -29.651666 ] } },
{ "type": "Feature", "properties": { "codigo_poco": 4300001870, "nome_poco": "URU-22/14", "local_poco": "FAZENDA RECREIO", "codigo_ibge_municipio": 4322400, "municipio": "Uruguaiana", "uf": "RS", "latitude_original": -29.744166, "longitude_original": -56.549166, "profundidade_m": 2.0, "nivel_estatico_m": 0.1, "nivel_dinamico_m": null, "vazao_especifica_m3h_m": null, "aquifero": "Serra geral", "natureza_ponto": "Poço Escavado (cacimba/Cisterna)", "situacao": null, "uso_agua": null, "data_perfuracao": null, "data_cadastro": 865382400000 }, "geometry": { "type": "Point", "coordinates": [ -56.549166, -29.744166 ] } },
{ "type": "Feature", "properties": { "codigo_poco": 4300001871, "nome_poco": "URU-22/15", "local_poco": "ESTANCIA TRES COQUEIROS", "codigo_ibge_municipio": 4322400, "municipio": "Uruguaiana", "uf": "RS", "latitude_original": -29.741111, "longitude_original": -56.703333, "profundidade_m": 2.5, "nivel_estatico_m": 0.1, "nivel_dinamico_m": null, "vazao_especifica_m3h_m": null, "aquifero": "Serra geral", "natureza_ponto": "Poço Escavado (cacimba/Cisterna)", "situacao": null, "uso_agua": null, "data_perfuracao": null, "data_cadastro": 860284800000 }, "geometry": { "type": "Point", "coordinates": [ -56.703333, -29.741111 ] } },
{ "type": "Feature", "properties": { "codigo_poco": 4300001872, "nome_poco": "URU-22/16", "local_poco": "ESTANCIA PARAISO", "codigo_ibge_municipio": 4322400, "municipio": "Uruguaiana", "uf": "RS", "latitude_original": -29.718333, "longitude_original": -56.626944, "profundidade_m": 3.0, "nivel_estatico_m": 0.1, "nivel_dinamico_m": null, "vazao_especifica_m3h_m": null, "aquifero": "Serra geral", "natureza_ponto": "Poço Escavado (cacimba/Cisterna)", "situacao": null, "uso_agua": null, "data_perfuracao": null, "data_cadastro": 865382400000 }, "geometry": { "type": "Point", "coordinates": [ -56.626944, -29.718333 ] } },
{ "type": "Feature", "properties": { "codigo_poco": 4300001873, "nome_poco": "URU-22/17", "local_poco": "ESTANCIA SARANDI", "codigo_ibge_municipio": 4322400, "municipio": "Uruguaiana", "uf": "RS", "latitude_original": -29.675833, "longitude_original": -56.699722, "profundidade_m": 45.0, "nivel_estatico_m": null, "nivel_dinamico_m": null, "vazao_especifica_m3h_m": null, "aquifero": "Serra geral", "natureza_ponto": "Poço tubular", "situacao": null, "uso_agua": null, "data_perfuracao": null, "data_cadastro": 865382400000 }, "geometry": { "type": "Point", "coordinates": [ -56.699722, -29.675833 ] } },
{ "type": "Feature", "properties": { "codigo_poco": 4300001874, "nome_poco": "URU-23/2", "local_poco": "ESTANCIA SAO FRANCISCO", "codigo_ibge_municipio": 4322400, "municipio": "Uruguaiana", "uf": "RS", "latitude_original": -29.556944, "longitude_original": -56.439444, "profundidade_m": 66.0, "nivel_estatico_m": 35.0, "nivel_dinamico_m": null, "vazao_especifica_m3h_m": null, "aquifero": "Serra geral", "natureza_ponto": "Poço tubular", "situacao": null, "uso_agua": null, "data_perfuracao": null, "data_cadastro": 865382400000 }, "geometry": { "type": "Point", "coordinates": [ -56.439444, -29.556944 ] } },
{ "type": "Feature", "properties": { "codigo_poco": 4300001875, "nome_poco": "URU-23/3", "local_poco": "ESTANCIA NOVA PALMIRA", "codigo_ibge_municipio": 4322400, "municipio": "Uruguaiana", "uf": "RS", "latitude_original": -29.609166, "longitude_original": -56.394444, "profundidade_m": 35.0, "nivel_estatico_m": 19.65, "nivel_dinamico_m": null, "vazao_especifica_m3h_m": null, "aquifero": "Serra geral", "natureza_ponto": "Poço tubular", "situacao": null, "uso_agua": null, "data_perfuracao": null, "data_cadastro": 865382400000 }, "geometry": { "type": "Point", "coordinates": [ -56.394444, -29.609166 ] } },
{ "type": "Feature", "properties": { "codigo_poco": 4300001876, "nome_poco": "IR574", "local_poco": "ESTANCIA MEIA AGUA", "codigo_ibge_municipio": 4322400, "municipio": "Uruguaiana", "uf": "RS", "latitude_original": -29.645555, "longitude_original": -56.476944, "profundidade_m": null, "nivel_estatico_m": null, "nivel_dinamico_m": null, "vazao_especifica_m3h_m": null, "aquifero": "Serra geral", "natureza_ponto": "Poço tubular", "situacao": "Bombeando", "uso_agua": "Abastecimento doméstico", "data_perfuracao": null, "data_cadastro": 865382400000 }, "geometry": { "type": "Point", "coordinates": [ -56.476944, -29.645555 ] } },
{ "type": "Feature", "properties": { "codigo_poco": 4300001877, "nome_poco": "URU-23/5", "local_poco": "SUCESSAO GONCALO", "codigo_ibge_municipio": 4322400, "municipio": "Uruguaiana", "uf": "RS", "latitude_original": -29.719444, "longitude_original": -56.475555, "profundidade_m": 30.0, "nivel_estatico_m": 15.0, "nivel_dinamico_m": null, "vazao_especifica_m3h_m": null, "aquifero": "Serra geral", "natureza_ponto": "Poço tubular", "situacao": null, "uso_agua": null, "data_perfuracao": null, "data_cadastro": 865382400000 }, "geometry": { "type": "Point", "coordinates": [ -56.475555, -29.719444 ] } },
{ "type": "Feature", "properties": { "codigo_poco": 4300001878, "nome_poco": "IR501", "local_poco": "ESTANCIA COQUEIRO", "codigo_ibge_municipio": 4322400, "municipio": "Uruguaiana", "uf": "RS", "latitude_original": -29.961388, "longitude_original": -57.257222, "profundidade_m": null, "nivel_estatico_m": null, "nivel_dinamico_m": null, "vazao_especifica_m3h_m": null, "aquifero": null, "natureza_ponto": "Poço tubular", "situacao": "Bombeando", "uso_agua": "Abastecimento doméstico/animal", "data_perfuracao": null, "data_cadastro": 866332800000 }, "geometry": { "type": "Point", "coordinates": [ -57.257222, -29.961388 ] } },
{ "type": "Feature", "properties": { "codigo_poco": 4300001879, "nome_poco": "IR470", "local_poco": "FAZENDA SANTANA VELHO", "codigo_ibge_municipio": 4322400, "municipio": "Uruguaiana", "uf": "RS", "latitude_original": -29.861111, "longitude_original": -57.276388, "profundidade_m": 90.0, "nivel_estatico_m": null, "nivel_dinamico_m": null, "vazao_especifica_m3h_m": null, "aquifero": null, "natureza_ponto": "Poço tubular", "situacao": "Bombeando", "uso_agua": "Abastecimento doméstico", "data_perfuracao": 803174400000.0, "data_cadastro": 865468800000 }, "geometry": { "type": "Point", "coordinates": [ -57.276388, -29.861111 ] } },
{ "type": "Feature", "properties": { "codigo_poco": 4300001880, "nome_poco": "URU-32/1", "local_poco": "ESTACAO EXPERIMENTAL", "codigo_ibge_municipio": 4322400, "municipio": "Uruguaiana", "uf": "RS", "latitude_original": -29.838888, "longitude_original": -57.0775, "profundidade_m": 40.0, "nivel_estatico_m": 13.0, "nivel_dinamico_m": null, "vazao_especifica_m3h_m": null, "aquifero": "Serra geral", "natureza_ponto": "Poço tubular", "situacao": null, "uso_agua": null, "data_perfuracao": null, "data_cadastro": 865468800000 }, "geometry": { "type": "Point", "coordinates": [ -57.0775, -29.838888 ] } },
{ "type": "Feature", "properties": { "codigo_poco": 4300001881, "nome_poco": "URU-32/2", "local_poco": "ESTACAO EXPERIMENTAL", "codigo_ibge_municipio": 4322400, "municipio": "Uruguaiana", "uf": "RS", "latitude_original": -29.834444, "longitude_original": -57.08, "profundidade_m": 24.0, "nivel_estatico_m": 11.0, "nivel_dinamico_m": null, "vazao_especifica_m3h_m": null, "aquifero": "Serra geral", "natureza_ponto": "Poço tubular", "situacao": null, "uso_agua": null, "data_perfuracao": null, "data_cadastro": 865468800000 }, "geometry": { "type": "Point", "coordinates": [ -57.08, -29.834444 ] } },
{ "type": "Feature", "properties": { "codigo_poco": 4300001882, "nome_poco": "IR469", "local_poco": "ESTANCIA SAO MIGUEL", "codigo_ibge_municipio": 4322400, "municipio": "Uruguaiana", "uf": "RS", "latitude_original": -29.829444, "longitude_original": -57.2, "profundidade_m": 20.0, "nivel_estatico_m": null, "nivel_dinamico_m": null, "vazao_especifica_m3h_m": null, "aquifero": null, "natureza_ponto": "Poço tubular", "situacao": "Bombeando", "uso_agua": "Abastecimento doméstico", "data_perfuracao": null, "data_cadastro": 865468800000 }, "geometry": { "type": "Point", "coordinates": [ -57.2, -29.829444 ] } },
{ "type": "Feature", "properties": { "codigo_poco": 4300001883, "nome_poco": "URU-32/4", "local_poco": "ESTANCIA SAO JOSE", "codigo_ibge_municipio": 4322400, "municipio": "Uruguaiana", "uf": "RS", "latitude_original": -29.887777, "longitude_original": -57.233333, "profundidade_m": 12.0, "nivel_estatico_m": null, "nivel_dinamico_m": null, "vazao_especifica_m3h_m": null, "aquifero": "Serra geral", "natureza_ponto": "Poço tubular", "situacao": null, "uso_agua": null, "data_perfuracao": -189388800000.0, "data_cadastro": 865468800000 }, "geometry": { "type": "Point", "coordinates": [ -57.233333, -29.887777 ] } },
{ "type": "Feature", "properties": { "codigo_poco": 4300001884, "nome_poco": "URU-32/5", "local_poco": "ESTANCIA ESPERANCA", "codigo_ibge_municipio": 4322400, "municipio": "Uruguaiana", "uf": "RS", "latitude_original": -29.988888, "longitude_original": -57.169444, "profundidade_m": 180.0, "nivel_estatico_m": 1.0, "nivel_dinamico_m": null, "vazao_especifica_m3h_m": null, "aquifero": "Serra geral", "natureza_ponto": "Poço tubular", "situacao": null, "uso_agua": null, "data_perfuracao": null, "data_cadastro": 865468800000 }, "geometry": { "type": "Point", "coordinates": [ -57.169444, -29.988888 ] } },
{ "type": "Feature", "properties": { "codigo_poco": 4300001885, "nome_poco": "URU-32/6", "local_poco": "ITAPITOCAI", "codigo_ibge_municipio": 4322400, "municipio": "Uruguaiana", "uf": "RS", "latitude_original": -29.8875, "longitude_original": -57.1075, "profundidade_m": 22.0, "nivel_estatico_m": null, "nivel_dinamico_m": null, "vazao_especifica_m3h_m": null, "aquifero": "Serra geral", "natureza_ponto": "Poço tubular", "situacao": null, "uso_agua": null, "data_perfuracao": null, "data_cadastro": 865468800000 }, "geometry": { "type": "Point", "coordinates": [ -57.1075, -29.8875 ] } },
{ "type": "Feature", "properties": { "codigo_poco": 4300001886, "nome_poco": "URU-32/7", "local_poco": "GUARAPOITA", "codigo_ibge_municipio": 4322400, "municipio": "Uruguaiana", "uf": "RS", "latitude_original": -29.937777, "longitude_original": -57.16, "profundidade_m": 59.0, "nivel_estatico_m": null, "nivel_dinamico_m": null, "vazao_especifica_m3h_m": null, "aquifero": "Serra geral", "natureza_ponto": "Poço tubular", "situacao": null, "uso_agua": null, "data_perfuracao": -126230400000.0, "data_cadastro": 865468800000 }, "geometry": { "type": "Point", "coordinates": [ -57.16, -29.937777 ] } },
{ "type": "Feature", "properties": { "codigo_poco": 4300001887, "nome_poco": "URU-32/8", "local_poco": "GRANJA ELI", "codigo_ibge_municipio": 4322400, "municipio": "Uruguaiana", "uf": "RS", "latitude_original": -29.7875, "longitude_original": -57.0875, "profundidade_m": 25.0, "nivel_estatico_m": 17.0, "nivel_dinamico_m": null, "vazao_especifica_m3h_m": null, "aquifero": "Serra geral", "natureza_ponto": "Poço tubular", "situacao": null, "uso_agua": null, "data_perfuracao": -568080000000.0, "data_cadastro": 865468800000 }, "geometry": { "type": "Point", "coordinates": [ -57.0875, -29.7875 ] } },
{ "type": "Feature", "properties": { "codigo_poco": 4300001888, "nome_poco": "URU-32/9", "local_poco": "GRANJA ANGICO", "codigo_ibge_municipio": 4322400, "municipio": "Uruguaiana", "uf": "RS", "latitude_original": -29.818888, "longitude_original": -57.1175, "profundidade_m": null, "nivel_estatico_m": 9.0, "nivel_dinamico_m": null, "vazao_especifica_m3h_m": null, "aquifero": null, "natureza_ponto": "Poço tubular", "situacao": null, "uso_agua": null, "data_perfuracao": null, "data_cadastro": 865555200000 }, "geometry": { "type": "Point", "coordinates": [ -57.1175, -29.818888 ] } },
{ "type": "Feature", "properties": { "codigo_poco": 4300001889, "nome_poco": "IR467", "local_poco": "ESTANCIA SANTA ROSA", "codigo_ibge_municipio": 4322400, "municipio": "Uruguaiana", "uf": "RS", "latitude_original": -29.978055, "longitude_original": -57.120555, "profundidade_m": 11.0, "nivel_estatico_m": null, "nivel_dinamico_m": null, "vazao_especifica_m3h_m": null, "aquifero": null, "natureza_ponto": "Poço tubular", "situacao": "Bombeando", "uso_agua": "Abastecimento doméstico", "data_perfuracao": null, "data_cadastro": 865555200000 }, "geometry": { "type": "Point", "coordinates": [ -57.120555, -29.978055 ] } },
{ "type": "Feature", "properties": { "codigo_poco": 4300001890, "nome_poco": "URU-32/11", "local_poco": "MARIO CASTRO", "codigo_ibge_municipio": 4322400, "municipio": "Uruguaiana", "uf": "RS", "latitude_original": -29.9625, "longitude_original": -57.031944, "profundidade_m": 9.0, "nivel_estatico_m": 8.0, "nivel_dinamico_m": null, "vazao_especifica_m3h_m": null, "aquifero": "Serra geral", "natureza_ponto": "Poço tubular", "situacao": null, "uso_agua": null, "data_perfuracao": null, "data_cadastro": 865555200000 }, "geometry": { "type": "Point", "coordinates": [ -57.031944, -29.9625 ] } },
{ "type": "Feature", "properties": { "codigo_poco": 4300001891, "nome_poco": "URU-32/12", "local_poco": "ESTANCIA ESPINILHO", "codigo_ibge_municipio": 4322400, "municipio": "Uruguaiana", "uf": "RS", "latitude_original": -29.964444, "longitude_original": -57.020833, "profundidade_m": null, "nivel_estatico_m": null, "nivel_dinamico_m": null, "vazao_especifica_m3h_m": null, "aquifero": null, "natureza_ponto": "Poço tubular", "situacao": null, "uso_agua": null, "data_perfuracao": 63072000000.0, "data_cadastro": 865555200000 }, "geometry": { "type": "Point", "coordinates": [ -57.020833, -29.964444 ] } },
{ "type": "Feature", "properties": { "codigo_poco": 4300001892, "nome_poco": "URU-32/13", "local_poco": "ESTACAO EXPERIMENTAL", "codigo_ibge_municipio": 4322400, "municipio": "Uruguaiana", "uf": "RS", "latitude_original": -29.84, "longitude_original": -57.088333, "profundidade_m": 113.0, "nivel_estatico_m": 6.0, "nivel_dinamico_m": 42.0, "vazao_especifica_m3h_m": null, "aquifero": "Guarani", "natureza_ponto": "Poço tubular", "situacao": null, "uso_agua": null, "data_perfuracao": -7862400000.0, "data_cadastro": 865814400000 }, "geometry": { "type": "Point", "coordinates": [ -57.088333, -29.84 ] } },
{ "type": "Feature", "properties": { "codigo_poco": 4300001893, "nome_poco": "URU-32/14", "local_poco": "CERRITO", "codigo_ibge_municipio": 4322400, "municipio": "Uruguaiana", "uf": "RS", "latitude_original": -29.688888, "longitude_original": -57.0025, "profundidade_m": 60.0, "nivel_estatico_m": 14.0, "nivel_dinamico_m": null, "vazao_especifica_m3h_m": null, "aquifero": "Serra geral", "natureza_ponto": "Poço tubular", "situacao": null, "uso_agua": null, "data_perfuracao": null, "data_cadastro": 865814400000 }, "geometry": { "type": "Point", "coordinates": [ -57.0025, -29.688888 ] } },
{ "type": "Feature", "properties": { "codigo_poco": 4300001894, "nome_poco": "IR594", "local_poco": "VILA CHARQUEADA", "codigo_ibge_municipio": 4322400, "municipio": "Uruguaiana", "uf": "RS", "latitude_original": -29.771944, "longitude_original": -56.981666, "profundidade_m": 107.0, "nivel_estatico_m": 6.0, "nivel_dinamico_m": 9.0, "vazao_especifica_m3h_m": 8.333, "aquifero": "Guarani", "natureza_ponto": "Poço tubular", "situacao": "Bombeando", "uso_agua": "Abastecimento industrial", "data_perfuracao": -153619200000.0, "data_cadastro": 865814400000 }, "geometry": { "type": "Point", "coordinates": [ -56.981666, -29.771944 ] } },
{ "type": "Feature", "properties": { "codigo_poco": 4300001895, "nome_poco": "IR593", "local_poco": "VILA CHARQUEADA", "codigo_ibge_municipio": 4322400, "municipio": "Uruguaiana", "uf": "RS", "latitude_original": -29.771666, "longitude_original": -56.980277, "profundidade_m": 114.0, "nivel_estatico_m": 6.0, "nivel_dinamico_m": 9.5, "vazao_especifica_m3h_m": 5.029, "aquifero": "Guarani", "natureza_ponto": "Poço tubular", "situacao": "Bombeando", "uso_agua": "Abastecimento industrial", "data_perfuracao": -111542400000.0, "data_cadastro": 865814400000 }, "geometry": { "type": "Point", "coordinates": [ -56.980277, -29.771666 ] } },
{ "type": "Feature", "properties": { "codigo_poco": 4300001896, "nome_poco": "URU-33/3", "local_poco": "CABANHA PAINEIRAS", "codigo_ibge_municipio": 4322400, "municipio": "Uruguaiana", "uf": "RS", "latitude_original": -29.8125, "longitude_original": -56.754166, "profundidade_m": 80.0, "nivel_estatico_m": 22.0, "nivel_dinamico_m": 57.0, "vazao_especifica_m3h_m": null, "aquifero": "Guarani", "natureza_ponto": "Poço tubular", "situacao": null, "uso_agua": null, "data_perfuracao": null, "data_cadastro": 865814400000 }, "geometry": { "type": "Point", "coordinates": [ -56.754166, -29.8125 ] } },
{ "type": "Feature", "properties": { "codigo_poco": 4300001897, "nome_poco": "URU-33/4", "local_poco": "LEITEIRA DA TUNA", "codigo_ibge_municipio": 4322400, "municipio": "Uruguaiana", "uf": "RS", "latitude_original": -29.774444, "longitude_original": -56.922222, "profundidade_m": 27.0, "nivel_estatico_m": 20.0, "nivel_dinamico_m": null, "vazao_especifica_m3h_m": null, "aquifero": "Serra geral", "natureza_ponto": "Poço tubular", "situacao": null, "uso_agua": null, "data_perfuracao": null, "data_cadastro": 865900800000 }, "geometry": { "type": "Point", "coordinates": [ -56.922222, -29.774444 ] } },
{ "type": "Feature", "properties": { "codigo_poco": 4300001898, "nome_poco": "IR592", "local_poco": "ESTANCIA MIDON", "codigo_ibge_municipio": 4322400, "municipio": "Uruguaiana", "uf": "RS", "latitude_original": -29.766111, "longitude_original": -56.889722, "profundidade_m": 100.0, "nivel_estatico_m": null, "nivel_dinamico_m": null, "vazao_especifica_m3h_m": null, "aquifero": "Serra geral", "natureza_ponto": "Poço tubular", "situacao": "Parado", "uso_agua": "Abastecimento doméstico", "data_perfuracao": 31536000000.0, "data_cadastro": 865900800000 }, "geometry": { "type": "Point", "coordinates": [ -56.889722, -29.766111 ] } },
{ "type": "Feature", "properties": { "codigo_poco": 4300001899, "nome_poco": "IR474", "local_poco": "SITIO QUERO-QUERO", "codigo_ibge_municipio": 4322400, "municipio": "Uruguaiana", "uf": "RS", "latitude_original": -29.853055, "longitude_original": -57.094166, "profundidade_m": 180.0, "nivel_estatico_m": null, "nivel_dinamico_m": null, "vazao_especifica_m3h_m": null, "aquifero": null, "natureza_ponto": "Poço tubular", "situacao": "Bombeando", "uso_agua": "Abastecimento múltiplo", "data_perfuracao": 172022400000.0, "data_cadastro": 865900800000 }, "geometry": { "type": "Point", "coordinates": [ -57.094166, -29.853055 ] } },
{ "type": "Feature", "properties": { "codigo_poco": 4300001900, "nome_poco": "IR496", "local_poco": "CABANHA PAINEIRAS", "codigo_ibge_municipio": 4322400, "municipio": "Uruguaiana", "uf": "RS", "latitude_original": -29.798333, "longitude_original": -56.754722, "profundidade_m": 102.0, "nivel_estatico_m": 70.0, "nivel_dinamico_m": null, "vazao_especifica_m3h_m": null, "aquifero": "Guarani", "natureza_ponto": "Poço tubular", "situacao": "Parado", "uso_agua": null, "data_perfuracao": -645148800000.0, "data_cadastro": 865900800000 }, "geometry": { "type": "Point", "coordinates": [ -56.754722, -29.798333 ] } },
{ "type": "Feature", "properties": { "codigo_poco": 4300001901, "nome_poco": "URU-33/8", "local_poco": "SAO FORTUNATO", "codigo_ibge_municipio": 4322400, "municipio": "Uruguaiana", "uf": "RS", "latitude_original": -29.872222, "longitude_original": -56.795833, "profundidade_m": 100.0, "nivel_estatico_m": 17.0, "nivel_dinamico_m": 35.0, "vazao_especifica_m3h_m": null, "aquifero": "Guarani", "natureza_ponto": "Poço tubular", "situacao": null, "uso_agua": null, "data_perfuracao": null, "data_cadastro": 865900800000 }, "geometry": { "type": "Point", "coordinates": [ -56.795833, -29.872222 ] } },
{ "type": "Feature", "properties": { "codigo_poco": 4300001902, "nome_poco": "IR506", "local_poco": "ESTANCIA SAO LUCAS", "codigo_ibge_municipio": 4322400, "municipio": "Uruguaiana", "uf": "RS", "latitude_original": -29.8225, "longitude_original": -56.944166, "profundidade_m": 100.0, "nivel_estatico_m": 51.0, "nivel_dinamico_m": null, "vazao_especifica_m3h_m": null, "aquifero": null, "natureza_ponto": "Poço tubular", "situacao": "Bombeando", "uso_agua": "Abastecimento doméstico", "data_perfuracao": null, "data_cadastro": 865900800000 }, "geometry": { "type": "Point", "coordinates": [ -56.944166, -29.8225 ] } },
{ "type": "Feature", "properties": { "codigo_poco": 4300001903, "nome_poco": "IR511", "local_poco": "CABANHA SANTA IZABEL", "codigo_ibge_municipio": 4322400, "municipio": "Uruguaiana", "uf": "RS", "latitude_original": -29.817777, "longitude_original": -56.852222, "profundidade_m": 15.0, "nivel_estatico_m": null, "nivel_dinamico_m": null, "vazao_especifica_m3h_m": null, "aquifero": "Serra geral", "natureza_ponto": "Poço tubular", "situacao": "Bombeando", "uso_agua": "Abastecimento doméstico", "data_perfuracao": 80006400000.0, "data_cadastro": 865900800000 }, "geometry": { "type": "Point", "coordinates": [ -56.852222, -29.817777 ] } },
{ "type": "Feature", "properties": { "codigo_poco": 4300001904, "nome_poco": "IR483", "local_poco": "ESTANCIA SAO LUIZ", "codigo_ibge_municipio": 4322400, "municipio": "Uruguaiana", "uf": "RS", "latitude_original": -29.876944, "longitude_original": -56.973888, "profundidade_m": 110.0, "nivel_estatico_m": 20.0, "nivel_dinamico_m": null, "vazao_especifica_m3h_m": null, "aquifero": "Serra geral", "natureza_ponto": "Poço tubular", "situacao": "Bombeando", "uso_agua": "Abastecimento doméstico", "data_perfuracao": 645408000000.0, "data_cadastro": 865987200000 }, "geometry": { "type": "Point", "coordinates": [ -56.973888, -29.876944 ] } },
{ "type": "Feature", "properties": { "codigo_poco": 4300001905, "nome_poco": "URU-33/12", "local_poco": "ESTANCIA CAPIVARI", "codigo_ibge_municipio": 4322400, "municipio": "Uruguaiana", "uf": "RS", "latitude_original": -29.951111, "longitude_original": -56.977777, "profundidade_m": null, "nivel_estatico_m": null, "nivel_dinamico_m": null, "vazao_especifica_m3h_m": null, "aquifero": null, "natureza_ponto": "Poço tubular", "situacao": null, "uso_agua": null, "data_perfuracao": -189388800000.0, "data_cadastro": 865987200000 }, "geometry": { "type": "Point", "coordinates": [ -56.977777, -29.951111 ] } },
{ "type": "Feature", "properties": { "codigo_poco": 4300001906, "nome_poco": "URU-33/13", "local_poco": "ESTANCIA CAPIVARI", "codigo_ibge_municipio": 4322400, "municipio": "Uruguaiana", "uf": "RS", "latitude_original": -29.95, "longitude_original": -56.905555, "profundidade_m": null, "nivel_estatico_m": null, "nivel_dinamico_m": null, "vazao_especifica_m3h_m": null, "aquifero": null, "natureza_ponto": "Poço tubular", "situacao": null, "uso_agua": null, "data_perfuracao": null, "data_cadastro": 865987200000 }, "geometry": { "type": "Point", "coordinates": [ -56.905555, -29.95 ] } },
{ "type": "Feature", "properties": { "codigo_poco": 4300001907, "nome_poco": "URU-33/14", "local_poco": "ESTANCIA SAO LILIANO", "codigo_ibge_municipio": 4322400, "municipio": "Uruguaiana", "uf": "RS", "latitude_original": -29.977777, "longitude_original": -56.872222, "profundidade_m": 30.0, "nivel_estatico_m": 12.0, "nivel_dinamico_m": null, "vazao_especifica_m3h_m": null, "aquifero": "Serra geral", "natureza_ponto": "Poço tubular", "situacao": null, "uso_agua": null, "data_perfuracao": null, "data_cadastro": 865987200000 }, "geometry": { "type": "Point", "coordinates": [ -56.872222, -29.977777 ] } },
{ "type": "Feature", "properties": { "codigo_poco": 4300001908, "nome_poco": "URU-34/1", "local_poco": "VILA PLANO ALTO", "codigo_ibge_municipio": 4322400, "municipio": "Uruguaiana", "uf": "RS", "latitude_original": -29.767777, "longitude_original": -56.52, "profundidade_m": 23.0, "nivel_estatico_m": 2.5, "nivel_dinamico_m": null, "vazao_especifica_m3h_m": null, "aquifero": "Serra geral", "natureza_ponto": "Poço tubular", "situacao": null, "uso_agua": null, "data_perfuracao": null, "data_cadastro": 865987200000 }, "geometry": { "type": "Point", "coordinates": [ -56.52, -29.767777 ] } },
{ "type": "Feature", "properties": { "codigo_poco": 4300001910, "nome_poco": "URU-34/3", "local_poco": "TOURO PASSO", "codigo_ibge_municipio": 4322400, "municipio": "Uruguaiana", "uf": "RS", "latitude_original": -29.7875, "longitude_original": -56.615, "profundidade_m": 6.0, "nivel_estatico_m": null, "nivel_dinamico_m": null, "vazao_especifica_m3h_m": null, "aquifero": "Serra geral", "natureza_ponto": "Poço tubular", "situacao": null, "uso_agua": null, "data_perfuracao": null, "data_cadastro": 866073600000 }, "geometry": { "type": "Point", "coordinates": [ -56.615, -29.7875 ] } },
{ "type": "Feature", "properties": { "codigo_poco": 4300001911, "nome_poco": "URU-34/4", "local_poco": "ESTANCIA CARUMBE'", "codigo_ibge_municipio": 4322400, "municipio": "Uruguaiana", "uf": "RS", "latitude_original": -29.775, "longitude_original": -56.741666, "profundidade_m": 20.0, "nivel_estatico_m": 7.5, "nivel_dinamico_m": null, "vazao_especifica_m3h_m": null, "aquifero": "Serra geral", "natureza_ponto": "Poço tubular", "situacao": null, "uso_agua": null, "data_perfuracao": -189388800000.0, "data_cadastro": 866073600000 }, "geometry": { "type": "Point", "coordinates": [ -56.741666, -29.775 ] } },
{ "type": "Feature", "properties": { "codigo_poco": 4300001912, "nome_poco": "URU-34/5", "local_poco": "ESTANCIA DA ORDEM", "codigo_ibge_municipio": 4322400, "municipio": "Uruguaiana", "uf": "RS", "latitude_original": -29.872222, "longitude_original": -56.656944, "profundidade_m": 15.0, "nivel_estatico_m": 14.0, "nivel_dinamico_m": null, "vazao_especifica_m3h_m": null, "aquifero": "Serra geral", "natureza_ponto": "Poço tubular", "situacao": null, "uso_agua": null, "data_perfuracao": null, "data_cadastro": 866073600000 }, "geometry": { "type": "Point", "coordinates": [ -56.656944, -29.872222 ] } },
{ "type": "Feature", "properties": { "codigo_poco": 4300001913, "nome_poco": "URU-34/6", "local_poco": "ESTANCIA SANTA HELENA", "codigo_ibge_municipio": 4322400, "municipio": "Uruguaiana", "uf": "RS", "latitude_original": -29.908333, "longitude_original": -56.605555, "profundidade_m": 3.0, "nivel_estatico_m": 0.1, "nivel_dinamico_m": null, "vazao_especifica_m3h_m": null, "aquifero": "Serra geral", "natureza_ponto": "Poço Escavado (cacimba/Cisterna)", "situacao": null, "uso_agua": null, "data_perfuracao": null, "data_cadastro": 866073600000 }, "geometry": { "type": "Point", "coordinates": [ -56.605555, -29.908333 ] } },
{ "type": "Feature", "properties": { "codigo_poco": 4300001914, "nome_poco": "URU-34/7", "local_poco": "ARROIO CAIBOATE", "codigo_ibge_municipio": 4322400, "municipio": "Uruguaiana", "uf": "RS", "latitude_original": -29.921111, "longitude_original": -56.740277, "profundidade_m": null, "nivel_estatico_m": null, "nivel_dinamico_m": null, "vazao_especifica_m3h_m": null, "aquifero": "Serra geral", "natureza_ponto": "Poço tubular", "situacao": null, "uso_agua": null, "data_perfuracao": 63072000000.0, "data_cadastro": 866073600000 }, "geometry": { "type": "Point", "coordinates": [ -56.740277, -29.921111 ] } },
{ "type": "Feature", "properties": { "codigo_poco": 4300001915, "nome_poco": "URU-34/8", "local_poco": "ARROIO CAIBOATE", "codigo_ibge_municipio": 4322400, "municipio": "Uruguaiana", "uf": "RS", "latitude_original": -29.963888, "longitude_original": -56.658333, "profundidade_m": 3.5, "nivel_estatico_m": 0.2, "nivel_dinamico_m": null, "vazao_especifica_m3h_m": null, "aquifero": "Serra geral", "natureza_ponto": "Poço tubular", "situacao": null, "uso_agua": null, "data_perfuracao": null, "data_cadastro": 866073600000 }, "geometry": { "type": "Point", "coordinates": [ -56.658333, -29.963888 ] } },
{ "type": "Feature", "properties": { "codigo_poco": 4300001916, "nome_poco": "IR553", "local_poco": "FAZENDA RANCHO GRANDE", "codigo_ibge_municipio": 4322400, "municipio": "Uruguaiana", "uf": "RS", "latitude_original": -29.888888, "longitude_original": -56.518888, "profundidade_m": 20.5, "nivel_estatico_m": null, "nivel_dinamico_m": null, "vazao_especifica_m3h_m": null, "aquifero": "Serra geral", "natureza_ponto": "Poço tubular", "situacao": "Bombeando", "uso_agua": "Abastecimento doméstico", "data_perfuracao": -441849600000.0, "data_cadastro": 866073600000 }, "geometry": { "type": "Point", "coordinates": [ -56.518888, -29.888888 ] } },
{ "type": "Feature", "properties": { "codigo_poco": 4300001917, "nome_poco": "URU-34/10", "local_poco": "ESTANCIA SAO JOAQUIM", "codigo_ibge_municipio": 4322400, "municipio": "Uruguaiana", "uf": "RS", "latitude_original": -29.886111, "longitude_original": -56.5175, "profundidade_m": 26.0, "nivel_estatico_m": 12.8, "nivel_dinamico_m": null, "vazao_especifica_m3h_m": null, "aquifero": "Serra geral", "natureza_ponto": "Poço tubular", "situacao": null, "uso_agua": null, "data_perfuracao": null, "data_cadastro": 866073600000 }, "geometry": { "type": "Point", "coordinates": [ -56.5175, -29.886111 ] } },
{ "type": "Feature", "properties": { "codigo_poco": 4300001918, "nome_poco": "URU-35/1", "local_poco": "FAZENDA GUAVIJU", "codigo_ibge_municipio": 4322400, "municipio": "Uruguaiana", "uf": "RS", "latitude_original": -29.773611, "longitude_original": -56.4, "profundidade_m": 26.0, "nivel_estatico_m": 6.0, "nivel_dinamico_m": null, "vazao_especifica_m3h_m": null, "aquifero": "Serra geral", "natureza_ponto": "Poço tubular", "situacao": null, "uso_agua": null, "data_perfuracao": null, "data_cadastro": 866073600000 }, "geometry": { "type": "Point", "coordinates": [ -56.4, -29.773611 ] } },
{ "type": "Feature", "properties": { "codigo_poco": 4300001919, "nome_poco": "URU-35/2", "local_poco": "FAZENDA SANTA CATARINA", "codigo_ibge_municipio": 4322400, "municipio": "Uruguaiana", "uf": "RS", "latitude_original": -29.822222, "longitude_original": -56.408333, "profundidade_m": null, "nivel_estatico_m": null, "nivel_dinamico_m": null, "vazao_especifica_m3h_m": null, "aquifero": "Serra geral", "natureza_ponto": "Nascente", "situacao": "Equipado", "uso_agua": null, "data_perfuracao": null, "data_cadastro": 866073600000 }, "geometry": { "type": "Point", "coordinates": [ -56.408333, -29.822222 ] } },
{ "type": "Feature", "properties": { "codigo_poco": 4300001920, "nome_poco": "URU-35/3", "local_poco": "ESTANCIA SANTO ANTONIO", "codigo_ibge_municipio": 4322400, "municipio": "Uruguaiana", "uf": "RS", "latitude_original": -29.863888, "longitude_original": -56.420833, "profundidade_m": 18.0, "nivel_estatico_m": 11.8, "nivel_dinamico_m": null, "vazao_especifica_m3h_m": null, "aquifero": "Serra geral", "natureza_ponto": "Poço tubular", "situacao": null, "uso_agua": null, "data_perfuracao": -915148800000.0, "data_cadastro": 866073600000 }, "geometry": { "type": "Point", "coordinates": [ -56.420833, -29.863888 ] } },
{ "type": "Feature", "properties": { "codigo_poco": 4300001921, "nome_poco": "URU-35/4", "local_poco": "ESTANCIA SAO JOSE", "codigo_ibge_municipio": 4322400, "municipio": "Uruguaiana", "uf": "RS", "latitude_original": -29.909722, "longitude_original": -56.429166, "profundidade_m": null, "nivel_estatico_m": null, "nivel_dinamico_m": null, "vazao_especifica_m3h_m": null, "aquifero": null, "natureza_ponto": "Poço tubular", "situacao": null, "uso_agua": null, "data_perfuracao": null, "data_cadastro": 866073600000 }, "geometry": { "type": "Point", "coordinates": [ -56.429166, -29.909722 ] } },
{ "type": "Feature", "properties": { "codigo_poco": 4300001922, "nome_poco": "URU-35/5", "local_poco": "FAZENDA TRES IRMAOS", "codigo_ibge_municipio": 4322400, "municipio": "Uruguaiana", "uf": "RS", "latitude_original": -29.920833, "longitude_original": -56.454166, "profundidade_m": 42.5, "nivel_estatico_m": 23.0, "nivel_dinamico_m": null, "vazao_especifica_m3h_m": null, "aquifero": "Serra geral", "natureza_ponto": "Poço tubular", "situacao": null, "uso_agua": null, "data_perfuracao": -157766400000.0, "data_cadastro": 866073600000 }, "geometry": { "type": "Point", "coordinates": [ -56.454166, -29.920833 ] } },
{ "type": "Feature", "properties": { "codigo_poco": 4300001923, "nome_poco": "URU-35/7", "local_poco": "FAZENDA SAO SEBASTIAO", "codigo_ibge_municipio": 4322400, "municipio": "Uruguaiana", "uf": "RS", "latitude_original": -29.919444, "longitude_original": -56.347222, "profundidade_m": 9.0, "nivel_estatico_m": null, "nivel_dinamico_m": null, "vazao_especifica_m3h_m": null, "aquifero": "Serra geral", "natureza_ponto": "Poço tubular", "situacao": null, "uso_agua": null, "data_perfuracao": -1577923200000.0, "data_cadastro": 866073600000 }, "geometry": { "type": "Point", "coordinates": [ -56.347222, -29.919444 ] } },
{ "type": "Feature", "properties": { "codigo_poco": 4300001924, "nome_poco": "URU-35/8", "local_poco": "URUGUAIANA,RS", "codigo_ibge_municipio": 4322400, "municipio": "Uruguaiana", "uf": "RS", "latitude_original": -29.944444, "longitude_original": -56.322222, "profundidade_m": null, "nivel_estatico_m": 0.0, "nivel_dinamico_m": null, "vazao_especifica_m3h_m": null, "aquifero": null, "natureza_ponto": "Nascente", "situacao": null, "uso_agua": null, "data_perfuracao": null, "data_cadastro": 866073600000 }, "geometry": { "type": "Point", "coordinates": [ -56.322222, -29.944444 ] } },
{ "type": "Feature", "properties": { "codigo_poco": 4300001925, "nome_poco": "URU-35/9", "local_poco": "FAZENDA SANTO ANTONIO", "codigo_ibge_municipio": 4322400, "municipio": "Uruguaiana", "uf": "RS", "latitude_original": -29.981944, "longitude_original": -56.268055, "profundidade_m": null, "nivel_estatico_m": null, "nivel_dinamico_m": null, "vazao_especifica_m3h_m": null, "aquifero": "Serra geral", "natureza_ponto": "Nascente", "situacao": null, "uso_agua": null, "data_perfuracao": null, "data_cadastro": 866073600000 }, "geometry": { "type": "Point", "coordinates": [ -56.268055, -29.981944 ] } },
{ "type": "Feature", "properties": { "codigo_poco": 4300001941, "nome_poco": "URU-44/5", "local_poco": "ESTANCIA FRANKLIN FERNANDES", "codigo_ibge_municipio": 4322400, "municipio": "Uruguaiana", "uf": "RS", "latitude_original": -30.048055, "longitude_original": -57.161388, "profundidade_m": 11.0, "nivel_estatico_m": 8.0, "nivel_dinamico_m": null, "vazao_especifica_m3h_m": null, "aquifero": "Serra geral", "natureza_ponto": "Poço tubular", "situacao": null, "uso_agua": null, "data_perfuracao": null, "data_cadastro": 866160000000 }, "geometry": { "type": "Point", "coordinates": [ -57.161388, -30.048055 ] } },
{ "type": "Feature", "properties": { "codigo_poco": 4300001942, "nome_poco": "URU-44/6", "local_poco": "GRANJA GIRIVA", "codigo_ibge_municipio": 4322400, "municipio": "Uruguaiana", "uf": "RS", "latitude_original": -30.106388, "longitude_original": -57.117222, "profundidade_m": 63.0, "nivel_estatico_m": 23.0, "nivel_dinamico_m": null, "vazao_especifica_m3h_m": null, "aquifero": "Serra geral", "natureza_ponto": "Poço tubular", "situacao": null, "uso_agua": null, "data_perfuracao": null, "data_cadastro": 866160000000 }, "geometry": { "type": "Point", "coordinates": [ -57.117222, -30.106388 ] } },
{ "type": "Feature", "properties": { "codigo_poco": 4300001943, "nome_poco": "URU-45/1", "local_poco": "ESTANCIA DO SILENCIO", "codigo_ibge_municipio": 4322400, "municipio": "Uruguaiana", "uf": "RS", "latitude_original": -30.074166, "longitude_original": -56.982777, "profundidade_m": 31.0, "nivel_estatico_m": 13.0, "nivel_dinamico_m": null, "vazao_especifica_m3h_m": null, "aquifero": "Serra geral", "natureza_ponto": "Poço tubular", "situacao": null, "uso_agua": null, "data_perfuracao": null, "data_cadastro": 866160000000 }, "geometry": { "type": "Point", "coordinates": [ -56.982777, -30.074166 ] } },
{ "type": "Feature", "properties": { "codigo_poco": 4300001944, "nome_poco": "IR490", "local_poco": "ESTANCIA CHARRUA", "codigo_ibge_municipio": 4322400, "municipio": "Uruguaiana", "uf": "RS", "latitude_original": -29.998888, "longitude_original": -56.92, "profundidade_m": 65.0, "nivel_estatico_m": 14.0, "nivel_dinamico_m": null, "vazao_especifica_m3h_m": null, "aquifero": null, "natureza_ponto": "Poço tubular", "situacao": "Bombeando", "uso_agua": "Abastecimento doméstico", "data_perfuracao": 31536000000.0, "data_cadastro": 866160000000 }, "geometry": { "type": "Point", "coordinates": [ -56.92, -29.998888 ] } },
{ "type": "Feature", "properties": { "codigo_poco": 4300001945, "nome_poco": "URU-45/3", "local_poco": "ESTANCIA JONCO", "codigo_ibge_municipio": 4322400, "municipio": "Uruguaiana", "uf": "RS", "latitude_original": -30.024166, "longitude_original": -56.823333, "profundidade_m": null, "nivel_estatico_m": null, "nivel_dinamico_m": null, "vazao_especifica_m3h_m": null, "aquifero": "Serra geral", "natureza_ponto": "Poço tubular", "situacao": null, "uso_agua": null, "data_perfuracao": null, "data_cadastro": 866160000000 }, "geometry": { "type": "Point", "coordinates": [ -56.823333, -30.024166 ] } },
{ "type": "Feature", "properties": { "codigo_poco": 4300001946, "nome_poco": "URU-46/3", "local_poco": "FAZENDA TAPERA VELHA", "codigo_ibge_municipio": 4322400, "municipio": "Uruguaiana", "uf": "RS", "latitude_original": -30.1275, "longitude_original": -56.663888, "profundidade_m": 30.0, "nivel_estatico_m": 20.0, "nivel_dinamico_m": null, "vazao_especifica_m3h_m": null, "aquifero": "Serra geral", "natureza_ponto": "Poço tubular", "situacao": null, "uso_agua": null, "data_perfuracao": null, "data_cadastro": 866419200000 }, "geometry": { "type": "Point", "coordinates": [ -56.663888, -30.1275 ] } },
{ "type": "Feature", "properties": { "codigo_poco": 4300001947, "nome_poco": "URU-46/4", "local_poco": "FAZENDA BRAZEIRO", "codigo_ibge_municipio": 4322400, "municipio": "Uruguaiana", "uf": "RS", "latitude_original": -30.168333, "longitude_original": -56.665, "profundidade_m": null, "nivel_estatico_m": null, "nivel_dinamico_m": null, "vazao_especifica_m3h_m": null, "aquifero": null, "natureza_ponto": "Poço tubular", "situacao": null, "uso_agua": null, "data_perfuracao": null, "data_cadastro": 866419200000 }, "geometry": { "type": "Point", "coordinates": [ -56.665, -30.168333 ] } },
{ "type": "Feature", "properties": { "codigo_poco": 4300001948, "nome_poco": "URU-46/5", "local_poco": "FAZENDA SANT'ANA", "codigo_ibge_municipio": 4322400, "municipio": "Uruguaiana", "uf": "RS", "latitude_original": -30.114444, "longitude_original": -56.704444, "profundidade_m": 45.0, "nivel_estatico_m": null, "nivel_dinamico_m": null, "vazao_especifica_m3h_m": null, "aquifero": "Serra geral", "natureza_ponto": "Poço tubular", "situacao": null, "uso_agua": null, "data_perfuracao": null, "data_cadastro": 866419200000 }, "geometry": { "type": "Point", "coordinates": [ -56.704444, -30.114444 ] } },
{ "type": "Feature", "properties": { "codigo_poco": 4300001949, "nome_poco": "URU-46/6", "local_poco": "FAZENDA CAMOATIM", "codigo_ibge_municipio": 4322400, "municipio": "Uruguaiana", "uf": "RS", "latitude_original": -30.065833, "longitude_original": -56.748333, "profundidade_m": null, "nivel_estatico_m": 28.3, "nivel_dinamico_m": null, "vazao_especifica_m3h_m": null, "aquifero": null, "natureza_ponto": "Poço tubular", "situacao": null, "uso_agua": null, "data_perfuracao": null, "data_cadastro": 866419200000 }, "geometry": { "type": "Point", "coordinates": [ -56.748333, -30.065833 ] } },
{ "type": "Feature", "properties": { "codigo_poco": 4300001950, "nome_poco": "URUL-46/7", "local_poco": "FAZENDA BETA FLOR", "codigo_ibge_municipio": 4322400, "municipio": "Uruguaiana", "uf": "RS", "latitude_original": -30.02, "longitude_original": -56.617222, "profundidade_m": null, "nivel_estatico_m": null, "nivel_dinamico_m": null, "vazao_especifica_m3h_m": null, "aquifero": null, "natureza_ponto": "Poço tubular", "situacao": null, "uso_agua": null, "data_perfuracao": null, "data_cadastro": 866419200000 }, "geometry": { "type": "Point", "coordinates": [ -56.617222, -30.02 ] } },
{ "type": "Feature", "properties": { "codigo_poco": 4300001951, "nome_poco": "URU-46/9", "local_poco": "ESTANCIA SANTO ONOFRE", "codigo_ibge_municipio": 4322400, "municipio": "Uruguaiana", "uf": "RS", "latitude_original": -30.076111, "longitude_original": -56.553611, "profundidade_m": 150.0, "nivel_estatico_m": 18.0, "nivel_dinamico_m": null, "vazao_especifica_m3h_m": null, "aquifero": null, "natureza_ponto": "Poço tubular", "situacao": null, "uso_agua": null, "data_perfuracao": null, "data_cadastro": 866419200000 }, "geometry": { "type": "Point", "coordinates": [ -56.553611, -30.076111 ] } },
{ "type": "Feature", "properties": { "codigo_poco": 4300001952, "nome_poco": "URU-47/1", "local_poco": "ESTANCIA SANTA CLARA", "codigo_ibge_municipio": 4322400, "municipio": "Uruguaiana", "uf": "RS", "latitude_original": -30.106111, "longitude_original": -56.483888, "profundidade_m": 9.6, "nivel_estatico_m": 4.3, "nivel_dinamico_m": null, "vazao_especifica_m3h_m": null, "aquifero": "Serra geral", "natureza_ponto": "Poço tubular", "situacao": null, "uso_agua": null, "data_perfuracao": null, "data_cadastro": 866419200000 }, "geometry": { "type": "Point", "coordinates": [ -56.483888, -30.106111 ] } },
{ "type": "Feature", "properties": { "codigo_poco": 4300001953, "nome_poco": "IR516", "local_poco": "ESTANCIA BELA VISTA", "codigo_ibge_municipio": 4322400, "municipio": "Uruguaiana", "uf": "RS", "latitude_original": -30.038611, "longitude_original": -56.417222, "profundidade_m": 62.0, "nivel_estatico_m": 2.95, "nivel_dinamico_m": null, "vazao_especifica_m3h_m": null, "aquifero": "Serra geral", "natureza_ponto": "Poço tubular", "situacao": "Bombeando", "uso_agua": "Abastecimento doméstico", "data_perfuracao": 235180800000.0, "data_cadastro": 866419200000 }, "geometry": { "type": "Point", "coordinates": [ -56.417222, -30.038611 ] } },
{ "type": "Feature", "properties": { "codigo_poco": 4300001954, "nome_poco": "URU-47/6", "local_poco": "ESTANCIA SANTO ISIDORO", "codigo_ibge_municipio": 4322400, "municipio": "Uruguaiana", "uf": "RS", "latitude_original": -30.106388, "longitude_original": -56.340833, "profundidade_m": 137.0, "nivel_estatico_m": 50.0, "nivel_dinamico_m": 60.0, "vazao_especifica_m3h_m": 0.16, "aquifero": "Guarani", "natureza_ponto": "Poço tubular", "situacao": "Equipado", "uso_agua": null, "data_perfuracao": 63072000000.0, "data_cadastro": 866419200000 }, "geometry": { "type": "Point", "coordinates": [ -56.340833, -30.106388 ] } },
{ "type": "Feature", "properties": { "codigo_poco": 4300001955, "nome_poco": "IR519", "local_poco": "ESTANCIA SAO PEDRO", "codigo_ibge_municipio": 4322400, "municipio": "Uruguaiana", "uf": "RS", "latitude_original": -30.027222, "longitude_original": -56.286111, "profundidade_m": 121.0, "nivel_estatico_m": 114.0, "nivel_dinamico_m": null, "vazao_especifica_m3h_m": null, "aquifero": null, "natureza_ponto": "Poço tubular", "situacao": "Bombeando", "uso_agua": "Abastecimento doméstico/animal", "data_perfuracao": 63072000000.0, "data_cadastro": 866419200000 }, "geometry": { "type": "Point", "coordinates": [ -56.286111, -30.027222 ] } },
{ "type": "Feature", "properties": { "codigo_poco": 4300001958, "nome_poco": "IR521", "local_poco": "ESTANCIA TIARAJU", "codigo_ibge_municipio": 4322400, "municipio": "Uruguaiana", "uf": "RS", "latitude_original": -30.059722, "longitude_original": -56.194722, "profundidade_m": 66.0, "nivel_estatico_m": 12.0, "nivel_dinamico_m": 16.0, "vazao_especifica_m3h_m": null, "aquifero": "Serra geral", "natureza_ponto": "Poço tubular", "situacao": "Abandonado", "uso_agua": null, "data_perfuracao": 302227200000.0, "data_cadastro": 866419200000 }, "geometry": { "type": "Point", "coordinates": [ -56.194722, -30.059722 ] } },
{ "type": "Feature", "properties": { "codigo_poco": 4300008012, "nome_poco": "IJ500", "local_poco": "AGROPECUARIA SANTO ANDRE", "codigo_ibge_municipio": 4322400, "municipio": "Uruguaiana", "uf": "RS", "latitude_original": -29.927222, "longitude_original": -56.291111, "profundidade_m": 90.0, "nivel_estatico_m": null, "nivel_dinamico_m": null, "vazao_especifica_m3h_m": null, "aquifero": "Serra geral", "natureza_ponto": "Poço tubular", "situacao": "Bombeando", "uso_agua": "Abastecimento doméstico", "data_perfuracao": 999648000000.0, "data_cadastro": 1093996800000 }, "geometry": { "type": "Point", "coordinates": [ -56.291111, -29.927222 ] } },
{ "type": "Feature", "properties": { "codigo_poco": 4300009405, "nome_poco": "016264-05.00/04-4", "local_poco": null, "codigo_ibge_municipio": 4322400, "municipio": "Uruguaiana", "uf": "RS", "latitude_original": -29.830277, "longitude_original": -57.100277, "profundidade_m": 101.2, "nivel_estatico_m": 9.3, "nivel_dinamico_m": 24.35, "vazao_especifica_m3h_m": 0.385, "aquifero": "Serra geral", "natureza_ponto": "Poço tubular", "situacao": "Bombeando", "uso_agua": "Abastecimento múltiplo", "data_perfuracao": 1085011200000.0, "data_cadastro": 1111363200000 }, "geometry": { "type": "Point", "coordinates": [ -57.100277, -29.830277 ] } },
{ "type": "Feature", "properties": { "codigo_poco": 4300009406, "nome_poco": "016264-05.00/04-4 POÇO-02", "local_poco": null, "codigo_ibge_municipio": 4322400, "municipio": "Uruguaiana", "uf": "RS", "latitude_original": -29.831667, "longitude_original": -57.100556, "profundidade_m": 101.2, "nivel_estatico_m": 3.1, "nivel_dinamico_m": 59.28, "vazao_especifica_m3h_m": 0.029, "aquifero": "Serra geral", "natureza_ponto": "Poço tubular", "situacao": "Bombeando", "uso_agua": "Abastecimento múltiplo", "data_perfuracao": 1085011200000.0, "data_cadastro": 1111363200000 }, "geometry": { "type": "Point", "coordinates": [ -57.100556, -29.831667 ] } },
{ "type": "Feature", "properties": { "codigo_poco": 4300009409, "nome_poco": "016264-05.00/04-4 POÇO-03", "local_poco": "BR472-KM07", "codigo_ibge_municipio": 4322400, "municipio": "Uruguaiana", "uf": "RS", "latitude_original": -29.831111, "longitude_original": -57.100555, "profundidade_m": 101.0, "nivel_estatico_m": 12.1, "nivel_dinamico_m": 70.4, "vazao_especifica_m3h_m": 0.163, "aquifero": "Serra geral", "natureza_ponto": "Poço tubular", "situacao": "Bombeando", "uso_agua": "Abastecimento múltiplo", "data_perfuracao": 1084838400000.0, "data_cadastro": 1111449600000 }, "geometry": { "type": "Point", "coordinates": [ -57.100555, -29.831111 ] } },
{ "type": "Feature", "properties": { "codigo_poco": 4300009415, "nome_poco": "016265-05.00/04-7", "local_poco": "RUA DUQUE DE CAXIAS 3447", "codigo_ibge_municipio": 4322400, "municipio": "Uruguaiana", "uf": "RS", "latitude_original": -29.764444, "longitude_original": -57.085277, "profundidade_m": 101.0, "nivel_estatico_m": 1.52, "nivel_dinamico_m": 9.5, "vazao_especifica_m3h_m": 0.728, "aquifero": "Serra geral", "natureza_ponto": "Poço tubular", "situacao": "Bombeando", "uso_agua": "Abastecimento múltiplo", "data_perfuracao": 1074556800000.0, "data_cadastro": 1112054400000 }, "geometry": { "type": "Point", "coordinates": [ -57.085277, -29.764444 ] } },
{ "type": "Feature", "properties": { "codigo_poco": 4300009697, "nome_poco": "IR567 POÇO-01-A", "local_poco": "USINA TERMOELETRICA - AES - BR 472, KM 576", "codigo_ibge_municipio": 4322400, "municipio": "Uruguaiana", "uf": "RS", "latitude_original": -29.761388, "longitude_original": -56.998888, "profundidade_m": 252.0, "nivel_estatico_m": null, "nivel_dinamico_m": null, "vazao_especifica_m3h_m": null, "aquifero": "Guarani", "natureza_ponto": "Poço tubular", "situacao": "Bombeando", "uso_agua": "Abastecimento industrial", "data_perfuracao": 882489600000.0, "data_cadastro": 1117411200000 }, "geometry": { "type": "Point", "coordinates": [ -56.998888, -29.761388 ] } },
{ "type": "Feature", "properties": { "codigo_poco": 4300009698, "nome_poco": "IR569", "local_poco": "USINA TERMOELETRICA", "codigo_ibge_municipio": 4322400, "municipio": "Uruguaiana", "uf": "RS", "latitude_original": -29.766944, "longitude_original": -57.000555, "profundidade_m": 256.0, "nivel_estatico_m": 12.26, "nivel_dinamico_m": null, "vazao_especifica_m3h_m": null, "aquifero": "Guarani", "natureza_ponto": "Poço tubular", "situacao": "Bombeando", "uso_agua": "Abastecimento industrial", "data_perfuracao": 940118400000.0, "data_cadastro": 1117411200000 }, "geometry": { "type": "Point", "coordinates": [ -57.000555, -29.766944 ] } },
{ "type": "Feature", "properties": { "codigo_poco": 4300009699, "nome_poco": "IR570", "local_poco": "USINA TERMOELETRICA", "codigo_ibge_municipio": 4322400, "municipio": "Uruguaiana", "uf": "RS", "latitude_original": -29.767222, "longitude_original": -56.996666, "profundidade_m": 257.0, "nivel_estatico_m": 16.0, "nivel_dinamico_m": null, "vazao_especifica_m3h_m": null, "aquifero": "Guarani", "natureza_ponto": "Poço tubular", "situacao": "Bombeando", "uso_agua": "Abastecimento industrial", "data_perfuracao": 944006400000.0, "data_cadastro": 1117411200000 }, "geometry": { "type": "Point", "coordinates": [ -56.996666, -29.767222 ] } },
{ "type": "Feature", "properties": { "codigo_poco": 4300009700, "nome_poco": "IR568", "local_poco": "USINA TERMOELETRICA", "codigo_ibge_municipio": 4322400, "municipio": "Uruguaiana", "uf": "RS", "latitude_original": -29.762222, "longitude_original": -57.002777, "profundidade_m": 255.0, "nivel_estatico_m": 14.3, "nivel_dinamico_m": null, "vazao_especifica_m3h_m": null, "aquifero": "Guarani", "natureza_ponto": "Poço tubular", "situacao": "Bombeando", "uso_agua": "Abastecimento industrial", "data_perfuracao": 935107200000.0, "data_cadastro": 1117411200000 }, "geometry": { "type": "Point", "coordinates": [ -57.002777, -29.762222 ] } },
{ "type": "Feature", "properties": { "codigo_poco": 4300009794, "nome_poco": "II354", "local_poco": "SANTO IZIDRO", "codigo_ibge_municipio": 4322400, "municipio": "Uruguaiana", "uf": "RS", "latitude_original": -30.108333, "longitude_original": -56.343611, "profundidade_m": 98.0, "nivel_estatico_m": 50.0, "nivel_dinamico_m": 52.0, "vazao_especifica_m3h_m": 1.5, "aquifero": "Serra geral", "natureza_ponto": "Poço tubular", "situacao": "Bombeando", "uso_agua": "Abastecimento múltiplo", "data_perfuracao": -579744000000.0, "data_cadastro": 1113350400000 }, "geometry": { "type": "Point", "coordinates": [ -56.343611, -30.108333 ] } },
{ "type": "Feature", "properties": { "codigo_poco": 4300009861, "nome_poco": "IR441", "local_poco": "CIRCULO MILITAR ESCOLA DE EQUOTERAPIA", "codigo_ibge_municipio": 4322400, "municipio": "Uruguaiana", "uf": "RS", "latitude_original": -29.815, "longitude_original": -57.086944, "profundidade_m": 126.0, "nivel_estatico_m": null, "nivel_dinamico_m": null, "vazao_especifica_m3h_m": null, "aquifero": "Serra geral", "natureza_ponto": "Poço tubular", "situacao": "Não utilizável", "uso_agua": null, "data_perfuracao": 1013472000000.0, "data_cadastro": 1114387200000 }, "geometry": { "type": "Point", "coordinates": [ -57.086944, -29.815 ] } },
{ "type": "Feature", "properties": { "codigo_poco": 4300009862, "nome_poco": "IR442", "local_poco": "CIRCULO MILITAR ESCOLA EQUOTERAPIA", "codigo_ibge_municipio": 4322400, "municipio": "Uruguaiana", "uf": "RS", "latitude_original": -29.816944, "longitude_original": -57.090277, "profundidade_m": 190.0, "nivel_estatico_m": null, "nivel_dinamico_m": null, "vazao_especifica_m3h_m": null, "aquifero": "Guarani", "natureza_ponto": "Poço tubular", "situacao": "Não utilizável", "uso_agua": null, "data_perfuracao": 1013990400000.0, "data_cadastro": 1114387200000 }, "geometry": { "type": "Point", "coordinates": [ -57.090277, -29.816944 ] } },
{ "type": "Feature", "properties": { "codigo_poco": 4300009863, "nome_poco": "IR443", "local_poco": "PUC CAMPUS UNIVERSITARIO", "codigo_ibge_municipio": 4322400, "municipio": "Uruguaiana", "uf": "RS", "latitude_original": -29.830833, "longitude_original": -57.101388, "profundidade_m": 206.0, "nivel_estatico_m": 9.3, "nivel_dinamico_m": 24.35, "vazao_especifica_m3h_m": 0.385, "aquifero": null, "natureza_ponto": "Poço tubular", "situacao": "Bombeando", "uso_agua": "Abastecimento doméstico", "data_perfuracao": 150508800000.0, "data_cadastro": 1114387200000 }, "geometry": { "type": "Point", "coordinates": [ -57.101388, -29.830833 ] } },
{ "type": "Feature", "properties": { "codigo_poco": 4300009864, "nome_poco": "016264-05.00/04-4 IR444", "local_poco": "CAMPUS HORTA", "codigo_ibge_municipio": 4322400, "municipio": "Uruguaiana", "uf": "RS", "latitude_original": -29.831944, "longitude_original": -57.101388, "profundidade_m": 140.0, "nivel_estatico_m": null, "nivel_dinamico_m": null, "vazao_especifica_m3h_m": null, "aquifero": "Serra geral", "natureza_ponto": "Poço tubular", "situacao": "Bombeando", "uso_agua": "Irrigação", "data_perfuracao": 1087516800000.0, "data_cadastro": 1114387200000 }, "geometry": { "type": "Point", "coordinates": [ -57.101388, -29.831944 ] } },
{ "type": "Feature", "properties": { "codigo_poco": 4300009865, "nome_poco": "IR445", "local_poco": "FEPAGRO ANTIGO POSTO ZOOTECNICO", "codigo_ibge_municipio": 4322400, "municipio": "Uruguaiana", "uf": "RS", "latitude_original": -29.841944, "longitude_original": -57.082777, "profundidade_m": 20.0, "nivel_estatico_m": null, "nivel_dinamico_m": null, "vazao_especifica_m3h_m": null, "aquifero": "Serra geral", "natureza_ponto": "Poço tubular", "situacao": "Parado", "uso_agua": null, "data_perfuracao": -690249600000.0, "data_cadastro": 1114387200000 }, "geometry": { "type": "Point", "coordinates": [ -57.082777, -29.841944 ] } },
{ "type": "Feature", "properties": { "codigo_poco": 4300009866, "nome_poco": "IR446", "local_poco": "FEPAGRO ANTIGO POSTO ZOOTECNICO", "codigo_ibge_municipio": 4322400, "municipio": "Uruguaiana", "uf": "RS", "latitude_original": -29.843055, "longitude_original": -57.081666, "profundidade_m": 28.0, "nivel_estatico_m": 14.0, "nivel_dinamico_m": null, "vazao_especifica_m3h_m": null, "aquifero": null, "natureza_ponto": "Poço tubular", "situacao": "Bombeando", "uso_agua": "Abastecimento doméstico", "data_perfuracao": -684806400000.0, "data_cadastro": 1114387200000 }, "geometry": { "type": "Point", "coordinates": [ -57.081666, -29.843055 ] } },
{ "type": "Feature", "properties": { "codigo_poco": 4300009867, "nome_poco": "IR447", "local_poco": "BR472 KM12 ENTRADA DE ITAPITOCAI", "codigo_ibge_municipio": 4322400, "municipio": "Uruguaiana", "uf": "RS", "latitude_original": -29.8875, "longitude_original": -57.1175, "profundidade_m": 10.25, "nivel_estatico_m": null, "nivel_dinamico_m": null, "vazao_especifica_m3h_m": null, "aquifero": null, "natureza_ponto": "Poço tubular", "situacao": "Abandonado", "uso_agua": null, "data_perfuracao": -584755200000.0, "data_cadastro": 1114387200000 }, "geometry": { "type": "Point", "coordinates": [ -57.1175, -29.8875 ] } },
{ "type": "Feature", "properties": { "codigo_poco": 4300009868, "nome_poco": "IR448", "local_poco": "ESTANCIA DO ITAPITOCAI", "codigo_ibge_municipio": 4322400, "municipio": "Uruguaiana", "uf": "RS", "latitude_original": -29.890833, "longitude_original": -57.113055, "profundidade_m": 105.0, "nivel_estatico_m": 65.0, "nivel_dinamico_m": null, "vazao_especifica_m3h_m": null, "aquifero": "Serra geral", "natureza_ponto": "Poço tubular", "situacao": "Bombeando", "uso_agua": "Abastecimento doméstico", "data_perfuracao": 11836800000.0, "data_cadastro": 1114387200000 }, "geometry": { "type": "Point", "coordinates": [ -57.113055, -29.890833 ] } },
{ "type": "Feature", "properties": { "codigo_poco": 4300009869, "nome_poco": "IR449", "local_poco": "ESTANCIA DO ITAPITOCAI", "codigo_ibge_municipio": 4322400, "municipio": "Uruguaiana", "uf": "RS", "latitude_original": -29.889722, "longitude_original": -57.113333, "profundidade_m": 15.0, "nivel_estatico_m": 8.0, "nivel_dinamico_m": null, "vazao_especifica_m3h_m": null, "aquifero": "Serra geral", "natureza_ponto": "Poço tubular", "situacao": "Abandonado", "uso_agua": null, "data_perfuracao": -195696000000.0, "data_cadastro": 1114387200000 }, "geometry": { "type": "Point", "coordinates": [ -57.113333, -29.889722 ] } },
{ "type": "Feature", "properties": { "codigo_poco": 4300009870, "nome_poco": "IR450", "local_poco": "ITAPITOCAI PRIMEIRO DISTRITO", "codigo_ibge_municipio": 4322400, "municipio": "Uruguaiana", "uf": "RS", "latitude_original": -29.899722, "longitude_original": -57.108888, "profundidade_m": 36.0, "nivel_estatico_m": null, "nivel_dinamico_m": null, "vazao_especifica_m3h_m": null, "aquifero": "Serra geral", "natureza_ponto": "Poço tubular", "situacao": "Bombeando", "uso_agua": "Abastecimento doméstico", "data_perfuracao": -589766400000.0, "data_cadastro": 1114387200000 }, "geometry": { "type": "Point", "coordinates": [ -57.108888, -29.899722 ] } },
{ "type": "Feature", "properties": { "codigo_poco": 4300009901, "nome_poco": "IR502", "local_poco": "ESTANCIA MALKE", "codigo_ibge_municipio": 4322400, "municipio": "Uruguaiana", "uf": "RS", "latitude_original": -29.815833, "longitude_original": -56.972222, "profundidade_m": 32.5, "nivel_estatico_m": null, "nivel_dinamico_m": null, "vazao_especifica_m3h_m": null, "aquifero": null, "natureza_ponto": "Poço tubular", "situacao": "Abandonado", "uso_agua": null, "data_perfuracao": -636076800000.0, "data_cadastro": 1116201600000 }, "geometry": { "type": "Point", "coordinates": [ -56.972222, -29.815833 ] } },
{ "type": "Feature", "properties": { "codigo_poco": 4300009902, "nome_poco": "IR503", "local_poco": "ESTANCIA MALKE - BR 290 KM 8", "codigo_ibge_municipio": 4322400, "municipio": "Uruguaiana", "uf": "RS", "latitude_original": -29.807222, "longitude_original": -56.995555, "profundidade_m": 42.0, "nivel_estatico_m": null, "nivel_dinamico_m": null, "vazao_especifica_m3h_m": null, "aquifero": "Serra geral", "natureza_ponto": "Poço tubular", "situacao": "Abandonado", "uso_agua": null, "data_perfuracao": -600912000000.0, "data_cadastro": 1116201600000 }, "geometry": { "type": "Point", "coordinates": [ -56.995555, -29.807222 ] } },
{ "type": "Feature", "properties": { "codigo_poco": 4300009903, "nome_poco": "IR504", "local_poco": "MERCON", "codigo_ibge_municipio": 4322400, "municipio": "Uruguaiana", "uf": "RS", "latitude_original": -29.783888, "longitude_original": -57.021388, "profundidade_m": 173.0, "nivel_estatico_m": null, "nivel_dinamico_m": null, "vazao_especifica_m3h_m": null, "aquifero": null, "natureza_ponto": "Poço tubular", "situacao": "Parado", "uso_agua": "Abastecimento industrial", "data_perfuracao": 361411200000.0, "data_cadastro": 1116201600000 }, "geometry": { "type": "Point", "coordinates": [ -57.021388, -29.783888 ] } },
{ "type": "Feature", "properties": { "codigo_poco": 4300009904, "nome_poco": "IR507", "local_poco": "GRANJA DO GALO", "codigo_ibge_municipio": 4322400, "municipio": "Uruguaiana", "uf": "RS", "latitude_original": -29.843333, "longitude_original": -56.930833, "profundidade_m": 102.0, "nivel_estatico_m": null, "nivel_dinamico_m": null, "vazao_especifica_m3h_m": null, "aquifero": "Serra geral", "natureza_ponto": "Poço tubular", "situacao": "Não instalado", "uso_agua": null, "data_perfuracao": 1015545600000.0, "data_cadastro": 1116288000000 }, "geometry": { "type": "Point", "coordinates": [ -56.930833, -29.843333 ] } },
{ "type": "Feature", "properties": { "codigo_poco": 4300009905, "nome_poco": "IR508", "local_poco": "AGROVILA", "codigo_ibge_municipio": 4322400, "municipio": "Uruguaiana", "uf": "RS", "latitude_original": -29.856111, "longitude_original": -56.886111, "profundidade_m": 156.0, "nivel_estatico_m": null, "nivel_dinamico_m": null, "vazao_especifica_m3h_m": null, "aquifero": "Serra geral", "natureza_ponto": "Poço tubular", "situacao": "Parado", "uso_agua": null, "data_perfuracao": 1036627200000.0, "data_cadastro": 1116288000000 }, "geometry": { "type": "Point", "coordinates": [ -56.886111, -29.856111 ] } },
{ "type": "Feature", "properties": { "codigo_poco": 4300009906, "nome_poco": "IR509", "local_poco": "AGROVILA", "codigo_ibge_municipio": 4322400, "municipio": "Uruguaiana", "uf": "RS", "latitude_original": -29.857222, "longitude_original": -56.883055, "profundidade_m": 60.0, "nivel_estatico_m": null, "nivel_dinamico_m": null, "vazao_especifica_m3h_m": null, "aquifero": "Serra geral", "natureza_ponto": "Poço tubular", "situacao": "Bombeando", "uso_agua": "Abastecimento doméstico", "data_perfuracao": 1036972800000.0, "data_cadastro": 1116288000000 }, "geometry": { "type": "Point", "coordinates": [ -56.883055, -29.857222 ] } },
{ "type": "Feature", "properties": { "codigo_poco": 4300009907, "nome_poco": "IR510", "local_poco": "AGROVILA", "codigo_ibge_municipio": 4322400, "municipio": "Uruguaiana", "uf": "RS", "latitude_original": -29.861388, "longitude_original": -56.892222, "profundidade_m": 96.0, "nivel_estatico_m": null, "nivel_dinamico_m": null, "vazao_especifica_m3h_m": null, "aquifero": "Serra geral", "natureza_ponto": "Poço tubular", "situacao": "Não instalado", "uso_agua": null, "data_perfuracao": 1035331200000.0, "data_cadastro": 1116288000000 }, "geometry": { "type": "Point", "coordinates": [ -56.892222, -29.861388 ] } },
{ "type": "Feature", "properties": { "codigo_poco": 4300009908, "nome_poco": "IR514", "local_poco": "AGROPASTORIL ATALAIA LTDA", "codigo_ibge_municipio": 4322400, "municipio": "Uruguaiana", "uf": "RS", "latitude_original": -29.935277, "longitude_original": -56.636111, "profundidade_m": 50.0, "nivel_estatico_m": null, "nivel_dinamico_m": null, "vazao_especifica_m3h_m": null, "aquifero": null, "natureza_ponto": "Poço tubular", "situacao": "Bombeando", "uso_agua": "Abastecimento doméstico", "data_perfuracao": 550713600000.0, "data_cadastro": 1116374400000 }, "geometry": { "type": "Point", "coordinates": [ -56.636111, -29.935277 ] } },
{ "type": "Feature", "properties": { "codigo_poco": 4300009909, "nome_poco": "IR515", "local_poco": "GRANJA SAO PEDRO", "codigo_ibge_municipio": 4322400, "municipio": "Uruguaiana", "uf": "RS", "latitude_original": -29.994444, "longitude_original": -56.342222, "profundidade_m": 183.0, "nivel_estatico_m": 85.0, "nivel_dinamico_m": null, "vazao_especifica_m3h_m": null, "aquifero": "Guarani", "natureza_ponto": "Poço tubular", "situacao": "Bombeando", "uso_agua": "Abastecimento doméstico", "data_perfuracao": 456019200000.0, "data_cadastro": 1116374400000 }, "geometry": { "type": "Point", "coordinates": [ -56.342222, -29.994444 ] } },
{ "type": "Feature", "properties": { "codigo_poco": 4300009910, "nome_poco": "IR517", "local_poco": "BORRACHARIA", "codigo_ibge_municipio": 4322400, "municipio": "Uruguaiana", "uf": "RS", "latitude_original": -30.017777, "longitude_original": -56.433888, "profundidade_m": 147.0, "nivel_estatico_m": 60.0, "nivel_dinamico_m": 87.0, "vazao_especifica_m3h_m": 0.185, "aquifero": null, "natureza_ponto": "Poço tubular", "situacao": "Bombeando", "uso_agua": null, "data_perfuracao": 45446400000.0, "data_cadastro": 1116460800000 }, "geometry": { "type": "Point", "coordinates": [ -56.433888, -30.017777 ] } },
{ "type": "Feature", "properties": { "codigo_poco": 4300009911, "nome_poco": "IR518", "local_poco": "ESTANCIA SAO PEDRO", "codigo_ibge_municipio": 4322400, "municipio": "Uruguaiana", "uf": "RS", "latitude_original": -30.0275, "longitude_original": -56.281111, "profundidade_m": 114.0, "nivel_estatico_m": 100.0, "nivel_dinamico_m": null, "vazao_especifica_m3h_m": null, "aquifero": null, "natureza_ponto": "Poço tubular", "situacao": "Bombeando", "uso_agua": "Abastecimento doméstico", "data_perfuracao": 38275200000.0, "data_cadastro": 1116460800000 }, "geometry": { "type": "Point", "coordinates": [ -56.281111, -30.0275 ] } },
{ "type": "Feature", "properties": { "codigo_poco": 4300009912, "nome_poco": "IR520", "local_poco": "ESTANCIA SANTA CECILIA", "codigo_ibge_municipio": 4322400, "municipio": "Uruguaiana", "uf": "RS", "latitude_original": -30.058055, "longitude_original": -56.213611, "profundidade_m": 40.0, "nivel_estatico_m": 8.0, "nivel_dinamico_m": null, "vazao_especifica_m3h_m": null, "aquifero": null, "natureza_ponto": "Poço tubular", "situacao": "Bombeando", "uso_agua": "Abastecimento doméstico", "data_perfuracao": 370656000000.0, "data_cadastro": 1116460800000 }, "geometry": { "type": "Point", "coordinates": [ -56.213611, -30.058055 ] } },
{ "type": "Feature", "properties": { "codigo_poco": 4300009913, "nome_poco": "IR522", "local_poco": "ESTANCIA TIARAJU", "codigo_ibge_municipio": 4322400, "municipio": "Uruguaiana", "uf": "RS", "latitude_original": -30.059444, "longitude_original": -56.194444, "profundidade_m": 121.0, "nivel_estatico_m": 105.0, "nivel_dinamico_m": null, "vazao_especifica_m3h_m": null, "aquifero": null, "natureza_ponto": "Poço tubular", "situacao": "Bombeando", "uso_agua": "Abastecimento doméstico", "data_perfuracao": 338428800000.0, "data_cadastro": 1116460800000 }, "geometry": { "type": "Point", "coordinates": [ -56.194444, -30.059444 ] } },
{ "type": "Feature", "properties": { "codigo_poco": 4300009916, "nome_poco": "IR526", "local_poco": "ESTANCIA DO JUNCO", "codigo_ibge_municipio": 4322400, "municipio": "Uruguaiana", "uf": "RS", "latitude_original": -30.009722, "longitude_original": -56.79, "profundidade_m": 136.0, "nivel_estatico_m": 1.0, "nivel_dinamico_m": 70.0, "vazao_especifica_m3h_m": 0.022, "aquifero": "Serra geral", "natureza_ponto": "Poço tubular", "situacao": "Bombeando", "uso_agua": "Abastecimento doméstico", "data_perfuracao": 212457600000.0, "data_cadastro": 1116806400000 }, "geometry": { "type": "Point", "coordinates": [ -56.79, -30.009722 ] } },
{ "type": "Feature", "properties": { "codigo_poco": 4300009917, "nome_poco": "IR527", "local_poco": "ESTANCIA DO JUNCO", "codigo_ibge_municipio": 4322400, "municipio": "Uruguaiana", "uf": "RS", "latitude_original": -30.007777, "longitude_original": -56.785, "profundidade_m": 211.0, "nivel_estatico_m": null, "nivel_dinamico_m": null, "vazao_especifica_m3h_m": null, "aquifero": null, "natureza_ponto": "Poço tubular", "situacao": "Bombeando", "uso_agua": "Abastecimento doméstico/animal", "data_perfuracao": 108950400000.0, "data_cadastro": 1116806400000 }, "geometry": { "type": "Point", "coordinates": [ -56.785, -30.007777 ] } },
{ "type": "Feature", "properties": { "codigo_poco": 4300009918, "nome_poco": "IR528", "local_poco": "ESTANCIA SANTA RITA DO CARBOATE ", "codigo_ibge_municipio": 4322400, "municipio": "Uruguaiana", "uf": "RS", "latitude_original": -29.968333, "longitude_original": -56.789722, "profundidade_m": null, "nivel_estatico_m": null, "nivel_dinamico_m": null, "vazao_especifica_m3h_m": null, "aquifero": null, "natureza_ponto": "Poço tubular", "situacao": "Bombeando", "uso_agua": "Abastecimento doméstico", "data_perfuracao": null, "data_cadastro": 1116806400000 }, "geometry": { "type": "Point", "coordinates": [ -56.789722, -29.968333 ] } },
{ "type": "Feature", "properties": { "codigo_poco": 4300009919, "nome_poco": "IR529", "local_poco": "ESTANCIA JUQUIRI", "codigo_ibge_municipio": 4322400, "municipio": "Uruguaiana", "uf": "RS", "latitude_original": -30.155277, "longitude_original": -56.738888, "profundidade_m": 28.0, "nivel_estatico_m": 8.0, "nivel_dinamico_m": 10.0, "vazao_especifica_m3h_m": 2.5, "aquifero": "Serra geral", "natureza_ponto": "Poço tubular", "situacao": "Bombeando", "uso_agua": "Abastecimento doméstico/animal", "data_perfuracao": 71971200000.0, "data_cadastro": 1116806400000 }, "geometry": { "type": "Point", "coordinates": [ -56.738888, -30.155277 ] } },
{ "type": "Feature", "properties": { "codigo_poco": 4300009920, "nome_poco": "IR530", "local_poco": "ESTANCIA JUQUIRI", "codigo_ibge_municipio": 4322400, "municipio": "Uruguaiana", "uf": "RS", "latitude_original": -30.147777, "longitude_original": -56.723611, "profundidade_m": 60.0, "nivel_estatico_m": 18.0, "nivel_dinamico_m": 25.0, "vazao_especifica_m3h_m": 0.643, "aquifero": "Serra geral", "natureza_ponto": "Poço tubular", "situacao": "Abandonado", "uso_agua": null, "data_perfuracao": 70156800000.0, "data_cadastro": 1116806400000 }, "geometry": { "type": "Point", "coordinates": [ -56.723611, -30.147777 ] } },
{ "type": "Feature", "properties": { "codigo_poco": 4300009921, "nome_poco": "IR531", "local_poco": "ESTANCIA DA SUTEIA", "codigo_ibge_municipio": 4322400, "municipio": "Uruguaiana", "uf": "RS", "latitude_original": -30.161111, "longitude_original": -56.721111, "profundidade_m": 40.0, "nivel_estatico_m": 10.0, "nivel_dinamico_m": 11.0, "vazao_especifica_m3h_m": 5.4, "aquifero": "Serra geral", "natureza_ponto": "Poço tubular", "situacao": "Bombeando", "uso_agua": "Abastecimento doméstico", "data_perfuracao": 74390400000.0, "data_cadastro": 1116806400000 }, "geometry": { "type": "Point", "coordinates": [ -56.721111, -30.161111 ] } },
{ "type": "Feature", "properties": { "codigo_poco": 4300009922, "nome_poco": "IR532", "local_poco": "ESTANCIA PORIAJU", "codigo_ibge_municipio": 4322400, "municipio": "Uruguaiana", "uf": "RS", "latitude_original": -30.047777, "longitude_original": -56.634722, "profundidade_m": 22.0, "nivel_estatico_m": null, "nivel_dinamico_m": null, "vazao_especifica_m3h_m": null, "aquifero": "Serra geral", "natureza_ponto": "Poço tubular", "situacao": "Bombeando", "uso_agua": "Abastecimento doméstico", "data_perfuracao": -553737600000.0, "data_cadastro": 1116806400000 }, "geometry": { "type": "Point", "coordinates": [ -56.634722, -30.047777 ] } },
{ "type": "Feature", "properties": { "codigo_poco": 4300009923, "nome_poco": "IR533", "local_poco": "ESTANCIA ITAPEVA", "codigo_ibge_municipio": 4322400, "municipio": "Uruguaiana", "uf": "RS", "latitude_original": -29.947222, "longitude_original": -56.849166, "profundidade_m": 90.0, "nivel_estatico_m": 12.0, "nivel_dinamico_m": 20.0, "vazao_especifica_m3h_m": 0.563, "aquifero": "Serra geral", "natureza_ponto": "Poço tubular", "situacao": "Bombeando", "uso_agua": "Abastecimento doméstico", "data_perfuracao": 192499200000.0, "data_cadastro": 1116892800000 }, "geometry": { "type": "Point", "coordinates": [ -56.849166, -29.947222 ] } },
{ "type": "Feature", "properties": { "codigo_poco": 4300009924, "nome_poco": "IR534", "local_poco": "ESTANCIA DO ANGICO", "codigo_ibge_municipio": 4322400, "municipio": "Uruguaiana", "uf": "RS", "latitude_original": -29.943333, "longitude_original": -56.784722, "profundidade_m": 30.0, "nivel_estatico_m": 11.0, "nivel_dinamico_m": 19.0, "vazao_especifica_m3h_m": 0.438, "aquifero": "Serra geral", "natureza_ponto": "Poço tubular", "situacao": "Bombeando", "uso_agua": "Abastecimento doméstico", "data_perfuracao": 79056000000.0, "data_cadastro": 1116892800000 }, "geometry": { "type": "Point", "coordinates": [ -56.784722, -29.943333 ] } },
{ "type": "Feature", "properties": { "codigo_poco": 4300009925, "nome_poco": "IR535", "local_poco": "ESTANCIA ITAPEVA", "codigo_ibge_municipio": 4322400, "municipio": "Uruguaiana", "uf": "RS", "latitude_original": -29.954722, "longitude_original": -56.808611, "profundidade_m": 39.5, "nivel_estatico_m": 10.0, "nivel_dinamico_m": 15.0, "vazao_especifica_m3h_m": 0.5, "aquifero": "Serra geral", "natureza_ponto": "Poço tubular", "situacao": "Bombeando", "uso_agua": "Abastecimento doméstico", "data_perfuracao": 87177600000.0, "data_cadastro": 1116892800000 }, "geometry": { "type": "Point", "coordinates": [ -56.808611, -29.954722 ] } },
{ "type": "Feature", "properties": { "codigo_poco": 4300009926, "nome_poco": "IR536", "local_poco": "CASUARINAS", "codigo_ibge_municipio": 4322400, "municipio": "Uruguaiana", "uf": "RS", "latitude_original": -29.864166, "longitude_original": -56.758888, "profundidade_m": 23.0, "nivel_estatico_m": 8.0, "nivel_dinamico_m": null, "vazao_especifica_m3h_m": null, "aquifero": "Serra geral", "natureza_ponto": "Poço tubular", "situacao": "Bombeando", "uso_agua": "Abastecimento doméstico", "data_perfuracao": 91324800000.0, "data_cadastro": 1116892800000 }, "geometry": { "type": "Point", "coordinates": [ -56.758888, -29.864166 ] } },
{ "type": "Feature", "properties": { "codigo_poco": 4300009927, "nome_poco": "IR537", "local_poco": "ESTANCIA TRIANGULO", "codigo_ibge_municipio": 4322400, "municipio": "Uruguaiana", "uf": "RS", "latitude_original": -29.776944, "longitude_original": -56.724722, "profundidade_m": 74.0, "nivel_estatico_m": 34.0, "nivel_dinamico_m": null, "vazao_especifica_m3h_m": null, "aquifero": "Serra geral", "natureza_ponto": "Poço tubular", "situacao": "Abandonado", "uso_agua": null, "data_perfuracao": 118454400000.0, "data_cadastro": 1116892800000 }, "geometry": { "type": "Point", "coordinates": [ -56.724722, -29.776944 ] } },
{ "type": "Feature", "properties": { "codigo_poco": 4300009928, "nome_poco": "IR538", "local_poco": "ESTANCIA TRIANGULO", "codigo_ibge_municipio": 4322400, "municipio": "Uruguaiana", "uf": "RS", "latitude_original": -29.776111, "longitude_original": -56.724444, "profundidade_m": 115.0, "nivel_estatico_m": 40.0, "nivel_dinamico_m": 50.0, "vazao_especifica_m3h_m": 1.1, "aquifero": null, "natureza_ponto": "Poço tubular", "situacao": "Bombeando", "uso_agua": null, "data_perfuracao": 456105600000.0, "data_cadastro": 1116892800000 }, "geometry": { "type": "Point", "coordinates": [ -56.724444, -29.776111 ] } },
{ "type": "Feature", "properties": { "codigo_poco": 4300009929, "nome_poco": "IR539", "local_poco": "ESTANCIA COQUEIRO", "codigo_ibge_municipio": 4322400, "municipio": "Uruguaiana", "uf": "RS", "latitude_original": -29.739722, "longitude_original": -56.700277, "profundidade_m": 60.0, "nivel_estatico_m": null, "nivel_dinamico_m": null, "vazao_especifica_m3h_m": null, "aquifero": "Serra geral", "natureza_ponto": "Poço tubular", "situacao": "Bombeando", "uso_agua": "Abastecimento doméstico", "data_perfuracao": 1039305600000.0, "data_cadastro": 1116892800000 }, "geometry": { "type": "Point", "coordinates": [ -56.700277, -29.739722 ] } },
{ "type": "Feature", "properties": { "codigo_poco": 4300009930, "nome_poco": "IR540", "local_poco": "AGROPECUARIA PINDAI", "codigo_ibge_municipio": 4322400, "municipio": "Uruguaiana", "uf": "RS", "latitude_original": -29.738888, "longitude_original": -56.684722, "profundidade_m": 60.0, "nivel_estatico_m": null, "nivel_dinamico_m": null, "vazao_especifica_m3h_m": null, "aquifero": "Serra geral", "natureza_ponto": "Poço tubular", "situacao": "Bombeando", "uso_agua": "Abastecimento doméstico", "data_perfuracao": 1039219200000.0, "data_cadastro": 1116979200000 }, "geometry": { "type": "Point", "coordinates": [ -56.684722, -29.738888 ] } },
{ "type": "Feature", "properties": { "codigo_poco": 4300009931, "nome_poco": "IR548", "local_poco": "CONDOMINIO BOTH E TOMAZETTI", "codigo_ibge_municipio": 4322400, "municipio": "Uruguaiana", "uf": "RS", "latitude_original": -29.685555, "longitude_original": -56.755, "profundidade_m": 48.0, "nivel_estatico_m": null, "nivel_dinamico_m": null, "vazao_especifica_m3h_m": null, "aquifero": "Serra geral", "natureza_ponto": "Poço tubular", "situacao": "Bombeando", "uso_agua": null, "data_perfuracao": 1037836800000.0, "data_cadastro": 1116979200000 }, "geometry": { "type": "Point", "coordinates": [ -56.755, -29.685555 ] } },
{ "type": "Feature", "properties": { "codigo_poco": 4300009932, "nome_poco": "IR552", "local_poco": "ESCOLA MUNICIPAL OSCAR MACHADO", "codigo_ibge_municipio": 4322400, "municipio": "Uruguaiana", "uf": "RS", "latitude_original": -29.914722, "longitude_original": -56.533333, "profundidade_m": 168.0, "nivel_estatico_m": null, "nivel_dinamico_m": null, "vazao_especifica_m3h_m": null, "aquifero": null, "natureza_ponto": "Poço tubular", "situacao": "Bombeando", "uso_agua": "Abastecimento doméstico", "data_perfuracao": 1024099200000.0, "data_cadastro": 1117152000000 }, "geometry": { "type": "Point", "coordinates": [ -56.533333, -29.914722 ] } },
{ "type": "Feature", "properties": { "codigo_poco": 4300009933, "nome_poco": "IR554", "local_poco": "ESTABELECIMENTO PLANALTO", "codigo_ibge_municipio": 4322400, "municipio": "Uruguaiana", "uf": "RS", "latitude_original": -29.813055, "longitude_original": -56.547222, "profundidade_m": 94.0, "nivel_estatico_m": 46.0, "nivel_dinamico_m": null, "vazao_especifica_m3h_m": null, "aquifero": null, "natureza_ponto": "Poço tubular", "situacao": "Bombeando", "uso_agua": "Abastecimento doméstico", "data_perfuracao": 327283200000.0, "data_cadastro": 1117152000000 }, "geometry": { "type": "Point", "coordinates": [ -56.547222, -29.813055 ] } },
{ "type": "Feature", "properties": { "codigo_poco": 4300009934, "nome_poco": "IR555", "local_poco": "ESTRADA DA SANGA FUNDA", "codigo_ibge_municipio": 4322400, "municipio": "Uruguaiana", "uf": "RS", "latitude_original": -29.811111, "longitude_original": -56.559166, "profundidade_m": 67.5, "nivel_estatico_m": 14.5, "nivel_dinamico_m": 53.0, "vazao_especifica_m3h_m": 0.078, "aquifero": null, "natureza_ponto": "Poço tubular", "situacao": "Bombeando", "uso_agua": "Abastecimento doméstico", "data_perfuracao": 334195200000.0, "data_cadastro": 1117152000000 }, "geometry": { "type": "Point", "coordinates": [ -56.559166, -29.811111 ] } },
{ "type": "Feature", "properties": { "codigo_poco": 4300009935, "nome_poco": "IR556", "local_poco": "VILA PLANO ALTO", "codigo_ibge_municipio": 4322400, "municipio": "Uruguaiana", "uf": "RS", "latitude_original": -29.766944, "longitude_original": -56.521111, "profundidade_m": 135.0, "nivel_estatico_m": 8.0, "nivel_dinamico_m": 16.0, "vazao_especifica_m3h_m": 0.75, "aquifero": null, "natureza_ponto": "Poço tubular", "situacao": "Bombeando", "uso_agua": "Abastecimento doméstico", "data_perfuracao": 332467200000.0, "data_cadastro": 1117152000000 }, "geometry": { "type": "Point", "coordinates": [ -56.521111, -29.766944 ] } },
{ "type": "Feature", "properties": { "codigo_poco": 4300009936, "nome_poco": "IR557 5197/PLF-1", "local_poco": "VILA PLANO ALTO", "codigo_ibge_municipio": 4322400, "municipio": "Uruguaiana", "uf": "RS", "latitude_original": -29.768056, "longitude_original": -56.515556, "profundidade_m": 186.0, "nivel_estatico_m": 45.5, "nivel_dinamico_m": 70.48, "vazao_especifica_m3h_m": 0.699, "aquifero": "Guarani", "natureza_ponto": "Piezômetro", "situacao": "Não instalado", "uso_agua": "Abastecimento urbano", "data_perfuracao": 1093996800000.0, "data_cadastro": 1117152000000 }, "geometry": { "type": "Point", "coordinates": [ -56.515556, -29.768056 ] } },
{ "type": "Feature", "properties": { "codigo_poco": 4300009937, "nome_poco": "IR559", "local_poco": "VILA PLANO ALTO", "codigo_ibge_municipio": 4322400, "municipio": "Uruguaiana", "uf": "RS", "latitude_original": -29.766111, "longitude_original": -56.516111, "profundidade_m": null, "nivel_estatico_m": null, "nivel_dinamico_m": null, "vazao_especifica_m3h_m": null, "aquifero": null, "natureza_ponto": "Poço tubular", "situacao": "Bombeando", "uso_agua": "Abastecimento doméstico", "data_perfuracao": null, "data_cadastro": 1117238400000 }, "geometry": { "type": "Point", "coordinates": [ -56.516111, -29.766111 ] } },
{ "type": "Feature", "properties": { "codigo_poco": 4300009938, "nome_poco": "IR560", "local_poco": "VILA PLANO ALTO", "codigo_ibge_municipio": 4322400, "municipio": "Uruguaiana", "uf": "RS", "latitude_original": -29.765833, "longitude_original": -56.521388, "profundidade_m": 57.0, "nivel_estatico_m": null, "nivel_dinamico_m": null, "vazao_especifica_m3h_m": null, "aquifero": "Serra geral", "natureza_ponto": "Poço tubular", "situacao": "Bombeando", "uso_agua": "Abastecimento doméstico", "data_perfuracao": 329875200000.0, "data_cadastro": 1117238400000 }, "geometry": { "type": "Point", "coordinates": [ -56.521388, -29.765833 ] } },
{ "type": "Feature", "properties": { "codigo_poco": 4300009939, "nome_poco": "IR561", "local_poco": "FAZENDA BOM JESUS", "codigo_ibge_municipio": 4322400, "municipio": "Uruguaiana", "uf": "RS", "latitude_original": -29.782777, "longitude_original": -56.558333, "profundidade_m": 140.0, "nivel_estatico_m": 27.0, "nivel_dinamico_m": 113.0, "vazao_especifica_m3h_m": 0.035, "aquifero": null, "natureza_ponto": "Poço tubular", "situacao": "Bombeando", "uso_agua": "Abastecimento doméstico/animal", "data_perfuracao": 376704000000.0, "data_cadastro": 1117238400000 }, "geometry": { "type": "Point", "coordinates": [ -56.558333, -29.782777 ] } },
{ "type": "Feature", "properties": { "codigo_poco": 4300009940, "nome_poco": "IR562", "local_poco": "ESTABELECIMENTO CANTA GALO", "codigo_ibge_municipio": 4322400, "municipio": "Uruguaiana", "uf": "RS", "latitude_original": -29.797777, "longitude_original": -56.550555, "profundidade_m": 32.0, "nivel_estatico_m": null, "nivel_dinamico_m": null, "vazao_especifica_m3h_m": null, "aquifero": "Serra geral", "natureza_ponto": "Poço tubular", "situacao": "Bombeando", "uso_agua": "Abastecimento doméstico", "data_perfuracao": 172022400000.0, "data_cadastro": 1117238400000 }, "geometry": { "type": "Point", "coordinates": [ -56.550555, -29.797777 ] } },
{ "type": "Feature", "properties": { "codigo_poco": 4300009941, "nome_poco": "IR563", "local_poco": "POSTO SAO JOAQUIM", "codigo_ibge_municipio": 4322400, "municipio": "Uruguaiana", "uf": "RS", "latitude_original": -29.985, "longitude_original": -56.521388, "profundidade_m": 45.0, "nivel_estatico_m": null, "nivel_dinamico_m": null, "vazao_especifica_m3h_m": null, "aquifero": "Serra geral", "natureza_ponto": "Poço tubular", "situacao": "Bombeando", "uso_agua": "Abastecimento doméstico", "data_perfuracao": -544492800000.0, "data_cadastro": 1117238400000 }, "geometry": { "type": "Point", "coordinates": [ -56.521388, -29.985 ] } },
{ "type": "Feature", "properties": { "codigo_poco": 4300009942, "nome_poco": "IR564", "local_poco": "ESTANCIA SAO JOAQUIM", "codigo_ibge_municipio": 4322400, "municipio": "Uruguaiana", "uf": "RS", "latitude_original": -29.973611, "longitude_original": -56.557222, "profundidade_m": null, "nivel_estatico_m": null, "nivel_dinamico_m": null, "vazao_especifica_m3h_m": null, "aquifero": null, "natureza_ponto": "Poço tubular", "situacao": "Bombeando", "uso_agua": null, "data_perfuracao": null, "data_cadastro": 1117238400000 }, "geometry": { "type": "Point", "coordinates": [ -56.557222, -29.973611 ] } },
{ "type": "Feature", "properties": { "codigo_poco": 4300009943, "nome_poco": "IR565", "local_poco": "ESTANCIA SAO JOAQUIM", "codigo_ibge_municipio": 4322400, "municipio": "Uruguaiana", "uf": "RS", "latitude_original": -29.989166, "longitude_original": -56.570833, "profundidade_m": null, "nivel_estatico_m": null, "nivel_dinamico_m": null, "vazao_especifica_m3h_m": null, "aquifero": null, "natureza_ponto": "Poço tubular", "situacao": "Bombeando", "uso_agua": null, "data_perfuracao": null, "data_cadastro": 1117238400000 }, "geometry": { "type": "Point", "coordinates": [ -56.570833, -29.989166 ] } },
{ "type": "Feature", "properties": { "codigo_poco": 4300009944, "nome_poco": "IR566", "local_poco": "ESTANCIA SAO JOAQUIM", "codigo_ibge_municipio": 4322400, "municipio": "Uruguaiana", "uf": "RS", "latitude_original": -29.996666, "longitude_original": -56.557777, "profundidade_m": null, "nivel_estatico_m": null, "nivel_dinamico_m": null, "vazao_especifica_m3h_m": null, "aquifero": null, "natureza_ponto": "Poço tubular", "situacao": "Bombeando", "uso_agua": null, "data_perfuracao": null, "data_cadastro": 1117238400000 }, "geometry": { "type": "Point", "coordinates": [ -56.557777, -29.996666 ] } },
{ "type": "Feature", "properties": { "codigo_poco": 4300009945, "nome_poco": "IR575", "local_poco": "ESCOLA MUNICIPAL ALCEU WAMOSY", "codigo_ibge_municipio": 4322400, "municipio": "Uruguaiana", "uf": "RS", "latitude_original": -29.473888, "longitude_original": -56.683055, "profundidade_m": 36.0, "nivel_estatico_m": 21.0, "nivel_dinamico_m": 23.0, "vazao_especifica_m3h_m": 1.5, "aquifero": "Sedimento costeiro", "natureza_ponto": "Poço tubular", "situacao": "Bombeando", "uso_agua": "Abastecimento doméstico", "data_perfuracao": 193449600000.0, "data_cadastro": 1117497600000 }, "geometry": { "type": "Point", "coordinates": [ -56.683055, -29.473888 ] } },
{ "type": "Feature", "properties": { "codigo_poco": 4300009946, "nome_poco": "IR576", "local_poco": "VILA JOAO ARREGUI", "codigo_ibge_municipio": 4322400, "municipio": "Uruguaiana", "uf": "RS", "latitude_original": -29.474444, "longitude_original": -56.681111, "profundidade_m": 43.0, "nivel_estatico_m": 20.0, "nivel_dinamico_m": null, "vazao_especifica_m3h_m": null, "aquifero": null, "natureza_ponto": "Poço tubular", "situacao": "Parado", "uso_agua": null, "data_perfuracao": 587088000000.0, "data_cadastro": 1117497600000 }, "geometry": { "type": "Point", "coordinates": [ -56.681111, -29.474444 ] } },
{ "type": "Feature", "properties": { "codigo_poco": 4300009947, "nome_poco": "IR577", "local_poco": "CTG LACADORES ESTEIO DE JAPEJU", "codigo_ibge_municipio": 4322400, "municipio": "Uruguaiana", "uf": "RS", "latitude_original": -29.471666, "longitude_original": -56.683055, "profundidade_m": 42.0, "nivel_estatico_m": 19.0, "nivel_dinamico_m": 20.0, "vazao_especifica_m3h_m": 4.0, "aquifero": null, "natureza_ponto": "Poço tubular", "situacao": "Bombeando", "uso_agua": "Abastecimento urbano", "data_perfuracao": 591494400000.0, "data_cadastro": 1117497600000 }, "geometry": { "type": "Point", "coordinates": [ -56.683055, -29.471666 ] } },
{ "type": "Feature", "properties": { "codigo_poco": 4300009948, "nome_poco": "IR578 5201/JHR-1", "local_poco": "VILA JOAO ARREGUI", "codigo_ibge_municipio": 4322400, "municipio": "Uruguaiana", "uf": "RS", "latitude_original": -29.473055, "longitude_original": -56.682777, "profundidade_m": 60.0, "nivel_estatico_m": 19.73, "nivel_dinamico_m": 28.95, "vazao_especifica_m3h_m": 5.03, "aquifero": "Guarani", "natureza_ponto": "Poço tubular", "situacao": "Não instalado", "uso_agua": "Abastecimento urbano", "data_perfuracao": 1094256000000.0, "data_cadastro": 1117497600000 }, "geometry": { "type": "Point", "coordinates": [ -56.682777, -29.473055 ] } },
{ "type": "Feature", "properties": { "codigo_poco": 4300009949, "nome_poco": "IR580", "local_poco": "ADOLFO STEM", "codigo_ibge_municipio": 4322400, "municipio": "Uruguaiana", "uf": "RS", "latitude_original": -29.615, "longitude_original": -56.658333, "profundidade_m": 25.0, "nivel_estatico_m": 13.0, "nivel_dinamico_m": null, "vazao_especifica_m3h_m": null, "aquifero": null, "natureza_ponto": "Poço tubular", "situacao": "Bombeando", "uso_agua": "Abastecimento doméstico", "data_perfuracao": -588470400000.0, "data_cadastro": 1117497600000 }, "geometry": { "type": "Point", "coordinates": [ -56.658333, -29.615 ] } },
{ "type": "Feature", "properties": { "codigo_poco": 4300009950, "nome_poco": "IR581", "local_poco": "ESTANCIA LUCERO DA CALIFORNIA", "codigo_ibge_municipio": 4322400, "municipio": "Uruguaiana", "uf": "RS", "latitude_original": -29.593333, "longitude_original": -56.628611, "profundidade_m": 102.0, "nivel_estatico_m": null, "nivel_dinamico_m": null, "vazao_especifica_m3h_m": null, "aquifero": "Serra geral", "natureza_ponto": "Poço tubular", "situacao": "Bombeando", "uso_agua": "Abastecimento doméstico/animal", "data_perfuracao": 1040083200000.0, "data_cadastro": 1117497600000 }, "geometry": { "type": "Point", "coordinates": [ -56.628611, -29.593333 ] } },
{ "type": "Feature", "properties": { "codigo_poco": 4300009951, "nome_poco": "IR582", "local_poco": "VILA DAS CHACARAS", "codigo_ibge_municipio": 4322400, "municipio": "Uruguaiana", "uf": "RS", "latitude_original": -29.544166, "longitude_original": -56.749166, "profundidade_m": 80.0, "nivel_estatico_m": null, "nivel_dinamico_m": null, "vazao_especifica_m3h_m": null, "aquifero": "Guarani", "natureza_ponto": "Poço tubular", "situacao": "Bombeando", "uso_agua": "Abastecimento doméstico", "data_perfuracao": 569030400000.0, "data_cadastro": 1117497600000 }, "geometry": { "type": "Point", "coordinates": [ -56.749166, -29.544166 ] } },
{ "type": "Feature", "properties": { "codigo_poco": 4300009952, "nome_poco": "IR583", "local_poco": "ESCOLA MUNICIPAL JUSTILIANO FERREIRA", "codigo_ibge_municipio": 4322400, "municipio": "Uruguaiana", "uf": "RS", "latitude_original": -29.528333, "longitude_original": -56.769722, "profundidade_m": 34.0, "nivel_estatico_m": 10.0, "nivel_dinamico_m": 11.0, "vazao_especifica_m3h_m": 5.0, "aquifero": null, "natureza_ponto": "Poço tubular", "situacao": "Bombeando", "uso_agua": "Abastecimento doméstico", "data_perfuracao": 577324800000.0, "data_cadastro": 1117497600000 }, "geometry": { "type": "Point", "coordinates": [ -56.769722, -29.528333 ] } },
{ "type": "Feature", "properties": { "codigo_poco": 4300009953, "nome_poco": "IR585", "local_poco": "ESTANCIA PARAISO", "codigo_ibge_municipio": 4322400, "municipio": "Uruguaiana", "uf": "RS", "latitude_original": -29.5225, "longitude_original": -56.757222, "profundidade_m": 51.0, "nivel_estatico_m": 14.15, "nivel_dinamico_m": 18.69, "vazao_especifica_m3h_m": 4.251, "aquifero": null, "natureza_ponto": "Poço tubular", "situacao": "Bombeando", "uso_agua": "Abastecimento doméstico", "data_perfuracao": 427075200000.0, "data_cadastro": 1117497600000 }, "geometry": { "type": "Point", "coordinates": [ -56.757222, -29.5225 ] } },
{ "type": "Feature", "properties": { "codigo_poco": 4300009954, "nome_poco": "IR589", "local_poco": "ESCOLA MUNICIPAL PATRICIO LOPES", "codigo_ibge_municipio": 4322400, "municipio": "Uruguaiana", "uf": "RS", "latitude_original": -29.721111, "longitude_original": -56.933611, "profundidade_m": 30.0, "nivel_estatico_m": 13.0, "nivel_dinamico_m": 15.0, "vazao_especifica_m3h_m": 1.5, "aquifero": null, "natureza_ponto": "Poço tubular", "situacao": "Bombeando", "uso_agua": "Abastecimento doméstico", "data_perfuracao": 195350400000.0, "data_cadastro": 1117584000000 }, "geometry": { "type": "Point", "coordinates": [ -56.933611, -29.721111 ] } },
{ "type": "Feature", "properties": { "codigo_poco": 4300009955, "nome_poco": "IR591", "local_poco": "ESTANCIA EMBAA", "codigo_ibge_municipio": 4322400, "municipio": "Uruguaiana", "uf": "RS", "latitude_original": -29.654444, "longitude_original": -56.972777, "profundidade_m": 70.0, "nivel_estatico_m": null, "nivel_dinamico_m": null, "vazao_especifica_m3h_m": null, "aquifero": null, "natureza_ponto": "Poço tubular", "situacao": "Bombeando", "uso_agua": "Abastecimento doméstico", "data_perfuracao": -459129600000.0, "data_cadastro": 1117584000000 }, "geometry": { "type": "Point", "coordinates": [ -56.972777, -29.654444 ] } },
{ "type": "Feature", "properties": { "codigo_poco": 4300009956, "nome_poco": "IR430 COR-URU-03-A G.1635", "local_poco": "TRAVESSA 57", "codigo_ibge_municipio": 4322400, "municipio": "Uruguaiana", "uf": "RS", "latitude_original": -29.778611, "longitude_original": -57.102777, "profundidade_m": 206.0, "nivel_estatico_m": 11.45, "nivel_dinamico_m": 60.0, "vazao_especifica_m3h_m": 0.522, "aquifero": "Serra geral", "natureza_ponto": "Poço tubular", "situacao": "Não instalado", "uso_agua": null, "data_perfuracao": 628128000000.0, "data_cadastro": 1113782400000 }, "geometry": { "type": "Point", "coordinates": [ -57.102777, -29.778611 ] } },
{ "type": "Feature", "properties": { "codigo_poco": 4300009957, "nome_poco": "IR431 COR-URU-03 G.1634 G.2963 UR3 018886", "local_poco": "AO LADO DA CRECHE SACI PERERE", "codigo_ibge_municipio": 4322400, "municipio": "Uruguaiana", "uf": "RS", "latitude_original": -29.778888, "longitude_original": -57.102777, "profundidade_m": 106.0, "nivel_estatico_m": 12.0, "nivel_dinamico_m": null, "vazao_especifica_m3h_m": null, "aquifero": "Serra geral", "natureza_ponto": "Poço tubular", "situacao": "Colmatado", "uso_agua": "Abastecimento urbano", "data_perfuracao": 627868800000.0, "data_cadastro": 1113782400000 }, "geometry": { "type": "Point", "coordinates": [ -57.102777, -29.778888 ] } },
{ "type": "Feature", "properties": { "codigo_poco": 4300009958, "nome_poco": "IR432 COR-URU-02 G.1627 UR2", "local_poco": "AREAS VERDES", "codigo_ibge_municipio": 4322400, "municipio": "Uruguaiana", "uf": "RS", "latitude_original": -29.783611, "longitude_original": -57.064722, "profundidade_m": 160.0, "nivel_estatico_m": 16.4, "nivel_dinamico_m": 67.54, "vazao_especifica_m3h_m": 0.88, "aquifero": "Serra geral", "natureza_ponto": "Poço tubular", "situacao": "Abandonado", "uso_agua": null, "data_perfuracao": 625276800000.0, "data_cadastro": 1113782400000 }, "geometry": { "type": "Point", "coordinates": [ -57.064722, -29.783611 ] } },
{ "type": "Feature", "properties": { "codigo_poco": 4300009959, "nome_poco": "IR433 COR-URU-04 G.2290 UR4", "local_poco": "VILA SAO CRISTOVAO", "codigo_ibge_municipio": 4322400, "municipio": "Uruguaiana", "uf": "RS", "latitude_original": -29.79, "longitude_original": -57.062777, "profundidade_m": 280.0, "nivel_estatico_m": 8.45, "nivel_dinamico_m": 98.09, "vazao_especifica_m3h_m": 0.295, "aquifero": "Guarani", "natureza_ponto": "Poço tubular", "situacao": "Abandonado", "uso_agua": null, "data_perfuracao": 841190400000.0, "data_cadastro": 1113782400000 }, "geometry": { "type": "Point", "coordinates": [ -57.062777, -29.79 ] } },
{ "type": "Feature", "properties": { "codigo_poco": 4300009960, "nome_poco": "IR434 COR-URU-01 G.1551", "local_poco": "VILA PRO MORAR", "codigo_ibge_municipio": 4322400, "municipio": "Uruguaiana", "uf": "RS", "latitude_original": -29.782777, "longitude_original": -57.059166, "profundidade_m": 212.0, "nivel_estatico_m": 13.68, "nivel_dinamico_m": 101.29, "vazao_especifica_m3h_m": 0.36, "aquifero": "Serra geral", "natureza_ponto": "Poço tubular", "situacao": "Abandonado", "uso_agua": null, "data_perfuracao": 601516800000.0, "data_cadastro": 1113782400000 }, "geometry": { "type": "Point", "coordinates": [ -57.059166, -29.782777 ] } },
{ "type": "Feature", "properties": { "codigo_poco": 4300009961, "nome_poco": "IR435 COR-URU-05 G.2314 UR5", "local_poco": "PRACA RUI RAMOS", "codigo_ibge_municipio": 4322400, "municipio": "Uruguaiana", "uf": "RS", "latitude_original": -29.775277, "longitude_original": -57.066944, "profundidade_m": 216.0, "nivel_estatico_m": 14.83, "nivel_dinamico_m": 86.39, "vazao_especifica_m3h_m": 0.503, "aquifero": "Guarani", "natureza_ponto": "Poço tubular", "situacao": "Não instalado", "uso_agua": null, "data_perfuracao": 789523200000.0, "data_cadastro": 1113782400000 }, "geometry": { "type": "Point", "coordinates": [ -57.066944, -29.775277 ] } },
{ "type": "Feature", "properties": { "codigo_poco": 4300009962, "nome_poco": "IR436 COR-URU-BSN-04", "local_poco": "BARRAGEM SANCHURI", "codigo_ibge_municipio": 4322400, "municipio": "Uruguaiana", "uf": "RS", "latitude_original": -29.540833, "longitude_original": -56.806111, "profundidade_m": null, "nivel_estatico_m": null, "nivel_dinamico_m": null, "vazao_especifica_m3h_m": null, "aquifero": null, "natureza_ponto": "Poço tubular", "situacao": "Bombeando", "uso_agua": "Abastecimento urbano", "data_perfuracao": null, "data_cadastro": 1113782400000 }, "geometry": { "type": "Point", "coordinates": [ -56.806111, -29.540833 ] } },
{ "type": "Feature", "properties": { "codigo_poco": 4300009963, "nome_poco": "COR-URU-SMC-01 G.2274 IR437 2532/MCS1 PISC-SM-PM", "local_poco": "CANTÃO PISCINA - VILA BARRAGEM SÃO MARCOS", "codigo_ibge_municipio": 4322400, "municipio": "Uruguaiana", "uf": "RS", "latitude_original": -29.513055, "longitude_original": -56.844722, "profundidade_m": 60.0, "nivel_estatico_m": 6.54, "nivel_dinamico_m": 17.55, "vazao_especifica_m3h_m": 5.413, "aquifero": "Guarani", "natureza_ponto": "Poço tubular", "situacao": "Bombeando", "uso_agua": "Abastecimento urbano", "data_perfuracao": 860803200000.0, "data_cadastro": 1113782400000 }, "geometry": { "type": "Point", "coordinates": [ -56.844722, -29.513055 ] } },
{ "type": "Feature", "properties": { "codigo_poco": 4300009964, "nome_poco": "IR438", "local_poco": "VILA SAO MARCOS", "codigo_ibge_municipio": 4322400, "municipio": "Uruguaiana", "uf": "RS", "latitude_original": -29.512222, "longitude_original": -56.843611, "profundidade_m": null, "nivel_estatico_m": null, "nivel_dinamico_m": null, "vazao_especifica_m3h_m": null, "aquifero": null, "natureza_ponto": "Poço tubular", "situacao": "Não instalado", "uso_agua": null, "data_perfuracao": null, "data_cadastro": 1113782400000 }, "geometry": { "type": "Point", "coordinates": [ -56.843611, -29.512222 ] } },
{ "type": "Feature", "properties": { "codigo_poco": 4300009965, "nome_poco": "IR439 COR-SMA-03 G.963 SM3 SMC3", "local_poco": "VILA SAO MARCOS", "codigo_ibge_municipio": 4322400, "municipio": "Uruguaiana", "uf": "RS", "latitude_original": -29.513888, "longitude_original": -56.836111, "profundidade_m": 60.0, "nivel_estatico_m": 6.22, "nivel_dinamico_m": 18.39, "vazao_especifica_m3h_m": 5.719, "aquifero": "Guarani", "natureza_ponto": "Poço tubular", "situacao": "Não instalado", "uso_agua": null, "data_perfuracao": 1013212800000.0, "data_cadastro": 1113782400000 }, "geometry": { "type": "Point", "coordinates": [ -56.836111, -29.513888 ] } },
{ "type": "Feature", "properties": { "codigo_poco": 4300009966, "nome_poco": "IR440", "local_poco": "VILA BARRAGEM SANCHURA", "codigo_ibge_municipio": 4322400, "municipio": "Uruguaiana", "uf": "RS", "latitude_original": -29.538055, "longitude_original": -56.81, "profundidade_m": null, "nivel_estatico_m": null, "nivel_dinamico_m": null, "vazao_especifica_m3h_m": null, "aquifero": null, "natureza_ponto": "Poço tubular", "situacao": "Não instalado", "uso_agua": null, "data_perfuracao": null, "data_cadastro": 1113782400000 }, "geometry": { "type": "Point", "coordinates": [ -56.81, -29.538055 ] } },
{ "type": "Feature", "properties": { "codigo_poco": 4300010214, "nome_poco": "IR451", "local_poco": "ESTABELECIMENTO SANTA MARIA", "codigo_ibge_municipio": 4322400, "municipio": "Uruguaiana", "uf": "RS", "latitude_original": -29.920833, "longitude_original": -57.114444, "profundidade_m": null, "nivel_estatico_m": null, "nivel_dinamico_m": null, "vazao_especifica_m3h_m": null, "aquifero": null, "natureza_ponto": "Poço tubular", "situacao": "Bombeando", "uso_agua": "Abastecimento doméstico", "data_perfuracao": null, "data_cadastro": 1114473600000 }, "geometry": { "type": "Point", "coordinates": [ -57.114444, -29.920833 ] } },
{ "type": "Feature", "properties": { "codigo_poco": 4300010215, "nome_poco": "IR452", "local_poco": "GRANJA SANTO ANTONIO", "codigo_ibge_municipio": 4322400, "municipio": "Uruguaiana", "uf": "RS", "latitude_original": -29.937777, "longitude_original": -57.115555, "profundidade_m": 248.0, "nivel_estatico_m": 16.0, "nivel_dinamico_m": 72.0, "vazao_especifica_m3h_m": 1.429, "aquifero": null, "natureza_ponto": "Poço tubular", "situacao": "Bombeando", "uso_agua": "Irrigação", "data_perfuracao": 1073692800000.0, "data_cadastro": 1114473600000 }, "geometry": { "type": "Point", "coordinates": [ -57.115555, -29.937777 ] } },
{ "type": "Feature", "properties": { "codigo_poco": 4300010216, "nome_poco": "IR454", "local_poco": "AGROPECUARIA SANTO ANTONIO", "codigo_ibge_municipio": 4322400, "municipio": "Uruguaiana", "uf": "RS", "latitude_original": -29.966666, "longitude_original": -57.115555, "profundidade_m": 96.0, "nivel_estatico_m": null, "nivel_dinamico_m": null, "vazao_especifica_m3h_m": null, "aquifero": "Serra geral", "natureza_ponto": "Poço tubular", "situacao": "Parado", "uso_agua": "Irrigação", "data_perfuracao": 424483200000.0, "data_cadastro": 1114473600000 }, "geometry": { "type": "Point", "coordinates": [ -57.115555, -29.966666 ] } },
{ "type": "Feature", "properties": { "codigo_poco": 4300010217, "nome_poco": "IR455", "local_poco": "AGROPECUARIA SANTO ANTONIO", "codigo_ibge_municipio": 4322400, "municipio": "Uruguaiana", "uf": "RS", "latitude_original": -29.968055, "longitude_original": -57.115277, "profundidade_m": 96.0, "nivel_estatico_m": null, "nivel_dinamico_m": null, "vazao_especifica_m3h_m": null, "aquifero": "Serra geral", "natureza_ponto": "Poço tubular", "situacao": "Parado", "uso_agua": "Irrigação", "data_perfuracao": 424483200000.0, "data_cadastro": 1114473600000 }, "geometry": { "type": "Point", "coordinates": [ -57.115277, -29.968055 ] } },
{ "type": "Feature", "properties": { "codigo_poco": 4300010218, "nome_poco": "IR456", "local_poco": "ESTANCIA SANTA ROSA", "codigo_ibge_municipio": 4322400, "municipio": "Uruguaiana", "uf": "RS", "latitude_original": -29.977777, "longitude_original": -57.117222, "profundidade_m": 26.0, "nivel_estatico_m": 2.0, "nivel_dinamico_m": 9.0, "vazao_especifica_m3h_m": 0.714, "aquifero": "Serra geral", "natureza_ponto": "Poço tubular", "situacao": "Não utilizável", "uso_agua": null, "data_perfuracao": 529459200000.0, "data_cadastro": 1114473600000 }, "geometry": { "type": "Point", "coordinates": [ -57.117222, -29.977777 ] } },
{ "type": "Feature", "properties": { "codigo_poco": 4300010219, "nome_poco": "IR459", "local_poco": "ESTANCIA SANTA ROSA", "codigo_ibge_municipio": 4322400, "municipio": "Uruguaiana", "uf": "RS", "latitude_original": -29.976111, "longitude_original": -57.121111, "profundidade_m": 112.0, "nivel_estatico_m": 7.0, "nivel_dinamico_m": 45.0, "vazao_especifica_m3h_m": 0.053, "aquifero": "Serra geral", "natureza_ponto": "Poço tubular", "situacao": "Abandonado", "uso_agua": null, "data_perfuracao": 538012800000.0, "data_cadastro": 1114473600000 }, "geometry": { "type": "Point", "coordinates": [ -57.121111, -29.976111 ] } },
{ "type": "Feature", "properties": { "codigo_poco": 4300010221, "nome_poco": "IR461", "local_poco": "GRANJA SARANDI", "codigo_ibge_municipio": 4322400, "municipio": "Uruguaiana", "uf": "RS", "latitude_original": -29.990555, "longitude_original": -57.011666, "profundidade_m": 16.0, "nivel_estatico_m": 14.0, "nivel_dinamico_m": null, "vazao_especifica_m3h_m": null, "aquifero": null, "natureza_ponto": "Poço tubular", "situacao": "Abandonado", "uso_agua": null, "data_perfuracao": -612316800000.0, "data_cadastro": 1114560000000 }, "geometry": { "type": "Point", "coordinates": [ -57.011666, -29.990555 ] } },
{ "type": "Feature", "properties": { "codigo_poco": 4300010222, "nome_poco": "IR462", "local_poco": "FAZENDA RIVALTA CAPIVARI", "codigo_ibge_municipio": 4322400, "municipio": "Uruguaiana", "uf": "RS", "latitude_original": -30.084166, "longitude_original": -57.039722, "profundidade_m": 40.4, "nivel_estatico_m": 13.0, "nivel_dinamico_m": 27.0, "vazao_especifica_m3h_m": 0.179, "aquifero": null, "natureza_ponto": "Poço tubular", "situacao": "Abandonado", "uso_agua": null, "data_perfuracao": 74044800000.0, "data_cadastro": 1114560000000 }, "geometry": { "type": "Point", "coordinates": [ -57.039722, -30.084166 ] } },
{ "type": "Feature", "properties": { "codigo_poco": 4300010223, "nome_poco": "IR463", "local_poco": "FAZENDA RIVALTA", "codigo_ibge_municipio": 4322400, "municipio": "Uruguaiana", "uf": "RS", "latitude_original": -30.085277, "longitude_original": -57.029166, "profundidade_m": 13.0, "nivel_estatico_m": 6.8, "nivel_dinamico_m": null, "vazao_especifica_m3h_m": null, "aquifero": "Serra geral", "natureza_ponto": "Poço tubular", "situacao": "Bombeando", "uso_agua": "Abastecimento doméstico", "data_perfuracao": -599356800000.0, "data_cadastro": 1114560000000 }, "geometry": { "type": "Point", "coordinates": [ -57.029166, -30.085277 ] } },
{ "type": "Feature", "properties": { "codigo_poco": 4300010224, "nome_poco": "IR464", "local_poco": "ESTANCIA SARANDI", "codigo_ibge_municipio": 4322400, "municipio": "Uruguaiana", "uf": "RS", "latitude_original": -30.063888, "longitude_original": -57.065277, "profundidade_m": 75.0, "nivel_estatico_m": 18.0, "nivel_dinamico_m": 19.0, "vazao_especifica_m3h_m": 3.0, "aquifero": null, "natureza_ponto": "Poço tubular", "situacao": "Bombeando", "uso_agua": "Doméstico/irrigação/animal", "data_perfuracao": 68428800000.0, "data_cadastro": 1114560000000 }, "geometry": { "type": "Point", "coordinates": [ -57.065277, -30.063888 ] } },
{ "type": "Feature", "properties": { "codigo_poco": 4300010225, "nome_poco": "IR465", "local_poco": "ESTANCIA SARANDI", "codigo_ibge_municipio": 4322400, "municipio": "Uruguaiana", "uf": "RS", "latitude_original": -30.052222, "longitude_original": -57.069722, "profundidade_m": 13.0, "nivel_estatico_m": 8.0, "nivel_dinamico_m": 10.5, "vazao_especifica_m3h_m": 1.2, "aquifero": null, "natureza_ponto": "Poço tubular", "situacao": "Bombeando", "uso_agua": "Abastecimento doméstico/animal", "data_perfuracao": 70675200000.0, "data_cadastro": 1114560000000 }, "geometry": { "type": "Point", "coordinates": [ -57.069722, -30.052222 ] } },
{ "type": "Feature", "properties": { "codigo_poco": 4300010226, "nome_poco": "IR473", "local_poco": "BR472 KM ITAPITOCAI", "codigo_ibge_municipio": 4322400, "municipio": "Uruguaiana", "uf": "RS", "latitude_original": -29.869166, "longitude_original": -57.114722, "profundidade_m": 90.0, "nivel_estatico_m": null, "nivel_dinamico_m": null, "vazao_especifica_m3h_m": null, "aquifero": null, "natureza_ponto": "Poço tubular", "situacao": "Parado", "uso_agua": "Irrigação", "data_perfuracao": 392947200000.0, "data_cadastro": 1114646400000 }, "geometry": { "type": "Point", "coordinates": [ -57.114722, -29.869166 ] } },
{ "type": "Feature", "properties": { "codigo_poco": 4300010227, "nome_poco": "IR475", "local_poco": "GRANJA ITAPITOCAI BR472 KM", "codigo_ibge_municipio": 4322400, "municipio": "Uruguaiana", "uf": "RS", "latitude_original": -29.858888, "longitude_original": -57.113611, "profundidade_m": 200.0, "nivel_estatico_m": 0.0, "nivel_dinamico_m": null, "vazao_especifica_m3h_m": null, "aquifero": "Guarani", "natureza_ponto": "Poço tubular", "situacao": "Bombeando", "uso_agua": "Irrigação", "data_perfuracao": 676944000000.0, "data_cadastro": 1114646400000 }, "geometry": { "type": "Point", "coordinates": [ -57.113611, -29.858888 ] } },
{ "type": "Feature", "properties": { "codigo_poco": 4300010228, "nome_poco": "IR476", "local_poco": "GRANJA ITAPITOCAI RS - 472", "codigo_ibge_municipio": 4322400, "municipio": "Uruguaiana", "uf": "RS", "latitude_original": -29.858888, "longitude_original": -57.118055, "profundidade_m": 270.0, "nivel_estatico_m": null, "nivel_dinamico_m": null, "vazao_especifica_m3h_m": null, "aquifero": "Guarani", "natureza_ponto": "Poço tubular", "situacao": "Parado", "uso_agua": "Irrigação", "data_perfuracao": 992563200000.0, "data_cadastro": 1114646400000 }, "geometry": { "type": "Point", "coordinates": [ -57.118055, -29.858888 ] } },
{ "type": "Feature", "properties": { "codigo_poco": 4300010229, "nome_poco": "IR477", "local_poco": "GRANJA ITAPITOCAI BR472", "codigo_ibge_municipio": 4322400, "municipio": "Uruguaiana", "uf": "RS", "latitude_original": -29.881111, "longitude_original": -57.115833, "profundidade_m": 110.0, "nivel_estatico_m": null, "nivel_dinamico_m": null, "vazao_especifica_m3h_m": null, "aquifero": "Serra geral", "natureza_ponto": "Poço tubular", "situacao": "Parado", "uso_agua": "Irrigação", "data_perfuracao": 392947200000.0, "data_cadastro": 1114646400000 }, "geometry": { "type": "Point", "coordinates": [ -57.115833, -29.881111 ] } },
{ "type": "Feature", "properties": { "codigo_poco": 4300010230, "nome_poco": "IR478", "local_poco": "ESCOLA MUNICIPAL DR CRESPO DE OLIVEIRA", "codigo_ibge_municipio": 4322400, "municipio": "Uruguaiana", "uf": "RS", "latitude_original": -29.887777, "longitude_original": -57.114722, "profundidade_m": 35.0, "nivel_estatico_m": null, "nivel_dinamico_m": null, "vazao_especifica_m3h_m": null, "aquifero": "Serra geral", "natureza_ponto": "Poço tubular", "situacao": "Bombeando", "uso_agua": "Abastecimento doméstico", "data_perfuracao": 740102400000.0, "data_cadastro": 1114646400000 }, "geometry": { "type": "Point", "coordinates": [ -57.114722, -29.887777 ] } },
{ "type": "Feature", "properties": { "codigo_poco": 4300010231, "nome_poco": "IR479", "local_poco": "CHARQUEADA ATRAS DA USINA DA AESUL", "codigo_ibge_municipio": 4322400, "municipio": "Uruguaiana", "uf": "RS", "latitude_original": -29.769722, "longitude_original": -56.997222, "profundidade_m": 42.0, "nivel_estatico_m": null, "nivel_dinamico_m": null, "vazao_especifica_m3h_m": null, "aquifero": "Guarani", "natureza_ponto": "Poço tubular", "situacao": "Não instalado", "uso_agua": null, "data_perfuracao": 1039824000000.0, "data_cadastro": 1115769600000 }, "geometry": { "type": "Point", "coordinates": [ -56.997222, -29.769722 ] } },
{ "type": "Feature", "properties": { "codigo_poco": 4300010232, "nome_poco": "IR480", "local_poco": "BR472 KM11 CONDOMINIO PARAISO", "codigo_ibge_municipio": 4322400, "municipio": "Uruguaiana", "uf": "RS", "latitude_original": -29.735277, "longitude_original": -56.965833, "profundidade_m": 120.0, "nivel_estatico_m": 27.8, "nivel_dinamico_m": 29.44, "vazao_especifica_m3h_m": 3.378, "aquifero": "Guarani", "natureza_ponto": "Poço tubular", "situacao": "Bombeando", "uso_agua": "Abastecimento industrial", "data_perfuracao": 582336000000.0, "data_cadastro": 1115769600000 }, "geometry": { "type": "Point", "coordinates": [ -56.965833, -29.735277 ] } },
{ "type": "Feature", "properties": { "codigo_poco": 4300010233, "nome_poco": "IR484", "local_poco": "ESTANCIA PINDAI CONDOMINIO PINDAI", "codigo_ibge_municipio": 4322400, "municipio": "Uruguaiana", "uf": "RS", "latitude_original": -29.814444, "longitude_original": -56.655, "profundidade_m": 51.0, "nivel_estatico_m": 21.0, "nivel_dinamico_m": null, "vazao_especifica_m3h_m": null, "aquifero": null, "natureza_ponto": "Poço tubular", "situacao": "Bombeando", "uso_agua": "Abastecimento doméstico", "data_perfuracao": 60566400000.0, "data_cadastro": 1115856000000 }, "geometry": { "type": "Point", "coordinates": [ -56.655, -29.814444 ] } },
{ "type": "Feature", "properties": { "codigo_poco": 4300010234, "nome_poco": "IR485", "local_poco": "ESTANCIA NOVA ESPERANCA", "codigo_ibge_municipio": 4322400, "municipio": "Uruguaiana", "uf": "RS", "latitude_original": -29.797777, "longitude_original": -56.635, "profundidade_m": 180.0, "nivel_estatico_m": null, "nivel_dinamico_m": null, "vazao_especifica_m3h_m": null, "aquifero": "Guarani", "natureza_ponto": "Poço tubular", "situacao": "Bombeando", "uso_agua": "Abastecimento doméstico", "data_perfuracao": 1039651200000.0, "data_cadastro": 1115856000000 }, "geometry": { "type": "Point", "coordinates": [ -56.635, -29.797777 ] } },
{ "type": "Feature", "properties": { "codigo_poco": 4300010235, "nome_poco": "IR486", "local_poco": "ESTABELECIMENTO NOSSA SENHORA DE FATIMA", "codigo_ibge_municipio": 4322400, "municipio": "Uruguaiana", "uf": "RS", "latitude_original": -29.808611, "longitude_original": -56.604722, "profundidade_m": 188.0, "nivel_estatico_m": null, "nivel_dinamico_m": null, "vazao_especifica_m3h_m": null, "aquifero": null, "natureza_ponto": "Poço tubular", "situacao": "Bombeando", "uso_agua": "Abastecimento doméstico", "data_perfuracao": 613872000000.0, "data_cadastro": 1115856000000 }, "geometry": { "type": "Point", "coordinates": [ -56.604722, -29.808611 ] } },
{ "type": "Feature", "properties": { "codigo_poco": 4300010236, "nome_poco": "IR487", "local_poco": "BR290 EM FRENTE AO BOLICHO DE TABUA", "codigo_ibge_municipio": 4322400, "municipio": "Uruguaiana", "uf": "RS", "latitude_original": -29.824722, "longitude_original": -56.984722, "profundidade_m": 90.0, "nivel_estatico_m": 28.0, "nivel_dinamico_m": null, "vazao_especifica_m3h_m": null, "aquifero": "Guarani", "natureza_ponto": "Poço tubular", "situacao": "Não instalado", "uso_agua": "Abastecimento doméstico", "data_perfuracao": 1012348800000.0, "data_cadastro": 1115942400000 }, "geometry": { "type": "Point", "coordinates": [ -56.984722, -29.824722 ] } },
{ "type": "Feature", "properties": { "codigo_poco": 4300010237, "nome_poco": "IR488", "local_poco": "BR290 AO LADO DO BOLICHO DE TABUA", "codigo_ibge_municipio": 4322400, "municipio": "Uruguaiana", "uf": "RS", "latitude_original": -29.825277, "longitude_original": -56.983611, "profundidade_m": 100.0, "nivel_estatico_m": 25.0, "nivel_dinamico_m": null, "vazao_especifica_m3h_m": null, "aquifero": "Guarani", "natureza_ponto": "Poço tubular", "situacao": "Bombeando", "uso_agua": "Abastecimento doméstico/irrig.", "data_perfuracao": 1012003200000.0, "data_cadastro": 1115942400000 }, "geometry": { "type": "Point", "coordinates": [ -56.983611, -29.825277 ] } },
{ "type": "Feature", "properties": { "codigo_poco": 4300010238, "nome_poco": "IR489", "local_poco": "SITIO ARCO IRIS BR290", "codigo_ibge_municipio": 4322400, "municipio": "Uruguaiana", "uf": "RS", "latitude_original": -29.826944, "longitude_original": -56.982222, "profundidade_m": 54.0, "nivel_estatico_m": null, "nivel_dinamico_m": null, "vazao_especifica_m3h_m": null, "aquifero": "Serra geral", "natureza_ponto": "Poço tubular", "situacao": "Não instalado", "uso_agua": null, "data_perfuracao": 1012176000000.0, "data_cadastro": 1115942400000 }, "geometry": { "type": "Point", "coordinates": [ -56.982222, -29.826944 ] } },
{ "type": "Feature", "properties": { "codigo_poco": 4300010239, "nome_poco": "IR491", "local_poco": "ESTANCIA NOVA AURORA", "codigo_ibge_municipio": 4322400, "municipio": "Uruguaiana", "uf": "RS", "latitude_original": -29.935277, "longitude_original": -56.922777, "profundidade_m": 119.0, "nivel_estatico_m": 64.0, "nivel_dinamico_m": null, "vazao_especifica_m3h_m": null, "aquifero": null, "natureza_ponto": "Poço tubular", "situacao": "Bombeando", "uso_agua": "Abastecimento doméstico", "data_perfuracao": 121651200000.0, "data_cadastro": 1115942400000 }, "geometry": { "type": "Point", "coordinates": [ -56.922777, -29.935277 ] } },
{ "type": "Feature", "properties": { "codigo_poco": 4300010240, "nome_poco": "IR492", "local_poco": "ESTANCIA NOVA AURORA", "codigo_ibge_municipio": 4322400, "municipio": "Uruguaiana", "uf": "RS", "latitude_original": -29.935, "longitude_original": -56.921944, "profundidade_m": 28.0, "nivel_estatico_m": 12.0, "nivel_dinamico_m": null, "vazao_especifica_m3h_m": null, "aquifero": null, "natureza_ponto": "Poço tubular", "situacao": "Abandonado", "uso_agua": null, "data_perfuracao": 109123200000.0, "data_cadastro": 1115942400000 }, "geometry": { "type": "Point", "coordinates": [ -56.921944, -29.935 ] } },
{ "type": "Feature", "properties": { "codigo_poco": 4300010241, "nome_poco": "IR493", "local_poco": "ESTANCIA NOVA AURORA", "codigo_ibge_municipio": 4322400, "municipio": "Uruguaiana", "uf": "RS", "latitude_original": -29.935, "longitude_original": -56.925833, "profundidade_m": 54.7, "nivel_estatico_m": 50.0, "nivel_dinamico_m": null, "vazao_especifica_m3h_m": null, "aquifero": null, "natureza_ponto": "Poço tubular", "situacao": "Bombeando", "uso_agua": "Abastecimento doméstico/animal", "data_perfuracao": 213926400000.0, "data_cadastro": 1115942400000 }, "geometry": { "type": "Point", "coordinates": [ -56.925833, -29.935 ] } },
{ "type": "Feature", "properties": { "codigo_poco": 4300010242, "nome_poco": "IR494", "local_poco": "GRANJA CAPIVARI", "codigo_ibge_municipio": 4322400, "municipio": "Uruguaiana", "uf": "RS", "latitude_original": -29.933888, "longitude_original": -56.897222, "profundidade_m": 67.0, "nivel_estatico_m": 45.0, "nivel_dinamico_m": null, "vazao_especifica_m3h_m": null, "aquifero": null, "natureza_ponto": "Poço tubular", "situacao": "Bombeando", "uso_agua": "Abastecimento doméstico/animal", "data_perfuracao": 214790400000.0, "data_cadastro": 1115942400000 }, "geometry": { "type": "Point", "coordinates": [ -56.897222, -29.933888 ] } },
{ "type": "Feature", "properties": { "codigo_poco": 4300010243, "nome_poco": "IR495", "local_poco": "ESTANCIA TIMBAUVA", "codigo_ibge_municipio": 4322400, "municipio": "Uruguaiana", "uf": "RS", "latitude_original": -29.876388, "longitude_original": -56.813888, "profundidade_m": 120.0, "nivel_estatico_m": 45.0, "nivel_dinamico_m": 50.0, "vazao_especifica_m3h_m": 0.8, "aquifero": "Guarani", "natureza_ponto": "Poço tubular", "situacao": "Bombeando", "uso_agua": "Abastecimento doméstico", "data_perfuracao": 73699200000.0, "data_cadastro": 1115942400000 }, "geometry": { "type": "Point", "coordinates": [ -56.813888, -29.876388 ] } },
{ "type": "Feature", "properties": { "codigo_poco": 4300010244, "nome_poco": "IR497", "local_poco": "CABANHA PAINEIRAS", "codigo_ibge_municipio": 4322400, "municipio": "Uruguaiana", "uf": "RS", "latitude_original": -29.798611, "longitude_original": -56.755, "profundidade_m": 27.0, "nivel_estatico_m": 14.0, "nivel_dinamico_m": null, "vazao_especifica_m3h_m": null, "aquifero": "Serra geral", "natureza_ponto": "Poço tubular", "situacao": "Bombeando", "uso_agua": "Abastecimento doméstico/animal", "data_perfuracao": -671760000000.0, "data_cadastro": 1115942400000 }, "geometry": { "type": "Point", "coordinates": [ -56.755, -29.798611 ] } },
{ "type": "Feature", "properties": { "codigo_poco": 4300010245, "nome_poco": "IR498", "local_poco": "CABANHA PAINEIRAS", "codigo_ibge_municipio": 4322400, "municipio": "Uruguaiana", "uf": "RS", "latitude_original": -29.815, "longitude_original": -56.737222, "profundidade_m": 6.0, "nivel_estatico_m": null, "nivel_dinamico_m": null, "vazao_especifica_m3h_m": null, "aquifero": "Serra geral", "natureza_ponto": "Poço tubular", "situacao": "Parado", "uso_agua": null, "data_perfuracao": -683251200000.0, "data_cadastro": 1115942400000 }, "geometry": { "type": "Point", "coordinates": [ -56.737222, -29.815 ] } },
{ "type": "Feature", "properties": { "codigo_poco": 4300010246, "nome_poco": "IR499", "local_poco": "CABANHA PAINEIRAS", "codigo_ibge_municipio": 4322400, "municipio": "Uruguaiana", "uf": "RS", "latitude_original": -29.815833, "longitude_original": -56.738055, "profundidade_m": 18.0, "nivel_estatico_m": null, "nivel_dinamico_m": null, "vazao_especifica_m3h_m": null, "aquifero": "Serra geral", "natureza_ponto": "Poço tubular", "situacao": "Bombeando", "uso_agua": "Abastecimento doméstico/animal", "data_perfuracao": -679622400000.0, "data_cadastro": 1115942400000 }, "geometry": { "type": "Point", "coordinates": [ -56.738055, -29.815833 ] } },
{ "type": "Feature", "properties": { "codigo_poco": 4300010248, "nome_poco": "IR466", "local_poco": "ESTANCIA SARANDI", "codigo_ibge_municipio": 4322400, "municipio": "Uruguaiana", "uf": "RS", "latitude_original": -30.0475, "longitude_original": -57.056944, "profundidade_m": null, "nivel_estatico_m": null, "nivel_dinamico_m": null, "vazao_especifica_m3h_m": null, "aquifero": null, "natureza_ponto": "Poço tubular", "situacao": "Bombeando", "uso_agua": "Abastecimento doméstico/animal", "data_perfuracao": null, "data_cadastro": 1114560000000 }, "geometry": { "type": "Point", "coordinates": [ -57.056944, -30.0475 ] } },
{ "type": "Feature", "properties": { "codigo_poco": 4300010249, "nome_poco": "IR471", "local_poco": "FAZENDA SANTANA VELHO SEDE DA GRANJA", "codigo_ibge_municipio": 4322400, "municipio": "Uruguaiana", "uf": "RS", "latitude_original": -29.855555, "longitude_original": -57.241666, "profundidade_m": 60.0, "nivel_estatico_m": null, "nivel_dinamico_m": null, "vazao_especifica_m3h_m": null, "aquifero": null, "natureza_ponto": "Poço tubular", "situacao": "Bombeando", "uso_agua": "Abastecimento doméstico", "data_perfuracao": 329875200000.0, "data_cadastro": 1114646400000 }, "geometry": { "type": "Point", "coordinates": [ -57.241666, -29.855555 ] } },
{ "type": "Feature", "properties": { "codigo_poco": 4300010250, "nome_poco": "IR472", "local_poco": "BR472 KM599 ITAPITOCAI", "codigo_ibge_municipio": 4322400, "municipio": "Uruguaiana", "uf": "RS", "latitude_original": -29.897777, "longitude_original": -57.133888, "profundidade_m": null, "nivel_estatico_m": null, "nivel_dinamico_m": null, "vazao_especifica_m3h_m": null, "aquifero": null, "natureza_ponto": "Poço tubular", "situacao": "Bombeando", "uso_agua": "Abastecimento doméstico", "data_perfuracao": null, "data_cadastro": 1114646400000 }, "geometry": { "type": "Point", "coordinates": [ -57.133888, -29.897777 ] } },
{ "type": "Feature", "properties": { "codigo_poco": 4300010251, "nome_poco": "IR549", "local_poco": "ESTANCIA DAS VERTENTES", "codigo_ibge_municipio": 4322400, "municipio": "Uruguaiana", "uf": "RS", "latitude_original": -30.034722, "longitude_original": -56.500277, "profundidade_m": 63.0, "nivel_estatico_m": null, "nivel_dinamico_m": null, "vazao_especifica_m3h_m": null, "aquifero": null, "natureza_ponto": "Poço tubular", "situacao": "Bombeando", "uso_agua": "Abastecimento doméstico", "data_perfuracao": 578707200000.0, "data_cadastro": 1117152000000 }, "geometry": { "type": "Point", "coordinates": [ -56.500277, -30.034722 ] } },
{ "type": "Feature", "properties": { "codigo_poco": 4300010252, "nome_poco": "IR558", "local_poco": "ESTANCIA CURUNILHA", "codigo_ibge_municipio": 4322400, "municipio": "Uruguaiana", "uf": "RS", "latitude_original": -29.768888, "longitude_original": -56.394722, "profundidade_m": 30.0, "nivel_estatico_m": null, "nivel_dinamico_m": null, "vazao_especifica_m3h_m": null, "aquifero": null, "natureza_ponto": "Poço tubular", "situacao": "Bombeando", "uso_agua": "Abastecimento doméstico/animal", "data_perfuracao": -200448000000.0, "data_cadastro": 1117238400000 }, "geometry": { "type": "Point", "coordinates": [ -56.394722, -29.768888 ] } },
{ "type": "Feature", "properties": { "codigo_poco": 4300016784, "nome_poco": "004295-05.00/05-0", "local_poco": null, "codigo_ibge_municipio": 4322400, "municipio": "Uruguaiana", "uf": "RS", "latitude_original": -29.765, "longitude_original": -57.074722, "profundidade_m": 176.0, "nivel_estatico_m": 8.0, "nivel_dinamico_m": 53.3, "vazao_especifica_m3h_m": 0.508, "aquifero": null, "natureza_ponto": "Poço tubular", "situacao": "Bombeando", "uso_agua": "Abastecimento doméstico", "data_perfuracao": 814147200000.0, "data_cadastro": 1150848000000 }, "geometry": { "type": "Point", "coordinates": [ -57.074722, -29.765 ] } },
{ "type": "Feature", "properties": { "codigo_poco": 4300016798, "nome_poco": "008554-05.00/05-3", "local_poco": "TRAVESSA 03 JOCKEY CLUB S/N", "codigo_ibge_municipio": 4322400, "municipio": "Uruguaiana", "uf": "RS", "latitude_original": -29.758333, "longitude_original": -57.053333, "profundidade_m": 60.0, "nivel_estatico_m": 15.78, "nivel_dinamico_m": 16.26, "vazao_especifica_m3h_m": 2.16, "aquifero": null, "natureza_ponto": "Poço tubular", "situacao": "Bombeando", "uso_agua": "Abastecimento múltiplo", "data_perfuracao": 844473600000.0, "data_cadastro": 1151539200000 }, "geometry": { "type": "Point", "coordinates": [ -57.053333, -29.758333 ] } },
{ "type": "Feature", "properties": { "codigo_poco": 4300017031, "nome_poco": "004761-05.00/05-4", "local_poco": "MONTE CASSEIROS,3261", "codigo_ibge_municipio": 4322400, "municipio": "Uruguaiana", "uf": "RS", "latitude_original": -29.751666, "longitude_original": -57.080555, "profundidade_m": 45.0, "nivel_estatico_m": 12.0, "nivel_dinamico_m": 16.0, "vazao_especifica_m3h_m": 0.275, "aquifero": "Serra geral", "natureza_ponto": "Poço tubular", "situacao": null, "uso_agua": "Outros (lazer,etc.)", "data_perfuracao": 1116201600000.0, "data_cadastro": 1159401600000 }, "geometry": { "type": "Point", "coordinates": [ -57.080555, -29.751666 ] } },
{ "type": "Feature", "properties": { "codigo_poco": 4300017041, "nome_poco": "001270-05.00/06-4", "local_poco": "RUA DUQUE DE CAXIAS, 2938", "codigo_ibge_municipio": 4322400, "municipio": "Uruguaiana", "uf": "RS", "latitude_original": -29.765833, "longitude_original": -57.087222, "profundidade_m": 40.0, "nivel_estatico_m": 0.0, "nivel_dinamico_m": 5.9, "vazao_especifica_m3h_m": 1.026, "aquifero": "Serra geral", "natureza_ponto": "Poço tubular", "situacao": "Bombeando", "uso_agua": null, "data_perfuracao": 891388800000.0, "data_cadastro": 1159833600000 }, "geometry": { "type": "Point", "coordinates": [ -57.087222, -29.765833 ] } },
{ "type": "Feature", "properties": { "codigo_poco": 4300017140, "nome_poco": "001269-05.00/06-1", "local_poco": "RUA GENERAL VITORINO,1915", "codigo_ibge_municipio": 4322400, "municipio": "Uruguaiana", "uf": "RS", "latitude_original": -29.756666, "longitude_original": -57.090833, "profundidade_m": 40.0, "nivel_estatico_m": 4.3, "nivel_dinamico_m": 6.37, "vazao_especifica_m3h_m": 2.203, "aquifero": "Serra geral", "natureza_ponto": "Poço tubular", "situacao": null, "uso_agua": "Irrigação", "data_perfuracao": 1026259200000.0, "data_cadastro": 1161129600000 }, "geometry": { "type": "Point", "coordinates": [ -57.090833, -29.756666 ] } },
{ "type": "Feature", "properties": { "codigo_poco": 4300017149, "nome_poco": "000396-05.00/06-0", "local_poco": "Rua Íris Ferrari Valls, 4357", "codigo_ibge_municipio": 4322400, "municipio": "Uruguaiana", "uf": "RS", "latitude_original": -29.778611, "longitude_original": -57.091944, "profundidade_m": 46.0, "nivel_estatico_m": 5.58, "nivel_dinamico_m": 7.64, "vazao_especifica_m3h_m": 2.044, "aquifero": "Serra geral", "natureza_ponto": "Poço tubular", "situacao": "Bombeando", "uso_agua": "Outros (lazer,etc.)", "data_perfuracao": 314496000000.0, "data_cadastro": 1161129600000 }, "geometry": { "type": "Point", "coordinates": [ -57.091944, -29.778611 ] } },
{ "type": "Feature", "properties": { "codigo_poco": 4300017270, "nome_poco": "012619-05.00/05-0", "local_poco": "BR472 KM178", "codigo_ibge_municipio": 4322400, "municipio": "Uruguaiana", "uf": "RS", "latitude_original": -29.785, "longitude_original": -57.079444, "profundidade_m": 73.0, "nivel_estatico_m": 5.5, "nivel_dinamico_m": 6.18, "vazao_especifica_m3h_m": 9.484, "aquifero": "Serra geral", "natureza_ponto": "Poço tubular", "situacao": "Bombeando", "uso_agua": "Outros (lazer,etc.)", "data_perfuracao": 461289600000.0, "data_cadastro": 1165536000000 }, "geometry": { "type": "Point", "coordinates": [ -57.079444, -29.785 ] } },
{ "type": "Feature", "properties": { "codigo_poco": 4300017273, "nome_poco": "004271-05.00/06-1", "local_poco": "IPIRANGA", "codigo_ibge_municipio": 4322400, "municipio": "Uruguaiana", "uf": "RS", "latitude_original": -29.771388, "longitude_original": -57.069444, "profundidade_m": 70.4, "nivel_estatico_m": 3.53, "nivel_dinamico_m": 4.98, "vazao_especifica_m3h_m": 2.052, "aquifero": "Serra geral", "natureza_ponto": "Poço tubular", "situacao": "Bombeando", "uso_agua": null, "data_perfuracao": 389145600000.0, "data_cadastro": 1165968000000 }, "geometry": { "type": "Point", "coordinates": [ -57.069444, -29.771388 ] } },
{ "type": "Feature", "properties": { "codigo_poco": 4300017345, "nome_poco": "012620-05.00/05-8", "local_poco": "RUA DOMINGOS ALMEIDA 3388", "codigo_ibge_municipio": 4322400, "municipio": "Uruguaiana", "uf": "RS", "latitude_original": -29.77, "longitude_original": -57.085278, "profundidade_m": 104.0, "nivel_estatico_m": 3.85, "nivel_dinamico_m": 16.12, "vazao_especifica_m3h_m": 0.726, "aquifero": "Serra geral", "natureza_ponto": "Poço tubular", "situacao": "Bombeando", "uso_agua": null, "data_perfuracao": 937180800000.0, "data_cadastro": 1172707200000 }, "geometry": { "type": "Point", "coordinates": [ -57.085278, -29.77 ] } },
{ "type": "Feature", "properties": { "codigo_poco": 4300017354, "nome_poco": "011366-05.00/05-5", "local_poco": "BR472 KM100 TREVO NA SAIDA PARA BARRA DO QUARAI", "codigo_ibge_municipio": 4322400, "municipio": "Uruguaiana", "uf": "RS", "latitude_original": -29.790556, "longitude_original": -57.008889, "profundidade_m": 70.0, "nivel_estatico_m": 14.95, "nivel_dinamico_m": 15.81, "vazao_especifica_m3h_m": 4.733, "aquifero": "Guarani", "natureza_ponto": "Poço tubular", "situacao": "Bombeando", "uso_agua": null, "data_perfuracao": 1108339200000.0, "data_cadastro": 1176336000000 }, "geometry": { "type": "Point", "coordinates": [ -57.008889, -29.790556 ] } },
{ "type": "Feature", "properties": { "codigo_poco": 4300017363, "nome_poco": "001268-05.00/06-9", "local_poco": "UR204", "codigo_ibge_municipio": 4322400, "municipio": "Uruguaiana", "uf": "RS", "latitude_original": -29.772777, "longitude_original": -56.938888, "profundidade_m": 61.0, "nivel_estatico_m": 23.7, "nivel_dinamico_m": 34.4, "vazao_especifica_m3h_m": 1.045, "aquifero": "Serra geral", "natureza_ponto": "Poço tubular", "situacao": null, "uso_agua": "Abastecimento urbano", "data_perfuracao": 795830400000.0, "data_cadastro": 1163980800000 }, "geometry": { "type": "Point", "coordinates": [ -56.938888, -29.772777 ] } },
{ "type": "Feature", "properties": { "codigo_poco": 4300017392, "nome_poco": "010417-05.00/06-2", "local_poco": "ITAPITOCAI", "codigo_ibge_municipio": 4322400, "municipio": "Uruguaiana", "uf": "RS", "latitude_original": -29.868333, "longitude_original": -57.111666, "profundidade_m": 30.0, "nivel_estatico_m": 4.21, "nivel_dinamico_m": 4.9, "vazao_especifica_m3h_m": 3.828, "aquifero": "Serra geral", "natureza_ponto": "Poço tubular", "situacao": "Bombeando", "uso_agua": "Abastecimento doméstico", "data_perfuracao": 961286400000.0, "data_cadastro": 1183075200000 }, "geometry": { "type": "Point", "coordinates": [ -57.111666, -29.868333 ] } },
{ "type": "Feature", "properties": { "codigo_poco": 4300017393, "nome_poco": "002006-05.00/07-1", "local_poco": "ITAPITOCAI", "codigo_ibge_municipio": 4322400, "municipio": "Uruguaiana", "uf": "RS", "latitude_original": -29.868055, "longitude_original": -57.111944, "profundidade_m": 27.0, "nivel_estatico_m": 4.65, "nivel_dinamico_m": 6.02, "vazao_especifica_m3h_m": 2.289, "aquifero": "Serra geral", "natureza_ponto": "Poço tubular", "situacao": "Bombeando", "uso_agua": "Irrigação", "data_perfuracao": 1172361600000.0, "data_cadastro": 1183075200000 }, "geometry": { "type": "Point", "coordinates": [ -57.111944, -29.868055 ] } },
{ "type": "Feature", "properties": { "codigo_poco": 4300020542, "nome_poco": "JC312", "local_poco": "ASSENTAMENTO IMBAA", "codigo_ibge_municipio": 4322400, "municipio": "Uruguaiana", "uf": "RS", "latitude_original": -29.716111, "longitude_original": -56.981111, "profundidade_m": 97.0, "nivel_estatico_m": null, "nivel_dinamico_m": null, "vazao_especifica_m3h_m": null, "aquifero": "Guarani", "natureza_ponto": "Poço tubular", "situacao": "Bombeando", "uso_agua": "Abastecimento múltiplo", "data_perfuracao": 1263427200000.0, "data_cadastro": 1215648000000 }, "geometry": { "type": "Point", "coordinates": [ -56.981111, -29.716111 ] } },
{ "type": "Feature", "properties": { "codigo_poco": 4300021217, "nome_poco": "COR-URU-BSN-01 015271-05.67.10-2", "local_poco": "RUA MANOEL RAMOS - BARRAGEM SANCHURI", "codigo_ibge_municipio": 4322400, "municipio": "Uruguaiana", "uf": "RS", "latitude_original": -29.539167, "longitude_original": -56.810556, "profundidade_m": 61.0, "nivel_estatico_m": 14.03, "nivel_dinamico_m": 25.75, "vazao_especifica_m3h_m": 5.922, "aquifero": "Guarani", "natureza_ponto": "Poço tubular", "situacao": null, "uso_agua": "Abastecimento urbano", "data_perfuracao": 1020643200000.0, "data_cadastro": 1355270400000 }, "geometry": { "type": "Point", "coordinates": [ -56.810556, -29.539167 ] } },
{ "type": "Feature", "properties": { "codigo_poco": 4300021310, "nome_poco": "COR-URU-03-B G.2318", "local_poco": "TRAVESSA 56, BAIRRO CABO LUIS QUEVEDO", "codigo_ibge_municipio": 4322400, "municipio": "Uruguaiana", "uf": "RS", "latitude_original": -29.778611, "longitude_original": -57.102778, "profundidade_m": 280.0, "nivel_estatico_m": 55.07, "nivel_dinamico_m": 92.2, "vazao_especifica_m3h_m": 0.736, "aquifero": "Guarani", "natureza_ponto": "Poço tubular", "situacao": "Bombeando", "uso_agua": null, "data_perfuracao": 828316800000.0, "data_cadastro": 1546992000000 }, "geometry": { "type": "Point", "coordinates": [ -57.102778, -29.778611 ] } },
{ "type": "Feature", "properties": { "codigo_poco": 4300021422, "nome_poco": "5201/JHR1", "local_poco": "JOAO ARREGUI", "codigo_ibge_municipio": 4322400, "municipio": "Uruguaiana", "uf": "RS", "latitude_original": -29.472778, "longitude_original": -56.682778, "profundidade_m": 60.0, "nivel_estatico_m": 19.73, "nivel_dinamico_m": 28.95, "vazao_especifica_m3h_m": 5.029, "aquifero": "Guarani", "natureza_ponto": "Poço tubular", "situacao": null, "uso_agua": null, "data_perfuracao": 1094256000000.0, "data_cadastro": 1369180800000 }, "geometry": { "type": "Point", "coordinates": [ -56.682778, -29.472778 ] } },
{ "type": "Feature", "properties": { "codigo_poco": 4300021423, "nome_poco": "5202/OLA-1", "local_poco": "OLHOS DAGUA", "codigo_ibge_municipio": 4322400, "municipio": "Uruguaiana", "uf": "RS", "latitude_original": -30.0425, "longitude_original": -56.429722, "profundidade_m": 114.0, "nivel_estatico_m": 56.22, "nivel_dinamico_m": 71.34, "vazao_especifica_m3h_m": 1.016, "aquifero": "Guarani", "natureza_ponto": "Poço tubular", "situacao": null, "uso_agua": "Abastecimento doméstico", "data_perfuracao": 1094515200000.0, "data_cadastro": 1369180800000 }, "geometry": { "type": "Point", "coordinates": [ -56.429722, -30.0425 ] } },
{ "type": "Feature", "properties": { "codigo_poco": 4300022269, "nome_poco": null, "local_poco": "BR-472 KM-587 Nº.14777", "codigo_ibge_municipio": 4322400, "municipio": "Uruguaiana", "uf": "RS", "latitude_original": -29.854444, "longitude_original": -57.106111, "profundidade_m": 214.0, "nivel_estatico_m": 5.5, "nivel_dinamico_m": 142.74, "vazao_especifica_m3h_m": 0.117, "aquifero": "Guarani", "natureza_ponto": "Poço tubular", "situacao": null, "uso_agua": "Abastecimento industrial", "data_perfuracao": 1361836800000.0, "data_cadastro": 1398729600000 }, "geometry": { "type": "Point", "coordinates": [ -57.106111, -29.854444 ] } },
{ "type": "Feature", "properties": { "codigo_poco": 4300022353, "nome_poco": "JC908", "local_poco": "ESTÂNCIA DO SOSSÊGO - QUEIMADA", "codigo_ibge_municipio": 4322400, "municipio": "Uruguaiana", "uf": "RS", "latitude_original": -29.890556, "longitude_original": -56.9, "profundidade_m": 100.0, "nivel_estatico_m": null, "nivel_dinamico_m": null, "vazao_especifica_m3h_m": null, "aquifero": null, "natureza_ponto": "Poço tubular", "situacao": "Bombeando", "uso_agua": "Abastecimento doméstico/animal", "data_perfuracao": 1386201600000.0, "data_cadastro": 1398643200000 }, "geometry": { "type": "Point", "coordinates": [ -56.9, -29.890556 ] } },
{ "type": "Feature", "properties": { "codigo_poco": 4300022458, "nome_poco": null, "local_poco": "BR  472 , KM 170", "codigo_ibge_municipio": 4322400, "municipio": "Uruguaiana", "uf": "RS", "latitude_original": -29.765, "longitude_original": -57.020556, "profundidade_m": 19.0, "nivel_estatico_m": 4.9, "nivel_dinamico_m": 5.13, "vazao_especifica_m3h_m": 14.565, "aquifero": "Guarani", "natureza_ponto": "Poço tubular", "situacao": null, "uso_agua": null, "data_perfuracao": 1154995200000.0, "data_cadastro": 1406505600000 }, "geometry": { "type": "Point", "coordinates": [ -57.020556, -29.765 ] } },
{ "type": "Feature", "properties": { "codigo_poco": 4300022459, "nome_poco": null, "local_poco": "RUA SENADOR SILVEIRA MARTINS   S/N", "codigo_ibge_municipio": 4322400, "municipio": "Uruguaiana", "uf": "RS", "latitude_original": -29.769444, "longitude_original": -57.040278, "profundidade_m": 120.0, "nivel_estatico_m": 6.92, "nivel_dinamico_m": 81.85, "vazao_especifica_m3h_m": 0.049, "aquifero": "Guarani", "natureza_ponto": "Poço tubular", "situacao": null, "uso_agua": null, "data_perfuracao": 957744000000.0, "data_cadastro": 1406592000000 }, "geometry": { "type": "Point", "coordinates": [ -57.040278, -29.769444 ] } },
{ "type": "Feature", "properties": { "codigo_poco": 4300022637, "nome_poco": "João Arregui / JC665", "local_poco": "JOÃO ARREGUI", "codigo_ibge_municipio": 4322400, "municipio": "Uruguaiana", "uf": "RS", "latitude_original": -29.470833, "longitude_original": -56.667778, "profundidade_m": 53.0, "nivel_estatico_m": 14.42, "nivel_dinamico_m": 18.57, "vazao_especifica_m3h_m": 3.137, "aquifero": "Guarani", "natureza_ponto": "Poço de monitoramento", "situacao": "Poço RIMAS equipado c medidor automático de nível", "uso_agua": "Sem uso", "data_perfuracao": 1401321600000.0, "data_cadastro": 1410307200000 }, "geometry": { "type": "Point", "coordinates": [ -56.667778, -29.470833 ] } },
{ "type": "Feature", "properties": { "codigo_poco": 4300025193, "nome_poco": "COR-URU-SMA-02", "local_poco": "SAO MARCOS BALNEÁRIO", "codigo_ibge_municipio": 4322400, "municipio": "Uruguaiana", "uf": "RS", "latitude_original": -29.506667, "longitude_original": -56.845556, "profundidade_m": 60.0, "nivel_estatico_m": 6.54, "nivel_dinamico_m": 24.0, "vazao_especifica_m3h_m": 3.436, "aquifero": "Guarani", "natureza_ponto": "Poço tubular", "situacao": null, "uso_agua": "Outros (lazer,etc.)", "data_perfuracao": 860803200000.0, "data_cadastro": 1480291200000 }, "geometry": { "type": "Point", "coordinates": [ -56.845556, -29.506667 ] } },
{ "type": "Feature", "properties": { "codigo_poco": 4300025960, "nome_poco": null, "local_poco": "SESMARIA DO IMBAA-SALSO", "codigo_ibge_municipio": 4322400, "municipio": "Uruguaiana", "uf": "RS", "latitude_original": -29.769167, "longitude_original": -57.0025, "profundidade_m": 60.0, "nivel_estatico_m": 13.1, "nivel_dinamico_m": 13.79, "vazao_especifica_m3h_m": 7.058, "aquifero": "Guarani", "natureza_ponto": "Poço tubular", "situacao": null, "uso_agua": null, "data_perfuracao": 1353369600000.0, "data_cadastro": 1501718400000 }, "geometry": { "type": "Point", "coordinates": [ -57.0025, -29.769167 ] } },
{ "type": "Feature", "properties": { "codigo_poco": 4300027483, "nome_poco": "010434-05.67/09-0", "local_poco": "SESMARIA DO IMBAÁ", "codigo_ibge_municipio": 4322400, "municipio": "Uruguaiana", "uf": "RS", "latitude_original": -29.763333, "longitude_original": -57.040556, "profundidade_m": 80.0, "nivel_estatico_m": 11.26, "nivel_dinamico_m": 16.77, "vazao_especifica_m3h_m": 0.806, "aquifero": "Guarani", "natureza_ponto": "Poço tubular", "situacao": "Bombeando", "uso_agua": "Irrigação", "data_perfuracao": 1256860800000.0, "data_cadastro": 1554249600000 }, "geometry": { "type": "Point", "coordinates": [ -57.040556, -29.763333 ] } },
{ "type": "Feature", "properties": { "codigo_poco": 4300027716, "nome_poco": "RB-01-URU", "local_poco": "RS 377 - KM 30/ ALEGRETE", "codigo_ibge_municipio": 4322400, "municipio": "Uruguaiana", "uf": "RS", "latitude_original": -29.670833, "longitude_original": -56.499722, "profundidade_m": 60.0, "nivel_estatico_m": 9.0, "nivel_dinamico_m": 45.7, "vazao_especifica_m3h_m": 0.49, "aquifero": "Serra geral", "natureza_ponto": "Poço tubular", "situacao": null, "uso_agua": null, "data_perfuracao": 1089158400000.0, "data_cadastro": 1562544000000 }, "geometry": { "type": "Point", "coordinates": [ -56.499722, -29.670833 ] } },
{ "type": "Feature", "properties": { "codigo_poco": 4300028654, "nome_poco": "RS7UR09 / 7URU.0010 RS", "local_poco": "Adolfo Stern", "codigo_ibge_municipio": 4322400, "municipio": "Uruguaiana", "uf": "RS", "latitude_original": -29.689167, "longitude_original": -56.652778, "profundidade_m": 60.0, "nivel_estatico_m": 50.3, "nivel_dinamico_m": 60.0, "vazao_especifica_m3h_m": 0.01, "aquifero": "Serra geral", "natureza_ponto": "Poço tubular", "situacao": "Abandonado", "uso_agua": null, "data_perfuracao": 477014400000.0, "data_cadastro": 1657065600000 }, "geometry": { "type": "Point", "coordinates": [ -56.652778, -29.689167 ] } },
{ "type": "Feature", "properties": { "codigo_poco": 4300029216, "nome_poco": "694210 018773-05.67/10-0", "local_poco": "Rodovia BR-472, Km 576 - Distrito Industrial - Região da Usina Termoelétrica", "codigo_ibge_municipio": 4322400, "municipio": "Uruguaiana", "uf": "RS", "latitude_original": -29.766534, "longitude_original": -57.002171, "profundidade_m": 148.0, "nivel_estatico_m": 22.62, "nivel_dinamico_m": 43.79, "vazao_especifica_m3h_m": 1.2458823529411645, "aquifero": null, "natureza_ponto": "Poço tubular", "situacao": "Bombeando", "uso_agua": "Abastecimento industrial", "data_perfuracao": 1284076800000.0, "data_cadastro": 1700697600000 }, "geometry": { "type": "Point", "coordinates": [ -57.002171, -29.766534 ] } },
{ "type": "Feature", "properties": { "codigo_poco": 4300029248, "nome_poco": "1046436", "local_poco": "Uruguaiana", "codigo_ibge_municipio": 4322400, "municipio": "Uruguaiana", "uf": "RS", "latitude_original": -29.760839, "longitude_original": -57.000785, "profundidade_m": 175.0, "nivel_estatico_m": 21.75, "nivel_dinamico_m": 45.79, "vazao_especifica_m3h_m": 3.7, "aquifero": null, "natureza_ponto": "Poço tubular", "situacao": "Bombeando", "uso_agua": "Outros (lazer,etc.)", "data_perfuracao": 1566172800000.0, "data_cadastro": 1700697600000 }, "geometry": { "type": "Point", "coordinates": [ -57.000785, -29.760839 ] } },
{ "type": "Feature", "properties": { "codigo_poco": 4300029288, "nome_poco": "938309", "local_poco": "Proximidades da Rodovia BR472, Km 177-180 - Área Industrial", "codigo_ibge_municipio": 4322400, "municipio": "Uruguaiana", "uf": "RS", "latitude_original": -29.784206, "longitude_original": -57.077236, "profundidade_m": 52.0, "nivel_estatico_m": null, "nivel_dinamico_m": null, "vazao_especifica_m3h_m": null, "aquifero": null, "natureza_ponto": "Poço tubular", "situacao": "Bombeando", "uso_agua": "Abastecimento industrial", "data_perfuracao": 1524441600000.0, "data_cadastro": 1700697600000 }, "geometry": { "type": "Point", "coordinates": [ -57.077236, -29.784206 ] } },
{ "type": "Feature", "properties": { "codigo_poco": 4300029319, "nome_poco": "1055009", "local_poco": "Zona Urbana", "codigo_ibge_municipio": 4322400, "municipio": "Uruguaiana", "uf": "RS", "latitude_original": -29.764823, "longitude_original": -57.0773, "profundidade_m": 80.0, "nivel_estatico_m": null, "nivel_dinamico_m": null, "vazao_especifica_m3h_m": null, "aquifero": null, "natureza_ponto": "Poço tubular", "situacao": "Bombeando", "uso_agua": "Outros (lazer,etc.)", "data_perfuracao": 1549584000000.0, "data_cadastro": 1700697600000 }, "geometry": { "type": "Point", "coordinates": [ -57.0773, -29.764823 ] } },
{ "type": "Feature", "properties": { "codigo_poco": 4300029332, "nome_poco": "1142651", "local_poco": "Zona Urbana", "codigo_ibge_municipio": 4322400, "municipio": "Uruguaiana", "uf": "RS", "latitude_original": -29.780465, "longitude_original": -57.058504, "profundidade_m": 80.0, "nivel_estatico_m": 11.76, "nivel_dinamico_m": 36.7, "vazao_especifica_m3h_m": 9.976, "aquifero": null, "natureza_ponto": "Poço tubular", "situacao": "Bombeando", "uso_agua": "Abastecimento doméstico", "data_perfuracao": 1590537600000.0, "data_cadastro": 1700697600000 }, "geometry": { "type": "Point", "coordinates": [ -57.058504, -29.780465 ] } },
{ "type": "Feature", "properties": { "codigo_poco": 4300029545, "nome_poco": "1169158 015450-05.67/13-7", "local_poco": "Área Periurbana-Industrial", "codigo_ibge_municipio": 4322400, "municipio": "Uruguaiana", "uf": "RS", "latitude_original": -29.787367, "longitude_original": -57.092378, "profundidade_m": 82.0, "nivel_estatico_m": 14.94, "nivel_dinamico_m": 29.64, "vazao_especifica_m3h_m": 2.4516666666666334, "aquifero": null, "natureza_ponto": "Poço tubular", "situacao": "Bombeando", "uso_agua": "Abastecimento múltiplo", "data_perfuracao": 1381190400000.0, "data_cadastro": 1700697600000 }, "geometry": { "type": "Point", "coordinates": [ -57.092378, -29.787367 ] } },
{ "type": "Feature", "properties": { "codigo_poco": 4300029852, "nome_poco": "938537 026308/2018", "local_poco": "Zona Rural de Uruguaiana", "codigo_ibge_municipio": 4322400, "municipio": "Uruguaiana", "uf": "RS", "latitude_original": -29.66, "longitude_original": -56.843611, "profundidade_m": 204.0, "nivel_estatico_m": null, "nivel_dinamico_m": null, "vazao_especifica_m3h_m": null, "aquifero": null, "natureza_ponto": "Poço tubular", "situacao": "Bombeando", "uso_agua": "Abastecimento industrial", "data_perfuracao": 1509321600000.0, "data_cadastro": 1700697600000 }, "geometry": { "type": "Point", "coordinates": [ -56.843611, -29.66 ] } },
{ "type": "Feature", "properties": { "codigo_poco": 4300030205, "nome_poco": "000621-05.00.17-3 ", "local_poco": "BR 472, KM 572 SALSO SESMARIA DO IMBAÁ", "codigo_ibge_municipio": 4322400, "municipio": "Uruguaiana", "uf": "RS", "latitude_original": -29.763852, "longitude_original": -57.024505, "profundidade_m": 160.0, "nivel_estatico_m": 8.5, "nivel_dinamico_m": 22.0, "vazao_especifica_m3h_m": 0.874, "aquifero": "Serra geral", "natureza_ponto": "Poço tubular", "situacao": "Bombeando", "uso_agua": "Abastecimento múltiplo", "data_perfuracao": 1506988800000.0, "data_cadastro": 1709078400000 }, "geometry": { "type": "Point", "coordinates": [ -57.024505, -29.763852 ] } },
{ "type": "Feature", "properties": { "codigo_poco": 4300030327, "nome_poco": "3251-05.67.10-8", "local_poco": "Capivari", "codigo_ibge_municipio": 4322400, "municipio": "Uruguaiana", "uf": "RS", "latitude_original": -29.948889, "longitude_original": -56.918333, "profundidade_m": 139.5, "nivel_estatico_m": 22.09, "nivel_dinamico_m": 25.05, "vazao_especifica_m3h_m": 3.453, "aquifero": "Guarani", "natureza_ponto": "Poço tubular", "situacao": "Bombeando", "uso_agua": "Abastecimento doméstico/animal", "data_perfuracao": 1192838400000.0, "data_cadastro": 1720483200000 }, "geometry": { "type": "Point", "coordinates": [ -56.918333, -29.948889 ] } },
{ "type": "Feature", "properties": { "codigo_poco": 4300030428, "nome_poco": "6992-05.67/13-1", "local_poco": "Zona urbana", "codigo_ibge_municipio": 4322400, "municipio": "Uruguaiana", "uf": "RS", "latitude_original": -29.748531, "longitude_original": -57.084723, "profundidade_m": 190.0, "nivel_estatico_m": 3.12, "nivel_dinamico_m": 44.85, "vazao_especifica_m3h_m": 0.212, "aquifero": "Guarani", "natureza_ponto": "Poço tubular", "situacao": "Bombeando", "uso_agua": "Irrigação", "data_perfuracao": 395539200000.0, "data_cadastro": 1723766400000 }, "geometry": { "type": "Point", "coordinates": [ -57.084723, -29.748531 ] } },
{ "type": "Feature", "properties": { "codigo_poco": 4300030435, "nome_poco": "7138-05.00/17-4", "local_poco": "", "codigo_ibge_municipio": 4322400, "municipio": "Uruguaiana", "uf": "RS", "latitude_original": -29.764681, "longitude_original": -57.032625, "profundidade_m": 40.0, "nivel_estatico_m": 5.0, "nivel_dinamico_m": 18.0, "vazao_especifica_m3h_m": 0.385, "aquifero": null, "natureza_ponto": "Poço tubular", "situacao": null, "uso_agua": "Abastecimento doméstico", "data_perfuracao": 631152000000.0, "data_cadastro": 1724025600000 }, "geometry": { "type": "Point", "coordinates": [ -57.032625, -29.764681 ] } },
{ "type": "Feature", "properties": { "codigo_poco": 4300030519, "nome_poco": "9679-05.67/10-0", "local_poco": "Salso", "codigo_ibge_municipio": 4322400, "municipio": "Uruguaiana", "uf": "RS", "latitude_original": -29.765433, "longitude_original": -57.013747, "profundidade_m": 41.0, "nivel_estatico_m": 4.27, "nivel_dinamico_m": 25.16, "vazao_especifica_m3h_m": 0.157, "aquifero": "Serra geral", "natureza_ponto": "Poço tubular", "situacao": "Bombeando", "uso_agua": "Abastecimento doméstico", "data_perfuracao": 1251417600000.0, "data_cadastro": 1726185600000 }, "geometry": { "type": "Point", "coordinates": [ -57.013747, -29.765433 ] } },
{ "type": "Feature", "properties": { "codigo_poco": 4300030561, "nome_poco": "13967-05.67/11-8", "local_poco": "", "codigo_ibge_municipio": 4322400, "municipio": "Uruguaiana", "uf": "RS", "latitude_original": -29.757053, "longitude_original": -57.080346, "profundidade_m": 35.0, "nivel_estatico_m": 4.02, "nivel_dinamico_m": 15.57, "vazao_especifica_m3h_m": 0.145, "aquifero": "Serra geral", "natureza_ponto": "Poço tubular", "situacao": "Bombeando", "uso_agua": "Outros (lazer,etc.)", "data_perfuracao": 1057190400000.0, "data_cadastro": 1727395200000 }, "geometry": { "type": "Point", "coordinates": [ -57.080346, -29.757053 ] } },
{ "type": "Feature", "properties": { "codigo_poco": 4300030579, "nome_poco": "15583-05.67/11-2", "local_poco": "", "codigo_ibge_municipio": 4322400, "municipio": "Uruguaiana", "uf": "RS", "latitude_original": -29.775417, "longitude_original": -57.045881, "profundidade_m": 60.0, "nivel_estatico_m": 10.4, "nivel_dinamico_m": 18.45, "vazao_especifica_m3h_m": 0.807, "aquifero": "Serra geral", "natureza_ponto": "Poço tubular", "situacao": "Bombeando", "uso_agua": "Outros (lazer,etc.)", "data_perfuracao": 713491200000.0, "data_cadastro": 1727913600000 }, "geometry": { "type": "Point", "coordinates": [ -57.045881, -29.775417 ] } },
{ "type": "Feature", "properties": { "codigo_poco": 4300030584, "nome_poco": "15805-05.67/10-0", "local_poco": "Itapitocai", "codigo_ibge_municipio": 4322400, "municipio": "Uruguaiana", "uf": "RS", "latitude_original": -29.891111, "longitude_original": -57.142239, "profundidade_m": 47.0, "nivel_estatico_m": 3.86, "nivel_dinamico_m": 4.21, "vazao_especifica_m3h_m": 23.171, "aquifero": "Serra geral", "natureza_ponto": "Poço tubular", "situacao": "Bombeando", "uso_agua": "Abastecimento doméstico", "data_perfuracao": -630374400000.0, "data_cadastro": 1728000000000 }, "geometry": { "type": "Point", "coordinates": [ -57.142239, -29.891111 ] } },
{ "type": "Feature", "properties": { "codigo_poco": 4300030603, "nome_poco": "1122-05.00.15-6", "local_poco": "Ipiranga", "codigo_ibge_municipio": 4322400, "municipio": "Uruguaiana", "uf": "RS", "latitude_original": -29.782282, "longitude_original": -57.053715, "profundidade_m": 146.0, "nivel_estatico_m": 15.4, "nivel_dinamico_m": 20.3, "vazao_especifica_m3h_m": 0.696, "aquifero": "Guarani", "natureza_ponto": "Poço tubular", "situacao": "Bombeando", "uso_agua": "Abastecimento doméstico", "data_perfuracao": 726451200000.0, "data_cadastro": 1728950400000 }, "geometry": { "type": "Point", "coordinates": [ -57.053715, -29.782282 ] } },
{ "type": "Feature", "properties": { "codigo_poco": 4300030709, "nome_poco": "2018/029.994", "local_poco": "", "codigo_ibge_municipio": 4322400, "municipio": "Uruguaiana", "uf": "RS", "latitude_original": -29.540802, "longitude_original": -56.805808, "profundidade_m": 69.3, "nivel_estatico_m": 23.0, "nivel_dinamico_m": 29.26, "vazao_especifica_m3h_m": 8.264, "aquifero": "Serra geral", "natureza_ponto": "Poço tubular", "situacao": "Bombeando", "uso_agua": null, "data_perfuracao": 1539216000000.0, "data_cadastro": 1731369600000 }, "geometry": { "type": "Point", "coordinates": [ -56.805808, -29.540802 ] } },
{ "type": "Feature", "properties": { "codigo_poco": 4300030711, "nome_poco": "2021/021.740", "local_poco": "", "codigo_ibge_municipio": 4322400, "municipio": "Uruguaiana", "uf": "RS", "latitude_original": -29.795402, "longitude_original": -57.076103, "profundidade_m": 50.0, "nivel_estatico_m": 12.3, "nivel_dinamico_m": 15.02, "vazao_especifica_m3h_m": 1.838, "aquifero": "Serra geral", "natureza_ponto": "Poço tubular", "situacao": "Bombeando", "uso_agua": null, "data_perfuracao": 1641859200000.0, "data_cadastro": 1731369600000 }, "geometry": { "type": "Point", "coordinates": [ -57.076103, -29.795402 ] } },
{ "type": "Feature", "properties": { "codigo_poco": 4300030712, "nome_poco": "2022/000.761", "local_poco": "", "codigo_ibge_municipio": 4322400, "municipio": "Uruguaiana", "uf": "RS", "latitude_original": -29.638305, "longitude_original": -56.868, "profundidade_m": 26.0, "nivel_estatico_m": 10.3, "nivel_dinamico_m": 22.0, "vazao_especifica_m3h_m": 2.051, "aquifero": "Serra geral", "natureza_ponto": "Poço tubular", "situacao": "Bombeando", "uso_agua": null, "data_perfuracao": 1638144000000.0, "data_cadastro": 1731369600000 }, "geometry": { "type": "Point", "coordinates": [ -56.868, -29.638305 ] } },
{ "type": "Feature", "properties": { "codigo_poco": 4300030716, "nome_poco": "2022/001.548", "local_poco": "", "codigo_ibge_municipio": 4322400, "municipio": "Uruguaiana", "uf": "RS", "latitude_original": -29.770001, "longitude_original": -57.00241, "profundidade_m": 80.0, "nivel_estatico_m": 6.04, "nivel_dinamico_m": 11.8, "vazao_especifica_m3h_m": 0.868, "aquifero": "Guarani", "natureza_ponto": "Poço tubular", "situacao": "Bombeando", "uso_agua": null, "data_perfuracao": 1639785600000.0, "data_cadastro": 1731456000000 }, "geometry": { "type": "Point", "coordinates": [ -57.00241, -29.770001 ] } },
{ "type": "Feature", "properties": { "codigo_poco": 4300030717, "nome_poco": "2022/015.656", "local_poco": "Lavagem Carretão", "codigo_ibge_municipio": 4322400, "municipio": "Uruguaiana", "uf": "RS", "latitude_original": -29.767707, "longitude_original": -57.016706, "profundidade_m": 32.0, "nivel_estatico_m": 14.0, "nivel_dinamico_m": 22.0, "vazao_especifica_m3h_m": 0.188, "aquifero": "Serra geral", "natureza_ponto": "Poço tubular", "situacao": "Bombeando", "uso_agua": null, "data_perfuracao": 1655683200000.0, "data_cadastro": 1731456000000 }, "geometry": { "type": "Point", "coordinates": [ -57.016706, -29.767707 ] } },
{ "type": "Feature", "properties": { "codigo_poco": 4300030718, "nome_poco": "2022/015.924", "local_poco": "", "codigo_ibge_municipio": 4322400, "municipio": "Uruguaiana", "uf": "RS", "latitude_original": -29.772802, "longitude_original": -57.1047, "profundidade_m": 48.0, "nivel_estatico_m": 9.4, "nivel_dinamico_m": 11.7, "vazao_especifica_m3h_m": 1.261, "aquifero": "Serra geral", "natureza_ponto": "Poço tubular", "situacao": "Bombeando", "uso_agua": null, "data_perfuracao": 1659571200000.0, "data_cadastro": 1731456000000 }, "geometry": { "type": "Point", "coordinates": [ -57.1047, -29.772802 ] } },
{ "type": "Feature", "properties": { "codigo_poco": 4300030719, "nome_poco": "2022/021.427", "local_poco": "", "codigo_ibge_municipio": 4322400, "municipio": "Uruguaiana", "uf": "RS", "latitude_original": -29.779103, "longitude_original": -57.031605, "profundidade_m": null, "nivel_estatico_m": null, "nivel_dinamico_m": null, "vazao_especifica_m3h_m": null, "aquifero": null, "natureza_ponto": "Poço tubular", "situacao": null, "uso_agua": null, "data_perfuracao": null, "data_cadastro": 1731456000000 }, "geometry": { "type": "Point", "coordinates": [ -57.031605, -29.779103 ] } },
{ "type": "Feature", "properties": { "codigo_poco": 4300030721, "nome_poco": "2024/014.025", "local_poco": "", "codigo_ibge_municipio": 4322400, "municipio": "Uruguaiana", "uf": "RS", "latitude_original": -29.766307, "longitude_original": -57.027609, "profundidade_m": null, "nivel_estatico_m": null, "nivel_dinamico_m": null, "vazao_especifica_m3h_m": null, "aquifero": null, "natureza_ponto": "Poço tubular", "situacao": null, "uso_agua": null, "data_perfuracao": null, "data_cadastro": 1731456000000 }, "geometry": { "type": "Point", "coordinates": [ -57.027609, -29.766307 ] } },
{ "type": "Feature", "properties": { "codigo_poco": 4300030757, "nome_poco": "2019003.078 ", "local_poco": "Área Rural", "codigo_ibge_municipio": 4322400, "municipio": "Uruguaiana", "uf": "RS", "latitude_original": -29.766, "longitude_original": -57.0238, "profundidade_m": 100.0, "nivel_estatico_m": null, "nivel_dinamico_m": null, "vazao_especifica_m3h_m": null, "aquifero": "Serra geral", "natureza_ponto": "Poço tubular", "situacao": "Bombeando", "uso_agua": "Abastecimento múltiplo", "data_perfuracao": 1382918400000.0, "data_cadastro": 1732147200000 }, "geometry": { "type": "Point", "coordinates": [ -57.0238, -29.766 ] } },
{ "type": "Feature", "properties": { "codigo_poco": 4300030871, "nome_poco": "2017/030.903", "local_poco": "", "codigo_ibge_municipio": 4322400, "municipio": "Uruguaiana", "uf": "RS", "latitude_original": -29.778908, "longitude_original": -57.05031, "profundidade_m": 126.0, "nivel_estatico_m": null, "nivel_dinamico_m": null, "vazao_especifica_m3h_m": null, "aquifero": "Serra geral", "natureza_ponto": "Poço tubular", "situacao": "Bombeando", "uso_agua": null, "data_perfuracao": 1512864000000.0, "data_cadastro": 1734480000000 }, "geometry": { "type": "Point", "coordinates": [ -57.05031, -29.778908 ] } },
{ "type": "Feature", "properties": { "codigo_poco": 4300030872, "nome_poco": "2017/031.264", "local_poco": "", "codigo_ibge_municipio": 4322400, "municipio": "Uruguaiana", "uf": "RS", "latitude_original": -29.773605, "longitude_original": -57.039404, "profundidade_m": 223.0, "nivel_estatico_m": 3.39, "nivel_dinamico_m": 50.37, "vazao_especifica_m3h_m": 0.055, "aquifero": "Guarani", "natureza_ponto": "Poço tubular", "situacao": "Bombeando", "uso_agua": null, "data_perfuracao": 1507420800000.0, "data_cadastro": 1734480000000 }, "geometry": { "type": "Point", "coordinates": [ -57.039404, -29.773605 ] } },
{ "type": "Feature", "properties": { "codigo_poco": 4300030873, "nome_poco": "2018/001.478", "local_poco": "", "codigo_ibge_municipio": 4322400, "municipio": "Uruguaiana", "uf": "RS", "latitude_original": -29.774404, "longitude_original": -57.050804, "profundidade_m": 48.0, "nivel_estatico_m": 14.0, "nivel_dinamico_m": 19.7, "vazao_especifica_m3h_m": 0.4, "aquifero": "Serra geral", "natureza_ponto": "Poço tubular", "situacao": "Bombeando", "uso_agua": null, "data_perfuracao": 1513123200000.0, "data_cadastro": 1734480000000 }, "geometry": { "type": "Point", "coordinates": [ -57.050804, -29.774404 ] } },
{ "type": "Feature", "properties": { "codigo_poco": 4300030874, "nome_poco": "2018/003.286", "local_poco": "", "codigo_ibge_municipio": 4322400, "municipio": "Uruguaiana", "uf": "RS", "latitude_original": -29.891704, "longitude_original": -57.232206, "profundidade_m": 62.0, "nivel_estatico_m": 11.45, "nivel_dinamico_m": 11.75, "vazao_especifica_m3h_m": 26.4, "aquifero": "Serra geral", "natureza_ponto": "Poço tubular", "situacao": "Bombeando", "uso_agua": null, "data_perfuracao": 1517270400000.0, "data_cadastro": 1734480000000 }, "geometry": { "type": "Point", "coordinates": [ -57.232206, -29.891704 ] } },
{ "type": "Feature", "properties": { "codigo_poco": 4300030875, "nome_poco": "2018/025.822 000992-05.00.06/8 ", "local_poco": "Centro ", "codigo_ibge_municipio": 4322400, "municipio": "Uruguaiana", "uf": "RS", "latitude_original": -29.773302, "longitude_original": -57.087301, "profundidade_m": 90.0, "nivel_estatico_m": 7.22, "nivel_dinamico_m": 16.65, "vazao_especifica_m3h_m": 0.464, "aquifero": "Serra geral", "natureza_ponto": "Poço tubular", "situacao": "Bombeando", "uso_agua": "Irrigação", "data_perfuracao": 1539129600000.0, "data_cadastro": 1734566400000 }, "geometry": { "type": "Point", "coordinates": [ -57.087301, -29.773302 ] } },
{ "type": "Feature", "properties": { "codigo_poco": 4300030876, "nome_poco": "2018/027.194", "local_poco": "", "codigo_ibge_municipio": 4322400, "municipio": "Uruguaiana", "uf": "RS", "latitude_original": -29.758106, "longitude_original": -57.084205, "profundidade_m": 62.0, "nivel_estatico_m": null, "nivel_dinamico_m": null, "vazao_especifica_m3h_m": null, "aquifero": "Serra geral", "natureza_ponto": "Poço tubular", "situacao": "Bombeando", "uso_agua": null, "data_perfuracao": 1536105600000.0, "data_cadastro": 1734566400000 }, "geometry": { "type": "Point", "coordinates": [ -57.084205, -29.758106 ] } },
{ "type": "Feature", "properties": { "codigo_poco": 4300030877, "nome_poco": "2018/028.834", "local_poco": "", "codigo_ibge_municipio": 4322400, "municipio": "Uruguaiana", "uf": "RS", "latitude_original": -29.780006, "longitude_original": -57.057904, "profundidade_m": 76.0, "nivel_estatico_m": 12.4, "nivel_dinamico_m": 66.16, "vazao_especifica_m3h_m": 0.085, "aquifero": "Serra geral", "natureza_ponto": "Poço tubular", "situacao": "Bombeando", "uso_agua": null, "data_perfuracao": 1536969600000.0, "data_cadastro": 1734566400000 }, "geometry": { "type": "Point", "coordinates": [ -57.057904, -29.780006 ] } },
{ "type": "Feature", "properties": { "codigo_poco": 4300030878, "nome_poco": "2018/029.660", "local_poco": "", "codigo_ibge_municipio": 4322400, "municipio": "Uruguaiana", "uf": "RS", "latitude_original": -29.758907, "longitude_original": -57.072507, "profundidade_m": 40.0, "nivel_estatico_m": 1.06, "nivel_dinamico_m": 2.39, "vazao_especifica_m3h_m": 3.684, "aquifero": "Serra geral", "natureza_ponto": "Poço tubular", "situacao": "Bombeando", "uso_agua": null, "data_perfuracao": 1537228800000.0, "data_cadastro": 1734566400000 }, "geometry": { "type": "Point", "coordinates": [ -57.072507, -29.758907 ] } },
{ "type": "Feature", "properties": { "codigo_poco": 4300030880, "nome_poco": "2018/030.252", "local_poco": "", "codigo_ibge_municipio": 4322400, "municipio": "Uruguaiana", "uf": "RS", "latitude_original": -29.756303, "longitude_original": -57.081204, "profundidade_m": 48.0, "nivel_estatico_m": 3.06, "nivel_dinamico_m": 6.15, "vazao_especifica_m3h_m": 1.146, "aquifero": "Guarani", "natureza_ponto": "Poço tubular", "situacao": "Bombeando", "uso_agua": null, "data_perfuracao": 1537488000000.0, "data_cadastro": 1734566400000 }, "geometry": { "type": "Point", "coordinates": [ -57.081204, -29.756303 ] } },
{ "type": "Feature", "properties": { "codigo_poco": 4300030881, "nome_poco": "2018/030.500", "local_poco": "", "codigo_ibge_municipio": 4322400, "municipio": "Uruguaiana", "uf": "RS", "latitude_original": -29.772806, "longitude_original": -57.086907, "profundidade_m": 105.0, "nivel_estatico_m": 6.22, "nivel_dinamico_m": 23.77, "vazao_especifica_m3h_m": null, "aquifero": "Serra geral", "natureza_ponto": "Poço tubular", "situacao": "Bombeando", "uso_agua": null, "data_perfuracao": 1540166400000.0, "data_cadastro": 1734566400000 }, "geometry": { "type": "Point", "coordinates": [ -57.086907, -29.772806 ] } },
{ "type": "Feature", "properties": { "codigo_poco": 4300030882, "nome_poco": "2018/038.088", "local_poco": "", "codigo_ibge_municipio": 4322400, "municipio": "Uruguaiana", "uf": "RS", "latitude_original": -29.773103, "longitude_original": -57.053907, "profundidade_m": 60.0, "nivel_estatico_m": 4.18, "nivel_dinamico_m": 4.9, "vazao_especifica_m3h_m": 3.472, "aquifero": "Serra geral", "natureza_ponto": "Poço tubular", "situacao": "Bombeando", "uso_agua": null, "data_perfuracao": 1557360000000.0, "data_cadastro": 1734566400000 }, "geometry": { "type": "Point", "coordinates": [ -57.053907, -29.773103 ] } },
{ "type": "Feature", "properties": { "codigo_poco": 4300030883, "nome_poco": "2018/033.822", "local_poco": "", "codigo_ibge_municipio": 4322400, "municipio": "Uruguaiana", "uf": "RS", "latitude_original": -29.464902, "longitude_original": -56.565807, "profundidade_m": 60.0, "nivel_estatico_m": 11.5, "nivel_dinamico_m": 15.46, "vazao_especifica_m3h_m": 0.884, "aquifero": "Serra geral", "natureza_ponto": "Poço tubular", "situacao": "Bombeando", "uso_agua": null, "data_perfuracao": 1607472000000.0, "data_cadastro": 1734652800000 }, "geometry": { "type": "Point", "coordinates": [ -56.565807, -29.464902 ] } },
{ "type": "Feature", "properties": { "codigo_poco": 4300030884, "nome_poco": "2018/033.838", "local_poco": "", "codigo_ibge_municipio": 4322400, "municipio": "Uruguaiana", "uf": "RS", "latitude_original": -29.908405, "longitude_original": -56.683808, "profundidade_m": 120.0, "nivel_estatico_m": 40.11, "nivel_dinamico_m": 64.7, "vazao_especifica_m3h_m": 0.119, "aquifero": "Serra geral", "natureza_ponto": "Poço tubular", "situacao": "Bombeando", "uso_agua": null, "data_perfuracao": 1605744000000.0, "data_cadastro": 1734652800000 }, "geometry": { "type": "Point", "coordinates": [ -56.683808, -29.908405 ] } },
{ "type": "Feature", "properties": { "codigo_poco": 4300030886, "nome_poco": "2018/034.009", "local_poco": "", "codigo_ibge_municipio": 4322400, "municipio": "Uruguaiana", "uf": "RS", "latitude_original": -29.766003, "longitude_original": -57.083901, "profundidade_m": 40.0, "nivel_estatico_m": 0.0, "nivel_dinamico_m": 5.9, "vazao_especifica_m3h_m": null, "aquifero": "Guarani", "natureza_ponto": "Poço tubular", "situacao": "Bombeando", "uso_agua": null, "data_perfuracao": 1552435200000.0, "data_cadastro": 1734652800000 }, "geometry": { "type": "Point", "coordinates": [ -57.083901, -29.766003 ] } },
{ "type": "Feature", "properties": { "codigo_poco": 4300030887, "nome_poco": "2018/034.860", "local_poco": "", "codigo_ibge_municipio": 4322400, "municipio": "Uruguaiana", "uf": "RS", "latitude_original": -29.7491, "longitude_original": -57.082108, "profundidade_m": 80.0, "nivel_estatico_m": 17.06, "nivel_dinamico_m": 22.8, "vazao_especifica_m3h_m": 1.84, "aquifero": "Serra geral", "natureza_ponto": "Poço tubular", "situacao": "Bombeando", "uso_agua": null, "data_perfuracao": 1553558400000.0, "data_cadastro": 1734652800000 }, "geometry": { "type": "Point", "coordinates": [ -57.082108, -29.7491 ] } },
{ "type": "Feature", "properties": { "codigo_poco": 4300030889, "nome_poco": "2019/002.004", "local_poco": "", "codigo_ibge_municipio": 4322400, "municipio": "Uruguaiana", "uf": "RS", "latitude_original": -29.490705, "longitude_original": -56.528601, "profundidade_m": 40.0, "nivel_estatico_m": 5.13, "nivel_dinamico_m": 12.3, "vazao_especifica_m3h_m": 0.551, "aquifero": "Guarani", "natureza_ponto": "Poço tubular", "situacao": "Bombeando", "uso_agua": null, "data_perfuracao": 1554854400000.0, "data_cadastro": 1735516800000 }, "geometry": { "type": "Point", "coordinates": [ -56.528601, -29.490705 ] } },
{ "type": "Feature", "properties": { "codigo_poco": 4300030890, "nome_poco": "2019/003.745", "local_poco": "", "codigo_ibge_municipio": 4322400, "municipio": "Uruguaiana", "uf": "RS", "latitude_original": -29.765702, "longitude_original": -57.025209, "profundidade_m": 80.0, "nivel_estatico_m": null, "nivel_dinamico_m": null, "vazao_especifica_m3h_m": null, "aquifero": "Serra geral", "natureza_ponto": "Poço tubular", "situacao": "Bombeando", "uso_agua": null, "data_perfuracao": 1554249600000.0, "data_cadastro": 1735516800000 }, "geometry": { "type": "Point", "coordinates": [ -57.025209, -29.765702 ] } },
{ "type": "Feature", "properties": { "codigo_poco": 4300030891, "nome_poco": "2019/004.628", "local_poco": "", "codigo_ibge_municipio": 4322400, "municipio": "Uruguaiana", "uf": "RS", "latitude_original": -29.785107, "longitude_original": -57.072309, "profundidade_m": 42.0, "nivel_estatico_m": null, "nivel_dinamico_m": null, "vazao_especifica_m3h_m": null, "aquifero": "Serra geral", "natureza_ponto": "Poço tubular", "situacao": "Bombeando", "uso_agua": null, "data_perfuracao": 1554249600000.0, "data_cadastro": 1735516800000 }, "geometry": { "type": "Point", "coordinates": [ -57.072309, -29.785107 ] } },
{ "type": "Feature", "properties": { "codigo_poco": 4300030892, "nome_poco": "2019/005.068", "local_poco": "", "codigo_ibge_municipio": 4322400, "municipio": "Uruguaiana", "uf": "RS", "latitude_original": -29.759906, "longitude_original": -57.061006, "profundidade_m": 100.0, "nivel_estatico_m": 5.0, "nivel_dinamico_m": 56.79, "vazao_especifica_m3h_m": 0.096, "aquifero": "Serra geral", "natureza_ponto": "Poço tubular", "situacao": "Bombeando", "uso_agua": null, "data_perfuracao": 1564963200000.0, "data_cadastro": 1735516800000 }, "geometry": { "type": "Point", "coordinates": [ -57.061006, -29.759906 ] } },
{ "type": "Feature", "properties": { "codigo_poco": 4300030893, "nome_poco": "2019/005.686", "local_poco": "", "codigo_ibge_municipio": 4322400, "municipio": "Uruguaiana", "uf": "RS", "latitude_original": -29.792406, "longitude_original": -57.090204, "profundidade_m": 121.0, "nivel_estatico_m": 9.22, "nivel_dinamico_m": 11.06, "vazao_especifica_m3h_m": 6.435, "aquifero": "Serra geral", "natureza_ponto": "Poço tubular", "situacao": "Bombeando", "uso_agua": null, "data_perfuracao": 1561075200000.0, "data_cadastro": 1735516800000 }, "geometry": { "type": "Point", "coordinates": [ -57.090204, -29.792406 ] } },
{ "type": "Feature", "properties": { "codigo_poco": 4300030918, "nome_poco": "2019/005.821", "local_poco": "", "codigo_ibge_municipio": 4322400, "municipio": "Uruguaiana", "uf": "RS", "latitude_original": -29.757203, "longitude_original": -57.085208, "profundidade_m": null, "nivel_estatico_m": null, "nivel_dinamico_m": null, "vazao_especifica_m3h_m": null, "aquifero": null, "natureza_ponto": "Poço tubular", "situacao": null, "uso_agua": null, "data_perfuracao": null, "data_cadastro": 1737072000000 }, "geometry": { "type": "Point", "coordinates": [ -57.085208, -29.757203 ] } },
{ "type": "Feature", "properties": { "codigo_poco": 4300030919, "nome_poco": "2019/006.434", "local_poco": "", "codigo_ibge_municipio": 4322400, "municipio": "Uruguaiana", "uf": "RS", "latitude_original": -29.782508, "longitude_original": -57.0721, "profundidade_m": 46.0, "nivel_estatico_m": null, "nivel_dinamico_m": null, "vazao_especifica_m3h_m": null, "aquifero": "Serra geral", "natureza_ponto": "Poço tubular", "situacao": "Bombeando", "uso_agua": null, "data_perfuracao": 1554249600000.0, "data_cadastro": 1737072000000 }, "geometry": { "type": "Point", "coordinates": [ -57.0721, -29.782508 ] } },
{ "type": "Feature", "properties": { "codigo_poco": 4300030920, "nome_poco": "2019/006.856", "local_poco": "", "codigo_ibge_municipio": 4322400, "municipio": "Uruguaiana", "uf": "RS", "latitude_original": -29.753507, "longitude_original": -57.091803, "profundidade_m": 72.0, "nivel_estatico_m": 9.76, "nivel_dinamico_m": 23.77, "vazao_especifica_m3h_m": 0.61, "aquifero": "Serra geral", "natureza_ponto": "Poço tubular", "situacao": "Bombeando", "uso_agua": null, "data_perfuracao": 1538697600000.0, "data_cadastro": 1737072000000 }, "geometry": { "type": "Point", "coordinates": [ -57.091803, -29.753507 ] } },
{ "type": "Feature", "properties": { "codigo_poco": 4300030924, "nome_poco": "2019/007.007", "local_poco": "", "codigo_ibge_municipio": 4322400, "municipio": "Uruguaiana", "uf": "RS", "latitude_original": -29.767503, "longitude_original": -57.094009, "profundidade_m": 17.0, "nivel_estatico_m": 2.62, "nivel_dinamico_m": 5.01, "vazao_especifica_m3h_m": 0.59, "aquifero": "Serra geral", "natureza_ponto": "Poço tubular", "situacao": "Bombeando", "uso_agua": null, "data_perfuracao": 1560729600000.0, "data_cadastro": 1737331200000 }, "geometry": { "type": "Point", "coordinates": [ -57.094009, -29.767503 ] } },
{ "type": "Feature", "properties": { "codigo_poco": 4300030925, "nome_poco": "2019009.214", "local_poco": "", "codigo_ibge_municipio": 4322400, "municipio": "Uruguaiana", "uf": "RS", "latitude_original": -29.721306, "longitude_original": -56.939307, "profundidade_m": 40.0, "nivel_estatico_m": 12.09, "nivel_dinamico_m": 15.05, "vazao_especifica_m3h_m": 2.486, "aquifero": "Guarani", "natureza_ponto": "Poço tubular", "situacao": "Bombeando", "uso_agua": null, "data_perfuracao": 1477353600000.0, "data_cadastro": 1737331200000 }, "geometry": { "type": "Point", "coordinates": [ -56.939307, -29.721306 ] } },
{ "type": "Feature", "properties": { "codigo_poco": 4300030926, "nome_poco": "2019/015.715", "local_poco": "", "codigo_ibge_municipio": 4322400, "municipio": "Uruguaiana", "uf": "RS", "latitude_original": -29.796502, "longitude_original": -57.092505, "profundidade_m": 40.0, "nivel_estatico_m": 4.0, "nivel_dinamico_m": 11.3, "vazao_especifica_m3h_m": 0.311, "aquifero": null, "natureza_ponto": "Poço tubular", "situacao": null, "uso_agua": null, "data_perfuracao": 1366848000000.0, "data_cadastro": 1737331200000 }, "geometry": { "type": "Point", "coordinates": [ -57.092505, -29.796502 ] } },
{ "type": "Feature", "properties": { "codigo_poco": 4300030927, "nome_poco": "2019/016.033", "local_poco": "", "codigo_ibge_municipio": 4322400, "municipio": "Uruguaiana", "uf": "RS", "latitude_original": -29.752904, "longitude_original": -57.089103, "profundidade_m": 48.0, "nivel_estatico_m": 11.26, "nivel_dinamico_m": 17.8, "vazao_especifica_m3h_m": 0.748, "aquifero": "Serra geral", "natureza_ponto": "Poço tubular", "situacao": "Bombeando", "uso_agua": null, "data_perfuracao": 1574035200000.0, "data_cadastro": 1737331200000 }, "geometry": { "type": "Point", "coordinates": [ -57.089103, -29.752904 ] } },
{ "type": "Feature", "properties": { "codigo_poco": 4300030928, "nome_poco": "2019/019.432", "local_poco": "", "codigo_ibge_municipio": 4322400, "municipio": "Uruguaiana", "uf": "RS", "latitude_original": -29.751501, "longitude_original": -57.0815, "profundidade_m": 70.0, "nivel_estatico_m": 10.4, "nivel_dinamico_m": 12.02, "vazao_especifica_m3h_m": 3.086, "aquifero": "Serra geral", "natureza_ponto": "Poço tubular", "situacao": "Bombeando", "uso_agua": null, "data_perfuracao": 1575244800000.0, "data_cadastro": 1737331200000 }, "geometry": { "type": "Point", "coordinates": [ -57.0815, -29.751501 ] } },
{ "type": "Feature", "properties": { "codigo_poco": 4300030929, "nome_poco": "2019/022.601", "local_poco": "", "codigo_ibge_municipio": 4322400, "municipio": "Uruguaiana", "uf": "RS", "latitude_original": -29.7767, "longitude_original": -57.038908, "profundidade_m": 146.0, "nivel_estatico_m": 52.0, "nivel_dinamico_m": 94.18, "vazao_especifica_m3h_m": 0.066, "aquifero": "Serra geral", "natureza_ponto": "Poço tubular", "situacao": "Bombeando", "uso_agua": null, "data_perfuracao": 1559347200000.0, "data_cadastro": 1737331200000 }, "geometry": { "type": "Point", "coordinates": [ -57.038908, -29.7767 ] } },
{ "type": "Feature", "properties": { "codigo_poco": 4300030930, "nome_poco": "2020000.298", "local_poco": "", "codigo_ibge_municipio": 4322400, "municipio": "Uruguaiana", "uf": "RS", "latitude_original": -29.749306, "longitude_original": -56.991209, "profundidade_m": 32.0, "nivel_estatico_m": 16.68, "nivel_dinamico_m": 21.67, "vazao_especifica_m3h_m": 0.996, "aquifero": "Serra geral", "natureza_ponto": "Poço tubular", "situacao": "Bombeando", "uso_agua": null, "data_perfuracao": 1592352000000.0, "data_cadastro": 1737331200000 }, "geometry": { "type": "Point", "coordinates": [ -56.991209, -29.749306 ] } },
{ "type": "Feature", "properties": { "codigo_poco": 4300030931, "nome_poco": "2020/001.759", "local_poco": "", "codigo_ibge_municipio": 4322400, "municipio": "Uruguaiana", "uf": "RS", "latitude_original": -29.870203, "longitude_original": -57.109606, "profundidade_m": 42.0, "nivel_estatico_m": 5.0, "nivel_dinamico_m": 10.82, "vazao_especifica_m3h_m": 0.349, "aquifero": "Serra geral", "natureza_ponto": "Poço tubular", "situacao": "Bombeando", "uso_agua": null, "data_perfuracao": 1435363200000.0, "data_cadastro": 1737331200000 }, "geometry": { "type": "Point", "coordinates": [ -57.109606, -29.870203 ] } },
{ "type": "Feature", "properties": { "codigo_poco": 4300030932, "nome_poco": "2020/003.905", "local_poco": "", "codigo_ibge_municipio": 4322400, "municipio": "Uruguaiana", "uf": "RS", "latitude_original": -29.770805, "longitude_original": -57.045703, "profundidade_m": 114.0, "nivel_estatico_m": 52.05, "nivel_dinamico_m": 86.48, "vazao_especifica_m3h_m": 0.306, "aquifero": "Serra geral", "natureza_ponto": "Poço tubular", "situacao": "Bombeando", "uso_agua": null, "data_perfuracao": 1379116800000.0, "data_cadastro": 1737331200000 }, "geometry": { "type": "Point", "coordinates": [ -57.045703, -29.770805 ] } },
{ "type": "Feature", "properties": { "codigo_poco": 4300030933, "nome_poco": "2020/009.750", "local_poco": "", "codigo_ibge_municipio": 4322400, "municipio": "Uruguaiana", "uf": "RS", "latitude_original": -29.779507, "longitude_original": -56.959601, "profundidade_m": 52.0, "nivel_estatico_m": 6.77, "nivel_dinamico_m": 8.07, "vazao_especifica_m3h_m": 3.846, "aquifero": "Guarani", "natureza_ponto": "Poço tubular", "situacao": "Bombeando", "uso_agua": null, "data_perfuracao": 1604880000000.0, "data_cadastro": 1737417600000 }, "geometry": { "type": "Point", "coordinates": [ -56.959601, -29.779507 ] } },
{ "type": "Feature", "properties": { "codigo_poco": 4300030934, "nome_poco": "2020/010.842", "local_poco": "", "codigo_ibge_municipio": 4322400, "municipio": "Uruguaiana", "uf": "RS", "latitude_original": -29.788702, "longitude_original": -57.081603, "profundidade_m": 55.0, "nivel_estatico_m": 12.06, "nivel_dinamico_m": 13.39, "vazao_especifica_m3h_m": 4.549, "aquifero": "Serra geral", "natureza_ponto": "Poço tubular", "situacao": "Bombeando", "uso_agua": null, "data_perfuracao": 1593043200000.0, "data_cadastro": 1737417600000 }, "geometry": { "type": "Point", "coordinates": [ -57.081603, -29.788702 ] } },
{ "type": "Feature", "properties": { "codigo_poco": 4300030935, "nome_poco": "2020/016.764", "local_poco": "", "codigo_ibge_municipio": 4322400, "municipio": "Uruguaiana", "uf": "RS", "latitude_original": -29.753604, "longitude_original": -57.081905, "profundidade_m": 138.0, "nivel_estatico_m": 7.0, "nivel_dinamico_m": 88.0, "vazao_especifica_m3h_m": 0.03, "aquifero": null, "natureza_ponto": "Poço tubular", "situacao": "Bombeando", "uso_agua": null, "data_perfuracao": 1596240000000.0, "data_cadastro": 1737417600000 }, "geometry": { "type": "Point", "coordinates": [ -57.081905, -29.753604 ] } },
{ "type": "Feature", "properties": { "codigo_poco": 4300030936, "nome_poco": "2020/021.845", "local_poco": "", "codigo_ibge_municipio": 4322400, "municipio": "Uruguaiana", "uf": "RS", "latitude_original": -29.789705, "longitude_original": -57.143703, "profundidade_m": 54.0, "nivel_estatico_m": 9.86, "nivel_dinamico_m": 13.84, "vazao_especifica_m3h_m": 0.992, "aquifero": "Serra geral", "natureza_ponto": "Poço tubular", "situacao": "Bombeando", "uso_agua": null, "data_perfuracao": 1604966400000.0, "data_cadastro": 1737417600000 }, "geometry": { "type": "Point", "coordinates": [ -57.143703, -29.789705 ] } },
{ "type": "Feature", "properties": { "codigo_poco": 4300030937, "nome_poco": "2021/002.683", "local_poco": "", "codigo_ibge_municipio": 4322400, "municipio": "Uruguaiana", "uf": "RS", "latitude_original": -29.766001, "longitude_original": -57.023202, "profundidade_m": 178.0, "nivel_estatico_m": 8.53, "nivel_dinamico_m": 44.92, "vazao_especifica_m3h_m": 0.259, "aquifero": "Guarani", "natureza_ponto": "Poço tubular", "situacao": "Bombeando", "uso_agua": null, "data_perfuracao": 1619654400000.0, "data_cadastro": 1737417600000 }, "geometry": { "type": "Point", "coordinates": [ -57.023202, -29.766001 ] } },
{ "type": "Feature", "properties": { "codigo_poco": 4300030938, "nome_poco": "2021/003.347", "local_poco": "", "codigo_ibge_municipio": 4322400, "municipio": "Uruguaiana", "uf": "RS", "latitude_original": -29.712106, "longitude_original": -56.571208, "profundidade_m": 56.0, "nivel_estatico_m": 20.55, "nivel_dinamico_m": 28.45, "vazao_especifica_m3h_m": 0.33, "aquifero": "Serra geral", "natureza_ponto": "Poço tubular", "situacao": "Bombeando", "uso_agua": null, "data_perfuracao": 1616457600000.0, "data_cadastro": 1737417600000 }, "geometry": { "type": "Point", "coordinates": [ -56.571208, -29.712106 ] } },
{ "type": "Feature", "properties": { "codigo_poco": 4300030939, "nome_poco": "2021/006.416", "local_poco": "", "codigo_ibge_municipio": 4322400, "municipio": "Uruguaiana", "uf": "RS", "latitude_original": -29.771706, "longitude_original": -57.04951, "profundidade_m": 110.0, "nivel_estatico_m": 18.4, "nivel_dinamico_m": 30.0, "vazao_especifica_m3h_m": 0.302, "aquifero": "Serra geral", "natureza_ponto": "Poço tubular", "situacao": "Bombeando", "uso_agua": null, "data_perfuracao": 1617840000000.0, "data_cadastro": 1737417600000 }, "geometry": { "type": "Point", "coordinates": [ -57.04951, -29.771706 ] } },
{ "type": "Feature", "properties": { "codigo_poco": 4300030940, "nome_poco": "2021/008.181", "local_poco": "", "codigo_ibge_municipio": 4322400, "municipio": "Uruguaiana", "uf": "RS", "latitude_original": -29.778106, "longitude_original": -57.047009, "profundidade_m": 55.0, "nivel_estatico_m": 21.0, "nivel_dinamico_m": 39.0, "vazao_especifica_m3h_m": 0.167, "aquifero": "Serra geral", "natureza_ponto": "Poço tubular", "situacao": "Bombeando", "uso_agua": null, "data_perfuracao": 1622246400000.0, "data_cadastro": 1737504000000 }, "geometry": { "type": "Point", "coordinates": [ -57.047009, -29.778106 ] } },
{ "type": "Feature", "properties": { "codigo_poco": 4300030941, "nome_poco": "2021/010.890", "local_poco": "", "codigo_ibge_municipio": 4322400, "municipio": "Uruguaiana", "uf": "RS", "latitude_original": -29.778306, "longitude_original": -57.065207, "profundidade_m": 45.0, "nivel_estatico_m": 4.26, "nivel_dinamico_m": 35.5, "vazao_especifica_m3h_m": 0.165, "aquifero": "Serra geral", "natureza_ponto": "Poço tubular", "situacao": "Bombeando", "uso_agua": null, "data_perfuracao": 1623110400000.0, "data_cadastro": 1737504000000 }, "geometry": { "type": "Point", "coordinates": [ -57.065207, -29.778306 ] } },
{ "type": "Feature", "properties": { "codigo_poco": 4300030942, "nome_poco": "2021/013.025", "local_poco": "", "codigo_ibge_municipio": 4322400, "municipio": "Uruguaiana", "uf": "RS", "latitude_original": -29.747302, "longitude_original": -56.98911, "profundidade_m": 40.0, "nivel_estatico_m": 11.4, "nivel_dinamico_m": 22.86, "vazao_especifica_m3h_m": 0.239, "aquifero": "Serra geral", "natureza_ponto": "Poço tubular", "situacao": "Bombeando", "uso_agua": null, "data_perfuracao": 1628985600000.0, "data_cadastro": 1737504000000 }, "geometry": { "type": "Point", "coordinates": [ -56.98911, -29.747302 ] } },
{ "type": "Feature", "properties": { "codigo_poco": 4300030943, "nome_poco": "2021/013.267", "local_poco": "", "codigo_ibge_municipio": 4322400, "municipio": "Uruguaiana", "uf": "RS", "latitude_original": -29.500307, "longitude_original": -56.58241, "profundidade_m": 50.0, "nivel_estatico_m": 9.5, "nivel_dinamico_m": 15.48, "vazao_especifica_m3h_m": 0.659, "aquifero": "Serra geral", "natureza_ponto": "Poço tubular", "situacao": "Bombeando", "uso_agua": null, "data_perfuracao": 1612828800000.0, "data_cadastro": 1737504000000 }, "geometry": { "type": "Point", "coordinates": [ -56.58241, -29.500307 ] } },
{ "type": "Feature", "properties": { "codigo_poco": 4300030944, "nome_poco": "2021/018.428", "local_poco": "", "codigo_ibge_municipio": 4322400, "municipio": "Uruguaiana", "uf": "RS", "latitude_original": -29.750104, "longitude_original": -57.07881, "profundidade_m": 60.0, "nivel_estatico_m": 9.06, "nivel_dinamico_m": 10.42, "vazao_especifica_m3h_m": 3.676, "aquifero": "Serra geral", "natureza_ponto": "Poço tubular", "situacao": "Bombeando", "uso_agua": null, "data_perfuracao": 1636329600000.0, "data_cadastro": 1737504000000 }, "geometry": { "type": "Point", "coordinates": [ -57.07881, -29.750104 ] } },
{ "type": "Feature", "properties": { "codigo_poco": 4300030945, "nome_poco": "2021/018.661", "local_poco": "", "codigo_ibge_municipio": 4322400, "municipio": "Uruguaiana", "uf": "RS", "latitude_original": -29.780006, "longitude_original": -57.029102, "profundidade_m": 54.0, "nivel_estatico_m": 6.0, "nivel_dinamico_m": 7.27, "vazao_especifica_m3h_m": 7.874, "aquifero": "Serra geral", "natureza_ponto": "Poço tubular", "situacao": "Bombeando", "uso_agua": null, "data_perfuracao": 1605052800000.0, "data_cadastro": 1737504000000 }, "geometry": { "type": "Point", "coordinates": [ -57.029102, -29.780006 ] } },
{ "type": "Feature", "properties": { "codigo_poco": 4300030946, "nome_poco": "2021/019.909", "local_poco": "", "codigo_ibge_municipio": 4322400, "municipio": "Uruguaiana", "uf": "RS", "latitude_original": -29.753603, "longitude_original": -57.084108, "profundidade_m": 192.0, "nivel_estatico_m": 6.73, "nivel_dinamico_m": 27.05, "vazao_especifica_m3h_m": 0.293, "aquifero": "Guarani", "natureza_ponto": "Poço tubular", "situacao": "Bombeando", "uso_agua": null, "data_perfuracao": 1633305600000.0, "data_cadastro": 1737504000000 }, "geometry": { "type": "Point", "coordinates": [ -57.084108, -29.753603 ] } },
{ "type": "Feature", "properties": { "codigo_poco": 4300030985, "nome_poco": "2017032.943", "local_poco": "Rua Quatro - Bairro Santo Inácio", "codigo_ibge_municipio": 4322400, "municipio": "Uruguaiana", "uf": "RS", "latitude_original": -29.7671, "longitude_original": -57.0433, "profundidade_m": 164.0, "nivel_estatico_m": 1.45, "nivel_dinamico_m": null, "vazao_especifica_m3h_m": null, "aquifero": "Guarani", "natureza_ponto": "Poço tubular", "situacao": "Bombeando", "uso_agua": "Abastecimento industrial", "data_perfuracao": 1429660800000.0, "data_cadastro": 1738108800000 }, "geometry": { "type": "Point", "coordinates": [ -57.0433, -29.7671 ] } },
{ "type": "Feature", "properties": { "codigo_poco": 4300031009, "nome_poco": "2019/020.402", "local_poco": "", "codigo_ibge_municipio": 4322400, "municipio": "Uruguaiana", "uf": "RS", "latitude_original": -29.782105, "longitude_original": -57.06581, "profundidade_m": 56.0, "nivel_estatico_m": 4.44, "nivel_dinamico_m": 7.6, "vazao_especifica_m3h_m": 1.582, "aquifero": "Serra geral", "natureza_ponto": "Poço tubular", "situacao": "Bombeando", "uso_agua": "Abastecimento doméstico/irrig.", "data_perfuracao": 1537833600000.0, "data_cadastro": 1738540800000 }, "geometry": { "type": "Point", "coordinates": [ -57.06581, -29.782105 ] } },
{ "type": "Feature", "properties": { "codigo_poco": 4300031577, "nome_poco": "018887-05.67/10-1", "local_poco": "", "codigo_ibge_municipio": 4322400, "municipio": "Uruguaiana", "uf": "RS", "latitude_original": -29.767215, "longitude_original": -56.522119, "profundidade_m": 252.0, "nivel_estatico_m": null, "nivel_dinamico_m": null, "vazao_especifica_m3h_m": null, "aquifero": "Serra geral", "natureza_ponto": "Poço tubular", "situacao": "Colmatado", "uso_agua": "Abastecimento urbano", "data_perfuracao": 604281600000.0, "data_cadastro": 1749600000000 }, "geometry": { "type": "Point", "coordinates": [ -56.522119, -29.767215 ] } },
{ "type": "Feature", "properties": { "codigo_poco": 4300031669, "nome_poco": "003439-05.67.10-2", "local_poco": "1°Distrito - Imbaá", "codigo_ibge_municipio": 4322400, "municipio": "Uruguaiana", "uf": "RS", "latitude_original": -29.681958, "longitude_original": -56.92421, "profundidade_m": 60.0, "nivel_estatico_m": 20.7, "nivel_dinamico_m": 29.3, "vazao_especifica_m3h_m": 19.107, "aquifero": "Guarani", "natureza_ponto": "Poço tubular", "situacao": "Bombeando", "uso_agua": "Irrigação", "data_perfuracao": 954374400000.0, "data_cadastro": 1772755200000 }, "geometry": { "type": "Point", "coordinates": [ -56.92421, -29.681958 ] } }
]
}
