{
"type": "FeatureCollection",
"name": "saude-cnes",
"crs": { "type": "name", "properties": { "name": "urn:ogc:def:crs:OGC:1.3:CRS84" } },
"features": [
{ "type": "Feature", "properties": { "cnes": "4126947", "nome_fantasia": "EQUIPE DE SAUDE PRISIONAL DE URUGUAIANA", "nome_empresarial": "PREFEITURA MUNICIPAL DE URUGUAIANA", "tipo_unidade": "CENTRO DE SAUDE/UNIDADE BASICA", "tipo_unidade_categoria": "ubs_esf", "tipo_estabelecimento": "UNIDADE BASICA DE SAUDE", "endereco": "BR 472, 07, KM 07, INTERIOR", "cep": "97514899", "municipio": "URUGUAIANA", "uf": "RS", "telefone": null, "atende_sus": "S", "gestao": "M" }, "geometry": { "type": "Point", "coordinates": [ -57.09213, -29.84889 ] } },
{ "type": "Feature", "properties": { "cnes": "7159366", "nome_fantasia": "ESF 19 JOAO PAULO II", "nome_empresarial": "PREFEITURA MUNICIPAL DE URUGUAIANA", "tipo_unidade": "CENTRO DE SAUDE/UNIDADE BASICA", "tipo_unidade_categoria": "ubs_esf", "tipo_estabelecimento": "UNIDADE BASICA DE SAUDE", "endereco": "LOTEAMENTO JOAO PAULO II, S/N, TABAJARA BRITES", "cep": "97504888", "municipio": "URUGUAIANA", "uf": "RS", "telefone": "5534116277", "atende_sus": "S", "gestao": "M" }, "geometry": { "type": "Point", "coordinates": [ -57.11056, -29.78392 ] } },
{ "type": "Feature", "properties": { "cnes": "2247240", "nome_fantasia": "ESF 14TABAJARA BRITES", "nome_empresarial": "PREFEITURA MUNICIPAL DE URUGUAIANA", "tipo_unidade": "CENTRO DE SAUDE/UNIDADE BASICA", "tipo_unidade_categoria": "ubs_esf", "tipo_estabelecimento": "UNIDADE BASICA DE SAUDE", "endereco": "UMBELINO FRANCISCO RAMOS, S/N, QDA 04", "cep": "97504480", "municipio": "URUGUAIANA", "uf": "RS", "telefone": "5534116277", "atende_sus": "S", "gestao": "M" }, "geometry": { "type": "Point", "coordinates": [ -57.10369, -29.78235 ] } },
{ "type": "Feature", "properties": { "cnes": "0711993", "nome_fantasia": "FARMACIA NO BAIRRO TABAJARA BRITES", "nome_empresarial": "MUNICIPIO DE URUGUAIANA", "tipo_unidade": "FARMACIA", "tipo_unidade_categoria": "farmacia", "tipo_estabelecimento": "FARMACIA", "endereco": "UMBELINO FRANCISCO RAMOS, S/N, QDA 04, TABAJARA BRITES", "cep": "97504480", "municipio": "URUGUAIANA", "uf": "RS", "telefone": null, "atende_sus": "N", "gestao": "M" }, "geometry": { "type": "Point", "coordinates": [ -57.10139, -29.78214 ] } },
{ "type": "Feature", "properties": { "cnes": "9296824", "nome_fantasia": "ANDREI LEMOS FREITAS", "nome_empresarial": "ANDREI LEMOS FREITAS", "tipo_unidade": "CONSULTORIO ISOLADO", "tipo_unidade_categoria": "clinica_ambulatorio", "tipo_estabelecimento": "AMBULATORIO", "endereco": "PINHEIRO MACHADO, 2330, RIO BRANCO", "cep": "97504074", "municipio": "URUGUAIANA", "uf": "RS", "telefone": null, "atende_sus": "N", "gestao": "M" }, "geometry": { "type": "Point", "coordinates": [ -57.09021, -29.7781 ] } },
{ "type": "Feature", "properties": { "cnes": "4243498", "nome_fantasia": "FARMACIA ASSOCIADAS", "nome_empresarial": "MARIO HAMILTON VILELA FILHO LTDA", "tipo_unidade": "FARMACIA", "tipo_unidade_categoria": "farmacia", "tipo_estabelecimento": "FARMACIA", "endereco": "PINHEIRO MACHADO, 1065, CABO LUIS QUEVEDO", "cep": "97503850", "municipio": "URUGUAIANA", "uf": "RS", "telefone": null, "atende_sus": "N", "gestao": "M" }, "geometry": { "type": "Point", "coordinates": [ -57.10306, -29.77793 ] } },
{ "type": "Feature", "properties": { "cnes": "9824596", "nome_fantasia": "LABORATORIO BIOQUIMICO POSTO DE COLETA", "nome_empresarial": "LABORATORIO DE ANALISES CLINICAS TARRAGO CARVALHO LTDA", "tipo_unidade": "UNIDADE DE APOIO DIAGNOSE E TERAPIA (SADT ISOLADO)", "tipo_unidade_categoria": "laboratorio_apoio_diagnostico", "tipo_estabelecimento": "UNIDADE DE APOIO DIAGNOSTICO", "endereco": "RUA PINHEIRO MACHADO, 1508, SALA 2A, CABO LUIS QUEVEDO", "cep": "97503850", "municipio": "URUGUAIANA", "uf": "RS", "telefone": "3412-2147", "atende_sus": "N", "gestao": "M" }, "geometry": { "type": "Point", "coordinates": [ -57.095292, -29.777812 ] } },
{ "type": "Feature", "properties": { "cnes": "0473170", "nome_fantasia": "SAO JOAO FARMACIAS", "nome_empresarial": "COMERCIO DE MEDICAMENTOS BRAIR LTDA", "tipo_unidade": "FARMACIA", "tipo_unidade_categoria": "farmacia", "tipo_estabelecimento": "FARMACIA", "endereco": "PINHEIRO MACHADO, 1623, CABO LUIS QUEVEDO", "cep": "97503850", "municipio": "URUGUAIANA", "uf": "RS", "telefone": null, "atende_sus": "N", "gestao": "M" }, "geometry": { "type": "Point", "coordinates": [ -57.09491, -29.7777 ] } },
{ "type": "Feature", "properties": { "cnes": "2247135", "nome_fantasia": "ESF 04 COHAB I", "nome_empresarial": "PREFEITURA MUNICIPAL DE URUGUAIANA", "tipo_unidade": "CENTRO DE SAUDE/UNIDADE BASICA", "tipo_unidade_categoria": "ubs_esf", "tipo_estabelecimento": "UNIDADE BASICA DE SAUDE", "endereco": "RUA ALEXANDRE ZACHIA, S/N, JUNTO CENTRO COMUNIT, COHAB I", "cep": "97503048", "municipio": "URUGUAIANA", "uf": "RS", "telefone": "5534116277", "atende_sus": "S", "gestao": "M" }, "geometry": { "type": "Point", "coordinates": [ -57.090141, -29.776782 ] } },
{ "type": "Feature", "properties": { "cnes": "9203400", "nome_fantasia": "ESF 22 CABO LUIS QUEVEDO", "nome_empresarial": "PREFEITURA MUNICIPAL DE URUGUAIANA", "tipo_unidade": "CENTRO DE SAUDE/UNIDADE BASICA", "tipo_unidade_categoria": "ubs_esf", "tipo_estabelecimento": "UNIDADE BASICA DE SAUDE", "endereco": "RUA SALGADO FILHO, 1415, ESQ EMILIO TAUCEDA, CABO LUIS QUEVEDO", "cep": "97501974", "municipio": "URUGUAIANA", "uf": "RS", "telefone": "5534116277", "atende_sus": "S", "gestao": "M" }, "geometry": { "type": "Point", "coordinates": [ -57.10197, -29.77645 ] } },
{ "type": "Feature", "properties": { "cnes": "6274439", "nome_fantasia": "CASE URUGUAIANA", "nome_empresarial": "FUNDACAO DE ATENDIMENTO SOCIO EDUCATIVO DO RIO GRANDE DO SUL", "tipo_unidade": "UNIDADE DE APOIO DIAGNOSE E TERAPIA (SADT ISOLADO)", "tipo_unidade_categoria": "laboratorio_apoio_diagnostico", "tipo_estabelecimento": "AMBULATORIO", "endereco": "BR 472, S/N, KM 07, BR", "cep": "97501974", "municipio": "URUGUAIANA", "uf": "RS", "telefone": "39116910", "atende_sus": "S", "gestao": "E" }, "geometry": { "type": "Point", "coordinates": [ -57.087972, -29.820198 ] } },
{ "type": "Feature", "properties": { "cnes": "4559657", "nome_fantasia": "GABRIELA FOSSARI VILLELA DIAS", "nome_empresarial": "GABRIELA FOSSARI VILLELA DIAS", "tipo_unidade": "CONSULTORIO ISOLADO", "tipo_unidade_categoria": "clinica_ambulatorio", "tipo_estabelecimento": "AMBULATORIO", "endereco": "XV DE NOVEMBRO, 1402, 01, CENTRO", "cep": "97501570", "municipio": "URUGUAIANA", "uf": "RS", "telefone": null, "atende_sus": "N", "gestao": "M" }, "geometry": { "type": "Point", "coordinates": [ -57.08821, -29.78091 ] } },
{ "type": "Feature", "properties": { "cnes": "0945617", "nome_fantasia": "IORF", "nome_empresarial": "DE PAULA CLINICA MEDICA LTDA", "tipo_unidade": "CLINICA/CENTRO DE ESPECIALIDADE", "tipo_unidade_categoria": "clinica_ambulatorio", "tipo_estabelecimento": "AMBULATORIO", "endereco": "15 DE NOVEMBRO, 3710, SAO MIGUEL", "cep": "97502832", "municipio": "URUGUAIANA", "uf": "RS", "telefone": null, "atende_sus": "N", "gestao": "M" }, "geometry": { "type": "Point", "coordinates": [ -57.08813, -29.77268 ] } },
{ "type": "Feature", "properties": { "cnes": "4748190", "nome_fantasia": "ESEGT MEDICINA E SEGURANCA DO TRABALHO", "nome_empresarial": "C J CONSULTORIA E ASSESSORIA EM MEDICINA E SEGURANCA DO TR", "tipo_unidade": "CLINICA/CENTRO DE ESPECIALIDADE", "tipo_unidade_categoria": "clinica_ambulatorio", "tipo_estabelecimento": "AMBULATORIO", "endereco": "RUA QUINZE DE NOVEMBRO, 3710, SAO MIGUEL", "cep": "97502832", "municipio": "URUGUAIANA", "uf": "RS", "telefone": null, "atende_sus": "N", "gestao": "M" }, "geometry": { "type": "Point", "coordinates": [ -57.08809, -29.77264 ] } },
{ "type": "Feature", "properties": { "cnes": "0922269", "nome_fantasia": "CLINICA DE OLHOS DE URUGUAIANA", "nome_empresarial": "CLINICA DE OLHOS DE URUGUAIANA SOCIEDADE SIMPLES LIMITADA", "tipo_unidade": "CLINICA/CENTRO DE ESPECIALIDADE", "tipo_unidade_categoria": "clinica_ambulatorio", "tipo_estabelecimento": "AMBULATORIO", "endereco": "CORONEL RODRIGUES PORTUGAL, 2854, 603, SAO MIGUEL", "cep": "97502830", "municipio": "URUGUAIANA", "uf": "RS", "telefone": null, "atende_sus": "N", "gestao": "M" }, "geometry": { "type": "Point", "coordinates": [ -57.0885, -29.77223 ] } },
{ "type": "Feature", "properties": { "cnes": "2856654", "nome_fantasia": "CARAMELO NEURODESENVOLVIMENTO INFANTIL", "nome_empresarial": "F F NEURODESENVOLVIMENTO INFANTIL LTDA", "tipo_unidade": "CONSULTORIO ISOLADO", "tipo_unidade_categoria": "clinica_ambulatorio", "tipo_estabelecimento": "AMBULATORIO", "endereco": "QUINZE DE NOVEMBRO, 3520, SAO MIGUEL", "cep": "97502832", "municipio": "URUGUAIANA", "uf": "RS", "telefone": null, "atende_sus": "N", "gestao": "M" }, "geometry": { "type": "Point", "coordinates": [ -57.08799, -29.77104 ] } },
{ "type": "Feature", "properties": { "cnes": "8213887", "nome_fantasia": "CHEILA MEINERTZ FISIOTERAPIA", "nome_empresarial": "CHEILA F MEINERTZ", "tipo_unidade": "CONSULTORIO ISOLADO", "tipo_unidade_categoria": "clinica_ambulatorio", "tipo_estabelecimento": "AMBULATORIO", "endereco": "ANTONIO MONTEIRO, 2476, SAO MIGUEL", "cep": "97502540", "municipio": "URUGUAIANA", "uf": "RS", "telefone": null, "atende_sus": "N", "gestao": "M" }, "geometry": { "type": "Point", "coordinates": [ -57.08841, -29.77102 ] } },
{ "type": "Feature", "properties": { "cnes": "4560280", "nome_fantasia": "CRISTINA ROCO", "nome_empresarial": "CRISTINA PERES ROCCO SERVICOS MEDICOS LTDA", "tipo_unidade": "CONSULTORIO ISOLADO", "tipo_unidade_categoria": "clinica_ambulatorio", "tipo_estabelecimento": "AMBULATORIO", "endereco": "ANTONIO MONTEIRO, 2584, SAO MIGUEL", "cep": "97502814", "municipio": "URUGUAIANA", "uf": "RS", "telefone": null, "atende_sus": "N", "gestao": "M" }, "geometry": { "type": "Point", "coordinates": [ -57.08802, -29.77094 ] } },
{ "type": "Feature", "properties": { "cnes": "3390462", "nome_fantasia": "CONSULTORIO ODONTOLOGICO DR CARLA DALLOGLIO", "nome_empresarial": "CONSULTORIO ODONTOLOGICO DR CARLA DALLOGLIO", "tipo_unidade": "CONSULTORIO ISOLADO", "tipo_unidade_categoria": "clinica_ambulatorio", "tipo_estabelecimento": "AMBULATORIO", "endereco": "RUA XV DE NOVEMBRO, 3390, SAO MIGUEL", "cep": "97502832", "municipio": "URUGUAIANA", "uf": "RS", "telefone": "(55)412 4471", "atende_sus": "N", "gestao": "M" }, "geometry": { "type": "Point", "coordinates": [ -57.088071, -29.769855 ] } },
{ "type": "Feature", "properties": { "cnes": "9346961", "nome_fantasia": "CLINICA FISIO PILATES", "nome_empresarial": "ARIANNE FERREIRA FONSECA", "tipo_unidade": "CONSULTORIO ISOLADO", "tipo_unidade_categoria": "clinica_ambulatorio", "tipo_estabelecimento": "AMBULATORIO", "endereco": "XV DE NOVEMBRO, 1452, CENTRO", "cep": "97501570", "municipio": "URUGUAIANA", "uf": "RS", "telefone": null, "atende_sus": "N", "gestao": "M" }, "geometry": { "type": "Point", "coordinates": [ -57.088077, -29.767267 ] } },
{ "type": "Feature", "properties": { "cnes": "6964338", "nome_fantasia": "IRON", "nome_empresarial": "INSTITUTO DE RADIOLOGIA E ONCOLOGIA IRON LTDA", "tipo_unidade": "CLINICA/CENTRO DE ESPECIALIDADE", "tipo_unidade_categoria": "clinica_ambulatorio", "tipo_estabelecimento": "AMBULATORIO", "endereco": "PADRE ANCHIETA, 2925, CENTRO", "cep": "97501974", "municipio": "URUGUAIANA", "uf": "RS", "telefone": null, "atende_sus": "N", "gestao": "M" }, "geometry": { "type": "Point", "coordinates": [ -57.108861, -29.773759 ] } },
{ "type": "Feature", "properties": { "cnes": "7398018", "nome_fantasia": "CONS DE NUTRICAO E GABINETE DE MASSAGEM KARINA ZUBIAURRE", "nome_empresarial": "CONS DE NUTRICAO E GABINETE DE MASSAGEM KARINA ZUBIAURRE", "tipo_unidade": "CONSULTORIO ISOLADO", "tipo_unidade_categoria": "clinica_ambulatorio", "tipo_estabelecimento": "AMBULATORIO", "endereco": "GENERAL CANABARRO, 2530, CENTRO", "cep": "97501974", "municipio": "URUGUAIANA", "uf": "RS", "telefone": null, "atende_sus": "N", "gestao": "M" }, "geometry": { "type": "Point", "coordinates": [ -57.089921, -29.76256 ] } },
{ "type": "Feature", "properties": { "cnes": "3461920", "nome_fantasia": "GIORDANI CAMICIA SERVICOS MEDICOS LTDA", "nome_empresarial": "GIORDANI CAMICIA SERVICOS MEDICOS LTDA", "tipo_unidade": "CLINICA/CENTRO DE ESPECIALIDADE", "tipo_unidade_categoria": "clinica_ambulatorio", "tipo_estabelecimento": "AMBULATORIO", "endereco": "TREZE DE MAIO, 2506, NOVA ESPERANCA", "cep": "97503284", "municipio": "URUGUAIANA", "uf": "RS", "telefone": "(55)33007561", "atende_sus": "N", "gestao": "M" }, "geometry": { "type": "Point", "coordinates": [ -57.08968, -29.76179 ] } },
{ "type": "Feature", "properties": { "cnes": "9810854", "nome_fantasia": "BIOSUL", "nome_empresarial": "BIOSUL ANALISES CLINICAS S S LTDA EPP", "tipo_unidade": "UNIDADE DE APOIO DIAGNOSE E TERAPIA (SADT ISOLADO)", "tipo_unidade_categoria": "laboratorio_apoio_diagnostico", "tipo_estabelecimento": "UNIDADE DE APOIO DIAGNOSTICO", "endereco": "DOMINGO DE ALMEIDA, 3656, CASA, SAO MIGUEL", "cep": "97502854", "municipio": "URUGUAIANA", "uf": "RS", "telefone": "34124148", "atende_sus": "N", "gestao": "M" }, "geometry": { "type": "Point", "coordinates": [ -57.089810371398926, -29.761341152109001 ] } },
{ "type": "Feature", "properties": { "cnes": "2247127", "nome_fantasia": "ESF 05 TARRAGO", "nome_empresarial": "PREFEITURA MUNICIPAL DE URUGUAIANA", "tipo_unidade": "CENTRO DE SAUDE/UNIDADE BASICA", "tipo_unidade_categoria": "ubs_esf", "tipo_estabelecimento": "UNIDADE BASICA DE SAUDE", "endereco": "RUA JULIO DE CASTILHOS, 1428, TARRAGO", "cep": "97503350", "municipio": "URUGUAIANA", "uf": "RS", "telefone": "5534116277", "atende_sus": "S", "gestao": "M" }, "geometry": { "type": "Point", "coordinates": [ -57.0975913, -29.7612598 ] } },
{ "type": "Feature", "properties": { "cnes": "9315292", "nome_fantasia": "UNIDADE DE PRONTO ATENDIMENTO UPA URUGUAIANA", "nome_empresarial": "PREFEITURA MUNICIPAL DE URUGUAIANA", "tipo_unidade": "PRONTO ATENDIMENTO", "tipo_unidade_categoria": "clinica_ambulatorio", "tipo_estabelecimento": "PRONTO ATENDIMENTO", "endereco": "MACHECHAL DEODORO, 2160, TARRAGO", "cep": "97501974", "municipio": "URUGUAIANA", "uf": "RS", "telefone": "34126277", "atende_sus": "S", "gestao": "M" }, "geometry": { "type": "Point", "coordinates": [ -57.096383, -29.76123 ] } },
{ "type": "Feature", "properties": { "cnes": "9138579", "nome_fantasia": "CRISALE", "nome_empresarial": "CRISALE LABORATORIO DE PROTESE DENTARIA LTDA ME", "tipo_unidade": "UNIDADE DE APOIO DIAGNOSE E TERAPIA (SADT ISOLADO)", "tipo_unidade_categoria": "laboratorio_apoio_diagnostico", "tipo_estabelecimento": "LABORATORIO DE PROTESE DENTARIA", "endereco": "GENERAL VITORINO, 2483, ALEXANDRE ZACHIA", "cep": "97501727", "municipio": "URUGUAIANA", "uf": "RS", "telefone": "55 96571515", "atende_sus": "N", "gestao": "M" }, "geometry": { "type": "Point", "coordinates": [ -57.091067, -29.761195 ] } },
{ "type": "Feature", "properties": { "cnes": "7755651", "nome_fantasia": "SAMU MOTOLANCIA 192 URUGUAIANA", "nome_empresarial": "SAMU 192 URUGUAIANA", "tipo_unidade": "UNIDADE MOVEL DE NIVEL PRE-HOSPITALAR NA AREA DE URGENCIA", "tipo_unidade_categoria": "outro", "tipo_estabelecimento": "AMBULATORIO", "endereco": "JULIO DE CASTILHOS, 1645, CENTRO", "cep": "97501656", "municipio": "URUGUAIANA", "uf": "RS", "telefone": "(55)34114392", "atende_sus": "S", "gestao": "M" }, "geometry": { "type": "Point", "coordinates": [ -57.09684, -29.76108 ] } },
{ "type": "Feature", "properties": { "cnes": "3515060", "nome_fantasia": "GREICE QUELLE COSENTINO DA COSTA LTDA", "nome_empresarial": "GREICE QUELLE COSENTINO DA COSTA LTDA", "tipo_unidade": "CONSULTORIO ISOLADO", "tipo_unidade_categoria": "clinica_ambulatorio", "tipo_estabelecimento": "AMBULATORIO", "endereco": "IRIS FERRARI VALLS, 2360, BELA VISTA", "cep": "97501758", "municipio": "URUGUAIANA", "uf": "RS", "telefone": null, "atende_sus": "N", "gestao": "M" }, "geometry": { "type": "Point", "coordinates": [ -57.09295, -29.76048 ] } },
{ "type": "Feature", "properties": { "cnes": "4856023", "nome_fantasia": "LORENA LEAL DE CASTRO", "nome_empresarial": "LORENA LEAL DE CASTRO", "tipo_unidade": "CLINICA/CENTRO DE ESPECIALIDADE", "tipo_unidade_categoria": "clinica_ambulatorio", "tipo_estabelecimento": "AMBULATORIO", "endereco": "GENERAL VITORINO, 2350, SALA 2, BELA VISTA", "cep": "97501750", "municipio": "URUGUAIANA", "uf": "RS", "telefone": null, "atende_sus": "N", "gestao": "M" }, "geometry": { "type": "Point", "coordinates": [ -57.09144, -29.76047 ] } },
{ "type": "Feature", "properties": { "cnes": "6921191", "nome_fantasia": "CONSULTORIO DE FISIOTERAPIA CAMILA FERNANDES", "nome_empresarial": "CONSULTORIO DE FISIOTERAPIA CAMILA FERNANDES", "tipo_unidade": "CONSULTORIO ISOLADO", "tipo_unidade_categoria": "clinica_ambulatorio", "tipo_estabelecimento": "AMBULATORIO", "endereco": "15 DE NOVEMBRO, 3086, CENTRO", "cep": "97502784", "municipio": "URUGUAIANA", "uf": "RS", "telefone": null, "atende_sus": "N", "gestao": "M" }, "geometry": { "type": "Point", "coordinates": [ -57.088074, -29.767177 ] } },
{ "type": "Feature", "properties": { "cnes": "6921221", "nome_fantasia": "CONSULTORIO DE FISIOTERAPIA EMANUELA ZALAMENA", "nome_empresarial": "CONSULTORIO DE FISIOTERAPIA EMANUELA ZALAMENA", "tipo_unidade": "CONSULTORIO ISOLADO", "tipo_unidade_categoria": "clinica_ambulatorio", "tipo_estabelecimento": "AMBULATORIO", "endereco": "XV DE NOVEMBRO, 3086, CENTRO", "cep": "97502784", "municipio": "URUGUAIANA", "uf": "RS", "telefone": null, "atende_sus": "N", "gestao": "M" }, "geometry": { "type": "Point", "coordinates": [ -57.088085, -29.767168 ] } },
{ "type": "Feature", "properties": { "cnes": "6921205", "nome_fantasia": "CONSULTORIO DE FISIOTERAPIA ALLAN RODRIGUES", "nome_empresarial": "CONSULTORIO DE FISIOTERAPIA ALLAN RODRIGUES", "tipo_unidade": "CONSULTORIO ISOLADO", "tipo_unidade_categoria": "clinica_ambulatorio", "tipo_estabelecimento": "AMBULATORIO", "endereco": "XV DE NOVEMBRO, 3086, CENTRO", "cep": "97502784", "municipio": "URUGUAIANA", "uf": "RS", "telefone": null, "atende_sus": "N", "gestao": "M" }, "geometry": { "type": "Point", "coordinates": [ -57.088053, -29.767149 ] } },
{ "type": "Feature", "properties": { "cnes": "7028008", "nome_fantasia": "CONSULTORIO ODONTOLOGICO CRISTIANE LINDERMAYER DE OLIVEIRA", "nome_empresarial": "CONSULTORIO ODONTOLOGICO CRISTIANE LINDERMAYER DE OLIVEIRA", "tipo_unidade": "CONSULTORIO ISOLADO", "tipo_unidade_categoria": "clinica_ambulatorio", "tipo_estabelecimento": "AMBULATORIO", "endereco": "XV DE NOVEMBRO, 1426, CENTRO", "cep": "97501974", "municipio": "URUGUAIANA", "uf": "RS", "telefone": null, "atende_sus": "N", "gestao": "M" }, "geometry": { "type": "Point", "coordinates": [ -57.087705, -29.76658 ] } },
{ "type": "Feature", "properties": { "cnes": "1081063", "nome_fantasia": "SAUDE NO PAMPA", "nome_empresarial": "SAUDE NO PAMPA MEDICOS LTDA CNPJ 48128224000100", "tipo_unidade": "CONSULTORIO ISOLADO", "tipo_unidade_categoria": "clinica_ambulatorio", "tipo_estabelecimento": "AMBULATORIO", "endereco": "R QUINZE DE NOVEMBRO, 3148, SAO MIGUEL", "cep": "97502784", "municipio": "URUGUAIANA", "uf": "RS", "telefone": "(55) 99178-8006", "atende_sus": "N", "gestao": "M" }, "geometry": { "type": "Point", "coordinates": [ -57.0879035, -29.765836 ] } },
{ "type": "Feature", "properties": { "cnes": "6530745", "nome_fantasia": "CONSULTORIO MEDICO DR AUGUSTO OLTRAMARI CONTE", "nome_empresarial": "CONSULTORIO MEDICO DR AUGUSTO OLTRAMARI CONTE", "tipo_unidade": "CONSULTORIO ISOLADO", "tipo_unidade_categoria": "clinica_ambulatorio", "tipo_estabelecimento": "AMBULATORIO", "endereco": "GENERAL CANABARRO, 2492, CENTRO", "cep": "97502774", "municipio": "URUGUAIANA", "uf": "RS", "telefone": null, "atende_sus": "N", "gestao": "M" }, "geometry": { "type": "Point", "coordinates": [ -57.088619, -29.764088 ] } },
{ "type": "Feature", "properties": { "cnes": "6862837", "nome_fantasia": "CONSULTORIO PSIQUIATRA RONEI ARAUJO DA ROCHA", "nome_empresarial": "CONSULTORIO PSIQUIATRA RONEI ARAUJO DA ROCHA", "tipo_unidade": "CONSULTORIO ISOLADO", "tipo_unidade_categoria": "clinica_ambulatorio", "tipo_estabelecimento": "AMBULATORIO", "endereco": "13 DE MAIO, 2699, CENTRO", "cep": "97502777", "municipio": "URUGUAIANA", "uf": "RS", "telefone": null, "atende_sus": "N", "gestao": "M" }, "geometry": { "type": "Point", "coordinates": [ -57.089097, -29.763371 ] } },
{ "type": "Feature", "properties": { "cnes": "4413059", "nome_fantasia": "CLINICA ODONTOLOGICA MAIS SORRISO LTDA", "nome_empresarial": "CLINICA ODONTOLOGICA MAIS SORRISO LTDA", "tipo_unidade": "CLINICA/CENTRO DE ESPECIALIDADE", "tipo_unidade_categoria": "clinica_ambulatorio", "tipo_estabelecimento": "AMBULATORIO", "endereco": "GENERAL CANABARRO, 2530, SALA 4 E 5, SAO MIGUEL", "cep": "97502774", "municipio": "URUGUAIANA", "uf": "RS", "telefone": null, "atende_sus": "N", "gestao": "M" }, "geometry": { "type": "Point", "coordinates": [ -57.08847, -29.76262 ] } },
{ "type": "Feature", "properties": { "cnes": "7063601", "nome_fantasia": "CONSULTORIO MEDICO ANTONELLA FURQUIM CONTE", "nome_empresarial": "CONSULTORIO MEDICO ANTONELLA FURQUIM CONTE", "tipo_unidade": "CONSULTORIO ISOLADO", "tipo_unidade_categoria": "clinica_ambulatorio", "tipo_estabelecimento": "AMBULATORIO", "endereco": "GENERAL CANABARRO, 2492, SALA D, CENTRO", "cep": "97502774", "municipio": "URUGUAIANA", "uf": "RS", "telefone": null, "atende_sus": "N", "gestao": "M" }, "geometry": { "type": "Point", "coordinates": [ -57.088854, -29.762613 ] } },
{ "type": "Feature", "properties": { "cnes": "3066568", "nome_fantasia": "CONSULTORIO ODONTOLOGICO DR VALMIR MOURA DA SILVA", "nome_empresarial": "CONSULTORIO ODONTOLOGICO", "tipo_unidade": "CONSULTORIO ISOLADO", "tipo_unidade_categoria": "clinica_ambulatorio", "tipo_estabelecimento": "AMBULATORIO", "endereco": "GENERAL CANABARRO, 2531, SALA 01, CENTRO", "cep": "97501774", "municipio": "URUGUAIANA", "uf": "RS", "telefone": "(55)99772951", "atende_sus": "N", "gestao": "M" }, "geometry": { "type": "Point", "coordinates": [ -57.088229, -29.762301 ] } },
{ "type": "Feature", "properties": { "cnes": "6806554", "nome_fantasia": "CONSULTORIO GINECOLOGICO DR EDMUNDO PERSIANE", "nome_empresarial": "CONSULTORIO GINECOLOGICO DR EDMUNDO PERSIANE", "tipo_unidade": "CONSULTORIO ISOLADO", "tipo_unidade_categoria": "clinica_ambulatorio", "tipo_estabelecimento": "AMBULATORIO", "endereco": "TIRADENTES, 3381, CENTRO", "cep": "97502334", "municipio": "URUGUAIANA", "uf": "RS", "telefone": null, "atende_sus": "N", "gestao": "M" }, "geometry": { "type": "Point", "coordinates": [ -57.089329, -29.762081 ] } },
{ "type": "Feature", "properties": { "cnes": "6868657", "nome_fantasia": "CONSULTORIO ODONTOLOGICO CLODOALDO OLIVEIRA PEDROSO", "nome_empresarial": "CONSULTORIO ODONTOLOGICO CLODOALDO OLIVEIRA PEDROSO", "tipo_unidade": "CONSULTORIO ISOLADO", "tipo_unidade_categoria": "clinica_ambulatorio", "tipo_estabelecimento": "AMBULATORIO", "endereco": "QUINZE DE NOVEMBRO, 2215, CENTRO", "cep": "97501705", "municipio": "URUGUAIANA", "uf": "RS", "telefone": null, "atende_sus": "N", "gestao": "M" }, "geometry": { "type": "Point", "coordinates": [ -57.087756, -29.761865 ] } },
{ "type": "Feature", "properties": { "cnes": "4312554", "nome_fantasia": "SAO JOAO FARMACIAS", "nome_empresarial": "COMERCIO DE MEDICAMENTOS BRAIR LTDA", "tipo_unidade": "FARMACIA", "tipo_unidade_categoria": "farmacia", "tipo_estabelecimento": "FARMACIA", "endereco": "QUINZE DE NOVEMBRO, 2444, CENTRO", "cep": "97501714", "municipio": "URUGUAIANA", "uf": "RS", "telefone": null, "atende_sus": "N", "gestao": "M" }, "geometry": { "type": "Point", "coordinates": [ -57.08827, -29.76127 ] } },
{ "type": "Feature", "properties": { "cnes": "5124506", "nome_fantasia": "LABORATORIO BIOSUL", "nome_empresarial": "BIOSUL ANALISES CLINICAS S S LTDA", "tipo_unidade": "UNIDADE DE APOIO DIAGNOSE E TERAPIA (SADT ISOLADO)", "tipo_unidade_categoria": "laboratorio_apoio_diagnostico", "tipo_estabelecimento": "UNIDADE DE APOIO DIAGNOSTICO", "endereco": "RUA TREZE DE MAIO, 2379, CENTRO", "cep": "97501720", "municipio": "URUGUAIANA", "uf": "RS", "telefone": "55-34126878", "atende_sus": "N", "gestao": "M" }, "geometry": { "type": "Point", "coordinates": [ -57.088933, -29.760668 ] } },
{ "type": "Feature", "properties": { "cnes": "4312562", "nome_fantasia": "KATIA FAGUNDES LANGENDORF SOARES", "nome_empresarial": "KATIA FAGUNDES LANGENDORF SOARES", "tipo_unidade": "CONSULTORIO ISOLADO", "tipo_unidade_categoria": "clinica_ambulatorio", "tipo_estabelecimento": "AMBULATORIO", "endereco": "TREZE DE MAIO, 2373, CENTRO", "cep": "97501720", "municipio": "URUGUAIANA", "uf": "RS", "telefone": null, "atende_sus": "N", "gestao": "M" }, "geometry": { "type": "Point", "coordinates": [ -57.08937, -29.76066 ] } },
{ "type": "Feature", "properties": { "cnes": "0938866", "nome_fantasia": "IMUNOESTE", "nome_empresarial": "IMUNOESTE CLINICA DE VACINACAO LTDA", "tipo_unidade": "CENTRO DE IMUNIZACAO", "tipo_unidade_categoria": "outro", "tipo_estabelecimento": "CENTRO DE IMUNIZACAO", "endereco": "DOUTOR MAIA, 2586, LOJA 03, CENTRO", "cep": "97501702", "municipio": "URUGUAIANA", "uf": "RS", "telefone": null, "atende_sus": "N", "gestao": "M" }, "geometry": { "type": "Point", "coordinates": [ -57.08773, -29.75984 ] } },
{ "type": "Feature", "properties": { "cnes": "0433624", "nome_fantasia": "L S QUADROS", "nome_empresarial": "L S QUADROS", "tipo_unidade": "CONSULTORIO ISOLADO", "tipo_unidade_categoria": "clinica_ambulatorio", "tipo_estabelecimento": "AMBULATORIO", "endereco": "DR MAIA, 2488, CENTRO", "cep": "97501724", "municipio": "URUGUAIANA", "uf": "RS", "telefone": null, "atende_sus": "N", "gestao": "M" }, "geometry": { "type": "Point", "coordinates": [ -57.08859, -29.7598 ] } },
{ "type": "Feature", "properties": { "cnes": "6921183", "nome_fantasia": "CONSULTORIO MEDICO DR JONAS BARREIRO", "nome_empresarial": "CONSULTORIO MEDICO DR JONAS BARREIRO", "tipo_unidade": "CONSULTORIO ISOLADO", "tipo_unidade_categoria": "clinica_ambulatorio", "tipo_estabelecimento": "AMBULATORIO", "endereco": "DR MAIA, 2483, SALA 01, CENTRO", "cep": "97501724", "municipio": "URUGUAIANA", "uf": "RS", "telefone": null, "atende_sus": "N", "gestao": "M" }, "geometry": { "type": "Point", "coordinates": [ -57.089071, -29.759556 ] } },
{ "type": "Feature", "properties": { "cnes": "8324565", "nome_fantasia": "VIDA FARMA", "nome_empresarial": "LDT MANIPULACAO E COMERCIO DE MEDICAMENTOS LTDA", "tipo_unidade": "FARMACIA", "tipo_unidade_categoria": "farmacia", "tipo_estabelecimento": "FARMACIA", "endereco": "XV DE NOVEMBRO, 2248, CENTRO", "cep": "97501714", "municipio": "URUGUAIANA", "uf": "RS", "telefone": null, "atende_sus": "N", "gestao": "M" }, "geometry": { "type": "Point", "coordinates": [ -57.08818, -29.7595 ] } },
{ "type": "Feature", "properties": { "cnes": "6905897", "nome_fantasia": "CONSULTORIO DE FONOAUDIOLOGIA BEUDEROVIVZ BECKER SILVEIRA", "nome_empresarial": "CONSULTORIO DE FONOAUDIOLOGIA BEUDEROVIVZ BECKER SILVEIRA", "tipo_unidade": "CONSULTORIO ISOLADO", "tipo_unidade_categoria": "clinica_ambulatorio", "tipo_estabelecimento": "AMBULATORIO", "endereco": "DR MAIA, 2483, SALA 02, CENTRO", "cep": "97501724", "municipio": "URUGUAIANA", "uf": "RS", "telefone": null, "atende_sus": "N", "gestao": "M" }, "geometry": { "type": "Point", "coordinates": [ -57.08891, -29.759398 ] } },
{ "type": "Feature", "properties": { "cnes": "3064956", "nome_fantasia": "CONSULTORIO MEDICO DR ANTONIO CARLOS BORDIGNON", "nome_empresarial": "CONSULTORIO MEDICO", "tipo_unidade": "CONSULTORIO ISOLADO", "tipo_unidade_categoria": "clinica_ambulatorio", "tipo_estabelecimento": "AMBULATORIO", "endereco": "RUA DR MAIA, 2666, CENTRO", "cep": "97501702", "municipio": "URUGUAIANA", "uf": "RS", "telefone": "(55)4123944", "atende_sus": "N", "gestao": "M" }, "geometry": { "type": "Point", "coordinates": [ -57.086725, -29.759868 ] } },
{ "type": "Feature", "properties": { "cnes": "7297319", "nome_fantasia": "CONSULTORIO ODONTOLOGICO IVAN BERTHIER AMARANTE", "nome_empresarial": "CONSULTORIO ODONTOLOGICO IVAN BERTHIER AMARANTE", "tipo_unidade": "CONSULTORIO ISOLADO", "tipo_unidade_categoria": "clinica_ambulatorio", "tipo_estabelecimento": "AMBULATORIO", "endereco": "DR MAIA, 2602, SALA 03, CENTRO", "cep": "97501702", "municipio": "URUGUAIANA", "uf": "RS", "telefone": null, "atende_sus": "N", "gestao": "M" }, "geometry": { "type": "Point", "coordinates": [ -57.087407, -29.759753 ] } },
{ "type": "Feature", "properties": { "cnes": "3390535", "nome_fantasia": "CONSULTORIO ODONTOLOGICO DR LILIANE PEDROSO FRICK", "nome_empresarial": "CONSULTORIO ODONTOLOGICO DR LILIANE PEDROSO FRICK", "tipo_unidade": "CONSULTORIO ISOLADO", "tipo_unidade_categoria": "clinica_ambulatorio", "tipo_estabelecimento": "AMBULATORIO", "endereco": "JOAO MANOEL, 2443, CENTRO", "cep": "97501564", "municipio": "URUGUAIANA", "uf": "RS", "telefone": "(55)4113211", "atende_sus": "N", "gestao": "M" }, "geometry": { "type": "Point", "coordinates": [ -57.086709, -29.759722 ] } },
{ "type": "Feature", "properties": { "cnes": "6863000", "nome_fantasia": "CONSULTORIO ODONTOLOGICO RICARDO RIBEIRO PIMENTEL", "nome_empresarial": "CONSULTORIO ODONTOLOGICO RICARDO RIBEIRO PIMENTEL", "tipo_unidade": "CONSULTORIO ISOLADO", "tipo_unidade_categoria": "clinica_ambulatorio", "tipo_estabelecimento": "AMBULATORIO", "endereco": "JOAO MANOEL, 2443, CENTRO", "cep": "97501564", "municipio": "URUGUAIANA", "uf": "RS", "telefone": null, "atende_sus": "N", "gestao": "M" }, "geometry": { "type": "Point", "coordinates": [ -57.086644, -29.759657 ] } },
{ "type": "Feature", "properties": { "cnes": "7819951", "nome_fantasia": "CONSULTORIO MEDICO HENRIQUE PEDROSO DE FREITAS", "nome_empresarial": "HENRIQUE PEDROSO DE FREITAS", "tipo_unidade": "CONSULTORIO ISOLADO", "tipo_unidade_categoria": "clinica_ambulatorio", "tipo_estabelecimento": "AMBULATORIO", "endereco": "DOUTOR MAIA, 2623, CENTRO", "cep": "97501702", "municipio": "URUGUAIANA", "uf": "RS", "telefone": "34123511", "atende_sus": "N", "gestao": "M" }, "geometry": { "type": "Point", "coordinates": [ -57.087312, -29.759645 ] } },
{ "type": "Feature", "properties": { "cnes": "3065189", "nome_fantasia": "CONSULTORIO MEDICO DR HELIO LEMOS DE FREITAS", "nome_empresarial": "CONSULTORIO MEDICO", "tipo_unidade": "CONSULTORIO ISOLADO", "tipo_unidade_categoria": "clinica_ambulatorio", "tipo_estabelecimento": "AMBULATORIO", "endereco": "RUA DR MAIA, 2623, CENTRO", "cep": "97501702", "municipio": "URUGUAIANA", "uf": "RS", "telefone": "(55)4123511", "atende_sus": "N", "gestao": "M" }, "geometry": { "type": "Point", "coordinates": [ -57.087344, -29.759636 ] } },
{ "type": "Feature", "properties": { "cnes": "5951615", "nome_fantasia": "CONSULTORIO ODONTOLOGICO DR JOSE FERNANDES CARVALHO", "nome_empresarial": "CONSULTORIO ODONTOLOGICO DR JOSE FERNANDES CARVALHO", "tipo_unidade": "CONSULTORIO ISOLADO", "tipo_unidade_categoria": "clinica_ambulatorio", "tipo_estabelecimento": "AMBULATORIO", "endereco": "DR MAIA, 2664, CENTRO", "cep": "97501702", "municipio": "URUGUAIANA", "uf": "RS", "telefone": null, "atende_sus": "N", "gestao": "M" }, "geometry": { "type": "Point", "coordinates": [ -57.086484, -29.75962 ] } },
{ "type": "Feature", "properties": { "cnes": "9683704", "nome_fantasia": "CONSULTORIO MEDICO EDUARDO RODRIGUES GONCALVES", "nome_empresarial": "EDUARDO RODRIGUES GONCALVES", "tipo_unidade": "CONSULTORIO ISOLADO", "tipo_unidade_categoria": "clinica_ambulatorio", "tipo_estabelecimento": "AMBULATORIO", "endereco": "RUA XV DE NOVEMBRO, 2215, CENTRO", "cep": "97501970", "municipio": "URUGUAIANA", "uf": "RS", "telefone": null, "atende_sus": "N", "gestao": "M" }, "geometry": { "type": "Point", "coordinates": [ -57.08765, -29.7591 ] } },
{ "type": "Feature", "properties": { "cnes": "6868665", "nome_fantasia": "CONSULTORIO ODONTOLOGICO LEANDRO SANTANA DA COSTA", "nome_empresarial": "CONSULTORIO ODONTOLOGICO LEANDRO SANTANA DA COSTA", "tipo_unidade": "CONSULTORIO ISOLADO", "tipo_unidade_categoria": "clinica_ambulatorio", "tipo_estabelecimento": "AMBULATORIO", "endereco": "15 DE NOVEMBRO, 2215, CENTRO", "cep": "97501705", "municipio": "URUGUAIANA", "uf": "RS", "telefone": null, "atende_sus": "N", "gestao": "M" }, "geometry": { "type": "Point", "coordinates": [ -57.087346, -29.759097 ] } },
{ "type": "Feature", "properties": { "cnes": "9642560", "nome_fantasia": "IORF INSTITUTO DE ORTOPEDIA DA FRONTEIRA LTDA", "nome_empresarial": "IORF INSTITUTO DE ORTOPEDIA DA FRONTEIRA LTDA", "tipo_unidade": "CONSULTORIO ISOLADO", "tipo_unidade_categoria": "clinica_ambulatorio", "tipo_estabelecimento": "AMBULATORIO", "endereco": "RUA XV DE NOVEMBRO, 2207, CENTRO", "cep": "97501705", "municipio": "URUGUAIANA", "uf": "RS", "telefone": "(55) 34121313", "atende_sus": "N", "gestao": "M" }, "geometry": { "type": "Point", "coordinates": [ -57.087551, -29.759087 ] } },
{ "type": "Feature", "properties": { "cnes": "3065316", "nome_fantasia": "CONSULTORIO PARTICULAR DR CLARISSE MARIA SIQUEIRA", "nome_empresarial": "CONSULTORIO PARTICULAR DR CLARISSE MARIA SIQUEIRA", "tipo_unidade": "CONSULTORIO ISOLADO", "tipo_unidade_categoria": "clinica_ambulatorio", "tipo_estabelecimento": "AMBULATORIO", "endereco": "EUSTAQUIO ORMAZABAL, 2338, BOA VISTA", "cep": "97501762", "municipio": "URUGUAIANA", "uf": "RS", "telefone": "(55)4121595", "atende_sus": "N", "gestao": "M" }, "geometry": { "type": "Point", "coordinates": [ -57.09427, -29.76035 ] } },
{ "type": "Feature", "properties": { "cnes": "7361084", "nome_fantasia": "CONSULTORIO ODONTOLOGICO HEIDI CATARIN BRAUN", "nome_empresarial": "CONSULTORIO ODONTOLOGICO HEIDI CATARIN BRAUN", "tipo_unidade": "CONSULTORIO ISOLADO", "tipo_unidade_categoria": "clinica_ambulatorio", "tipo_estabelecimento": "AMBULATORIO", "endereco": "TREZE DE MAIO, 2348, CENTRO", "cep": "97501974", "municipio": "URUGUAIANA", "uf": "RS", "telefone": null, "atende_sus": "N", "gestao": "M" }, "geometry": { "type": "Point", "coordinates": [ -57.089598, -29.76033 ] } },
{ "type": "Feature", "properties": { "cnes": "6850367", "nome_fantasia": "SAMU BASICA 192 URUGUAIANA", "nome_empresarial": "SAMU 192 URUGUAIANA", "tipo_unidade": "UNIDADE MOVEL DE NIVEL PRE-HOSPITALAR NA AREA DE URGENCIA", "tipo_unidade_categoria": "outro", "tipo_estabelecimento": "PRONTO ATENDIMENTO", "endereco": "JULIO DE CASTILHOS, 1645, BELA VISTA", "cep": "97501777", "municipio": "URUGUAIANA", "uf": "RS", "telefone": "5539113030", "atende_sus": "S", "gestao": "M" }, "geometry": { "type": "Point", "coordinates": [ -57.096948, -29.760101799999987 ] } },
{ "type": "Feature", "properties": { "cnes": "5017513", "nome_fantasia": "CONSULTORIO DE FISIOTERAPIA ANA VALERIA SALERNO PITELLA", "nome_empresarial": "ANA VALERIA SALERNO PITELLA", "tipo_unidade": "CONSULTORIO ISOLADO", "tipo_unidade_categoria": "clinica_ambulatorio", "tipo_estabelecimento": "AMBULATORIO", "endereco": "RUA DR MAIA, 1870, TERREO, BELA VISTA", "cep": "97501768", "municipio": "URUGUAIANA", "uf": "RS", "telefone": "55-34125354", "atende_sus": "N", "gestao": "M" }, "geometry": { "type": "Point", "coordinates": [ -57.095077, -29.759852 ] } },
{ "type": "Feature", "properties": { "cnes": "3241408", "nome_fantasia": "CENTRO ODONTOLOGICO DE REFERENCIA E CONTRAREFERENCIA", "nome_empresarial": "CENTRO ODONTOLOGICO DE REFERENCIA E CONTRAREFERENCIA", "tipo_unidade": "CLINICA/CENTRO DE ESPECIALIDADE", "tipo_unidade_categoria": "clinica_ambulatorio", "tipo_estabelecimento": "AMBULATORIO", "endereco": "MARECHAL DEODORO, 2160, TARRAGO", "cep": "97501974", "municipio": "URUGUAIANA", "uf": "RS", "telefone": "(55)4122441", "atende_sus": "S", "gestao": "M" }, "geometry": { "type": "Point", "coordinates": [ -57.09624, -29.75933 ] } },
{ "type": "Feature", "properties": { "cnes": "6923526", "nome_fantasia": "APAE", "nome_empresarial": "ASSOCIACAO PAIS E AMIGOS DOS EXCEPCIONAIS", "tipo_unidade": "CLINICA/CENTRO DE ESPECIALIDADE", "tipo_unidade_categoria": "clinica_ambulatorio", "tipo_estabelecimento": "AMBULATORIO", "endereco": "AV PRESIDENTE VARGAS, 2122, CENTRO", "cep": "97501974", "municipio": "URUGUAIANA", "uf": "RS", "telefone": null, "atende_sus": "N", "gestao": "M" }, "geometry": { "type": "Point", "coordinates": [ -57.093093395233154, -29.758621512243227 ] } },
{ "type": "Feature", "properties": { "cnes": "7477325", "nome_fantasia": "CONSULTORIO DE FISIOTERAPIA MAURICIO DALCIN OLIVEIRA", "nome_empresarial": "CONSULTORIO DE FISIOTERAPIA MAURICIO DALCIN OLIVEIRA", "tipo_unidade": "CONSULTORIO ISOLADO", "tipo_unidade_categoria": "clinica_ambulatorio", "tipo_estabelecimento": "AMBULATORIO", "endereco": "PRESIDENTE VARGAS, 1979, BELA VISTA", "cep": "97501974", "municipio": "URUGUAIANA", "uf": "RS", "telefone": null, "atende_sus": "N", "gestao": "M" }, "geometry": { "type": "Point", "coordinates": [ -57.094024, -29.75824 ] } },
{ "type": "Feature", "properties": { "cnes": "4878671", "nome_fantasia": "CHEFLERA", "nome_empresarial": "ZANCHI ZANCHI ESTETICA E COSMETICOS LTDA", "tipo_unidade": "CONSULTORIO ISOLADO", "tipo_unidade_categoria": "clinica_ambulatorio", "tipo_estabelecimento": "AMBULATORIO", "endereco": "AVENIDA PRESIDENTE VARGAS, 1979, BELA VISTA", "cep": "97501535", "municipio": "URUGUAIANA", "uf": "RS", "telefone": null, "atende_sus": "N", "gestao": "M" }, "geometry": { "type": "Point", "coordinates": [ -57.09399, -29.75823 ] } },
{ "type": "Feature", "properties": { "cnes": "6740596", "nome_fantasia": "SIMETRIA PREVENCAO E SAUDE", "nome_empresarial": "CLINICA DE FISIOTERAPIA SIMETRIA PREVENCAO E SAUDE LTDA", "tipo_unidade": "CONSULTORIO ISOLADO", "tipo_unidade_categoria": "clinica_ambulatorio", "tipo_estabelecimento": "AMBULATORIO", "endereco": "IRIS VALLS, 2056, CENTRO", "cep": "97501834", "municipio": "URUGUAIANA", "uf": "RS", "telefone": null, "atende_sus": "N", "gestao": "M" }, "geometry": { "type": "Point", "coordinates": [ -57.09299, -29.75815 ] } },
{ "type": "Feature", "properties": { "cnes": "9148876", "nome_fantasia": "CONSULTORIO DE FISIOTERAPIA JULIANA MACKE HELLWIG", "nome_empresarial": "JULIANA MACKE HELLWIG", "tipo_unidade": "CONSULTORIO ISOLADO", "tipo_unidade_categoria": "clinica_ambulatorio", "tipo_estabelecimento": "AMBULATORIO", "endereco": "PRESIDENTE GETULIO VARGAS, 2367, CENTRO", "cep": "97501974", "municipio": "URUGUAIANA", "uf": "RS", "telefone": "996574528", "atende_sus": "N", "gestao": "M" }, "geometry": { "type": "Point", "coordinates": [ -57.090111, -29.758132 ] } },
{ "type": "Feature", "properties": { "cnes": "0266558", "nome_fantasia": "ORAL CENTER ODONTOLOGIA ESPECIALIZADA", "nome_empresarial": "LEANDRO SANTANNA DA COSTA", "tipo_unidade": "CLINICA/CENTRO DE ESPECIALIDADE", "tipo_unidade_categoria": "clinica_ambulatorio", "tipo_estabelecimento": "AMBULATORIO", "endereco": "XV DE NOVEMBRO, 2215, CENTRO", "cep": "97501714", "municipio": "URUGUAIANA", "uf": "RS", "telefone": null, "atende_sus": "N", "gestao": "M" }, "geometry": { "type": "Point", "coordinates": [ -57.087711, -29.759265 ] } },
{ "type": "Feature", "properties": { "cnes": "5454786", "nome_fantasia": "FISIOTERAPIA KARINE CARDOSO LTDA", "nome_empresarial": "FISIOTERAPIA KARINE CARDOSO LTDA", "tipo_unidade": "CLINICA/CENTRO DE ESPECIALIDADE", "tipo_unidade_categoria": "clinica_ambulatorio", "tipo_estabelecimento": "AMBULATORIO", "endereco": "AVENIDA PRESIDENTE VARGAS, 2486, CENTRO", "cep": "97501712", "municipio": "URUGUAIANA", "uf": "RS", "telefone": null, "atende_sus": "N", "gestao": "M" }, "geometry": { "type": "Point", "coordinates": [ -57.08873, -29.75858 ] } },
{ "type": "Feature", "properties": { "cnes": "0855960", "nome_fantasia": "CONSULTORIO ODONTOLOGICO ALINE MARASCA NORO", "nome_empresarial": "ALINE MARASCA NORO", "tipo_unidade": "CONSULTORIO ISOLADO", "tipo_unidade_categoria": "clinica_ambulatorio", "tipo_estabelecimento": "AMBULATORIO", "endereco": "AVENIDA PRESIDENTE VARGAS, 2459, CENTRO", "cep": "97501535", "municipio": "URUGUAIANA", "uf": "RS", "telefone": null, "atende_sus": "N", "gestao": "M" }, "geometry": { "type": "Point", "coordinates": [ -57.08907, -29.75812 ] } },
{ "type": "Feature", "properties": { "cnes": "9261621", "nome_fantasia": "CONSULTORIO ODONTOLOGICO FLAVIA MARTINI PREUSSLER", "nome_empresarial": "FLAVIA MARTINI PREUSSLER", "tipo_unidade": "CONSULTORIO ISOLADO", "tipo_unidade_categoria": "clinica_ambulatorio", "tipo_estabelecimento": "AMBULATORIO", "endereco": "PRESIDENTE VARGAS, 2511, CENTRO", "cep": "97501974", "municipio": "URUGUAIANA", "uf": "RS", "telefone": null, "atende_sus": "N", "gestao": "M" }, "geometry": { "type": "Point", "coordinates": [ -57.088271, -29.758104 ] } },
{ "type": "Feature", "properties": { "cnes": "7063547", "nome_fantasia": "CONSULTORIO ODONTOLOGICO CLEUSA MARIA DAL MOLIN ANDRES", "nome_empresarial": "CONSULTORIO ODONTOLOGICO CLEUSA MARIA DAL MOLIN ANDRES", "tipo_unidade": "CONSULTORIO ISOLADO", "tipo_unidade_categoria": "clinica_ambulatorio", "tipo_estabelecimento": "AMBULATORIO", "endereco": "AV PRESIDENTE VARGAS, 2515, SALA 01, CENTRO", "cep": "97501712", "municipio": "URUGUAIANA", "uf": "RS", "telefone": null, "atende_sus": "N", "gestao": "M" }, "geometry": { "type": "Point", "coordinates": [ -57.088062, -29.758103 ] } },
{ "type": "Feature", "properties": { "cnes": "2892197", "nome_fantasia": "JACQUELINE ANDRES", "nome_empresarial": "JACQUELINE ANDRES", "tipo_unidade": "CONSULTORIO ISOLADO", "tipo_unidade_categoria": "clinica_ambulatorio", "tipo_estabelecimento": "AMBULATORIO", "endereco": "AV PRESIDENTE VARGAS, 2459, CENTRO", "cep": "97501535", "municipio": "URUGUAIANA", "uf": "RS", "telefone": null, "atende_sus": "N", "gestao": "M" }, "geometry": { "type": "Point", "coordinates": [ -57.089, -29.75807 ] } },
{ "type": "Feature", "properties": { "cnes": "6915272", "nome_fantasia": "CONSULTORIO FISIOTERAPICO GABRIELA NUNES DE BARROS COLEHO", "nome_empresarial": "CONSULTORIO FISIOTERAPICO GABRIELA NUNES DE BARROS COLEHO", "tipo_unidade": "CONSULTORIO ISOLADO", "tipo_unidade_categoria": "clinica_ambulatorio", "tipo_estabelecimento": "AMBULATORIO", "endereco": "13 DE MAIO, 2065, CENTRO", "cep": "97501538", "municipio": "URUGUAIANA", "uf": "RS", "telefone": null, "atende_sus": "N", "gestao": "M" }, "geometry": { "type": "Point", "coordinates": [ -57.089374, -29.757925 ] } },
{ "type": "Feature", "properties": { "cnes": "9386327", "nome_fantasia": "CONSULTORIO MEDICO DR RENATO SOARES DA CUNHA", "nome_empresarial": "RENATO SOARES DA CUNHA", "tipo_unidade": "CONSULTORIO ISOLADO", "tipo_unidade_categoria": "clinica_ambulatorio", "tipo_estabelecimento": "AMBULATORIO", "endereco": "RUA SANTANA, 2458, CENTRO", "cep": "97501974", "municipio": "URUGUAIANA", "uf": "RS", "telefone": null, "atende_sus": "N", "gestao": "M" }, "geometry": { "type": "Point", "coordinates": [ -57.089077, -29.757081 ] } },
{ "type": "Feature", "properties": { "cnes": "6862675", "nome_fantasia": "CONSULTORIO ELEONORA KLEINUBING DA CUNHA", "nome_empresarial": "CONSULTORIO ELEONORA KLEINUBING DA CUNHA", "tipo_unidade": "CONSULTORIO ISOLADO", "tipo_unidade_categoria": "clinica_ambulatorio", "tipo_estabelecimento": "AMBULATORIO", "endereco": "SANTANA, 2458, CENTRO", "cep": "97501705", "municipio": "URUGUAIANA", "uf": "RS", "telefone": null, "atende_sus": "N", "gestao": "M" }, "geometry": { "type": "Point", "coordinates": [ -57.08909, -29.75701 ] } },
{ "type": "Feature", "properties": { "cnes": "0989460", "nome_fantasia": "DROGARAIA LJ1098", "nome_empresarial": "RAIA DROGASIL S A", "tipo_unidade": "FARMACIA", "tipo_unidade_categoria": "farmacia", "tipo_estabelecimento": "FARMACIA", "endereco": "SANTANA, 2534, CENTRO", "cep": "97501540", "municipio": "URUGUAIANA", "uf": "RS", "telefone": "55996926264", "atende_sus": "N", "gestao": "M" }, "geometry": { "type": "Point", "coordinates": [ -57.08854, -29.75693 ] } },
{ "type": "Feature", "properties": { "cnes": "5736862", "nome_fantasia": "JORGE LUIS DARDE RIBEIRO LTDA", "nome_empresarial": "JORGE LUIS DARDE RIBEIRO LTDA", "tipo_unidade": "CLINICA/CENTRO DE ESPECIALIDADE", "tipo_unidade_categoria": "clinica_ambulatorio", "tipo_estabelecimento": "AMBULATORIO", "endereco": "AVNIDA PRESIDENTE VARGAS, 2367, CENTRO", "cep": "97501535", "municipio": "URUGUAIANA", "uf": "RS", "telefone": null, "atende_sus": "N", "gestao": "M" }, "geometry": { "type": "Point", "coordinates": [ -57.08991, -29.75812 ] } },
{ "type": "Feature", "properties": { "cnes": "4837924", "nome_fantasia": "CORNEJO SERVICOS MEDICOS LTDA", "nome_empresarial": "CORNEJO SERVICOS MEDICOS LTDA", "tipo_unidade": "CLINICA/CENTRO DE ESPECIALIDADE", "tipo_unidade_categoria": "clinica_ambulatorio", "tipo_estabelecimento": "AMBULATORIO", "endereco": "TREZE DE MAIO, 1981, CENTRO", "cep": "97501538", "municipio": "URUGUAIANA", "uf": "RS", "telefone": null, "atende_sus": "N", "gestao": "M" }, "geometry": { "type": "Point", "coordinates": [ -57.08947, -29.75711 ] } },
{ "type": "Feature", "properties": { "cnes": "3064859", "nome_fantasia": "VITALAB ANALISES CLINICAS LTDA", "nome_empresarial": "VITALAB ANALISES CLINICAS LTDA", "tipo_unidade": "UNIDADE DE APOIO DIAGNOSE E TERAPIA (SADT ISOLADO)", "tipo_unidade_categoria": "laboratorio_apoio_diagnostico", "tipo_estabelecimento": "UNIDADE DE APOIO DIAGNOSTICO", "endereco": "GAL VITORINO, 1990, CENTRO", "cep": "97501840", "municipio": "URUGUAIANA", "uf": "RS", "telefone": "(55)4125912", "atende_sus": "N", "gestao": "M" }, "geometry": { "type": "Point", "coordinates": [ -57.090939, -29.757068 ] } },
{ "type": "Feature", "properties": { "cnes": "6274447", "nome_fantasia": "ELABORE CLINICA DE MEDICINA DO TRABALHO LTDA", "nome_empresarial": "ELABORE CLINICA DE MEDICINA DO TRABALHO LTDA", "tipo_unidade": "CONSULTORIO ISOLADO", "tipo_unidade_categoria": "clinica_ambulatorio", "tipo_estabelecimento": "AMBULATORIO", "endereco": "SANTANA, 2110, CENTRO", "cep": "97502020", "municipio": "URUGUAIANA", "uf": "RS", "telefone": null, "atende_sus": "N", "gestao": "M" }, "geometry": { "type": "Point", "coordinates": [ -57.092516, -29.756898 ] } },
{ "type": "Feature", "properties": { "cnes": "0158186", "nome_fantasia": "EXAME POSTO DE COLETA", "nome_empresarial": "EXAME ANALISES CLINICAS S S", "tipo_unidade": "UNIDADE DE APOIO DIAGNOSE E TERAPIA (SADT ISOLADO)", "tipo_unidade_categoria": "laboratorio_apoio_diagnostico", "tipo_estabelecimento": "UNIDADE DE APOIO DIAGNOSTICO", "endereco": "SANTANA, 2110, BELA VISTA", "cep": "97501830", "municipio": "URUGUAIANA", "uf": "RS", "telefone": null, "atende_sus": "N", "gestao": "M" }, "geometry": { "type": "Point", "coordinates": [ -57.092709, -29.756889 ] } },
{ "type": "Feature", "properties": { "cnes": "9530797", "nome_fantasia": "CONSULTORIO ODONTOLOGICO CAROLINE BOM SCHMIDT", "nome_empresarial": "CAROLINE BOM SCHMIDT", "tipo_unidade": "CONSULTORIO ISOLADO", "tipo_unidade_categoria": "clinica_ambulatorio", "tipo_estabelecimento": "AMBULATORIO", "endereco": "RUA SANTANA, 2367, CENTRO", "cep": "97501540", "municipio": "URUGUAIANA", "uf": "RS", "telefone": null, "atende_sus": "N", "gestao": "M" }, "geometry": { "type": "Point", "coordinates": [ -57.089989, -29.756813 ] } },
{ "type": "Feature", "properties": { "cnes": "4045009", "nome_fantasia": "RC ODONTOLOGIA", "nome_empresarial": "RC ODONTOLOGIA LTDA", "tipo_unidade": "CLINICA/CENTRO DE ESPECIALIDADE", "tipo_unidade_categoria": "clinica_ambulatorio", "tipo_estabelecimento": "AMBULATORIO", "endereco": "SANTANA, 2367, CENTRO", "cep": "97501540", "municipio": "URUGUAIANA", "uf": "RS", "telefone": null, "atende_sus": "N", "gestao": "M" }, "geometry": { "type": "Point", "coordinates": [ -57.08996, -29.75666 ] } },
{ "type": "Feature", "properties": { "cnes": "6847544", "nome_fantasia": "CONSULTORIO ODONTOLOGICO RODRIGO DE CASTILHOS ALVES", "nome_empresarial": "CONSULTORIO ODONTOLOGICO RODRIGO DE CASTILHOS ALVES", "tipo_unidade": "CONSULTORIO ISOLADO", "tipo_unidade_categoria": "clinica_ambulatorio", "tipo_estabelecimento": "AMBULATORIO", "endereco": "RUA SANTANA 2367, 1608, CENTRO", "cep": "97501618", "municipio": "URUGUAIANA", "uf": "RS", "telefone": null, "atende_sus": "N", "gestao": "M" }, "geometry": { "type": "Point", "coordinates": [ -57.089732, -29.756655 ] } },
{ "type": "Feature", "properties": { "cnes": "7284128", "nome_fantasia": "CONSULTORIO DE FISIOTERAPIA ANA PAULA KAUFMANN RUARO", "nome_empresarial": "CONSULTORIO DE FISIOTERAPIA ANA PAULA KAUFMANN RUARO", "tipo_unidade": "CONSULTORIO ISOLADO", "tipo_unidade_categoria": "clinica_ambulatorio", "tipo_estabelecimento": "AMBULATORIO", "endereco": "IRIS VALLS, 1842, CENTRO", "cep": "97501834", "municipio": "URUGUAIANA", "uf": "RS", "telefone": null, "atende_sus": "N", "gestao": "M" }, "geometry": { "type": "Point", "coordinates": [ -57.093058, -29.755946 ] } },
{ "type": "Feature", "properties": { "cnes": "4437519", "nome_fantasia": "BEM QUERER", "nome_empresarial": "LARISSA DE OLIVEIRA ESTIVALET", "tipo_unidade": "CONSULTORIO ISOLADO", "tipo_unidade_categoria": "clinica_ambulatorio", "tipo_estabelecimento": "AMBULATORIO", "endereco": "BENTO MARTINS, 1769, BELA VISTA", "cep": "97501816", "municipio": "URUGUAIANA", "uf": "RS", "telefone": null, "atende_sus": "N", "gestao": "M" }, "geometry": { "type": "Point", "coordinates": [ -57.09625, -29.75542 ] } },
{ "type": "Feature", "properties": { "cnes": "3390411", "nome_fantasia": "CLINICA ODONTO DE URUGUAIANA", "nome_empresarial": "CLINICA ODONTO DE URUGUAIANA", "tipo_unidade": "CONSULTORIO ISOLADO", "tipo_unidade_categoria": "clinica_ambulatorio", "tipo_estabelecimento": "AMBULATORIO", "endereco": "SANTANA, 2427, CENTRO", "cep": "97501540", "municipio": "URUGUAIANA", "uf": "RS", "telefone": "(55)4115342", "atende_sus": "N", "gestao": "M" }, "geometry": { "type": "Point", "coordinates": [ -57.089379, -29.756831 ] } },
{ "type": "Feature", "properties": { "cnes": "3993175", "nome_fantasia": "ANAEL FARIAS MADRUGA", "nome_empresarial": "ANAEL FARIAS MADRUGA", "tipo_unidade": "CONSULTORIO ISOLADO", "tipo_unidade_categoria": "clinica_ambulatorio", "tipo_estabelecimento": "AMBULATORIO", "endereco": "QUINZE DE NOVEMBRO, 1426, SALA 01, CENTRO", "cep": "97501575", "municipio": "URUGUAIANA", "uf": "RS", "telefone": null, "atende_sus": "N", "gestao": "M" }, "geometry": { "type": "Point", "coordinates": [ -57.088401, -29.756827 ] } },
{ "type": "Feature", "properties": { "cnes": "3996530", "nome_fantasia": "CONSULTORIO DE NUTRICAO ANA LUCIA SILVA DOS SANTOS", "nome_empresarial": "ANA LUCIA SILVA DOS SANTOS", "tipo_unidade": "CONSULTORIO ISOLADO", "tipo_unidade_categoria": "clinica_ambulatorio", "tipo_estabelecimento": "AMBULATORIO", "endereco": "RUA SANTANA, 2499, SALA 404, CENTRO", "cep": "97501540", "municipio": "URUGUAIANA", "uf": "RS", "telefone": "55-3412-1531", "atende_sus": "N", "gestao": "M" }, "geometry": { "type": "Point", "coordinates": [ -57.088654, -29.756769 ] } },
{ "type": "Feature", "properties": { "cnes": "7028016", "nome_fantasia": "CONSULTORIO DE FISIOTERAPIA ALINE MARCHANT DA MAIA", "nome_empresarial": "CONSULTORIO DE FISIOTERAPIA ALINE MARCHANT DA MAIA", "tipo_unidade": "CONSULTORIO ISOLADO", "tipo_unidade_categoria": "clinica_ambulatorio", "tipo_estabelecimento": "AMBULATORIO", "endereco": "SANTANA, 2499, CNETRO", "cep": "97501540", "municipio": "URUGUAIANA", "uf": "RS", "telefone": null, "atende_sus": "N", "gestao": "M" }, "geometry": { "type": "Point", "coordinates": [ -57.088644, -29.75676 ] } },
{ "type": "Feature", "properties": { "cnes": "0148024", "nome_fantasia": "CLINICA REEQUILIBRIO FISIO SAUDE EIRELI", "nome_empresarial": "CLINICA REEQUILIBRIO FISIO SAUDE EIRELI", "tipo_unidade": "CLINICA/CENTRO DE ESPECIALIDADE", "tipo_unidade_categoria": "clinica_ambulatorio", "tipo_estabelecimento": "AMBULATORIO", "endereco": "GENERAL BENTO MARTINS, 2497, APT 1601, CENTRO", "cep": "97501546", "municipio": "URUGUAIANA", "uf": "RS", "telefone": "56 99529147", "atende_sus": "N", "gestao": "M" }, "geometry": { "type": "Point", "coordinates": [ -57.088484, -29.7553676 ] } },
{ "type": "Feature", "properties": { "cnes": "4748255", "nome_fantasia": "CLAUDIO BARZONI CRESPO", "nome_empresarial": "CLAUDIO BARZONI CRESPO", "tipo_unidade": "CONSULTORIO ISOLADO", "tipo_unidade_categoria": "clinica_ambulatorio", "tipo_estabelecimento": "AMBULATORIO", "endereco": "RUA GENERAL BENTO MARTINS, 2497, 1301, CENTRO", "cep": "97501546", "municipio": "URUGUAIANA", "uf": "RS", "telefone": null, "atende_sus": "N", "gestao": "M" }, "geometry": { "type": "Point", "coordinates": [ -57.08865, -29.75534 ] } },
{ "type": "Feature", "properties": { "cnes": "8128413", "nome_fantasia": "INTERMED SERVICOS MEDICOS S S LTDA", "nome_empresarial": "INTERMED SERVICOS MEDICOS S S LTDA", "tipo_unidade": "CLINICA/CENTRO DE ESPECIALIDADE", "tipo_unidade_categoria": "clinica_ambulatorio", "tipo_estabelecimento": "AMBULATORIO", "endereco": "BENTO MARTINS, 2497, SALA 1302, CENTRO", "cep": "97501546", "municipio": "URUGUAIANA", "uf": "RS", "telefone": null, "atende_sus": "N", "gestao": "M" }, "geometry": { "type": "Point", "coordinates": [ -57.0886, -29.75522 ] } },
{ "type": "Feature", "properties": { "cnes": "6921264", "nome_fantasia": "CONSULTORIO ODONTOLOGICO LILIAN SIDERMANN", "nome_empresarial": "CONSULTORIO ODONTOLOGICO LILIAN SIDERMANN", "tipo_unidade": "CONSULTORIO ISOLADO", "tipo_unidade_categoria": "clinica_ambulatorio", "tipo_estabelecimento": "AMBULATORIO", "endereco": "BENTO MARTINS, 2497, CENTRO", "cep": "97501546", "municipio": "URUGUAIANA", "uf": "RS", "telefone": null, "atende_sus": "N", "gestao": "M" }, "geometry": { "type": "Point", "coordinates": [ -57.088324, -29.755101 ] } },
{ "type": "Feature", "properties": { "cnes": "2247291", "nome_fantasia": "PRONTO ATENDIMENTO MUNICIPAL", "nome_empresarial": "PREFEITURA MUNICIPAL DE URUGUAIANA", "tipo_unidade": "CENTRO DE SAUDE/UNIDADE BASICA", "tipo_unidade_categoria": "ubs_esf", "tipo_estabelecimento": "PRONTO ATENDIMENTO", "endereco": "DOMINGOS DE ALMEIDA, 3800, CENTRO", "cep": "97502854", "municipio": "URUGUAIANA", "uf": "RS", "telefone": "(55) 4125588", "atende_sus": "S", "gestao": "M" }, "geometry": { "type": "Point", "coordinates": [ -57.088, -29.755 ] } },
{ "type": "Feature", "properties": { "cnes": "0419524", "nome_fantasia": "SERVICO DE ATENDIMENTO MOVEL INTERIOR", "nome_empresarial": "PREFEITURA MUNICIPAL DE URUGUAIANA", "tipo_unidade": "UNIDADE MOVEL DE NIVEL PRE-HOSPITALAR NA AREA DE URGENCIA", "tipo_unidade_categoria": "outro", "tipo_estabelecimento": "PRONTO ATENDIMENTO", "endereco": "AV GABRIEL PACHECO, S/N, BARRAGEM SANCHURI", "cep": "97501974", "municipio": "URUGUAIANA", "uf": "RS", "telefone": null, "atende_sus": "S", "gestao": "M" }, "geometry": { "type": "Point", "coordinates": [ -57.088, -29.755 ] } },
{ "type": "Feature", "properties": { "cnes": "6989373", "nome_fantasia": "ESF 20 CAIC", "nome_empresarial": "PREFEITURA MUNICIPAL DE URUGUAIANA", "tipo_unidade": "CENTRO DE SAUDE/UNIDADE BASICA", "tipo_unidade_categoria": "ubs_esf", "tipo_estabelecimento": "UNIDADE BASICA DE SAUDE", "endereco": "RUA VINTE E UM DE ABRIL, S/N, SAO CRISTOVAO", "cep": "97501974", "municipio": "URUGUAIANA", "uf": "RS", "telefone": "5534116277", "atende_sus": "S", "gestao": "M" }, "geometry": { "type": "Point", "coordinates": [ -57.0638274, -29.7891071 ] } },
{ "type": "Feature", "properties": { "cnes": "0737747", "nome_fantasia": "FARMACIA REAL", "nome_empresarial": "EVANDRO TAMA BAIGORRIA", "tipo_unidade": "FARMACIA", "tipo_unidade_categoria": "farmacia", "tipo_estabelecimento": "FARMACIA", "endereco": "SETEMBRINO DE CARVALHO, 770, IPIRANGA", "cep": "97513780", "municipio": "URUGUAIANA", "uf": "RS", "telefone": null, "atende_sus": "N", "gestao": "M" }, "geometry": { "type": "Point", "coordinates": [ -57.03535, -29.78777 ] } },
{ "type": "Feature", "properties": { "cnes": "2992523", "nome_fantasia": "SAO JOAO FARMACIAS", "nome_empresarial": "COMERCIO DE MEDICAMENTOS BRAIR LTDA", "tipo_unidade": "FARMACIA", "tipo_unidade_categoria": "farmacia", "tipo_estabelecimento": "FARMACIA", "endereco": "MARECHAL SETEMBRINO DE CARVALHO, 176, VILA JULIA", "cep": "97507650", "municipio": "URUGUAIANA", "uf": "RS", "telefone": null, "atende_sus": "N", "gestao": "M" }, "geometry": { "type": "Point", "coordinates": [ -57.03874, -29.78644 ] } },
{ "type": "Feature", "properties": { "cnes": "6989357", "nome_fantasia": "ESF 07 UNIAO DAS VILAS", "nome_empresarial": "PREFEITURA MUNICIPAL DE URUGUAIANA", "tipo_unidade": "CENTRO DE SAUDE/UNIDADE BASICA", "tipo_unidade_categoria": "ubs_esf", "tipo_estabelecimento": "UNIDADE BASICA DE SAUDE", "endereco": "AVENIDA URUGUAI, S/N, UNIAO DAS VILAS", "cep": "97501974", "municipio": "URUGUAIANA", "uf": "RS", "telefone": "5534116277", "atende_sus": "S", "gestao": "M" }, "geometry": { "type": "Point", "coordinates": [ -57.06077, -29.78467 ] } },
{ "type": "Feature", "properties": { "cnes": "0732753", "nome_fantasia": "FARMACIA NO BAIRRO UNIAO DAS VILAS", "nome_empresarial": "MUNICIPIO DE URUGUAIANA", "tipo_unidade": "FARMACIA", "tipo_unidade_categoria": "farmacia", "tipo_estabelecimento": "FARMACIA", "endereco": "AVENIDA URUGUAI, S/N, UNIAO DAS VILAS", "cep": "97511680", "municipio": "URUGUAIANA", "uf": "RS", "telefone": null, "atende_sus": "S", "gestao": "M" }, "geometry": { "type": "Point", "coordinates": [ -57.06104, -29.7845 ] } },
{ "type": "Feature", "properties": { "cnes": "4288947", "nome_fantasia": "FARMACIA ASSOCIADAS", "nome_empresarial": "MARIO HAMILTON VILELA FILHO LTDA", "tipo_unidade": "FARMACIA", "tipo_unidade_categoria": "farmacia", "tipo_estabelecimento": "FARMACIA", "endereco": "AVENIDA URUGUAI, 0001, SALA 1 A, UNIAO DAS VILAS", "cep": "97509440", "municipio": "URUGUAIANA", "uf": "RS", "telefone": null, "atende_sus": "N", "gestao": "M" }, "geometry": { "type": "Point", "coordinates": [ -57.06125, -29.78441 ] } },
{ "type": "Feature", "properties": { "cnes": "2247143", "nome_fantasia": "ESF 01 RUI RAMOS", "nome_empresarial": "PREFEITURA MUNICIPAL DE URUGUAIANA", "tipo_unidade": "CENTRO DE SAUDE/UNIDADE BASICA", "tipo_unidade_categoria": "ubs_esf", "tipo_estabelecimento": "UNIDADE BASICA DE SAUDE", "endereco": "RUA ARNALDO RIBEIRO, 1274, RUI RAMOS", "cep": "97507180", "municipio": "URUGUAIANA", "uf": "RS", "telefone": "5534116277", "atende_sus": "S", "gestao": "M" }, "geometry": { "type": "Point", "coordinates": [ -57.069657, -29.77634 ] } },
{ "type": "Feature", "properties": { "cnes": "2247267", "nome_fantasia": "ESF 16 CIDADE ALEGRIA", "nome_empresarial": "PREFEITURA MUNICIPAL DE URUGUAIANA", "tipo_unidade": "CENTRO DE SAUDE/UNIDADE BASICA", "tipo_unidade_categoria": "ubs_esf", "tipo_estabelecimento": "UNIDADE BASICA DE SAUDE", "endereco": "RUA ALCEU WAMOSY, S/N, CIDADE ALEGRIA", "cep": "97511154", "municipio": "URUGUAIANA", "uf": "RS", "telefone": "5534116277", "atende_sus": "S", "gestao": "M" }, "geometry": { "type": "Point", "coordinates": [ -57.069282, -29.775914 ] } },
{ "type": "Feature", "properties": { "cnes": "2247275", "nome_fantasia": "ESF 17 NOVA ESPERANCA", "nome_empresarial": "PREFEITURA MUNICIPAL DE URUGUAIANA", "tipo_unidade": "CENTRO DE SAUDE/UNIDADE BASICA", "tipo_unidade_categoria": "ubs_esf", "tipo_estabelecimento": "UNIDADE BASICA DE SAUDE", "endereco": "JOSE GARIBALDI, 1701, LOTES 13 E 14, NOVA ESPERANCA", "cep": "97503215", "municipio": "URUGUAIANA", "uf": "RS", "telefone": "5534116277", "atende_sus": "S", "gestao": "M" }, "geometry": { "type": "Point", "coordinates": [ -57.06925, -29.775831 ] } },
{ "type": "Feature", "properties": { "cnes": "2247232", "nome_fantasia": "ESF 06 SAO JOAO", "nome_empresarial": "PREFEITURA MUNICIPAL DE URUGUAIANA", "tipo_unidade": "CENTRO DE SAUDE/UNIDADE BASICA", "tipo_unidade_categoria": "ubs_esf", "tipo_estabelecimento": "UNIDADE BASICA DE SAUDE", "endereco": "RUA VENANCIO AIRES, 2618, SAO JOAO", "cep": "97502454", "municipio": "URUGUAIANA", "uf": "RS", "telefone": "5534116277", "atende_sus": "S", "gestao": "M" }, "geometry": { "type": "Point", "coordinates": [ -57.075223, -29.775523 ] } },
{ "type": "Feature", "properties": { "cnes": "6850383", "nome_fantasia": "CONSULTORIO MEDICO GILBERTO SOARES VERDUM", "nome_empresarial": "CONSULTORIO MEDICO GILBERTO SOARES VERDUM", "tipo_unidade": "CONSULTORIO ISOLADO", "tipo_unidade_categoria": "clinica_ambulatorio", "tipo_estabelecimento": "AMBULATORIO", "endereco": "DOMINGOS DE ALMEIDA, 3923, CENTRO", "cep": "97502854", "municipio": "URUGUAIANA", "uf": "RS", "telefone": null, "atende_sus": "N", "gestao": "M" }, "geometry": { "type": "Point", "coordinates": [ -57.084544, -29.774615 ] } },
{ "type": "Feature", "properties": { "cnes": "9127429", "nome_fantasia": "CLINICA DA FAMILIA", "nome_empresarial": "VERDUM VERDUM LTDA ME", "tipo_unidade": "CONSULTORIO ISOLADO", "tipo_unidade_categoria": "clinica_ambulatorio", "tipo_estabelecimento": "AMBULATORIO", "endereco": "RUA DOMINGOS DE ALMEIDA, 3923, CASA, SAO MIGUEL", "cep": "97502854", "municipio": "URUGUAIANA", "uf": "RS", "telefone": "5534020244", "atende_sus": "N", "gestao": "M" }, "geometry": { "type": "Point", "coordinates": [ -57.084274291992188, -29.774602995573964 ] } },
{ "type": "Feature", "properties": { "cnes": "8347379", "nome_fantasia": "FARMACIA SAO JORGE", "nome_empresarial": "COMERCIAL DE MEDICAMENTOS FERRARELLI ROSSINI LTDA", "tipo_unidade": "FARMACIA", "tipo_unidade_categoria": "farmacia", "tipo_estabelecimento": "FARMACIA", "endereco": "PADRE ANCHIETA, 2848, SAO MIGUEL", "cep": "97502840", "municipio": "URUGUAIANA", "uf": "RS", "telefone": null, "atende_sus": "N", "gestao": "M" }, "geometry": { "type": "Point", "coordinates": [ -57.08466, -29.77363 ] } },
{ "type": "Feature", "properties": { "cnes": "3208281", "nome_fantasia": "PRE FORMULA RS FARMACIA DE MANIPULACAO", "nome_empresarial": "PRE FORMULA RS FARMACIA DE MANIPULACAO LTDA", "tipo_unidade": "FARMACIA", "tipo_unidade_categoria": "farmacia", "tipo_estabelecimento": "FARMACIA", "endereco": "DOMINGOS DE ALMEIDA, 3801, ANEXO A SANTA CASA, SAO MIGUEL", "cep": "97502854", "municipio": "URUGUAIANA", "uf": "RS", "telefone": null, "atende_sus": "N", "gestao": "M" }, "geometry": { "type": "Point", "coordinates": [ -57.084, -29.77301 ] } },
{ "type": "Feature", "properties": { "cnes": "0845884", "nome_fantasia": "LABORATORIO BIOSUL", "nome_empresarial": "BIOSUL ANALISES CLINICS S S LTDA", "tipo_unidade": "UNIDADE DE APOIO DIAGNOSE E TERAPIA (SADT ISOLADO)", "tipo_unidade_categoria": "laboratorio_apoio_diagnostico", "tipo_estabelecimento": "UNIDADE DE APOIO DIAGNOSTICO", "endereco": "DOMINGOS DE ALMEIDA, 3801, SAO MIGUEL", "cep": "97502854", "municipio": "URUGUAIANA", "uf": "RS", "telefone": null, "atende_sus": "N", "gestao": "M" }, "geometry": { "type": "Point", "coordinates": [ -57.08403, -29.77292 ] } },
{ "type": "Feature", "properties": { "cnes": "3065995", "nome_fantasia": "CLINICA DE OLHOS DR SONIA LUCIA GRAFULIN RAYMUNDI", "nome_empresarial": "CLINICA DE OLHOS", "tipo_unidade": "CONSULTORIO ISOLADO", "tipo_unidade_categoria": "clinica_ambulatorio", "tipo_estabelecimento": "AMBULATORIO", "endereco": "DOMINGOS DE ALMEIDA, 3684, SAO MIGUEL", "cep": "97502854", "municipio": "URUGUAIANA", "uf": "RS", "telefone": "(55)4124342", "atende_sus": "N", "gestao": "M" }, "geometry": { "type": "Point", "coordinates": [ -57.084766, -29.772641 ] } },
{ "type": "Feature", "properties": { "cnes": "2248190", "nome_fantasia": "SANTA CASA DE URUGUAIANA", "nome_empresarial": "SANTA CASA DE CARIDADE DE URUGUAIANA", "tipo_unidade": "HOSPITAL GERAL", "tipo_unidade_categoria": "hospital", "tipo_estabelecimento": "HOSPITAL", "endereco": "DOMINGOS DE ALMEIDA, 3801, SAO MIGUEL", "cep": "97502854", "municipio": "URUGUAIANA", "uf": "RS", "telefone": "(55) 3414-5500", "atende_sus": "S", "gestao": "E" }, "geometry": { "type": "Point", "coordinates": [ -57.084524, -29.772622 ] } },
{ "type": "Feature", "properties": { "cnes": "3944670", "nome_fantasia": "BANCO DE SANGUE DE URUGUAIANA", "nome_empresarial": "PREFEITURA MUNICIPAL DE URUGUAIANA", "tipo_unidade": "CENTRO DE ATENCAO HEMOTERAPIA E OU HEMATOLOGICA", "tipo_unidade_categoria": "outro", "tipo_estabelecimento": "UNIDADE DE ATENCAO HEMATOLOGICA E/OU HEMOTERAPICA", "endereco": "DOMINGOS DE ALMEIDA, 3801, SALA 08, SAO MIGUEL", "cep": "97502854", "municipio": "URUGUAIANA", "uf": "RS", "telefone": "55-3412-5588", "atende_sus": "S", "gestao": "M" }, "geometry": { "type": "Point", "coordinates": [ -57.084489, -29.772622 ] } },
{ "type": "Feature", "properties": { "cnes": "9421165", "nome_fantasia": "CLINICA MEDICA PAULO MARCEL COMIS RAMOS", "nome_empresarial": "PAULO MARCEL COMIS RAMOS CIA LTDA", "tipo_unidade": "CLINICA/CENTRO DE ESPECIALIDADE", "tipo_unidade_categoria": "clinica_ambulatorio", "tipo_estabelecimento": "AMBULATORIO", "endereco": "DOMINGOS DE ALMEIDA, 3684, SALA 702, SAO MIGUEL", "cep": "97502854", "municipio": "URUGUAIANA", "uf": "RS", "telefone": "55 34111208", "atende_sus": "N", "gestao": "M" }, "geometry": { "type": "Point", "coordinates": [ -57.084692, -29.772613 ] } },
{ "type": "Feature", "properties": { "cnes": "6530729", "nome_fantasia": "CONSULTORIO JULIO KAPPEL", "nome_empresarial": "CONSULTORIO JULIO KAPPEL", "tipo_unidade": "CONSULTORIO ISOLADO", "tipo_unidade_categoria": "clinica_ambulatorio", "tipo_estabelecimento": "AMBULATORIO", "endereco": "DOMINGOS DE ALMEIDA, S/N, CENTRO", "cep": "97502020", "municipio": "URUGUAIANA", "uf": "RS", "telefone": null, "atende_sus": "N", "gestao": "M" }, "geometry": { "type": "Point", "coordinates": [ -57.084759, -29.772582 ] } },
{ "type": "Feature", "properties": { "cnes": "4010612", "nome_fantasia": "GUSTAVO RIOS ROCHA", "nome_empresarial": "GUSTAVO RIOS ROCHA", "tipo_unidade": "UNIDADE DE APOIO DIAGNOSE E TERAPIA (SADT ISOLADO)", "tipo_unidade_categoria": "laboratorio_apoio_diagnostico", "tipo_estabelecimento": "UNIDADE DE APOIO DIAGNOSTICO", "endereco": "FERNANDO FERRARI, 855, IPIRANGA", "cep": "97507325", "municipio": "URUGUAIANA", "uf": "RS", "telefone": null, "atende_sus": "N", "gestao": "M" }, "geometry": { "type": "Point", "coordinates": [ -57.07398, -29.77474 ] } },
{ "type": "Feature", "properties": { "cnes": "0080306", "nome_fantasia": "UNIDADE SENTINELA EM SAUDE DO TRABALHADOR CAMINHONEIRO", "nome_empresarial": "UNIDADE SENTINELA EM SAUDE DO TRABALHADOR CAMINHONEIRO", "tipo_unidade": "UNIDADE DE VIGILANCIA EM SAUDE", "tipo_unidade_categoria": "vigilancia_saude", "tipo_estabelecimento": "CENTRO DE REFERENCIA EM SAUDE DO TRABALHADOR", "endereco": "RUA ADUANEIRO DISTRITO RODOVIARIO, S/N, CIDADE NOVA", "cep": "97513570", "municipio": "URUGUAIANA", "uf": "RS", "telefone": null, "atende_sus": "S", "gestao": "M" }, "geometry": { "type": "Point", "coordinates": [ -57.046565, -29.772448 ] } },
{ "type": "Feature", "properties": { "cnes": "8263116", "nome_fantasia": "VIVIANE HIPOLITO CHARAO", "nome_empresarial": "VIVIANE HIPOLITO CHARAO", "tipo_unidade": "CONSULTORIO ISOLADO", "tipo_unidade_categoria": "clinica_ambulatorio", "tipo_estabelecimento": "LABORATORIO DE PROTESE DENTARIA", "endereco": "ACARIO CARVALHO, 3641, IPIRANGA", "cep": "97507256", "municipio": "URUGUAIANA", "uf": "RS", "telefone": null, "atende_sus": "N", "gestao": "M" }, "geometry": { "type": "Point", "coordinates": [ -57.07602, -29.77137 ] } },
{ "type": "Feature", "properties": { "cnes": "0254193", "nome_fantasia": "SAO JOAO FARMACIAS", "nome_empresarial": "COMERCIO DE MEDICAMENTOS BRAIR LTDA", "tipo_unidade": "FARMACIA", "tipo_unidade_categoria": "farmacia", "tipo_estabelecimento": "FARMACIA", "endereco": "SANTOS DUMONT, 460, RUI RAMOS", "cep": "97507001", "municipio": "URUGUAIANA", "uf": "RS", "telefone": null, "atende_sus": "N", "gestao": "M" }, "geometry": { "type": "Point", "coordinates": [ -57.06792, -29.770979 ] } },
{ "type": "Feature", "properties": { "cnes": "3067750", "nome_fantasia": "SIND DOS TRAB EM TRANSPORTES RODOVIARIOS DE URUGUAIANA", "nome_empresarial": "SIND DOS TRAB EM TRANSPORTES RODOVIARIOS DE URUGUAIANA", "tipo_unidade": "CONSULTORIO ISOLADO", "tipo_unidade_categoria": "clinica_ambulatorio", "tipo_estabelecimento": "AMBULATORIO", "endereco": "RUA FELIX GRIVOT, 355, MENDIZABAL", "cep": "97507029", "municipio": "URUGUAIANA", "uf": "RS", "telefone": "(55)4131344", "atende_sus": "N", "gestao": "M" }, "geometry": { "type": "Point", "coordinates": [ -57.069893, -29.770655 ] } },
{ "type": "Feature", "properties": { "cnes": "1155318", "nome_fantasia": "MIRIA CRISTINA DA SILVA CARVALHO", "nome_empresarial": "MIRIA CRISTINA DA SILVA CARVALHO", "tipo_unidade": "CONSULTORIO ISOLADO", "tipo_unidade_categoria": "clinica_ambulatorio", "tipo_estabelecimento": "AMBULATORIO", "endereco": "RUA ROMAGUEIRA CORREA, 1068, CIDADE ALEGRIA", "cep": "97511184", "municipio": "URUGUAIANA", "uf": "RS", "telefone": null, "atende_sus": "N", "gestao": "M" }, "geometry": { "type": "Point", "coordinates": [ -57.0658314, -29.769776 ] } },
{ "type": "Feature", "properties": { "cnes": "3938336", "nome_fantasia": "ESF 18 PROFILURB", "nome_empresarial": "PREFEITURA MUNICIPAL DE URUGUAIANA", "tipo_unidade": "CENTRO DE SAUDE/UNIDADE BASICA", "tipo_unidade_categoria": "ubs_esf", "tipo_estabelecimento": "UNIDADE BASICA DE SAUDE", "endereco": "RUA PAINEIRAS, S/N, PROFILURB", "cep": "97511168", "municipio": "URUGUAIANA", "uf": "RS", "telefone": "5534116277", "atende_sus": "S", "gestao": "M" }, "geometry": { "type": "Point", "coordinates": [ -57.0651548, -29.769346899999988 ] } },
{ "type": "Feature", "properties": { "cnes": "6904947", "nome_fantasia": "SEST SERVICO SOCIAL DO TRANSPORTE", "nome_empresarial": "SEST SERVICO SOCIAL DO TRANSPORTE", "tipo_unidade": "CONSULTORIO ISOLADO", "tipo_unidade_categoria": "clinica_ambulatorio", "tipo_estabelecimento": "AMBULATORIO", "endereco": "GENERAL JOSE SAN MARTIN, 3601, DISTRITO RODOVIARIO", "cep": "97513450", "municipio": "URUGUAIANA", "uf": "RS", "telefone": null, "atende_sus": "N", "gestao": "M" }, "geometry": { "type": "Point", "coordinates": [ -57.05743, -29.76901 ] } },
{ "type": "Feature", "properties": { "cnes": "3065138", "nome_fantasia": "SEST SERVICO SOCIAL DO TRANSPORTE", "nome_empresarial": "SEST SERVICO SOCIAL DO TRANSPORTE", "tipo_unidade": "CONSULTORIO ISOLADO", "tipo_unidade_categoria": "clinica_ambulatorio", "tipo_estabelecimento": "AMBULATORIO", "endereco": "BR 290, S/N, POSTO IMIGRANTES, BR 290", "cep": "97513611", "municipio": "URUGUAIANA", "uf": "RS", "telefone": "(55)4131965", "atende_sus": "N", "gestao": "M" }, "geometry": { "type": "Point", "coordinates": [ -57.057205, -29.76895 ] } },
{ "type": "Feature", "properties": { "cnes": "3066479", "nome_fantasia": "CONSULTORIO ODONTOLOGICO DR MARCIO JOSE HICKMANN", "nome_empresarial": "CONSULTORIO ODONTOLOGICO", "tipo_unidade": "CONSULTORIO ISOLADO", "tipo_unidade_categoria": "clinica_ambulatorio", "tipo_estabelecimento": "AMBULATORIO", "endereco": "RUA BENJAMIN CONSTANT, 3289, CENTRO", "cep": "97502598", "municipio": "URUGUAIANA", "uf": "RS", "telefone": "( )", "atende_sus": "N", "gestao": "M" }, "geometry": { "type": "Point", "coordinates": [ -57.07632, -29.76882 ] } },
{ "type": "Feature", "properties": { "cnes": "4291743", "nome_fantasia": "FARMACIAS SAO JORGE", "nome_empresarial": "ASMAR COMERCIO DE MEDICAMENTOS LTDA", "tipo_unidade": "FARMACIA", "tipo_unidade_categoria": "farmacia", "tipo_estabelecimento": "FARMACIA", "endereco": "AVENIDA SETEMBRINO DE CARVALHO, 495, SALA B, VILA JULIA", "cep": "97507665", "municipio": "URUGUAIANA", "uf": "RS", "telefone": null, "atende_sus": "N", "gestao": "M" }, "geometry": { "type": "Point", "coordinates": [ -57.0799, -29.77645 ] } },
{ "type": "Feature", "properties": { "cnes": "6673791", "nome_fantasia": "INSTITUTO DE CARDIOLOGIA DE URUGUAIANA LTDA", "nome_empresarial": "INSTITUTO DE CARDIOLOGIA DE URUGUAIANA LTDA", "tipo_unidade": "UNIDADE DE APOIO DIAGNOSE E TERAPIA (SADT ISOLADO)", "tipo_unidade_categoria": "laboratorio_apoio_diagnostico", "tipo_estabelecimento": "AMBULATORIO", "endereco": "DOMINGOS DE ALMEIDA, 3801, CENTRO", "cep": "97502854", "municipio": "URUGUAIANA", "uf": "RS", "telefone": null, "atende_sus": "N", "gestao": "M" }, "geometry": { "type": "Point", "coordinates": [ -57.0837, -29.772876 ] } },
{ "type": "Feature", "properties": { "cnes": "2247429", "nome_fantasia": "CLINICA RENAL DE URUGUAIANA", "nome_empresarial": "PREFEITURA MUNICIPAL DE URUGUAIANA", "tipo_unidade": "CLINICA/CENTRO DE ESPECIALIDADE", "tipo_unidade_categoria": "clinica_ambulatorio", "tipo_estabelecimento": "ESTABELECIMENTO HOSPITALAR EM TRS", "endereco": "RUA DOMINGOS DE ALMEIDA, 3801, SAO MIGUEL", "cep": "97502854", "municipio": "URUGUAIANA", "uf": "RS", "telefone": "(55) 34126110", "atende_sus": "S", "gestao": "M" }, "geometry": { "type": "Point", "coordinates": [ -57.083086, -29.772368 ] } },
{ "type": "Feature", "properties": { "cnes": "2247356", "nome_fantasia": "UNIDADE DE SAUDE PLANO ALTO 12", "nome_empresarial": "PREFEITURA MUNICIPAL DE URUGUAIANA", "tipo_unidade": "POSTO DE SAUDE", "tipo_unidade_categoria": "ubs_esf", "tipo_estabelecimento": "UNIDADE BASICA DE SAUDE", "endereco": "RUA 2, 268, PLANO ALTO", "cep": "97501974", "municipio": "URUGUAIANA", "uf": "RS", "telefone": "(55) 4121998", "atende_sus": "S", "gestao": "M" }, "geometry": { "type": "Point", "coordinates": [ -57.0829466, -29.7655123 ] } },
{ "type": "Feature", "properties": { "cnes": "0675733", "nome_fantasia": "CONSULTORIO DE PSICOLOGIA ROSE MARY PEREIRA CASTANHO", "nome_empresarial": "ROSE MARY PEREIRA CASTANHO", "tipo_unidade": "CONSULTORIO ISOLADO", "tipo_unidade_categoria": "clinica_ambulatorio", "tipo_estabelecimento": "AMBULATORIO", "endereco": "GENERAL CAMARA, 2856, SALA 102, CENTRO", "cep": "97502756", "municipio": "URUGUAIANA", "uf": "RS", "telefone": null, "atende_sus": "N", "gestao": "M" }, "geometry": { "type": "Point", "coordinates": [ -57.08328, -29.76484 ] } },
{ "type": "Feature", "properties": { "cnes": "5873541", "nome_fantasia": "JESSICA JACQUES GOMES LTDA", "nome_empresarial": "JESSICA JACQUES GOMES LTDA", "tipo_unidade": "CLINICA/CENTRO DE ESPECIALIDADE", "tipo_unidade_categoria": "clinica_ambulatorio", "tipo_estabelecimento": "AMBULATORIO", "endereco": "FLORES DA CUNHA, 2676, SALA 602, SAO MIGUEL", "cep": "97502732", "municipio": "URUGUAIANA", "uf": "RS", "telefone": null, "atende_sus": "N", "gestao": "M" }, "geometry": { "type": "Point", "coordinates": [ -57.07999, -29.76325 ] } },
{ "type": "Feature", "properties": { "cnes": "8032025", "nome_fantasia": "MEDCLIN", "nome_empresarial": "MEDCLIN LTDA", "tipo_unidade": "CLINICA/CENTRO DE ESPECIALIDADE", "tipo_unidade_categoria": "clinica_ambulatorio", "tipo_estabelecimento": "AMBULATORIO", "endereco": "FLORESDA CUNHA, 2676, APTO 402, SAO MIGUEL", "cep": "97502732", "municipio": "URUGUAIANA", "uf": "RS", "telefone": null, "atende_sus": "N", "gestao": "M" }, "geometry": { "type": "Point", "coordinates": [ -57.07998, -29.76323 ] } },
{ "type": "Feature", "properties": { "cnes": "8086044", "nome_fantasia": "RIHAM MAHMOUD BARAKAT LTDA", "nome_empresarial": "RIHAM MAHMOUD BARAKAT LTDA", "tipo_unidade": "CLINICA/CENTRO DE ESPECIALIDADE", "tipo_unidade_categoria": "clinica_ambulatorio", "tipo_estabelecimento": "AMBULATORIO", "endereco": "FLORES DA CUNHA, 2676, 201, SAO MIGUEL", "cep": "97502732", "municipio": "URUGUAIANA", "uf": "RS", "telefone": null, "atende_sus": "N", "gestao": "M" }, "geometry": { "type": "Point", "coordinates": [ -57.08017, -29.76319 ] } },
{ "type": "Feature", "properties": { "cnes": "9250409", "nome_fantasia": "ODONTOLOGIA FRANCA", "nome_empresarial": "CRISTIANE LINDEMAYER DE OLIVEIRA FRANCA", "tipo_unidade": "CONSULTORIO ISOLADO", "tipo_unidade_categoria": "clinica_ambulatorio", "tipo_estabelecimento": "AMBULATORIO", "endereco": "FLORES DA CUNHA, 2672, 01, SAO MIGUEL", "cep": "97501974", "municipio": "URUGUAIANA", "uf": "RS", "telefone": null, "atende_sus": "N", "gestao": "M" }, "geometry": { "type": "Point", "coordinates": [ -57.079828, -29.763137 ] } },
{ "type": "Feature", "properties": { "cnes": "9250301", "nome_fantasia": "ODONTOLOGIA FRANCA", "nome_empresarial": "DANIEL MACHADO DE FRANCA", "tipo_unidade": "CONSULTORIO ISOLADO", "tipo_unidade_categoria": "clinica_ambulatorio", "tipo_estabelecimento": "AMBULATORIO", "endereco": "FLORES DA CUNHA, 2672, SAO MIGUEL", "cep": "97501974", "municipio": "URUGUAIANA", "uf": "RS", "telefone": null, "atende_sus": "N", "gestao": "M" }, "geometry": { "type": "Point", "coordinates": [ -57.079903, -29.76309 ] } },
{ "type": "Feature", "properties": { "cnes": "9359281", "nome_fantasia": "GTAE GRUPO DE TRABALHO AMOR ESPECIAL", "nome_empresarial": "GTAE GRUPO DE TRABALHO AMOR ESPECIAL", "tipo_unidade": "CONSULTORIO ISOLADO", "tipo_unidade_categoria": "clinica_ambulatorio", "tipo_estabelecimento": "AMBULATORIO", "endereco": "BR 472 VILA DO ACUDE, S/N, KM 428, VILA DO ACUDE", "cep": "97501974", "municipio": "URUGUAIANA", "uf": "RS", "telefone": null, "atende_sus": "N", "gestao": "M" }, "geometry": { "type": "Point", "coordinates": [ -57.079403, -29.7684 ] } },
{ "type": "Feature", "properties": { "cnes": "0266701", "nome_fantasia": "SAO JOAO FARMACIAS", "nome_empresarial": "COMERCIO DE MEDICAMENTOS BRAIR LTDA", "tipo_unidade": "FARMACIA", "tipo_unidade_categoria": "farmacia", "tipo_estabelecimento": "FARMACIA", "endereco": "BENJAMIN CONSTANT, 2879, SAO JOAO", "cep": "97502598", "municipio": "URUGUAIANA", "uf": "RS", "telefone": null, "atende_sus": "N", "gestao": "M" }, "geometry": { "type": "Point", "coordinates": [ -57.076443, -29.764988 ] } },
{ "type": "Feature", "properties": { "cnes": "4556895", "nome_fantasia": "CLINICA DESPERTAR", "nome_empresarial": "CRESTANI BASTOS LTDA", "tipo_unidade": "CONSULTORIO ISOLADO", "tipo_unidade_categoria": "clinica_ambulatorio", "tipo_estabelecimento": "AMBULATORIO", "endereco": "PRADO LIMA, 3615, SAO JOAO", "cep": "97502584", "municipio": "URUGUAIANA", "uf": "RS", "telefone": null, "atende_sus": "N", "gestao": "M" }, "geometry": { "type": "Point", "coordinates": [ -57.07744, -29.76495 ] } },
{ "type": "Feature", "properties": { "cnes": "9061487", "nome_fantasia": "LABORATORIO DE MONITORAMENTO DE INFECCOES HIV", "nome_empresarial": "MUNICIPIO DE URUGUAIANA", "tipo_unidade": "LABORATORIO DE SAUDE PUBLICA", "tipo_unidade_categoria": "laboratorio_apoio_diagnostico", "tipo_estabelecimento": "UNIDADE DE APOIO DIAGNOSTICO", "endereco": "BR 472 KM 592, 01, INTERIOR", "cep": "97508000", "municipio": "URUGUAIANA", "uf": "RS", "telefone": null, "atende_sus": "S", "gestao": "M" }, "geometry": { "type": "Point", "coordinates": [ -57.044179, -29.764258 ] } },
{ "type": "Feature", "properties": { "cnes": "2247100", "nome_fantasia": "ESF 03 CIDADE NOVA", "nome_empresarial": "PREFEITURA MUNICIPAL DE URUGUAIANA", "tipo_unidade": "CENTRO DE SAUDE/UNIDADE BASICA", "tipo_unidade_categoria": "ubs_esf", "tipo_estabelecimento": "UNIDADE BASICA DE SAUDE", "endereco": "ALCIDES TREIN, 01, TRAVESSA 02, CIDADE NOVA", "cep": "97511430", "municipio": "URUGUAIANA", "uf": "RS", "telefone": "5534116277", "atende_sus": "S", "gestao": "M" }, "geometry": { "type": "Point", "coordinates": [ -57.0562826, -29.7635503 ] } },
{ "type": "Feature", "properties": { "cnes": "9893431", "nome_fantasia": "CENTRO MUNICIPAL DE FISIOTERAPIA", "nome_empresarial": "CENTRO MUNICIPAL DE FISIOTERAPIA", "tipo_unidade": "CLINICA/CENTRO DE ESPECIALIDADE", "tipo_unidade_categoria": "clinica_ambulatorio", "tipo_estabelecimento": "AMBULATORIO", "endereco": "BRASIL LAGO, S/N, SAO JOAO", "cep": "97502436", "municipio": "URUGUAIANA", "uf": "RS", "telefone": "39113000", "atende_sus": "S", "gestao": "M" }, "geometry": { "type": "Point", "coordinates": [ -57.078581, -29.762993 ] } },
{ "type": "Feature", "properties": { "cnes": "9740805", "nome_fantasia": "FARMACIA BASICA DE URUGUAIANA", "nome_empresarial": "FARMACIA BASICA DE URUGUAIANA", "tipo_unidade": "FARMACIA", "tipo_unidade_categoria": "farmacia", "tipo_estabelecimento": "FARMACIA", "endereco": "CEL BRASIL LAGO, 348, SAO JOAO", "cep": "97502436", "municipio": "URUGUAIANA", "uf": "RS", "telefone": null, "atende_sus": "S", "gestao": "M" }, "geometry": { "type": "Point", "coordinates": [ -57.078166, -29.762556 ] } },
{ "type": "Feature", "properties": { "cnes": "2896478", "nome_fantasia": "ESF 23 SANTO ANTONIO", "nome_empresarial": "MUNICIPIO DE URUGUAIANA", "tipo_unidade": "CENTRO DE SAUDE/UNIDADE BASICA", "tipo_unidade_categoria": "ubs_esf", "tipo_estabelecimento": "UNIDADE BASICA DE SAUDE", "endereco": "BENTO GONCALVES, 2550, SANTO ANTONIO", "cep": "97501816", "municipio": "URUGUAIANA", "uf": "RS", "telefone": null, "atende_sus": "S", "gestao": "M" }, "geometry": { "type": "Point", "coordinates": [ -57.07367, -29.76239 ] } },
{ "type": "Feature", "properties": { "cnes": "2247259", "nome_fantasia": "ESF 15 HIPICA I E II", "nome_empresarial": "PREFEITURA MUNICIPAL DE URUGUAIANA", "tipo_unidade": "CENTRO DE SAUDE/UNIDADE BASICA", "tipo_unidade_categoria": "ubs_esf", "tipo_estabelecimento": "UNIDADE BASICA DE SAUDE", "endereco": "BRAZ LIMONGE, 330, HIPICA I E II", "cep": "97511680", "municipio": "URUGUAIANA", "uf": "RS", "telefone": "5534116277", "atende_sus": "S", "gestao": "M" }, "geometry": { "type": "Point", "coordinates": [ -57.05392, -29.76101 ] } },
{ "type": "Feature", "properties": { "cnes": "0658669", "nome_fantasia": "FARMACIA NO BAIRRO HIPICA", "nome_empresarial": "MUNICIPIO DE URUGUAIANA", "tipo_unidade": "FARMACIA", "tipo_unidade_categoria": "farmacia", "tipo_estabelecimento": "FARMACIA", "endereco": "BRAZ LIMONGE, 330, HIPICA", "cep": "97511680", "municipio": "URUGUAIANA", "uf": "RS", "telefone": null, "atende_sus": "S", "gestao": "M" }, "geometry": { "type": "Point", "coordinates": [ -57.0535, -29.76091 ] } },
{ "type": "Feature", "properties": { "cnes": "9512691", "nome_fantasia": "PROTRAUMA FISIOTERAPIA", "nome_empresarial": "PROTRAUMA CENTRO DE REABILITACAO FISIOTERAPIA LTDA", "tipo_unidade": "CLINICA/CENTRO DE ESPECIALIDADE", "tipo_unidade_categoria": "clinica_ambulatorio", "tipo_estabelecimento": "AMBULATORIO", "endereco": "DOMINGOS DE ALMEIDA, 2646, SAO MIGUEL", "cep": "97502768", "municipio": "URUGUAIANA", "uf": "RS", "telefone": "55 34021888", "atende_sus": "N", "gestao": "M" }, "geometry": { "type": "Point", "coordinates": [ -57.084693, -29.763005 ] } },
{ "type": "Feature", "properties": { "cnes": "9330860", "nome_fantasia": "VIP ODONTOLOGIA EIRELI", "nome_empresarial": "VIP ODONTOLOGIA EIRELI", "tipo_unidade": "CONSULTORIO ISOLADO", "tipo_unidade_categoria": "clinica_ambulatorio", "tipo_estabelecimento": "AMBULATORIO", "endereco": "DOMINGOS DE ALMEIDA, 2479, CENTRO", "cep": "97501687", "municipio": "URUGUAIANA", "uf": "RS", "telefone": null, "atende_sus": "N", "gestao": "M" }, "geometry": { "type": "Point", "coordinates": [ -57.084231, -29.761489 ] } },
{ "type": "Feature", "properties": { "cnes": "6853536", "nome_fantasia": "VIDA ODONTOLOGIA", "nome_empresarial": "VIDA ODONTOLOGIA", "tipo_unidade": "CONSULTORIO ISOLADO", "tipo_unidade_categoria": "clinica_ambulatorio", "tipo_estabelecimento": "AMBULATORIO", "endereco": "DOMINGOS DE ALMEIDA, 2479, CENTRO", "cep": "97501687", "municipio": "URUGUAIANA", "uf": "RS", "telefone": null, "atende_sus": "N", "gestao": "M" }, "geometry": { "type": "Point", "coordinates": [ -57.084413, -29.76148 ] } },
{ "type": "Feature", "properties": { "cnes": "0192422", "nome_fantasia": "VIP ODONTOLOGIA LTDA", "nome_empresarial": "VIP ODONTOLOGIA LTDA", "tipo_unidade": "CLINICA/CENTRO DE ESPECIALIDADE", "tipo_unidade_categoria": "clinica_ambulatorio", "tipo_estabelecimento": "AMBULATORIO", "endereco": "DOMINGOS DE ALMEIDA, 2479, CENTRO", "cep": "97501687", "municipio": "URUGUAIANA", "uf": "RS", "telefone": null, "atende_sus": "N", "gestao": "M" }, "geometry": { "type": "Point", "coordinates": [ -57.084514, -29.761405 ] } },
{ "type": "Feature", "properties": { "cnes": "9582592", "nome_fantasia": "DAIANNY MACEDO DE SOUSA REGO", "nome_empresarial": "DAIANNY MACEDO DE SOUSA REGO", "tipo_unidade": "CONSULTORIO ISOLADO", "tipo_unidade_categoria": "clinica_ambulatorio", "tipo_estabelecimento": "AMBULATORIO", "endereco": "JULIO DE CASTILHOS, 2912, CENTRO", "cep": "97501670", "municipio": "URUGUAIANA", "uf": "RS", "telefone": "55 34114869", "atende_sus": "N", "gestao": "M" }, "geometry": { "type": "Point", "coordinates": [ -57.084183, -29.76107 ] } },
{ "type": "Feature", "properties": { "cnes": "2940426", "nome_fantasia": "CIRURGIA MAXILOFACIAL FABIANO C BRITES LTDA", "nome_empresarial": "CIRURGIA MAXILOFACIAL FABIANO C BRITES LTDA", "tipo_unidade": "CONSULTORIO ISOLADO", "tipo_unidade_categoria": "clinica_ambulatorio", "tipo_estabelecimento": "AMBULATORIO", "endereco": "JULIO DE CASTILHOS, 2899, CENTRO", "cep": "97501670", "municipio": "URUGUAIANA", "uf": "RS", "telefone": null, "atende_sus": "N", "gestao": "M" }, "geometry": { "type": "Point", "coordinates": [ -57.08463, -29.76094 ] } },
{ "type": "Feature", "properties": { "cnes": "0651737", "nome_fantasia": "MAIS DENTE URUGUAIANA LTDA", "nome_empresarial": "MAIS DENTE URUGUAIANA LTDA", "tipo_unidade": "CONSULTORIO ISOLADO", "tipo_unidade_categoria": "clinica_ambulatorio", "tipo_estabelecimento": "AMBULATORIO", "endereco": "JULIO DE CASTILHOS, 2835, CENTRO", "cep": "97501698", "municipio": "URUGUAIANA", "uf": "RS", "telefone": null, "atende_sus": "N", "gestao": "M" }, "geometry": { "type": "Point", "coordinates": [ -57.08461, -29.76087 ] } },
{ "type": "Feature", "properties": { "cnes": "9275282", "nome_fantasia": "SERVICO DE ENDOSCOPIA DIGESTIVA", "nome_empresarial": "SERVICO DE ENDOSCOPIA DIGESTIVA SS LTDA EPP", "tipo_unidade": "CONSULTORIO ISOLADO", "tipo_unidade_categoria": "clinica_ambulatorio", "tipo_estabelecimento": "AMBULATORIO", "endereco": "JULIO DE CASTILHOS, 2835, 204, CENTRO", "cep": "97501974", "municipio": "URUGUAIANA", "uf": "RS", "telefone": null, "atende_sus": "N", "gestao": "M" }, "geometry": { "type": "Point", "coordinates": [ -57.084692, -29.760828 ] } },
{ "type": "Feature", "properties": { "cnes": "9763309", "nome_fantasia": "TIAGO GIORDANI CAMICIA", "nome_empresarial": "TIAGO GIORDANI CAMICIA", "tipo_unidade": "CONSULTORIO ISOLADO", "tipo_unidade_categoria": "clinica_ambulatorio", "tipo_estabelecimento": "AMBULATORIO", "endereco": "TREZE DE MAIO, 2506, CENTRO", "cep": "97503284", "municipio": "URUGUAIANA", "uf": "RS", "telefone": "(55) 999885363", "atende_sus": "N", "gestao": "M" }, "geometry": { "type": "Point", "coordinates": [ -57.084649, -29.7608 ] } },
{ "type": "Feature", "properties": { "cnes": "3778401", "nome_fantasia": "VIDA ATIVA", "nome_empresarial": "VIDA ATIVA FISIOTERAPIA E ESTETICA LTDA", "tipo_unidade": "CLINICA/CENTRO DE ESPECIALIDADE", "tipo_unidade_categoria": "clinica_ambulatorio", "tipo_estabelecimento": "AMBULATORIO", "endereco": "RUA JULIO DE CASTILHOS, 2835, SALA 301 302, CENTRO", "cep": "97501698", "municipio": "URUGUAIANA", "uf": "RS", "telefone": "55-3411-2221", "atende_sus": "N", "gestao": "M" }, "geometry": { "type": "Point", "coordinates": [ -57.084509, -29.7608 ] } },
{ "type": "Feature", "properties": { "cnes": "0919543", "nome_fantasia": "SAMU MOTOLANCIA 02 192 URUGUAIANA", "nome_empresarial": "PREFEITURA MUNICIPAL DE URUGUAIANA", "tipo_unidade": "UNIDADE MOVEL DE NIVEL PRE-HOSPITALAR NA AREA DE URGENCIA", "tipo_unidade_categoria": "outro", "tipo_estabelecimento": "PRONTO ATENDIMENTO", "endereco": "JULIIO DE CASTILHOS, 1645, BELA VISTA", "cep": "97501777", "municipio": "URUGUAIANA", "uf": "RS", "telefone": null, "atende_sus": "S", "gestao": "M" }, "geometry": { "type": "Point", "coordinates": [ -57.06627, -29.76089 ] } },
{ "type": "Feature", "properties": { "cnes": "2247348", "nome_fantasia": "UNIDADE DE SAUDE JOAO ARREGUI 11", "nome_empresarial": "PREFEITURA MUNICIPAL DE URUGUAIANA", "tipo_unidade": "POSTO DE SAUDE", "tipo_unidade_categoria": "ubs_esf", "tipo_estabelecimento": "UNIDADE BASICA DE SAUDE", "endereco": "JOAO ROSSI, S/N, JOAO ARREGUI", "cep": "97501974", "municipio": "URUGUAIANA", "uf": "RS", "telefone": "55996164577", "atende_sus": "S", "gestao": "M" }, "geometry": { "type": "Point", "coordinates": [ -57.0541746, -29.7603007 ] } },
{ "type": "Feature", "properties": { "cnes": "8340560", "nome_fantasia": "FARMACIA DA UBS 11 JOAO ARREGUI", "nome_empresarial": "MUNICIPIO DE URUGUAIANA", "tipo_unidade": "FARMACIA", "tipo_unidade_categoria": "farmacia", "tipo_estabelecimento": "FARMACIA", "endereco": "JOAO ROSSI, S/N, JOAO ARREGUI", "cep": "97501974", "municipio": "URUGUAIANA", "uf": "RS", "telefone": null, "atende_sus": "S", "gestao": "M" }, "geometry": { "type": "Point", "coordinates": [ -57.05417, -29.76004 ] } },
{ "type": "Feature", "properties": { "cnes": "9846999", "nome_fantasia": "PROTEGER AS CONS E TREIN SAUDE SEG TRAB MEIO AMB", "nome_empresarial": "CRISTINA FUNGHETTO HASSE", "tipo_unidade": "CONSULTORIO ISOLADO", "tipo_unidade_categoria": "clinica_ambulatorio", "tipo_estabelecimento": "AMBULATORIO", "endereco": "DR MAIA, 4520, SALA 2, SAO JOAO", "cep": "97502496", "municipio": "URUGUAIANA", "uf": "RS", "telefone": null, "atende_sus": "N", "gestao": "M" }, "geometry": { "type": "Point", "coordinates": [ -57.067712, -29.759656 ] } },
{ "type": "Feature", "properties": { "cnes": "0033332", "nome_fantasia": "ALLMED MATERIAIS CIRURGICOS", "nome_empresarial": "ALLMED MATERIAIS CIRURGICOS LTDA", "tipo_unidade": "OFICINA ORTOPEDICA", "tipo_unidade_categoria": "outro", "tipo_estabelecimento": "UNIDADE DE REABILITACAO", "endereco": "PRESIDENTE GETULIO VARGAS, 4374, SALA 02, SANTANA", "cep": "97502310", "municipio": "URUGUAIANA", "uf": "RS", "telefone": "55 96773192", "atende_sus": "N", "gestao": "M" }, "geometry": { "type": "Point", "coordinates": [ -57.061522, -29.759565 ] } },
{ "type": "Feature", "properties": { "cnes": "8301905", "nome_fantasia": "PROCLIN", "nome_empresarial": "PROCLIN PRODUTOS CLINICOS LTDA", "tipo_unidade": "FARMACIA", "tipo_unidade_categoria": "farmacia", "tipo_estabelecimento": "FARMACIA", "endereco": "DOUTOR MAIA, 3865, SAO JOAO", "cep": "97502377", "municipio": "URUGUAIANA", "uf": "RS", "telefone": null, "atende_sus": "N", "gestao": "M" }, "geometry": { "type": "Point", "coordinates": [ -57.07457, -29.7593 ] } },
{ "type": "Feature", "properties": { "cnes": "2992124", "nome_fantasia": "SAO JOAO FARMACIAS", "nome_empresarial": "COMERCIO DE MEDICAMENTOS BRAIR LTDA", "tipo_unidade": "FARMACIA", "tipo_unidade_categoria": "farmacia", "tipo_estabelecimento": "FARMACIA", "endereco": "DOUTOR MAIA, 4237, SAO JOAO", "cep": "97502295", "municipio": "URUGUAIANA", "uf": "RS", "telefone": null, "atende_sus": "N", "gestao": "M" }, "geometry": { "type": "Point", "coordinates": [ -57.07063, -29.75925 ] } },
{ "type": "Feature", "properties": { "cnes": "9800611", "nome_fantasia": "VIDA ODONTOLOGIA", "nome_empresarial": "CLEUSA DAL MOLIN ANDRES", "tipo_unidade": "CONSULTORIO ISOLADO", "tipo_unidade_categoria": "clinica_ambulatorio", "tipo_estabelecimento": "AMBULATORIO", "endereco": "PRESIDENTE VARGAS, 2459, CENTRO", "cep": "97501535", "municipio": "URUGUAIANA", "uf": "RS", "telefone": null, "atende_sus": "N", "gestao": "M" }, "geometry": { "type": "Point", "coordinates": [ -57.063804, -29.758983 ] } },
{ "type": "Feature", "properties": { "cnes": "6530737", "nome_fantasia": "CONSULTORIO MARCIA COSTA RIBEIRO", "nome_empresarial": "CONSULTORIO MARCIA COSTA RIBEIRO", "tipo_unidade": "CONSULTORIO ISOLADO", "tipo_unidade_categoria": "clinica_ambulatorio", "tipo_estabelecimento": "AMBULATORIO", "endereco": "PRESIDENTE VARGAS, 2671, CENTRO", "cep": "97501710", "municipio": "URUGUAIANA", "uf": "RS", "telefone": null, "atende_sus": "N", "gestao": "M" }, "geometry": { "type": "Point", "coordinates": [ -57.066043, -29.758574 ] } },
{ "type": "Feature", "properties": { "cnes": "7140703", "nome_fantasia": "CONSULTORIO ODONTOLOGICO VANESSA CALVI DOMINGUES", "nome_empresarial": "CONSULTORIO ODONTOLOGICO VANESSA CALVI DOMINGUES", "tipo_unidade": "CONSULTORIO ISOLADO", "tipo_unidade_categoria": "clinica_ambulatorio", "tipo_estabelecimento": "AMBULATORIO", "endereco": "PRESIDENTE VARGAS, 2671, CENTRO", "cep": "97501513", "municipio": "URUGUAIANA", "uf": "RS", "telefone": null, "atende_sus": "N", "gestao": "M" }, "geometry": { "type": "Point", "coordinates": [ -57.065711, -29.75849 ] } },
{ "type": "Feature", "properties": { "cnes": "7217064", "nome_fantasia": "CONSULTORIO ODONTOLOGICO JOSE EDISON RIESINGER TRAMUNT", "nome_empresarial": "CONSULTORIO ODONTOLOGICO JOSE EDISON RIESINGER TRAMUNT", "tipo_unidade": "CONSULTORIO ISOLADO", "tipo_unidade_categoria": "clinica_ambulatorio", "tipo_estabelecimento": "AMBULATORIO", "endereco": "GENERAL CAMARA, 2390, CENTRO", "cep": "97501674", "municipio": "URUGUAIANA", "uf": "RS", "telefone": null, "atende_sus": "N", "gestao": "M" }, "geometry": { "type": "Point", "coordinates": [ -57.08316, -29.760581 ] } },
{ "type": "Feature", "properties": { "cnes": "9915664", "nome_fantasia": "ODONTO VIP EIRELI", "nome_empresarial": "ODONTO VIP EIRELI", "tipo_unidade": "CLINICA/CENTRO DE ESPECIALIDADE", "tipo_unidade_categoria": "clinica_ambulatorio", "tipo_estabelecimento": "AMBULATORIO", "endereco": "SETE DE SETEMBRO, 1068, VILA JULIA", "cep": "97507728", "municipio": "URUGUAIANA", "uf": "RS", "telefone": "54 33781210", "atende_sus": "N", "gestao": "M" }, "geometry": { "type": "Point", "coordinates": [ -57.082600593566895, -29.760018596736327 ] } },
{ "type": "Feature", "properties": { "cnes": "4261275", "nome_fantasia": "CLINICA DA SAUDE VISUAL OPTOMETRIA", "nome_empresarial": "LUCAS GONCALVES PORTO", "tipo_unidade": "CONSULTORIO ISOLADO", "tipo_unidade_categoria": "clinica_ambulatorio", "tipo_estabelecimento": "AMBULATORIO", "endereco": "DR MAIA, 3048, CENTRO", "cep": "97501676", "municipio": "URUGUAIANA", "uf": "RS", "telefone": null, "atende_sus": "N", "gestao": "M" }, "geometry": { "type": "Point", "coordinates": [ -57.08296, -29.75981 ] } },
{ "type": "Feature", "properties": { "cnes": "4260139", "nome_fantasia": "CRAM CENTRO DE REFERENCIA DE ATENDIMENTO A MULHER VITIMA D", "nome_empresarial": "MUNICIPIO DE URUGUAIANA", "tipo_unidade": "CLINICA/CENTRO DE ESPECIALIDADE", "tipo_unidade_categoria": "clinica_ambulatorio", "tipo_estabelecimento": "AMBULATORIO", "endereco": "DR MAIA, 3112, CENTRO", "cep": "97501676", "municipio": "URUGUAIANA", "uf": "RS", "telefone": null, "atende_sus": "S", "gestao": "M" }, "geometry": { "type": "Point", "coordinates": [ -57.08229, -29.75974 ] } },
{ "type": "Feature", "properties": { "cnes": "3241416", "nome_fantasia": "UNIDADE MOVEL DE SAUDE URUGUAIANA", "nome_empresarial": "UNIDADE MOVEL DE SAUDE URUGUAIANA", "tipo_unidade": "UNIDADE MOVEL TERRESTRE", "tipo_unidade_categoria": "outro", "tipo_estabelecimento": "UNIDADE BASICA DE SAUDE", "endereco": "PRESIDENTE VARGAS, 2948, CENTRO", "cep": "97501974", "municipio": "URUGUAIANA", "uf": "RS", "telefone": null, "atende_sus": "S", "gestao": "M" }, "geometry": { "type": "Point", "coordinates": [ -57.080637841439, -29.75908985 ] } },
{ "type": "Feature", "properties": { "cnes": "7265220", "nome_fantasia": "UNIDADE DISPENSADORA DE MEDICACAO UDM", "nome_empresarial": "PREFEITURA MUNICIPAL DE URUGUAIANA", "tipo_unidade": "POSTO DE SAUDE", "tipo_unidade_categoria": "ubs_esf", "tipo_estabelecimento": "FARMACIA", "endereco": "PRESIDENTE VARGAS, 2990, CENTRO", "cep": "97501974", "municipio": "URUGUAIANA", "uf": "RS", "telefone": null, "atende_sus": "S", "gestao": "M" }, "geometry": { "type": "Point", "coordinates": [ -57.080637841439, -29.75908985 ] } },
{ "type": "Feature", "properties": { "cnes": "2786273", "nome_fantasia": "VIGILANCIA SANITARIA DE URUGUAIANA", "nome_empresarial": "PREFEITURA MUNICPAL DE URUGUAIANA", "tipo_unidade": "UNIDADE DE VIGILANCIA EM SAUDE", "tipo_unidade_categoria": "vigilancia_saude", "tipo_estabelecimento": "UNIDADE DE VIGILANCIA DE ZOONOSES", "endereco": "AVENIDA PRESIDENTE VARGAS, 3278, CENTRO", "cep": "97501656", "municipio": "URUGUAIANA", "uf": "RS", "telefone": "(55) 4111842", "atende_sus": "S", "gestao": "M" }, "geometry": { "type": "Point", "coordinates": [ -57.080355, -29.758906 ] } },
{ "type": "Feature", "properties": { "cnes": "2248166", "nome_fantasia": "SERVICO DE SAUDE MENTAL URUGUAIANA", "nome_empresarial": "PREFEITURA MUNICIPAL DE URUGUAIANA", "tipo_unidade": "CENTRO DE ATENCAO PSICOSSOCIAL", "tipo_unidade_categoria": "clinica_ambulatorio", "tipo_estabelecimento": "UNIDADE DE ATENCAO PSICOSSOCIAL", "endereco": "PRESIDENTE VARGAS, 2948, CENTRO", "cep": "97501656", "municipio": "URUGUAIANA", "uf": "RS", "telefone": "(55)4121558", "atende_sus": "S", "gestao": "M" }, "geometry": { "type": "Point", "coordinates": [ -57.08373, -29.75874 ] } },
{ "type": "Feature", "properties": { "cnes": "2700670", "nome_fantasia": "PROGRAMA DE AGENTES COMUNITARIOS DE SAUDE URUGUAIANA", "nome_empresarial": "PROGRAMA DE AGENTES COMUNITARIOS DE SAUDE", "tipo_unidade": "CENTRO DE SAUDE/UNIDADE BASICA", "tipo_unidade_categoria": "ubs_esf", "tipo_estabelecimento": "POLO DE PREVENCAO DE DOENCAS E AGRAVOS E PROMOCAO DA SAUDE", "endereco": "AV PRESIDENTE VARGAS, 2990, CENTRO", "cep": "97501974", "municipio": "URUGUAIANA", "uf": "RS", "telefone": null, "atende_sus": "S", "gestao": "M" }, "geometry": { "type": "Point", "coordinates": [ -57.0835, -29.75858 ] } },
{ "type": "Feature", "properties": { "cnes": "9080066", "nome_fantasia": "VIGILANCIA EPIDEMIOLOGICA DE URUGUAIANA", "nome_empresarial": "PREFEITURA MUNICIPAL DE URUGUAIANA", "tipo_unidade": "UNIDADE DE VIGILANCIA EM SAUDE", "tipo_unidade_categoria": "vigilancia_saude", "tipo_estabelecimento": "UNIDADE DE VIGILANCIA DE ZOONOSES", "endereco": "AV PRESIDENTE GETULIO VARGAS, 2990, CENTRO", "cep": "97502026", "municipio": "URUGUAIANA", "uf": "RS", "telefone": null, "atende_sus": "S", "gestao": "M" }, "geometry": { "type": "Point", "coordinates": [ -57.0831724, -29.7584543 ] } },
{ "type": "Feature", "properties": { "cnes": "2247283", "nome_fantasia": "SECRETARIA MUNICIPAL DE SAUDE DE URUGUAIANA", "nome_empresarial": "SECRETARIA MUNICIPAL DE SAUDE DE URUGUAIANA", "tipo_unidade": "CENTRAL DE GESTAO EM SAUDE", "tipo_unidade_categoria": "outro", "tipo_estabelecimento": "CENTRAL DE GESTAO EM SAUDE", "endereco": "AV PRESIDENTE VARGAS, 2990, CENTRO", "cep": "97501974", "municipio": "URUGUAIANA", "uf": "RS", "telefone": "(55)4121558", "atende_sus": "S", "gestao": "M" }, "geometry": { "type": "Point", "coordinates": [ -57.08346, -29.75843 ] } },
{ "type": "Feature", "properties": { "cnes": "9079491", "nome_fantasia": "POLICLINICA INFANTIL DE URUGUAIANA", "nome_empresarial": "PREFEITURA MUNICIPAL DE URUGUAIANA", "tipo_unidade": "POLICLINICA", "tipo_unidade_categoria": "clinica_ambulatorio", "tipo_estabelecimento": "UNIDADE BASICA DE SAUDE", "endereco": "AV PRESIDENTE GETULIO VARGAS, 2902, PRED, CENTRO", "cep": "97502220", "municipio": "URUGUAIANA", "uf": "RS", "telefone": null, "atende_sus": "S", "gestao": "M" }, "geometry": { "type": "Point", "coordinates": [ -57.08262, -29.7584 ] } },
{ "type": "Feature", "properties": { "cnes": "5477336", "nome_fantasia": "SAUDE DA MULHER SECRETARIA MUNICIPAL DE SAUDE", "nome_empresarial": "SAUDE DA MULHER SECRETARIA MUNICIPAL DE SAUDE", "tipo_unidade": "CLINICA/CENTRO DE ESPECIALIDADE", "tipo_unidade_categoria": "clinica_ambulatorio", "tipo_estabelecimento": "AMBULATORIO", "endereco": "AV PRESIDENTE VARGAS, 2990, CENTRO", "cep": "97501974", "municipio": "URUGUAIANA", "uf": "RS", "telefone": null, "atende_sus": "S", "gestao": "M" }, "geometry": { "type": "Point", "coordinates": [ -57.07996, -29.75837 ] } },
{ "type": "Feature", "properties": { "cnes": "4260732", "nome_fantasia": "FARMACIA DO SERVICO DE SAUDE MENTAL", "nome_empresarial": "MUNICIPIO DE URUGUAIANA", "tipo_unidade": "FARMACIA", "tipo_unidade_categoria": "farmacia", "tipo_estabelecimento": "FARMACIA", "endereco": "AV PRESIDENTE VARGAS, 2990, 2 ANDAR, CENTRO", "cep": "97501974", "municipio": "URUGUAIANA", "uf": "RS", "telefone": null, "atende_sus": "S", "gestao": "M" }, "geometry": { "type": "Point", "coordinates": [ -57.07993, -29.75836 ] } },
{ "type": "Feature", "properties": { "cnes": "7265212", "nome_fantasia": "SERVICO DE ASSISTENCIA ESPECIALIZADA EM HIV AIDS SAE", "nome_empresarial": "PREFEITURA MUNICIPAL DE URUGUAIANA", "tipo_unidade": "CLINICA/CENTRO DE ESPECIALIDADE", "tipo_unidade_categoria": "clinica_ambulatorio", "tipo_estabelecimento": "AMBULATORIO", "endereco": "PRESIDENTE VARGAS, 2990, CENTRO", "cep": "97501974", "municipio": "URUGUAIANA", "uf": "RS", "telefone": null, "atende_sus": "S", "gestao": "M" }, "geometry": { "type": "Point", "coordinates": [ -57.08269, -29.75835 ] } },
{ "type": "Feature", "properties": { "cnes": "0965383", "nome_fantasia": "CIEVS FRONTEIRA URUGUAIANA", "nome_empresarial": "MUNICIPIO DE URUGUAIANA", "tipo_unidade": "UNIDADE DE VIGILANCIA EM SAUDE", "tipo_unidade_categoria": "vigilancia_saude", "tipo_estabelecimento": "LABORATORIO DE SAUDE PUBLICA", "endereco": "AV PRESIDENTE VARGAS, 2990, CENTRO", "cep": "97501974", "municipio": "URUGUAIANA", "uf": "RS", "telefone": null, "atende_sus": "S", "gestao": "M" }, "geometry": { "type": "Point", "coordinates": [ -57.07992, -29.75833 ] } },
{ "type": "Feature", "properties": { "cnes": "5736870", "nome_fantasia": "VIGILANCIA AMBIENTAL DE URUGUAIANA", "nome_empresarial": "MUNICIPIO DE URUGUAIANA", "tipo_unidade": "UNIDADE DE VIGILANCIA EM SAUDE", "tipo_unidade_categoria": "vigilancia_saude", "tipo_estabelecimento": "UNIDADE DE VIGILANCIA DE ZOONOSES", "endereco": "AVENIDA PRESIDENTE VARGAS, 2990, CENTRO", "cep": "97501974", "municipio": "URUGUAIANA", "uf": "RS", "telefone": null, "atende_sus": "S", "gestao": "M" }, "geometry": { "type": "Point", "coordinates": [ -57.07991, -29.75833 ] } },
{ "type": "Feature", "properties": { "cnes": "7762682", "nome_fantasia": "ESF 21 CENTRO", "nome_empresarial": "PREFEITURA MUNICIPAL DE URUGUAIANA", "tipo_unidade": "CENTRO DE SAUDE/UNIDADE BASICA", "tipo_unidade_categoria": "ubs_esf", "tipo_estabelecimento": "UNIDADE BASICA DE SAUDE", "endereco": "AVENIDA PRESIDENTE VARGAS, 2990, CENTRO", "cep": "97501974", "municipio": "URUGUAIANA", "uf": "RS", "telefone": "5534116277", "atende_sus": "S", "gestao": "M" }, "geometry": { "type": "Point", "coordinates": [ -57.079933, -29.758307 ] } },
{ "type": "Feature", "properties": { "cnes": "7771673", "nome_fantasia": "SALA DA VACINA 1", "nome_empresarial": "PREFEITURA MUNICIPAL DE URUGUAIANA", "tipo_unidade": "CONSULTORIO ISOLADO", "tipo_unidade_categoria": "clinica_ambulatorio", "tipo_estabelecimento": "AMBULATORIO", "endereco": "AV PRESIDENTE VARGAS, 2990, CENTRO", "cep": "97501974", "municipio": "URUGUAIANA", "uf": "RS", "telefone": null, "atende_sus": "S", "gestao": "M" }, "geometry": { "type": "Point", "coordinates": [ -57.079825, -29.758251 ] } },
{ "type": "Feature", "properties": { "cnes": "7771681", "nome_fantasia": "SALA DA VACINA 2", "nome_empresarial": "PREFEITURA MUNICIPAL DE URUGUAIANA", "tipo_unidade": "CONSULTORIO ISOLADO", "tipo_unidade_categoria": "clinica_ambulatorio", "tipo_estabelecimento": "AMBULATORIO", "endereco": "AV PRESIDENTE VARGAS, 2990, CENTRO", "cep": "97501974", "municipio": "URUGUAIANA", "uf": "RS", "telefone": null, "atende_sus": "S", "gestao": "M" }, "geometry": { "type": "Point", "coordinates": [ -57.079825, -29.758251 ] } },
{ "type": "Feature", "properties": { "cnes": "0469114", "nome_fantasia": "SAO JOAO FARMACIAS", "nome_empresarial": "COMERCIO DE MEDICAMENTOS BRAIR LTDA", "tipo_unidade": "FARMACIA", "tipo_unidade_categoria": "farmacia", "tipo_estabelecimento": "FARMACIA", "endereco": "PRESIDENTE VARGAS, 3752, LOJA 1, SANTANA", "cep": "97502374", "municipio": "URUGUAIANA", "uf": "RS", "telefone": null, "atende_sus": "N", "gestao": "M" }, "geometry": { "type": "Point", "coordinates": [ -57.07559, -29.75843 ] } },
{ "type": "Feature", "properties": { "cnes": "7379870", "nome_fantasia": "CONSULTORIO ODONTOLOGICO EDUARDO DOMINGUES", "nome_empresarial": "CONSULTORIO ODONTOLOGICO EDUARDO DOMINGUES", "tipo_unidade": "CONSULTORIO ISOLADO", "tipo_unidade_categoria": "clinica_ambulatorio", "tipo_estabelecimento": "AMBULATORIO", "endereco": "AV PRESIDENTE VARGAS, 2671, CENTRO", "cep": "97501974", "municipio": "URUGUAIANA", "uf": "RS", "telefone": null, "atende_sus": "N", "gestao": "M" }, "geometry": { "type": "Point", "coordinates": [ -57.0657, -29.758407 ] } },
{ "type": "Feature", "properties": { "cnes": "5477352", "nome_fantasia": "LABORATORIO SECRETARIA MUNICIPAL DE SAUDE", "nome_empresarial": "LABORATORIO SECRETARIA MUNICIPAL DE SAUDE", "tipo_unidade": "LABORATORIO DE SAUDE PUBLICA", "tipo_unidade_categoria": "laboratorio_apoio_diagnostico", "tipo_estabelecimento": "UNIDADE DE APOIO DIAGNOSTICO", "endereco": "AV PRESIDENTE VARGAS, 2990, CENTRO", "cep": "97501656", "municipio": "URUGUAIANA", "uf": "RS", "telefone": null, "atende_sus": "S", "gestao": "M" }, "geometry": { "type": "Point", "coordinates": [ -57.079525, -29.758224 ] } },
{ "type": "Feature", "properties": { "cnes": "5477344", "nome_fantasia": "CTA CENTRO DE TESTAGEM E ACONSELHAMENTO", "nome_empresarial": "PREFEITURA MUNICIPAL DE SAAUDE", "tipo_unidade": "CONSULTORIO ISOLADO", "tipo_unidade_categoria": "clinica_ambulatorio", "tipo_estabelecimento": "AMBULATORIO", "endereco": "AV PRESIDENTE VARGAS, 2990, CENTRO", "cep": "97501656", "municipio": "URUGUAIANA", "uf": "RS", "telefone": null, "atende_sus": "S", "gestao": "M" }, "geometry": { "type": "Point", "coordinates": [ -57.079536, -29.758214 ] } },
{ "type": "Feature", "properties": { "cnes": "3466825", "nome_fantasia": "LABORATORIO DE FRONTEIRA I URUGUAIANA", "nome_empresarial": "PREFEITURA MUNICIPAL DE URUGUAIANA", "tipo_unidade": "LABORATORIO DE SAUDE PUBLICA", "tipo_unidade_categoria": "laboratorio_apoio_diagnostico", "tipo_estabelecimento": "LABORATORIO DE SAUDE PUBLICA", "endereco": "PRESIDENTE VARGAS, 2990, FUNDOS, CENTRO", "cep": "97501656", "municipio": "URUGUAIANA", "uf": "RS", "telefone": "(55)4121558", "atende_sus": "S", "gestao": "M" }, "geometry": { "type": "Point", "coordinates": [ -57.079632, -29.758205 ] } },
{ "type": "Feature", "properties": { "cnes": "4951883", "nome_fantasia": "FARMACIA DO COMPONENTE ESPECIALIZADO", "nome_empresarial": "MUNICIPIO DE URUGUAIANA", "tipo_unidade": "FARMACIA", "tipo_unidade_categoria": "farmacia", "tipo_estabelecimento": "FARMACIA", "endereco": "RUA DOS ANDRADAS, 2623, SAO JOAO", "cep": "97502610", "municipio": "URUGUAIANA", "uf": "RS", "telefone": null, "atende_sus": "S", "gestao": "M" }, "geometry": { "type": "Point", "coordinates": [ -57.07838, -29.75812 ] } },
{ "type": "Feature", "properties": { "cnes": "6921213", "nome_fantasia": "CONSULTORIO DE FISIOTERAPIA KARINE NUNES", "nome_empresarial": "CONSULTORIO DE FISIOTERAPIA KARINE NUNES", "tipo_unidade": "CONSULTORIO ISOLADO", "tipo_unidade_categoria": "clinica_ambulatorio", "tipo_estabelecimento": "AMBULATORIO", "endereco": "PRESIDENTE VARGAS, 2367, CENTRO", "cep": "97501535", "municipio": "URUGUAIANA", "uf": "RS", "telefone": null, "atende_sus": "N", "gestao": "M" }, "geometry": { "type": "Point", "coordinates": [ -57.071373, -29.758101 ] } },
{ "type": "Feature", "properties": { "cnes": "3201554", "nome_fantasia": "HEMOANALISE", "nome_empresarial": "HEMOANALISE LABORATORIO DE ANALISES CLINICAS LTDA", "tipo_unidade": "UNIDADE DE APOIO DIAGNOSE E TERAPIA (SADT ISOLADO)", "tipo_unidade_categoria": "laboratorio_apoio_diagnostico", "tipo_estabelecimento": "UNIDADE DE APOIO DIAGNOSTICO", "endereco": "PRESIDENTE VARGAS, 3095, CENTRO", "cep": "97501653", "municipio": "URUGUAIANA", "uf": "RS", "telefone": "(55)34144085", "atende_sus": "N", "gestao": "M" }, "geometry": { "type": "Point", "coordinates": [ -57.070193, -29.757982 ] } },
{ "type": "Feature", "properties": { "cnes": "0158194", "nome_fantasia": "CLINICA DE PSICOLOGIA KAUANA ROSSETTI", "nome_empresarial": "KAUANA ROSSETTI", "tipo_unidade": "CONSULTORIO ISOLADO", "tipo_unidade_categoria": "clinica_ambulatorio", "tipo_estabelecimento": "AMBULATORIO", "endereco": "RAMAO PRUNES DE OLIVEIRA, 2095, SANTANA", "cep": "97502230", "municipio": "URUGUAIANA", "uf": "RS", "telefone": null, "atende_sus": "N", "gestao": "M" }, "geometry": { "type": "Point", "coordinates": [ -57.066881, -29.757922 ] } },
{ "type": "Feature", "properties": { "cnes": "3390470", "nome_fantasia": "CONSULTORIO ODONTOLOGICO DR FABIO ALEXANDRE", "nome_empresarial": "CONSULTORIO ODONTOLOGICO DR FABIO ALEXANDRE", "tipo_unidade": "CONSULTORIO ISOLADO", "tipo_unidade_categoria": "clinica_ambulatorio", "tipo_estabelecimento": "AMBULATORIO", "endereco": "AVENIDA PRESIDENTE VARGAS, 3825, SALA 02, CENTRO", "cep": "97502367", "municipio": "URUGUAIANA", "uf": "RS", "telefone": "(55)4111414", "atende_sus": "N", "gestao": "M" }, "geometry": { "type": "Point", "coordinates": [ -57.074524, -29.757837 ] } },
{ "type": "Feature", "properties": { "cnes": "6909167", "nome_fantasia": "CREFIRLU", "nome_empresarial": "CREFIRLU", "tipo_unidade": "CLINICA/CENTRO DE ESPECIALIDADE", "tipo_unidade_categoria": "clinica_ambulatorio", "tipo_estabelecimento": "AMBULATORIO", "endereco": "AV DUQUE DE CAXIAS, 3827, CENTRO", "cep": "97502870", "municipio": "URUGUAIANA", "uf": "RS", "telefone": null, "atende_sus": "N", "gestao": "M" }, "geometry": { "type": "Point", "coordinates": [ -57.085763, -29.773713 ] } },
{ "type": "Feature", "properties": { "cnes": "3390446", "nome_fantasia": "CONSULTORIO MEDICO DR FABIO FIGUERO TAVARES", "nome_empresarial": "CONSULTORIO MEDICO DR FABIO FIGUERO TAVARES", "tipo_unidade": "CONSULTORIO ISOLADO", "tipo_unidade_categoria": "clinica_ambulatorio", "tipo_estabelecimento": "AMBULATORIO", "endereco": "RUA DOMINGOS DE ALMEIDA, 3684, CENTRO", "cep": "97502854", "municipio": "URUGUAIANA", "uf": "RS", "telefone": "(55)4124232", "atende_sus": "N", "gestao": "M" }, "geometry": { "type": "Point", "coordinates": [ -57.08494, -29.77348 ] } },
{ "type": "Feature", "properties": { "cnes": "3065294", "nome_fantasia": "CONSULTORIO MEDICO DR JOSE RICARDO RIESINGER TRAMUNT", "nome_empresarial": "CONSULTORIO MEDICO", "tipo_unidade": "CONSULTORIO ISOLADO", "tipo_unidade_categoria": "clinica_ambulatorio", "tipo_estabelecimento": "AMBULATORIO", "endereco": "RUA DOMINGOS DE ALMEIDA, 3684, SALA 301, SAO MIGUEL", "cep": "97502854", "municipio": "URUGUAIANA", "uf": "RS", "telefone": "(55)4123004", "atende_sus": "N", "gestao": "M" }, "geometry": { "type": "Point", "coordinates": [ -57.0849, -29.77346 ] } },
{ "type": "Feature", "properties": { "cnes": "9422447", "nome_fantasia": "CONSULTORIO MEDICO MOACIR TASSINARI DOS SANTOS", "nome_empresarial": "MOACIR TASSINARI DOS SANTOS", "tipo_unidade": "CONSULTORIO ISOLADO", "tipo_unidade_categoria": "clinica_ambulatorio", "tipo_estabelecimento": "AMBULATORIO", "endereco": "DOMINGOS DE ALMEIDA, 3684, 703, SAO MIGUEL", "cep": "97504354", "municipio": "URUGUAIANA", "uf": "RS", "telefone": "34121503", "atende_sus": "N", "gestao": "M" }, "geometry": { "type": "Point", "coordinates": [ -57.0849, -29.77345 ] } },
{ "type": "Feature", "properties": { "cnes": "7027974", "nome_fantasia": "CONSULTORIO MEDICO RITA DE CASSIA FOSSATI SILVEIRA EVALDT", "nome_empresarial": "CONSULTORIO MEDICO RITA DE CASSIA FOSSATI SILVEIRA EVALDT", "tipo_unidade": "CONSULTORIO ISOLADO", "tipo_unidade_categoria": "clinica_ambulatorio", "tipo_estabelecimento": "AMBULATORIO", "endereco": "DOMINGOS DE ALMEIDA, 3684, CENTRO", "cep": "97501974", "municipio": "URUGUAIANA", "uf": "RS", "telefone": null, "atende_sus": "N", "gestao": "M" }, "geometry": { "type": "Point", "coordinates": [ -57.08485, -29.77344 ] } },
{ "type": "Feature", "properties": { "cnes": "3066517", "nome_fantasia": "CONSULTORIO MEDICO SAO LUCAS 5 ANDAR", "nome_empresarial": "CONSULTORIO MEDICO", "tipo_unidade": "CONSULTORIO ISOLADO", "tipo_unidade_categoria": "clinica_ambulatorio", "tipo_estabelecimento": "AMBULATORIO", "endereco": "RUA DOMINGOS DE ALMEIDA, 3684, SALAS 501 E 502, SAO MIGUEL", "cep": "97502854", "municipio": "URUGUAIANA", "uf": "RS", "telefone": "(55)4125666", "atende_sus": "N", "gestao": "M" }, "geometry": { "type": "Point", "coordinates": [ -57.08485, -29.77339 ] } },
{ "type": "Feature", "properties": { "cnes": "6915302", "nome_fantasia": "CONSULTORIO MEDICO MAURIZIO BEREGARAY PADOIN", "nome_empresarial": "CONSULTORIO MEDICO MAURIZIO BEREGARAY PADOIN", "tipo_unidade": "CONSULTORIO ISOLADO", "tipo_unidade_categoria": "clinica_ambulatorio", "tipo_estabelecimento": "AMBULATORIO", "endereco": "DOMINGOS DE ALMEIDA, 3684, APT 403, CENTRO", "cep": "97502854", "municipio": "URUGUAIANA", "uf": "RS", "telefone": null, "atende_sus": "N", "gestao": "M" }, "geometry": { "type": "Point", "coordinates": [ -57.08491, -29.77338 ] } },
{ "type": "Feature", "properties": { "cnes": "3065901", "nome_fantasia": "CONSULTORIO MEDICO DR CARLOS ROBERTO RAYMUNDI", "nome_empresarial": "CONSULTORIO MEDICO", "tipo_unidade": "CONSULTORIO ISOLADO", "tipo_unidade_categoria": "clinica_ambulatorio", "tipo_estabelecimento": "AMBULATORIO", "endereco": "RUA DOMINGOS DE ALMEIDA, 3684, SALA 603, SAO MIGUEL", "cep": "97502854", "municipio": "URUGUAIANA", "uf": "RS", "telefone": "(55)4124342", "atende_sus": "N", "gestao": "M" }, "geometry": { "type": "Point", "coordinates": [ -57.08489, -29.77335 ] } },
{ "type": "Feature", "properties": { "cnes": "7168810", "nome_fantasia": "CONSULTORIO MEDICO JOAO PEDRO GOULART DE OLIVEIRA", "nome_empresarial": "CONSULTORIO MEDICO JOAO PEDRO GOULART DE OLIVEIRA", "tipo_unidade": "CONSULTORIO ISOLADO", "tipo_unidade_categoria": "clinica_ambulatorio", "tipo_estabelecimento": "AMBULATORIO", "endereco": "DOMINGOS DE ALMEIDA, 3684, SALA 503, SAO MIGUEL", "cep": "97502854", "municipio": "URUGUAIANA", "uf": "RS", "telefone": null, "atende_sus": "N", "gestao": "M" }, "geometry": { "type": "Point", "coordinates": [ -57.08484, -29.77329 ] } },
{ "type": "Feature", "properties": { "cnes": "7760132", "nome_fantasia": "CASA DE APOIO AO PACIENTE ONCOLOGICO DOE PELA VIDA", "nome_empresarial": "CASA DE APOIO AO PACIENTE ONCOLOGICO DOE PELA VIDA", "tipo_unidade": "CLINICA/CENTRO DE ESPECIALIDADE", "tipo_unidade_categoria": "clinica_ambulatorio", "tipo_estabelecimento": "CASAS DE APOIO A SAUDE", "endereco": "PADRE ANCHIETA, 2970, SAO MIGUEL", "cep": "97502693", "municipio": "URUGUAIANA", "uf": "RS", "telefone": null, "atende_sus": "N", "gestao": "M" }, "geometry": { "type": "Point", "coordinates": [ -57.085046768188477, -29.773280615276953 ] } },
{ "type": "Feature", "properties": { "cnes": "7168829", "nome_fantasia": "CONSULTORIO MEDICO KARLA SILVA HOFFMANN", "nome_empresarial": "CONSULTORIO MEDICO KARLA SILVA HOFFMANN", "tipo_unidade": "CONSULTORIO ISOLADO", "tipo_unidade_categoria": "clinica_ambulatorio", "tipo_estabelecimento": "AMBULATORIO", "endereco": "RUA DOMINGOS DE ALMEIDA, 3684, SALA 403, SAO MIGUEL", "cep": "97502854", "municipio": "URUGUAIANA", "uf": "RS", "telefone": null, "atende_sus": "N", "gestao": "M" }, "geometry": { "type": "Point", "coordinates": [ -57.084718, -29.772567 ] } },
{ "type": "Feature", "properties": { "cnes": "3065227", "nome_fantasia": "CONSULTORIO MEDICO DR JOSE MAGNO RIESINGER TRAMUNT", "nome_empresarial": "CONSULTORIO MEDICO", "tipo_unidade": "CONSULTORIO ISOLADO", "tipo_unidade_categoria": "clinica_ambulatorio", "tipo_estabelecimento": "AMBULATORIO", "endereco": "RUA DOMINGOS DE ALMEIDA, 3684, SAO MIGUEL", "cep": "97502854", "municipio": "URUGUAIANA", "uf": "RS", "telefone": "(55)4124632", "atende_sus": "N", "gestao": "M" }, "geometry": { "type": "Point", "coordinates": [ -57.084718, -29.772567 ] } },
{ "type": "Feature", "properties": { "cnes": "9733833", "nome_fantasia": "CONSULTORIO MEDICO PAULA PORTO DA SILVEIRA", "nome_empresarial": "PAULA PORTO DA SILVEIRA", "tipo_unidade": "CONSULTORIO ISOLADO", "tipo_unidade_categoria": "clinica_ambulatorio", "tipo_estabelecimento": "AMBULATORIO", "endereco": "DOMINGOS DE ALMEIDA, 3684, 601, SAO MIGUEL", "cep": "97502854", "municipio": "URUGUAIANA", "uf": "RS", "telefone": null, "atende_sus": "N", "gestao": "M" }, "geometry": { "type": "Point", "coordinates": [ -57.084718, -29.772558 ] } },
{ "type": "Feature", "properties": { "cnes": "2839733", "nome_fantasia": "RCSEVALDT SERVICOS MEDICOS LTDA", "nome_empresarial": "RCSEVALDT SERVICOS MEDICOS LTDA", "tipo_unidade": "CONSULTORIO ISOLADO", "tipo_unidade_categoria": "clinica_ambulatorio", "tipo_estabelecimento": "AMBULATORIO", "endereco": "DOMINGOS DE ALMEIDA, 3684, APTO 601, SAO MIGUEL", "cep": "97502854", "municipio": "URUGUAIANA", "uf": "RS", "telefone": null, "atende_sus": "N", "gestao": "M" }, "geometry": { "type": "Point", "coordinates": [ -57.08472, -29.77255 ] } },
{ "type": "Feature", "properties": { "cnes": "7027877", "nome_fantasia": "CONSULTORIO MEDICO DR PEDRO PICCARO DE OLIVEIRA", "nome_empresarial": "CONSULTORIO MEDICO DR PEDRO PICCARO DE OLIVEIRA", "tipo_unidade": "CONSULTORIO ISOLADO", "tipo_unidade_categoria": "clinica_ambulatorio", "tipo_estabelecimento": "AMBULATORIO", "endereco": "DOMINGOS DE ALMEIDA, 3684, SALA 501, CNETRO", "cep": "97501974", "municipio": "URUGUAIANA", "uf": "RS", "telefone": null, "atende_sus": "N", "gestao": "M" }, "geometry": { "type": "Point", "coordinates": [ -57.084718, -29.772548 ] } },
{ "type": "Feature", "properties": { "cnes": "7027834", "nome_fantasia": "CONSULTORIO MEDICO DR SANDRO ALEX EVALDT", "nome_empresarial": "CONSULTORIO MEDICO DR SANDRO ALEX EVALDT", "tipo_unidade": "CONSULTORIO ISOLADO", "tipo_unidade_categoria": "clinica_ambulatorio", "tipo_estabelecimento": "AMBULATORIO", "endereco": "DOMINGOS DE ALMEIDA, 3684, CENTRO", "cep": "97501974", "municipio": "URUGUAIANA", "uf": "RS", "telefone": null, "atende_sus": "N", "gestao": "M" }, "geometry": { "type": "Point", "coordinates": [ -57.084718, -29.772548 ] } },
{ "type": "Feature", "properties": { "cnes": "9422439", "nome_fantasia": "CONSULTORIO MEDICO MARIA AMELIA HOCHHEGGER", "nome_empresarial": "MARIA AMELIA HOCHHEGGER", "tipo_unidade": "CONSULTORIO ISOLADO", "tipo_unidade_categoria": "clinica_ambulatorio", "tipo_estabelecimento": "AMBULATORIO", "endereco": "DOMINGOS DE ALMEIDA, 3684, 501, SAO MIGUEL", "cep": "97501974", "municipio": "URUGUAIANA", "uf": "RS", "telefone": null, "atende_sus": "N", "gestao": "M" }, "geometry": { "type": "Point", "coordinates": [ -57.084739, -29.772539 ] } },
{ "type": "Feature", "properties": { "cnes": "9422161", "nome_fantasia": "CONSULTORIO MEDICO LUIZ ANTONIO DE SOUZA MARTY", "nome_empresarial": "LUIZ ANTONIO DE SOUZA MARTY", "tipo_unidade": "CONSULTORIO ISOLADO", "tipo_unidade_categoria": "clinica_ambulatorio", "tipo_estabelecimento": "AMBULATORIO", "endereco": "DOMINGOS DE ALMEIDA, 3684, 501, CENTRO", "cep": "97501974", "municipio": "URUGUAIANA", "uf": "RS", "telefone": null, "atende_sus": "N", "gestao": "M" }, "geometry": { "type": "Point", "coordinates": [ -57.084761, -29.77253 ] } },
{ "type": "Feature", "properties": { "cnes": "6530710", "nome_fantasia": "CONSULTORIO HELENO MIRANDA ARAUJO", "nome_empresarial": "CONSULTORIO HELENO MIRANDA ARAUJO", "tipo_unidade": "CONSULTORIO ISOLADO", "tipo_unidade_categoria": "clinica_ambulatorio", "tipo_estabelecimento": "AMBULATORIO", "endereco": "DOMINGOS DE ALMEIDA, 3684, 701, CENTRO", "cep": "97502854", "municipio": "URUGUAIANA", "uf": "RS", "telefone": null, "atende_sus": "N", "gestao": "M" }, "geometry": { "type": "Point", "coordinates": [ -57.084718, -29.77252 ] } },
{ "type": "Feature", "properties": { "cnes": "9258205", "nome_fantasia": "CONSULTORIO MEDICO GICELIA ELAINE MAGRINI", "nome_empresarial": "GICELIA ELAINE MAGRINI", "tipo_unidade": "CONSULTORIO ISOLADO", "tipo_unidade_categoria": "clinica_ambulatorio", "tipo_estabelecimento": "AMBULATORIO", "endereco": "DOMINGOS DE ALMEIDA, 3684, SAO MIGUEL", "cep": "97501974", "municipio": "URUGUAIANA", "uf": "RS", "telefone": null, "atende_sus": "N", "gestao": "M" }, "geometry": { "type": "Point", "coordinates": [ -57.084685, -29.77252 ] } },
{ "type": "Feature", "properties": { "cnes": "7140398", "nome_fantasia": "CONSULTORIO MEDICO CESARO AUGUSTO BISCAINO RODRIGUES", "nome_empresarial": "CONSULTORIO MEDICO CESARO AUGUSTO BISCAINO RODRIGUES", "tipo_unidade": "CONSULTORIO ISOLADO", "tipo_unidade_categoria": "clinica_ambulatorio", "tipo_estabelecimento": "AMBULATORIO", "endereco": "DOMINGOS DE ALMEIDA, 3684, SALA 501, CENTRO", "cep": "97502854", "municipio": "URUGUAIANA", "uf": "RS", "telefone": null, "atende_sus": "N", "gestao": "M" }, "geometry": { "type": "Point", "coordinates": [ -57.08475, -29.772511 ] } },
{ "type": "Feature", "properties": { "cnes": "6847560", "nome_fantasia": "CONSULTORIO MEDICO GUILHERME MOREIRA KAPPEL", "nome_empresarial": "CONSULTORIO MEDICO GUILHERME MOREIRA KAPPEL", "tipo_unidade": "CONSULTORIO ISOLADO", "tipo_unidade_categoria": "clinica_ambulatorio", "tipo_estabelecimento": "AMBULATORIO", "endereco": "DOMINGOS DE ALMEIDA, 3684, CENTRO", "cep": "97502854", "municipio": "URUGUAIANA", "uf": "RS", "telefone": null, "atende_sus": "N", "gestao": "M" }, "geometry": { "type": "Point", "coordinates": [ -57.084739, -29.772511 ] } },
{ "type": "Feature", "properties": { "cnes": "7063563", "nome_fantasia": "CONSULTORIO MEDICO FABIO MARCANTH DA MOTA", "nome_empresarial": "CONSULTORIO MEDICO FABIO MARCANTH DA MOTA", "tipo_unidade": "CONSULTORIO ISOLADO", "tipo_unidade_categoria": "clinica_ambulatorio", "tipo_estabelecimento": "AMBULATORIO", "endereco": "DOMINGOS DE ALMEIDA, 3684, SALA 501 E 502, CENTRO", "cep": "97502854", "municipio": "URUGUAIANA", "uf": "RS", "telefone": null, "atende_sus": "N", "gestao": "M" }, "geometry": { "type": "Point", "coordinates": [ -57.084707, -29.772502 ] } },
{ "type": "Feature", "properties": { "cnes": "3944689", "nome_fantasia": "CONSULTORIO MEDICO DR NEURI DR HENRIQUES", "nome_empresarial": "CONSULTORIO MEDICO DR NEURI DRI HENRIQUES", "tipo_unidade": "CONSULTORIO ISOLADO", "tipo_unidade_categoria": "clinica_ambulatorio", "tipo_estabelecimento": "AMBULATORIO", "endereco": "RUA DOMINGOS DE ALMEIDA, 3684, SALA 703, SAO MIGUEL", "cep": "97502854", "municipio": "URUGUAIANA", "uf": "RS", "telefone": "55-3412-1503", "atende_sus": "N", "gestao": "M" }, "geometry": { "type": "Point", "coordinates": [ -57.08475, -29.772492 ] } },
{ "type": "Feature", "properties": { "cnes": "6850375", "nome_fantasia": "ENDOSURG", "nome_empresarial": "ENDOSURG CLINICA DO APARELHO DIGESTIVO LTDA", "tipo_unidade": "CLINICA/CENTRO DE ESPECIALIDADE", "tipo_unidade_categoria": "clinica_ambulatorio", "tipo_estabelecimento": "AMBULATORIO", "endereco": "DOMINGOS DE ALMEIDA, 3684, 602, CENTRO", "cep": "97502854", "municipio": "URUGUAIANA", "uf": "RS", "telefone": null, "atende_sus": "N", "gestao": "M" }, "geometry": { "type": "Point", "coordinates": [ -57.084181, -29.772446 ] } },
{ "type": "Feature", "properties": { "cnes": "3757722", "nome_fantasia": "LILIAN FERREIRA CLINICA DERMATOLOGICA", "nome_empresarial": "LILIAN FERREIRA CLINICA DERMATOLOGICA LTDA", "tipo_unidade": "CLINICA/CENTRO DE ESPECIALIDADE", "tipo_unidade_categoria": "clinica_ambulatorio", "tipo_estabelecimento": "AMBULATORIO", "endereco": "DOMINGOS DE ALMEIDA, 3684, SALA 301, SAO MIGUEL", "cep": "97502854", "municipio": "URUGUAIANA", "uf": "RS", "telefone": null, "atende_sus": "N", "gestao": "M" }, "geometry": { "type": "Point", "coordinates": [ -57.08478, -29.77243 ] } },
{ "type": "Feature", "properties": { "cnes": "9257837", "nome_fantasia": "UNICOR", "nome_empresarial": "CARDIO CARDIOLOGISTAS REUNIDOS LTDA", "tipo_unidade": "CONSULTORIO ISOLADO", "tipo_unidade_categoria": "clinica_ambulatorio", "tipo_estabelecimento": "AMBULATORIO", "endereco": "DOMINGOS DE ALMEIDA, 3684, 501 502, SAO MIGUEL", "cep": "97501974", "municipio": "URUGUAIANA", "uf": "RS", "telefone": null, "atende_sus": "N", "gestao": "M" }, "geometry": { "type": "Point", "coordinates": [ -57.084439, -29.772427 ] } },
{ "type": "Feature", "properties": { "cnes": "8256853", "nome_fantasia": "SAO LUCAS", "nome_empresarial": "CK MEDICAMENTOS LTDA", "tipo_unidade": "FARMACIA", "tipo_unidade_categoria": "farmacia", "tipo_estabelecimento": "FARMACIA", "endereco": "DOMINGOS DE ALMEIDA, 3684, SAO MIGUEL", "cep": "97502854", "municipio": "URUGUAIANA", "uf": "RS", "telefone": null, "atende_sus": "N", "gestao": "M" }, "geometry": { "type": "Point", "coordinates": [ -57.08477, -29.77239 ] } },
{ "type": "Feature", "properties": { "cnes": "4093054", "nome_fantasia": "HELENO SERVICOS DE NEUROLOGIA", "nome_empresarial": "HELENO MIRANDA ARAUJO SERVICOS DE NEUROLOGIA LTDA", "tipo_unidade": "CONSULTORIO ISOLADO", "tipo_unidade_categoria": "clinica_ambulatorio", "tipo_estabelecimento": "AMBULATORIO", "endereco": "DOMINGOS DE ALMEIDA, 3684, SALA 503, SAO MIGUEL", "cep": "97502854", "municipio": "URUGUAIANA", "uf": "RS", "telefone": null, "atende_sus": "N", "gestao": "M" }, "geometry": { "type": "Point", "coordinates": [ -57.084685, -29.772373 ] } },
{ "type": "Feature", "properties": { "cnes": "4345797", "nome_fantasia": "INSPIRE CLINICA", "nome_empresarial": "INSPIRE CLINICA PNEUMOLOGICA DA FRONTEIRA LTDA", "tipo_unidade": "CONSULTORIO ISOLADO", "tipo_unidade_categoria": "clinica_ambulatorio", "tipo_estabelecimento": "AMBULATORIO", "endereco": "DOMINGOS DE ALMEIDA, 3684, 201, SAO MIGUEL", "cep": "97502854", "municipio": "URUGUAIANA", "uf": "RS", "telefone": null, "atende_sus": "N", "gestao": "M" }, "geometry": { "type": "Point", "coordinates": [ -57.08476, -29.77232 ] } },
{ "type": "Feature", "properties": { "cnes": "5477239", "nome_fantasia": "KARINA GRAFULIN RAYMONDI", "nome_empresarial": "KARINA GRAFULIN RAYMONDI", "tipo_unidade": "CONSULTORIO ISOLADO", "tipo_unidade_categoria": "clinica_ambulatorio", "tipo_estabelecimento": "AMBULATORIO", "endereco": "DOMINGOS DE ALMEIDA, 3684, SALA 603, SAO MIGUEL", "cep": "97502854", "municipio": "URUGUAIANA", "uf": "RS", "telefone": null, "atende_sus": "N", "gestao": "M" }, "geometry": { "type": "Point", "coordinates": [ -57.08483, -29.77328 ] } },
{ "type": "Feature", "properties": { "cnes": "9913912", "nome_fantasia": "TIAGO WOBIDO", "nome_empresarial": "TIAGO WOBIDO", "tipo_unidade": "CONSULTORIO ISOLADO", "tipo_unidade_categoria": "clinica_ambulatorio", "tipo_estabelecimento": "AMBULATORIO", "endereco": "RODRIGUES PORTUGAL, 2854, SALA 601, SAO MIGUEL", "cep": "97502830", "municipio": "URUGUAIANA", "uf": "RS", "telefone": null, "atende_sus": "N", "gestao": "M" }, "geometry": { "type": "Point", "coordinates": [ -57.084896564483643, -29.772442477879419 ] } },
{ "type": "Feature", "properties": { "cnes": "7074158", "nome_fantasia": "CONSULTORIO MEDICO JOSE FERNANDO TARRAGO", "nome_empresarial": "CONSULTORIO MEDICO JOSE FERNANDO TARRAGO", "tipo_unidade": "CONSULTORIO ISOLADO", "tipo_unidade_categoria": "clinica_ambulatorio", "tipo_estabelecimento": "AMBULATORIO", "endereco": "RODRIGUES PORTUGAL, 2854, SALA 301, SAO MIGUEL", "cep": "97502830", "municipio": "URUGUAIANA", "uf": "RS", "telefone": null, "atende_sus": "N", "gestao": "M" }, "geometry": { "type": "Point", "coordinates": [ -57.084809, -29.77244 ] } },
{ "type": "Feature", "properties": { "cnes": "9137238", "nome_fantasia": "CLINICA VIE ET SANTE", "nome_empresarial": "VIE ET SANTE MEDICINA ESPECIALIZADA S S LTDA", "tipo_unidade": "CONSULTORIO ISOLADO", "tipo_unidade_categoria": "clinica_ambulatorio", "tipo_estabelecimento": "AMBULATORIO", "endereco": "RODRIGUES PORTUGAL, 2854, 503 504, SAO MIGUEL", "cep": "97502830", "municipio": "URUGUAIANA", "uf": "RS", "telefone": "34020993", "atende_sus": "N", "gestao": "M" }, "geometry": { "type": "Point", "coordinates": [ -57.084799, -29.772421 ] } },
{ "type": "Feature", "properties": { "cnes": "0959995", "nome_fantasia": "MOUTH CARE CLINIC ODONTOLOGIA ESPECIALIZADA", "nome_empresarial": "ECJB ODONTOLOGIA LTDA", "tipo_unidade": "CLINICA/CENTRO DE ESPECIALIDADE", "tipo_unidade_categoria": "clinica_ambulatorio", "tipo_estabelecimento": "AMBULATORIO", "endereco": "RODRIGUES PORTUGAL, 2854, SAO MIGUEL", "cep": "97502830", "municipio": "URUGUAIANA", "uf": "RS", "telefone": null, "atende_sus": "N", "gestao": "M" }, "geometry": { "type": "Point", "coordinates": [ -57.08484, -29.77239 ] } },
{ "type": "Feature", "properties": { "cnes": "0945951", "nome_fantasia": "PAOLLA CRISTINA RAMOS DE ARAUJO MELLO LTDA", "nome_empresarial": "PAOLLA CRISTINA RAMOS DE ARAUJO MELLO LTDA", "tipo_unidade": "CONSULTORIO ISOLADO", "tipo_unidade_categoria": "clinica_ambulatorio", "tipo_estabelecimento": "AMBULATORIO", "endereco": "RODRIGUES PORTUGAL, 2854, 504, SAO MIGUEL", "cep": "97502830", "municipio": "URUGUAIANA", "uf": "RS", "telefone": null, "atende_sus": "N", "gestao": "M" }, "geometry": { "type": "Point", "coordinates": [ -57.08484, -29.77236 ] } },
{ "type": "Feature", "properties": { "cnes": "9480390", "nome_fantasia": "ESPACO SAUDE", "nome_empresarial": "UNIMED URUGUAIANA RS COOPERATIVA MEDICA LTDA", "tipo_unidade": "CLINICA/CENTRO DE ESPECIALIDADE", "tipo_unidade_categoria": "clinica_ambulatorio", "tipo_estabelecimento": "UNIDADE DE APOIO DIAGNOSTICO", "endereco": "GENERAL CAMARA, 3606, SAO MIGUEL", "cep": "97502704", "municipio": "URUGUAIANA", "uf": "RS", "telefone": null, "atende_sus": "N", "gestao": "M" }, "geometry": { "type": "Point", "coordinates": [ -57.084846, -29.77153 ] } },
{ "type": "Feature", "properties": { "cnes": "0424897", "nome_fantasia": "LABORATORIO DE PATOLOGIA ROCHA E GONZATTI", "nome_empresarial": "LABORATORIO DE PATOLOGIA ROCHA E GONZATTI LTDA", "tipo_unidade": "UNIDADE DE APOIO DIAGNOSE E TERAPIA (SADT ISOLADO)", "tipo_unidade_categoria": "laboratorio_apoio_diagnostico", "tipo_estabelecimento": "UNIDADE DE APOIO DIAGNOSTICO", "endereco": "DOMINGOS DE ALMEIDA, 3534, SALA 5, SAO MIGUEL", "cep": "97502800", "municipio": "URUGUAIANA", "uf": "RS", "telefone": null, "atende_sus": "S", "gestao": "M" }, "geometry": { "type": "Point", "coordinates": [ -57.08483, -29.77096 ] } },
{ "type": "Feature", "properties": { "cnes": "5960592", "nome_fantasia": "INGRID APARECIDA TRIERWEILER COSTA LTDA", "nome_empresarial": "INGRID APARECIDA TRIERWEILER COSTA LTDA", "tipo_unidade": "CLINICA/CENTRO DE ESPECIALIDADE", "tipo_unidade_categoria": "clinica_ambulatorio", "tipo_estabelecimento": "AMBULATORIO", "endereco": "RUA ANTONIO MONTEIRO, 2766, SAO MIGUEL", "cep": "97502814", "municipio": "URUGUAIANA", "uf": "RS", "telefone": null, "atende_sus": "N", "gestao": "M" }, "geometry": { "type": "Point", "coordinates": [ -57.08584, -29.77089 ] } },
{ "type": "Feature", "properties": { "cnes": "0211869", "nome_fantasia": "SAO JOAO FARMACIAS", "nome_empresarial": "COMERCIO DE MEDICAMENTOS BRAIR LTDA", "tipo_unidade": "FARMACIA", "tipo_unidade_categoria": "farmacia", "tipo_estabelecimento": "FARMACIA", "endereco": "DUQUE DE CAXIAS, 3447, SAO MIGUEL", "cep": "97502810", "municipio": "URUGUAIANA", "uf": "RS", "telefone": null, "atende_sus": "N", "gestao": "M" }, "geometry": { "type": "Point", "coordinates": [ -57.085762, -29.770457 ] } },
{ "type": "Feature", "properties": { "cnes": "7954697", "nome_fantasia": "CLINICA ALINHAR", "nome_empresarial": "CLINICA ALINHAR FISIOTERAPIA E PILATES S S LTDA ME", "tipo_unidade": "CONSULTORIO ISOLADO", "tipo_unidade_categoria": "clinica_ambulatorio", "tipo_estabelecimento": "AMBULATORIO", "endereco": "GENERAL BENTO MARTINS, 2433, CENTRO", "cep": "97501546", "municipio": "URUGUAIANA", "uf": "RS", "telefone": "55 34020803", "atende_sus": "N", "gestao": "M" }, "geometry": { "type": "Point", "coordinates": [ -57.0867117, -29.774662 ] } },
{ "type": "Feature", "properties": { "cnes": "6904874", "nome_fantasia": "CONSULTORIO DR TELSON MORSCH DOS REIS", "nome_empresarial": "CONSULTORIO DR TELSON MORSCH DOS REIS", "tipo_unidade": "CONSULTORIO ISOLADO", "tipo_unidade_categoria": "clinica_ambulatorio", "tipo_estabelecimento": "AMBULATORIO", "endereco": "RUA DUQUE DE CAXIAS, 3611, CENTRO", "cep": "97502810", "municipio": "URUGUAIANA", "uf": "RS", "telefone": null, "atende_sus": "N", "gestao": "M" }, "geometry": { "type": "Point", "coordinates": [ -57.08608, -29.77183 ] } },
{ "type": "Feature", "properties": { "cnes": "8186189", "nome_fantasia": "CIRPED", "nome_empresarial": "TELSON MORSCH DOS REIS CIA LTDA", "tipo_unidade": "CLINICA/CENTRO DE ESPECIALIDADE", "tipo_unidade_categoria": "clinica_ambulatorio", "tipo_estabelecimento": "AMBULATORIO", "endereco": "DUQUE DE CAXIAS, 3611, SAO MIGUEL", "cep": "97502810", "municipio": "URUGUAIANA", "uf": "RS", "telefone": null, "atende_sus": "N", "gestao": "M" }, "geometry": { "type": "Point", "coordinates": [ -57.08603, -29.7718 ] } },
{ "type": "Feature", "properties": { "cnes": "8031800", "nome_fantasia": "CAROLINA DIAS DA SILVA PREDEBON", "nome_empresarial": "CAROLINA DIAS DA SILVA PREDEBON", "tipo_unidade": "CONSULTORIO ISOLADO", "tipo_unidade_categoria": "clinica_ambulatorio", "tipo_estabelecimento": "AMBULATORIO", "endereco": "DUQUE DE CAXIAS, 3569, SAO MIGUEL", "cep": "97502810", "municipio": "URUGUAIANA", "uf": "RS", "telefone": null, "atende_sus": "N", "gestao": "M" }, "geometry": { "type": "Point", "coordinates": [ -57.08604, -29.77153 ] } },
{ "type": "Feature", "properties": { "cnes": "2991454", "nome_fantasia": "SAUDE ESSENCIAL", "nome_empresarial": "SAUDE ESSENCIAL URUGUAIANA SERVICOS MEDICOS LTDA", "tipo_unidade": "CLINICA/CENTRO DE ESPECIALIDADE", "tipo_unidade_categoria": "clinica_ambulatorio", "tipo_estabelecimento": "AMBULATORIO", "endereco": "DUQUE DE CAXIAS, 3569, SAO MIGUEL", "cep": "97502810", "municipio": "URUGUAIANA", "uf": "RS", "telefone": null, "atende_sus": "N", "gestao": "M" }, "geometry": { "type": "Point", "coordinates": [ -57.086062, -29.771416 ] } },
{ "type": "Feature", "properties": { "cnes": "0254207", "nome_fantasia": "SAO JOAO FARMACIAS", "nome_empresarial": "COMERCIO DE MEDICAMENTOS BRAIR LTDA", "tipo_unidade": "FARMACIA", "tipo_unidade_categoria": "farmacia", "tipo_estabelecimento": "FARMACIA", "endereco": "DUQUE DE CAXIAS, 3476, SAO MIGUEL", "cep": "97502810", "municipio": "URUGUAIANA", "uf": "RS", "telefone": null, "atende_sus": "N", "gestao": "M" }, "geometry": { "type": "Point", "coordinates": [ -57.086531, -29.77072 ] } },
{ "type": "Feature", "properties": { "cnes": "6531261", "nome_fantasia": "CONSULTORIO ODONTOLOGICO CRISTINA OLIVEIRA DE SOUZA", "nome_empresarial": "CONSULTORIO ODONTOLOGICO CRISTINA OLIVEIRA DE SOUZA", "tipo_unidade": "CONSULTORIO ISOLADO", "tipo_unidade_categoria": "clinica_ambulatorio", "tipo_estabelecimento": "AMBULATORIO", "endereco": "15 DE NOVEMBRO, 3441, CENTRO", "cep": "97502832", "municipio": "URUGUAIANA", "uf": "RS", "telefone": null, "atende_sus": "N", "gestao": "M" }, "geometry": { "type": "Point", "coordinates": [ -57.087534, -29.770142 ] } },
{ "type": "Feature", "properties": { "cnes": "5454395", "nome_fantasia": "SERGIO LEONEL ROCKENBACH", "nome_empresarial": "SERGIO LEONEL ROCKENBACH", "tipo_unidade": "CLINICA/CENTRO DE ESPECIALIDADE", "tipo_unidade_categoria": "clinica_ambulatorio", "tipo_estabelecimento": "AMBULATORIO", "endereco": "DUQUE DE CAXIAS, 3404, SAO MIGUEL", "cep": "97502810", "municipio": "URUGUAIANA", "uf": "RS", "telefone": null, "atende_sus": "N", "gestao": "M" }, "geometry": { "type": "Point", "coordinates": [ -57.08644, -29.77007 ] } },
{ "type": "Feature", "properties": { "cnes": "3066215", "nome_fantasia": "CONSULTORIO ODONTOLOGICO SERGIO LEONEL ROCKENBACH", "nome_empresarial": "CONSULTORIO ODONTOLOGICO", "tipo_unidade": "CONSULTORIO ISOLADO", "tipo_unidade_categoria": "clinica_ambulatorio", "tipo_estabelecimento": "AMBULATORIO", "endereco": "RUA DUQUE DE CAXIAS, 3396, SAO MIGUEL", "cep": "97502810", "municipio": "URUGUAIANA", "uf": "RS", "telefone": null, "atende_sus": "N", "gestao": "M" }, "geometry": { "type": "Point", "coordinates": [ -57.086253, -29.769877 ] } },
{ "type": "Feature", "properties": { "cnes": "9955887", "nome_fantasia": "CAPACITTA MEDICINA DO TRABALHO", "nome_empresarial": "ESTHER AYMONE PERO DE SOUZA LAGRECA EIRELI", "tipo_unidade": "CONSULTORIO ISOLADO", "tipo_unidade_categoria": "clinica_ambulatorio", "tipo_estabelecimento": "AMBULATORIO", "endereco": "DUQUE DE CAXIAS, 3274, CENTRO", "cep": "97502810", "municipio": "URUGUAIANA", "uf": "RS", "telefone": null, "atende_sus": "N", "gestao": "M" }, "geometry": { "type": "Point", "coordinates": [ -57.086441, -29.768923 ] } },
{ "type": "Feature", "properties": { "cnes": "4656318", "nome_fantasia": "DBC LABORATORIO DE PATOLOGIA DIAGNOSTICA", "nome_empresarial": "DBC LABORATORIO DE PATOLOGIA DIAGNOSTICA LTDA", "tipo_unidade": "UNIDADE DE APOIO DIAGNOSE E TERAPIA (SADT ISOLADO)", "tipo_unidade_categoria": "laboratorio_apoio_diagnostico", "tipo_estabelecimento": "UNIDADE DE APOIO DIAGNOSTICO", "endereco": "RODRIGUES PORTUGAL, 2854, SALA 403, SAO MIGUEL", "cep": "97502830", "municipio": "URUGUAIANA", "uf": "RS", "telefone": null, "atende_sus": "N", "gestao": "M" }, "geometry": { "type": "Point", "coordinates": [ -57.08469, -29.77232 ] } },
{ "type": "Feature", "properties": { "cnes": "9137068", "nome_fantasia": "CONSULTORIO MEDICO EDUARDO PEDROLO SILVEIRA", "nome_empresarial": "EDUARDO PEDROLO SILVEIRA", "tipo_unidade": "CONSULTORIO ISOLADO", "tipo_unidade_categoria": "clinica_ambulatorio", "tipo_estabelecimento": "AMBULATORIO", "endereco": "RODRIGUES PORTUGAL, 2854, 503 504, SAO MIGUEL", "cep": "97502830", "municipio": "URUGUAIANA", "uf": "RS", "telefone": "5534020993", "atende_sus": "N", "gestao": "M" }, "geometry": { "type": "Point", "coordinates": [ -57.0847, -29.77229 ] } },
{ "type": "Feature", "properties": { "cnes": "0422371", "nome_fantasia": "HEMOANALISE LABORATORIO DE ANALISES CLINICAS LTDA POSTO", "nome_empresarial": "HEMOANALISE LABORATORIO DE ANALISES CLINICAS LTDA", "tipo_unidade": "UNIDADE DE APOIO DIAGNOSE E TERAPIA (SADT ISOLADO)", "tipo_unidade_categoria": "laboratorio_apoio_diagnostico", "tipo_estabelecimento": "UNIDADE DE APOIO DIAGNOSTICO", "endereco": "DOMINGOS DE ALMEIDA, 3538, SAO MIGUEL", "cep": "97502800", "municipio": "URUGUAIANA", "uf": "RS", "telefone": null, "atende_sus": "N", "gestao": "M" }, "geometry": { "type": "Point", "coordinates": [ -57.08475, -29.771143 ] } },
{ "type": "Feature", "properties": { "cnes": "9137432", "nome_fantasia": "MAXIMAGEM CENTRO DE DIAGNOSTICO LTDA", "nome_empresarial": "MAXIMAGEM CENTRO DE DIAGNOSTICO LTDA", "tipo_unidade": "UNIDADE DE APOIO DIAGNOSE E TERAPIA (SADT ISOLADO)", "tipo_unidade_categoria": "laboratorio_apoio_diagnostico", "tipo_estabelecimento": "AMBULATORIO", "endereco": "DOMINGOS DE ALMEIDA, 3668, SAO MIGUEL", "cep": "97502854", "municipio": "URUGUAIANA", "uf": "RS", "telefone": "55 34115130", "atende_sus": "N", "gestao": "M" }, "geometry": { "type": "Point", "coordinates": [ -57.084622979164124, -29.77096640774311 ] } },
{ "type": "Feature", "properties": { "cnes": "9240144", "nome_fantasia": "MOOD ODONTOLOGIA INTEGRADA", "nome_empresarial": "MOOD ODONTOLOGIA INTEGRADA S S LTDA ME", "tipo_unidade": "CONSULTORIO ISOLADO", "tipo_unidade_categoria": "clinica_ambulatorio", "tipo_estabelecimento": "AMBULATORIO", "endereco": "DOMINGOS DE ALMEIDA, 3312, SAO MIGUEL", "cep": "97502800", "municipio": "URUGUAIANA", "uf": "RS", "telefone": "55 99689455", "atende_sus": "N", "gestao": "M" }, "geometry": { "type": "Point", "coordinates": [ -57.084657, -29.769052 ] } },
{ "type": "Feature", "properties": { "cnes": "6905900", "nome_fantasia": "CONSULTORIO DE FISITOTERAPIA CHEILA FABIANA MEINERTZ", "nome_empresarial": "CONSULTORIO DE FISITOTERAPIA CHEILA FABIANA MEINERTZ", "tipo_unidade": "CONSULTORIO ISOLADO", "tipo_unidade_categoria": "clinica_ambulatorio", "tipo_estabelecimento": "AMBULATORIO", "endereco": "DOMINGOS DE ALMEIDA, 3147, CENTRO", "cep": "97502765", "municipio": "URUGUAIANA", "uf": "RS", "telefone": null, "atende_sus": "N", "gestao": "M" }, "geometry": { "type": "Point", "coordinates": [ -57.084489, -29.767531 ] } },
{ "type": "Feature", "properties": { "cnes": "3390454", "nome_fantasia": "CONSULTORIO MEDICO DR FRANCK PANZIERA AREND", "nome_empresarial": "CONSULTORIO MEDICO DR FRANCK PANCIEIRA AREND", "tipo_unidade": "CONSULTORIO ISOLADO", "tipo_unidade_categoria": "clinica_ambulatorio", "tipo_estabelecimento": "AMBULATORIO", "endereco": "DOMINGOS DE ALMEIDA, 2944, SAO MIGUEL", "cep": "97502765", "municipio": "URUGUAIANA", "uf": "RS", "telefone": "(55)4142095", "atende_sus": "N", "gestao": "M" }, "geometry": { "type": "Point", "coordinates": [ -57.084768, -29.765733 ] } },
{ "type": "Feature", "properties": { "cnes": "6744435", "nome_fantasia": "FISIOCENTRO", "nome_empresarial": "FISIOCENTRO FISIOCENTRO E REABILITACAO S S LTDA", "tipo_unidade": "CONSULTORIO ISOLADO", "tipo_unidade_categoria": "clinica_ambulatorio", "tipo_estabelecimento": "AMBULATORIO", "endereco": "DOMINGOS DE ALMEIDA, 2808, SAO MIGUEL", "cep": "97502765", "municipio": "URUGUAIANA", "uf": "RS", "telefone": null, "atende_sus": "N", "gestao": "M" }, "geometry": { "type": "Point", "coordinates": [ -57.084636, -29.7645 ] } },
{ "type": "Feature", "properties": { "cnes": "6850359", "nome_fantasia": "CONSULTORIO ODONTOLOGICO FABIANO BRITES", "nome_empresarial": "CONSULTORIO ODONTOLOGICO FABIANO BRITES", "tipo_unidade": "CONSULTORIO ISOLADO", "tipo_unidade_categoria": "clinica_ambulatorio", "tipo_estabelecimento": "AMBULATORIO", "endereco": "DOMINGOS DE ALMEIDA, 2789, CENTRO", "cep": "97502765", "municipio": "URUGUAIANA", "uf": "RS", "telefone": null, "atende_sus": "N", "gestao": "M" }, "geometry": { "type": "Point", "coordinates": [ -57.084418, -29.764199 ] } },
{ "type": "Feature", "properties": { "cnes": "4512731", "nome_fantasia": "ORTOCLEAN", "nome_empresarial": "MARCIO GONZALEZ PINHEIRO CIA LTDA", "tipo_unidade": "CLINICA/CENTRO DE ESPECIALIDADE", "tipo_unidade_categoria": "clinica_ambulatorio", "tipo_estabelecimento": "AMBULATORIO", "endereco": "DOMINGOS DE ALMEIDA, 2651, SAO MIGUEL", "cep": "97501603", "municipio": "URUGUAIANA", "uf": "RS", "telefone": null, "atende_sus": "N", "gestao": "M" }, "geometry": { "type": "Point", "coordinates": [ -57.08438, -29.76315 ] } },
{ "type": "Feature", "properties": { "cnes": "6877524", "nome_fantasia": "CONSULTORIO MEDICO LEANDRO MARLON RICHI", "nome_empresarial": "CONSULTORIO MEDICO LEANDRO MARLON RICHI", "tipo_unidade": "CONSULTORIO ISOLADO", "tipo_unidade_categoria": "clinica_ambulatorio", "tipo_estabelecimento": "AMBULATORIO", "endereco": "DOMINGOS DE ALMEIDA, 3086, CENTRO", "cep": "97502768", "municipio": "URUGUAIANA", "uf": "RS", "telefone": null, "atende_sus": "N", "gestao": "M" }, "geometry": { "type": "Point", "coordinates": [ -57.084916, -29.767048 ] } },
{ "type": "Feature", "properties": { "cnes": "0863785", "nome_fantasia": "CLINICA DE OLHOS DE SAO GABRIEL LTDA", "nome_empresarial": "CLINICA DE OLHOS DE SAO GABRIEL LTDA", "tipo_unidade": "CLINICA/CENTRO DE ESPECIALIDADE", "tipo_unidade_categoria": "clinica_ambulatorio", "tipo_estabelecimento": "AMBULATORIO", "endereco": "DOMINGOS DE ALMEIDA, 2944, SAO MIGUEL", "cep": "97502768", "municipio": "URUGUAIANA", "uf": "RS", "telefone": null, "atende_sus": "N", "gestao": "M" }, "geometry": { "type": "Point", "coordinates": [ -57.08483, -29.76568 ] } },
{ "type": "Feature", "properties": { "cnes": "5477212", "nome_fantasia": "MARIANA MAYDANA FISIOTERAPIA E PILATES", "nome_empresarial": "MARIANA MAYDANA RIVERO", "tipo_unidade": "CLINICA/CENTRO DE ESPECIALIDADE", "tipo_unidade_categoria": "clinica_ambulatorio", "tipo_estabelecimento": "AMBULATORIO", "endereco": "DOMINGOS DE ALMEIDA, 2808, SALA 01, SAO MIGUEL", "cep": "97502768", "municipio": "URUGUAIANA", "uf": "RS", "telefone": null, "atende_sus": "N", "gestao": "M" }, "geometry": { "type": "Point", "coordinates": [ -57.08487, -29.76453 ] } },
{ "type": "Feature", "properties": { "cnes": "3066118", "nome_fantasia": "CONSULTORIO MEDICO DR PAULO ROBERTO KLEINUBING", "nome_empresarial": "CONSULTORIO MEDICO", "tipo_unidade": "CONSULTORIO ISOLADO", "tipo_unidade_categoria": "clinica_ambulatorio", "tipo_estabelecimento": "AMBULATORIO", "endereco": "DOMINGOS DE ALMEIDA, 2646, CENTRO", "cep": "97501516", "municipio": "URUGUAIANA", "uf": "RS", "telefone": "(55)4122266", "atende_sus": "N", "gestao": "M" }, "geometry": { "type": "Point", "coordinates": [ -57.085069, -29.763114 ] } },
{ "type": "Feature", "properties": { "cnes": "3066398", "nome_fantasia": "CONSULTORIO ODONTOLOGICO DR SANDRA MARILES RUBIN", "nome_empresarial": "CONSULTORIO ODONTOLOGICO", "tipo_unidade": "CONSULTORIO ISOLADO", "tipo_unidade_categoria": "clinica_ambulatorio", "tipo_estabelecimento": "AMBULATORIO", "endereco": "RUA GENERAL CANABARRO, 2796, CENTRO", "cep": "97502774", "municipio": "URUGUAIANA", "uf": "RS", "telefone": "(55)4119326", "atende_sus": "N", "gestao": "M" }, "geometry": { "type": "Point", "coordinates": [ -57.08546, -29.762555 ] } },
{ "type": "Feature", "properties": { "cnes": "0395102", "nome_fantasia": "CONSULTORIO MEDICO DA FAMILIA VIVA MAIS LTDA", "nome_empresarial": "CONSULTORIO MEDICO DA FAMILIA VIVA MAIS LTDA", "tipo_unidade": "CONSULTORIO ISOLADO", "tipo_unidade_categoria": "clinica_ambulatorio", "tipo_estabelecimento": "AMBULATORIO", "endereco": "JULIO DE CASTILHOS, 2854, CENTRO", "cep": "97501698", "municipio": "URUGUAIANA", "uf": "RS", "telefone": null, "atende_sus": "N", "gestao": "M" }, "geometry": { "type": "Point", "coordinates": [ -57.084908, -29.761267 ] } },
{ "type": "Feature", "properties": { "cnes": "7063539", "nome_fantasia": "CONSULTORIO DE NUTRICAO THAISA SOARES ROCHA", "nome_empresarial": "CONSULTORIO DE NUTRICAO THAISA SOARES ROCHA", "tipo_unidade": "CONSULTORIO ISOLADO", "tipo_unidade_categoria": "clinica_ambulatorio", "tipo_estabelecimento": "AMBULATORIO", "endereco": "JULIO DE CASTILHOS, 2835, SALA 404, CENTRO", "cep": "97501698", "municipio": "URUGUAIANA", "uf": "RS", "telefone": null, "atende_sus": "N", "gestao": "M" }, "geometry": { "type": "Point", "coordinates": [ -57.08511, -29.76102 ] } },
{ "type": "Feature", "properties": { "cnes": "0242969", "nome_fantasia": "ANTONIO WAZ LOPES OPTOMETRIA", "nome_empresarial": "ANTONIO WAZ LOPES", "tipo_unidade": "CONSULTORIO ISOLADO", "tipo_unidade_categoria": "clinica_ambulatorio", "tipo_estabelecimento": "AMBULATORIO", "endereco": "JULIO DE CASTILHOS, 2835, CENTRO", "cep": "97503000", "municipio": "URUGUAIANA", "uf": "RS", "telefone": null, "atende_sus": "N", "gestao": "M" }, "geometry": { "type": "Point", "coordinates": [ -57.085067, -29.761 ] } },
{ "type": "Feature", "properties": { "cnes": "7987536", "nome_fantasia": "CONSULTORIO MEDICO MAURICIO LIMA DA FONTOURA", "nome_empresarial": "CONSULTORIO MEDICO MAURICIO LIMA DA FONTOURA", "tipo_unidade": "CONSULTORIO ISOLADO", "tipo_unidade_categoria": "clinica_ambulatorio", "tipo_estabelecimento": "AMBULATORIO", "endereco": "RUA TIRADENTES, 3381, CENTRO, CENTRO", "cep": "97502133", "municipio": "URUGUAIANA", "uf": "RS", "telefone": "5534110561", "atende_sus": "N", "gestao": "M" }, "geometry": { "type": "Point", "coordinates": [ -57.084971, -29.760977 ] } },
{ "type": "Feature", "properties": { "cnes": "7987439", "nome_fantasia": "CONSULTORIO MEDICO ALINE MARINO MAGNUS", "nome_empresarial": "CONSULTORIO MEDICO ALINE MARINO MAGNUS", "tipo_unidade": "CONSULTORIO ISOLADO", "tipo_unidade_categoria": "clinica_ambulatorio", "tipo_estabelecimento": "AMBULATORIO", "endereco": "RUA JULIO DE CASTILHO, 2835, CENTRO, BAIRRO CENTRO", "cep": "97501670", "municipio": "URUGUAIANA", "uf": "RS", "telefone": "5534010604", "atende_sus": "N", "gestao": "M" }, "geometry": { "type": "Point", "coordinates": [ -57.084949, -29.760977 ] } },
{ "type": "Feature", "properties": { "cnes": "3066592", "nome_fantasia": "CONSULTORIO PSICOLOGICO ADRIANA CAMPODONICO", "nome_empresarial": "CONSULTORIO PSICOLOGICO", "tipo_unidade": "CONSULTORIO ISOLADO", "tipo_unidade_categoria": "clinica_ambulatorio", "tipo_estabelecimento": "AMBULATORIO", "endereco": "RUA XV DE NOVEMBRO, 1426, SALA 23, CENTRO", "cep": "97501570", "municipio": "URUGUAIANA", "uf": "RS", "telefone": "(55) 4126552", "atende_sus": "N", "gestao": "M" }, "geometry": { "type": "Point", "coordinates": [ -57.087673, -29.766673 ] } },
{ "type": "Feature", "properties": { "cnes": "6535992", "nome_fantasia": "CONSULTORIO ODONTOLOGICO DANIEL MACHADO DE FRANCA", "nome_empresarial": "CONSULTORIO ODONTOLOGICO DANIEL MACHADO DE FRANCA", "tipo_unidade": "CONSULTORIO ISOLADO", "tipo_unidade_categoria": "clinica_ambulatorio", "tipo_estabelecimento": "AMBULATORIO", "endereco": "15 DE NOVEMBRO, 1426, CENTRO", "cep": "97501570", "municipio": "URUGUAIANA", "uf": "RS", "telefone": null, "atende_sus": "N", "gestao": "M" }, "geometry": { "type": "Point", "coordinates": [ -57.087705, -29.766664 ] } },
{ "type": "Feature", "properties": { "cnes": "7027842", "nome_fantasia": "CONSULTORIO DE FISIOTERAPIA MICHELI DO AMARAL MUNARETTO", "nome_empresarial": "CONSULTORIO DE FISIOTERAPIA MICHELI DO AMARAL MUNARETTO", "tipo_unidade": "CONSULTORIO ISOLADO", "tipo_unidade_categoria": "clinica_ambulatorio", "tipo_estabelecimento": "AMBULATORIO", "endereco": "PRADO LIMA, 2636, CENTRO", "cep": "97502780", "municipio": "URUGUAIANA", "uf": "RS", "telefone": null, "atende_sus": "N", "gestao": "M" }, "geometry": { "type": "Point", "coordinates": [ -57.087063, -29.765467 ] } },
{ "type": "Feature", "properties": { "cnes": "6862829", "nome_fantasia": "CONSULTORIO DE FISIOTERAPIA CAMILA DENARDI", "nome_empresarial": "CONSULTORIO DE FISIOTERAPIA CAMILA DENARDI", "tipo_unidade": "CONSULTORIO ISOLADO", "tipo_unidade_categoria": "clinica_ambulatorio", "tipo_estabelecimento": "AMBULATORIO", "endereco": "PRADO LIMA, 2636, CENTRO", "cep": "97502780", "municipio": "URUGUAIANA", "uf": "RS", "telefone": null, "atende_sus": "N", "gestao": "M" }, "geometry": { "type": "Point", "coordinates": [ -57.087086, -29.765452 ] } },
{ "type": "Feature", "properties": { "cnes": "3565114", "nome_fantasia": "DROGARAIA LJ1402", "nome_empresarial": "RAIA DROGASIL S A", "tipo_unidade": "FARMACIA", "tipo_unidade_categoria": "farmacia", "tipo_estabelecimento": "FARMACIA", "endereco": "DUQUE DE CAXIAS, 2895, SAO MIGUEL", "cep": "97502772", "municipio": "URUGUAIANA", "uf": "RS", "telefone": "55 996001027", "atende_sus": "N", "gestao": "M" }, "geometry": { "type": "Point", "coordinates": [ -57.08612, -29.76525 ] } },
{ "type": "Feature", "properties": { "cnes": "2992884", "nome_fantasia": "PANVEL FARMACIAS", "nome_empresarial": "DIMED S A DISTRIBUIDORA DE MEDICAMENTOS", "tipo_unidade": "FARMACIA", "tipo_unidade_categoria": "farmacia", "tipo_estabelecimento": "FARMACIA", "endereco": "QUINZE DE NOVEMBRO, 2755, SAO MIGUEL", "cep": "97502784", "municipio": "URUGUAIANA", "uf": "RS", "telefone": null, "atende_sus": "N", "gestao": "M" }, "geometry": { "type": "Point", "coordinates": [ -57.08761, -29.76396 ] } },
{ "type": "Feature", "properties": { "cnes": "6877540", "nome_fantasia": "RESIDENCIAL GERIATRICO FLOR DE LOTUS", "nome_empresarial": "CLINIMOVEL", "tipo_unidade": "CONSULTORIO ISOLADO", "tipo_unidade_categoria": "clinica_ambulatorio", "tipo_estabelecimento": "AMBULATORIO", "endereco": "GENERAL CANABARRO, 2656, CENTRO", "cep": "97502774", "municipio": "URUGUAIANA", "uf": "RS", "telefone": null, "atende_sus": "N", "gestao": "M" }, "geometry": { "type": "Point", "coordinates": [ -57.086956, -29.76263 ] } },
{ "type": "Feature", "properties": { "cnes": "0145866", "nome_fantasia": "ORTHOCLINICA", "nome_empresarial": "JOAO CARLOS DARDE RIBEIRO", "tipo_unidade": "CLINICA/CENTRO DE ESPECIALIDADE", "tipo_unidade_categoria": "clinica_ambulatorio", "tipo_estabelecimento": "AMBULATORIO", "endereco": "DUQUE DE CAXIAS, 2066, CENTRO", "cep": "97501510", "municipio": "URUGUAIANA", "uf": "RS", "telefone": null, "atende_sus": "N", "gestao": "M" }, "geometry": { "type": "Point", "coordinates": [ -57.086512, -29.762618 ] } },
{ "type": "Feature", "properties": { "cnes": "7171889", "nome_fantasia": "CONSULTORIO DE FISIOTERAPIA JAQUELINE RISSON", "nome_empresarial": "CONSULTORIO DE FISIOTERAPIA JAQUELINE RISSON", "tipo_unidade": "CONSULTORIO ISOLADO", "tipo_unidade_categoria": "clinica_ambulatorio", "tipo_estabelecimento": "AMBULATORIO", "endereco": "GENERAL CANABARRO, 2773, CENTRO", "cep": "97501693", "municipio": "URUGUAIANA", "uf": "RS", "telefone": null, "atende_sus": "N", "gestao": "M" }, "geometry": { "type": "Point", "coordinates": [ -57.085873, -29.762295 ] } },
{ "type": "Feature", "properties": { "cnes": "7026773", "nome_fantasia": "CONSULTORIO DE FISIOTERAPIA SIMONE GONCALVES TRINDADE", "nome_empresarial": "CONSULTORIO DE FISIOTERAPIA SIMONE GONCALVES TRINDADE", "tipo_unidade": "CONSULTORIO ISOLADO", "tipo_unidade_categoria": "clinica_ambulatorio", "tipo_estabelecimento": "AMBULATORIO", "endereco": "JULIO DE CASTILHOS, 2760, CENTRO", "cep": "97501698", "municipio": "URUGUAIANA", "uf": "RS", "telefone": null, "atende_sus": "N", "gestao": "M" }, "geometry": { "type": "Point", "coordinates": [ -57.085902, -29.761187 ] } },
{ "type": "Feature", "properties": { "cnes": "6850391", "nome_fantasia": "CONSULTORIO MEDICO DE DERMATOLOGIA ANA CRISTINA PORTO ALEGRE", "nome_empresarial": "CONSULTORIO MEDICO DE DERMATOLOGIA ANA CRISTINA PORTO ALEGRE", "tipo_unidade": "CONSULTORIO ISOLADO", "tipo_unidade_categoria": "clinica_ambulatorio", "tipo_estabelecimento": "AMBULATORIO", "endereco": "JULIO DE CASTILHOS, 2835, SALA 404, CENTRO", "cep": "97501698", "municipio": "URUGUAIANA", "uf": "RS", "telefone": null, "atende_sus": "N", "gestao": "M" }, "geometry": { "type": "Point", "coordinates": [ -57.085024, -29.760967 ] } },
{ "type": "Feature", "properties": { "cnes": "9483187", "nome_fantasia": "CONSULTORIO ELIANA MADALENA VICENTINI FARENZENA", "nome_empresarial": "CONSULTORIO ELIANA MADALENA VICENTINI FARENZENA", "tipo_unidade": "CONSULTORIO ISOLADO", "tipo_unidade_categoria": "clinica_ambulatorio", "tipo_estabelecimento": "AMBULATORIO", "endereco": "JULIO DE CASTILHOS, 2835, 403, CENTRO", "cep": "97501698", "municipio": "URUGUAIANA", "uf": "RS", "telefone": null, "atende_sus": "N", "gestao": "M" }, "geometry": { "type": "Point", "coordinates": [ -57.084992, -29.760967 ] } },
{ "type": "Feature", "properties": { "cnes": "4988205", "nome_fantasia": "CLINICA SAUDE INTIMA", "nome_empresarial": "MARYELA MOURAO SERVICOS DE FISIOTERAPIA PELVICA E OBSTETRICI", "tipo_unidade": "CLINICA/CENTRO DE ESPECIALIDADE", "tipo_unidade_categoria": "clinica_ambulatorio", "tipo_estabelecimento": "AMBULATORIO", "endereco": "JULIO DE CASTILHOS, 2835, SALA 405, CENTRO", "cep": "97501670", "municipio": "URUGUAIANA", "uf": "RS", "telefone": null, "atende_sus": "N", "gestao": "M" }, "geometry": { "type": "Point", "coordinates": [ -57.08498, -29.76093 ] } },
{ "type": "Feature", "properties": { "cnes": "0381810", "nome_fantasia": "R F CLINICA", "nome_empresarial": "R F CLINICA MEDICA EIRELI", "tipo_unidade": "CONSULTORIO ISOLADO", "tipo_unidade_categoria": "clinica_ambulatorio", "tipo_estabelecimento": "AMBULATORIO", "endereco": "JULIO DE CASTILHOS, 2835, SALA 202 D, CENTRO", "cep": "97501670", "municipio": "URUGUAIANA", "uf": "RS", "telefone": null, "atende_sus": "N", "gestao": "M" }, "geometry": { "type": "Point", "coordinates": [ -57.08496, -29.760921 ] } },
{ "type": "Feature", "properties": { "cnes": "0381942", "nome_fantasia": "F R CLINICA", "nome_empresarial": "F R CLINICA EIRELI", "tipo_unidade": "CONSULTORIO ISOLADO", "tipo_unidade_categoria": "clinica_ambulatorio", "tipo_estabelecimento": "AMBULATORIO", "endereco": "JULIO DE CASTILHOS, 2835, SALA 202 D, CENTRO", "cep": "97501670", "municipio": "URUGUAIANA", "uf": "RS", "telefone": null, "atende_sus": "N", "gestao": "M" }, "geometry": { "type": "Point", "coordinates": [ -57.08496, -29.760921 ] } },
{ "type": "Feature", "properties": { "cnes": "9483446", "nome_fantasia": "CONSULTORIO CLEBER DANIELI", "nome_empresarial": "CONSULTORIO CLEBER DANIELI", "tipo_unidade": "CONSULTORIO ISOLADO", "tipo_unidade_categoria": "clinica_ambulatorio", "tipo_estabelecimento": "AMBULATORIO", "endereco": "JULIO DE CASTILHOS, 2835, 403, CENTRO", "cep": "97501698", "municipio": "URUGUAIANA", "uf": "RS", "telefone": null, "atende_sus": "N", "gestao": "M" }, "geometry": { "type": "Point", "coordinates": [ -57.08497, -29.76092 ] } },
{ "type": "Feature", "properties": { "cnes": "6921256", "nome_fantasia": "CONSULTORIO ODONTOLOGICO MIGUEL SIDAMANN", "nome_empresarial": "CONSULTORIO ODONTOLOGICO MIGUEL SIDAMANN", "tipo_unidade": "CONSULTORIO ISOLADO", "tipo_unidade_categoria": "clinica_ambulatorio", "tipo_estabelecimento": "AMBULATORIO", "endereco": "DOMINGOS DE ALMEIDA, 2303, CENTRO", "cep": "97501687", "municipio": "URUGUAIANA", "uf": "RS", "telefone": null, "atende_sus": "N", "gestao": "M" }, "geometry": { "type": "Point", "coordinates": [ -57.08488, -29.76092 ] } },
{ "type": "Feature", "properties": { "cnes": "9250123", "nome_fantasia": "CONSULTORIO MEDICO DR TIAGO PEROBELLI CERVO", "nome_empresarial": "TIAGO PEROBELLI CERVO", "tipo_unidade": "CONSULTORIO ISOLADO", "tipo_unidade_categoria": "clinica_ambulatorio", "tipo_estabelecimento": "AMBULATORIO", "endereco": "JULIO DE CASTILHOS, 2835, 202, BOA VISTA", "cep": "97501974", "municipio": "URUGUAIANA", "uf": "RS", "telefone": null, "atende_sus": "N", "gestao": "M" }, "geometry": { "type": "Point", "coordinates": [ -57.08501, -29.76091 ] } },
{ "type": "Feature", "properties": { "cnes": "7027818", "nome_fantasia": "CONSULTORIO MEDICO CLAUDIO SANTOS BECKER", "nome_empresarial": "CONSULTORIO MEDICO CLAUDIO SANTOS BECKER", "tipo_unidade": "CONSULTORIO ISOLADO", "tipo_unidade_categoria": "clinica_ambulatorio", "tipo_estabelecimento": "AMBULATORIO", "endereco": "JULIO DE CASTILHOS, 2835, SALA 202 E, CENTRO", "cep": "97501698", "municipio": "URUGUAIANA", "uf": "RS", "telefone": null, "atende_sus": "N", "gestao": "M" }, "geometry": { "type": "Point", "coordinates": [ -57.08495, -29.76091 ] } },
{ "type": "Feature", "properties": { "cnes": "7212313", "nome_fantasia": "CONSULTORIO ODONTOLOGICO ALMIR JOSE CAMILO DE MORAES", "nome_empresarial": "CONSULTORIO ODONTOLOGICO ALMIR JOSE CAMILO DE MORAES", "tipo_unidade": "CONSULTORIO ISOLADO", "tipo_unidade_categoria": "clinica_ambulatorio", "tipo_estabelecimento": "AMBULATORIO", "endereco": "JULIO DE CASTILHOS, 2835, APTO 401, CENTRO", "cep": "97501698", "municipio": "URUGUAIANA", "uf": "RS", "telefone": null, "atende_sus": "N", "gestao": "M" }, "geometry": { "type": "Point", "coordinates": [ -57.08499, -29.7609 ] } },
{ "type": "Feature", "properties": { "cnes": "0033693", "nome_fantasia": "BIANCA BIER DA CUNHA FONOAUDIOLOGIA LTDA", "nome_empresarial": "BIANCA BIER DA CUNHA FONOAUDIOLOGIA LTDA", "tipo_unidade": "CONSULTORIO ISOLADO", "tipo_unidade_categoria": "clinica_ambulatorio", "tipo_estabelecimento": "AMBULATORIO", "endereco": "JULIO DE CASTILHOS, 2760, CENTRO", "cep": "97501698", "municipio": "URUGUAIANA", "uf": "RS", "telefone": "55 34112340", "atende_sus": "N", "gestao": "M" }, "geometry": { "type": "Point", "coordinates": [ -57.08592, -29.76116 ] } },
{ "type": "Feature", "properties": { "cnes": "7026544", "nome_fantasia": "CONSULTORIO DE FONOAUDIOLOGIA BIANCA BIANCA DE ALMEIDA BIER", "nome_empresarial": "CONSULTORIO DE FONOAUDIOLOGIA BIANCA BIANCA DE ALMEIDA BIER", "tipo_unidade": "CONSULTORIO ISOLADO", "tipo_unidade_categoria": "clinica_ambulatorio", "tipo_estabelecimento": "AMBULATORIO", "endereco": "JULIO DE CASTILHOS, 2760, CENTRO", "cep": "97501698", "municipio": "URUGUAIANA", "uf": "RS", "telefone": null, "atende_sus": "N", "gestao": "M" }, "geometry": { "type": "Point", "coordinates": [ -57.08588, -29.761159 ] } },
{ "type": "Feature", "properties": { "cnes": "9226710", "nome_fantasia": "CONSULTORIO DE FONOAUDIOLOGIA ESTHER AYMONE PERO DE SOUZA", "nome_empresarial": "ESTHER AYMONE PERO DE SOUZA", "tipo_unidade": "CONSULTORIO ISOLADO", "tipo_unidade_categoria": "clinica_ambulatorio", "tipo_estabelecimento": "AMBULATORIO", "endereco": "RUA JULIO DE CASTILHOS, 2760, CENTRO", "cep": "97501974", "municipio": "URUGUAIANA", "uf": "RS", "telefone": null, "atende_sus": "N", "gestao": "M" }, "geometry": { "type": "Point", "coordinates": [ -57.085859, -29.761159 ] } },
{ "type": "Feature", "properties": { "cnes": "7026781", "nome_fantasia": "CONSULTORIO DE FISIOTERAPIA LETICIA RHODEN", "nome_empresarial": "CONSULTORIO DE FISIOTERAPIA LETICIA RHODEN", "tipo_unidade": "CONSULTORIO ISOLADO", "tipo_unidade_categoria": "clinica_ambulatorio", "tipo_estabelecimento": "AMBULATORIO", "endereco": "JULIO DE CASTILHOS, 2760, CENTRO", "cep": "97501698", "municipio": "URUGUAIANA", "uf": "RS", "telefone": null, "atende_sus": "N", "gestao": "M" }, "geometry": { "type": "Point", "coordinates": [ -57.085859, -29.761141 ] } },
{ "type": "Feature", "properties": { "cnes": "3066134", "nome_fantasia": "CONSULTORIO MEDICO PAULO ARMANDO GRAJALES SPILIMBERGO", "nome_empresarial": "PAULO ARMANDO GRAJALES SPILIMBERGO", "tipo_unidade": "CONSULTORIO ISOLADO", "tipo_unidade_categoria": "clinica_ambulatorio", "tipo_estabelecimento": "AMBULATORIO", "endereco": "XV DE NOVEMBRO, 2365, CENTRO", "cep": "97501705", "municipio": "URUGUAIANA", "uf": "RS", "telefone": "(55)4122266", "atende_sus": "N", "gestao": "M" }, "geometry": { "type": "Point", "coordinates": [ -57.087465, -29.760517 ] } },
{ "type": "Feature", "properties": { "cnes": "3390500", "nome_fantasia": "FISIOCENTRO URUGUAIANA", "nome_empresarial": "FISIOCENTRO URUGUAIANA", "tipo_unidade": "CONSULTORIO ISOLADO", "tipo_unidade_categoria": "clinica_ambulatorio", "tipo_estabelecimento": "AMBULATORIO", "endereco": "XV DE NOVEMBRO, 2335, CENTRO", "cep": "97501705", "municipio": "URUGUAIANA", "uf": "RS", "telefone": "(55)4141265", "atende_sus": "N", "gestao": "M" }, "geometry": { "type": "Point", "coordinates": [ -57.087499, -29.760114 ] } },
{ "type": "Feature", "properties": { "cnes": "0453145", "nome_fantasia": "UNNOCLIN COMPLEXO DE SAUDE LTDA", "nome_empresarial": "UNNOCLIN COMPLEXO DE SAUDE LTDA", "tipo_unidade": "CLINICA/CENTRO DE ESPECIALIDADE", "tipo_unidade_categoria": "clinica_ambulatorio", "tipo_estabelecimento": "AMBULATORIO", "endereco": "DUQUE DE CAXIAS, 2303, CENTRO", "cep": "97501695", "municipio": "URUGUAIANA", "uf": "RS", "telefone": null, "atende_sus": "N", "gestao": "M" }, "geometry": { "type": "Point", "coordinates": [ -57.08619, -29.76011 ] } },
{ "type": "Feature", "properties": { "cnes": "6840787", "nome_fantasia": "DRA RENATA FONTES DERMATOLOGISTA", "nome_empresarial": "RENATA CARRAZONI FONTES", "tipo_unidade": "CLINICA/CENTRO DE ESPECIALIDADE", "tipo_unidade_categoria": "clinica_ambulatorio", "tipo_estabelecimento": "AMBULATORIO", "endereco": "DUQUE DE CAXIAS, 2303, CENTRO", "cep": "97501695", "municipio": "URUGUAIANA", "uf": "RS", "telefone": null, "atende_sus": "N", "gestao": "M" }, "geometry": { "type": "Point", "coordinates": [ -57.08628, -29.76 ] } },
{ "type": "Feature", "properties": { "cnes": "5669839", "nome_fantasia": "ALINE ADELAIDE PAZ DA SILVA DUARTE", "nome_empresarial": "ALINE ADELAIDE PAZ DA SILVA DUARTE", "tipo_unidade": "CONSULTORIO ISOLADO", "tipo_unidade_categoria": "clinica_ambulatorio", "tipo_estabelecimento": "AMBULATORIO", "endereco": "DUQUE DE CAXIAS, 2303, CENTRO", "cep": "97501695", "municipio": "URUGUAIANA", "uf": "RS", "telefone": null, "atende_sus": "N", "gestao": "M" }, "geometry": { "type": "Point", "coordinates": [ -57.08625, -29.75997 ] } },
{ "type": "Feature", "properties": { "cnes": "4013824", "nome_fantasia": "VITALE COMPLEXO DE SAUDE LTDA", "nome_empresarial": "VITALE COMPLEXO DE SAUDE LTDA", "tipo_unidade": "CLINICA/CENTRO DE ESPECIALIDADE", "tipo_unidade_categoria": "clinica_ambulatorio", "tipo_estabelecimento": "AMBULATORIO", "endereco": "DUQUE DE CAXIAS, 2303, CENTRO", "cep": "97501695", "municipio": "URUGUAIANA", "uf": "RS", "telefone": null, "atende_sus": "N", "gestao": "M" }, "geometry": { "type": "Point", "coordinates": [ -57.08619, -29.75988 ] } },
{ "type": "Feature", "properties": { "cnes": "7254369", "nome_fantasia": "CONSULTORIO ODONTOLOGICO FABIANE RIOS ROCHA", "nome_empresarial": "CONSULTORIO ODONTOLOGICO FABIANE RIOS ROCHA", "tipo_unidade": "CONSULTORIO ISOLADO", "tipo_unidade_categoria": "clinica_ambulatorio", "tipo_estabelecimento": "AMBULATORIO", "endereco": "JULIO DE CASTILHOS, 2835, CENTRO", "cep": "97501538", "municipio": "URUGUAIANA", "uf": "RS", "telefone": null, "atende_sus": "N", "gestao": "M" }, "geometry": { "type": "Point", "coordinates": [ -57.08499, -29.76089 ] } },
{ "type": "Feature", "properties": { "cnes": "4345770", "nome_fantasia": "ALINE MARINO MAGNUS DA FONTOURA S S LTDA", "nome_empresarial": "ALINE MARINO MAGNUS DA FONTOURA S S LTDA", "tipo_unidade": "CONSULTORIO ISOLADO", "tipo_unidade_categoria": "clinica_ambulatorio", "tipo_estabelecimento": "AMBULATORIO", "endereco": "JULIO DE CASTILHOS, 2835, 404, CENTRO", "cep": "97501698", "municipio": "URUGUAIANA", "uf": "RS", "telefone": null, "atende_sus": "N", "gestao": "M" }, "geometry": { "type": "Point", "coordinates": [ -57.08496, -29.76089 ] } },
{ "type": "Feature", "properties": { "cnes": "8055807", "nome_fantasia": "E MANDARINO", "nome_empresarial": "EMILIO MARQUES MANDARINO LTDA", "tipo_unidade": "CLINICA/CENTRO DE ESPECIALIDADE", "tipo_unidade_categoria": "clinica_ambulatorio", "tipo_estabelecimento": "AMBULATORIO", "endereco": "JULIO DE CASTILHOS, 2835, SALA 202, CENTRO", "cep": "97502410", "municipio": "URUGUAIANA", "uf": "RS", "telefone": null, "atende_sus": "N", "gestao": "M" }, "geometry": { "type": "Point", "coordinates": [ -57.08494, -29.76086 ] } },
{ "type": "Feature", "properties": { "cnes": "7152868", "nome_fantasia": "CONSULTORIO ODONTOLOGICO ERNANI DE ARAUJO RIBEIRO HICKMANN", "nome_empresarial": "CONSULTORIO ODONTOLOGICO ERNANI DE ARAUJO RIBEIRO HICKMANN", "tipo_unidade": "CONSULTORIO ISOLADO", "tipo_unidade_categoria": "clinica_ambulatorio", "tipo_estabelecimento": "AMBULATORIO", "endereco": "JULIO DE CASTILHOS, 2835, SALA 304, CENTRO", "cep": "97501698", "municipio": "URUGUAIANA", "uf": "RS", "telefone": null, "atende_sus": "N", "gestao": "M" }, "geometry": { "type": "Point", "coordinates": [ -57.08495, -29.76085 ] } },
{ "type": "Feature", "properties": { "cnes": "2847949", "nome_fantasia": "CLINICA OTORRINO TIAGO PERONELLI CERVO S S LTDA", "nome_empresarial": "CLINICA OTORRINO TIAGO PERONELLI CERVO S S LTDA", "tipo_unidade": "CONSULTORIO ISOLADO", "tipo_unidade_categoria": "clinica_ambulatorio", "tipo_estabelecimento": "AMBULATORIO", "endereco": "JULIO DE CASTILHOS, 2835, 202 A, CENTRO", "cep": "97501698", "municipio": "URUGUAIANA", "uf": "RS", "telefone": null, "atende_sus": "N", "gestao": "M" }, "geometry": { "type": "Point", "coordinates": [ -57.08499, -29.76084 ] } },
{ "type": "Feature", "properties": { "cnes": "6536204", "nome_fantasia": "CONSULTORIO SLOAN ZIEMBOWICZ DA COSTA", "nome_empresarial": "CONSULTORIO SLOAN ZIEMBOWICZ DA COSTA", "tipo_unidade": "CONSULTORIO ISOLADO", "tipo_unidade_categoria": "clinica_ambulatorio", "tipo_estabelecimento": "AMBULATORIO", "endereco": "JULIO DE CASTILHOS, 2835, 404, CENTRO", "cep": "97501698", "municipio": "URUGUAIANA", "uf": "RS", "telefone": null, "atende_sus": "N", "gestao": "M" }, "geometry": { "type": "Point", "coordinates": [ -57.084788, -29.760809 ] } },
{ "type": "Feature", "properties": { "cnes": "9329862", "nome_fantasia": "LABORATORIO DE PROTESE SR LTDA", "nome_empresarial": "LABORATORIO DE PROTESE SR LTDA ME", "tipo_unidade": "CONSULTORIO ISOLADO", "tipo_unidade_categoria": "clinica_ambulatorio", "tipo_estabelecimento": "AMBULATORIO", "endereco": "JULIO DE CASTILHOS, 2835, 402, CENTRO", "cep": "97501698", "municipio": "URUGUAIANA", "uf": "RS", "telefone": null, "atende_sus": "N", "gestao": "M" }, "geometry": { "type": "Point", "coordinates": [ -57.084928, -29.76079 ] } },
{ "type": "Feature", "properties": { "cnes": "9480129", "nome_fantasia": "AMBULATORIO UNIMED", "nome_empresarial": "UNIMED URUGUAIANA RS COOPERATIVA DE ASSISTENCIA A SAUDE", "tipo_unidade": "CLINICA/CENTRO DE ESPECIALIDADE", "tipo_unidade_categoria": "clinica_ambulatorio", "tipo_estabelecimento": "AMBULATORIO", "endereco": "DOUTOR MAIA, 2481, CENTRO", "cep": "97501702", "municipio": "URUGUAIANA", "uf": "RS", "telefone": null, "atende_sus": "N", "gestao": "M" }, "geometry": { "type": "Point", "coordinates": [ -57.085604667663574, -29.759757809109537 ] } },
{ "type": "Feature", "properties": { "cnes": "6826377", "nome_fantasia": "CONSULTORIO DE NUTRICAO NADIA BAIRROS GONCALVES", "nome_empresarial": "CONSULTORIO DE NUTRICAO NADIA BAIRROS GONCALVES", "tipo_unidade": "CONSULTORIO ISOLADO", "tipo_unidade_categoria": "clinica_ambulatorio", "tipo_estabelecimento": "AMBULATORIO", "endereco": "DR MAIA, 2841, CENTRO", "cep": "97501702", "municipio": "URUGUAIANA", "uf": "RS", "telefone": null, "atende_sus": "N", "gestao": "M" }, "geometry": { "type": "Point", "coordinates": [ -57.085145, -29.759565 ] } },
{ "type": "Feature", "properties": { "cnes": "5546303", "nome_fantasia": "JACKSON AUGUSTO GEWEHR", "nome_empresarial": "JACKSON AUGUSTO GEWEHR", "tipo_unidade": "CONSULTORIO ISOLADO", "tipo_unidade_categoria": "clinica_ambulatorio", "tipo_estabelecimento": "AMBULATORIO", "endereco": "RUA BENTO MARTINS, 3222, SALA 07 E08, CENTRO", "cep": "97501636", "municipio": "URUGUAIANA", "uf": "RS", "telefone": null, "atende_sus": "N", "gestao": "M" }, "geometry": { "type": "Point", "coordinates": [ -57.085166, -29.759556 ] } },
{ "type": "Feature", "properties": { "cnes": "7159242", "nome_fantasia": "CONSULTORIO MEDICO MARIA LUISA DE LA O ROMERO", "nome_empresarial": "CONSULTORIO MEDICO MARIA LUISA DE LA O ROMERO", "tipo_unidade": "CONSULTORIO ISOLADO", "tipo_unidade_categoria": "clinica_ambulatorio", "tipo_estabelecimento": "AMBULATORIO", "endereco": "DR MAIA, 2841, CENTRO", "cep": "97501702", "municipio": "URUGUAIANA", "uf": "RS", "telefone": null, "atende_sus": "N", "gestao": "M" }, "geometry": { "type": "Point", "coordinates": [ -57.085145, -29.759528 ] } },
{ "type": "Feature", "properties": { "cnes": "7168802", "nome_fantasia": "CONSULTORIO MEDICO CLODOALDO ESPINOSA DA SILVA", "nome_empresarial": "CONSULTORIO MEDICO CLODOALDO ESPINOSA DA SILVA", "tipo_unidade": "CONSULTORIO ISOLADO", "tipo_unidade_categoria": "clinica_ambulatorio", "tipo_estabelecimento": "AMBULATORIO", "endereco": "RUA DOUTOR MAIA, 2841, CENTRO", "cep": "97501702", "municipio": "URUGUAIANA", "uf": "RS", "telefone": null, "atende_sus": "N", "gestao": "M" }, "geometry": { "type": "Point", "coordinates": [ -57.085166, -29.759519 ] } },
{ "type": "Feature", "properties": { "cnes": "5032962", "nome_fantasia": "CONSULTORIO MEDICO DRA REJANE CAMILA ALVARENGA DIAS", "nome_empresarial": "REJANE CAMILA ALVARENGA DIAS", "tipo_unidade": "CONSULTORIO ISOLADO", "tipo_unidade_categoria": "clinica_ambulatorio", "tipo_estabelecimento": "AMBULATORIO", "endereco": "RUA DR MAIA, 2841, CENTRO", "cep": "97501702", "municipio": "URUGUAIANA", "uf": "RS", "telefone": "55-312-6238", "atende_sus": "N", "gestao": "M" }, "geometry": { "type": "Point", "coordinates": [ -57.084855, -29.759407 ] } },
{ "type": "Feature", "properties": { "cnes": "3066436", "nome_fantasia": "UNIMED 24 HORAS", "nome_empresarial": "UNIMED URUGUAIANA RS COOPERATIVA DE ASSISTENCIA A SAUDE LTDA", "tipo_unidade": "PRONTO ATENDIMENTO", "tipo_unidade_categoria": "clinica_ambulatorio", "tipo_estabelecimento": "AMBULATORIO", "endereco": "RUA SANTANA, 2717, CENTRO", "cep": "97501504", "municipio": "URUGUAIANA", "uf": "RS", "telefone": "(55) 3411-0045", "atende_sus": "N", "gestao": "M" }, "geometry": { "type": "Point", "coordinates": [ -57.085535, -29.756946 ] } },
{ "type": "Feature", "properties": { "cnes": "0971170", "nome_fantasia": "PANVEL FARMACIAS", "nome_empresarial": "DIMED S A DISTRIBUIDORA DE MEDICAMENTOS", "tipo_unidade": "FARMACIA", "tipo_unidade_categoria": "farmacia", "tipo_estabelecimento": "FARMACIA", "endereco": "DOMINGOS DE ALMEIDA, 1946, CENTRO", "cep": "97501633", "municipio": "URUGUAIANA", "uf": "RS", "telefone": null, "atende_sus": "N", "gestao": "M" }, "geometry": { "type": "Point", "coordinates": [ -57.08494, -29.75669 ] } },
{ "type": "Feature", "properties": { "cnes": "0747491", "nome_fantasia": "FARMACIAS FRONTEIRA", "nome_empresarial": "LATSCH E BOCHI LTDA", "tipo_unidade": "FARMACIA", "tipo_unidade_categoria": "farmacia", "tipo_estabelecimento": "FARMACIA", "endereco": "DOMINGOS DE ALMEIDA, 1914, CENTRO", "cep": "97501532", "municipio": "URUGUAIANA", "uf": "RS", "telefone": null, "atende_sus": "N", "gestao": "M" }, "geometry": { "type": "Point", "coordinates": [ -57.08501, -29.75651 ] } },
{ "type": "Feature", "properties": { "cnes": "0255610", "nome_fantasia": "FARMACIAS MELHOR PRECO", "nome_empresarial": "COMERCIO DE MEDICAMENTOS BRAIR LTDA", "tipo_unidade": "FARMACIA", "tipo_unidade_categoria": "farmacia", "tipo_estabelecimento": "FARMACIA", "endereco": "GENERAL BENTO MARTINS, 2856, CENTRO", "cep": "97501520", "municipio": "URUGUAIANA", "uf": "RS", "telefone": null, "atende_sus": "N", "gestao": "M" }, "geometry": { "type": "Point", "coordinates": [ -57.084943, -29.755595 ] } },
{ "type": "Feature", "properties": { "cnes": "7181701", "nome_fantasia": "CLINICA DENTARIA SORRIFACIL", "nome_empresarial": "CLINICA DENTARIA URUGUAIANA LTDA", "tipo_unidade": "CONSULTORIO ISOLADO", "tipo_unidade_categoria": "clinica_ambulatorio", "tipo_estabelecimento": "AMBULATORIO", "endereco": "BENTO MARTINS, 2801, CENTRO", "cep": "97501520", "municipio": "URUGUAIANA", "uf": "RS", "telefone": null, "atende_sus": "N", "gestao": "M" }, "geometry": { "type": "Point", "coordinates": [ -57.085543, -29.755187 ] } },
{ "type": "Feature", "properties": { "cnes": "0273988", "nome_fantasia": "SAO JOAO FARMACIAS", "nome_empresarial": "COMERCIO DE MEDICAMENTOS BRAIR LTDA", "tipo_unidade": "FARMACIA", "tipo_unidade_categoria": "farmacia", "tipo_estabelecimento": "FARMACIA", "endereco": "DOMINGOS DE ALMEIDA, 1780, CENTRO", "cep": "97501516", "municipio": "URUGUAIANA", "uf": "RS", "telefone": null, "atende_sus": "N", "gestao": "M" }, "geometry": { "type": "Point", "coordinates": [ -57.08497, -29.75513 ] } },
{ "type": "Feature", "properties": { "cnes": "9824618", "nome_fantasia": "LABORATORIO BIOQUIMICO POSTO DE COLETA", "nome_empresarial": "LABORATORIO DE ANALISES CLINICAS TARRAGO CARVALHO LTDA", "tipo_unidade": "UNIDADE DE APOIO DIAGNOSE E TERAPIA (SADT ISOLADO)", "tipo_unidade_categoria": "laboratorio_apoio_diagnostico", "tipo_estabelecimento": "UNIDADE DE APOIO DIAGNOSTICO", "endereco": "DOMINGOS DE ALMEIDA, 1754, CENTRO", "cep": "97501516", "municipio": "URUGUAIANA", "uf": "RS", "telefone": "3412-2147", "atende_sus": "N", "gestao": "M" }, "geometry": { "type": "Point", "coordinates": [ -57.08507, -29.75483 ] } },
{ "type": "Feature", "properties": { "cnes": "5831180", "nome_fantasia": "EXAME", "nome_empresarial": "EXAME ANALISES CLINICAS LTDA", "tipo_unidade": "UNIDADE DE APOIO DIAGNOSE E TERAPIA (SADT ISOLADO)", "tipo_unidade_categoria": "laboratorio_apoio_diagnostico", "tipo_estabelecimento": "UNIDADE DE APOIO DIAGNOSTICO", "endereco": "DUQUE DE CAXIAS, 2173, CENTRO", "cep": "97501695", "municipio": "URUGUAIANA", "uf": "RS", "telefone": null, "atende_sus": "N", "gestao": "M" }, "geometry": { "type": "Point", "coordinates": [ -57.086009, -29.758804 ] } },
{ "type": "Feature", "properties": { "cnes": "8205728", "nome_fantasia": "KARLA FRUCTOS GARCIA HIRDES", "nome_empresarial": "KARLA FRUCTOS GARCIA HIRDES", "tipo_unidade": "CONSULTORIO ISOLADO", "tipo_unidade_categoria": "clinica_ambulatorio", "tipo_estabelecimento": "AMBULATORIO", "endereco": "AVENIDA PRESIDENTE VARGAS, 2755, CENTRO", "cep": "97501513", "municipio": "URUGUAIANA", "uf": "RS", "telefone": null, "atende_sus": "N", "gestao": "M" }, "geometry": { "type": "Point", "coordinates": [ -57.08601, -29.75813 ] } },
{ "type": "Feature", "properties": { "cnes": "5454867", "nome_fantasia": "ODONTO CLINICA", "nome_empresarial": "2ODONTO CLINICA LTDA", "tipo_unidade": "CLINICA/CENTRO DE ESPECIALIDADE", "tipo_unidade_categoria": "clinica_ambulatorio", "tipo_estabelecimento": "AMBULATORIO", "endereco": "DUQUE DE CAXIAS, 2098, CENTRO", "cep": "97501510", "municipio": "URUGUAIANA", "uf": "RS", "telefone": null, "atende_sus": "N", "gestao": "M" }, "geometry": { "type": "Point", "coordinates": [ -57.08661, -29.75805 ] } },
{ "type": "Feature", "properties": { "cnes": "6740707", "nome_fantasia": "CONSULTORIO ODONTOLOGICO JULIANO NOGUEIRA DENARDE", "nome_empresarial": "JULIANO NOGUEIRA DENARDE", "tipo_unidade": "CONSULTORIO ISOLADO", "tipo_unidade_categoria": "clinica_ambulatorio", "tipo_estabelecimento": "AMBULATORIO", "endereco": "DUQUE DE CAXIAS, 2066, CENTRO", "cep": "97501523", "municipio": "URUGUAIANA", "uf": "RS", "telefone": null, "atende_sus": "N", "gestao": "M" }, "geometry": { "type": "Point", "coordinates": [ -57.086175, -29.757797 ] } },
{ "type": "Feature", "properties": { "cnes": "7999038", "nome_fantasia": "ODONTO RAD", "nome_empresarial": "EC CLINICA ODONTOLOGICA LTDA", "tipo_unidade": "CLINICA/CENTRO DE ESPECIALIDADE", "tipo_unidade_categoria": "clinica_ambulatorio", "tipo_estabelecimento": "UNIDADE DE APOIO DIAGNOSTICO", "endereco": "DUQUE DE CAXIAS, 2037, LOJA 02, CENTRO", "cep": "97501523", "municipio": "URUGUAIANA", "uf": "RS", "telefone": null, "atende_sus": "N", "gestao": "M" }, "geometry": { "type": "Point", "coordinates": [ -57.085924, -29.757575 ] } },
{ "type": "Feature", "properties": { "cnes": "9938834", "nome_fantasia": "CLINICA URUGUAIANA", "nome_empresarial": "URUGUAIANA ODONTOLOGIA LTDA", "tipo_unidade": "CLINICA/CENTRO DE ESPECIALIDADE", "tipo_unidade_categoria": "clinica_ambulatorio", "tipo_estabelecimento": "AMBULATORIO", "endereco": "SANTANA, 2779, CENTRO", "cep": "97501504", "municipio": "URUGUAIANA", "uf": "RS", "telefone": "55 34028987", "atende_sus": "N", "gestao": "M" }, "geometry": { "type": "Point", "coordinates": [ -57.08591, -29.75671 ] } },
{ "type": "Feature", "properties": { "cnes": "7168837", "nome_fantasia": "CONSULTORIO ODONTOLOGICO LUCIANA GOMIDE FERREIRA HENKES", "nome_empresarial": "CONSULTORIO ODONTOLOGICO LUCIANA GOMIDE FERREIRA HENKES", "tipo_unidade": "CONSULTORIO ISOLADO", "tipo_unidade_categoria": "clinica_ambulatorio", "tipo_estabelecimento": "AMBULATORIO", "endereco": "RUA BENTO MARTINS, 2671, SALA 11, CENTRO", "cep": "97501520", "municipio": "URUGUAIANA", "uf": "RS", "telefone": null, "atende_sus": "N", "gestao": "M" }, "geometry": { "type": "Point", "coordinates": [ -57.086457, -29.755275 ] } },
{ "type": "Feature", "properties": { "cnes": "0276022", "nome_fantasia": "SAO JOAO FARMACIAS", "nome_empresarial": "COMERCIO DE MEDICAMENTOS BRAIR LTDA", "tipo_unidade": "FARMACIA", "tipo_unidade_categoria": "farmacia", "tipo_estabelecimento": "FARMACIA", "endereco": "DUQUE DE CAXIAS, 1770, CENTRO", "cep": "97501854", "municipio": "URUGUAIANA", "uf": "RS", "telefone": null, "atende_sus": "N", "gestao": "M" }, "geometry": { "type": "Point", "coordinates": [ -57.086482, -29.755214 ] } },
{ "type": "Feature", "properties": { "cnes": "7168799", "nome_fantasia": "CONSULTORIO MEDICO CLAUDIA CAZEIRO TEIXEIRA", "nome_empresarial": "CONSULTORIO MEDICO CLAUDIA CAZEIRO TEIXEIRA", "tipo_unidade": "CONSULTORIO ISOLADO", "tipo_unidade_categoria": "clinica_ambulatorio", "tipo_estabelecimento": "AMBULATORIO", "endereco": "RUA DUQUE DE CAXIAS, 1748, SALA 16, CENTRO", "cep": "97501510", "municipio": "URUGUAIANA", "uf": "RS", "telefone": null, "atende_sus": "N", "gestao": "M" }, "geometry": { "type": "Point", "coordinates": [ -57.086547, -29.755059 ] } },
{ "type": "Feature", "properties": { "cnes": "3064921", "nome_fantasia": "CONSULTORIO MEDICO DR RAUL ANTONIO FAGUNDES VALLS", "nome_empresarial": "CONSULTORIO MEDICO", "tipo_unidade": "CONSULTORIO ISOLADO", "tipo_unidade_categoria": "clinica_ambulatorio", "tipo_estabelecimento": "AMBULATORIO", "endereco": "RUA DUQUE DE CAXIAS, 1739, SALA 804, CENTRO", "cep": "97501523", "municipio": "URUGUAIANA", "uf": "RS", "telefone": "(55)4121348", "atende_sus": "N", "gestao": "M" }, "geometry": { "type": "Point", "coordinates": [ -57.086203, -29.754848 ] } },
{ "type": "Feature", "properties": { "cnes": "3065812", "nome_fantasia": "CONSULTORIO MEDICO DR JACIARA FATIMA RITTER", "nome_empresarial": "CONSULTORIO MEDICO", "tipo_unidade": "CONSULTORIO ISOLADO", "tipo_unidade_categoria": "clinica_ambulatorio", "tipo_estabelecimento": "AMBULATORIO", "endereco": "RUA DUQUE DE CAXIAS, 1739, SALA 702, CENTRO", "cep": "97501523", "municipio": "URUGUAIANA", "uf": "RS", "telefone": "(55)4123196", "atende_sus": "N", "gestao": "M" }, "geometry": { "type": "Point", "coordinates": [ -57.086225, -29.754839 ] } },
{ "type": "Feature", "properties": { "cnes": "6904904", "nome_fantasia": "CLINISONO", "nome_empresarial": "CLINICA E LABORATORIO DO SONO DA FRONTEIRA S S", "tipo_unidade": "CONSULTORIO ISOLADO", "tipo_unidade_categoria": "clinica_ambulatorio", "tipo_estabelecimento": "AMBULATORIO", "endereco": "DUQUE DE CAXIAS, 1739, 404, CENTRO", "cep": "97501523", "municipio": "URUGUAIANA", "uf": "RS", "telefone": null, "atende_sus": "N", "gestao": "M" }, "geometry": { "type": "Point", "coordinates": [ -57.086214, -29.754839 ] } },
{ "type": "Feature", "properties": { "cnes": "3066096", "nome_fantasia": "CONSULTORIO MEDICO DR JOSE FRANCISCO VALLS", "nome_empresarial": "JOSE FRANCISCO FAGUNDES VALLS", "tipo_unidade": "CONSULTORIO ISOLADO", "tipo_unidade_categoria": "clinica_ambulatorio", "tipo_estabelecimento": "AMBULATORIO", "endereco": "RUA DUQUE DE CAXIAS, 1739, SALA 804, CENTRO", "cep": "97501523", "municipio": "URUGUAIANA", "uf": "RS", "telefone": "(55)4121348", "atende_sus": "N", "gestao": "M" }, "geometry": { "type": "Point", "coordinates": [ -57.086193, -29.75483 ] } },
{ "type": "Feature", "properties": { "cnes": "7280335", "nome_fantasia": "SORRIFACIL CLINICA ODONTOLOGICA", "nome_empresarial": "CLINICA DENTARIA URUGUAIANENSE RS LTDA", "tipo_unidade": "CONSULTORIO ISOLADO", "tipo_unidade_categoria": "clinica_ambulatorio", "tipo_estabelecimento": "AMBULATORIO", "endereco": "QUINZE DE NOVEMBRO, 2156, CENTRO", "cep": "97501714", "municipio": "URUGUAIANA", "uf": "RS", "telefone": null, "atende_sus": "N", "gestao": "M" }, "geometry": { "type": "Point", "coordinates": [ -57.08619, -29.75482 ] } },
{ "type": "Feature", "properties": { "cnes": "3065944", "nome_fantasia": "CONSULTORIO ODONTOLOGICO DR MARTIN FRANCISCO BECHSTEDT", "nome_empresarial": "CONSULTORIO ODONTOLOGICO", "tipo_unidade": "CONSULTORIO ISOLADO", "tipo_unidade_categoria": "clinica_ambulatorio", "tipo_estabelecimento": "AMBULATORIO", "endereco": "RUA DUQUE DE CAXIAS, 1739, 1203, CENTRO", "cep": "97501523", "municipio": "URUGUAIANA", "uf": "RS", "telefone": "(55)4123822", "atende_sus": "N", "gestao": "M" }, "geometry": { "type": "Point", "coordinates": [ -57.086214, -29.754802 ] } },
{ "type": "Feature", "properties": { "cnes": "3065863", "nome_fantasia": "CONSULTORIO ODONTOLOGICO DR JANETE FANI AMIEL CORTEZ", "nome_empresarial": "CONSULTORIO ODONTOLOGICO", "tipo_unidade": "CONSULTORIO ISOLADO", "tipo_unidade_categoria": "clinica_ambulatorio", "tipo_estabelecimento": "AMBULATORIO", "endereco": "RUA DUQUE DE CAXIAS, 1739, SALA 304, CENTR0", "cep": "97501523", "municipio": "URUGUAIANA", "uf": "RS", "telefone": "(55)4123252", "atende_sus": "N", "gestao": "M" }, "geometry": { "type": "Point", "coordinates": [ -57.086118, -29.754764 ] } },
{ "type": "Feature", "properties": { "cnes": "0952605", "nome_fantasia": "CLINICA INSIGHT", "nome_empresarial": "ARIANE DA SILVA MOREIRA", "tipo_unidade": "CLINICA/CENTRO DE ESPECIALIDADE", "tipo_unidade_categoria": "clinica_ambulatorio", "tipo_estabelecimento": "AMBULATORIO", "endereco": "DUQUE DE CAXIAS, 1739, SALA 504, CENTRO", "cep": "97501504", "municipio": "URUGUAIANA", "uf": "RS", "telefone": null, "atende_sus": "N", "gestao": "M" }, "geometry": { "type": "Point", "coordinates": [ -57.08628, -29.75474 ] } },
{ "type": "Feature", "properties": { "cnes": "9419683", "nome_fantasia": "CONSULTORIO ODONTOLOGICO DENIZART SOUZA RAMIRES", "nome_empresarial": "DENIZART SOUZA RAMIRES", "tipo_unidade": "CONSULTORIO ISOLADO", "tipo_unidade_categoria": "clinica_ambulatorio", "tipo_estabelecimento": "AMBULATORIO", "endereco": "DUQUE DE CAXIAS, 1739, 604, CENTRO", "cep": "97501523", "municipio": "URUGUAIANA", "uf": "RS", "telefone": "5534123732", "atende_sus": "N", "gestao": "M" }, "geometry": { "type": "Point", "coordinates": [ -57.086171, -29.75469 ] } },
{ "type": "Feature", "properties": { "cnes": "3064905", "nome_fantasia": "CONSULTORIO ODONTOLOGICO DR CLEBER BIDEGAIN PERERA", "nome_empresarial": "CONSULTORIO ODONTOLOGICO", "tipo_unidade": "CONSULTORIO ISOLADO", "tipo_unidade_categoria": "clinica_ambulatorio", "tipo_estabelecimento": "AMBULATORIO", "endereco": "RUA DUQUE DE CAXIAS, 1739, SALA 903, CENTRO", "cep": "97501523", "municipio": "URUGUAIANA", "uf": "RS", "telefone": "(55)4111317", "atende_sus": "N", "gestao": "M" }, "geometry": { "type": "Point", "coordinates": [ -57.086171, -29.75469 ] } },
{ "type": "Feature", "properties": { "cnes": "0758566", "nome_fantasia": "FARMACIA FRONTEIRA", "nome_empresarial": "LATSCH E BOCHI LTDA", "tipo_unidade": "FARMACIA", "tipo_unidade_categoria": "farmacia", "tipo_estabelecimento": "FARMACIA", "endereco": "DUQUE DE CAXIAS, 1685, CENTRO", "cep": "97501523", "municipio": "URUGUAIANA", "uf": "RS", "telefone": null, "atende_sus": "N", "gestao": "M" }, "geometry": { "type": "Point", "coordinates": [ -57.08625, -29.75442 ] } },
{ "type": "Feature", "properties": { "cnes": "2923343", "nome_fantasia": "THIAGO ZENI PAPALEO", "nome_empresarial": "THIAGO ZENI PAPALEO", "tipo_unidade": "CONSULTORIO ISOLADO", "tipo_unidade_categoria": "clinica_ambulatorio", "tipo_estabelecimento": "AMBULATORIO", "endereco": "TREZE DE MAIO, 1691, APTO 101, CENTRO", "cep": "97501538", "municipio": "URUGUAIANA", "uf": "RS", "telefone": null, "atende_sus": "N", "gestao": "M" }, "geometry": { "type": "Point", "coordinates": [ -57.08495, -29.75438 ] } },
{ "type": "Feature", "properties": { "cnes": "9486437", "nome_fantasia": "PANVEL FARMACIAS", "nome_empresarial": "DIMED SA DISTRIBUIDORA DE MEDICAMENTOS", "tipo_unidade": "FARMACIA", "tipo_unidade_categoria": "farmacia", "tipo_estabelecimento": "FARMACIA", "endereco": "DUQUE DE CAXIAS, 1625, CENTRO", "cep": "97501591", "municipio": "URUGUAIANA", "uf": "RS", "telefone": null, "atende_sus": "N", "gestao": "M" }, "geometry": { "type": "Point", "coordinates": [ -57.085816, -29.75379 ] } },
{ "type": "Feature", "properties": { "cnes": "6467202", "nome_fantasia": "CONSULTORIO MARILIZE MAINARDI", "nome_empresarial": "CONSULTORIO SANDRA MARILIZE MAINARDI", "tipo_unidade": "CONSULTORIO ISOLADO", "tipo_unidade_categoria": "clinica_ambulatorio", "tipo_estabelecimento": "AMBULATORIO", "endereco": "MONTE CASSEROS, 2799, CENTRO", "cep": "97501580", "municipio": "URUGUAIANA", "uf": "RS", "telefone": null, "atende_sus": "N", "gestao": "M" }, "geometry": { "type": "Point", "coordinates": [ -57.085548, -29.752413 ] } },
{ "type": "Feature", "properties": { "cnes": "6847552", "nome_fantasia": "CONSULTORIO DE FONOAUDIOLOGIA ALINE JAQUES", "nome_empresarial": "CONSULTORIO DE FONOAUDIOLOGIA ALINE JAQUES", "tipo_unidade": "CONSULTORIO ISOLADO", "tipo_unidade_categoria": "clinica_ambulatorio", "tipo_estabelecimento": "AMBULATORIO", "endereco": "MONTE CASSEROS, 2799, CENTRO", "cep": "97501580", "municipio": "URUGUAIANA", "uf": "RS", "telefone": null, "atende_sus": "N", "gestao": "M" }, "geometry": { "type": "Point", "coordinates": [ -57.08558, -29.752376 ] } },
{ "type": "Feature", "properties": { "cnes": "5547601", "nome_fantasia": "ASSESSORIA HUMANITY", "nome_empresarial": "CARLA PELEGRINI MICHELENA LTDA", "tipo_unidade": "CLINICA/CENTRO DE ESPECIALIDADE", "tipo_unidade_categoria": "clinica_ambulatorio", "tipo_estabelecimento": "AMBULATORIO", "endereco": "MONTE CASEROS, 2799, SALA 02, CENTRO", "cep": "97501580", "municipio": "URUGUAIANA", "uf": "RS", "telefone": null, "atende_sus": "N", "gestao": "M" }, "geometry": { "type": "Point", "coordinates": [ -57.08561, -29.75227 ] } },
{ "type": "Feature", "properties": { "cnes": "3461939", "nome_fantasia": "SILAS DE SOUZA MELLO", "nome_empresarial": "SILAS DE SOUZA MELLO", "tipo_unidade": "CONSULTORIO ISOLADO", "tipo_unidade_categoria": "clinica_ambulatorio", "tipo_estabelecimento": "AMBULATORIO", "endereco": "DOMINGOS DE ALMEIDA, 1421, SALA 12, CENTRO", "cep": "97503178", "municipio": "URUGUAIANA", "uf": "RS", "telefone": null, "atende_sus": "N", "gestao": "M" }, "geometry": { "type": "Point", "coordinates": [ -57.08472, -29.75219 ] } },
{ "type": "Feature", "properties": { "cnes": "7331347", "nome_fantasia": "CONSULTORIO DE PSICOLOGIA FLAVIA MORAES PELLEGRINI", "nome_empresarial": "CONSULTORIO DE PSICOLOGIA FLAVIA MORAES PELLEGRINI", "tipo_unidade": "CONSULTORIO ISOLADO", "tipo_unidade_categoria": "clinica_ambulatorio", "tipo_estabelecimento": "AMBULATORIO", "endereco": "DOMINGOS DE ALMEIDA, 1421, SALA 06, CENTRO", "cep": "97501974", "municipio": "URUGUAIANA", "uf": "RS", "telefone": null, "atende_sus": "N", "gestao": "M" }, "geometry": { "type": "Point", "coordinates": [ -57.084333, -29.751991 ] } },
{ "type": "Feature", "properties": { "cnes": "3579573", "nome_fantasia": "CONSULTORIO PSICOLOGICO ADRIANE DIEHL KROB", "nome_empresarial": "CONSULTORIO PSICOLOGICO ADRIANE DIEHL KROB", "tipo_unidade": "CONSULTORIO ISOLADO", "tipo_unidade_categoria": "clinica_ambulatorio", "tipo_estabelecimento": "AMBULATORIO", "endereco": "DOMINGOS DE ALMEIDA, 1421, SALA 19, CENTRO", "cep": "97501603", "municipio": "URUGUAIANA", "uf": "RS", "telefone": "(55)34110290", "atende_sus": "N", "gestao": "M" }, "geometry": { "type": "Point", "coordinates": [ -57.084225, -29.751908 ] } },
{ "type": "Feature", "properties": { "cnes": "7217099", "nome_fantasia": "CONSULTORIO ODONTOLOGICO JOSE NAIRO DA CUNHA RIBEIRO", "nome_empresarial": "CONSULTORIO ODONTOLOGICO JOSE NAIRO DA CUNHA RIBEIRO", "tipo_unidade": "CONSULTORIO ISOLADO", "tipo_unidade_categoria": "clinica_ambulatorio", "tipo_estabelecimento": "AMBULATORIO", "endereco": "DOMINGOS DE ALMEIDA, 1383, CENTRO", "cep": "97501603", "municipio": "URUGUAIANA", "uf": "RS", "telefone": null, "atende_sus": "N", "gestao": "M" }, "geometry": { "type": "Point", "coordinates": [ -57.084549, -29.75152 ] } },
{ "type": "Feature", "properties": { "cnes": "2247364", "nome_fantasia": "ULTRASSON SERVICOS LTDA", "nome_empresarial": "ULTRASSOM SERVICOS DE DIAGNOSTICO POR IMAGEM LTDA", "tipo_unidade": "UNIDADE DE APOIO DIAGNOSE E TERAPIA (SADT ISOLADO)", "tipo_unidade_categoria": "laboratorio_apoio_diagnostico", "tipo_estabelecimento": "AMBULATORIO", "endereco": "DOMINGOS DE ALMEIDA, 3668, SAO MIGUEL", "cep": "97502854", "municipio": "URUGUAIANA", "uf": "RS", "telefone": "55 34111330", "atende_sus": "N", "gestao": "M" }, "geometry": { "type": "Point", "coordinates": [ -57.084531784057617, -29.751468134493219 ] } },
{ "type": "Feature", "properties": { "cnes": "0829196", "nome_fantasia": "CERTO ODONTOLOGIA", "nome_empresarial": "CLINICA ESPECIALIZADA EM REABILITACAO E TRATAMENTO ODONTOLOG", "tipo_unidade": "CLINICA/CENTRO DE ESPECIALIDADE", "tipo_unidade_categoria": "clinica_ambulatorio", "tipo_estabelecimento": "AMBULATORIO", "endereco": "BENTO MARTINS, 2327, CENTRO", "cep": "97501546", "municipio": "URUGUAIANA", "uf": "RS", "telefone": null, "atende_sus": "N", "gestao": "M" }, "geometry": { "type": "Point", "coordinates": [ -57.09039, -29.75534 ] } },
{ "type": "Feature", "properties": { "cnes": "5193915", "nome_fantasia": "CONSULTORIO ODONTOLOGICO DR EDINILSON RAFAEL ALVES FAGUNDES", "nome_empresarial": "EDINILSON RAFAEL ALVES FAGUNDES", "tipo_unidade": "CONSULTORIO ISOLADO", "tipo_unidade_categoria": "clinica_ambulatorio", "tipo_estabelecimento": "AMBULATORIO", "endereco": "RUA BENTO MARTINS, 2327, CENTRO", "cep": "97501546", "municipio": "URUGUAIANA", "uf": "RS", "telefone": "5534121674", "atende_sus": "N", "gestao": "M" }, "geometry": { "type": "Point", "coordinates": [ -57.090215, -29.755259 ] } },
{ "type": "Feature", "properties": { "cnes": "7252293", "nome_fantasia": "CONSULTORIO MEDICO RAQUEL FORGIARINI SALDANHA", "nome_empresarial": "CONULTORIO MEDICO RAQUEL FORGIARINI SALDANHA", "tipo_unidade": "CONSULTORIO ISOLADO", "tipo_unidade_categoria": "clinica_ambulatorio", "tipo_estabelecimento": "AMBULATORIO", "endereco": "TREZE DE MAIO, 1691, SALA 602, CENTRO", "cep": "97501538", "municipio": "URUGUAIANA", "uf": "RS", "telefone": null, "atende_sus": "N", "gestao": "M" }, "geometry": { "type": "Point", "coordinates": [ -57.089462, -29.754497 ] } },
{ "type": "Feature", "properties": { "cnes": "3066150", "nome_fantasia": "CONSULTORIO MEDICO DR ADIR MACHADO JACOCIUNAS", "nome_empresarial": "CONSULTORIO MEDICO", "tipo_unidade": "CONSULTORIO ISOLADO", "tipo_unidade_categoria": "clinica_ambulatorio", "tipo_estabelecimento": "AMBULATORIO", "endereco": "RUA 13 DE MAIO, 1691, SALA 703, CENTRO", "cep": "97501538", "municipio": "URUGUAIANA", "uf": "RS", "telefone": "(55)4125625", "atende_sus": "N", "gestao": "M" }, "geometry": { "type": "Point", "coordinates": [ -57.089419, -29.754497 ] } },
{ "type": "Feature", "properties": { "cnes": "7140401", "nome_fantasia": "CONSULTORIO ODONTOLOGICO CLARICE ARINDA TARRAGO CHISTE", "nome_empresarial": "CONSULTORIO ODONTOLOGICO CLARICE ARINDA TARRAGO CHISTE", "tipo_unidade": "CONSULTORIO ISOLADO", "tipo_unidade_categoria": "clinica_ambulatorio", "tipo_estabelecimento": "AMBULATORIO", "endereco": "TREZE DE MAIO, 1691, SALA 501, CENTRO", "cep": "97501538", "municipio": "URUGUAIANA", "uf": "RS", "telefone": null, "atende_sus": "N", "gestao": "M" }, "geometry": { "type": "Point", "coordinates": [ -57.089473, -29.754487 ] } },
{ "type": "Feature", "properties": { "cnes": "3066274", "nome_fantasia": "CONSULTORIO MEDICO DR JOYCE PONTES JACOCIUNAS", "nome_empresarial": "CONSULTORIO MEDICO", "tipo_unidade": "CONSULTORIO ISOLADO", "tipo_unidade_categoria": "clinica_ambulatorio", "tipo_estabelecimento": "AMBULATORIO", "endereco": "RUA TREZE DE MAIO, 1691, SALA 703, CENTRO", "cep": "97501538", "municipio": "URUGUAIANA", "uf": "RS", "telefone": "(55)4125625", "atende_sus": "N", "gestao": "M" }, "geometry": { "type": "Point", "coordinates": [ -57.089473, -29.754487 ] } },
{ "type": "Feature", "properties": { "cnes": "6467210", "nome_fantasia": "OFTALMONET", "nome_empresarial": "LUCIANO MAGRINI ANTUNES LTDA", "tipo_unidade": "CONSULTORIO ISOLADO", "tipo_unidade_categoria": "clinica_ambulatorio", "tipo_estabelecimento": "AMBULATORIO", "endereco": "BENTO MARTINS, 2497, SALA 1302, CENTRO", "cep": "97501546", "municipio": "URUGUAIANA", "uf": "RS", "telefone": null, "atende_sus": "N", "gestao": "M" }, "geometry": { "type": "Point", "coordinates": [ -57.089484, -29.754459 ] } },
{ "type": "Feature", "properties": { "cnes": "3065782", "nome_fantasia": "CONSULTORIO PARTICULAR DR JOSE LUIS SALGUEIRO", "nome_empresarial": "CONSULTORIO PARTICULAR DR JOSE LUIS SALGUEIRO", "tipo_unidade": "CONSULTORIO ISOLADO", "tipo_unidade_categoria": "clinica_ambulatorio", "tipo_estabelecimento": "AMBULATORIO", "endereco": "RUA 13 DE MAIO, 1691, SALA 602, CENTRO", "cep": "97501538", "municipio": "URUGUAIANA", "uf": "RS", "telefone": "(55)4124653", "atende_sus": "N", "gestao": "M" }, "geometry": { "type": "Point", "coordinates": [ -57.08949, -29.75443 ] } },
{ "type": "Feature", "properties": { "cnes": "0557846", "nome_fantasia": "SCHONWALD ALVES LTDA", "nome_empresarial": "SCHONWALD ALVES LTDA", "tipo_unidade": "CONSULTORIO ISOLADO", "tipo_unidade_categoria": "clinica_ambulatorio", "tipo_estabelecimento": "AMBULATORIO", "endereco": "13 DE MAIO, 1691, 402, CENTRO", "cep": "97501538", "municipio": "URUGUAIANA", "uf": "RS", "telefone": null, "atende_sus": "N", "gestao": "M" }, "geometry": { "type": "Point", "coordinates": [ -57.08952, -29.75441 ] } },
{ "type": "Feature", "properties": { "cnes": "0806560", "nome_fantasia": "RAQUEL F SALDANHA SOCIEDADE SIMPLES LIMITADA", "nome_empresarial": "RAQUEL F SALDANHA SOCIEDADE SIMPLES LIMITADA", "tipo_unidade": "CONSULTORIO ISOLADO", "tipo_unidade_categoria": "clinica_ambulatorio", "tipo_estabelecimento": "AMBULATORIO", "endereco": "RUA TREZE DE MAIO, 1691, SALA 602, CENTRO", "cep": "97501538", "municipio": "URUGUAIANA", "uf": "RS", "telefone": null, "atende_sus": "N", "gestao": "M" }, "geometry": { "type": "Point", "coordinates": [ -57.08947, -29.75437 ] } },
{ "type": "Feature", "properties": { "cnes": "2868504", "nome_fantasia": "PANVEL FARMACIAS", "nome_empresarial": "DIMED S A DISTRIBUIDORA DE MEDICAMENTOS", "tipo_unidade": "FARMACIA", "tipo_unidade_categoria": "farmacia", "tipo_estabelecimento": "FARMACIA", "endereco": "QUINZE DE NOVEMBRO, 1782, CENTRO", "cep": "97501532", "municipio": "URUGUAIANA", "uf": "RS", "telefone": null, "atende_sus": "N", "gestao": "M" }, "geometry": { "type": "Point", "coordinates": [ -57.08814, -29.75499 ] } },
{ "type": "Feature", "properties": { "cnes": "0181838", "nome_fantasia": "CLINICA DE PSICOLOGIA YASMIN FEDRIZZI SCOLA", "nome_empresarial": "YASMIN FEDRIZZI SCOLA", "tipo_unidade": "CONSULTORIO ISOLADO", "tipo_unidade_categoria": "clinica_ambulatorio", "tipo_estabelecimento": "AMBULATORIO", "endereco": "RAMAO PRUNES DE OLIVEIRA, 2095, SALA 202, SANTANA", "cep": "97502230", "municipio": "URUGUAIANA", "uf": "RS", "telefone": null, "atende_sus": "N", "gestao": "M" }, "geometry": { "type": "Point", "coordinates": [ -57.088050842285156, -29.754839972510929 ] } },
{ "type": "Feature", "properties": { "cnes": "6740812", "nome_fantasia": "CONSULTORIO ODONTOLOGICO MARIO SERGIO PAPALEO", "nome_empresarial": "CONSULTORIO ODONTOLOGICO MARIO SERGIO PAPALEO", "tipo_unidade": "CONSULTORIO ISOLADO", "tipo_unidade_categoria": "clinica_ambulatorio", "tipo_estabelecimento": "AMBULATORIO", "endereco": "13 DE MAIO, 1691, CENTRO", "cep": "97501538", "municipio": "URUGUAIANA", "uf": "RS", "telefone": null, "atende_sus": "N", "gestao": "M" }, "geometry": { "type": "Point", "coordinates": [ -57.089269, -29.754403 ] } },
{ "type": "Feature", "properties": { "cnes": "3066290", "nome_fantasia": "VIA ODONTO", "nome_empresarial": "VIA ODONTO", "tipo_unidade": "CONSULTORIO ISOLADO", "tipo_unidade_categoria": "clinica_ambulatorio", "tipo_estabelecimento": "AMBULATORIO", "endereco": "13 DE MAIO, 1691, CENTRO", "cep": "97501538", "municipio": "URUGUAIANA", "uf": "RS", "telefone": "(55)4125351", "atende_sus": "N", "gestao": "M" }, "geometry": { "type": "Point", "coordinates": [ -57.089065, -29.754292 ] } },
{ "type": "Feature", "properties": { "cnes": "2247860", "nome_fantasia": "RADISON", "nome_empresarial": "RADISON DIAGNOSTICO POR IMAGEM LTDA", "tipo_unidade": "UNIDADE DE APOIO DIAGNOSE E TERAPIA (SADT ISOLADO)", "tipo_unidade_categoria": "laboratorio_apoio_diagnostico", "tipo_estabelecimento": "UNIDADE DE APOIO DIAGNOSTICO", "endereco": "TREZE DE MAIO, 1685, CENTRO", "cep": "97501538", "municipio": "URUGUAIANA", "uf": "RS", "telefone": "(55) 4125481", "atende_sus": "N", "gestao": "M" }, "geometry": { "type": "Point", "coordinates": [ -57.08905, -29.754262 ] } },
{ "type": "Feature", "properties": { "cnes": "3065871", "nome_fantasia": "CONSULTORIO ODONTOLOGICO DR GERSON SEGABINZZI", "nome_empresarial": "CONSULTORIO ODONTOLOGICO", "tipo_unidade": "CONSULTORIO ISOLADO", "tipo_unidade_categoria": "clinica_ambulatorio", "tipo_estabelecimento": "AMBULATORIO", "endereco": "RUA XV DE NOVEMBRO, 1603, CENTRO", "cep": "97501575", "municipio": "URUGUAIANA", "uf": "RS", "telefone": "(55)4123203", "atende_sus": "N", "gestao": "M" }, "geometry": { "type": "Point", "coordinates": [ -57.087822, -29.75352 ] } },
{ "type": "Feature", "properties": { "cnes": "7749341", "nome_fantasia": "CONSULTORIO DE FISIOTERAPIA LUCIANE TERHORST FERNANDES", "nome_empresarial": "CONSULTORIO DE FISIOTERAPIA LUCIANE TERHORST FERNANDES", "tipo_unidade": "CONSULTORIO ISOLADO", "tipo_unidade_categoria": "clinica_ambulatorio", "tipo_estabelecimento": "AMBULATORIO", "endereco": "XV DE NOVEMBRO, 1452, CENTRO", "cep": "97501570", "municipio": "URUGUAIANA", "uf": "RS", "telefone": "34022176", "atende_sus": "N", "gestao": "M" }, "geometry": { "type": "Point", "coordinates": [ -57.088186, -29.752343 ] } },
{ "type": "Feature", "properties": { "cnes": "4331303", "nome_fantasia": "DIAGNO DENT", "nome_empresarial": "DIAGNO DENT SERVICOS RADIOLOGICOS LTDA", "tipo_unidade": "UNIDADE DE APOIO DIAGNOSE E TERAPIA (SADT ISOLADO)", "tipo_unidade_categoria": "laboratorio_apoio_diagnostico", "tipo_estabelecimento": "UNIDADE DE APOIO DIAGNOSTICO", "endereco": "QUINZE DE NOVEMBRO, 1426, SALA 02, CENTRO", "cep": "97501575", "municipio": "URUGUAIANA", "uf": "RS", "telefone": null, "atende_sus": "N", "gestao": "M" }, "geometry": { "type": "Point", "coordinates": [ -57.08829, -29.75208 ] } },
{ "type": "Feature", "properties": { "cnes": "6530761", "nome_fantasia": "CONSULTORIO MEDICO MARILYN", "nome_empresarial": "CONSULTORIO MEDICO MARILYN", "tipo_unidade": "CONSULTORIO ISOLADO", "tipo_unidade_categoria": "clinica_ambulatorio", "tipo_estabelecimento": "AMBULATORIO", "endereco": "15 DE NOVEMBRO, 1402, SALA 15, CENTRO", "cep": "97501570", "municipio": "URUGUAIANA", "uf": "RS", "telefone": null, "atende_sus": "N", "gestao": "M" }, "geometry": { "type": "Point", "coordinates": [ -57.088537, -29.751961 ] } },
{ "type": "Feature", "properties": { "cnes": "3064891", "nome_fantasia": "CONSULTORIO MEDICO FREITAS", "nome_empresarial": "CONSULTORIO MEDICO FREITAS", "tipo_unidade": "CONSULTORIO ISOLADO", "tipo_unidade_categoria": "clinica_ambulatorio", "tipo_estabelecimento": "AMBULATORIO", "endereco": "RUA XV DE NOVEMBRO, 1402, SALAS 9 E 10, CENTRO", "cep": "97501570", "municipio": "URUGUAIANA", "uf": "RS", "telefone": "(55)4123100", "atende_sus": "N", "gestao": "M" }, "geometry": { "type": "Point", "coordinates": [ -57.088537, -29.751961 ] } },
{ "type": "Feature", "properties": { "cnes": "0806552", "nome_fantasia": "CARLA F SALDANHA S S LTDA", "nome_empresarial": "CARLA F SALDANHA S S LTDA", "tipo_unidade": "CONSULTORIO ISOLADO", "tipo_unidade_categoria": "clinica_ambulatorio", "tipo_estabelecimento": "AMBULATORIO", "endereco": "TREZE DE MAIO, 1691, CENTRO", "cep": "97501538", "municipio": "URUGUAIANA", "uf": "RS", "telefone": null, "atende_sus": "N", "gestao": "M" }, "geometry": { "type": "Point", "coordinates": [ -57.08947, -29.75437 ] } },
{ "type": "Feature", "properties": { "cnes": "3395782", "nome_fantasia": "MAXIMAGEM", "nome_empresarial": "MAXIMAGEM CENTRO DE DIAGNOSTICO LTDA", "tipo_unidade": "UNIDADE DE APOIO DIAGNOSE E TERAPIA (SADT ISOLADO)", "tipo_unidade_categoria": "laboratorio_apoio_diagnostico", "tipo_estabelecimento": "UNIDADE DE APOIO DIAGNOSTICO", "endereco": "TREZE DE MAIO, 1685, CENTRO", "cep": "97501538", "municipio": "URUGUAIANA", "uf": "RS", "telefone": null, "atende_sus": "N", "gestao": "M" }, "geometry": { "type": "Point", "coordinates": [ -57.0894, -29.75433 ] } },
{ "type": "Feature", "properties": { "cnes": "9250182", "nome_fantasia": "BLANCO SOUZA", "nome_empresarial": "BLANCO SOUZA PRESTACAO DE SERVICOS MEDICOS LTDA", "tipo_unidade": "CLINICA/CENTRO DE ESPECIALIDADE", "tipo_unidade_categoria": "clinica_ambulatorio", "tipo_estabelecimento": "AMBULATORIO", "endereco": "TIRADENTES, 3292, CENTRO", "cep": "97501630", "municipio": "URUGUAIANA", "uf": "RS", "telefone": "51 30231615", "atende_sus": "N", "gestao": "M" }, "geometry": { "type": "Point", "coordinates": [ -57.0945105, -29.7541873 ] } },
{ "type": "Feature", "properties": { "cnes": "9517197", "nome_fantasia": "CONSULTORIO MEDICO JOSEMAR PEDRO BUSNELLO", "nome_empresarial": "JOSEMAR PEDRO BUSANELLO", "tipo_unidade": "CONSULTORIO ISOLADO", "tipo_unidade_categoria": "clinica_ambulatorio", "tipo_estabelecimento": "AMBULATORIO", "endereco": "MONTE CASEROS, 2304, BELA VISTA", "cep": "97501558", "municipio": "URUGUAIANA", "uf": "RS", "telefone": null, "atende_sus": "N", "gestao": "M" }, "geometry": { "type": "Point", "coordinates": [ -57.090837, -29.75279 ] } },
{ "type": "Feature", "properties": { "cnes": "9517324", "nome_fantasia": "CONSULTORIO MEDICO LILIAN MORAES FERREIRA", "nome_empresarial": "LILIAN MORAES FERREIRA", "tipo_unidade": "CONSULTORIO ISOLADO", "tipo_unidade_categoria": "clinica_ambulatorio", "tipo_estabelecimento": "AMBULATORIO", "endereco": "MONTE CASSEROS, 2304, BOA VISTA", "cep": "97501854", "municipio": "URUGUAIANA", "uf": "RS", "telefone": null, "atende_sus": "N", "gestao": "M" }, "geometry": { "type": "Point", "coordinates": [ -57.090804, -29.75279 ] } },
{ "type": "Feature", "properties": { "cnes": "9148906", "nome_fantasia": "CONSULTORIO DE FISIOTERAPIA ALBIANE ANTUNES DALCASTAGNE", "nome_empresarial": "ALBIANE ANTUNES DALCASTAGNE", "tipo_unidade": "CONSULTORIO ISOLADO", "tipo_unidade_categoria": "clinica_ambulatorio", "tipo_estabelecimento": "AMBULATORIO", "endereco": "13 DE MAIO, 1498, CENTRO", "cep": "97501974", "municipio": "URUGUAIANA", "uf": "RS", "telefone": null, "atende_sus": "N", "gestao": "M" }, "geometry": { "type": "Point", "coordinates": [ -57.08996, -29.752786 ] } },
{ "type": "Feature", "properties": { "cnes": "9147187", "nome_fantasia": "ESPACO VITA", "nome_empresarial": "CIBELI FERREIRA MARTINS", "tipo_unidade": "CONSULTORIO ISOLADO", "tipo_unidade_categoria": "clinica_ambulatorio", "tipo_estabelecimento": "AMBULATORIO", "endereco": "TREZE DE MAIO, 1498, CENTRO", "cep": "97501974", "municipio": "URUGUAIANA", "uf": "RS", "telefone": "5534132327", "atende_sus": "N", "gestao": "M" }, "geometry": { "type": "Point", "coordinates": [ -57.089874, -29.752748 ] } },
{ "type": "Feature", "properties": { "cnes": "0747408", "nome_fantasia": "BUSANELLO E HARTMANN SERVICOS MEDICOS LTDA", "nome_empresarial": "BUSANELLO E HARTMANN SERVICOS MEDICOS LTDA", "tipo_unidade": "CLINICA/CENTRO DE ESPECIALIDADE", "tipo_unidade_categoria": "clinica_ambulatorio", "tipo_estabelecimento": "AMBULATORIO", "endereco": "MONTE CASEROS, 2304, CENTRO", "cep": "97501558", "municipio": "URUGUAIANA", "uf": "RS", "telefone": null, "atende_sus": "N", "gestao": "M" }, "geometry": { "type": "Point", "coordinates": [ -57.09075, -29.75265 ] } },
{ "type": "Feature", "properties": { "cnes": "6831478", "nome_fantasia": "CONSULTORIO DE PSICOLOGIA ALEXANDRA CHIARELLI MASCIA", "nome_empresarial": "CONSULTORIO DE PSICOLOGIA ALEXANDRA CHIARELLI MASCIA", "tipo_unidade": "CONSULTORIO ISOLADO", "tipo_unidade_categoria": "clinica_ambulatorio", "tipo_estabelecimento": "AMBULATORIO", "endereco": "MONTE CASEROS, 2067, CENTRO", "cep": "97501854", "municipio": "URUGUAIANA", "uf": "RS", "telefone": null, "atende_sus": "N", "gestao": "M" }, "geometry": { "type": "Point", "coordinates": [ -57.093288, -29.752572 ] } },
{ "type": "Feature", "properties": { "cnes": "6829562", "nome_fantasia": "CONSULTORIO DE NUTRICAO DARLISE", "nome_empresarial": "CONSULTORIO DE NUTRICAO DARLISE", "tipo_unidade": "CONSULTORIO ISOLADO", "tipo_unidade_categoria": "clinica_ambulatorio", "tipo_estabelecimento": "AMBULATORIO", "endereco": "MONTE CASSEROS, 2067, CENTRO", "cep": "97501854", "municipio": "URUGUAIANA", "uf": "RS", "telefone": null, "atende_sus": "N", "gestao": "M" }, "geometry": { "type": "Point", "coordinates": [ -57.09332, -29.752562 ] } },
{ "type": "Feature", "properties": { "cnes": "0254215", "nome_fantasia": "SAO JOAO FARMACIAS", "nome_empresarial": "COMERCIO DE MEDICAMENTOS BRAIR LTDA", "tipo_unidade": "FARMACIA", "tipo_unidade_categoria": "farmacia", "tipo_estabelecimento": "FARMACIA", "endereco": "DUQUE DE CAXIAS, 1655, CENTRO", "cep": "97501523", "municipio": "URUGUAIANA", "uf": "RS", "telefone": null, "atende_sus": "N", "gestao": "M" }, "geometry": { "type": "Point", "coordinates": [ -57.086188, -29.754272 ] } },
{ "type": "Feature", "properties": { "cnes": "7171862", "nome_fantasia": "CONSULTORIO ODONTOLOGICO LEANDRO ALVES SALVARO", "nome_empresarial": "CONSULTORIO ODONTOLOGICO LEANDRO ALVES SALVARO", "tipo_unidade": "CONSULTORIO ISOLADO", "tipo_unidade_categoria": "clinica_ambulatorio", "tipo_estabelecimento": "AMBULATORIO", "endereco": "XV DE NOVEMBRO, 1561, CENTRO", "cep": "97501575", "municipio": "URUGUAIANA", "uf": "RS", "telefone": null, "atende_sus": "N", "gestao": "M" }, "geometry": { "type": "Point", "coordinates": [ -57.087512, -29.75321 ] } },
{ "type": "Feature", "properties": { "cnes": "7171846", "nome_fantasia": "CONSULTORIO ODONTOLOGICO KARINA ALVES SALVARO", "nome_empresarial": "CONSULTORIO ODONTOLOGICO KARINA ALVES SALVARO", "tipo_unidade": "CONSULTORIO ISOLADO", "tipo_unidade_categoria": "clinica_ambulatorio", "tipo_estabelecimento": "AMBULATORIO", "endereco": "XV DE NOVEMBRO, 1561, CENTRO", "cep": "97501575", "municipio": "URUGUAIANA", "uf": "RS", "telefone": null, "atende_sus": "N", "gestao": "M" }, "geometry": { "type": "Point", "coordinates": [ -57.087569, -29.753147 ] } },
{ "type": "Feature", "properties": { "cnes": "0758833", "nome_fantasia": "CONSULTORIO DE NUTRICAO BRUNA KELM TEIXEIRA", "nome_empresarial": "BRUNA KELM TEIXEIRA", "tipo_unidade": "CONSULTORIO ISOLADO", "tipo_unidade_categoria": "clinica_ambulatorio", "tipo_estabelecimento": "AMBULATORIO", "endereco": "MONTE COSEROS, 2738, SALA 5, CENTRO", "cep": "97501580", "municipio": "URUGUAIANA", "uf": "RS", "telefone": null, "atende_sus": "N", "gestao": "M" }, "geometry": { "type": "Point", "coordinates": [ -57.0862, -29.75269 ] } },
{ "type": "Feature", "properties": { "cnes": "7027923", "nome_fantasia": "CONSULTORIO DE PSICOLOGIA FERNANDA DA VEIGA RIBAS", "nome_empresarial": "CONSULTORIO DE PSICOLOGIA FERNANDA DA VEIGA RIBAS", "tipo_unidade": "CONSULTORIO ISOLADO", "tipo_unidade_categoria": "clinica_ambulatorio", "tipo_estabelecimento": "AMBULATORIO", "endereco": "JULIO DE CASTILHOS, 2760, CENTRO", "cep": "97501974", "municipio": "URUGUAIANA", "uf": "RS", "telefone": null, "atende_sus": "N", "gestao": "M" }, "geometry": { "type": "Point", "coordinates": [ -57.086178, -29.75265 ] } },
{ "type": "Feature", "properties": { "cnes": "6915310", "nome_fantasia": "CONSULTORIO DE NUTRICAO RAFAELA SALTZ SANTOS", "nome_empresarial": "CONSULTORIO DE NUTRICAO RAFAELA SALTZ SANTOS", "tipo_unidade": "CONSULTORIO ISOLADO", "tipo_unidade_categoria": "clinica_ambulatorio", "tipo_estabelecimento": "AMBULATORIO", "endereco": "QUINZE DE NOVEMBRO, 1402, CENTRO", "cep": "97501570", "municipio": "URUGUAIANA", "uf": "RS", "telefone": null, "atende_sus": "N", "gestao": "M" }, "geometry": { "type": "Point", "coordinates": [ -57.088179, -29.751921 ] } },
{ "type": "Feature", "properties": { "cnes": "7174330", "nome_fantasia": "CONSULTORIO MEDICO EDUARDO MONTEIRO PEREIRA DA COSTA", "nome_empresarial": "CONSULTORIO MEDICO EDUARDO MONTEIRO PEREIRA DA COSTA", "tipo_unidade": "CONSULTORIO ISOLADO", "tipo_unidade_categoria": "clinica_ambulatorio", "tipo_estabelecimento": "AMBULATORIO", "endereco": "XV DE NOVEMBRO, 1402, SALA 04, CENTRO", "cep": "97501570", "municipio": "URUGUAIANA", "uf": "RS", "telefone": null, "atende_sus": "N", "gestao": "M" }, "geometry": { "type": "Point", "coordinates": [ -57.088211, -29.751902 ] } },
{ "type": "Feature", "properties": { "cnes": "0994928", "nome_fantasia": "SOFIA ACAUAN SIMOES PIRES", "nome_empresarial": "SOFIA ACAUAN SIMOES PIRES", "tipo_unidade": "CONSULTORIO ISOLADO", "tipo_unidade_categoria": "clinica_ambulatorio", "tipo_estabelecimento": "AMBULATORIO", "endereco": "QUINZE DE NOVEMBRO, 1402, SALA 14, CENTRO", "cep": "97501570", "municipio": "URUGUAIANA", "uf": "RS", "telefone": null, "atende_sus": "N", "gestao": "M" }, "geometry": { "type": "Point", "coordinates": [ -57.08834, -29.75183 ] } },
{ "type": "Feature", "properties": { "cnes": "7152833", "nome_fantasia": "SERVICOS CIRURGICOS MONTEIRO E CASAROTTO SOC SIMPLES LTDA", "nome_empresarial": "SERVICOS CIRURGICOS MONTEIRO E CASAROTTO SOC SIMPLES LTDA", "tipo_unidade": "CONSULTORIO ISOLADO", "tipo_unidade_categoria": "clinica_ambulatorio", "tipo_estabelecimento": "AMBULATORIO", "endereco": "QUINZE DE NOVEMBRO, 1402, SALA 05, CENTRO", "cep": "97501570", "municipio": "URUGUAIANA", "uf": "RS", "telefone": null, "atende_sus": "N", "gestao": "M" }, "geometry": { "type": "Point", "coordinates": [ -57.088258, -29.751812 ] } },
{ "type": "Feature", "properties": { "cnes": "6536018", "nome_fantasia": "CONSULTORIO ODONTOLOGICO ELDA COMIS DETONI", "nome_empresarial": "CONSULTORIO ODONTOLOGICO ELDA COMIS DETONI", "tipo_unidade": "CONSULTORIO ISOLADO", "tipo_unidade_categoria": "clinica_ambulatorio", "tipo_estabelecimento": "AMBULATORIO", "endereco": "JOAO MANOEL, 2480, CENTRO", "cep": "97501564", "municipio": "URUGUAIANA", "uf": "RS", "telefone": null, "atende_sus": "N", "gestao": "M" }, "geometry": { "type": "Point", "coordinates": [ -57.088764, -29.751263 ] } },
{ "type": "Feature", "properties": { "cnes": "9619240", "nome_fantasia": "TEODOSIO CIA LTDA", "nome_empresarial": "TEODOSIO CIA LTDA", "tipo_unidade": "CONSULTORIO ISOLADO", "tipo_unidade_categoria": "clinica_ambulatorio", "tipo_estabelecimento": "AMBULATORIO", "endereco": "MONTE CASEROS, 2304, CENTRO", "cep": "97501558", "municipio": "URUGUAIANA", "uf": "RS", "telefone": "55 34024059", "atende_sus": "N", "gestao": "M" }, "geometry": { "type": "Point", "coordinates": [ -57.090536, -29.752548 ] } },
{ "type": "Feature", "properties": { "cnes": "6862810", "nome_fantasia": "CONSULTORIO MONIQUE ANDREOLI DE SOUZA", "nome_empresarial": "CONSULTORIO MONIQUE ANDREOLI DE SOUZA", "tipo_unidade": "CONSULTORIO ISOLADO", "tipo_unidade_categoria": "clinica_ambulatorio", "tipo_estabelecimento": "AMBULATORIO", "endereco": "MONTE CASEROS, 2067, SALA 04, CENTRO", "cep": "97501974", "municipio": "URUGUAIANA", "uf": "RS", "telefone": null, "atende_sus": "N", "gestao": "M" }, "geometry": { "type": "Point", "coordinates": [ -57.092805, -29.752367 ] } },
{ "type": "Feature", "properties": { "cnes": "7819935", "nome_fantasia": "GESTRA TREINAMENTOS LTDA", "nome_empresarial": "GESTRA TREINAMENTOS E MEDICINA DO TRABALHO LTDA", "tipo_unidade": "CLINICA/CENTRO DE ESPECIALIDADE", "tipo_unidade_categoria": "clinica_ambulatorio", "tipo_estabelecimento": "AMBULATORIO", "endereco": "MONTE CASEIROS, 2369, CENTRO", "cep": "97501558", "municipio": "URUGUAIANA", "uf": "RS", "telefone": "34142158", "atende_sus": "N", "gestao": "M" }, "geometry": { "type": "Point", "coordinates": [ -57.089612, -29.752239 ] } },
{ "type": "Feature", "properties": { "cnes": "6850340", "nome_fantasia": "CONSULTORIO ODONTOLOGICO ANA LUCIA PEREIRA BRANDI", "nome_empresarial": "CONSULTORIO ODONTOLOGICO ANA LUCIA PEREIRA BRANDI", "tipo_unidade": "CONSULTORIO ISOLADO", "tipo_unidade_categoria": "clinica_ambulatorio", "tipo_estabelecimento": "AMBULATORIO", "endereco": "GENERAL VITORINO, 1425, CENTRO", "cep": "97501555", "municipio": "URUGUAIANA", "uf": "RS", "telefone": null, "atende_sus": "N", "gestao": "M" }, "geometry": { "type": "Point", "coordinates": [ -57.090963, -29.751957 ] } },
{ "type": "Feature", "properties": { "cnes": "6535984", "nome_fantasia": "CONSULTORIO ODONTOLOGICO AMANDA ROSADO", "nome_empresarial": "CONSULTORIO ODONTOLOGICO AMANDA ROSADO", "tipo_unidade": "CONSULTORIO ISOLADO", "tipo_unidade_categoria": "clinica_ambulatorio", "tipo_estabelecimento": "AMBULATORIO", "endereco": "JULIO DE CASTILHO, 2835, SALA 403, CENTRO", "cep": "97501698", "municipio": "URUGUAIANA", "uf": "RS", "telefone": null, "atende_sus": "N", "gestao": "M" }, "geometry": { "type": "Point", "coordinates": [ -57.084466, -29.760753 ] } },
{ "type": "Feature", "properties": { "cnes": "0964190", "nome_fantasia": "PANVEL FARMACIAS", "nome_empresarial": "DIMED S A DISTRIBUIDORA DE MEDICAMENTOS", "tipo_unidade": "FARMACIA", "tipo_unidade_categoria": "farmacia", "tipo_estabelecimento": "FARMACIA", "endereco": "DOMINGOS DE ALMEIDA, 2291, CENTRO", "cep": "97501687", "municipio": "URUGUAIANA", "uf": "RS", "telefone": null, "atende_sus": "N", "gestao": "M" }, "geometry": { "type": "Point", "coordinates": [ -57.08457, -29.75982 ] } },
{ "type": "Feature", "properties": { "cnes": "9687157", "nome_fantasia": "AMBULATORIO DE SAUDE MENTAL", "nome_empresarial": "MUNICIPIO DE URUGUAIANA", "tipo_unidade": "CLINICA/CENTRO DE ESPECIALIDADE", "tipo_unidade_categoria": "clinica_ambulatorio", "tipo_estabelecimento": "AMBULATORIO", "endereco": "AV PRESIDENTE VARGAS, 2990, 2 ANDAR, CENTRO", "cep": "97501974", "municipio": "URUGUAIANA", "uf": "RS", "telefone": null, "atende_sus": "S", "gestao": "M" }, "geometry": { "type": "Point", "coordinates": [ -57.084032893180847, -29.758649454123983 ] } },
{ "type": "Feature", "properties": { "cnes": "9779981", "nome_fantasia": "ALMOXARIFADO DE MEDICAMENTOS E INSUMOS DE URUGUAIANA", "nome_empresarial": "ALMOXARIFADO DE MEDICAMENTOS E INSUMOS DE URUGUAIANA", "tipo_unidade": "FARMACIA", "tipo_unidade_categoria": "farmacia", "tipo_estabelecimento": "CENTRAL DE ABASTECIMENTO", "endereco": "PRESIDENTE VARGAS, 2990, CENTRO", "cep": "97501974", "municipio": "URUGUAIANA", "uf": "RS", "telefone": "39113030", "atende_sus": "S", "gestao": "M" }, "geometry": { "type": "Point", "coordinates": [ -57.083791494369507, -29.758649454123983 ] } },
{ "type": "Feature", "properties": { "cnes": "7912412", "nome_fantasia": "SERVICO DE FARMACIA CLINICA", "nome_empresarial": "SERVICO DE FARMACIA CLINICA", "tipo_unidade": "CLINICA/CENTRO DE ESPECIALIDADE", "tipo_unidade_categoria": "clinica_ambulatorio", "tipo_estabelecimento": "AMBULATORIO", "endereco": "AV PRES VARGAS, 2990, PRED, CENTRO", "cep": "97502026", "municipio": "URUGUAIANA", "uf": "RS", "telefone": null, "atende_sus": "S", "gestao": "M" }, "geometry": { "type": "Point", "coordinates": [ -57.08399, -29.75841 ] } },
{ "type": "Feature", "properties": { "cnes": "6904882", "nome_fantasia": "CONSULTORIO FISIOTERAPICO DEBORA DOTTO", "nome_empresarial": "CONSULTORIO FISIOTERAPICO DEBORA DOTTO", "tipo_unidade": "CONSULTORIO ISOLADO", "tipo_unidade_categoria": "clinica_ambulatorio", "tipo_estabelecimento": "AMBULATORIO", "endereco": "AVENIDA PRESIDENTE VARGAS, 2177, CENTRO", "cep": "97501825", "municipio": "URUGUAIANA", "uf": "RS", "telefone": null, "atende_sus": "N", "gestao": "M" }, "geometry": { "type": "Point", "coordinates": [ -57.084598, -29.758394 ] } },
{ "type": "Feature", "properties": { "cnes": "0425001", "nome_fantasia": "VIDA CARD", "nome_empresarial": "CLINICA DE SAUDE AMBULATORIAL E ADMINISTRATIVA SPP LTDA", "tipo_unidade": "CONSULTORIO ISOLADO", "tipo_unidade_categoria": "clinica_ambulatorio", "tipo_estabelecimento": "AMBULATORIO", "endereco": "PRESIDENTE VARGAS, 2939, CENTRO", "cep": "97501653", "municipio": "URUGUAIANA", "uf": "RS", "telefone": null, "atende_sus": "N", "gestao": "M" }, "geometry": { "type": "Point", "coordinates": [ -57.083894, -29.758217 ] } },
{ "type": "Feature", "properties": { "cnes": "4169549", "nome_fantasia": "MAGIC CLINICA ODONTOLOGICA", "nome_empresarial": "MAGIC CLINICA ODONTOLOGICA URUGUAIANA LTDA", "tipo_unidade": "CLINICA/CENTRO DE ESPECIALIDADE", "tipo_unidade_categoria": "clinica_ambulatorio", "tipo_estabelecimento": "AMBULATORIO", "endereco": "DOMINGOS DE ALMEIDA, 1833, CENTRO", "cep": "97501633", "municipio": "URUGUAIANA", "uf": "RS", "telefone": null, "atende_sus": "N", "gestao": "M" }, "geometry": { "type": "Point", "coordinates": [ -57.08462, -29.75582 ] } },
{ "type": "Feature", "properties": { "cnes": "0266604", "nome_fantasia": "FARMACIAS SAO JOAO", "nome_empresarial": "COMERCIO DE MEDICAMENTOS BRAIR LTDA", "tipo_unidade": "FARMACIA", "tipo_unidade_categoria": "farmacia", "tipo_estabelecimento": "FARMACIA", "endereco": "BENTO MARTINS, 2954, CENTRO", "cep": "97501636", "municipio": "URUGUAIANA", "uf": "RS", "telefone": null, "atende_sus": "N", "gestao": "M" }, "geometry": { "type": "Point", "coordinates": [ -57.083997, -29.755555 ] } },
{ "type": "Feature", "properties": { "cnes": "3564525", "nome_fantasia": "LABORATORIO DE ANALISES CLINICAS TARRAGO CARVALHO LTDA", "nome_empresarial": "LABORATORIO DE ANALISES CLINICAS TARRAGO CARVALHO LTDA", "tipo_unidade": "UNIDADE DE APOIO DIAGNOSE E TERAPIA (SADT ISOLADO)", "tipo_unidade_categoria": "laboratorio_apoio_diagnostico", "tipo_estabelecimento": "UNIDADE DE APOIO DIAGNOSTICO", "endereco": "PRESIDENTE GETULIO VARGAS, 2995, CENTRO", "cep": "97501653", "municipio": "URUGUAIANA", "uf": "RS", "telefone": "55 34122919", "atende_sus": "N", "gestao": "M" }, "geometry": { "type": "Point", "coordinates": [ -57.084617, -29.754749 ] } },
{ "type": "Feature", "properties": { "cnes": "6673805", "nome_fantasia": "SAMU USA 192 URUGUAIANA", "nome_empresarial": "SAMU 192 URUGUAIANA", "tipo_unidade": "UNIDADE MOVEL DE NIVEL PRE-HOSPITALAR NA AREA DE URGENCIA", "tipo_unidade_categoria": "outro", "tipo_estabelecimento": "PRONTO ATENDIMENTO", "endereco": "JULIO DE CASTILHOS, 1645, BELA VISTA", "cep": "97501777", "municipio": "URUGUAIANA", "uf": "RS", "telefone": "55 3411-4392", "atende_sus": "S", "gestao": "M" }, "geometry": { "type": "Point", "coordinates": [ -57.079718, -29.758224 ] } },
{ "type": "Feature", "properties": { "cnes": "9081178", "nome_fantasia": "FARMACIA COMPONENTE ESTRATEGICO DE URUGUAIANA", "nome_empresarial": "MUNICIPIO DE URUGUAIANA", "tipo_unidade": "FARMACIA", "tipo_unidade_categoria": "farmacia", "tipo_estabelecimento": "FARMACIA", "endereco": "AV PRESIDENTE VARGAS, 2990, CENTRO", "cep": "97501974", "municipio": "URUGUAIANA", "uf": "RS", "telefone": null, "atende_sus": "S", "gestao": "M" }, "geometry": { "type": "Point", "coordinates": [ -57.079836, -29.758177 ] } },
{ "type": "Feature", "properties": { "cnes": "7168489", "nome_fantasia": "PROJETO SAUDE E BEM ESTAR", "nome_empresarial": "PROJETO SAUDE E BEM ESTAR", "tipo_unidade": "CLINICA/CENTRO DE ESPECIALIDADE", "tipo_unidade_categoria": "clinica_ambulatorio", "tipo_estabelecimento": "AMBULATORIO", "endereco": "AV PRESIDENTE VARGAS, 2990, CENTRO", "cep": "97501974", "municipio": "URUGUAIANA", "uf": "RS", "telefone": null, "atende_sus": "S", "gestao": "M" }, "geometry": { "type": "Point", "coordinates": [ -57.07974, -29.758177 ] } },
{ "type": "Feature", "properties": { "cnes": "2818361", "nome_fantasia": "POLICLINICA MUNICIPAL DE URUGUAIANA", "nome_empresarial": "PREFEITURA MUNICIPAL DE URUGUAIANA", "tipo_unidade": "POLICLINICA", "tipo_unidade_categoria": "clinica_ambulatorio", "tipo_estabelecimento": "AMBULATORIO", "endereco": "AVENIDA PRESIDENTE VARGAS, 2990, CENTRO", "cep": "97501974", "municipio": "URUGUAIANA", "uf": "RS", "telefone": "(55) 4121558", "atende_sus": "S", "gestao": "M" }, "geometry": { "type": "Point", "coordinates": [ -57.07974, -29.758177 ] } },
{ "type": "Feature", "properties": { "cnes": "7168497", "nome_fantasia": "PROJETO TAIJIQUAN URUGUAIANA", "nome_empresarial": "PROJETO TAIJIQUAN URUGUAIANA", "tipo_unidade": "CLINICA/CENTRO DE ESPECIALIDADE", "tipo_unidade_categoria": "clinica_ambulatorio", "tipo_estabelecimento": "AMBULATORIO", "endereco": "AV PRESIDENTE VARGAS, 2990, CENTRO", "cep": "97501974", "municipio": "URUGUAIANA", "uf": "RS", "telefone": null, "atende_sus": "S", "gestao": "M" }, "geometry": { "type": "Point", "coordinates": [ -57.07974, -29.758177 ] } },
{ "type": "Feature", "properties": { "cnes": "0737739", "nome_fantasia": "PANVEL FARMACIAS", "nome_empresarial": "DIMED S A DISTRIBUIDORA DE MEDICAMENTOS", "tipo_unidade": "FARMACIA", "tipo_unidade_categoria": "farmacia", "tipo_estabelecimento": "FARMACIA", "endereco": "AV PRESIDENTE VARGAS, 3307, CENTRO", "cep": "97501653", "municipio": "URUGUAIANA", "uf": "RS", "telefone": null, "atende_sus": "N", "gestao": "M" }, "geometry": { "type": "Point", "coordinates": [ -57.08025, -29.75801 ] } },
{ "type": "Feature", "properties": { "cnes": "3390489", "nome_fantasia": "CONSULTORIO ODONTOLOGICO DR JULIANE CEOLIN PREDELON", "nome_empresarial": "CONSULTORIO ODONTOLOGICO DR JULIANE CEOLIN PREDELON", "tipo_unidade": "CONSULTORIO ISOLADO", "tipo_unidade_categoria": "clinica_ambulatorio", "tipo_estabelecimento": "AMBULATORIO", "endereco": "RUA GENERAL CANAMARA, 1989, CENTRO", "cep": "97501640", "municipio": "URUGUAIANA", "uf": "RS", "telefone": "(55)4123145", "atende_sus": "N", "gestao": "M" }, "geometry": { "type": "Point", "coordinates": [ -57.083094, -29.757129 ] } },
{ "type": "Feature", "properties": { "cnes": "7264119", "nome_fantasia": "CONSULTORIO ODONTOLOGICO MARTA JANETE PREDEBON", "nome_empresarial": "CONSULTORIO ODONTOLOGICO MARTA JANETE PREDEBON", "tipo_unidade": "CONSULTORIO ISOLADO", "tipo_unidade_categoria": "clinica_ambulatorio", "tipo_estabelecimento": "AMBULATORIO", "endereco": "GENERAL CAMARA, 1989, CENTRO", "cep": "97501640", "municipio": "URUGUAIANA", "uf": "RS", "telefone": null, "atende_sus": "N", "gestao": "M" }, "geometry": { "type": "Point", "coordinates": [ -57.082708, -29.757073 ] } },
{ "type": "Feature", "properties": { "cnes": "8205736", "nome_fantasia": "MA DE CARE ODONTOLOGIA ESPECIALIZADA LTDA", "nome_empresarial": "MA DE CARE ODONTOLOGIA ESPECIALIZADA", "tipo_unidade": "CLINICA/CENTRO DE ESPECIALIDADE", "tipo_unidade_categoria": "clinica_ambulatorio", "tipo_estabelecimento": "AMBULATORIO", "endereco": "GENERAL CAMARA, 1989, CENTRO", "cep": "97501640", "municipio": "URUGUAIANA", "uf": "RS", "telefone": null, "atende_sus": "N", "gestao": "M" }, "geometry": { "type": "Point", "coordinates": [ -57.08307, -29.75701 ] } },
{ "type": "Feature", "properties": { "cnes": "7028032", "nome_fantasia": "SESC RS", "nome_empresarial": "SERVICO SOCIAL DO COMERCIO", "tipo_unidade": "CONSULTORIO ISOLADO", "tipo_unidade_categoria": "clinica_ambulatorio", "tipo_estabelecimento": "AMBULATORIO", "endereco": "FLORES DA CUNHA, 1984, CENTRO", "cep": "97501974", "municipio": "URUGUAIANA", "uf": "RS", "telefone": null, "atende_sus": "N", "gestao": "M" }, "geometry": { "type": "Point", "coordinates": [ -57.079715, -29.756966 ] } },
{ "type": "Feature", "properties": { "cnes": "5818214", "nome_fantasia": "BACHINSKI E BLANCO LTDA", "nome_empresarial": "BACHINSKI E BLANCO LTDA", "tipo_unidade": "CLINICA/CENTRO DE ESPECIALIDADE", "tipo_unidade_categoria": "clinica_ambulatorio", "tipo_estabelecimento": "AMBULATORIO", "endereco": "RUA SANTANA, 3258, APTO 1, CENTRO", "cep": "97501644", "municipio": "URUGUAIANA", "uf": "RS", "telefone": null, "atende_sus": "N", "gestao": "M" }, "geometry": { "type": "Point", "coordinates": [ -57.08076, -29.75691 ] } },
{ "type": "Feature", "properties": { "cnes": "3065278", "nome_fantasia": "CONSULTORIO ODONTOLOGICO ADAIR HASTENPFLUG FERNANDES", "nome_empresarial": "CONSULTORIO ODONTOLOGICO", "tipo_unidade": "CONSULTORIO ISOLADO", "tipo_unidade_categoria": "clinica_ambulatorio", "tipo_estabelecimento": "AMBULATORIO", "endereco": "RUA SANTANA, 3256, CENTRO", "cep": "97501644", "municipio": "URUGUAIANA", "uf": "RS", "telefone": "(55)412 3469", "atende_sus": "N", "gestao": "M" }, "geometry": { "type": "Point", "coordinates": [ -57.08077, -29.75686 ] } },
{ "type": "Feature", "properties": { "cnes": "9800514", "nome_fantasia": "ADAIR HASTENPFLUG FERNANDES", "nome_empresarial": "ADAIR HASTENPFLUG FERNANDES", "tipo_unidade": "CONSULTORIO ISOLADO", "tipo_unidade_categoria": "clinica_ambulatorio", "tipo_estabelecimento": "AMBULATORIO", "endereco": "RUA SANTANA, 3069, CENTRO", "cep": "97501644", "municipio": "URUGUAIANA", "uf": "RS", "telefone": "34123469", "atende_sus": "N", "gestao": "M" }, "geometry": { "type": "Point", "coordinates": [ -57.08285, -29.75678 ] } },
{ "type": "Feature", "properties": { "cnes": "7168780", "nome_fantasia": "CONSULTORIO DE FISIOTERAPIA MAIRA MACHADO DA SILVA", "nome_empresarial": "CONSULTORIO DE FISIOTERAPIA MAIRA MACHADO DA SILVA", "tipo_unidade": "CONSULTORIO ISOLADO", "tipo_unidade_categoria": "clinica_ambulatorio", "tipo_estabelecimento": "AMBULATORIO", "endereco": "RUA SANTANA, 3247, SALA 13, CENTRO", "cep": "97501644", "municipio": "URUGUAIANA", "uf": "RS", "telefone": null, "atende_sus": "N", "gestao": "M" }, "geometry": { "type": "Point", "coordinates": [ -57.080788, -29.756675 ] } },
{ "type": "Feature", "properties": { "cnes": "7027966", "nome_fantasia": "CONSULTORIO MEDICO JOSE CARLOS BARBOSA ZACCARO", "nome_empresarial": "CONSULTORIO MEDICO JOSE CARLOS BARBOSA ZACCARO", "tipo_unidade": "CONSULTORIO ISOLADO", "tipo_unidade_categoria": "clinica_ambulatorio", "tipo_estabelecimento": "AMBULATORIO", "endereco": "SANTANA, 3247, SALA 14 15, CENTRO", "cep": "97501974", "municipio": "URUGUAIANA", "uf": "RS", "telefone": null, "atende_sus": "N", "gestao": "M" }, "geometry": { "type": "Point", "coordinates": [ -57.080766, -29.756675 ] } },
{ "type": "Feature", "properties": { "cnes": "0192376", "nome_fantasia": "OPTOCLINICA", "nome_empresarial": "HELIO MENEZES DA SILVEIRA", "tipo_unidade": "CONSULTORIO ISOLADO", "tipo_unidade_categoria": "clinica_ambulatorio", "tipo_estabelecimento": "AMBULATORIO", "endereco": "SANTANA, 3095, CENTRO", "cep": "97503000", "municipio": "URUGUAIANA", "uf": "RS", "telefone": null, "atende_sus": "N", "gestao": "M" }, "geometry": { "type": "Point", "coordinates": [ -57.08239, -29.75659 ] } },
{ "type": "Feature", "properties": { "cnes": "9251030", "nome_fantasia": "CONSULTORIO ODONTOLOGICO DRA LUCIANA DA SILVA", "nome_empresarial": "LUCIANA DA SILVA", "tipo_unidade": "CONSULTORIO ISOLADO", "tipo_unidade_categoria": "clinica_ambulatorio", "tipo_estabelecimento": "AMBULATORIO", "endereco": "GENERAL CAMARA, 1915, CENTRO", "cep": "97501640", "municipio": "URUGUAIANA", "uf": "RS", "telefone": "924451135", "atende_sus": "N", "gestao": "M" }, "geometry": { "type": "Point", "coordinates": [ -57.082825, -29.756397 ] } },
{ "type": "Feature", "properties": { "cnes": "3066525", "nome_fantasia": "CONSULTORIO FISIOTERAPEUTICO ALEXANDRE ALVES CARVALHO", "nome_empresarial": "CONSULTORIO FISIOTERAPEUTICO", "tipo_unidade": "CONSULTORIO ISOLADO", "tipo_unidade_categoria": "clinica_ambulatorio", "tipo_estabelecimento": "AMBULATORIO", "endereco": "RUA FLORES DA CUNHA, 1901, CENTRO", "cep": "97502365", "municipio": "URUGUAIANA", "uf": "RS", "telefone": "(55)4114128", "atende_sus": "N", "gestao": "M" }, "geometry": { "type": "Point", "coordinates": [ -57.079681, -29.756312 ] } },
{ "type": "Feature", "properties": { "cnes": "4748670", "nome_fantasia": "BLANCO CLINICA MEDICA", "nome_empresarial": "REINALDO SILVEIRA BLANCO LTDA", "tipo_unidade": "CLINICA/CENTRO DE ESPECIALIDADE", "tipo_unidade_categoria": "clinica_ambulatorio", "tipo_estabelecimento": "AMBULATORIO", "endereco": "RUA BENTO MARTINS, 3222, SALA 8, CENTRO", "cep": "97501636", "municipio": "URUGUAIANA", "uf": "RS", "telefone": null, "atende_sus": "N", "gestao": "M" }, "geometry": { "type": "Point", "coordinates": [ -57.08114, -29.75563 ] } },
{ "type": "Feature", "properties": { "cnes": "9830308", "nome_fantasia": "TCHE FARMACIAS", "nome_empresarial": "SILVANA RODRIGUES LEMOS ME", "tipo_unidade": "FARMACIA", "tipo_unidade_categoria": "farmacia", "tipo_estabelecimento": "FARMACIA", "endereco": "GEN CAMARA, 1829, CENTRO", "cep": "97502848", "municipio": "URUGUAIANA", "uf": "RS", "telefone": null, "atende_sus": "N", "gestao": "M" }, "geometry": { "type": "Point", "coordinates": [ -57.082863, -29.75556 ] } },
{ "type": "Feature", "properties": { "cnes": "4975014", "nome_fantasia": "IMPLANTARE ODONTOLOGIA", "nome_empresarial": "R C FOURNIER LTDA", "tipo_unidade": "CLINICA/CENTRO DE ESPECIALIDADE", "tipo_unidade_categoria": "clinica_ambulatorio", "tipo_estabelecimento": "AMBULATORIO", "endereco": "GAL BENTO MARTINS, 3222, SALA 1, CENTRO", "cep": "97501636", "municipio": "URUGUAIANA", "uf": "RS", "telefone": "55 81282893", "atende_sus": "N", "gestao": "M" }, "geometry": { "type": "Point", "coordinates": [ -57.08109, -29.75553 ] } },
{ "type": "Feature", "properties": { "cnes": "9422196", "nome_fantasia": "CONSULTORIO MEDICO REINALDO SILVEIRA BLANCO", "nome_empresarial": "REINALDO SILVEIRA BLANCO", "tipo_unidade": "CONSULTORIO ISOLADO", "tipo_unidade_categoria": "clinica_ambulatorio", "tipo_estabelecimento": "AMBULATORIO", "endereco": "BENTO MARTINS, 3222, 07, CENTRO", "cep": "97501974", "municipio": "URUGUAIANA", "uf": "RS", "telefone": null, "atende_sus": "N", "gestao": "M" }, "geometry": { "type": "Point", "coordinates": [ -57.081107, -29.755412 ] } },
{ "type": "Feature", "properties": { "cnes": "5477387", "nome_fantasia": "CONSULTORIO MEDICO LUIZ FERNANDO XIMENES CIBIN", "nome_empresarial": "LUIZ FERNANDO XIMENES CIBIN", "tipo_unidade": "CONSULTORIO ISOLADO", "tipo_unidade_categoria": "clinica_ambulatorio", "tipo_estabelecimento": "AMBULATORIO", "endereco": "DOMINGOS DE ALMEIDA, 3684, SALA 201, CENTRO", "cep": "97502704", "municipio": "URUGUAIANA", "uf": "RS", "telefone": "5534126238", "atende_sus": "N", "gestao": "M" }, "geometry": { "type": "Point", "coordinates": [ -57.081086, -29.755402 ] } },
{ "type": "Feature", "properties": { "cnes": "7063555", "nome_fantasia": "CONSULTORIO MEDICO LAURA FOLETTO", "nome_empresarial": "CONSULTORIO MEDICO LAURA FOLETTO", "tipo_unidade": "CONSULTORIO ISOLADO", "tipo_unidade_categoria": "clinica_ambulatorio", "tipo_estabelecimento": "AMBULATORIO", "endereco": "BENTO MARTINS, 3222, SALA 07 E 08, CENTRO", "cep": "97501636", "municipio": "URUGUAIANA", "uf": "RS", "telefone": null, "atende_sus": "N", "gestao": "M" }, "geometry": { "type": "Point", "coordinates": [ -57.081064, -29.755402 ] } },
{ "type": "Feature", "properties": { "cnes": "8342687", "nome_fantasia": "ANA PAULA NUNES LOPES PIGATTI S S LTDA", "nome_empresarial": "ANA PAULA NUNES LOPES PIGATTI S S LTDA", "tipo_unidade": "CLINICA/CENTRO DE ESPECIALIDADE", "tipo_unidade_categoria": "clinica_ambulatorio", "tipo_estabelecimento": "AMBULATORIO", "endereco": "TIRADENTES, 2991, CENTRO", "cep": "97501627", "municipio": "URUGUAIANA", "uf": "RS", "telefone": null, "atende_sus": "N", "gestao": "M" }, "geometry": { "type": "Point", "coordinates": [ -57.08356, -29.75378 ] } },
{ "type": "Feature", "properties": { "cnes": "4243471", "nome_fantasia": "ANA PAULA NUNES LOPES", "nome_empresarial": "ANA PAULA NUNES LOPES", "tipo_unidade": "CONSULTORIO ISOLADO", "tipo_unidade_categoria": "clinica_ambulatorio", "tipo_estabelecimento": "AMBULATORIO", "endereco": "TIRADENTES, 2991, CENTRO", "cep": "97501526", "municipio": "URUGUAIANA", "uf": "RS", "telefone": null, "atende_sus": "N", "gestao": "M" }, "geometry": { "type": "Point", "coordinates": [ -57.08351, -29.75378 ] } },
{ "type": "Feature", "properties": { "cnes": "8425302", "nome_fantasia": "CLINICA DE SAUDE MULTIDISCIPLINAR", "nome_empresarial": "SOFIA A S PIRES MARTA B R M CAIROLI LTDA", "tipo_unidade": "CLINICA/CENTRO DE ESPECIALIDADE", "tipo_unidade_categoria": "clinica_ambulatorio", "tipo_estabelecimento": "AMBULATORIO", "endereco": "TIRADENTES, 3003, CENTRO", "cep": "97501526", "municipio": "URUGUAIANA", "uf": "RS", "telefone": null, "atende_sus": "N", "gestao": "M" }, "geometry": { "type": "Point", "coordinates": [ -57.08338, -29.753761 ] } },
{ "type": "Feature", "properties": { "cnes": "4175433", "nome_fantasia": "ANE CAROLINE ARAUJO BARRETO", "nome_empresarial": "ANE CAROLINE ARAUJO BARRETO", "tipo_unidade": "CONSULTORIO ISOLADO", "tipo_unidade_categoria": "clinica_ambulatorio", "tipo_estabelecimento": "AMBULATORIO", "endereco": "TIRADENTES, 2991, CENTRO", "cep": "97501627", "municipio": "URUGUAIANA", "uf": "RS", "telefone": null, "atende_sus": "N", "gestao": "M" }, "geometry": { "type": "Point", "coordinates": [ -57.08351, -29.75373 ] } },
{ "type": "Feature", "properties": { "cnes": "7119704", "nome_fantasia": "CAPS AD RECOMECAR", "nome_empresarial": "CAPS AD RECOMECAR", "tipo_unidade": "CENTRO DE ATENCAO PSICOSSOCIAL", "tipo_unidade_categoria": "clinica_ambulatorio", "tipo_estabelecimento": "UNIDADE DE ATENCAO PSICOSSOCIAL", "endereco": "SETE DE SETEMBRO, 1496, CENTRO", "cep": "97501618", "municipio": "URUGUAIANA", "uf": "RS", "telefone": null, "atende_sus": "S", "gestao": "M" }, "geometry": { "type": "Point", "coordinates": [ -57.081978321075439, -29.752753544684786 ] } },
{ "type": "Feature", "properties": { "cnes": "6877567", "nome_fantasia": "CONSULTORIO DE PSICOLOGIA ROBERTA MAGRINI GARCIA", "nome_empresarial": "CONSULTORIO DE PSICOLOGIA ROBERTA MAGRINI GARCIA", "tipo_unidade": "CONSULTORIO ISOLADO", "tipo_unidade_categoria": "clinica_ambulatorio", "tipo_estabelecimento": "AMBULATORIO", "endereco": "MONTE CASEROS, 2976, CENTRO", "cep": "97501580", "municipio": "URUGUAIANA", "uf": "RS", "telefone": null, "atende_sus": "N", "gestao": "M" }, "geometry": { "type": "Point", "coordinates": [ -57.083748, -29.752687 ] } },
{ "type": "Feature", "properties": { "cnes": "3064999", "nome_fantasia": "CONSULTORIO ODONTOLOGICO RITO VOLMER DEDECO DA COSTA", "nome_empresarial": "CONSULTORIO ODONTOLOGICO", "tipo_unidade": "CONSULTORIO ISOLADO", "tipo_unidade_categoria": "clinica_ambulatorio", "tipo_estabelecimento": "AMBULATORIO", "endereco": "RUA SANTANA, 3612, CENTRO", "cep": "97502350", "municipio": "URUGUAIANA", "uf": "RS", "telefone": "(55)4123895", "atende_sus": "N", "gestao": "M" }, "geometry": { "type": "Point", "coordinates": [ -57.076805, -29.756791 ] } },
{ "type": "Feature", "properties": { "cnes": "9767460", "nome_fantasia": "UNIMED CONSULTORIOS", "nome_empresarial": "UNIMED URUGUAIANA RS COOPERATIVA MEDICA LTDA", "tipo_unidade": "CLINICA/CENTRO DE ESPECIALIDADE", "tipo_unidade_categoria": "clinica_ambulatorio", "tipo_estabelecimento": "AMBULATORIO", "endereco": "SANTANA, 2717, APT B, CENTRO", "cep": "97501504", "municipio": "URUGUAIANA", "uf": "RS", "telefone": "55 34122511", "atende_sus": "N", "gestao": "M" }, "geometry": { "type": "Point", "coordinates": [ -57.0723443, -29.7562463 ] } },
{ "type": "Feature", "properties": { "cnes": "6904890", "nome_fantasia": "CONSULTORIO MEDICO JORGE KAPPEL", "nome_empresarial": "CONSULTORIO MEDICO JORGE KAPPEL", "tipo_unidade": "CONSULTORIO ISOLADO", "tipo_unidade_categoria": "clinica_ambulatorio", "tipo_estabelecimento": "AMBULATORIO", "endereco": "TIRADENTES, 3381, CENTRO", "cep": "97502133", "municipio": "URUGUAIANA", "uf": "RS", "telefone": null, "atende_sus": "N", "gestao": "M" }, "geometry": { "type": "Point", "coordinates": [ -57.07955, -29.7538 ] } },
{ "type": "Feature", "properties": { "cnes": "8018995", "nome_fantasia": "SANTO INACIO", "nome_empresarial": "SANTO INACIO FARMACIA LTDA", "tipo_unidade": "FARMACIA", "tipo_unidade_categoria": "farmacia", "tipo_estabelecimento": "FARMACIA", "endereco": "DR EDLI VALENCA, 466, SANTO INACIO", "cep": "97513226", "municipio": "URUGUAIANA", "uf": "RS", "telefone": null, "atende_sus": "N", "gestao": "M" }, "geometry": { "type": "Point", "coordinates": [ -57.05227, -29.7354 ] } },
{ "type": "Feature", "properties": { "cnes": "2247305", "nome_fantasia": "ESF 09 BARRAGEM SANCHURI", "nome_empresarial": "PREFEITURA MUNICIPAL DE URUGUAIANA", "tipo_unidade": "CENTRO DE SAUDE/UNIDADE BASICA", "tipo_unidade_categoria": "ubs_esf", "tipo_estabelecimento": "UNIDADE BASICA DE SAUDE", "endereco": "AV GABRIEL PACHECO, S/N, SANCHURI", "cep": "97501974", "municipio": "URUGUAIANA", "uf": "RS", "telefone": "5534116277", "atende_sus": "S", "gestao": "M" }, "geometry": { "type": "Point", "coordinates": [ -56.80983, -29.54286 ] } },
{ "type": "Feature", "properties": { "cnes": "8340528", "nome_fantasia": "FARMACIA DO INTERIOR ESF 09", "nome_empresarial": "MUNICIPIO DE URUGUAIANA", "tipo_unidade": "FARMACIA", "tipo_unidade_categoria": "farmacia", "tipo_estabelecimento": "FARMACIA", "endereco": "AV GABRIEL PACHECO, S/N, INTERIOR BARRAGEM", "cep": "97501974", "municipio": "URUGUAIANA", "uf": "RS", "telefone": null, "atende_sus": "S", "gestao": "M" }, "geometry": { "type": "Point", "coordinates": [ -56.80986, -29.54286 ] } },
{ "type": "Feature", "properties": { "cnes": "8340552", "nome_fantasia": "FARMACIA DA UBS 10 SAO MARCOS", "nome_empresarial": "MUNICIPIO DE URUGUAIANA", "tipo_unidade": "FARMACIA", "tipo_unidade_categoria": "farmacia", "tipo_estabelecimento": "FARMACIA", "endereco": "RUA RICO SOARES, S/N, INTERIOR SAO MARCOS", "cep": "97501974", "municipio": "URUGUAIANA", "uf": "RS", "telefone": null, "atende_sus": "S", "gestao": "M" }, "geometry": { "type": "Point", "coordinates": [ -56.84695, -29.51396 ] } },
{ "type": "Feature", "properties": { "cnes": "2247321", "nome_fantasia": "UNIDADE DE SAUDE SAO MARCOS 10", "nome_empresarial": "PREFEITURA MUNICIPAL DE URUGUAIANA", "tipo_unidade": "POSTO DE SAUDE", "tipo_unidade_categoria": "ubs_esf", "tipo_estabelecimento": "UNIDADE BASICA DE SAUDE", "endereco": "RUA RICO SOARES, S/N, SAO MARCOS", "cep": "97501974", "municipio": "URUGUAIANA", "uf": "RS", "telefone": "55984466940", "atende_sus": "S", "gestao": "M" }, "geometry": { "type": "Point", "coordinates": [ -56.84644, -29.513878 ] } },
{ "type": "Feature", "properties": { "cnes": "7140495", "nome_fantasia": "CONSULTORIO DE FISIOTERAPIA PATRICIA KUMPEL", "nome_empresarial": "CONSULTORIO DE FISIOTERAPIA PATRICIA KUMPEL", "tipo_unidade": "CONSULTORIO ISOLADO", "tipo_unidade_categoria": "clinica_ambulatorio", "tipo_estabelecimento": "AMBULATORIO", "endereco": "SETE DE SETEMBRO, 1345, CENTRO", "cep": "97501618", "municipio": "URUGUAIANA", "uf": "RS", "telefone": null, "atende_sus": "N", "gestao": "M" }, "geometry": { "type": "Point", "coordinates": [ -57.081494, -29.751358 ] } },
{ "type": "Feature", "properties": { "cnes": "4596587", "nome_fantasia": "ESPACO NEURO FISIOTERAPIA INFANTIL", "nome_empresarial": "CLINICA DE FISIOTERAPIA INFANTIL ESPACO NEURO LTDA", "tipo_unidade": "CONSULTORIO ISOLADO", "tipo_unidade_categoria": "clinica_ambulatorio", "tipo_estabelecimento": "AMBULATORIO", "endereco": "JOAO MANOEL, 3101, CENTRO, CENTRO", "cep": "97501620", "municipio": "URUGUAIANA", "uf": "RS", "telefone": null, "atende_sus": "N", "gestao": "M" }, "geometry": { "type": "Point", "coordinates": [ -57.08253, -29.75075 ] } },
{ "type": "Feature", "properties": { "cnes": "0299138", "nome_fantasia": "ROSA MARIA PONTES OYHENARD", "nome_empresarial": "ROSA MARIA PONTES OYHENARD", "tipo_unidade": "CONSULTORIO ISOLADO", "tipo_unidade_categoria": "clinica_ambulatorio", "tipo_estabelecimento": "AMBULATORIO", "endereco": "SETE DE SETEMBRO, 1240, CENTRO", "cep": "97501618", "municipio": "URUGUAIANA", "uf": "RS", "telefone": null, "atende_sus": "N", "gestao": "M" }, "geometry": { "type": "Point", "coordinates": [ -57.081816, -29.75043 ] } },
{ "type": "Feature", "properties": { "cnes": "2247119", "nome_fantasia": "ESF 02 MARDUQUE", "nome_empresarial": "PREFEITURA MUNICIPAL DE URUGUAIANA", "tipo_unidade": "CENTRO DE SAUDE/UNIDADE BASICA", "tipo_unidade_categoria": "ubs_esf", "tipo_estabelecimento": "UNIDADE BASICA DE SAUDE", "endereco": "RUA BORGES DE MEDEIROS, S/N, MASCARENHAS DE MORAE", "cep": "97503580", "municipio": "URUGUAIANA", "uf": "RS", "telefone": "5534116277", "atende_sus": "S", "gestao": "M" }, "geometry": { "type": "Point", "coordinates": [ -57.0825, -29.74542 ] } }
]
}
